# Blender 4.2.23 LTS
# www.blender.org
mtllib bench.mtl
o arm_l
v -1.010000 0.937792 -0.214612
v -1.010000 0.986891 0.342380
v -1.010000 0.986891 -0.214612
v -1.010000 0.937792 -0.214612
v -1.010000 0.937792 0.342380
v -1.010000 0.986891 0.342380
v -0.910000 0.937792 -0.214612
v -0.910000 0.986891 -0.214612
v -0.910000 0.986891 0.342380
v -0.910000 0.937792 -0.214612
v -0.910000 0.986891 0.342380
v -0.910000 0.937792 0.342380
v -0.990000 0.918153 -0.214612
v -0.930000 0.918153 -0.214612
v -0.930000 0.918153 0.342380
v -0.990000 0.918153 -0.214612
v -0.930000 0.918153 0.342380
v -0.990000 0.918153 0.342380
v -0.990000 1.006531 -0.214612
v -0.930000 1.006531 0.342380
v -0.930000 1.006531 -0.214612
v -0.990000 1.006531 -0.214612
v -0.990000 1.006531 0.342380
v -0.930000 1.006531 0.342380
v -0.990000 0.937792 -0.233818
v -0.930000 0.986891 -0.233818
v -0.930000 0.937792 -0.233818
v -0.990000 0.937792 -0.233818
v -0.990000 0.986891 -0.233818
v -0.930000 0.986891 -0.233818
v -0.990000 0.937792 0.361587
v -0.930000 0.937792 0.361587
v -0.930000 0.986891 0.361587
v -0.990000 0.937792 0.361587
v -0.930000 0.986891 0.361587
v -0.990000 0.986891 0.361587
v -1.010000 0.937792 -0.214612
v -0.990000 0.918153 -0.214612
v -0.990000 0.918153 0.342380
v -1.010000 0.937792 -0.214612
v -0.990000 0.918153 0.342380
v -1.010000 0.937792 0.342380
v -1.010000 0.986891 -0.214612
v -0.990000 1.006531 0.342380
v -0.990000 1.006531 -0.214612
v -1.010000 0.986891 -0.214612
v -1.010000 0.986891 0.342380
v -0.990000 1.006531 0.342380
v -0.910000 0.937792 -0.214612
v -0.930000 0.918153 0.342380
v -0.930000 0.918153 -0.214612
v -0.910000 0.937792 -0.214612
v -0.910000 0.937792 0.342380
v -0.930000 0.918153 0.342380
v -0.910000 0.986891 -0.214612
v -0.930000 1.006531 -0.214612
v -0.930000 1.006531 0.342380
v -0.910000 0.986891 -0.214612
v -0.930000 1.006531 0.342380
v -0.910000 0.986891 0.342380
v -1.010000 0.937792 -0.214612
v -0.990000 0.986891 -0.233818
v -0.990000 0.937792 -0.233818
v -1.010000 0.937792 -0.214612
v -1.010000 0.986891 -0.214612
v -0.990000 0.986891 -0.233818
v -1.010000 0.937792 0.342380
v -0.990000 0.937792 0.361587
v -0.990000 0.986891 0.361587
v -1.010000 0.937792 0.342380
v -0.990000 0.986891 0.361587
v -1.010000 0.986891 0.342380
v -0.910000 0.937792 -0.214612
v -0.930000 0.937792 -0.233818
v -0.930000 0.986891 -0.233818
v -0.910000 0.937792 -0.214612
v -0.930000 0.986891 -0.233818
v -0.910000 0.986891 -0.214612
v -0.910000 0.937792 0.342380
v -0.930000 0.986891 0.361587
v -0.930000 0.937792 0.361587
v -0.910000 0.937792 0.342380
v -0.910000 0.986891 0.342380
v -0.930000 0.986891 0.361587
v -0.990000 0.918153 -0.214612
v -0.990000 0.937792 -0.233818
v -0.930000 0.937792 -0.233818
v -0.990000 0.918153 -0.214612
v -0.930000 0.937792 -0.233818
v -0.930000 0.918153 -0.214612
v -0.990000 0.918153 0.342380
v -0.930000 0.937792 0.361587
v -0.990000 0.937792 0.361587
v -0.990000 0.918153 0.342380
v -0.930000 0.918153 0.342380
v -0.930000 0.937792 0.361587
v -0.990000 1.006531 -0.214612
v -0.930000 0.986891 -0.233818
v -0.990000 0.986891 -0.233818
v -0.990000 1.006531 -0.214612
v -0.930000 1.006531 -0.214612
v -0.930000 0.986891 -0.233818
v -0.990000 1.006531 0.342380
v -0.990000 0.986891 0.361587
v -0.930000 0.986891 0.361587
v -0.990000 1.006531 0.342380
v -0.930000 0.986891 0.361587
v -0.930000 1.006531 0.342380
v -1.010000 0.937792 -0.214612
v -0.990000 0.937792 -0.233818
v -0.990000 0.918153 -0.214612
v -1.010000 0.937792 0.342380
v -0.990000 0.918153 0.342380
v -0.990000 0.937792 0.361587
v -1.010000 0.986891 -0.214612
v -0.990000 1.006531 -0.214612
v -0.990000 0.986891 -0.233818
v -1.010000 0.986891 0.342380
v -0.990000 0.986891 0.361587
v -0.990000 1.006531 0.342380
v -0.910000 0.937792 -0.214612
v -0.930000 0.918153 -0.214612
v -0.930000 0.937792 -0.233818
v -0.910000 0.937792 0.342380
v -0.930000 0.937792 0.361587
v -0.930000 0.918153 0.342380
v -0.910000 0.986891 -0.214612
v -0.930000 0.986891 -0.233818
v -0.930000 1.006531 -0.214612
v -0.910000 0.986891 0.342380
v -0.930000 1.006531 0.342380
v -0.930000 0.986891 0.361587
vn -1.0000 -0.0000 -0.0000
vn 1.0000 -0.0000 -0.0000
vn -0.0000 -1.0000 -0.0000
vn -0.0000 1.0000 -0.0000
vn -0.0000 -0.0000 -1.0000
vn -0.0000 -0.0000 1.0000
vn -0.7006 -0.7135 -0.0000
vn -0.7006 0.7135 -0.0000
vn 0.7007 -0.7135 -0.0000
vn 0.7006 -0.7135 -0.0000
vn 0.7007 0.7135 -0.0000
vn 0.7006 0.7135 -0.0000
vn -0.6927 -0.0000 -0.7213
vn -0.6927 -0.0000 0.7213
vn 0.6927 -0.0000 -0.7213
vn 0.6927 -0.0000 0.7213
vn -0.0000 -0.6992 -0.7149
vn -0.0000 -0.6992 0.7149
vn -0.0000 0.6992 -0.7149
vn -0.0000 0.6992 0.7149
vn -0.5660 -0.5764 -0.5894
vn -0.5660 -0.5764 0.5894
vn -0.5660 0.5764 -0.5894
vn -0.5660 0.5764 0.5894
vn 0.5660 -0.5764 -0.5894
vn 0.5660 -0.5764 0.5894
vn 0.5660 0.5764 -0.5894
vn 0.5660 0.5764 0.5894
vt 0.673854 0.791429
vt 0.676900 0.756876
vt 0.676900 0.791429
vt 0.729763 0.791429
vt 0.729763 0.756876
vt 0.732809 0.756876
vt 0.732785 0.839854
vt 0.729763 0.839469
vt 0.732785 0.815728
vt 0.844152 0.036276
vt 0.844152 0.012150
vt 0.847173 0.012534
vt 0.151355 0.784763
vt 0.147633 0.784763
vt 0.147633 0.750211
vt 0.179997 0.784763
vt 0.176275 0.750211
vt 0.179997 0.750211
vt 0.334235 0.784763
vt 0.337958 0.750211
vt 0.337958 0.784763
vt 0.362257 0.784763
vt 0.362257 0.750211
vt 0.365979 0.750211
vt 0.894190 0.627737
vt 0.891505 0.630783
vt 0.891505 0.627737
vt 0.729763 0.898513
vt 0.729763 0.895468
vt 0.732448 0.895468
vt 0.436626 0.898831
vt 0.433941 0.898831
vt 0.433941 0.895785
vt 0.889832 0.832083
vt 0.889832 0.836143
vt 0.887818 0.834368
vt 0.835528 0.540614
vt 0.834288 0.540569
vt 0.835528 0.506039
vt 0.361015 0.843615
vt 0.359775 0.809063
vt 0.361015 0.809063
vt 0.834288 0.601463
vt 0.834288 0.566888
vt 0.835528 0.601418
vt 0.229471 0.843620
vt 0.229471 0.809068
vt 0.230712 0.809068
vt 0.834291 0.376113
vt 0.834291 0.341538
vt 0.835531 0.376068
vt 0.835528 0.716128
vt 0.834288 0.681598
vt 0.835528 0.681553
vt 0.837988 0.779765
vt 0.836748 0.779721
vt 0.837988 0.745191
vt 0.836748 0.838639
vt 0.836748 0.804065
vt 0.837988 0.804109
vt 0.940915 0.745191
vt 0.939723 0.748236
vt 0.939723 0.745191
vt 0.939723 0.776191
vt 0.939723 0.773145
vt 0.940915 0.773145
vt 0.940435 0.806165
vt 0.939244 0.806165
vt 0.939244 0.803119
vt 0.938242 0.275944
vt 0.939434 0.278990
vt 0.938242 0.278990
vt 0.640745 0.934272
vt 0.639025 0.934272
vt 0.639025 0.931226
vt 0.561455 0.931870
vt 0.563176 0.934915
vt 0.561455 0.934915
vt 0.918489 0.631235
vt 0.918489 0.627737
vt 0.919987 0.630389
vt 0.923950 0.015648
vt 0.922452 0.012996
vt 0.923950 0.012150
vt 0.675046 0.928843
vt 0.673855 0.928843
vt 0.673855 0.925121
vt 0.041873 0.912010
vt 0.041873 0.915918
vt 0.040738 0.915555
vt 0.462117 0.923131
vt 0.460925 0.926853
vt 0.460925 0.923131
vt 0.286134 0.928850
vt 0.286134 0.925128
vt 0.287326 0.925128
vt 0.013341 0.925135
vt 0.012150 0.928857
vt 0.012150 0.925135
vt 0.701243 0.913168
vt 0.702378 0.916713
vt 0.701243 0.917076
vt 0.837940 0.929805
vt 0.836748 0.929805
vt 0.836748 0.926083
vt 0.488880 0.923131
vt 0.490071 0.926853
vt 0.488880 0.926853
vt 0.968132 0.939122
vt 0.968132 0.940842
vt 0.967273 0.940017
vt 0.968132 0.913563
vt 0.967273 0.912668
vt 0.968132 0.911843
vt 0.968099 0.883201
vt 0.968959 0.884096
vt 0.968099 0.884921
vt 0.973424 0.071474
vt 0.973424 0.069754
vt 0.974284 0.070580
vt 0.486443 0.951152
vt 0.487661 0.952047
vt 0.486443 0.952872
vt 0.335427 0.958380
vt 0.334041 0.957362
vt 0.335427 0.956868
vt 0.675073 0.953143
vt 0.675073 0.954863
vt 0.673854 0.954037
vt 0.115430 0.956839
vt 0.115430 0.955327
vt 0.116817 0.955821
s 0
usemtl bench
f 1/1/1 2/2/1 3/3/1
f 4/4/1 5/5/1 6/6/1
f 7/7/2 8/8/2 9/9/2
f 10/10/2 11/11/2 12/12/2
f 13/13/3 14/14/3 15/15/3
f 16/16/3 17/17/3 18/18/3
f 19/19/4 20/20/4 21/21/4
f 22/22/4 23/23/4 24/24/4
f 25/25/5 26/26/5 27/27/5
f 28/28/5 29/29/5 30/30/5
f 31/31/6 32/32/6 33/33/6
f 34/34/6 35/35/6 36/36/6
f 37/37/7 38/38/7 39/39/7
f 40/40/7 41/41/7 42/42/7
f 43/43/8 44/44/8 45/45/8
f 46/46/8 47/47/8 48/48/8
f 49/49/9 50/50/9 51/51/9
f 52/52/10 53/53/10 54/54/10
f 55/55/11 56/56/11 57/57/11
f 58/58/12 59/59/12 60/60/12
f 61/61/13 62/62/13 63/63/13
f 64/64/13 65/65/13 66/66/13
f 67/67/14 68/68/14 69/69/14
f 70/70/14 71/71/14 72/72/14
f 73/73/15 74/74/15 75/75/15
f 76/76/15 77/77/15 78/78/15
f 79/79/16 80/80/16 81/81/16
f 82/82/16 83/83/16 84/84/16
f 85/85/17 86/86/17 87/87/17
f 88/88/17 89/89/17 90/90/17
f 91/91/18 92/92/18 93/93/18
f 94/94/18 95/95/18 96/96/18
f 97/97/19 98/98/19 99/99/19
f 100/100/19 101/101/19 102/102/19
f 103/103/20 104/104/20 105/105/20
f 106/106/20 107/107/20 108/108/20
f 109/109/21 110/110/21 111/111/21
f 112/112/22 113/113/22 114/114/22
f 115/115/23 116/116/23 117/117/23
f 118/118/24 119/119/24 120/120/24
f 121/121/25 122/122/25 123/123/25
f 124/124/26 125/125/26 126/126/26
f 127/127/27 128/128/27 129/129/27
f 130/130/28 131/131/28 132/132/28
o arm_r
v 0.910000 0.937792 -0.214612
v 0.910000 0.986891 0.342380
v 0.910000 0.986891 -0.214612
v 0.910000 0.937792 -0.214612
v 0.910000 0.937792 0.342380
v 0.910000 0.986891 0.342380
v 1.010000 0.937792 -0.214612
v 1.010000 0.986891 -0.214612
v 1.010000 0.986891 0.342380
v 1.010000 0.937792 -0.214612
v 1.010000 0.986891 0.342380
v 1.010000 0.937792 0.342380
v 0.930000 0.918153 -0.214612
v 0.990000 0.918153 -0.214612
v 0.990000 0.918153 0.342380
v 0.930000 0.918153 -0.214612
v 0.990000 0.918153 0.342380
v 0.930000 0.918153 0.342380
v 0.930000 1.006531 -0.214612
v 0.990000 1.006531 0.342380
v 0.990000 1.006531 -0.214612
v 0.930000 1.006531 -0.214612
v 0.930000 1.006531 0.342380
v 0.990000 1.006531 0.342380
v 0.930000 0.937792 -0.233818
v 0.990000 0.986891 -0.233818
v 0.990000 0.937792 -0.233818
v 0.930000 0.937792 -0.233818
v 0.930000 0.986891 -0.233818
v 0.990000 0.986891 -0.233818
v 0.930000 0.937792 0.361587
v 0.990000 0.937792 0.361587
v 0.990000 0.986891 0.361587
v 0.930000 0.937792 0.361587
v 0.990000 0.986891 0.361587
v 0.930000 0.986891 0.361587
v 0.910000 0.937792 -0.214612
v 0.930000 0.918153 -0.214612
v 0.930000 0.918153 0.342380
v 0.910000 0.937792 -0.214612
v 0.930000 0.918153 0.342380
v 0.910000 0.937792 0.342380
v 0.910000 0.986891 -0.214612
v 0.930000 1.006531 0.342380
v 0.930000 1.006531 -0.214612
v 0.910000 0.986891 -0.214612
v 0.910000 0.986891 0.342380
v 0.930000 1.006531 0.342380
v 1.010000 0.937792 -0.214612
v 0.990000 0.918153 0.342380
v 0.990000 0.918153 -0.214612
v 1.010000 0.937792 -0.214612
v 1.010000 0.937792 0.342380
v 0.990000 0.918153 0.342380
v 1.010000 0.986891 -0.214612
v 0.990000 1.006531 -0.214612
v 0.990000 1.006531 0.342380
v 1.010000 0.986891 -0.214612
v 0.990000 1.006531 0.342380
v 1.010000 0.986891 0.342380
v 0.910000 0.937792 -0.214612
v 0.930000 0.986891 -0.233818
v 0.930000 0.937792 -0.233818
v 0.910000 0.937792 -0.214612
v 0.910000 0.986891 -0.214612
v 0.930000 0.986891 -0.233818
v 0.910000 0.937792 0.342380
v 0.930000 0.937792 0.361587
v 0.930000 0.986891 0.361587
v 0.910000 0.937792 0.342380
v 0.930000 0.986891 0.361587
v 0.910000 0.986891 0.342380
v 1.010000 0.937792 -0.214612
v 0.990000 0.937792 -0.233818
v 0.990000 0.986891 -0.233818
v 1.010000 0.937792 -0.214612
v 0.990000 0.986891 -0.233818
v 1.010000 0.986891 -0.214612
v 1.010000 0.937792 0.342380
v 0.990000 0.986891 0.361587
v 0.990000 0.937792 0.361587
v 1.010000 0.937792 0.342380
v 1.010000 0.986891 0.342380
v 0.990000 0.986891 0.361587
v 0.930000 0.918153 -0.214612
v 0.930000 0.937792 -0.233818
v 0.990000 0.937792 -0.233818
v 0.930000 0.918153 -0.214612
v 0.990000 0.937792 -0.233818
v 0.990000 0.918153 -0.214612
v 0.930000 0.918153 0.342380
v 0.990000 0.937792 0.361587
v 0.930000 0.937792 0.361587
v 0.930000 0.918153 0.342380
v 0.990000 0.918153 0.342380
v 0.990000 0.937792 0.361587
v 0.930000 1.006531 -0.214612
v 0.990000 0.986891 -0.233818
v 0.930000 0.986891 -0.233818
v 0.930000 1.006531 -0.214612
v 0.990000 1.006531 -0.214612
v 0.990000 0.986891 -0.233818
v 0.930000 1.006531 0.342380
v 0.930000 0.986891 0.361587
v 0.990000 0.986891 0.361587
v 0.930000 1.006531 0.342380
v 0.990000 0.986891 0.361587
v 0.990000 1.006531 0.342380
v 0.910000 0.937792 -0.214612
v 0.930000 0.937792 -0.233818
v 0.930000 0.918153 -0.214612
v 0.910000 0.937792 0.342380
v 0.930000 0.918153 0.342380
v 0.930000 0.937792 0.361587
v 0.910000 0.986891 -0.214612
v 0.930000 1.006531 -0.214612
v 0.930000 0.986891 -0.233818
v 0.910000 0.986891 0.342380
v 0.930000 0.986891 0.361587
v 0.930000 1.006531 0.342380
v 1.010000 0.937792 -0.214612
v 0.990000 0.918153 -0.214612
v 0.990000 0.937792 -0.233818
v 1.010000 0.937792 0.342380
v 0.990000 0.937792 0.361587
v 0.990000 0.918153 0.342380
v 1.010000 0.986891 -0.214612
v 0.990000 0.986891 -0.233818
v 0.990000 1.006531 -0.214612
v 1.010000 0.986891 0.342380
v 0.990000 1.006531 0.342380
v 0.990000 0.986891 0.361587
vn -1.0000 -0.0000 -0.0000
vn 1.0000 -0.0000 -0.0000
vn -0.0000 -1.0000 -0.0000
vn -0.0000 1.0000 -0.0000
vn -0.0000 -0.0000 -1.0000
vn -0.0000 -0.0000 1.0000
vn -0.7007 -0.7135 -0.0000
vn -0.7006 -0.7135 -0.0000
vn -0.7007 0.7135 -0.0000
vn -0.7006 0.7135 -0.0000
vn 0.7006 -0.7135 -0.0000
vn 0.7006 0.7135 -0.0000
vn -0.6927 -0.0000 -0.7213
vn -0.6927 -0.0000 0.7213
vn 0.6927 -0.0000 -0.7213
vn 0.6927 -0.0000 0.7213
vn -0.0000 -0.6992 -0.7149
vn -0.0000 -0.6992 0.7149
vn -0.0000 0.6992 -0.7149
vn -0.0000 0.6992 0.7149
vn -0.5660 -0.5764 -0.5894
vn -0.5660 -0.5764 0.5894
vn -0.5660 0.5764 -0.5894
vn -0.5660 0.5764 0.5894
vn 0.5660 -0.5764 -0.5894
vn 0.5660 -0.5764 0.5894
vn 0.5660 0.5764 -0.5894
vn 0.5660 0.5764 0.5894
vt 0.115430 0.791615
vt 0.118476 0.757063
vt 0.118476 0.791615
vt 0.806946 0.376091
vt 0.806946 0.341538
vt 0.809992 0.341538
vt 0.847173 0.084701
vt 0.844152 0.084316
vt 0.847173 0.060575
vt 0.844152 0.133126
vt 0.844152 0.109000
vt 0.847173 0.109385
vt 0.070407 0.784963
vt 0.066707 0.784564
vt 0.070407 0.750211
vt 0.233193 0.784769
vt 0.229471 0.750216
vt 0.233193 0.750216
vt 0.757718 0.779943
vt 0.757718 0.745191
vt 0.761418 0.779544
vt 0.258113 0.784949
vt 0.258113 0.750397
vt 0.261835 0.750397
vt 0.464580 0.895785
vt 0.461896 0.898831
vt 0.461896 0.895785
vt 0.491225 0.898831
vt 0.491225 0.895786
vt 0.493909 0.895786
vt 0.887923 0.278990
vt 0.885239 0.278990
vt 0.885239 0.275944
vt 0.519867 0.895785
vt 0.522551 0.898831
vt 0.519867 0.898831
vt 0.758957 0.838817
vt 0.757718 0.838772
vt 0.758957 0.804242
vt 0.785718 0.843402
vt 0.785718 0.808828
vt 0.786958 0.808872
vt 0.147633 0.843637
vt 0.147633 0.809063
vt 0.148873 0.843593
vt 0.174412 0.843637
vt 0.173173 0.809107
vt 0.174412 0.809063
vt 0.198712 0.843637
vt 0.198712 0.809063
vt 0.199952 0.843593
vt 0.258113 0.843801
vt 0.258113 0.809249
vt 0.259353 0.809249
vt 0.335475 0.843637
vt 0.334236 0.843593
vt 0.335475 0.809063
vt 0.067947 0.843815
vt 0.066707 0.809263
vt 0.067947 0.809263
vt 0.941037 0.376041
vt 0.939845 0.379087
vt 0.939845 0.376041
vt 0.939842 0.719102
vt 0.939842 0.716056
vt 0.941034 0.716056
vt 0.940863 0.835129
vt 0.939672 0.835129
vt 0.939672 0.832083
vt 0.938424 0.304246
vt 0.939616 0.307292
vt 0.938424 0.307292
vt 0.068427 0.932137
vt 0.066707 0.932137
vt 0.066707 0.929092
vt 0.613005 0.931226
vt 0.614726 0.934271
vt 0.613005 0.934271
vt 0.916762 0.886699
vt 0.916762 0.883201
vt 0.918260 0.885853
vt 0.923950 0.044450
vt 0.922452 0.041798
vt 0.923950 0.040952
vt 0.758909 0.929983
vt 0.757718 0.929983
vt 0.757718 0.926261
vt 0.115430 0.927306
vt 0.116622 0.931028
vt 0.115430 0.931028
vt 0.515562 0.923131
vt 0.514371 0.926853
vt 0.514371 0.923131
vt 0.917433 0.915751
vt 0.916299 0.912206
vt 0.917433 0.911842
vt 0.588702 0.928389
vt 0.587511 0.932111
vt 0.587511 0.928389
vt 0.785718 0.932385
vt 0.785718 0.928663
vt 0.786909 0.928663
vt 0.360966 0.932597
vt 0.359775 0.932597
vt 0.359775 0.928875
vt 0.405358 0.924946
vt 0.406550 0.928668
vt 0.405358 0.928668
vt 0.198712 0.982680
vt 0.199903 0.983920
vt 0.198712 0.983920
vt 0.229471 0.983887
vt 0.229471 0.982646
vt 0.230662 0.982646
vt 0.334041 0.983920
vt 0.334041 0.982680
vt 0.335232 0.982680
vt 0.147633 0.982663
vt 0.148825 0.983904
vt 0.147633 0.983904
vt 0.871473 0.150160
vt 0.872691 0.151055
vt 0.871473 0.151880
vt 0.068093 0.957949
vt 0.066707 0.956930
vt 0.068093 0.956437
vt 0.513179 0.951152
vt 0.513179 0.952872
vt 0.511961 0.952047
vt 0.614430 0.959536
vt 0.613006 0.960042
vt 0.613006 0.958571
s 0
usemtl bench
f 133/133/29 134/134/29 135/135/29
f 136/136/29 137/137/29 138/138/29
f 139/139/30 140/140/30 141/141/30
f 142/142/30 143/143/30 144/144/30
f 145/145/31 146/146/31 147/147/31
f 148/148/31 149/149/31 150/150/31
f 151/151/32 152/152/32 153/153/32
f 154/154/32 155/155/32 156/156/32
f 157/157/33 158/158/33 159/159/33
f 160/160/33 161/161/33 162/162/33
f 163/163/34 164/164/34 165/165/34
f 166/166/34 167/167/34 168/168/34
f 169/169/35 170/170/35 171/171/35
f 172/172/36 173/173/36 174/174/36
f 175/175/37 176/176/37 177/177/37
f 178/178/38 179/179/38 180/180/38
f 181/181/39 182/182/39 183/183/39
f 184/184/39 185/185/39 186/186/39
f 187/187/40 188/188/40 189/189/40
f 190/190/40 191/191/40 192/192/40
f 193/193/41 194/194/41 195/195/41
f 196/196/41 197/197/41 198/198/41
f 199/199/42 200/200/42 201/201/42
f 202/202/42 203/203/42 204/204/42
f 205/205/43 206/206/43 207/207/43
f 208/208/43 209/209/43 210/210/43
f 211/211/44 212/212/44 213/213/44
f 214/214/44 215/215/44 216/216/44
f 217/217/45 218/218/45 219/219/45
f 220/220/45 221/221/45 222/222/45
f 223/223/46 224/224/46 225/225/46
f 226/226/46 227/227/46 228/228/46
f 229/229/47 230/230/47 231/231/47
f 232/232/47 233/233/47 234/234/47
f 235/235/48 236/236/48 237/237/48
f 238/238/48 239/239/48 240/240/48
f 241/241/49 242/242/49 243/243/49
f 244/244/50 245/245/50 246/246/50
f 247/247/51 248/248/51 249/249/51
f 250/250/52 251/251/52 252/252/52
f 253/253/53 254/254/53 255/255/53
f 256/256/54 257/257/54 258/258/54
f 259/259/55 260/260/55 261/261/55
f 262/262/56 263/263/56 264/264/56
o back_post_l
v -1.015000 0.554134 -0.200899
v -1.015000 1.449108 -0.247531
v -1.015000 1.440197 -0.314187
v -1.015000 0.554134 -0.200899
v -1.015000 0.563045 -0.134243
v -1.015000 1.449108 -0.247531
v -0.905000 0.554134 -0.200899
v -0.905000 1.440197 -0.314187
v -0.905000 1.449108 -0.247531
v -0.905000 0.554134 -0.200899
v -0.905000 1.449108 -0.247531
v -0.905000 0.563045 -0.134243
v -0.995000 0.534660 -0.198409
v -0.925000 0.534660 -0.198409
v -0.925000 0.543571 -0.131753
v -0.995000 0.534660 -0.198409
v -0.925000 0.543571 -0.131753
v -0.995000 0.543571 -0.131753
v -0.995000 1.459671 -0.316676
v -0.925000 1.468582 -0.250021
v -0.925000 1.459671 -0.316676
v -0.995000 1.459671 -0.316676
v -0.995000 1.468582 -0.250021
v -0.925000 1.468582 -0.250021
v -0.995000 0.551588 -0.219944
v -0.925000 1.437651 -0.333231
v -0.925000 0.551588 -0.219944
v -0.995000 0.551588 -0.219944
v -0.995000 1.437651 -0.333231
v -0.925000 1.437651 -0.333231
v -0.995000 0.565591 -0.115199
v -0.925000 0.565591 -0.115199
v -0.925000 1.451654 -0.228486
v -0.995000 0.565591 -0.115199
v -0.925000 1.451654 -0.228486
v -0.995000 1.451654 -0.228486
v -1.015000 0.554134 -0.200899
v -0.995000 0.534660 -0.198409
v -0.995000 0.543571 -0.131753
v -1.015000 0.554134 -0.200899
v -0.995000 0.543571 -0.131753
v -1.015000 0.563045 -0.134243
v -1.015000 1.440197 -0.314187
v -0.995000 1.468582 -0.250021
v -0.995000 1.459671 -0.316676
v -1.015000 1.440197 -0.314187
v -1.015000 1.449108 -0.247531
v -0.995000 1.468582 -0.250021
v -0.905000 0.554134 -0.200899
v -0.925000 0.543571 -0.131753
v -0.925000 0.534660 -0.198409
v -0.905000 0.554134 -0.200899
v -0.905000 0.563045 -0.134243
v -0.925000 0.543571 -0.131753
v -0.905000 1.440197 -0.314187
v -0.925000 1.459671 -0.316676
v -0.925000 1.468582 -0.250021
v -0.905000 1.440197 -0.314187
v -0.925000 1.468582 -0.250021
v -0.905000 1.449108 -0.247531
v -1.015000 0.554134 -0.200899
v -0.995000 1.437651 -0.333231
v -0.995000 0.551588 -0.219944
v -1.015000 0.554134 -0.200899
v -1.015000 1.440197 -0.314187
v -0.995000 1.437651 -0.333231
v -1.015000 0.563045 -0.134243
v -0.995000 0.565591 -0.115199
v -0.995000 1.451654 -0.228486
v -1.015000 0.563045 -0.134243
v -0.995000 1.451654 -0.228486
v -1.015000 1.449108 -0.247531
v -0.905000 0.554134 -0.200899
v -0.925000 0.551588 -0.219944
v -0.925000 1.437651 -0.333231
v -0.905000 0.554134 -0.200899
v -0.925000 1.437651 -0.333231
v -0.905000 1.440197 -0.314187
v -0.905000 0.563045 -0.134243
v -0.925000 1.451654 -0.228486
v -0.925000 0.565591 -0.115199
v -0.905000 0.563045 -0.134243
v -0.905000 1.449108 -0.247531
v -0.925000 1.451654 -0.228486
v -0.995000 0.534660 -0.198409
v -0.995000 0.551588 -0.219944
v -0.925000 0.551588 -0.219944
v -0.995000 0.534660 -0.198409
v -0.925000 0.551588 -0.219944
v -0.925000 0.534660 -0.198409
v -0.995000 0.543571 -0.131753
v -0.925000 0.565591 -0.115199
v -0.995000 0.565591 -0.115199
v -0.995000 0.543571 -0.131753
v -0.925000 0.543571 -0.131753
v -0.925000 0.565591 -0.115199
v -0.995000 1.459671 -0.316676
v -0.925000 1.437651 -0.333231
v -0.995000 1.437651 -0.333231
v -0.995000 1.459671 -0.316676
v -0.925000 1.459671 -0.316676
v -0.925000 1.437651 -0.333231
v -0.995000 1.468582 -0.250021
v -0.995000 1.451654 -0.228486
v -0.925000 1.451654 -0.228486
v -0.995000 1.468582 -0.250021
v -0.925000 1.451654 -0.228486
v -0.925000 1.468582 -0.250021
v -1.015000 0.554134 -0.200899
v -0.995000 0.551588 -0.219944
v -0.995000 0.534660 -0.198409
v -1.015000 0.563045 -0.134243
v -0.995000 0.543571 -0.131753
v -0.995000 0.565591 -0.115199
v -1.015000 1.440197 -0.314187
v -0.995000 1.459671 -0.316676
v -0.995000 1.437651 -0.333231
v -1.015000 1.449108 -0.247531
v -0.995000 1.451654 -0.228486
v -0.995000 1.468582 -0.250021
v -0.905000 0.554134 -0.200899
v -0.925000 0.534660 -0.198409
v -0.925000 0.551588 -0.219944
v -0.905000 0.563045 -0.134243
v -0.925000 0.565591 -0.115199
v -0.925000 0.543571 -0.131753
v -0.905000 1.440197 -0.314187
v -0.925000 1.437651 -0.333231
v -0.925000 1.459671 -0.316676
v -0.905000 1.449108 -0.247531
v -0.925000 1.468582 -0.250021
v -0.925000 1.451654 -0.228486
vn -1.0000 -0.0000 -0.0000
vn 1.0000 -0.0000 -0.0000
vn -0.0000 -0.9912 0.1325
vn -0.0000 0.9912 -0.1325
vn -0.0000 -0.1268 -0.9919
vn -0.0000 0.1268 0.9919
vn -0.7005 -0.7073 0.0946
vn -0.7005 0.7073 -0.0946
vn 0.7005 -0.7074 0.0946
vn 0.7005 -0.7073 0.0946
vn 0.7005 0.7073 -0.0946
vn -0.6928 -0.0915 -0.7153
vn -0.6928 0.0915 0.7153
vn 0.6928 -0.0915 -0.7153
vn 0.6928 0.0915 0.7153
vn -0.0000 -0.7862 -0.6180
vn -0.0000 -0.6009 0.7993
vn -0.0000 0.6009 -0.7993
vn -0.0000 0.7862 0.6180
vn -0.5671 -0.6475 -0.5090
vn -0.5649 -0.4958 0.6595
vn -0.5649 0.4958 -0.6595
vn -0.5671 0.6475 0.5090
vn 0.5671 -0.6475 -0.5090
vn 0.5649 -0.4959 0.6595
vn 0.5649 0.4958 -0.6596
vn 0.5671 0.6475 0.5090
vt 0.262271 0.670504
vt 0.262271 0.726098
vt 0.258113 0.725761
vt 0.286570 0.670504
vt 0.290728 0.670840
vt 0.286570 0.726097
vt 0.012150 0.670530
vt 0.016308 0.725787
vt 0.012150 0.726124
vt 0.409516 0.670530
vt 0.409516 0.726124
vt 0.405358 0.670867
vt 0.860961 0.444190
vt 0.857953 0.441059
vt 0.860961 0.438169
vt 0.286134 0.872186
vt 0.286134 0.866165
vt 0.289142 0.869296
vt 0.859830 0.376041
vt 0.864002 0.380383
vt 0.859830 0.380383
vt 0.863999 0.720398
vt 0.859827 0.720398
vt 0.859827 0.716056
vt 0.698699 0.240628
vt 0.698699 0.296212
vt 0.694370 0.240968
vt 0.338578 0.670498
vt 0.338578 0.725911
vt 0.334235 0.725911
vt 0.176275 0.670498
vt 0.180617 0.670498
vt 0.180617 0.725911
vt 0.066707 0.670498
vt 0.071049 0.725911
vt 0.066707 0.725911
vt 0.914945 0.807284
vt 0.913704 0.807291
vt 0.913704 0.803119
vt 0.863505 0.916014
vt 0.862287 0.911843
vt 0.863528 0.911843
vt 0.910779 0.215685
vt 0.912043 0.211513
vt 0.912019 0.215685
vt 0.067894 0.904792
vt 0.066707 0.900793
vt 0.067894 0.900433
vt 0.561985 0.907570
vt 0.561985 0.903225
vt 0.563176 0.907223
vt 0.914325 0.720228
vt 0.914302 0.716056
vt 0.915543 0.716056
vt 0.335423 0.904615
vt 0.334235 0.904255
vt 0.335423 0.900256
vt 0.587511 0.904089
vt 0.587511 0.899730
vt 0.588698 0.900090
vt 0.758958 0.665479
vt 0.758023 0.720891
vt 0.757718 0.665479
vt 0.754545 0.177011
vt 0.755786 0.232410
vt 0.754545 0.232431
vt 0.613005 0.696892
vt 0.614246 0.696927
vt 0.613006 0.752326
vt 0.639785 0.696892
vt 0.639785 0.752326
vt 0.638545 0.752291
vt 0.754545 0.256731
vt 0.755786 0.256752
vt 0.754545 0.312151
vt 0.767909 0.012150
vt 0.768844 0.067562
vt 0.767603 0.067562
vt 0.041847 0.670530
vt 0.041847 0.725964
vt 0.040607 0.670565
vt 0.742064 0.012150
vt 0.743304 0.067549
vt 0.742064 0.067584
vt 0.837959 0.901783
vt 0.836748 0.901783
vt 0.836748 0.897441
vt 0.757718 0.897619
vt 0.758929 0.901961
vt 0.757718 0.901961
vt 0.013374 0.896493
vt 0.012150 0.900835
vt 0.012150 0.896493
vt 0.811257 0.892473
vt 0.812436 0.896652
vt 0.811257 0.896985
vt 0.811257 0.810551
vt 0.811257 0.806040
vt 0.812436 0.810219
vt 0.673855 0.900822
vt 0.673855 0.896479
vt 0.675079 0.896479
vt 0.116641 0.903006
vt 0.115430 0.903006
vt 0.115430 0.898664
vt 0.785718 0.900021
vt 0.786929 0.904363
vt 0.785718 0.904363
vt 0.964779 0.305984
vt 0.963915 0.305094
vt 0.964779 0.304246
vt 0.973796 0.012150
vt 0.975014 0.013390
vt 0.973790 0.013390
vt 0.974649 0.149354
vt 0.973424 0.148120
vt 0.974649 0.148114
vt 0.962360 0.589061
vt 0.963224 0.589951
vt 0.962360 0.590799
vt 0.964735 0.804857
vt 0.964735 0.803119
vt 0.965599 0.803967
vt 0.205170 0.751949
vt 0.204296 0.751069
vt 0.205170 0.750211
vt 0.973424 0.098274
vt 0.973424 0.097033
vt 0.974649 0.097040
vt 0.562320 0.959215
vt 0.562320 0.960953
vt 0.561456 0.960105
s 0
usemtl bench
f 265/265/57 266/266/57 267/267/57
f 268/268/57 269/269/57 270/270/57
f 271/271/58 272/272/58 273/273/58
f 274/274/58 275/275/58 276/276/58
f 277/277/59 278/278/59 279/279/59
f 280/280/59 281/281/59 282/282/59
f 283/283/60 284/284/60 285/285/60
f 286/286/60 287/287/60 288/288/60
f 289/289/61 290/290/61 291/291/61
f 292/292/61 293/293/61 294/294/61
f 295/295/62 296/296/62 297/297/62
f 298/298/62 299/299/62 300/300/62
f 301/301/63 302/302/63 303/303/63
f 304/304/63 305/305/63 306/306/63
f 307/307/64 308/308/64 309/309/64
f 310/310/64 311/311/64 312/312/64
f 313/313/65 314/314/65 315/315/65
f 316/316/66 317/317/66 318/318/66
f 319/319/67 320/320/67 321/321/67
f 322/322/67 323/323/67 324/324/67
f 325/325/68 326/326/68 327/327/68
f 328/328/68 329/329/68 330/330/68
f 331/331/69 332/332/69 333/333/69
f 334/334/69 335/335/69 336/336/69
f 337/337/70 338/338/70 339/339/70
f 340/340/70 341/341/70 342/342/70
f 343/343/71 344/344/71 345/345/71
f 346/346/71 347/347/71 348/348/71
f 349/349/72 350/350/72 351/351/72
f 352/352/72 353/353/72 354/354/72
f 355/355/73 356/356/73 357/357/73
f 358/358/73 359/359/73 360/360/73
f 361/361/74 362/362/74 363/363/74
f 364/364/74 365/365/74 366/366/74
f 367/367/75 368/368/75 369/369/75
f 370/370/75 371/371/75 372/372/75
f 373/373/76 374/374/76 375/375/76
f 376/376/77 377/377/77 378/378/77
f 379/379/78 380/380/78 381/381/78
f 382/382/79 383/383/79 384/384/79
f 385/385/80 386/386/80 387/387/80
f 388/388/81 389/389/81 390/390/81
f 391/391/82 392/392/82 393/393/82
f 394/394/83 395/395/83 396/396/83
o back_post_r
v 0.905000 0.554134 -0.200899
v 0.905000 1.449108 -0.247531
v 0.905000 1.440197 -0.314187
v 0.905000 0.554134 -0.200899
v 0.905000 0.563045 -0.134243
v 0.905000 1.449108 -0.247531
v 1.015000 0.554134 -0.200899
v 1.015000 1.440197 -0.314187
v 1.015000 1.449108 -0.247531
v 1.015000 0.554134 -0.200899
v 1.015000 1.449108 -0.247531
v 1.015000 0.563045 -0.134243
v 0.925000 0.534660 -0.198409
v 0.995000 0.534660 -0.198409
v 0.995000 0.543571 -0.131753
v 0.925000 0.534660 -0.198409
v 0.995000 0.543571 -0.131753
v 0.925000 0.543571 -0.131753
v 0.925000 1.459671 -0.316676
v 0.995000 1.468582 -0.250021
v 0.995000 1.459671 -0.316676
v 0.925000 1.459671 -0.316676
v 0.925000 1.468582 -0.250021
v 0.995000 1.468582 -0.250021
v 0.925000 0.551588 -0.219944
v 0.995000 1.437651 -0.333231
v 0.995000 0.551588 -0.219944
v 0.925000 0.551588 -0.219944
v 0.925000 1.437651 -0.333231
v 0.995000 1.437651 -0.333231
v 0.925000 0.565591 -0.115199
v 0.995000 0.565591 -0.115199
v 0.995000 1.451654 -0.228486
v 0.925000 0.565591 -0.115199
v 0.995000 1.451654 -0.228486
v 0.925000 1.451654 -0.228486
v 0.905000 0.554134 -0.200899
v 0.925000 0.534660 -0.198409
v 0.925000 0.543571 -0.131753
v 0.905000 0.554134 -0.200899
v 0.925000 0.543571 -0.131753
v 0.905000 0.563045 -0.134243
v 0.905000 1.440197 -0.314187
v 0.925000 1.468582 -0.250021
v 0.925000 1.459671 -0.316676
v 0.905000 1.440197 -0.314187
v 0.905000 1.449108 -0.247531
v 0.925000 1.468582 -0.250021
v 1.015000 0.554134 -0.200899
v 0.995000 0.543571 -0.131753
v 0.995000 0.534660 -0.198409
v 1.015000 0.554134 -0.200899
v 1.015000 0.563045 -0.134243
v 0.995000 0.543571 -0.131753
v 1.015000 1.440197 -0.314187
v 0.995000 1.459671 -0.316676
v 0.995000 1.468582 -0.250021
v 1.015000 1.440197 -0.314187
v 0.995000 1.468582 -0.250021
v 1.015000 1.449108 -0.247531
v 0.905000 0.554134 -0.200899
v 0.925000 1.437651 -0.333231
v 0.925000 0.551588 -0.219944
v 0.905000 0.554134 -0.200899
v 0.905000 1.440197 -0.314187
v 0.925000 1.437651 -0.333231
v 0.905000 0.563045 -0.134243
v 0.925000 0.565591 -0.115199
v 0.925000 1.451654 -0.228486
v 0.905000 0.563045 -0.134243
v 0.925000 1.451654 -0.228486
v 0.905000 1.449108 -0.247531
v 1.015000 0.554134 -0.200899
v 0.995000 0.551588 -0.219944
v 0.995000 1.437651 -0.333231
v 1.015000 0.554134 -0.200899
v 0.995000 1.437651 -0.333231
v 1.015000 1.440197 -0.314187
v 1.015000 0.563045 -0.134243
v 0.995000 1.451654 -0.228486
v 0.995000 0.565591 -0.115199
v 1.015000 0.563045 -0.134243
v 1.015000 1.449108 -0.247531
v 0.995000 1.451654 -0.228486
v 0.925000 0.534660 -0.198409
v 0.925000 0.551588 -0.219944
v 0.995000 0.551588 -0.219944
v 0.925000 0.534660 -0.198409
v 0.995000 0.551588 -0.219944
v 0.995000 0.534660 -0.198409
v 0.925000 0.543571 -0.131753
v 0.995000 0.565591 -0.115199
v 0.925000 0.565591 -0.115199
v 0.925000 0.543571 -0.131753
v 0.995000 0.543571 -0.131753
v 0.995000 0.565591 -0.115199
v 0.925000 1.459671 -0.316676
v 0.995000 1.437651 -0.333231
v 0.925000 1.437651 -0.333231
v 0.925000 1.459671 -0.316676
v 0.995000 1.459671 -0.316676
v 0.995000 1.437651 -0.333231
v 0.925000 1.468582 -0.250021
v 0.925000 1.451654 -0.228486
v 0.995000 1.451654 -0.228486
v 0.925000 1.468582 -0.250021
v 0.995000 1.451654 -0.228486
v 0.995000 1.468582 -0.250021
v 0.905000 0.554134 -0.200899
v 0.925000 0.551588 -0.219944
v 0.925000 0.534660 -0.198409
v 0.905000 0.563045 -0.134243
v 0.925000 0.543571 -0.131753
v 0.925000 0.565591 -0.115199
v 0.905000 1.440197 -0.314187
v 0.925000 1.459671 -0.316676
v 0.925000 1.437651 -0.333231
v 0.905000 1.449108 -0.247531
v 0.925000 1.451654 -0.228486
v 0.925000 1.468582 -0.250021
v 1.015000 0.554134 -0.200899
v 0.995000 0.534660 -0.198409
v 0.995000 0.551588 -0.219944
v 1.015000 0.563045 -0.134243
v 0.995000 0.565591 -0.115199
v 0.995000 0.543571 -0.131753
v 1.015000 1.440197 -0.314187
v 0.995000 1.437651 -0.333231
v 0.995000 1.459671 -0.316676
v 1.015000 1.449108 -0.247531
v 0.995000 1.468582 -0.250021
v 0.995000 1.451654 -0.228486
vn -1.0000 -0.0000 -0.0000
vn 1.0000 -0.0000 -0.0000
vn -0.0000 -0.9912 0.1325
vn -0.0000 0.9912 -0.1325
vn -0.0000 -0.1268 -0.9919
vn -0.0000 0.1268 0.9919
vn -0.7005 -0.7074 0.0946
vn -0.7005 -0.7073 0.0946
vn -0.7005 0.7073 -0.0946
vn 0.7005 -0.7073 0.0946
vn 0.7005 0.7073 -0.0946
vn -0.6928 -0.0915 -0.7153
vn -0.6928 0.0915 0.7153
vn 0.6928 -0.0915 -0.7153
vn 0.6928 0.0915 0.7153
vn -0.0000 -0.7862 -0.6180
vn -0.0000 -0.6009 0.7993
vn -0.0000 0.6009 -0.7993
vn -0.0000 0.7862 0.6180
vn -0.5671 -0.6475 -0.5090
vn -0.5649 -0.4959 0.6595
vn -0.5649 0.4958 -0.6596
vn -0.5671 0.6475 0.5090
vn 0.5671 -0.6475 -0.5090
vn 0.5649 -0.4958 0.6595
vn 0.5649 0.4958 -0.6595
vn 0.5671 0.6475 0.5090
vt 0.437974 0.670530
vt 0.437974 0.726124
vt 0.433816 0.725787
vt 0.462273 0.670530
vt 0.466431 0.670867
vt 0.462273 0.726124
vt 0.490731 0.670530
vt 0.494889 0.725787
vt 0.490731 0.726124
vt 0.523346 0.670530
vt 0.523346 0.726124
vt 0.519188 0.670867
vt 0.676863 0.872180
vt 0.673855 0.869048
vt 0.676863 0.866158
vt 0.012150 0.872193
vt 0.012150 0.866172
vt 0.015158 0.869303
vt 0.862287 0.883201
vt 0.866459 0.887543
vt 0.862287 0.887543
vt 0.705415 0.888868
vt 0.701243 0.888868
vt 0.701243 0.884526
vt 0.367220 0.670498
vt 0.362877 0.725911
vt 0.362877 0.670498
vt 0.233813 0.670504
vt 0.233813 0.725917
vt 0.229471 0.725917
vt 0.665742 0.240628
vt 0.670071 0.240968
vt 0.665742 0.296212
vt 0.147633 0.670498
vt 0.151976 0.725911
vt 0.147633 0.725911
vt 0.911753 0.409741
vt 0.910562 0.409393
vt 0.911753 0.405395
vt 0.915522 0.380212
vt 0.914305 0.376041
vt 0.915546 0.376041
vt 0.258113 0.904778
vt 0.258113 0.900419
vt 0.259300 0.904419
vt 0.199899 0.904615
vt 0.198712 0.900615
vt 0.199899 0.900256
vt 0.914132 0.836248
vt 0.915372 0.832083
vt 0.915372 0.836255
vt 0.890782 0.916014
vt 0.890758 0.911843
vt 0.891999 0.911843
vt 0.614193 0.906926
vt 0.613006 0.906566
vt 0.614193 0.902567
vt 0.638530 0.906926
vt 0.638530 0.902567
vt 0.639717 0.902927
vt 0.758958 0.506039
vt 0.758958 0.561459
vt 0.757718 0.506060
vt 0.705159 0.711191
vt 0.705464 0.766604
vt 0.704224 0.766604
vt 0.704224 0.631458
vt 0.705464 0.631492
vt 0.704224 0.686892
vt 0.743304 0.091883
vt 0.743304 0.147317
vt 0.742064 0.147283
vt 0.767603 0.091883
vt 0.768844 0.091883
vt 0.768539 0.147296
vt 0.758958 0.585759
vt 0.758958 0.641179
vt 0.757718 0.641158
vt 0.754031 0.341538
vt 0.754031 0.396972
vt 0.752791 0.341573
vt 0.752791 0.421272
vt 0.754031 0.476671
vt 0.752791 0.476706
vt 0.360986 0.904576
vt 0.359775 0.904576
vt 0.359775 0.900233
vt 0.229471 0.900239
vt 0.230682 0.904581
vt 0.229471 0.904581
vt 0.812436 0.863662
vt 0.812436 0.868174
vt 0.811257 0.863994
vt 0.587511 0.870919
vt 0.588689 0.875098
vt 0.587511 0.875431
vt 0.811257 0.839363
vt 0.811257 0.834851
vt 0.812436 0.839030
vt 0.286134 0.900828
vt 0.286134 0.896486
vt 0.287359 0.896486
vt 0.148844 0.904598
vt 0.147633 0.904598
vt 0.147633 0.900256
vt 0.173157 0.900256
vt 0.174368 0.904598
vt 0.173157 0.904598
vt 0.966027 0.833822
vt 0.965162 0.832931
vt 0.966027 0.832083
vt 0.204296 0.777987
vt 0.204296 0.776249
vt 0.205170 0.777107
vt 0.974649 0.123814
vt 0.973424 0.122580
vt 0.974649 0.122574
vt 0.961495 0.405395
vt 0.962359 0.406285
vt 0.961495 0.407133
vt 0.965214 0.746929
vt 0.965214 0.745191
vt 0.966079 0.746039
vt 0.730981 0.976976
vt 0.730988 0.978217
vt 0.729763 0.978217
vt 0.973767 0.041188
vt 0.973767 0.039947
vt 0.974992 0.039954
vt 0.963225 0.681553
vt 0.963225 0.683292
vt 0.962360 0.682444
s 0
usemtl bench
f 397/397/84 398/398/84 399/399/84
f 400/400/84 401/401/84 402/402/84
f 403/403/85 404/404/85 405/405/85
f 406/406/85 407/407/85 408/408/85
f 409/409/86 410/410/86 411/411/86
f 412/412/86 413/413/86 414/414/86
f 415/415/87 416/416/87 417/417/87
f 418/418/87 419/419/87 420/420/87
f 421/421/88 422/422/88 423/423/88
f 424/424/88 425/425/88 426/426/88
f 427/427/89 428/428/89 429/429/89
f 430/430/89 431/431/89 432/432/89
f 433/433/90 434/434/90 435/435/90
f 436/436/91 437/437/91 438/438/91
f 439/439/92 440/440/92 441/441/92
f 442/442/92 443/443/92 444/444/92
f 445/445/93 446/446/93 447/447/93
f 448/448/93 449/449/93 450/450/93
f 451/451/94 452/452/94 453/453/94
f 454/454/94 455/455/94 456/456/94
f 457/457/95 458/458/95 459/459/95
f 460/460/95 461/461/95 462/462/95
f 463/463/96 464/464/96 465/465/96
f 466/466/96 467/467/96 468/468/96
f 469/469/97 470/470/97 471/471/97
f 472/472/97 473/473/97 474/474/97
f 475/475/98 476/476/98 477/477/98
f 478/478/98 479/479/98 480/480/98
f 481/481/99 482/482/99 483/483/99
f 484/484/99 485/485/99 486/486/99
f 487/487/100 488/488/100 489/489/100
f 490/490/100 491/491/100 492/492/100
f 493/493/101 494/494/101 495/495/101
f 496/496/101 497/497/101 498/498/101
f 499/499/102 500/500/102 501/501/102
f 502/502/102 503/503/102 504/504/102
f 505/505/103 506/506/103 507/507/103
f 508/508/104 509/509/104 510/510/104
f 511/511/105 512/512/105 513/513/105
f 514/514/106 515/515/106 516/516/106
f 517/517/107 518/518/107 519/519/107
f 520/520/108 521/521/108 522/522/108
f 523/523/109 524/524/109 525/525/109
f 526/526/110 527/527/110 528/528/110
o back_slat_0
v -1.150000 0.836950 -0.297548
v -1.150000 0.969896 -0.266121
v -1.150000 0.963531 -0.313732
v -1.150000 0.836950 -0.297548
v -1.150000 0.843315 -0.249937
v -1.150000 0.969896 -0.266121
v 1.150000 0.836950 -0.297548
v 1.150000 0.963531 -0.313732
v 1.150000 0.969896 -0.266121
v 1.150000 0.836950 -0.297548
v 1.150000 0.969896 -0.266121
v 1.150000 0.843315 -0.249937
v -1.130000 0.817476 -0.295059
v 1.130000 0.817476 -0.295059
v 1.130000 0.823841 -0.247447
v -1.130000 0.817476 -0.295059
v 1.130000 0.823841 -0.247447
v -1.130000 0.823841 -0.247447
v -1.130000 0.983005 -0.316222
v 1.130000 0.989370 -0.268611
v 1.130000 0.983005 -0.316222
v -1.130000 0.983005 -0.316222
v -1.130000 0.989370 -0.268611
v 1.130000 0.989370 -0.268611
v -1.130000 0.834404 -0.316593
v 1.130000 0.960985 -0.332777
v 1.130000 0.834404 -0.316593
v -1.130000 0.834404 -0.316593
v -1.130000 0.960985 -0.332777
v 1.130000 0.960985 -0.332777
v -1.130000 0.845861 -0.230893
v 1.130000 0.845861 -0.230893
v 1.130000 0.972442 -0.247076
v -1.130000 0.845861 -0.230893
v 1.130000 0.972442 -0.247076
v -1.130000 0.972442 -0.247076
v -1.150000 0.836950 -0.297548
v -1.130000 0.817476 -0.295059
v -1.130000 0.823841 -0.247447
v -1.150000 0.836950 -0.297548
v -1.130000 0.823841 -0.247447
v -1.150000 0.843315 -0.249937
v -1.150000 0.963531 -0.313732
v -1.130000 0.989370 -0.268611
v -1.130000 0.983005 -0.316222
v -1.150000 0.963531 -0.313732
v -1.150000 0.969896 -0.266121
v -1.130000 0.989370 -0.268611
v 1.150000 0.836950 -0.297548
v 1.130000 0.823841 -0.247447
v 1.130000 0.817476 -0.295059
v 1.150000 0.836950 -0.297548
v 1.150000 0.843315 -0.249937
v 1.130000 0.823841 -0.247447
v 1.150000 0.963531 -0.313732
v 1.130000 0.983005 -0.316222
v 1.130000 0.989370 -0.268611
v 1.150000 0.963531 -0.313732
v 1.130000 0.989370 -0.268611
v 1.150000 0.969896 -0.266121
v -1.150000 0.836950 -0.297548
v -1.130000 0.960985 -0.332777
v -1.130000 0.834404 -0.316593
v -1.150000 0.836950 -0.297548
v -1.150000 0.963531 -0.313732
v -1.130000 0.960985 -0.332777
v -1.150000 0.843315 -0.249937
v -1.130000 0.845861 -0.230893
v -1.130000 0.972442 -0.247076
v -1.150000 0.843315 -0.249937
v -1.130000 0.972442 -0.247076
v -1.150000 0.969896 -0.266121
v 1.150000 0.836950 -0.297548
v 1.130000 0.834404 -0.316593
v 1.130000 0.960985 -0.332777
v 1.150000 0.836950 -0.297548
v 1.130000 0.960985 -0.332777
v 1.150000 0.963531 -0.313732
v 1.150000 0.843315 -0.249937
v 1.130000 0.972442 -0.247076
v 1.130000 0.845861 -0.230893
v 1.150000 0.843315 -0.249937
v 1.150000 0.969896 -0.266121
v 1.130000 0.972442 -0.247076
v -1.130000 0.817476 -0.295059
v -1.130000 0.834404 -0.316593
v 1.130000 0.834404 -0.316593
v -1.130000 0.817476 -0.295059
v 1.130000 0.834404 -0.316593
v 1.130000 0.817476 -0.295059
v -1.130000 0.823841 -0.247447
v 1.130000 0.845861 -0.230893
v -1.130000 0.845861 -0.230893
v -1.130000 0.823841 -0.247447
v 1.130000 0.823841 -0.247447
v 1.130000 0.845861 -0.230893
v -1.130000 0.983005 -0.316222
v 1.130000 0.960985 -0.332777
v -1.130000 0.960985 -0.332777
v -1.130000 0.983005 -0.316222
v 1.130000 0.983005 -0.316222
v 1.130000 0.960985 -0.332777
v -1.130000 0.989370 -0.268611
v -1.130000 0.972442 -0.247076
v 1.130000 0.972442 -0.247076
v -1.130000 0.989370 -0.268611
v 1.130000 0.972442 -0.247076
v 1.130000 0.989370 -0.268611
v -1.150000 0.836950 -0.297548
v -1.130000 0.834404 -0.316593
v -1.130000 0.817476 -0.295059
v -1.150000 0.843315 -0.249937
v -1.130000 0.823841 -0.247447
v -1.130000 0.845861 -0.230893
v -1.150000 0.963531 -0.313732
v -1.130000 0.983005 -0.316222
v -1.130000 0.960985 -0.332777
v -1.150000 0.969896 -0.266121
v -1.130000 0.972442 -0.247076
v -1.130000 0.989370 -0.268611
v 1.150000 0.836950 -0.297548
v 1.130000 0.817476 -0.295059
v 1.130000 0.834404 -0.316593
v 1.150000 0.843315 -0.249937
v 1.130000 0.845861 -0.230893
v 1.130000 0.823841 -0.247447
v 1.150000 0.963531 -0.313732
v 1.130000 0.960985 -0.332777
v 1.130000 0.983005 -0.316222
v 1.150000 0.969896 -0.266121
v 1.130000 0.989370 -0.268611
v 1.130000 0.972442 -0.247076
vn -1.0000 -0.0000 -0.0000
vn 1.0000 -0.0000 -0.0000
vn -0.0000 -0.9912 0.1325
vn -0.0000 0.9912 -0.1325
vn -0.0000 -0.1268 -0.9919
vn -0.0000 0.1268 0.9919
vn -0.7005 -0.7073 0.0946
vn -0.7005 0.7073 -0.0946
vn 0.7005 -0.7073 0.0946
vn 0.7005 0.7073 -0.0946
vn -0.6928 -0.0915 -0.7153
vn -0.6928 0.0915 0.7153
vn 0.6928 -0.0915 -0.7153
vn 0.6928 0.0915 0.7153
vn -0.0000 -0.7862 -0.6180
vn -0.0000 -0.6009 0.7993
vn -0.0000 0.6009 -0.7993
vn -0.0000 0.7862 0.6180
vn -0.5671 -0.6475 -0.5090
vn -0.5649 -0.4958 0.6595
vn -0.5649 0.4959 -0.6595
vn -0.5671 0.6475 0.5090
vn 0.5671 -0.6475 -0.5090
vn 0.5649 -0.4958 0.6595
vn 0.5649 0.4959 -0.6595
vn 0.5671 0.6475 0.5090
vt 0.613005 0.845949
vt 0.613005 0.837474
vt 0.615789 0.838538
vt 0.782868 0.312720
vt 0.780085 0.311657
vt 0.782868 0.304246
vt 0.642872 0.845949
vt 0.640088 0.838538
vt 0.642872 0.837474
vt 0.793143 0.147859
vt 0.793143 0.139385
vt 0.795927 0.146796
vt 0.408337 0.317239
vt 0.405358 0.177074
vt 0.408337 0.177011
vt 0.418401 0.152378
vt 0.418401 0.012150
vt 0.421380 0.152314
vt 0.432637 0.317239
vt 0.432637 0.177011
vt 0.435616 0.177074
vt 0.448659 0.152378
vt 0.445680 0.152314
vt 0.448659 0.012150
vt 0.340927 0.177011
vt 0.348843 0.317207
vt 0.340927 0.317207
vt 0.316628 0.317207
vt 0.308711 0.317207
vt 0.308711 0.177011
vt 0.115430 0.177011
vt 0.123334 0.316984
vt 0.115430 0.317431
vt 0.394102 0.012150
vt 0.386185 0.152346
vt 0.386185 0.012150
vt 0.863528 0.943293
vt 0.862287 0.943293
vt 0.862304 0.940314
vt 0.041962 0.943197
vt 0.040738 0.940218
vt 0.041979 0.940218
vt 0.936053 0.408629
vt 0.936053 0.405395
vt 0.937196 0.408147
vt 0.937270 0.472247
vt 0.936127 0.469495
vt 0.937270 0.469012
vt 0.887827 0.943293
vt 0.889051 0.940314
vt 0.889068 0.943293
vt 0.913384 0.943293
vt 0.913368 0.940314
vt 0.914608 0.940314
vt 0.937399 0.180245
vt 0.936256 0.179763
vt 0.937399 0.177011
vt 0.936342 0.214748
vt 0.936342 0.211513
vt 0.937486 0.211996
vt 0.886599 0.681553
vt 0.885402 0.689469
vt 0.885358 0.681553
vt 0.886558 0.341538
vt 0.886602 0.349454
vt 0.885361 0.349454
vt 0.258113 0.868101
vt 0.259337 0.868299
vt 0.258113 0.876120
vt 0.067931 0.868114
vt 0.067931 0.876134
vt 0.066707 0.875935
vt 0.886864 0.304246
vt 0.888105 0.304246
vt 0.888062 0.312162
vt 0.885402 0.570470
vt 0.886599 0.578386
vt 0.885358 0.578386
vt 0.614230 0.870248
vt 0.614230 0.878268
vt 0.613005 0.870447
vt 0.638530 0.870248
vt 0.639754 0.878069
vt 0.638530 0.878268
vt 0.563196 0.481735
vt 0.561985 0.481735
vt 0.561985 0.341538
vt 0.587495 0.341538
vt 0.588706 0.481735
vt 0.587495 0.481735
vt 0.230696 0.341507
vt 0.230696 0.481708
vt 0.229471 0.341517
vt 0.254995 0.341507
vt 0.256220 0.481698
vt 0.254995 0.481708
vt 0.335460 0.341507
vt 0.334235 0.481703
vt 0.334235 0.341507
vt 0.432637 0.481735
vt 0.432637 0.341538
vt 0.433861 0.341538
vt 0.564950 0.317207
vt 0.563739 0.317207
vt 0.563739 0.177011
vt 0.512718 0.177011
vt 0.513929 0.317207
vt 0.512718 0.317207
vt 0.963225 0.507778
vt 0.962360 0.506887
vt 0.963225 0.506039
vt 0.511974 0.977172
vt 0.513198 0.978406
vt 0.511974 0.978412
vt 0.460932 0.977172
vt 0.462150 0.978412
vt 0.460925 0.978412
vt 0.587511 0.956410
vt 0.588375 0.957300
vt 0.587511 0.958149
vt 0.962360 0.535732
vt 0.962360 0.533994
vt 0.963224 0.534842
vt 0.435166 0.977294
vt 0.435166 0.978535
vt 0.433941 0.978528
vt 0.487667 0.977172
vt 0.487674 0.978412
vt 0.486449 0.978412
vt 0.174183 0.956852
vt 0.174183 0.958590
vt 0.173319 0.957742
s 0
usemtl bench
f 529/529/111 530/530/111 531/531/111
f 532/532/111 533/533/111 534/534/111
f 535/535/112 536/536/112 537/537/112
f 538/538/112 539/539/112 540/540/112
f 541/541/113 542/542/113 543/543/113
f 544/544/113 545/545/113 546/546/113
f 547/547/114 548/548/114 549/549/114
f 550/550/114 551/551/114 552/552/114
f 553/553/115 554/554/115 555/555/115
f 556/556/115 557/557/115 558/558/115
f 559/559/116 560/560/116 561/561/116
f 562/562/116 563/563/116 564/564/116
f 565/565/117 566/566/117 567/567/117
f 568/568/117 569/569/117 570/570/117
f 571/571/118 572/572/118 573/573/118
f 574/574/118 575/575/118 576/576/118
f 577/577/119 578/578/119 579/579/119
f 580/580/119 581/581/119 582/582/119
f 583/583/120 584/584/120 585/585/120
f 586/586/120 587/587/120 588/588/120
f 589/589/121 590/590/121 591/591/121
f 592/592/121 593/593/121 594/594/121
f 595/595/122 596/596/122 597/597/122
f 598/598/122 599/599/122 600/600/122
f 601/601/123 602/602/123 603/603/123
f 604/604/123 605/605/123 606/606/123
f 607/607/124 608/608/124 609/609/124
f 610/610/124 611/611/124 612/612/124
f 613/613/125 614/614/125 615/615/125
f 616/616/125 617/617/125 618/618/125
f 619/619/126 620/620/126 621/621/126
f 622/622/126 623/623/126 624/624/126
f 625/625/127 626/626/127 627/627/127
f 628/628/127 629/629/127 630/630/127
f 631/631/128 632/632/128 633/633/128
f 634/634/128 635/635/128 636/636/128
f 637/637/129 638/638/129 639/639/129
f 640/640/130 641/641/130 642/642/130
f 643/643/131 644/644/131 645/645/131
f 646/646/132 647/647/132 648/648/132
f 649/649/133 650/650/133 651/651/133
f 652/652/134 653/653/134 654/654/134
f 655/655/135 656/656/135 657/657/135
f 658/658/136 659/659/136 660/660/136
o back_slat_1
v -1.150000 1.092266 -0.331160
v -1.150000 1.225211 -0.299733
v -1.150000 1.218846 -0.347344
v -1.150000 1.092266 -0.331160
v -1.150000 1.098630 -0.283549
v -1.150000 1.225211 -0.299733
v 1.150000 1.092266 -0.331160
v 1.150000 1.218846 -0.347344
v 1.150000 1.225211 -0.299733
v 1.150000 1.092266 -0.331160
v 1.150000 1.225211 -0.299733
v 1.150000 1.098630 -0.283549
v -1.130000 1.072792 -0.328670
v 1.130000 1.072792 -0.328670
v 1.130000 1.079157 -0.281059
v -1.130000 1.072792 -0.328670
v 1.130000 1.079157 -0.281059
v -1.130000 1.079157 -0.281059
v -1.130000 1.238320 -0.349834
v 1.130000 1.244685 -0.302222
v 1.130000 1.238320 -0.349834
v -1.130000 1.238320 -0.349834
v -1.130000 1.244685 -0.302222
v 1.130000 1.244685 -0.302222
v -1.130000 1.089720 -0.350205
v 1.130000 1.216300 -0.366389
v 1.130000 1.089720 -0.350205
v -1.130000 1.089720 -0.350205
v -1.130000 1.216300 -0.366389
v 1.130000 1.216300 -0.366389
v -1.130000 1.101176 -0.264504
v 1.130000 1.101176 -0.264504
v 1.130000 1.227757 -0.280688
v -1.130000 1.101176 -0.264504
v 1.130000 1.227757 -0.280688
v -1.130000 1.227757 -0.280688
v -1.150000 1.092266 -0.331160
v -1.130000 1.072792 -0.328670
v -1.130000 1.079157 -0.281059
v -1.150000 1.092266 -0.331160
v -1.130000 1.079157 -0.281059
v -1.150000 1.098630 -0.283549
v -1.150000 1.218846 -0.347344
v -1.130000 1.244685 -0.302222
v -1.130000 1.238320 -0.349834
v -1.150000 1.218846 -0.347344
v -1.150000 1.225211 -0.299733
v -1.130000 1.244685 -0.302222
v 1.150000 1.092266 -0.331160
v 1.130000 1.079157 -0.281059
v 1.130000 1.072792 -0.328670
v 1.150000 1.092266 -0.331160
v 1.150000 1.098630 -0.283549
v 1.130000 1.079157 -0.281059
v 1.150000 1.218846 -0.347344
v 1.130000 1.238320 -0.349834
v 1.130000 1.244685 -0.302222
v 1.150000 1.218846 -0.347344
v 1.130000 1.244685 -0.302222
v 1.150000 1.225211 -0.299733
v -1.150000 1.092266 -0.331160
v -1.130000 1.216300 -0.366389
v -1.130000 1.089720 -0.350205
v -1.150000 1.092266 -0.331160
v -1.150000 1.218846 -0.347344
v -1.130000 1.216300 -0.366389
v -1.150000 1.098630 -0.283549
v -1.130000 1.101176 -0.264504
v -1.130000 1.227757 -0.280688
v -1.150000 1.098630 -0.283549
v -1.130000 1.227757 -0.280688
v -1.150000 1.225211 -0.299733
v 1.150000 1.092266 -0.331160
v 1.130000 1.089720 -0.350205
v 1.130000 1.216300 -0.366389
v 1.150000 1.092266 -0.331160
v 1.130000 1.216300 -0.366389
v 1.150000 1.218846 -0.347344
v 1.150000 1.098630 -0.283549
v 1.130000 1.227757 -0.280688
v 1.130000 1.101176 -0.264504
v 1.150000 1.098630 -0.283549
v 1.150000 1.225211 -0.299733
v 1.130000 1.227757 -0.280688
v -1.130000 1.072792 -0.328670
v -1.130000 1.089720 -0.350205
v 1.130000 1.089720 -0.350205
v -1.130000 1.072792 -0.328670
v 1.130000 1.089720 -0.350205
v 1.130000 1.072792 -0.328670
v -1.130000 1.079157 -0.281059
v 1.130000 1.101176 -0.264504
v -1.130000 1.101176 -0.264504
v -1.130000 1.079157 -0.281059
v 1.130000 1.079157 -0.281059
v 1.130000 1.101176 -0.264504
v -1.130000 1.238320 -0.349834
v 1.130000 1.216300 -0.366389
v -1.130000 1.216300 -0.366389
v -1.130000 1.238320 -0.349834
v 1.130000 1.238320 -0.349834
v 1.130000 1.216300 -0.366389
v -1.130000 1.244685 -0.302222
v -1.130000 1.227757 -0.280688
v 1.130000 1.227757 -0.280688
v -1.130000 1.244685 -0.302222
v 1.130000 1.227757 -0.280688
v 1.130000 1.244685 -0.302222
v -1.150000 1.092266 -0.331160
v -1.130000 1.089720 -0.350205
v -1.130000 1.072792 -0.328670
v -1.150000 1.098630 -0.283549
v -1.130000 1.079157 -0.281059
v -1.130000 1.101176 -0.264504
v -1.150000 1.218846 -0.347344
v -1.130000 1.238320 -0.349834
v -1.130000 1.216300 -0.366389
v -1.150000 1.225211 -0.299733
v -1.130000 1.227757 -0.280688
v -1.130000 1.244685 -0.302222
v 1.150000 1.092266 -0.331160
v 1.130000 1.072792 -0.328670
v 1.130000 1.089720 -0.350205
v 1.150000 1.098630 -0.283549
v 1.130000 1.101176 -0.264504
v 1.130000 1.079157 -0.281059
v 1.150000 1.218846 -0.347344
v 1.130000 1.216300 -0.366389
v 1.130000 1.238320 -0.349834
v 1.150000 1.225211 -0.299733
v 1.130000 1.244685 -0.302222
v 1.130000 1.227757 -0.280688
vn -1.0000 -0.0000 -0.0000
vn 1.0000 -0.0000 -0.0000
vn -0.0000 -0.9912 0.1325
vn -0.0000 0.9912 -0.1325
vn -0.0000 -0.1268 -0.9919
vn -0.0000 0.1268 0.9919
vn -0.7005 -0.7073 0.0946
vn -0.7005 0.7073 -0.0946
vn 0.7005 -0.7073 0.0946
vn 0.7005 0.7073 -0.0946
vn -0.6928 -0.0915 -0.7153
vn -0.6928 0.0915 0.7153
vn 0.6928 -0.0915 -0.7153
vn 0.6928 0.0915 0.7153
vn -0.0000 -0.7862 -0.6180
vn -0.0000 -0.6009 0.7993
vn -0.0000 0.6009 -0.7993
vn -0.0000 0.7862 0.6180
vn -0.5671 -0.6475 -0.5090
vn -0.5649 -0.4959 0.6595
vn -0.5649 0.4959 -0.6595
vn -0.5671 0.6475 0.5090
vn 0.5671 -0.6475 -0.5090
vn 0.5649 -0.4959 0.6595
vn 0.5649 0.4959 -0.6595
vn 0.5671 0.6475 0.5090
vt 0.702631 0.860227
vt 0.702631 0.851752
vt 0.705415 0.852816
vt 0.808197 0.477487
vt 0.805413 0.476423
vt 0.808197 0.469013
vt 0.860737 0.413869
vt 0.857953 0.406459
vt 0.860737 0.405395
vt 0.807168 0.312720
vt 0.807168 0.304246
vt 0.809951 0.311657
vt 0.462894 0.317239
vt 0.459915 0.177074
vt 0.462894 0.177011
vt 0.069687 0.341507
vt 0.066707 0.481703
vt 0.066707 0.341507
vt 0.147633 0.341507
vt 0.150613 0.481703
vt 0.147633 0.481703
vt 0.475937 0.152378
vt 0.472958 0.152314
vt 0.475937 0.012150
vt 0.353970 0.012150
vt 0.361886 0.152346
vt 0.353970 0.152346
vt 0.219981 0.317207
vt 0.212065 0.317207
vt 0.212065 0.177011
vt 0.179849 0.317207
vt 0.179849 0.177011
vt 0.187765 0.177011
vt 0.329670 0.012150
vt 0.321754 0.152346
vt 0.321754 0.012150
vt 0.942973 0.914815
vt 0.941733 0.914822
vt 0.941733 0.911843
vt 0.949108 0.100878
vt 0.947884 0.097898
vt 0.949125 0.097898
vt 0.936798 0.243219
vt 0.936798 0.239984
vt 0.937941 0.242736
vt 0.938061 0.537228
vt 0.936918 0.534476
vt 0.938061 0.533994
vt 0.941733 0.942095
vt 0.942973 0.939122
vt 0.942973 0.942102
vt 0.947901 0.129680
vt 0.947884 0.126700
vt 0.949125 0.126700
vt 0.938061 0.509273
vt 0.936918 0.508791
vt 0.938061 0.506039
vt 0.936921 0.344772
vt 0.936921 0.341538
vt 0.938064 0.342021
vt 0.886336 0.469013
vt 0.886336 0.477019
vt 0.885110 0.469198
vt 0.886436 0.211513
vt 0.886479 0.219429
vt 0.885239 0.219429
vt 0.359775 0.867914
vt 0.360999 0.868113
vt 0.359775 0.875934
vt 0.116655 0.866345
vt 0.116655 0.874364
vt 0.115430 0.874166
vt 0.561985 0.870919
vt 0.563211 0.871105
vt 0.561985 0.878925
vt 0.885282 0.243729
vt 0.886479 0.251645
vt 0.885239 0.251645
vt 0.230696 0.867920
vt 0.230696 0.875939
vt 0.229471 0.868118
vt 0.785718 0.867702
vt 0.786942 0.875523
vt 0.785718 0.875721
vt 0.501448 0.152346
vt 0.500237 0.152346
vt 0.500237 0.012150
vt 0.536474 0.341538
vt 0.537685 0.481735
vt 0.536474 0.481735
vt 0.116655 0.341730
vt 0.115430 0.481926
vt 0.115430 0.341730
vt 0.359760 0.481703
vt 0.359760 0.341507
vt 0.360984 0.341507
vt 0.280519 0.481708
vt 0.280519 0.341507
vt 0.281744 0.481698
vt 0.309936 0.481708
vt 0.308711 0.341517
vt 0.309936 0.341507
vt 0.577979 0.152346
vt 0.576768 0.152346
vt 0.576768 0.012150
vt 0.525747 0.012150
vt 0.526958 0.152346
vt 0.525747 0.152346
vt 0.962434 0.470751
vt 0.961569 0.469861
vt 0.962434 0.469012
vt 0.836525 0.979898
vt 0.837749 0.981132
vt 0.836525 0.981139
vt 0.287359 0.980205
vt 0.286134 0.978971
vt 0.287359 0.978965
vt 0.962363 0.341538
vt 0.963228 0.342428
vt 0.962363 0.343277
vt 0.961698 0.178749
vt 0.961698 0.177011
vt 0.962563 0.177859
vt 0.758942 0.980076
vt 0.758942 0.981317
vt 0.757718 0.981310
vt 0.012150 0.980212
vt 0.012150 0.978971
vt 0.013374 0.978978
vt 0.963224 0.561527
vt 0.963224 0.563266
vt 0.962360 0.562417
s 0
usemtl bench
f 661/661/137 662/662/137 663/663/137
f 664/664/137 665/665/137 666/666/137
f 667/667/138 668/668/138 669/669/138
f 670/670/138 671/671/138 672/672/138
f 673/673/139 674/674/139 675/675/139
f 676/676/139 677/677/139 678/678/139
f 679/679/140 680/680/140 681/681/140
f 682/682/140 683/683/140 684/684/140
f 685/685/141 686/686/141 687/687/141
f 688/688/141 689/689/141 690/690/141
f 691/691/142 692/692/142 693/693/142
f 694/694/142 695/695/142 696/696/142
f 697/697/143 698/698/143 699/699/143
f 700/700/143 701/701/143 702/702/143
f 703/703/144 704/704/144 705/705/144
f 706/706/144 707/707/144 708/708/144
f 709/709/145 710/710/145 711/711/145
f 712/712/145 713/713/145 714/714/145
f 715/715/146 716/716/146 717/717/146
f 718/718/146 719/719/146 720/720/146
f 721/721/147 722/722/147 723/723/147
f 724/724/147 725/725/147 726/726/147
f 727/727/148 728/728/148 729/729/148
f 730/730/148 731/731/148 732/732/148
f 733/733/149 734/734/149 735/735/149
f 736/736/149 737/737/149 738/738/149
f 739/739/150 740/740/150 741/741/150
f 742/742/150 743/743/150 744/744/150
f 745/745/151 746/746/151 747/747/151
f 748/748/151 749/749/151 750/750/151
f 751/751/152 752/752/152 753/753/152
f 754/754/152 755/755/152 756/756/152
f 757/757/153 758/758/153 759/759/153
f 760/760/153 761/761/153 762/762/153
f 763/763/154 764/764/154 765/765/154
f 766/766/154 767/767/154 768/768/154
f 769/769/155 770/770/155 771/771/155
f 772/772/156 773/773/156 774/774/156
f 775/775/157 776/776/157 777/777/157
f 778/778/158 779/779/158 780/780/158
f 781/781/159 782/782/159 783/783/159
f 784/784/160 785/785/160 786/786/160
f 787/787/161 788/788/161 789/789/161
f 790/790/162 791/791/162 792/792/162
o back_slat_2
v -1.150000 1.347581 -0.364772
v -1.150000 1.480526 -0.333344
v -1.150000 1.474161 -0.380956
v -1.150000 1.347581 -0.364772
v -1.150000 1.353946 -0.317160
v -1.150000 1.480526 -0.333344
v 1.150000 1.347581 -0.364772
v 1.150000 1.474161 -0.380956
v 1.150000 1.480526 -0.333344
v 1.150000 1.347581 -0.364772
v 1.150000 1.480526 -0.333344
v 1.150000 1.353946 -0.317160
v -1.130000 1.328107 -0.362282
v 1.130000 1.328107 -0.362282
v 1.130000 1.334472 -0.314670
v -1.130000 1.328107 -0.362282
v 1.130000 1.334472 -0.314670
v -1.130000 1.334472 -0.314670
v -1.130000 1.493635 -0.383445
v 1.130000 1.500000 -0.335834
v 1.130000 1.493635 -0.383445
v -1.130000 1.493635 -0.383445
v -1.130000 1.500000 -0.335834
v 1.130000 1.500000 -0.335834
v -1.130000 1.345035 -0.383816
v 1.130000 1.471615 -0.400000
v 1.130000 1.345035 -0.383816
v -1.130000 1.345035 -0.383816
v -1.130000 1.471615 -0.400000
v 1.130000 1.471615 -0.400000
v -1.130000 1.356492 -0.298116
v 1.130000 1.356492 -0.298116
v 1.130000 1.483072 -0.314300
v -1.130000 1.356492 -0.298116
v 1.130000 1.483072 -0.314300
v -1.130000 1.483072 -0.314300
v -1.150000 1.347581 -0.364772
v -1.130000 1.328107 -0.362282
v -1.130000 1.334472 -0.314670
v -1.150000 1.347581 -0.364772
v -1.130000 1.334472 -0.314670
v -1.150000 1.353946 -0.317160
v -1.150000 1.474161 -0.380956
v -1.130000 1.500000 -0.335834
v -1.130000 1.493635 -0.383445
v -1.150000 1.474161 -0.380956
v -1.150000 1.480526 -0.333344
v -1.130000 1.500000 -0.335834
v 1.150000 1.347581 -0.364772
v 1.130000 1.334472 -0.314670
v 1.130000 1.328107 -0.362282
v 1.150000 1.347581 -0.364772
v 1.150000 1.353946 -0.317160
v 1.130000 1.334472 -0.314670
v 1.150000 1.474161 -0.380956
v 1.130000 1.493635 -0.383445
v 1.130000 1.500000 -0.335834
v 1.150000 1.474161 -0.380956
v 1.130000 1.500000 -0.335834
v 1.150000 1.480526 -0.333344
v -1.150000 1.347581 -0.364772
v -1.130000 1.471615 -0.400000
v -1.130000 1.345035 -0.383816
v -1.150000 1.347581 -0.364772
v -1.150000 1.474161 -0.380956
v -1.130000 1.471615 -0.400000
v -1.150000 1.353946 -0.317160
v -1.130000 1.356492 -0.298116
v -1.130000 1.483072 -0.314300
v -1.150000 1.353946 -0.317160
v -1.130000 1.483072 -0.314300
v -1.150000 1.480526 -0.333344
v 1.150000 1.347581 -0.364772
v 1.130000 1.345035 -0.383816
v 1.130000 1.471615 -0.400000
v 1.150000 1.347581 -0.364772
v 1.130000 1.471615 -0.400000
v 1.150000 1.474161 -0.380956
v 1.150000 1.353946 -0.317160
v 1.130000 1.483072 -0.314300
v 1.130000 1.356492 -0.298116
v 1.150000 1.353946 -0.317160
v 1.150000 1.480526 -0.333344
v 1.130000 1.483072 -0.314300
v -1.130000 1.328107 -0.362282
v -1.130000 1.345035 -0.383816
v 1.130000 1.345035 -0.383816
v -1.130000 1.328107 -0.362282
v 1.130000 1.345035 -0.383816
v 1.130000 1.328107 -0.362282
v -1.130000 1.334472 -0.314670
v 1.130000 1.356492 -0.298116
v -1.130000 1.356492 -0.298116
v -1.130000 1.334472 -0.314670
v 1.130000 1.334472 -0.314670
v 1.130000 1.356492 -0.298116
v -1.130000 1.493635 -0.383445
v 1.130000 1.471615 -0.400000
v -1.130000 1.471615 -0.400000
v -1.130000 1.493635 -0.383445
v 1.130000 1.493635 -0.383445
v 1.130000 1.471615 -0.400000
v -1.130000 1.500000 -0.335834
v -1.130000 1.483072 -0.314300
v 1.130000 1.483072 -0.314300
v -1.130000 1.500000 -0.335834
v 1.130000 1.483072 -0.314300
v 1.130000 1.500000 -0.335834
v -1.150000 1.347581 -0.364772
v -1.130000 1.345035 -0.383816
v -1.130000 1.328107 -0.362282
v -1.150000 1.353946 -0.317160
v -1.130000 1.334472 -0.314670
v -1.130000 1.356492 -0.298116
v -1.150000 1.474161 -0.380956
v -1.130000 1.493635 -0.383445
v -1.130000 1.471615 -0.400000
v -1.150000 1.480526 -0.333344
v -1.130000 1.483072 -0.314300
v -1.130000 1.500000 -0.335834
v 1.150000 1.347581 -0.364772
v 1.130000 1.328107 -0.362282
v 1.130000 1.345035 -0.383816
v 1.150000 1.353946 -0.317160
v 1.130000 1.356492 -0.298116
v 1.130000 1.334472 -0.314670
v 1.150000 1.474161 -0.380956
v 1.130000 1.471615 -0.400000
v 1.130000 1.493635 -0.383445
v 1.150000 1.480526 -0.333344
v 1.130000 1.500000 -0.335834
v 1.130000 1.483072 -0.314300
vn -1.0000 -0.0000 -0.0000
vn 1.0000 -0.0000 -0.0000
vn -0.0000 -0.9912 0.1325
vn -0.0000 0.9912 -0.1325
vn -0.0000 -0.1268 -0.9919
vn -0.0000 0.1268 0.9919
vn -0.7005 -0.7073 0.0946
vn -0.7005 0.7073 -0.0946
vn 0.7005 -0.7073 0.0946
vn 0.7005 0.7073 -0.0946
vn -0.6928 -0.0915 -0.7153
vn -0.6928 0.0915 0.7153
vn 0.6928 -0.0915 -0.7153
vn 0.6928 0.0915 0.7153
vn -0.0000 -0.7862 -0.6180
vn -0.0000 -0.6009 0.7993
vn -0.0000 0.6009 -0.7993
vn -0.0000 0.7862 0.6180
vn -0.5671 -0.6475 -0.5090
vn -0.5649 -0.4958 0.6596
vn -0.5649 0.4959 -0.6595
vn -0.5671 0.6475 0.5090
vn 0.5671 -0.6475 -0.5090
vn 0.5649 -0.4958 0.6596
vn 0.5649 0.4959 -0.6595
vn 0.5671 0.6475 0.5090
vt 0.724836 0.317239
vt 0.724836 0.308764
vt 0.727620 0.309828
vt 0.835279 0.477487
vt 0.832496 0.476423
vt 0.835279 0.469012
vt 0.781114 0.477487
vt 0.778330 0.470076
vt 0.781114 0.469012
vt 0.834251 0.312720
vt 0.834251 0.304246
vt 0.837034 0.311657
vt 0.015129 0.481735
vt 0.012150 0.341570
vt 0.015129 0.341507
vt 0.177892 0.341507
vt 0.174912 0.481703
vt 0.174912 0.341507
vt 0.039428 0.481735
vt 0.039428 0.341507
vt 0.042407 0.341570
vt 0.205171 0.481703
vt 0.202192 0.481703
vt 0.202192 0.341507
vt 0.373143 0.177011
vt 0.381059 0.317207
vt 0.373143 0.317207
vt 0.252196 0.317207
vt 0.244280 0.317207
vt 0.244280 0.177011
vt 0.147633 0.317207
vt 0.147633 0.177011
vt 0.155549 0.177011
vt 0.284412 0.177011
vt 0.276496 0.317207
vt 0.276496 0.177011
vt 0.943800 0.886181
vt 0.942559 0.886181
vt 0.942576 0.883201
vt 0.702467 0.944355
vt 0.701243 0.941375
vt 0.702484 0.941375
vt 0.936918 0.564761
vt 0.936918 0.561527
vt 0.938061 0.564279
vt 0.938061 0.592295
vt 0.936918 0.589543
vt 0.938061 0.589061
vt 0.944286 0.630717
vt 0.945510 0.627737
vt 0.945527 0.630717
vt 0.947901 0.072734
vt 0.947884 0.069754
vt 0.949125 0.069754
vt 0.938061 0.684788
vt 0.936918 0.684305
vt 0.938061 0.681553
vt 0.937166 0.441403
vt 0.937166 0.438169
vt 0.938309 0.438651
vt 0.886599 0.506039
vt 0.885402 0.513955
vt 0.885358 0.506039
vt 0.885036 0.405395
vt 0.886263 0.413215
vt 0.885036 0.413401
vt 0.147633 0.867937
vt 0.148858 0.868135
vt 0.147633 0.875956
vt 0.199936 0.867937
vt 0.199936 0.875956
vt 0.198712 0.875758
vt 0.885358 0.538255
vt 0.886599 0.538255
vt 0.886555 0.546171
vt 0.886465 0.177011
vt 0.886465 0.185017
vt 0.885239 0.184831
vt 0.174397 0.867937
vt 0.174397 0.875956
vt 0.173173 0.868135
vt 0.334235 0.867937
vt 0.335460 0.875758
vt 0.334235 0.875956
vt 0.512175 0.481735
vt 0.510964 0.481735
vt 0.510964 0.341538
vt 0.538228 0.177011
vt 0.539439 0.317207
vt 0.538228 0.317207
vt 0.488419 0.177011
vt 0.487194 0.317207
vt 0.487194 0.177011
vt 0.459915 0.481735
vt 0.459915 0.341538
vt 0.461140 0.341538
vt 0.406583 0.341538
vt 0.405358 0.481735
vt 0.405358 0.341538
vt 0.485439 0.481735
vt 0.485439 0.341538
vt 0.486664 0.341538
vt 0.590460 0.317207
vt 0.589249 0.317207
vt 0.589249 0.177011
vt 0.551258 0.012150
vt 0.552469 0.152346
vt 0.551258 0.152346
vt 0.962649 0.213252
vt 0.961785 0.212362
vt 0.962649 0.211513
vt 0.115437 0.981138
vt 0.116655 0.982379
vt 0.115430 0.982379
vt 0.406583 0.980228
vt 0.405358 0.978994
vt 0.406583 0.978987
vt 0.962609 0.438169
vt 0.963473 0.439059
vt 0.962609 0.439907
vt 0.962241 0.241723
vt 0.962241 0.239984
vt 0.963105 0.240833
vt 0.067925 0.982248
vt 0.067931 0.983489
vt 0.066707 0.983489
vt 0.673854 0.980403
vt 0.673854 0.979162
vt 0.675079 0.979169
vt 0.964597 0.275944
vt 0.964597 0.277683
vt 0.963733 0.276835
s 0
usemtl bench
f 793/793/163 794/794/163 795/795/163
f 796/796/163 797/797/163 798/798/163
f 799/799/164 800/800/164 801/801/164
f 802/802/164 803/803/164 804/804/164
f 805/805/165 806/806/165 807/807/165
f 808/808/165 809/809/165 810/810/165
f 811/811/166 812/812/166 813/813/166
f 814/814/166 815/815/166 816/816/166
f 817/817/167 818/818/167 819/819/167
f 820/820/167 821/821/167 822/822/167
f 823/823/168 824/824/168 825/825/168
f 826/826/168 827/827/168 828/828/168
f 829/829/169 830/830/169 831/831/169
f 832/832/169 833/833/169 834/834/169
f 835/835/170 836/836/170 837/837/170
f 838/838/170 839/839/170 840/840/170
f 841/841/171 842/842/171 843/843/171
f 844/844/171 845/845/171 846/846/171
f 847/847/172 848/848/172 849/849/172
f 850/850/172 851/851/172 852/852/172
f 853/853/173 854/854/173 855/855/173
f 856/856/173 857/857/173 858/858/173
f 859/859/174 860/860/174 861/861/174
f 862/862/174 863/863/174 864/864/174
f 865/865/175 866/866/175 867/867/175
f 868/868/175 869/869/175 870/870/175
f 871/871/176 872/872/176 873/873/176
f 874/874/176 875/875/176 876/876/176
f 877/877/177 878/878/177 879/879/177
f 880/880/177 881/881/177 882/882/177
f 883/883/178 884/884/178 885/885/178
f 886/886/178 887/887/178 888/888/178
f 889/889/179 890/890/179 891/891/179
f 892/892/179 893/893/179 894/894/179
f 895/895/180 896/896/180 897/897/180
f 898/898/180 899/899/180 900/900/180
f 901/901/181 902/902/181 903/903/181
f 904/904/182 905/905/182 906/906/182
f 907/907/183 908/908/183 909/909/183
f 910/910/184 911/911/184 912/912/184
f 913/913/185 914/914/185 915/915/185
f 916/916/186 917/917/186 918/918/186
f 919/919/187 920/920/187 921/921/187
f 922/922/188 923/923/188 924/924/188
o leg_l
v -1.015000 0.019640 -0.253025
v -1.015000 0.608829 0.380793
v -1.015000 0.608829 -0.253025
v -1.015000 0.019640 -0.253025
v -1.015000 0.019640 0.380793
v -1.015000 0.608829 0.380793
v -0.905000 0.019640 -0.253025
v -0.905000 0.608829 -0.253025
v -0.905000 0.608829 0.380793
v -0.905000 0.019640 -0.253025
v -0.905000 0.608829 0.380793
v -0.905000 0.019640 0.380793
v -0.995000 -0.000000 -0.253025
v -0.925000 -0.000000 -0.253025
v -0.925000 0.000000 0.380793
v -0.995000 -0.000000 -0.253025
v -0.925000 0.000000 0.380793
v -0.995000 0.000000 0.380793
v -0.995000 0.628468 -0.253025
v -0.925000 0.628468 0.380793
v -0.925000 0.628468 -0.253025
v -0.995000 0.628468 -0.253025
v -0.995000 0.628468 0.380793
v -0.925000 0.628468 0.380793
v -0.995000 0.019640 -0.272231
v -0.925000 0.608829 -0.272231
v -0.925000 0.019640 -0.272231
v -0.995000 0.019640 -0.272231
v -0.995000 0.608829 -0.272231
v -0.925000 0.608829 -0.272231
v -0.995000 0.019640 0.400000
v -0.925000 0.019640 0.400000
v -0.925000 0.608829 0.400000
v -0.995000 0.019640 0.400000
v -0.925000 0.608829 0.400000
v -0.995000 0.608829 0.400000
v -1.015000 0.019640 -0.253025
v -0.995000 -0.000000 -0.253025
v -0.995000 0.000000 0.380793
v -1.015000 0.019640 -0.253025
v -0.995000 0.000000 0.380793
v -1.015000 0.019640 0.380793
v -1.015000 0.608829 -0.253025
v -0.995000 0.628468 0.380793
v -0.995000 0.628468 -0.253025
v -1.015000 0.608829 -0.253025
v -1.015000 0.608829 0.380793
v -0.995000 0.628468 0.380793
v -0.905000 0.019640 -0.253025
v -0.925000 0.000000 0.380793
v -0.925000 -0.000000 -0.253025
v -0.905000 0.019640 -0.253025
v -0.905000 0.019640 0.380793
v -0.925000 0.000000 0.380793
v -0.905000 0.608829 -0.253025
v -0.925000 0.628468 -0.253025
v -0.925000 0.628468 0.380793
v -0.905000 0.608829 -0.253025
v -0.925000 0.628468 0.380793
v -0.905000 0.608829 0.380793
v -1.015000 0.019640 -0.253025
v -0.995000 0.608829 -0.272231
v -0.995000 0.019640 -0.272231
v -1.015000 0.019640 -0.253025
v -1.015000 0.608829 -0.253025
v -0.995000 0.608829 -0.272231
v -1.015000 0.019640 0.380793
v -0.995000 0.019640 0.400000
v -0.995000 0.608829 0.400000
v -1.015000 0.019640 0.380793
v -0.995000 0.608829 0.400000
v -1.015000 0.608829 0.380793
v -0.905000 0.019640 -0.253025
v -0.925000 0.019640 -0.272231
v -0.925000 0.608829 -0.272231
v -0.905000 0.019640 -0.253025
v -0.925000 0.608829 -0.272231
v -0.905000 0.608829 -0.253025
v -0.905000 0.019640 0.380793
v -0.925000 0.608829 0.400000
v -0.925000 0.019640 0.400000
v -0.905000 0.019640 0.380793
v -0.905000 0.608829 0.380793
v -0.925000 0.608829 0.400000
v -0.995000 -0.000000 -0.253025
v -0.995000 0.019640 -0.272231
v -0.925000 0.019640 -0.272231
v -0.995000 -0.000000 -0.253025
v -0.925000 0.019640 -0.272231
v -0.925000 -0.000000 -0.253025
v -0.995000 0.000000 0.380793
v -0.925000 0.019640 0.400000
v -0.995000 0.019640 0.400000
v -0.995000 0.000000 0.380793
v -0.925000 0.000000 0.380793
v -0.925000 0.019640 0.400000
v -0.995000 0.628468 -0.253025
v -0.925000 0.608829 -0.272231
v -0.995000 0.608829 -0.272231
v -0.995000 0.628468 -0.253025
v -0.925000 0.628468 -0.253025
v -0.925000 0.608829 -0.272231
v -0.995000 0.628468 0.380793
v -0.995000 0.608829 0.400000
v -0.925000 0.608829 0.400000
v -0.995000 0.628468 0.380793
v -0.925000 0.608829 0.400000
v -0.925000 0.628468 0.380793
v -1.015000 0.019640 -0.253025
v -0.995000 0.019640 -0.272231
v -0.995000 -0.000000 -0.253025
v -1.015000 0.019640 0.380793
v -0.995000 0.000000 0.380793
v -0.995000 0.019640 0.400000
v -1.015000 0.608829 -0.253025
v -0.995000 0.628468 -0.253025
v -0.995000 0.608829 -0.272231
v -1.015000 0.608829 0.380793
v -0.995000 0.608829 0.400000
v -0.995000 0.628468 0.380793
v -0.905000 0.019640 -0.253025
v -0.925000 -0.000000 -0.253025
v -0.925000 0.019640 -0.272231
v -0.905000 0.019640 0.380793
v -0.925000 0.019640 0.400000
v -0.925000 0.000000 0.380793
v -0.905000 0.608829 -0.253025
v -0.925000 0.608829 -0.272231
v -0.925000 0.628468 -0.253025
v -0.905000 0.608829 0.380793
v -0.925000 0.628468 0.380793
v -0.925000 0.608829 0.400000
vn -1.0000 -0.0000 -0.0000
vn 1.0000 -0.0000 -0.0000
vn -0.0000 -1.0000 -0.0000
vn -0.0000 1.0000 -0.0000
vn -0.0000 -0.0000 -1.0000
vn -0.0000 -0.0000 1.0000
vn -0.7007 -0.7135 -0.0000
vn -0.7006 -0.7135 -0.0000
vn -0.7007 0.7135 -0.0000
vn -0.7006 0.7135 -0.0000
vn 0.7006 -0.7135 -0.0000
vn 0.7006 0.7135 -0.0000
vn -0.6927 -0.0000 -0.7213
vn -0.6927 -0.0000 0.7213
vn 0.6927 -0.0000 -0.7213
vn 0.6927 -0.0000 0.7213
vn -0.0000 -0.6992 -0.7149
vn -0.0000 -0.6992 0.7149
vn -0.0000 0.6992 -0.7149
vn -0.0000 0.6992 0.7149
vn -0.5660 -0.5764 -0.5894
vn -0.5660 -0.5764 0.5894
vn -0.5660 0.5764 -0.5894
vn -0.5660 0.5764 0.5894
vn 0.5660 -0.5764 -0.5894
vn 0.5660 -0.5764 0.5894
vn 0.5660 0.5764 -0.5894
vn 0.5660 0.5764 0.5894
vt 0.613006 0.672593
vt 0.649555 0.633274
vt 0.649555 0.672593
vt 0.653260 0.051468
vt 0.653260 0.012150
vt 0.689810 0.012150
vt 0.649555 0.545357
vt 0.613005 0.545357
vt 0.613005 0.506039
vt 0.689810 0.115085
vt 0.653260 0.075767
vt 0.689810 0.075767
vt 0.782673 0.444713
vt 0.778330 0.444713
vt 0.778330 0.405395
vt 0.784427 0.216329
vt 0.780085 0.177011
vt 0.784427 0.177011
vt 0.808797 0.655569
vt 0.808797 0.627737
vt 0.813086 0.654891
vt 0.290423 0.841866
vt 0.286134 0.814712
vt 0.290423 0.814034
vt 0.519867 0.840172
vt 0.524209 0.814041
vt 0.524209 0.840172
vt 0.673855 0.841859
vt 0.673855 0.815728
vt 0.678197 0.815728
vt 0.433941 0.814041
vt 0.438284 0.814041
vt 0.438284 0.840172
vt 0.409642 0.814041
vt 0.409642 0.840530
vt 0.405358 0.839818
vt 0.013390 0.789741
vt 0.012150 0.789741
vt 0.012150 0.750423
vt 0.783258 0.545377
vt 0.783258 0.506039
vt 0.784498 0.506078
vt 0.481934 0.789741
vt 0.483152 0.750423
vt 0.483152 0.789741
vt 0.507452 0.789741
vt 0.507452 0.750423
vt 0.508670 0.750423
vt 0.783258 0.609014
vt 0.783258 0.569676
vt 0.784498 0.608975
vt 0.784498 0.720891
vt 0.783258 0.681593
vt 0.784498 0.681553
vt 0.432117 0.789741
vt 0.430898 0.789741
vt 0.430898 0.750423
vt 0.534188 0.789741
vt 0.532969 0.750423
vt 0.534188 0.750423
vt 0.809989 0.681553
vt 0.808797 0.718103
vt 0.808797 0.681553
vt 0.587502 0.756871
vt 0.588693 0.793401
vt 0.587502 0.793440
vt 0.812449 0.781740
vt 0.811257 0.781740
vt 0.811257 0.745191
vt 0.613005 0.776625
vt 0.614197 0.813175
vt 0.613005 0.813175
vt 0.809988 0.542589
vt 0.808797 0.542589
vt 0.808797 0.506039
vt 0.808163 0.405395
vt 0.808163 0.441964
vt 0.806972 0.441925
vt 0.639688 0.776625
vt 0.638496 0.813175
vt 0.638496 0.776625
vt 0.818661 0.048699
vt 0.818661 0.012150
vt 0.819853 0.012150
vt 0.911827 0.473355
vt 0.910636 0.473355
vt 0.910636 0.469012
vt 0.910765 0.177011
vt 0.911956 0.181353
vt 0.910765 0.181353
vt 0.897004 0.074257
vt 0.897004 0.069754
vt 0.898153 0.073942
vt 0.898153 0.103059
vt 0.897004 0.098872
vt 0.898153 0.098557
vt 0.890006 0.376041
vt 0.888301 0.380383
vt 0.888301 0.376041
vt 0.888299 0.720398
vt 0.888299 0.716056
vt 0.890003 0.716056
vt 0.886847 0.442833
vt 0.885261 0.442211
vt 0.886847 0.438169
vt 0.040738 0.887711
vt 0.040738 0.883046
vt 0.042325 0.883668
vt 0.914227 0.967593
vt 0.914227 0.969313
vt 0.913368 0.968488
vt 0.359775 0.983908
vt 0.359775 0.982668
vt 0.360966 0.982668
vt 0.944029 0.656406
vt 0.945270 0.655535
vt 0.945270 0.657239
vt 0.286134 0.953149
vt 0.287529 0.953686
vt 0.286134 0.954665
vt 0.587511 0.983689
vt 0.587511 0.982448
vt 0.588702 0.982448
vt 0.040738 0.969217
vt 0.040738 0.967497
vt 0.041598 0.968322
vt 0.892746 0.655954
vt 0.891505 0.656787
vt 0.891505 0.655083
vt 0.837940 0.955599
vt 0.836525 0.955054
vt 0.837940 0.954104
s 0
usemtl bench
f 925/925/189 926/926/189 927/927/189
f 928/928/189 929/929/189 930/930/189
f 931/931/190 932/932/190 933/933/190
f 934/934/190 935/935/190 936/936/190
f 937/937/191 938/938/191 939/939/191
f 940/940/191 941/941/191 942/942/191
f 943/943/192 944/944/192 945/945/192
f 946/946/192 947/947/192 948/948/192
f 949/949/193 950/950/193 951/951/193
f 952/952/193 953/953/193 954/954/193
f 955/955/194 956/956/194 957/957/194
f 958/958/194 959/959/194 960/960/194
f 961/961/195 962/962/195 963/963/195
f 964/964/196 965/965/196 966/966/196
f 967/967/197 968/968/197 969/969/197
f 970/970/198 971/971/198 972/972/198
f 973/973/199 974/974/199 975/975/199
f 976/976/199 977/977/199 978/978/199
f 979/979/200 980/980/200 981/981/200
f 982/982/200 983/983/200 984/984/200
f 985/985/201 986/986/201 987/987/201
f 988/988/201 989/989/201 990/990/201
f 991/991/202 992/992/202 993/993/202
f 994/994/202 995/995/202 996/996/202
f 997/997/203 998/998/203 999/999/203
f 1000/1000/203 1001/1001/203 1002/1002/203
f 1003/1003/204 1004/1004/204 1005/1005/204
f 1006/1006/204 1007/1007/204 1008/1008/204
f 1009/1009/205 1010/1010/205 1011/1011/205
f 1012/1012/205 1013/1013/205 1014/1014/205
f 1015/1015/206 1016/1016/206 1017/1017/206
f 1018/1018/206 1019/1019/206 1020/1020/206
f 1021/1021/207 1022/1022/207 1023/1023/207
f 1024/1024/207 1025/1025/207 1026/1026/207
f 1027/1027/208 1028/1028/208 1029/1029/208
f 1030/1030/208 1031/1031/208 1032/1032/208
f 1033/1033/209 1034/1034/209 1035/1035/209
f 1036/1036/210 1037/1037/210 1038/1038/210
f 1039/1039/211 1040/1040/211 1041/1041/211
f 1042/1042/212 1043/1043/212 1044/1044/212
f 1045/1045/213 1046/1046/213 1047/1047/213
f 1048/1048/214 1049/1049/214 1050/1050/214
f 1051/1051/215 1052/1052/215 1053/1053/215
f 1054/1054/216 1055/1055/216 1056/1056/216
o leg_r
v 0.905000 0.019640 -0.253025
v 0.905000 0.608829 0.380793
v 0.905000 0.608829 -0.253025
v 0.905000 0.019640 -0.253025
v 0.905000 0.019640 0.380793
v 0.905000 0.608829 0.380793
v 1.015000 0.019640 -0.253025
v 1.015000 0.608829 -0.253025
v 1.015000 0.608829 0.380793
v 1.015000 0.019640 -0.253025
v 1.015000 0.608829 0.380793
v 1.015000 0.019640 0.380793
v 0.925000 -0.000000 -0.253025
v 0.995000 -0.000000 -0.253025
v 0.995000 0.000000 0.380793
v 0.925000 -0.000000 -0.253025
v 0.995000 0.000000 0.380793
v 0.925000 0.000000 0.380793
v 0.925000 0.628468 -0.253025
v 0.995000 0.628468 0.380793
v 0.995000 0.628468 -0.253025
v 0.925000 0.628468 -0.253025
v 0.925000 0.628468 0.380793
v 0.995000 0.628468 0.380793
v 0.925000 0.019640 -0.272231
v 0.995000 0.608829 -0.272231
v 0.995000 0.019640 -0.272231
v 0.925000 0.019640 -0.272231
v 0.925000 0.608829 -0.272231
v 0.995000 0.608829 -0.272231
v 0.925000 0.019640 0.400000
v 0.995000 0.019640 0.400000
v 0.995000 0.608829 0.400000
v 0.925000 0.019640 0.400000
v 0.995000 0.608829 0.400000
v 0.925000 0.608829 0.400000
v 0.905000 0.019640 -0.253025
v 0.925000 -0.000000 -0.253025
v 0.925000 0.000000 0.380793
v 0.905000 0.019640 -0.253025
v 0.925000 0.000000 0.380793
v 0.905000 0.019640 0.380793
v 0.905000 0.608829 -0.253025
v 0.925000 0.628468 0.380793
v 0.925000 0.628468 -0.253025
v 0.905000 0.608829 -0.253025
v 0.905000 0.608829 0.380793
v 0.925000 0.628468 0.380793
v 1.015000 0.019640 -0.253025
v 0.995000 0.000000 0.380793
v 0.995000 -0.000000 -0.253025
v 1.015000 0.019640 -0.253025
v 1.015000 0.019640 0.380793
v 0.995000 0.000000 0.380793
v 1.015000 0.608829 -0.253025
v 0.995000 0.628468 -0.253025
v 0.995000 0.628468 0.380793
v 1.015000 0.608829 -0.253025
v 0.995000 0.628468 0.380793
v 1.015000 0.608829 0.380793
v 0.905000 0.019640 -0.253025
v 0.925000 0.608829 -0.272231
v 0.925000 0.019640 -0.272231
v 0.905000 0.019640 -0.253025
v 0.905000 0.608829 -0.253025
v 0.925000 0.608829 -0.272231
v 0.905000 0.019640 0.380793
v 0.925000 0.019640 0.400000
v 0.925000 0.608829 0.400000
v 0.905000 0.019640 0.380793
v 0.925000 0.608829 0.400000
v 0.905000 0.608829 0.380793
v 1.015000 0.019640 -0.253025
v 0.995000 0.019640 -0.272231
v 0.995000 0.608829 -0.272231
v 1.015000 0.019640 -0.253025
v 0.995000 0.608829 -0.272231
v 1.015000 0.608829 -0.253025
v 1.015000 0.019640 0.380793
v 0.995000 0.608829 0.400000
v 0.995000 0.019640 0.400000
v 1.015000 0.019640 0.380793
v 1.015000 0.608829 0.380793
v 0.995000 0.608829 0.400000
v 0.925000 -0.000000 -0.253025
v 0.925000 0.019640 -0.272231
v 0.995000 0.019640 -0.272231
v 0.925000 -0.000000 -0.253025
v 0.995000 0.019640 -0.272231
v 0.995000 -0.000000 -0.253025
v 0.925000 0.000000 0.380793
v 0.995000 0.019640 0.400000
v 0.925000 0.019640 0.400000
v 0.925000 0.000000 0.380793
v 0.995000 0.000000 0.380793
v 0.995000 0.019640 0.400000
v 0.925000 0.628468 -0.253025
v 0.995000 0.608829 -0.272231
v 0.925000 0.608829 -0.272231
v 0.925000 0.628468 -0.253025
v 0.995000 0.628468 -0.253025
v 0.995000 0.608829 -0.272231
v 0.925000 0.628468 0.380793
v 0.925000 0.608829 0.400000
v 0.995000 0.608829 0.400000
v 0.925000 0.628468 0.380793
v 0.995000 0.608829 0.400000
v 0.995000 0.628468 0.380793
v 0.905000 0.019640 -0.253025
v 0.925000 0.019640 -0.272231
v 0.925000 -0.000000 -0.253025
v 0.905000 0.019640 0.380793
v 0.925000 0.000000 0.380793
v 0.925000 0.019640 0.400000
v 0.905000 0.608829 -0.253025
v 0.925000 0.628468 -0.253025
v 0.925000 0.608829 -0.272231
v 0.905000 0.608829 0.380793
v 0.925000 0.608829 0.400000
v 0.925000 0.628468 0.380793
v 1.015000 0.019640 -0.253025
v 0.995000 -0.000000 -0.253025
v 0.995000 0.019640 -0.272231
v 1.015000 0.019640 0.380793
v 0.995000 0.019640 0.400000
v 0.995000 0.000000 0.380793
v 1.015000 0.608829 -0.253025
v 0.995000 0.608829 -0.272231
v 0.995000 0.628468 -0.253025
v 1.015000 0.608829 0.380793
v 0.995000 0.628468 0.380793
v 0.995000 0.608829 0.400000
vn -1.0000 -0.0000 -0.0000
vn 1.0000 -0.0000 -0.0000
vn -0.0000 -1.0000 -0.0000
vn -0.0000 1.0000 -0.0000
vn -0.0000 -0.0000 -1.0000
vn -0.0000 -0.0000 1.0000
vn -0.7006 -0.7135 -0.0000
vn -0.7006 0.7135 -0.0000
vn 0.7007 -0.7135 -0.0000
vn 0.7006 -0.7135 -0.0000
vn 0.7007 0.7135 -0.0000
vn 0.7006 0.7135 -0.0000
vn -0.6927 -0.0000 -0.7213
vn -0.6927 -0.0000 0.7213
vn 0.6927 -0.0000 -0.7213
vn 0.6927 -0.0000 0.7213
vn -0.0000 -0.6992 -0.7149
vn -0.0000 -0.6992 0.7149
vn -0.0000 0.6992 -0.7149
vn -0.0000 0.6992 0.7149
vn -0.5660 -0.5764 -0.5894
vn -0.5660 -0.5764 0.5894
vn -0.5660 0.5764 -0.5894
vn -0.5660 0.5764 0.5894
vn 0.5660 -0.5764 -0.5894
vn 0.5660 -0.5764 0.5894
vn 0.5660 0.5764 -0.5894
vn 0.5660 0.5764 0.5894
vt 0.663987 0.380856
vt 0.700537 0.341538
vt 0.700537 0.380856
vt 0.663987 0.444474
vt 0.663987 0.405156
vt 0.700537 0.405156
vt 0.649555 0.608975
vt 0.613005 0.608975
vt 0.613005 0.569657
vt 0.702291 0.216329
vt 0.665742 0.177011
vt 0.702291 0.177011
vt 0.782646 0.381096
vt 0.778330 0.380619
vt 0.782646 0.341538
vt 0.784427 0.279947
vt 0.780085 0.240628
vt 0.784427 0.240628
vt 0.837386 0.655569
vt 0.837386 0.627737
vt 0.841675 0.654891
vt 0.016439 0.841872
vt 0.012150 0.814718
vt 0.016439 0.814041
vt 0.115430 0.842045
vt 0.119773 0.815915
vt 0.119773 0.842045
vt 0.561985 0.846620
vt 0.561985 0.820489
vt 0.566327 0.820489
vt 0.462583 0.814041
vt 0.466925 0.814041
vt 0.466925 0.840172
vt 0.491225 0.814041
vt 0.495567 0.840172
vt 0.491225 0.840172
vt 0.786958 0.784528
vt 0.785718 0.784489
vt 0.786958 0.745191
vt 0.040607 0.789601
vt 0.040607 0.750263
vt 0.041847 0.750302
vt 0.793143 0.051468
vt 0.794362 0.012150
vt 0.794362 0.051468
vt 0.793143 0.115085
vt 0.793143 0.075767
vt 0.794362 0.075767
vt 0.405358 0.789741
vt 0.406599 0.750423
vt 0.406599 0.789741
vt 0.287374 0.789735
vt 0.286134 0.750436
vt 0.287374 0.750397
vt 0.457634 0.789741
vt 0.456416 0.789741
vt 0.456416 0.750423
vt 0.563203 0.796189
vt 0.561985 0.756871
vt 0.563203 0.756871
vt 0.819853 0.072999
vt 0.818661 0.109548
vt 0.818661 0.072999
vt 0.808727 0.177011
vt 0.809918 0.213541
vt 0.808727 0.213580
vt 0.705415 0.827453
vt 0.704223 0.827453
vt 0.704223 0.790903
vt 0.832462 0.405395
vt 0.833654 0.441945
vt 0.832462 0.441945
vt 0.809988 0.603438
vt 0.808797 0.603438
vt 0.808797 0.566888
vt 0.809918 0.237879
vt 0.809918 0.274448
vt 0.808727 0.274410
vt 0.835408 0.177011
vt 0.834217 0.213560
vt 0.834217 0.177011
vt 0.834217 0.274429
vt 0.834217 0.237879
vt 0.835408 0.237879
vt 0.897004 0.012150
vt 0.898153 0.012465
vt 0.897004 0.016653
vt 0.898153 0.040952
vt 0.898153 0.045455
vt 0.897004 0.045140
vt 0.897004 0.131862
vt 0.897004 0.127359
vt 0.898153 0.131546
vt 0.406507 0.900647
vt 0.405358 0.896459
vt 0.406507 0.896144
vt 0.889404 0.803119
vt 0.889404 0.807784
vt 0.887818 0.803741
vt 0.890759 0.887543
vt 0.890759 0.883201
vt 0.892463 0.883201
vt 0.889405 0.749855
vt 0.887818 0.749233
vt 0.889405 0.745191
vt 0.887818 0.778819
vt 0.887818 0.774155
vt 0.889405 0.774777
vt 0.785718 0.982495
vt 0.786909 0.983736
vt 0.785718 0.983736
vt 0.863147 0.969313
vt 0.862287 0.968418
vt 0.863147 0.967593
vt 0.918489 0.656406
vt 0.919730 0.655535
vt 0.919730 0.657239
vt 0.757717 0.955776
vt 0.757717 0.954282
vt 0.759132 0.955232
vt 0.965214 0.772536
vt 0.966074 0.773431
vt 0.965214 0.774256
vt 0.986659 0.405395
vt 0.987850 0.406636
vt 0.986659 0.406636
vt 0.949490 0.013021
vt 0.948249 0.013854
vt 0.948249 0.012150
vt 0.013544 0.953156
vt 0.013544 0.954672
vt 0.012150 0.953693
s 0
usemtl bench
f 1057/1057/217 1058/1058/217 1059/1059/217
f 1060/1060/217 1061/1061/217 1062/1062/217
f 1063/1063/218 1064/1064/218 1065/1065/218
f 1066/1066/218 1067/1067/218 1068/1068/218
f 1069/1069/219 1070/1070/219 1071/1071/219
f 1072/1072/219 1073/1073/219 1074/1074/219
f 1075/1075/220 1076/1076/220 1077/1077/220
f 1078/1078/220 1079/1079/220 1080/1080/220
f 1081/1081/221 1082/1082/221 1083/1083/221
f 1084/1084/221 1085/1085/221 1086/1086/221
f 1087/1087/222 1088/1088/222 1089/1089/222
f 1090/1090/222 1091/1091/222 1092/1092/222
f 1093/1093/223 1094/1094/223 1095/1095/223
f 1096/1096/223 1097/1097/223 1098/1098/223
f 1099/1099/224 1100/1100/224 1101/1101/224
f 1102/1102/224 1103/1103/224 1104/1104/224
f 1105/1105/225 1106/1106/225 1107/1107/225
f 1108/1108/226 1109/1109/226 1110/1110/226
f 1111/1111/227 1112/1112/227 1113/1113/227
f 1114/1114/228 1115/1115/228 1116/1116/228
f 1117/1117/229 1118/1118/229 1119/1119/229
f 1120/1120/229 1121/1121/229 1122/1122/229
f 1123/1123/230 1124/1124/230 1125/1125/230
f 1126/1126/230 1127/1127/230 1128/1128/230
f 1129/1129/231 1130/1130/231 1131/1131/231
f 1132/1132/231 1133/1133/231 1134/1134/231
f 1135/1135/232 1136/1136/232 1137/1137/232
f 1138/1138/232 1139/1139/232 1140/1140/232
f 1141/1141/233 1142/1142/233 1143/1143/233
f 1144/1144/233 1145/1145/233 1146/1146/233
f 1147/1147/234 1148/1148/234 1149/1149/234
f 1150/1150/234 1151/1151/234 1152/1152/234
f 1153/1153/235 1154/1154/235 1155/1155/235
f 1156/1156/235 1157/1157/235 1158/1158/235
f 1159/1159/236 1160/1160/236 1161/1161/236
f 1162/1162/236 1163/1163/236 1164/1164/236
f 1165/1165/237 1166/1166/237 1167/1167/237
f 1168/1168/238 1169/1169/238 1170/1170/238
f 1171/1171/239 1172/1172/239 1173/1173/239
f 1174/1174/240 1175/1175/240 1176/1176/240
f 1177/1177/241 1178/1178/241 1179/1179/241
f 1180/1180/242 1181/1181/242 1182/1182/242
f 1183/1183/243 1184/1184/243 1185/1185/243
f 1186/1186/244 1187/1187/244 1188/1188/244
o seat_slat_0
v -1.150000 0.618648 0.212735
v -1.150000 0.677567 0.375992
v -1.150000 0.677567 0.212735
v -1.150000 0.618648 0.212735
v -1.150000 0.618648 0.375992
v -1.150000 0.677567 0.375992
v 1.150000 0.618648 0.212735
v 1.150000 0.677567 0.212735
v 1.150000 0.677567 0.375992
v 1.150000 0.618648 0.212735
v 1.150000 0.677567 0.375992
v 1.150000 0.618648 0.375992
v -1.130000 0.599009 0.212735
v 1.130000 0.599009 0.212735
v 1.130000 0.599009 0.375992
v -1.130000 0.599009 0.212735
v 1.130000 0.599009 0.375992
v -1.130000 0.599009 0.375992
v -1.130000 0.697207 0.212735
v 1.130000 0.697207 0.375992
v 1.130000 0.697207 0.212735
v -1.130000 0.697207 0.212735
v -1.130000 0.697207 0.375992
v 1.130000 0.697207 0.375992
v -1.130000 0.618648 0.193529
v 1.130000 0.677567 0.193529
v 1.130000 0.618648 0.193529
v -1.130000 0.618648 0.193529
v -1.130000 0.677567 0.193529
v 1.130000 0.677567 0.193529
v -1.130000 0.618648 0.395198
v 1.130000 0.618648 0.395198
v 1.130000 0.677567 0.395198
v -1.130000 0.618648 0.395198
v 1.130000 0.677567 0.395198
v -1.130000 0.677567 0.395198
v -1.150000 0.618648 0.212735
v -1.130000 0.599009 0.212735
v -1.130000 0.599009 0.375992
v -1.150000 0.618648 0.212735
v -1.130000 0.599009 0.375992
v -1.150000 0.618648 0.375992
v -1.150000 0.677567 0.212735
v -1.130000 0.697207 0.375992
v -1.130000 0.697207 0.212735
v -1.150000 0.677567 0.212735
v -1.150000 0.677567 0.375992
v -1.130000 0.697207 0.375992
v 1.150000 0.618648 0.212735
v 1.130000 0.599009 0.375992
v 1.130000 0.599009 0.212735
v 1.150000 0.618648 0.212735
v 1.150000 0.618648 0.375992
v 1.130000 0.599009 0.375992
v 1.150000 0.677567 0.212735
v 1.130000 0.697207 0.212735
v 1.130000 0.697207 0.375992
v 1.150000 0.677567 0.212735
v 1.130000 0.697207 0.375992
v 1.150000 0.677567 0.375992
v -1.150000 0.618648 0.212735
v -1.130000 0.677567 0.193529
v -1.130000 0.618648 0.193529
v -1.150000 0.618648 0.212735
v -1.150000 0.677567 0.212735
v -1.130000 0.677567 0.193529
v -1.150000 0.618648 0.375992
v -1.130000 0.618648 0.395198
v -1.130000 0.677567 0.395198
v -1.150000 0.618648 0.375992
v -1.130000 0.677567 0.395198
v -1.150000 0.677567 0.375992
v 1.150000 0.618648 0.212735
v 1.130000 0.618648 0.193529
v 1.130000 0.677567 0.193529
v 1.150000 0.618648 0.212735
v 1.130000 0.677567 0.193529
v 1.150000 0.677567 0.212735
v 1.150000 0.618648 0.375992
v 1.130000 0.677567 0.395198
v 1.130000 0.618648 0.395198
v 1.150000 0.618648 0.375992
v 1.150000 0.677567 0.375992
v 1.130000 0.677567 0.395198
v -1.130000 0.599009 0.212735
v -1.130000 0.618648 0.193529
v 1.130000 0.618648 0.193529
v -1.130000 0.599009 0.212735
v 1.130000 0.618648 0.193529
v 1.130000 0.599009 0.212735
v -1.130000 0.599009 0.375992
v 1.130000 0.618648 0.395198
v -1.130000 0.618648 0.395198
v -1.130000 0.599009 0.375992
v 1.130000 0.599009 0.375992
v 1.130000 0.618648 0.395198
v -1.130000 0.697207 0.212735
v 1.130000 0.677567 0.193529
v -1.130000 0.677567 0.193529
v -1.130000 0.697207 0.212735
v 1.130000 0.697207 0.212735
v 1.130000 0.677567 0.193529
v -1.130000 0.697207 0.375992
v -1.130000 0.677567 0.395198
v 1.130000 0.677567 0.395198
v -1.130000 0.697207 0.375992
v 1.130000 0.677567 0.395198
v 1.130000 0.697207 0.375992
v -1.150000 0.618648 0.212735
v -1.130000 0.618648 0.193529
v -1.130000 0.599009 0.212735
v -1.150000 0.618648 0.375992
v -1.130000 0.599009 0.375992
v -1.130000 0.618648 0.395198
v -1.150000 0.677567 0.212735
v -1.130000 0.697207 0.212735
v -1.130000 0.677567 0.193529
v -1.150000 0.677567 0.375992
v -1.130000 0.677567 0.395198
v -1.130000 0.697207 0.375992
v 1.150000 0.618648 0.212735
v 1.130000 0.599009 0.212735
v 1.130000 0.618648 0.193529
v 1.150000 0.618648 0.375992
v 1.130000 0.618648 0.395198
v 1.130000 0.599009 0.375992
v 1.150000 0.677567 0.212735
v 1.130000 0.677567 0.193529
v 1.130000 0.697207 0.212735
v 1.150000 0.677567 0.375992
v 1.130000 0.697207 0.375992
v 1.130000 0.677567 0.395198
vn -1.0000 -0.0000 -0.0000
vn 1.0000 -0.0000 -0.0000
vn -0.0000 -1.0000 -0.0000
vn -0.0000 1.0000 -0.0000
vn -0.0000 -0.0000 -1.0000
vn -0.0000 -0.0000 1.0000
vn -0.7007 -0.7135 -0.0000
vn -0.7007 0.7135 -0.0000
vn 0.7007 -0.7135 -0.0000
vn 0.7007 0.7135 -0.0000
vn -0.6927 -0.0000 -0.7213
vn -0.6927 -0.0000 0.7213
vn 0.6927 -0.0000 -0.7213
vn 0.6927 -0.0000 0.7213
vn -0.0000 -0.6992 -0.7149
vn -0.0000 -0.6992 0.7149
vn -0.0000 0.6992 -0.7149
vn -0.0000 0.6992 0.7149
vn -0.5660 -0.5764 -0.5894
vn -0.5660 -0.5764 0.5894
vn -0.5660 0.5764 -0.5894
vn -0.5660 0.5764 0.5894
vn 0.5660 -0.5764 -0.5894
vn 0.5660 -0.5764 0.5894
vn 0.5660 0.5764 -0.5894
vn 0.5660 0.5764 0.5894
vt 0.681215 0.149512
vt 0.684870 0.139385
vt 0.684870 0.149512
vt 0.691942 0.478901
vt 0.691942 0.468773
vt 0.695597 0.468773
vt 0.733418 0.871168
vt 0.729763 0.871168
vt 0.729763 0.864153
vt 0.437596 0.871486
vt 0.433941 0.864471
vt 0.437596 0.864471
vt 0.056651 0.152711
vt 0.046550 0.012879
vt 0.056651 0.012150
vt 0.080951 0.152711
vt 0.080951 0.012150
vt 0.091052 0.151982
vt 0.115351 0.152711
vt 0.115351 0.012150
vt 0.125452 0.012879
vt 0.159853 0.152711
vt 0.149752 0.151982
vt 0.159853 0.012150
vt 0.717764 0.113269
vt 0.714109 0.012150
vt 0.717764 0.012150
vt 0.565639 0.607153
vt 0.561985 0.607153
vt 0.561985 0.506034
vt 0.119085 0.631644
vt 0.119085 0.732763
vt 0.115430 0.732763
vt 0.733418 0.506039
vt 0.729763 0.607158
vt 0.729763 0.506039
vt 0.860939 0.187214
vt 0.859708 0.187063
vt 0.860939 0.177011
vt 0.859708 0.221716
vt 0.859708 0.211513
vt 0.860939 0.211664
vt 0.859708 0.256219
vt 0.859708 0.246016
vt 0.860939 0.256068
vt 0.861059 0.516242
vt 0.859827 0.506190
vt 0.861059 0.506039
vt 0.859827 0.550745
vt 0.859827 0.540542
vt 0.861059 0.550594
vt 0.861062 0.351741
vt 0.859830 0.341689
vt 0.861062 0.341538
vt 0.861059 0.585247
vt 0.859827 0.585096
vt 0.861059 0.575044
vt 0.859827 0.691756
vt 0.859827 0.681553
vt 0.861059 0.681704
vt 0.923585 0.069754
vt 0.923585 0.073599
vt 0.922452 0.070124
vt 0.811257 0.921284
vt 0.812390 0.924759
vt 0.811257 0.925129
vt 0.230662 0.932536
vt 0.229471 0.932536
vt 0.229471 0.928881
vt 0.147633 0.928898
vt 0.148825 0.932552
vt 0.147633 0.932552
vt 0.912618 0.565603
vt 0.910898 0.565603
vt 0.910898 0.561948
vt 0.910898 0.589902
vt 0.912618 0.593557
vt 0.910898 0.593557
vt 0.912499 0.239984
vt 0.910779 0.243639
vt 0.910779 0.239984
vt 0.910898 0.509694
vt 0.910898 0.506039
vt 0.912618 0.506039
vt 0.067898 0.646199
vt 0.066707 0.646199
vt 0.066707 0.506002
vt 0.037641 0.506034
vt 0.038832 0.646231
vt 0.037641 0.646231
vt 0.615951 0.177011
vt 0.614760 0.317207
vt 0.614760 0.177011
vt 0.254995 0.646204
vt 0.254995 0.506008
vt 0.256186 0.506008
vt 0.406550 0.506034
vt 0.405358 0.646231
vt 0.405358 0.506034
vt 0.147633 0.646199
vt 0.147633 0.506002
vt 0.148825 0.506002
vt 0.281711 0.646204
vt 0.280519 0.646204
vt 0.280519 0.506008
vt 0.627769 0.012150
vt 0.628961 0.152346
vt 0.627769 0.152346
vt 0.702102 0.968654
vt 0.702102 0.970375
vt 0.701243 0.969549
vt 0.966195 0.377761
vt 0.965336 0.376866
vt 0.966195 0.376041
vt 0.965333 0.716056
vt 0.966192 0.716951
vt 0.965333 0.717776
vt 0.969569 0.657239
vt 0.969569 0.655519
vt 0.970429 0.656344
vt 0.639025 0.959078
vt 0.640449 0.958571
vt 0.640449 0.960042
vt 0.359775 0.957861
vt 0.361199 0.956897
vt 0.361199 0.958368
vt 0.785718 0.956684
vt 0.787104 0.957702
vt 0.785718 0.958196
vt 0.949468 0.041667
vt 0.948249 0.040772
vt 0.949468 0.039947
s 0
usemtl bench
f 1189/1189/245 1190/1190/245 1191/1191/245
f 1192/1192/245 1193/1193/245 1194/1194/245
f 1195/1195/246 1196/1196/246 1197/1197/246
f 1198/1198/246 1199/1199/246 1200/1200/246
f 1201/1201/247 1202/1202/247 1203/1203/247
f 1204/1204/247 1205/1205/247 1206/1206/247
f 1207/1207/248 1208/1208/248 1209/1209/248
f 1210/1210/248 1211/1211/248 1212/1212/248
f 1213/1213/249 1214/1214/249 1215/1215/249
f 1216/1216/249 1217/1217/249 1218/1218/249
f 1219/1219/250 1220/1220/250 1221/1221/250
f 1222/1222/250 1223/1223/250 1224/1224/250
f 1225/1225/251 1226/1226/251 1227/1227/251
f 1228/1228/251 1229/1229/251 1230/1230/251
f 1231/1231/252 1232/1232/252 1233/1233/252
f 1234/1234/252 1235/1235/252 1236/1236/252
f 1237/1237/253 1238/1238/253 1239/1239/253
f 1240/1240/253 1241/1241/253 1242/1242/253
f 1243/1243/254 1244/1244/254 1245/1245/254
f 1246/1246/254 1247/1247/254 1248/1248/254
f 1249/1249/255 1250/1250/255 1251/1251/255
f 1252/1252/255 1253/1253/255 1254/1254/255
f 1255/1255/256 1256/1256/256 1257/1257/256
f 1258/1258/256 1259/1259/256 1260/1260/256
f 1261/1261/257 1262/1262/257 1263/1263/257
f 1264/1264/257 1265/1265/257 1266/1266/257
f 1267/1267/258 1268/1268/258 1269/1269/258
f 1270/1270/258 1271/1271/258 1272/1272/258
f 1273/1273/259 1274/1274/259 1275/1275/259
f 1276/1276/259 1277/1277/259 1278/1278/259
f 1279/1279/260 1280/1280/260 1281/1281/260
f 1282/1282/260 1283/1283/260 1284/1284/260
f 1285/1285/261 1286/1286/261 1287/1287/261
f 1288/1288/261 1289/1289/261 1290/1290/261
f 1291/1291/262 1292/1292/262 1293/1293/262
f 1294/1294/262 1295/1295/262 1296/1296/262
f 1297/1297/263 1298/1298/263 1299/1299/263
f 1300/1300/264 1301/1301/264 1302/1302/264
f 1303/1303/265 1304/1304/265 1305/1305/265
f 1306/1306/266 1307/1307/266 1308/1308/266
f 1309/1309/267 1310/1310/267 1311/1311/267
f 1312/1312/268 1313/1313/268 1314/1314/268
f 1315/1315/269 1316/1316/269 1317/1317/269
f 1318/1318/270 1319/1319/270 1320/1320/270
o seat_slat_1
v -1.150000 0.618648 -0.027347
v -1.150000 0.677567 0.135909
v -1.150000 0.677567 -0.027347
v -1.150000 0.618648 -0.027347
v -1.150000 0.618648 0.135909
v -1.150000 0.677567 0.135909
v 1.150000 0.618648 -0.027347
v 1.150000 0.677567 -0.027347
v 1.150000 0.677567 0.135909
v 1.150000 0.618648 -0.027347
v 1.150000 0.677567 0.135909
v 1.150000 0.618648 0.135909
v -1.130000 0.599009 -0.027347
v 1.130000 0.599009 -0.027347
v 1.130000 0.599009 0.135909
v -1.130000 0.599009 -0.027347
v 1.130000 0.599009 0.135909
v -1.130000 0.599009 0.135909
v -1.130000 0.697207 -0.027347
v 1.130000 0.697207 0.135909
v 1.130000 0.697207 -0.027347
v -1.130000 0.697207 -0.027347
v -1.130000 0.697207 0.135909
v 1.130000 0.697207 0.135909
v -1.130000 0.618648 -0.046554
v 1.130000 0.677567 -0.046554
v 1.130000 0.618648 -0.046554
v -1.130000 0.618648 -0.046554
v -1.130000 0.677567 -0.046554
v 1.130000 0.677567 -0.046554
v -1.130000 0.618648 0.155116
v 1.130000 0.618648 0.155116
v 1.130000 0.677567 0.155116
v -1.130000 0.618648 0.155116
v 1.130000 0.677567 0.155116
v -1.130000 0.677567 0.155116
v -1.150000 0.618648 -0.027347
v -1.130000 0.599009 -0.027347
v -1.130000 0.599009 0.135909
v -1.150000 0.618648 -0.027347
v -1.130000 0.599009 0.135909
v -1.150000 0.618648 0.135909
v -1.150000 0.677567 -0.027347
v -1.130000 0.697207 0.135909
v -1.130000 0.697207 -0.027347
v -1.150000 0.677567 -0.027347
v -1.150000 0.677567 0.135909
v -1.130000 0.697207 0.135909
v 1.150000 0.618648 -0.027347
v 1.130000 0.599009 0.135909
v 1.130000 0.599009 -0.027347
v 1.150000 0.618648 -0.027347
v 1.150000 0.618648 0.135909
v 1.130000 0.599009 0.135909
v 1.150000 0.677567 -0.027347
v 1.130000 0.697207 -0.027347
v 1.130000 0.697207 0.135909
v 1.150000 0.677567 -0.027347
v 1.130000 0.697207 0.135909
v 1.150000 0.677567 0.135909
v -1.150000 0.618648 -0.027347
v -1.130000 0.677567 -0.046554
v -1.130000 0.618648 -0.046554
v -1.150000 0.618648 -0.027347
v -1.150000 0.677567 -0.027347
v -1.130000 0.677567 -0.046554
v -1.150000 0.618648 0.135909
v -1.130000 0.618648 0.155116
v -1.130000 0.677567 0.155116
v -1.150000 0.618648 0.135909
v -1.130000 0.677567 0.155116
v -1.150000 0.677567 0.135909
v 1.150000 0.618648 -0.027347
v 1.130000 0.618648 -0.046554
v 1.130000 0.677567 -0.046554
v 1.150000 0.618648 -0.027347
v 1.130000 0.677567 -0.046554
v 1.150000 0.677567 -0.027347
v 1.150000 0.618648 0.135909
v 1.130000 0.677567 0.155116
v 1.130000 0.618648 0.155116
v 1.150000 0.618648 0.135909
v 1.150000 0.677567 0.135909
v 1.130000 0.677567 0.155116
v -1.130000 0.599009 -0.027347
v -1.130000 0.618648 -0.046554
v 1.130000 0.618648 -0.046554
v -1.130000 0.599009 -0.027347
v 1.130000 0.618648 -0.046554
v 1.130000 0.599009 -0.027347
v -1.130000 0.599009 0.135909
v 1.130000 0.618648 0.155116
v -1.130000 0.618648 0.155116
v -1.130000 0.599009 0.135909
v 1.130000 0.599009 0.135909
v 1.130000 0.618648 0.155116
v -1.130000 0.697207 -0.027347
v 1.130000 0.677567 -0.046554
v -1.130000 0.677567 -0.046554
v -1.130000 0.697207 -0.027347
v 1.130000 0.697207 -0.027347
v 1.130000 0.677567 -0.046554
v -1.130000 0.697207 0.135909
v -1.130000 0.677567 0.155116
v 1.130000 0.677567 0.155116
v -1.130000 0.697207 0.135909
v 1.130000 0.677567 0.155116
v 1.130000 0.697207 0.135909
v -1.150000 0.618648 -0.027347
v -1.130000 0.618648 -0.046554
v -1.130000 0.599009 -0.027347
v -1.150000 0.618648 0.135909
v -1.130000 0.599009 0.135909
v -1.130000 0.618648 0.155116
v -1.150000 0.677567 -0.027347
v -1.130000 0.697207 -0.027347
v -1.130000 0.677567 -0.046554
v -1.150000 0.677567 0.135909
v -1.130000 0.677567 0.155116
v -1.130000 0.697207 0.135909
v 1.150000 0.618648 -0.027347
v 1.130000 0.599009 -0.027347
v 1.130000 0.618648 -0.046554
v 1.150000 0.618648 0.135909
v 1.130000 0.618648 0.155116
v 1.130000 0.599009 0.135909
v 1.150000 0.677567 -0.027347
v 1.130000 0.677567 -0.046554
v 1.130000 0.697207 -0.027347
v 1.150000 0.677567 0.135909
v 1.130000 0.697207 0.135909
v 1.130000 0.677567 0.155116
vn -1.0000 -0.0000 -0.0000
vn 1.0000 -0.0000 -0.0000
vn -0.0000 -1.0000 -0.0000
vn -0.0000 1.0000 -0.0000
vn -0.0000 -0.0000 -1.0000
vn -0.0000 -0.0000 1.0000
vn -0.7007 -0.7135 -0.0000
vn -0.7007 0.7135 -0.0000
vn 0.7007 -0.7135 -0.0000
vn 0.7007 0.7135 -0.0000
vn -0.6927 -0.0000 -0.7213
vn -0.6927 -0.0000 0.7213
vn 0.6927 -0.0000 -0.7213
vn 0.6927 -0.0000 0.7213
vn -0.0000 -0.6992 -0.7149
vn -0.0000 -0.6992 0.7149
vn -0.0000 0.6992 -0.7149
vn -0.0000 0.6992 0.7149
vn -0.5660 -0.5764 -0.5894
vn -0.5660 -0.5764 0.5894
vn -0.5660 0.5764 -0.5894
vn -0.5660 0.5764 0.5894
vn 0.5660 -0.5764 -0.5894
vn 0.5660 -0.5764 0.5894
vn 0.5660 0.5764 -0.5894
vn 0.5660 0.5764 0.5894
vt 0.653260 0.149512
vt 0.656915 0.139385
vt 0.656915 0.149512
vt 0.663987 0.478901
vt 0.663987 0.468773
vt 0.667642 0.468773
vt 0.523522 0.871486
vt 0.519867 0.871486
vt 0.519867 0.864471
vt 0.409013 0.871844
vt 0.405358 0.864830
vt 0.409013 0.864830
vt 0.022251 0.152711
vt 0.012150 0.012879
vt 0.022251 0.012150
vt 0.022277 0.177011
vt 0.012150 0.317207
vt 0.012150 0.177011
vt 0.046577 0.177011
vt 0.056704 0.317207
vt 0.046577 0.317207
vt 0.091131 0.317207
vt 0.081003 0.317207
vt 0.081003 0.177011
vt 0.728491 0.442657
vt 0.724836 0.341538
vt 0.728491 0.341538
vt 0.119085 0.607345
vt 0.115430 0.607345
vt 0.115430 0.506226
vt 0.730246 0.177011
vt 0.730246 0.278130
vt 0.726591 0.278130
vt 0.565639 0.631453
vt 0.561985 0.732572
vt 0.561985 0.631453
vt 0.784489 0.657254
vt 0.783258 0.657103
vt 0.784489 0.647051
vt 0.861334 0.314449
vt 0.861334 0.304246
vt 0.862565 0.304397
vt 0.862287 0.755394
vt 0.862287 0.745191
vt 0.863519 0.755243
vt 0.041970 0.824244
vt 0.040738 0.814192
vt 0.041970 0.814041
vt 0.862287 0.789896
vt 0.862287 0.779693
vt 0.863519 0.789745
vt 0.041970 0.858746
vt 0.040738 0.848694
vt 0.041970 0.848543
vt 0.860810 0.479216
vt 0.859579 0.479065
vt 0.860810 0.469013
vt 0.862287 0.824399
vt 0.862287 0.814196
vt 0.863519 0.814347
vt 0.335427 0.928914
vt 0.334236 0.932569
vt 0.334236 0.928914
vt 0.258113 0.932733
vt 0.258113 0.929078
vt 0.259304 0.929078
vt 0.923585 0.102401
vt 0.922452 0.102032
vt 0.923585 0.098557
vt 0.922452 0.130545
vt 0.922452 0.126700
vt 0.923585 0.127070
vt 0.912618 0.685208
vt 0.910898 0.685208
vt 0.910898 0.681553
vt 0.911147 0.438169
vt 0.912867 0.441824
vt 0.911147 0.441824
vt 0.913943 0.275944
vt 0.912223 0.279599
vt 0.912223 0.275944
vt 0.912405 0.307901
vt 0.912405 0.304246
vt 0.914125 0.304246
vt 0.176104 0.646199
vt 0.174912 0.646199
vt 0.174912 0.506002
vt 0.430882 0.506034
vt 0.432074 0.646230
vt 0.430882 0.646230
vt 0.201595 0.506002
vt 0.200403 0.646199
vt 0.200403 0.506002
vt 0.458161 0.646231
vt 0.458161 0.506034
vt 0.459352 0.506034
vt 0.484843 0.506034
vt 0.483652 0.646231
vt 0.483652 0.506034
vt 0.334235 0.646199
vt 0.334235 0.506002
vt 0.335427 0.506002
vt 0.510334 0.646230
vt 0.509143 0.646230
vt 0.509143 0.506034
vt 0.359760 0.506002
vt 0.360951 0.646199
vt 0.359760 0.646199
vt 0.258113 0.982803
vt 0.259304 0.984044
vt 0.258113 0.984044
vt 0.970686 0.629457
vt 0.969826 0.628562
vt 0.970686 0.627737
vt 0.613005 0.985582
vt 0.613005 0.984342
vt 0.614197 0.984342
vt 0.887827 0.969313
vt 0.887827 0.967593
vt 0.888687 0.968418
vt 0.230857 0.956835
vt 0.230857 0.958347
vt 0.229471 0.957853
vt 0.149020 0.958363
vt 0.147633 0.957345
vt 0.149020 0.956852
vt 0.259537 0.957539
vt 0.258113 0.958504
vt 0.258113 0.957032
vt 0.435160 0.952995
vt 0.433941 0.952100
vt 0.435160 0.951274
s 0
usemtl bench
f 1321/1321/271 1322/1322/271 1323/1323/271
f 1324/1324/271 1325/1325/271 1326/1326/271
f 1327/1327/272 1328/1328/272 1329/1329/272
f 1330/1330/272 1331/1331/272 1332/1332/272
f 1333/1333/273 1334/1334/273 1335/1335/273
f 1336/1336/273 1337/1337/273 1338/1338/273
f 1339/1339/274 1340/1340/274 1341/1341/274
f 1342/1342/274 1343/1343/274 1344/1344/274
f 1345/1345/275 1346/1346/275 1347/1347/275
f 1348/1348/275 1349/1349/275 1350/1350/275
f 1351/1351/276 1352/1352/276 1353/1353/276
f 1354/1354/276 1355/1355/276 1356/1356/276
f 1357/1357/277 1358/1358/277 1359/1359/277
f 1360/1360/277 1361/1361/277 1362/1362/277
f 1363/1363/278 1364/1364/278 1365/1365/278
f 1366/1366/278 1367/1367/278 1368/1368/278
f 1369/1369/279 1370/1370/279 1371/1371/279
f 1372/1372/279 1373/1373/279 1374/1374/279
f 1375/1375/280 1376/1376/280 1377/1377/280
f 1378/1378/280 1379/1379/280 1380/1380/280
f 1381/1381/281 1382/1382/281 1383/1383/281
f 1384/1384/281 1385/1385/281 1386/1386/281
f 1387/1387/282 1388/1388/282 1389/1389/282
f 1390/1390/282 1391/1391/282 1392/1392/282
f 1393/1393/283 1394/1394/283 1395/1395/283
f 1396/1396/283 1397/1397/283 1398/1398/283
f 1399/1399/284 1400/1400/284 1401/1401/284
f 1402/1402/284 1403/1403/284 1404/1404/284
f 1405/1405/285 1406/1406/285 1407/1407/285
f 1408/1408/285 1409/1409/285 1410/1410/285
f 1411/1411/286 1412/1412/286 1413/1413/286
f 1414/1414/286 1415/1415/286 1416/1416/286
f 1417/1417/287 1418/1418/287 1419/1419/287
f 1420/1420/287 1421/1421/287 1422/1422/287
f 1423/1423/288 1424/1424/288 1425/1425/288
f 1426/1426/288 1427/1427/288 1428/1428/288
f 1429/1429/289 1430/1430/289 1431/1431/289
f 1432/1432/290 1433/1433/290 1434/1434/290
f 1435/1435/291 1436/1436/291 1437/1437/291
f 1438/1438/292 1439/1439/292 1440/1440/292
f 1441/1441/293 1442/1442/293 1443/1443/293
f 1444/1444/294 1445/1445/294 1446/1446/294
f 1447/1447/295 1448/1448/295 1449/1449/295
f 1450/1450/296 1451/1451/296 1452/1452/296
o seat_slat_2
v -1.150000 0.618648 -0.267430
v -1.150000 0.677567 -0.104174
v -1.150000 0.677567 -0.267430
v -1.150000 0.618648 -0.267430
v -1.150000 0.618648 -0.104174
v -1.150000 0.677567 -0.104174
v 1.150000 0.618648 -0.267430
v 1.150000 0.677567 -0.267430
v 1.150000 0.677567 -0.104174
v 1.150000 0.618648 -0.267430
v 1.150000 0.677567 -0.104174
v 1.150000 0.618648 -0.104174
v -1.130000 0.599009 -0.267430
v 1.130000 0.599009 -0.267430
v 1.130000 0.599009 -0.104174
v -1.130000 0.599009 -0.267430
v 1.130000 0.599009 -0.104174
v -1.130000 0.599009 -0.104174
v -1.130000 0.697207 -0.267430
v 1.130000 0.697207 -0.104174
v 1.130000 0.697207 -0.267430
v -1.130000 0.697207 -0.267430
v -1.130000 0.697207 -0.104174
v 1.130000 0.697207 -0.104174
v -1.130000 0.618648 -0.286636
v 1.130000 0.677567 -0.286636
v 1.130000 0.618648 -0.286636
v -1.130000 0.618648 -0.286636
v -1.130000 0.677567 -0.286636
v 1.130000 0.677567 -0.286636
v -1.130000 0.618648 -0.084967
v 1.130000 0.618648 -0.084967
v 1.130000 0.677567 -0.084967
v -1.130000 0.618648 -0.084967
v 1.130000 0.677567 -0.084967
v -1.130000 0.677567 -0.084967
v -1.150000 0.618648 -0.267430
v -1.130000 0.599009 -0.267430
v -1.130000 0.599009 -0.104174
v -1.150000 0.618648 -0.267430
v -1.130000 0.599009 -0.104174
v -1.150000 0.618648 -0.104174
v -1.150000 0.677567 -0.267430
v -1.130000 0.697207 -0.104174
v -1.130000 0.697207 -0.267430
v -1.150000 0.677567 -0.267430
v -1.150000 0.677567 -0.104174
v -1.130000 0.697207 -0.104174
v 1.150000 0.618648 -0.267430
v 1.130000 0.599009 -0.104174
v 1.130000 0.599009 -0.267430
v 1.150000 0.618648 -0.267430
v 1.150000 0.618648 -0.104174
v 1.130000 0.599009 -0.104174
v 1.150000 0.677567 -0.267430
v 1.130000 0.697207 -0.267430
v 1.130000 0.697207 -0.104174
v 1.150000 0.677567 -0.267430
v 1.130000 0.697207 -0.104174
v 1.150000 0.677567 -0.104174
v -1.150000 0.618648 -0.267430
v -1.130000 0.677567 -0.286636
v -1.130000 0.618648 -0.286636
v -1.150000 0.618648 -0.267430
v -1.150000 0.677567 -0.267430
v -1.130000 0.677567 -0.286636
v -1.150000 0.618648 -0.104174
v -1.130000 0.618648 -0.084967
v -1.130000 0.677567 -0.084967
v -1.150000 0.618648 -0.104174
v -1.130000 0.677567 -0.084967
v -1.150000 0.677567 -0.104174
v 1.150000 0.618648 -0.267430
v 1.130000 0.618648 -0.286636
v 1.130000 0.677567 -0.286636
v 1.150000 0.618648 -0.267430
v 1.130000 0.677567 -0.286636
v 1.150000 0.677567 -0.267430
v 1.150000 0.618648 -0.104174
v 1.130000 0.677567 -0.084967
v 1.130000 0.618648 -0.084967
v 1.150000 0.618648 -0.104174
v 1.150000 0.677567 -0.104174
v 1.130000 0.677567 -0.084967
v -1.130000 0.599009 -0.267430
v -1.130000 0.618648 -0.286636
v 1.130000 0.618648 -0.286636
v -1.130000 0.599009 -0.267430
v 1.130000 0.618648 -0.286636
v 1.130000 0.599009 -0.267430
v -1.130000 0.599009 -0.104174
v 1.130000 0.618648 -0.084967
v -1.130000 0.618648 -0.084967
v -1.130000 0.599009 -0.104174
v 1.130000 0.599009 -0.104174
v 1.130000 0.618648 -0.084967
v -1.130000 0.697207 -0.267430
v 1.130000 0.677567 -0.286636
v -1.130000 0.677567 -0.286636
v -1.130000 0.697207 -0.267430
v 1.130000 0.697207 -0.267430
v 1.130000 0.677567 -0.286636
v -1.130000 0.697207 -0.104174
v -1.130000 0.677567 -0.084967
v 1.130000 0.677567 -0.084967
v -1.130000 0.697207 -0.104174
v 1.130000 0.677567 -0.084967
v 1.130000 0.697207 -0.104174
v -1.150000 0.618648 -0.267430
v -1.130000 0.618648 -0.286636
v -1.130000 0.599009 -0.267430
v -1.150000 0.618648 -0.104174
v -1.130000 0.599009 -0.104174
v -1.130000 0.618648 -0.084967
v -1.150000 0.677567 -0.267430
v -1.130000 0.697207 -0.267430
v -1.130000 0.677567 -0.286636
v -1.150000 0.677567 -0.104174
v -1.130000 0.677567 -0.084967
v -1.130000 0.697207 -0.104174
v 1.150000 0.618648 -0.267430
v 1.130000 0.599009 -0.267430
v 1.130000 0.618648 -0.286636
v 1.150000 0.618648 -0.104174
v 1.130000 0.618648 -0.084967
v 1.130000 0.599009 -0.104174
v 1.150000 0.677567 -0.267430
v 1.130000 0.677567 -0.286636
v 1.130000 0.697207 -0.267430
v 1.150000 0.677567 -0.104174
v 1.130000 0.697207 -0.104174
v 1.130000 0.677567 -0.084967
vn -1.0000 -0.0000 -0.0000
vn 1.0000 -0.0000 -0.0000
vn -0.0000 -1.0000 -0.0000
vn -0.0000 1.0000 -0.0000
vn -0.0000 -0.0000 -1.0000
vn -0.0000 -0.0000 1.0000
vn -0.7007 -0.7135 -0.0000
vn -0.7007 0.7135 -0.0000
vn 0.7007 -0.7135 -0.0000
vn 0.7007 0.7135 -0.0000
vn -0.6927 -0.0000 -0.7213
vn -0.6927 -0.0000 0.7213
vn 0.6927 -0.0000 -0.7213
vn 0.6927 -0.0000 0.7213
vn -0.0000 -0.6992 -0.7149
vn -0.0000 -0.6992 0.7149
vn -0.0000 0.6992 -0.7149
vn -0.0000 0.6992 0.7149
vn -0.5660 -0.5764 -0.5894
vn -0.5660 -0.5764 0.5894
vn -0.5660 0.5764 -0.5894
vn -0.5660 0.5764 0.5894
vn 0.5660 -0.5764 -0.5894
vn 0.5660 -0.5764 0.5894
vn 0.5660 0.5764 -0.5894
vn 0.5660 0.5764 0.5894
vt 0.709169 0.149512
vt 0.712824 0.139385
vt 0.712824 0.149512
vt 0.719896 0.478901
vt 0.719896 0.468773
vt 0.723551 0.468773
vt 0.465551 0.871486
vt 0.461896 0.871486
vt 0.461896 0.864471
vt 0.494880 0.871486
vt 0.491225 0.864471
vt 0.494880 0.864471
vt 0.194253 0.152711
vt 0.184152 0.012879
vt 0.194253 0.012150
vt 0.218553 0.152711
vt 0.218553 0.012150
vt 0.228654 0.151982
vt 0.252953 0.152711
vt 0.252953 0.012150
vt 0.263054 0.012879
vt 0.297455 0.152711
vt 0.287354 0.151982
vt 0.297455 0.012150
vt 0.733418 0.732577
vt 0.729763 0.631458
vt 0.733418 0.631458
vt 0.677509 0.732577
vt 0.673855 0.732577
vt 0.673855 0.631458
vt 0.677509 0.506039
vt 0.677509 0.607158
vt 0.673855 0.607158
vt 0.705464 0.506039
vt 0.701809 0.607158
vt 0.701809 0.506039
vt 0.863519 0.858901
vt 0.862287 0.858750
vt 0.863519 0.848698
vt 0.865974 0.637940
vt 0.865974 0.627737
vt 0.867206 0.627888
vt 0.871473 0.022353
vt 0.871473 0.012150
vt 0.872704 0.022202
vt 0.872704 0.056855
vt 0.871473 0.046803
vt 0.872704 0.046652
vt 0.871473 0.091358
vt 0.871473 0.081155
vt 0.872704 0.091207
vt 0.872704 0.125860
vt 0.871473 0.115808
vt 0.872704 0.115657
vt 0.837979 0.873142
vt 0.836748 0.872991
vt 0.837979 0.862939
vt 0.757718 0.873319
vt 0.757718 0.863116
vt 0.758949 0.863267
vt 0.174335 0.928898
vt 0.173144 0.932552
vt 0.173144 0.928898
vt 0.198712 0.932569
vt 0.198712 0.928914
vt 0.199903 0.928914
vt 0.730896 0.926657
vt 0.729763 0.926288
vt 0.730896 0.922813
vt 0.433941 0.926975
vt 0.433941 0.923131
vt 0.435074 0.923500
vt 0.912618 0.537648
vt 0.910898 0.537648
vt 0.910898 0.533994
vt 0.910901 0.341538
vt 0.912621 0.345193
vt 0.910901 0.345193
vt 0.915424 0.745191
vt 0.913704 0.748846
vt 0.913704 0.745191
vt 0.913704 0.777810
vt 0.913704 0.774155
vt 0.915424 0.774155
vt 0.639688 0.481735
vt 0.638496 0.481735
vt 0.638496 0.341538
vt 0.306043 0.506008
vt 0.307235 0.646204
vt 0.306043 0.646204
vt 0.230662 0.506008
vt 0.229471 0.646204
vt 0.229471 0.506008
vt 0.603470 0.152351
vt 0.602279 0.012160
vt 0.603470 0.012150
vt 0.013341 0.506034
vt 0.012150 0.646231
vt 0.012150 0.506034
vt 0.640251 0.317207
vt 0.640251 0.177011
vt 0.641442 0.177011
vt 0.535825 0.646230
vt 0.534634 0.646230
vt 0.534634 0.506034
vt 0.613006 0.481740
vt 0.613006 0.341538
vt 0.614197 0.341548
vt 0.942592 0.966401
vt 0.942592 0.968121
vt 0.941733 0.967296
vt 0.638729 0.985583
vt 0.638729 0.984342
vt 0.639920 0.984342
vt 0.966892 0.966401
vt 0.967751 0.967296
vt 0.966892 0.968121
vt 0.561455 0.985253
vt 0.562647 0.986494
vt 0.561455 0.986494
vt 0.729763 0.950957
vt 0.730982 0.951851
vt 0.729763 0.952677
vt 0.200098 0.958380
vt 0.198712 0.957362
vt 0.200098 0.956869
vt 0.462144 0.951152
vt 0.462144 0.952872
vt 0.460925 0.952047
vt 0.406577 0.954688
vt 0.405358 0.953793
vt 0.406577 0.952968
s 0
usemtl bench
f 1453/1453/297 1454/1454/297 1455/1455/297
f 1456/1456/297 1457/1457/297 1458/1458/297
f 1459/1459/298 1460/1460/298 1461/1461/298
f 1462/1462/298 1463/1463/298 1464/1464/298
f 1465/1465/299 1466/1466/299 1467/1467/299
f 1468/1468/299 1469/1469/299 1470/1470/299
f 1471/1471/300 1472/1472/300 1473/1473/300
f 1474/1474/300 1475/1475/300 1476/1476/300
f 1477/1477/301 1478/1478/301 1479/1479/301
f 1480/1480/301 1481/1481/301 1482/1482/301
f 1483/1483/302 1484/1484/302 1485/1485/302
f 1486/1486/302 1487/1487/302 1488/1488/302
f 1489/1489/303 1490/1490/303 1491/1491/303
f 1492/1492/303 1493/1493/303 1494/1494/303
f 1495/1495/304 1496/1496/304 1497/1497/304
f 1498/1498/304 1499/1499/304 1500/1500/304
f 1501/1501/305 1502/1502/305 1503/1503/305
f 1504/1504/305 1505/1505/305 1506/1506/305
f 1507/1507/306 1508/1508/306 1509/1509/306
f 1510/1510/306 1511/1511/306 1512/1512/306
f 1513/1513/307 1514/1514/307 1515/1515/307
f 1516/1516/307 1517/1517/307 1518/1518/307
f 1519/1519/308 1520/1520/308 1521/1521/308
f 1522/1522/308 1523/1523/308 1524/1524/308
f 1525/1525/309 1526/1526/309 1527/1527/309
f 1528/1528/309 1529/1529/309 1530/1530/309
f 1531/1531/310 1532/1532/310 1533/1533/310
f 1534/1534/310 1535/1535/310 1536/1536/310
f 1537/1537/311 1538/1538/311 1539/1539/311
f 1540/1540/311 1541/1541/311 1542/1542/311
f 1543/1543/312 1544/1544/312 1545/1545/312
f 1546/1546/312 1547/1547/312 1548/1548/312
f 1549/1549/313 1550/1550/313 1551/1551/313
f 1552/1552/313 1553/1553/313 1554/1554/313
f 1555/1555/314 1556/1556/314 1557/1557/314
f 1558/1558/314 1559/1559/314 1560/1560/314
f 1561/1561/315 1562/1562/315 1563/1563/315
f 1564/1564/316 1565/1565/316 1566/1566/316
f 1567/1567/317 1568/1568/317 1569/1569/317
f 1570/1570/318 1571/1571/318 1572/1572/318
f 1573/1573/319 1574/1574/319 1575/1575/319
f 1576/1576/320 1577/1577/320 1578/1578/320
f 1579/1579/321 1580/1580/321 1581/1581/321
f 1582/1582/322 1583/1583/322 1584/1584/322
