# Blender 4.2.23 LTS
# www.blender.org
mtllib building_near_b.mtl
o belt_course
v -3.760000 2.326693 -3.380000
v -3.760000 2.423639 3.380000
v -3.760000 2.423639 -3.380000
v -3.760000 2.326693 -3.380000
v -3.760000 2.326694 3.380000
v -3.760000 2.423639 3.380000
v 3.760000 2.326693 -3.380000
v 3.760000 2.423639 -3.380000
v 3.760000 2.423639 3.380000
v 3.760000 2.326693 -3.380000
v 3.760000 2.423639 3.380000
v 3.760000 2.326694 3.380000
v -3.730000 2.297609 -3.380000
v 3.730000 2.297609 -3.380000
v 3.730000 2.297610 3.380000
v -3.730000 2.297609 -3.380000
v 3.730000 2.297610 3.380000
v -3.730000 2.297610 3.380000
v -3.730000 2.452722 -3.380000
v 3.730000 2.452723 3.380000
v 3.730000 2.452722 -3.380000
v -3.730000 2.452722 -3.380000
v -3.730000 2.452723 3.380000
v 3.730000 2.452723 3.380000
v -3.730000 2.326693 -3.410000
v 3.730000 2.423639 -3.410000
v 3.730000 2.326693 -3.410000
v -3.730000 2.326693 -3.410000
v -3.730000 2.423639 -3.410000
v 3.730000 2.423639 -3.410000
v -3.730000 2.326694 3.410000
v 3.730000 2.326694 3.410000
v 3.730000 2.423639 3.410000
v -3.730000 2.326694 3.410000
v 3.730000 2.423639 3.410000
v -3.730000 2.423639 3.410000
v -3.760000 2.326693 -3.380000
v -3.730000 2.297609 -3.380000
v -3.730000 2.297610 3.380000
v -3.760000 2.326693 -3.380000
v -3.730000 2.297610 3.380000
v -3.760000 2.326694 3.380000
v -3.760000 2.423639 -3.380000
v -3.730000 2.452723 3.380000
v -3.730000 2.452722 -3.380000
v -3.760000 2.423639 -3.380000
v -3.760000 2.423639 3.380000
v -3.730000 2.452723 3.380000
v 3.760000 2.326693 -3.380000
v 3.730000 2.297610 3.380000
v 3.730000 2.297609 -3.380000
v 3.760000 2.326693 -3.380000
v 3.760000 2.326694 3.380000
v 3.730000 2.297610 3.380000
v 3.760000 2.423639 -3.380000
v 3.730000 2.452722 -3.380000
v 3.730000 2.452723 3.380000
v 3.760000 2.423639 -3.380000
v 3.730000 2.452723 3.380000
v 3.760000 2.423639 3.380000
v -3.760000 2.326693 -3.380000
v -3.730000 2.423639 -3.410000
v -3.730000 2.326693 -3.410000
v -3.760000 2.326693 -3.380000
v -3.760000 2.423639 -3.380000
v -3.730000 2.423639 -3.410000
v -3.760000 2.326694 3.380000
v -3.730000 2.326694 3.410000
v -3.730000 2.423639 3.410000
v -3.760000 2.326694 3.380000
v -3.730000 2.423639 3.410000
v -3.760000 2.423639 3.380000
v 3.760000 2.326693 -3.380000
v 3.730000 2.326693 -3.410000
v 3.730000 2.423639 -3.410000
v 3.760000 2.326693 -3.380000
v 3.730000 2.423639 -3.410000
v 3.760000 2.423639 -3.380000
v 3.760000 2.326694 3.380000
v 3.730000 2.423639 3.410000
v 3.730000 2.326694 3.410000
v 3.760000 2.326694 3.380000
v 3.760000 2.423639 3.380000
v 3.730000 2.423639 3.410000
v -3.730000 2.297609 -3.380000
v -3.730000 2.326693 -3.410000
v 3.730000 2.326693 -3.410000
v -3.730000 2.297609 -3.380000
v 3.730000 2.326693 -3.410000
v 3.730000 2.297609 -3.380000
v -3.730000 2.297610 3.380000
v 3.730000 2.326694 3.410000
v -3.730000 2.326694 3.410000
v -3.730000 2.297610 3.380000
v 3.730000 2.297610 3.380000
v 3.730000 2.326694 3.410000
v -3.730000 2.452722 -3.380000
v 3.730000 2.423639 -3.410000
v -3.730000 2.423639 -3.410000
v -3.730000 2.452722 -3.380000
v 3.730000 2.452722 -3.380000
v 3.730000 2.423639 -3.410000
v -3.730000 2.452723 3.380000
v -3.730000 2.423639 3.410000
v 3.730000 2.423639 3.410000
v -3.730000 2.452723 3.380000
v 3.730000 2.423639 3.410000
v 3.730000 2.452723 3.380000
v -3.760000 2.326693 -3.380000
v -3.730000 2.326693 -3.410000
v -3.730000 2.297609 -3.380000
v -3.760000 2.326694 3.380000
v -3.730000 2.297610 3.380000
v -3.730000 2.326694 3.410000
v -3.760000 2.423639 -3.380000
v -3.730000 2.452722 -3.380000
v -3.730000 2.423639 -3.410000
v -3.760000 2.423639 3.380000
v -3.730000 2.423639 3.410000
v -3.730000 2.452723 3.380000
v 3.760000 2.326693 -3.380000
v 3.730000 2.297609 -3.380000
v 3.730000 2.326693 -3.410000
v 3.760000 2.326694 3.380000
v 3.730000 2.326694 3.410000
v 3.730000 2.297610 3.380000
v 3.760000 2.423639 -3.380000
v 3.730000 2.423639 -3.410000
v 3.730000 2.452722 -3.380000
v 3.760000 2.423639 3.380000
v 3.730000 2.452723 3.380000
v 3.730000 2.423639 3.410000
vn -1.0000 -0.0000 -0.0000
vn 1.0000 -0.0000 -0.0000
vn -0.0000 -1.0000 -0.0000
vn -0.0000 1.0000 -0.0000
vn -0.0000 -0.0000 -1.0000
vn -0.0000 -0.0000 1.0000
vn -0.6961 -0.7180 -0.0000
vn -0.6961 0.7180 -0.0000
vn 0.6961 -0.7180 -0.0000
vn 0.6961 0.7180 -0.0000
vn -0.7071 -0.0000 -0.7071
vn -0.7071 -0.0000 0.7071
vn 0.7071 -0.0000 -0.7071
vn 0.7071 -0.0000 0.7071
vn -0.0000 -0.7180 -0.6961
vn -0.0000 -0.7180 0.6961
vn -0.0000 0.7180 -0.6961
vn -0.0000 0.7180 0.6961
vn -0.5713 -0.5893 -0.5713
vn -0.5713 -0.5893 0.5713
vn -0.5713 0.5893 -0.5713
vn -0.5713 0.5893 0.5713
vn 0.5713 -0.5893 -0.5713
vn 0.5713 -0.5893 0.5713
vn 0.5713 0.5893 -0.5713
vn 0.5713 0.5893 0.5713
vt 0.655257 0.604187
vt 0.655257 0.562601
vt 0.656100 0.604169
vt 0.656100 0.670819
vt 0.655257 0.629250
vt 0.656100 0.629233
vt 0.681989 0.054109
vt 0.681146 0.054092
vt 0.681989 0.012523
vt 0.655257 0.537554
vt 0.655257 0.495969
vt 0.656100 0.495986
vt 0.056094 0.329245
vt 0.012523 0.281162
vt 0.056094 0.241679
vt 0.081141 0.329245
vt 0.081141 0.241679
vt 0.124712 0.289762
vt 0.149758 0.329245
vt 0.149758 0.241679
vt 0.193330 0.281162
vt 0.261947 0.329245
vt 0.218376 0.289762
vt 0.261947 0.241679
vt 0.420131 0.688251
vt 0.420131 0.642361
vt 0.420974 0.642377
vt 0.446864 0.688251
vt 0.446020 0.688236
vt 0.446864 0.642361
vt 0.471910 0.642361
vt 0.472753 0.688236
vt 0.471910 0.688251
vt 0.498642 0.642361
vt 0.498642 0.688251
vt 0.497799 0.642377
vt 0.317516 0.615923
vt 0.317255 0.615923
vt 0.317255 0.557124
vt 0.368130 0.615923
vt 0.367869 0.557124
vt 0.368130 0.557124
vt 0.393177 0.615923
vt 0.393438 0.557124
vt 0.393438 0.615923
vt 0.418484 0.615923
vt 0.418484 0.557124
vt 0.418745 0.557124
vt 0.443791 0.615923
vt 0.444052 0.557124
vt 0.444052 0.615923
vt 0.469099 0.615923
vt 0.469099 0.557124
vt 0.469360 0.557124
vt 0.342823 0.615923
vt 0.342562 0.615923
vt 0.342562 0.557124
vt 0.494667 0.615923
vt 0.494406 0.557124
vt 0.494667 0.557124
vt 0.216772 0.960936
vt 0.216772 0.961857
vt 0.216434 0.961084
vt 0.241819 0.960936
vt 0.242157 0.961709
vt 0.241819 0.961857
vt 0.267541 0.961857
vt 0.267203 0.961709
vt 0.267541 0.960936
vt 0.292587 0.961857
vt 0.292587 0.960936
vt 0.292926 0.961084
vt 0.317972 0.960936
vt 0.318310 0.961084
vt 0.317972 0.961857
vt 0.343694 0.960936
vt 0.343694 0.961857
vt 0.343356 0.961709
vt 0.368741 0.961857
vt 0.368741 0.960936
vt 0.369079 0.961709
vt 0.394463 0.961857
vt 0.394125 0.961084
vt 0.394463 0.960936
vt 0.368304 0.530686
vt 0.368043 0.530686
vt 0.368043 0.465798
vt 0.470688 0.012523
vt 0.470949 0.077411
vt 0.470688 0.077411
vt 0.393612 0.465798
vt 0.393351 0.530686
vt 0.393351 0.465798
vt 0.470688 0.167345
vt 0.470688 0.102457
vt 0.470949 0.102457
vt 0.470949 0.192392
vt 0.470688 0.257279
vt 0.470688 0.192392
vt 0.418658 0.530686
vt 0.418658 0.465798
vt 0.418919 0.465798
vt 0.470949 0.347214
vt 0.470688 0.347214
vt 0.470688 0.282326
vt 0.443965 0.465798
vt 0.444226 0.530686
vt 0.443965 0.530686
vt 0.976691 0.904057
vt 0.976691 0.904426
vt 0.976438 0.904241
vt 0.976691 0.929841
vt 0.976438 0.929657
vt 0.976691 0.929472
vt 0.190052 0.987108
vt 0.190052 0.987421
vt 0.189754 0.987325
vt 0.215099 0.987325
vt 0.215397 0.987108
vt 0.215397 0.987421
vt 0.976438 0.954887
vt 0.976691 0.955072
vt 0.976438 0.955256
vt 0.012523 0.987477
vt 0.012523 0.987108
vt 0.012776 0.987292
vt 0.240741 0.987204
vt 0.240443 0.987421
vt 0.240443 0.987108
vt 0.265788 0.987421
vt 0.265788 0.987108
vt 0.266086 0.987204
s 0
usemtl building_near_b
f 1/1/1 2/2/1 3/3/1
f 4/4/1 5/5/1 6/6/1
f 7/7/2 8/8/2 9/9/2
f 10/10/2 11/11/2 12/12/2
f 13/13/3 14/14/3 15/15/3
f 16/16/3 17/17/3 18/18/3
f 19/19/4 20/20/4 21/21/4
f 22/22/4 23/23/4 24/24/4
f 25/25/5 26/26/5 27/27/5
f 28/28/5 29/29/5 30/30/5
f 31/31/6 32/32/6 33/33/6
f 34/34/6 35/35/6 36/36/6
f 37/37/7 38/38/7 39/39/7
f 40/40/7 41/41/7 42/42/7
f 43/43/8 44/44/8 45/45/8
f 46/46/8 47/47/8 48/48/8
f 49/49/9 50/50/9 51/51/9
f 52/52/9 53/53/9 54/54/9
f 55/55/10 56/56/10 57/57/10
f 58/58/10 59/59/10 60/60/10
f 61/61/11 62/62/11 63/63/11
f 64/64/11 65/65/11 66/66/11
f 67/67/12 68/68/12 69/69/12
f 70/70/12 71/71/12 72/72/12
f 73/73/13 74/74/13 75/75/13
f 76/76/13 77/77/13 78/78/13
f 79/79/14 80/80/14 81/81/14
f 82/82/14 83/83/14 84/84/14
f 85/85/15 86/86/15 87/87/15
f 88/88/15 89/89/15 90/90/15
f 91/91/16 92/92/16 93/93/16
f 94/94/16 95/95/16 96/96/16
f 97/97/17 98/98/17 99/99/17
f 100/100/17 101/101/17 102/102/17
f 103/103/18 104/104/18 105/105/18
f 106/106/18 107/107/18 108/108/18
f 109/109/19 110/110/19 111/111/19
f 112/112/20 113/113/20 114/114/20
f 115/115/21 116/116/21 117/117/21
f 118/118/22 119/119/22 120/120/22
f 121/121/23 122/122/23 123/123/23
f 124/124/24 125/125/24 126/126/24
f 127/127/25 128/128/25 129/129/25
f 130/130/26 131/131/26 132/132/26
o body
v -3.725000 0.620451 -3.335000
v -3.725000 5.681009 3.335000
v -3.725000 5.681008 -3.335001
v -3.725000 0.620451 -3.335000
v -3.725000 0.620452 3.335000
v -3.725000 5.681009 3.335000
v 3.725000 0.620451 -3.335000
v 3.725000 5.681008 -3.335001
v 3.725000 5.681009 3.335000
v 3.725000 0.620451 -3.335000
v 3.725000 5.681009 3.335000
v 3.725000 0.620452 3.335000
v -3.685000 0.581673 -3.335000
v 3.685000 0.581673 -3.335000
v 3.685000 0.581673 3.335000
v -3.685000 0.581673 -3.335000
v 3.685000 0.581673 3.335000
v -3.685000 0.581673 3.335000
v -3.685000 5.719787 -3.335001
v 3.685000 5.719788 3.335000
v 3.685000 5.719787 -3.335001
v -3.685000 5.719787 -3.335001
v -3.685000 5.719788 3.335000
v 3.685000 5.719788 3.335000
v -3.685000 0.620451 -3.375000
v 3.685000 5.681008 -3.375000
v 3.685000 0.620451 -3.375000
v -3.685000 0.620451 -3.375000
v -3.685000 5.681008 -3.375000
v 3.685000 5.681008 -3.375000
v -3.685000 0.620452 3.375000
v 3.685000 0.620452 3.375000
v 3.685000 5.681009 3.375000
v -3.685000 0.620452 3.375000
v 3.685000 5.681009 3.375000
v -3.685000 5.681009 3.375000
v -3.725000 0.620451 -3.335000
v -3.685000 0.581673 -3.335000
v -3.685000 0.581673 3.335000
v -3.725000 0.620451 -3.335000
v -3.685000 0.581673 3.335000
v -3.725000 0.620452 3.335000
v -3.725000 5.681008 -3.335001
v -3.685000 5.719788 3.335000
v -3.685000 5.719787 -3.335001
v -3.725000 5.681008 -3.335001
v -3.725000 5.681009 3.335000
v -3.685000 5.719788 3.335000
v 3.725000 0.620451 -3.335000
v 3.685000 0.581673 3.335000
v 3.685000 0.581673 -3.335000
v 3.725000 0.620451 -3.335000
v 3.725000 0.620452 3.335000
v 3.685000 0.581673 3.335000
v 3.725000 5.681008 -3.335001
v 3.685000 5.719787 -3.335001
v 3.685000 5.719788 3.335000
v 3.725000 5.681008 -3.335001
v 3.685000 5.719788 3.335000
v 3.725000 5.681009 3.335000
v -3.725000 0.620451 -3.335000
v -3.685000 5.681008 -3.375000
v -3.685000 0.620451 -3.375000
v -3.725000 0.620451 -3.335000
v -3.725000 5.681008 -3.335001
v -3.685000 5.681008 -3.375000
v -3.725000 0.620452 3.335000
v -3.685000 0.620452 3.375000
v -3.685000 5.681009 3.375000
v -3.725000 0.620452 3.335000
v -3.685000 5.681009 3.375000
v -3.725000 5.681009 3.335000
v 3.725000 0.620451 -3.335000
v 3.685000 0.620451 -3.375000
v 3.685000 5.681008 -3.375000
v 3.725000 0.620451 -3.335000
v 3.685000 5.681008 -3.375000
v 3.725000 5.681008 -3.335001
v 3.725000 0.620452 3.335000
v 3.685000 5.681009 3.375000
v 3.685000 0.620452 3.375000
v 3.725000 0.620452 3.335000
v 3.725000 5.681009 3.335000
v 3.685000 5.681009 3.375000
v -3.685000 0.581673 -3.335000
v -3.685000 0.620451 -3.375000
v 3.685000 0.620451 -3.375000
v -3.685000 0.581673 -3.335000
v 3.685000 0.620451 -3.375000
v 3.685000 0.581673 -3.335000
v -3.685000 0.581673 3.335000
v 3.685000 0.620452 3.375000
v -3.685000 0.620452 3.375000
v -3.685000 0.581673 3.335000
v 3.685000 0.581673 3.335000
v 3.685000 0.620452 3.375000
v -3.685000 5.719787 -3.335001
v 3.685000 5.681008 -3.375000
v -3.685000 5.681008 -3.375000
v -3.685000 5.719787 -3.335001
v 3.685000 5.719787 -3.335001
v 3.685000 5.681008 -3.375000
v -3.685000 5.719788 3.335000
v -3.685000 5.681009 3.375000
v 3.685000 5.681009 3.375000
v -3.685000 5.719788 3.335000
v 3.685000 5.681009 3.375000
v 3.685000 5.719788 3.335000
v -3.725000 0.620451 -3.335000
v -3.685000 0.620451 -3.375000
v -3.685000 0.581673 -3.335000
v -3.725000 0.620452 3.335000
v -3.685000 0.581673 3.335000
v -3.685000 0.620452 3.375000
v -3.725000 5.681008 -3.335001
v -3.685000 5.719787 -3.335001
v -3.685000 5.681008 -3.375000
v -3.725000 5.681009 3.335000
v -3.685000 5.681009 3.375000
v -3.685000 5.719788 3.335000
v 3.725000 0.620451 -3.335000
v 3.685000 0.581673 -3.335000
v 3.685000 0.620451 -3.375000
v 3.725000 0.620452 3.335000
v 3.685000 0.620452 3.375000
v 3.685000 0.581673 3.335000
v 3.725000 5.681008 -3.335001
v 3.685000 5.681008 -3.375000
v 3.685000 5.719787 -3.335001
v 3.725000 5.681009 3.335000
v 3.685000 5.719788 3.335000
v 3.685000 5.681009 3.375000
vn -1.0000 -0.0000 -0.0000
vn 1.0000 -0.0000 -0.0000
vn -0.0000 -1.0000 -0.0000
vn -0.0000 1.0000 -0.0000
vn -0.0000 -0.0000 -1.0000
vn -0.0000 -0.0000 1.0000
vn -0.6961 -0.7180 -0.0000
vn -0.6961 0.7180 -0.0000
vn 0.6961 -0.7180 -0.0000
vn 0.6961 0.7180 -0.0000
vn -0.7071 -0.0000 -0.7071
vn -0.7071 -0.0000 0.7071
vn 0.7071 -0.0000 -0.7071
vn 0.7071 -0.0000 0.7071
vn -0.0000 -0.7180 -0.6961
vn -0.0000 -0.7180 0.6961
vn -0.0000 0.7180 -0.6961
vn -0.0000 0.7180 0.6961
vn -0.5713 -0.5893 -0.5713
vn -0.5713 -0.5893 0.5713
vn -0.5713 0.5893 -0.5713
vn -0.5713 0.5893 0.5713
vn 0.5713 -0.5893 -0.5713
vn 0.5713 -0.5893 0.5713
vn 0.5713 0.5893 -0.5713
vn 0.5713 0.5893 0.5713
vt 0.359006 0.425616
vt 0.359006 0.365446
vt 0.389017 0.393415
vt 0.445641 0.072693
vt 0.415631 0.044724
vt 0.445641 0.012523
vt 0.445641 0.157910
vt 0.415631 0.125710
vt 0.445641 0.097740
vt 0.415631 0.243127
vt 0.415631 0.182957
vt 0.445641 0.215157
vt 0.333960 0.098983
vt 0.290944 0.051453
vt 0.333960 0.012523
vt 0.290944 0.321996
vt 0.290944 0.235536
vt 0.333960 0.283066
vt 0.012523 0.440752
vt 0.012523 0.354291
vt 0.055539 0.393222
vt 0.333960 0.210490
vt 0.290944 0.171560
vt 0.333960 0.124030
vt 0.359006 0.075707
vt 0.359006 0.012523
vt 0.390584 0.043188
vt 0.390584 0.252169
vt 0.359006 0.221504
vt 0.390584 0.188984
vt 0.359006 0.100754
vt 0.390584 0.133273
vt 0.359006 0.163938
vt 0.390584 0.277215
vt 0.390584 0.340399
vt 0.359006 0.307880
vt 0.572613 0.286279
vt 0.572265 0.286279
vt 0.572265 0.228262
vt 0.572613 0.452404
vt 0.572265 0.394388
vt 0.572613 0.394388
vt 0.572265 0.535467
vt 0.572613 0.477451
vt 0.572613 0.535467
vt 0.601696 0.070540
vt 0.601696 0.012523
vt 0.602044 0.012523
vt 0.601696 0.153602
vt 0.602044 0.095586
vt 0.602044 0.153602
vt 0.601696 0.236665
vt 0.601696 0.178649
vt 0.602044 0.178649
vt 0.572613 0.369342
vt 0.572265 0.369342
vt 0.572265 0.311325
vt 0.602044 0.319728
vt 0.601696 0.261711
vt 0.602044 0.261711
vt 0.628414 0.642361
vt 0.628414 0.686381
vt 0.627922 0.642367
vt 0.655257 0.056540
vt 0.655257 0.012523
vt 0.655749 0.012523
vt 0.655749 0.332795
vt 0.655257 0.332795
vt 0.655257 0.288778
vt 0.655257 0.081587
vt 0.655749 0.125604
vt 0.655257 0.125604
vt 0.655749 0.194668
vt 0.655257 0.194668
vt 0.655257 0.150650
vt 0.655257 0.357841
vt 0.655749 0.401859
vt 0.655257 0.401859
vt 0.655749 0.219714
vt 0.655257 0.263731
vt 0.655257 0.219714
vt 0.655257 0.470922
vt 0.655257 0.426905
vt 0.655749 0.426905
vt 0.471036 0.436365
vt 0.470688 0.436365
vt 0.470688 0.372260
vt 0.496082 0.190826
vt 0.496430 0.254931
vt 0.496082 0.254931
vt 0.471036 0.461411
vt 0.470688 0.525517
vt 0.470688 0.461411
vt 0.496082 0.344082
vt 0.496082 0.279977
vt 0.496430 0.279977
vt 0.496430 0.369129
vt 0.496082 0.433234
vt 0.496082 0.369129
vt 0.496082 0.076628
vt 0.496082 0.012523
vt 0.496430 0.012523
vt 0.496430 0.522385
vt 0.496082 0.522385
vt 0.496082 0.458280
vt 0.496082 0.101675
vt 0.496430 0.165780
vt 0.496082 0.165780
vt 0.976438 0.114677
vt 0.976835 0.114967
vt 0.976438 0.115094
vt 0.976438 0.140558
vt 0.976438 0.140141
vt 0.976835 0.140268
vt 0.622652 0.960936
vt 0.622989 0.961182
vt 0.622652 0.961428
vt 0.648035 0.961428
vt 0.648035 0.960936
vt 0.648373 0.961182
vt 0.976835 0.241996
vt 0.976835 0.242414
vt 0.976438 0.242286
vt 0.976835 0.267877
vt 0.976438 0.267588
vt 0.976835 0.267460
vt 0.673756 0.960936
vt 0.673756 0.961428
vt 0.673419 0.961182
vt 0.699140 0.961428
vt 0.698803 0.961182
vt 0.699140 0.960936
s 0
usemtl building_near_b
f 133/133/27 134/134/27 135/135/27
f 136/136/27 137/137/27 138/138/27
f 139/139/28 140/140/28 141/141/28
f 142/142/28 143/143/28 144/144/28
f 145/145/29 146/146/29 147/147/29
f 148/148/29 149/149/29 150/150/29
f 151/151/30 152/152/30 153/153/30
f 154/154/30 155/155/30 156/156/30
f 157/157/31 158/158/31 159/159/31
f 160/160/31 161/161/31 162/162/31
f 163/163/32 164/164/32 165/165/32
f 166/166/32 167/167/32 168/168/32
f 169/169/33 170/170/33 171/171/33
f 172/172/33 173/173/33 174/174/33
f 175/175/34 176/176/34 177/177/34
f 178/178/34 179/179/34 180/180/34
f 181/181/35 182/182/35 183/183/35
f 184/184/35 185/185/35 186/186/35
f 187/187/36 188/188/36 189/189/36
f 190/190/36 191/191/36 192/192/36
f 193/193/37 194/194/37 195/195/37
f 196/196/37 197/197/37 198/198/37
f 199/199/38 200/200/38 201/201/38
f 202/202/38 203/203/38 204/204/38
f 205/205/39 206/206/39 207/207/39
f 208/208/39 209/209/39 210/210/39
f 211/211/40 212/212/40 213/213/40
f 214/214/40 215/215/40 216/216/40
f 217/217/41 218/218/41 219/219/41
f 220/220/41 221/221/41 222/222/41
f 223/223/42 224/224/42 225/225/42
f 226/226/42 227/227/42 228/228/42
f 229/229/43 230/230/43 231/231/43
f 232/232/43 233/233/43 234/234/43
f 235/235/44 236/236/44 237/237/44
f 238/238/44 239/239/44 240/240/44
f 241/241/45 242/242/45 243/243/45
f 244/244/46 245/245/46 246/246/46
f 247/247/47 248/248/47 249/249/47
f 250/250/48 251/251/48 252/252/48
f 253/253/49 254/254/49 255/255/49
f 256/256/50 257/257/50 258/258/50
f 259/259/51 260/260/51 261/261/51
f 262/262/52 263/263/52 264/264/52
o cornice
v -3.850000 5.758565 -3.460001
v -3.850000 6.117265 3.460000
v -3.850000 6.117264 -3.460001
v -3.850000 5.758565 -3.460001
v -3.850000 5.758566 3.460000
v -3.850000 6.117265 3.460000
v 3.850000 5.758565 -3.460001
v 3.850000 6.117264 -3.460001
v 3.850000 6.117265 3.460000
v 3.850000 5.758565 -3.460001
v 3.850000 6.117265 3.460000
v 3.850000 5.758566 3.460000
v -3.810000 5.719787 -3.460001
v 3.810000 5.719787 -3.460001
v 3.810000 5.719788 3.460000
v -3.810000 5.719787 -3.460001
v 3.810000 5.719788 3.460000
v -3.810000 5.719788 3.460000
v -3.810000 6.156042 -3.460001
v 3.810000 6.156043 3.460000
v 3.810000 6.156042 -3.460001
v -3.810000 6.156042 -3.460001
v -3.810000 6.156043 3.460000
v 3.810000 6.156043 3.460000
v -3.810000 5.758565 -3.500000
v 3.810000 6.117264 -3.500000
v 3.810000 5.758565 -3.500000
v -3.810000 5.758565 -3.500000
v -3.810000 6.117264 -3.500000
v 3.810000 6.117264 -3.500000
v -3.810000 5.758566 3.500000
v 3.810000 5.758566 3.500000
v 3.810000 6.117265 3.500000
v -3.810000 5.758566 3.500000
v 3.810000 6.117265 3.500000
v -3.810000 6.117265 3.500000
v -3.850000 5.758565 -3.460001
v -3.810000 5.719787 -3.460001
v -3.810000 5.719788 3.460000
v -3.850000 5.758565 -3.460001
v -3.810000 5.719788 3.460000
v -3.850000 5.758566 3.460000
v -3.850000 6.117264 -3.460001
v -3.810000 6.156043 3.460000
v -3.810000 6.156042 -3.460001
v -3.850000 6.117264 -3.460001
v -3.850000 6.117265 3.460000
v -3.810000 6.156043 3.460000
v 3.850000 5.758565 -3.460001
v 3.810000 5.719788 3.460000
v 3.810000 5.719787 -3.460001
v 3.850000 5.758565 -3.460001
v 3.850000 5.758566 3.460000
v 3.810000 5.719788 3.460000
v 3.850000 6.117264 -3.460001
v 3.810000 6.156042 -3.460001
v 3.810000 6.156043 3.460000
v 3.850000 6.117264 -3.460001
v 3.810000 6.156043 3.460000
v 3.850000 6.117265 3.460000
v -3.850000 5.758565 -3.460001
v -3.810000 6.117264 -3.500000
v -3.810000 5.758565 -3.500000
v -3.850000 5.758565 -3.460001
v -3.850000 6.117264 -3.460001
v -3.810000 6.117264 -3.500000
v -3.850000 5.758566 3.460000
v -3.810000 5.758566 3.500000
v -3.810000 6.117265 3.500000
v -3.850000 5.758566 3.460000
v -3.810000 6.117265 3.500000
v -3.850000 6.117265 3.460000
v 3.850000 5.758565 -3.460001
v 3.810000 5.758565 -3.500000
v 3.810000 6.117264 -3.500000
v 3.850000 5.758565 -3.460001
v 3.810000 6.117264 -3.500000
v 3.850000 6.117264 -3.460001
v 3.850000 5.758566 3.460000
v 3.810000 6.117265 3.500000
v 3.810000 5.758566 3.500000
v 3.850000 5.758566 3.460000
v 3.850000 6.117265 3.460000
v 3.810000 6.117265 3.500000
v -3.810000 5.719787 -3.460001
v -3.810000 5.758565 -3.500000
v 3.810000 5.758565 -3.500000
v -3.810000 5.719787 -3.460001
v 3.810000 5.758565 -3.500000
v 3.810000 5.719787 -3.460001
v -3.810000 5.719788 3.460000
v 3.810000 5.758566 3.500000
v -3.810000 5.758566 3.500000
v -3.810000 5.719788 3.460000
v 3.810000 5.719788 3.460000
v 3.810000 5.758566 3.500000
v -3.810000 6.156042 -3.460001
v 3.810000 6.117264 -3.500000
v -3.810000 6.117264 -3.500000
v -3.810000 6.156042 -3.460001
v 3.810000 6.156042 -3.460001
v 3.810000 6.117264 -3.500000
v -3.810000 6.156043 3.460000
v -3.810000 6.117265 3.500000
v 3.810000 6.117265 3.500000
v -3.810000 6.156043 3.460000
v 3.810000 6.117265 3.500000
v 3.810000 6.156043 3.460000
v -3.850000 5.758565 -3.460001
v -3.810000 5.758565 -3.500000
v -3.810000 5.719787 -3.460001
v -3.850000 5.758566 3.460000
v -3.810000 5.719788 3.460000
v -3.810000 5.758566 3.500000
v -3.850000 6.117264 -3.460001
v -3.810000 6.156042 -3.460001
v -3.810000 6.117264 -3.500000
v -3.850000 6.117265 3.460000
v -3.810000 6.117265 3.500000
v -3.810000 6.156043 3.460000
v 3.850000 5.758565 -3.460001
v 3.810000 5.719787 -3.460001
v 3.810000 5.758565 -3.500000
v 3.850000 5.758566 3.460000
v 3.810000 5.758566 3.500000
v 3.810000 5.719788 3.460000
v 3.850000 6.117264 -3.460001
v 3.810000 6.117264 -3.500000
v 3.810000 6.156042 -3.460001
v 3.850000 6.117265 3.460000
v 3.810000 6.156043 3.460000
v 3.810000 6.117265 3.500000
vn -1.0000 -0.0000 -0.0000
vn 1.0000 -0.0000 -0.0000
vn -0.0000 -1.0000 -0.0000
vn -0.0000 1.0000 -0.0000
vn -0.0000 -0.0000 -1.0000
vn -0.0000 -0.0000 1.0000
vn -0.6961 -0.7180 -0.0000
vn -0.6961 0.7180 -0.0000
vn 0.6961 -0.7180 -0.0000
vn 0.6961 0.7180 -0.0000
vn -0.7071 -0.0000 -0.7071
vn -0.7071 -0.0000 0.7071
vn 0.7071 -0.0000 -0.7071
vn 0.7071 -0.0000 0.7071
vn -0.0000 -0.7180 -0.6961
vn -0.0000 -0.7180 0.6961
vn -0.0000 0.7180 -0.6961
vn -0.0000 0.7180 0.6961
vn -0.5713 -0.5893 -0.5713
vn -0.5713 -0.5893 0.5713
vn -0.5713 0.5893 -0.5713
vn -0.5713 0.5893 0.5713
vn 0.5713 -0.5893 -0.5713
vn 0.5713 -0.5893 0.5713
vn 0.5713 0.5893 -0.5713
vn 0.5713 0.5893 0.5713
vt 0.186489 0.684923
vt 0.189608 0.642361
vt 0.189608 0.684923
vt 0.214655 0.684923
vt 0.214655 0.642361
vt 0.217775 0.642361
vt 0.161442 0.684923
vt 0.158322 0.684923
vt 0.158322 0.642361
vt 0.245941 0.684923
vt 0.242821 0.642361
vt 0.245941 0.642361
vt 0.196292 0.102055
vt 0.151734 0.052989
vt 0.196292 0.012523
vt 0.012523 0.102055
vt 0.012523 0.012523
vt 0.057082 0.061589
vt 0.082128 0.102055
vt 0.082128 0.012523
vt 0.126687 0.052989
vt 0.196292 0.216633
vt 0.151734 0.176167
vt 0.196292 0.127101
vt 0.630210 0.544442
vt 0.627090 0.497575
vt 0.630210 0.497575
vt 0.630210 0.472529
vt 0.627090 0.472529
vt 0.627090 0.425662
vt 0.630210 0.569488
vt 0.630210 0.616355
vt 0.627090 0.616355
vt 0.015643 0.642361
vt 0.012523 0.689228
vt 0.012523 0.642361
vt 0.547219 0.250147
vt 0.546871 0.250147
vt 0.546871 0.189956
vt 0.012871 0.617315
vt 0.012523 0.557124
vt 0.012871 0.557124
vt 0.037917 0.617315
vt 0.038265 0.557124
vt 0.038265 0.617315
vt 0.063312 0.617315
vt 0.063312 0.557124
vt 0.063660 0.557124
vt 0.088706 0.617315
vt 0.089054 0.557124
vt 0.089054 0.617315
vt 0.114100 0.617315
vt 0.114100 0.557124
vt 0.114448 0.557124
vt 0.547219 0.335384
vt 0.546871 0.335384
vt 0.546871 0.275193
vt 0.139843 0.617315
vt 0.139495 0.557124
vt 0.139843 0.557124
vt 0.951391 0.729134
vt 0.950899 0.732254
vt 0.950899 0.729134
vt 0.950899 0.760420
vt 0.950899 0.757300
vt 0.951391 0.757300
vt 0.951391 0.788587
vt 0.950899 0.788587
vt 0.950899 0.785467
vt 0.950899 0.813633
vt 0.951391 0.816753
vt 0.950899 0.816753
vt 0.951391 0.844919
vt 0.950899 0.844919
vt 0.950899 0.841799
vt 0.950899 0.869966
vt 0.951391 0.873086
vt 0.950899 0.873086
vt 0.951391 0.898132
vt 0.950899 0.901252
vt 0.950899 0.898132
vt 0.950899 0.929419
vt 0.950899 0.926299
vt 0.951391 0.926299
vt 0.415979 0.334453
vt 0.415631 0.334453
vt 0.415631 0.268173
vt 0.164889 0.465798
vt 0.165237 0.532077
vt 0.164889 0.532077
vt 0.415979 0.359499
vt 0.415631 0.425779
vt 0.415631 0.359499
vt 0.190283 0.532077
vt 0.190283 0.465798
vt 0.190631 0.465798
vt 0.216025 0.465798
vt 0.215678 0.532077
vt 0.215678 0.465798
vt 0.012523 0.532077
vt 0.012523 0.465798
vt 0.012871 0.465798
vt 0.241420 0.532077
vt 0.241072 0.532077
vt 0.241072 0.465798
vt 0.037917 0.465798
vt 0.038265 0.532077
vt 0.037917 0.532077
vt 0.976835 0.675009
vt 0.976438 0.675299
vt 0.976438 0.674882
vt 0.976835 0.700636
vt 0.976438 0.700763
vt 0.976438 0.700346
vt 0.976438 0.725937
vt 0.976835 0.725809
vt 0.976835 0.726227
vt 0.976438 0.751563
vt 0.976835 0.751273
vt 0.976835 0.751691
vt 0.976438 0.776865
vt 0.976835 0.776737
vt 0.976835 0.777155
vt 0.976438 0.802491
vt 0.976835 0.802201
vt 0.976835 0.802619
vt 0.976835 0.827793
vt 0.976438 0.828082
vt 0.976438 0.827665
vt 0.976835 0.853419
vt 0.976438 0.853546
vt 0.976438 0.853129
s 0
usemtl building_near_b
f 265/265/53 266/266/53 267/267/53
f 268/268/53 269/269/53 270/270/53
f 271/271/54 272/272/54 273/273/54
f 274/274/54 275/275/54 276/276/54
f 277/277/55 278/278/55 279/279/55
f 280/280/55 281/281/55 282/282/55
f 283/283/56 284/284/56 285/285/56
f 286/286/56 287/287/56 288/288/56
f 289/289/57 290/290/57 291/291/57
f 292/292/57 293/293/57 294/294/57
f 295/295/58 296/296/58 297/297/58
f 298/298/58 299/299/58 300/300/58
f 301/301/59 302/302/59 303/303/59
f 304/304/59 305/305/59 306/306/59
f 307/307/60 308/308/60 309/309/60
f 310/310/60 311/311/60 312/312/60
f 313/313/61 314/314/61 315/315/61
f 316/316/61 317/317/61 318/318/61
f 319/319/62 320/320/62 321/321/62
f 322/322/62 323/323/62 324/324/62
f 325/325/63 326/326/63 327/327/63
f 328/328/63 329/329/63 330/330/63
f 331/331/64 332/332/64 333/333/64
f 334/334/64 335/335/64 336/336/64
f 337/337/65 338/338/65 339/339/65
f 340/340/65 341/341/65 342/342/65
f 343/343/66 344/344/66 345/345/66
f 346/346/66 347/347/66 348/348/66
f 349/349/67 350/350/67 351/351/67
f 352/352/67 353/353/67 354/354/67
f 355/355/68 356/356/68 357/357/68
f 358/358/68 359/359/68 360/360/68
f 361/361/69 362/362/69 363/363/69
f 364/364/69 365/365/69 366/366/69
f 367/367/70 368/368/70 369/369/70
f 370/370/70 371/371/70 372/372/70
f 373/373/71 374/374/71 375/375/71
f 376/376/72 377/377/72 378/378/72
f 379/379/73 380/380/73 381/381/73
f 382/382/74 383/383/74 384/384/74
f 385/385/75 386/386/75 387/387/75
f 388/388/76 389/389/76 390/390/76
f 391/391/77 392/392/77 393/393/77
f 394/394/78 395/395/78 396/396/78
o plinth
v -3.850000 0.038778 -3.460000
v -3.850000 0.542895 3.460000
v -3.850000 0.542895 -3.460000
v -3.850000 0.038778 -3.460000
v -3.850000 0.038779 3.460000
v -3.850000 0.542895 3.460000
v 3.850000 0.038778 -3.460000
v 3.850000 0.542895 -3.460000
v 3.850000 0.542895 3.460000
v 3.850000 0.038778 -3.460000
v 3.850000 0.542895 3.460000
v 3.850000 0.038779 3.460000
v -3.810000 -0.000000 -3.460000
v 3.810000 -0.000000 -3.460000
v 3.810000 0.000000 3.460000
v -3.810000 -0.000000 -3.460000
v 3.810000 0.000000 3.460000
v -3.810000 0.000000 3.460000
v -3.810000 0.581673 -3.460000
v 3.810000 0.581674 3.460000
v 3.810000 0.581673 -3.460000
v -3.810000 0.581673 -3.460000
v -3.810000 0.581674 3.460000
v 3.810000 0.581674 3.460000
v -3.810000 0.038778 -3.500000
v 3.810000 0.542895 -3.500000
v 3.810000 0.038778 -3.500000
v -3.810000 0.038778 -3.500000
v -3.810000 0.542895 -3.500000
v 3.810000 0.542895 -3.500000
v -3.810000 0.038779 3.500000
v 3.810000 0.038779 3.500000
v 3.810000 0.542895 3.500000
v -3.810000 0.038779 3.500000
v 3.810000 0.542895 3.500000
v -3.810000 0.542895 3.500000
v -3.850000 0.038778 -3.460000
v -3.810000 -0.000000 -3.460000
v -3.810000 0.000000 3.460000
v -3.850000 0.038778 -3.460000
v -3.810000 0.000000 3.460000
v -3.850000 0.038779 3.460000
v -3.850000 0.542895 -3.460000
v -3.810000 0.581674 3.460000
v -3.810000 0.581673 -3.460000
v -3.850000 0.542895 -3.460000
v -3.850000 0.542895 3.460000
v -3.810000 0.581674 3.460000
v 3.850000 0.038778 -3.460000
v 3.810000 0.000000 3.460000
v 3.810000 -0.000000 -3.460000
v 3.850000 0.038778 -3.460000
v 3.850000 0.038779 3.460000
v 3.810000 0.000000 3.460000
v 3.850000 0.542895 -3.460000
v 3.810000 0.581673 -3.460000
v 3.810000 0.581674 3.460000
v 3.850000 0.542895 -3.460000
v 3.810000 0.581674 3.460000
v 3.850000 0.542895 3.460000
v -3.850000 0.038778 -3.460000
v -3.810000 0.542895 -3.500000
v -3.810000 0.038778 -3.500000
v -3.850000 0.038778 -3.460000
v -3.850000 0.542895 -3.460000
v -3.810000 0.542895 -3.500000
v -3.850000 0.038779 3.460000
v -3.810000 0.038779 3.500000
v -3.810000 0.542895 3.500000
v -3.850000 0.038779 3.460000
v -3.810000 0.542895 3.500000
v -3.850000 0.542895 3.460000
v 3.850000 0.038778 -3.460000
v 3.810000 0.038778 -3.500000
v 3.810000 0.542895 -3.500000
v 3.850000 0.038778 -3.460000
v 3.810000 0.542895 -3.500000
v 3.850000 0.542895 -3.460000
v 3.850000 0.038779 3.460000
v 3.810000 0.542895 3.500000
v 3.810000 0.038779 3.500000
v 3.850000 0.038779 3.460000
v 3.850000 0.542895 3.460000
v 3.810000 0.542895 3.500000
v -3.810000 -0.000000 -3.460000
v -3.810000 0.038778 -3.500000
v 3.810000 0.038778 -3.500000
v -3.810000 -0.000000 -3.460000
v 3.810000 0.038778 -3.500000
v 3.810000 -0.000000 -3.460000
v -3.810000 0.000000 3.460000
v 3.810000 0.038779 3.500000
v -3.810000 0.038779 3.500000
v -3.810000 0.000000 3.460000
v 3.810000 0.000000 3.460000
v 3.810000 0.038779 3.500000
v -3.810000 0.581673 -3.460000
v 3.810000 0.542895 -3.500000
v -3.810000 0.542895 -3.500000
v -3.810000 0.581673 -3.460000
v 3.810000 0.581673 -3.460000
v 3.810000 0.542895 -3.500000
v -3.810000 0.581674 3.460000
v -3.810000 0.542895 3.500000
v 3.810000 0.542895 3.500000
v -3.810000 0.581674 3.460000
v 3.810000 0.542895 3.500000
v 3.810000 0.581674 3.460000
v -3.850000 0.038778 -3.460000
v -3.810000 0.038778 -3.500000
v -3.810000 -0.000000 -3.460000
v -3.850000 0.038779 3.460000
v -3.810000 0.000000 3.460000
v -3.810000 0.038779 3.500000
v -3.850000 0.542895 -3.460000
v -3.810000 0.581673 -3.460000
v -3.810000 0.542895 -3.500000
v -3.850000 0.542895 3.460000
v -3.810000 0.542895 3.500000
v -3.810000 0.581674 3.460000
v 3.850000 0.038778 -3.460000
v 3.810000 -0.000000 -3.460000
v 3.810000 0.038778 -3.500000
v 3.850000 0.038779 3.460000
v 3.810000 0.038779 3.500000
v 3.810000 0.000000 3.460000
v 3.850000 0.542895 -3.460000
v 3.810000 0.542895 -3.500000
v 3.810000 0.581673 -3.460000
v 3.850000 0.542895 3.460000
v 3.810000 0.581674 3.460000
v 3.810000 0.542895 3.500000
vn -1.0000 -0.0000 -0.0000
vn 1.0000 -0.0000 -0.0000
vn -0.0000 -1.0000 -0.0000
vn -0.0000 1.0000 -0.0000
vn -0.0000 -0.0000 -1.0000
vn -0.0000 -0.0000 1.0000
vn -0.6961 -0.7180 -0.0000
vn -0.6961 0.7180 -0.0000
vn 0.6961 -0.7180 -0.0000
vn 0.6961 0.7180 -0.0000
vn -0.7071 -0.0000 -0.7071
vn -0.7071 -0.0000 0.7071
vn 0.7071 -0.0000 -0.7071
vn 0.7071 -0.0000 0.7071
vn -0.0000 -0.7180 -0.6961
vn -0.0000 -0.7180 0.6961
vn -0.0000 0.7180 -0.6961
vn -0.0000 0.7180 0.6961
vn -0.5713 -0.5893 -0.5713
vn -0.5713 -0.5893 0.5713
vn -0.5713 0.5893 -0.5713
vn -0.5713 0.5893 0.5713
vn 0.5713 -0.5893 -0.5713
vn 0.5713 -0.5893 0.5713
vn 0.5713 0.5893 -0.5713
vn 0.5713 0.5893 0.5713
vt 0.040690 0.685148
vt 0.040690 0.642361
vt 0.045051 0.684698
vt 0.133276 0.685148
vt 0.128914 0.642810
vt 0.133276 0.642361
vt 0.074459 0.685148
vt 0.070098 0.684698
vt 0.074459 0.642361
vt 0.099506 0.685148
vt 0.099506 0.642361
vt 0.103868 0.642810
vt 0.265898 0.102055
vt 0.221339 0.052989
vt 0.265898 0.012523
vt 0.012523 0.216633
vt 0.012523 0.127101
vt 0.057082 0.176167
vt 0.082128 0.216633
vt 0.082128 0.127101
vt 0.126687 0.167567
vt 0.265898 0.216633
vt 0.221339 0.176167
vt 0.265898 0.127101
vt 0.576650 0.059390
vt 0.572265 0.012523
vt 0.576650 0.012523
vt 0.524098 0.603991
vt 0.519713 0.603991
vt 0.519713 0.557124
vt 0.576650 0.084436
vt 0.576650 0.131303
vt 0.572265 0.131303
vt 0.576650 0.156349
vt 0.572265 0.203216
vt 0.572265 0.156349
vt 0.547219 0.420622
vt 0.546871 0.420622
vt 0.546871 0.360431
vt 0.165237 0.617315
vt 0.164889 0.557124
vt 0.165237 0.557124
vt 0.190283 0.617315
vt 0.190631 0.557124
vt 0.190631 0.617315
vt 0.215678 0.617315
vt 0.215678 0.557124
vt 0.216025 0.557124
vt 0.241072 0.617315
vt 0.241420 0.557124
vt 0.241420 0.617315
vt 0.266466 0.617315
vt 0.266466 0.557124
vt 0.266814 0.557124
vt 0.547219 0.505859
vt 0.546871 0.505859
vt 0.546871 0.445668
vt 0.292208 0.617315
vt 0.291860 0.557124
vt 0.292208 0.557124
vt 0.951391 0.264912
vt 0.950899 0.269297
vt 0.950899 0.264912
vt 0.950899 0.298728
vt 0.950899 0.294344
vt 0.951391 0.294344
vt 0.951391 0.328160
vt 0.950899 0.328160
vt 0.950899 0.323775
vt 0.950899 0.353206
vt 0.951391 0.357591
vt 0.950899 0.357591
vt 0.951391 0.387022
vt 0.950899 0.387022
vt 0.950899 0.382637
vt 0.950899 0.412068
vt 0.951391 0.416453
vt 0.950899 0.416453
vt 0.951391 0.441500
vt 0.950899 0.445885
vt 0.950899 0.441500
vt 0.950899 0.475316
vt 0.950899 0.470931
vt 0.951391 0.470931
vt 0.063660 0.532077
vt 0.063312 0.532077
vt 0.063312 0.465798
vt 0.266466 0.465798
vt 0.266814 0.532077
vt 0.266466 0.532077
vt 0.089054 0.465798
vt 0.088706 0.532077
vt 0.088706 0.465798
vt 0.291860 0.532077
vt 0.291860 0.465798
vt 0.292208 0.465798
vt 0.317603 0.465798
vt 0.317255 0.532077
vt 0.317255 0.465798
vt 0.114100 0.532077
vt 0.114100 0.465798
vt 0.114448 0.465798
vt 0.342997 0.532077
vt 0.342649 0.532077
vt 0.342649 0.465798
vt 0.139495 0.465798
vt 0.139843 0.532077
vt 0.139495 0.532077
vt 0.976438 0.292924
vt 0.976835 0.293214
vt 0.976438 0.293341
vt 0.976438 0.318805
vt 0.976438 0.318388
vt 0.976835 0.318515
vt 0.724186 0.960936
vt 0.724524 0.961182
vt 0.724186 0.961428
vt 0.749570 0.961428
vt 0.749570 0.960936
vt 0.749907 0.961182
vt 0.976835 0.343852
vt 0.976835 0.344269
vt 0.976438 0.344142
vt 0.976835 0.369733
vt 0.976438 0.369443
vt 0.976835 0.369315
vt 0.775291 0.960936
vt 0.775291 0.961428
vt 0.774954 0.961182
vt 0.800675 0.961428
vt 0.800337 0.961182
vt 0.800675 0.960936
s 0
usemtl building_near_b
f 397/397/79 398/398/79 399/399/79
f 400/400/79 401/401/79 402/402/79
f 403/403/80 404/404/80 405/405/80
f 406/406/80 407/407/80 408/408/80
f 409/409/81 410/410/81 411/411/81
f 412/412/81 413/413/81 414/414/81
f 415/415/82 416/416/82 417/417/82
f 418/418/82 419/419/82 420/420/82
f 421/421/83 422/422/83 423/423/83
f 424/424/83 425/425/83 426/426/83
f 427/427/84 428/428/84 429/429/84
f 430/430/84 431/431/84 432/432/84
f 433/433/85 434/434/85 435/435/85
f 436/436/85 437/437/85 438/438/85
f 439/439/86 440/440/86 441/441/86
f 442/442/86 443/443/86 444/444/86
f 445/445/87 446/446/87 447/447/87
f 448/448/87 449/449/87 450/450/87
f 451/451/88 452/452/88 453/453/88
f 454/454/88 455/455/88 456/456/88
f 457/457/89 458/458/89 459/459/89
f 460/460/89 461/461/89 462/462/89
f 463/463/90 464/464/90 465/465/90
f 466/466/90 467/467/90 468/468/90
f 469/469/91 470/470/91 471/471/91
f 472/472/91 473/473/91 474/474/91
f 475/475/92 476/476/92 477/477/92
f 478/478/92 479/479/92 480/480/92
f 481/481/93 482/482/93 483/483/93
f 484/484/93 485/485/93 486/486/93
f 487/487/94 488/488/94 489/489/94
f 490/490/94 491/491/94 492/492/94
f 493/493/95 494/494/95 495/495/95
f 496/496/95 497/497/95 498/498/95
f 499/499/96 500/500/96 501/501/96
f 502/502/96 503/503/96 504/504/96
f 505/505/97 506/506/97 507/507/97
f 508/508/98 509/509/98 510/510/98
f 511/511/99 512/512/99 513/513/99
f 514/514/100 515/515/100 516/516/100
f 517/517/101 518/518/101 519/519/101
f 520/520/102 521/521/102 522/522/102
f 523/523/103 524/524/103 525/525/103
f 526/526/104 527/527/104 528/528/104
o roof
v -3.700000 6.194820 -3.310000
v -3.700000 6.311156 3.309999
v -3.700000 6.311155 -3.310000
v -3.700000 6.194820 -3.310000
v -3.700000 6.194821 3.309999
v -3.700000 6.311156 3.309999
v 3.700000 6.194820 -3.310000
v 3.700000 6.311155 -3.310000
v 3.700000 6.311156 3.309999
v 3.700000 6.194820 -3.310000
v 3.700000 6.311156 3.309999
v 3.700000 6.194821 3.309999
v -3.660000 6.156042 -3.310000
v 3.660000 6.156042 -3.310000
v 3.660000 6.156043 3.309999
v -3.660000 6.156042 -3.310000
v 3.660000 6.156043 3.309999
v -3.660000 6.156043 3.309999
v -3.660000 6.349933 -3.310000
v 3.660000 6.349934 3.309999
v 3.660000 6.349933 -3.310000
v -3.660000 6.349933 -3.310000
v -3.660000 6.349934 3.309999
v 3.660000 6.349934 3.309999
v -3.660000 6.194820 -3.350000
v 3.660000 6.311155 -3.350000
v 3.660000 6.194820 -3.350000
v -3.660000 6.194820 -3.350000
v -3.660000 6.311155 -3.350000
v 3.660000 6.311155 -3.350000
v -3.660000 6.194821 3.349999
v 3.660000 6.194821 3.349999
v 3.660000 6.311156 3.349999
v -3.660000 6.194821 3.349999
v 3.660000 6.311156 3.349999
v -3.660000 6.311156 3.349999
v -3.700000 6.194820 -3.310000
v -3.660000 6.156042 -3.310000
v -3.660000 6.156043 3.309999
v -3.700000 6.194820 -3.310000
v -3.660000 6.156043 3.309999
v -3.700000 6.194821 3.309999
v -3.700000 6.311155 -3.310000
v -3.660000 6.349934 3.309999
v -3.660000 6.349933 -3.310000
v -3.700000 6.311155 -3.310000
v -3.700000 6.311156 3.309999
v -3.660000 6.349934 3.309999
v 3.700000 6.194820 -3.310000
v 3.660000 6.156043 3.309999
v 3.660000 6.156042 -3.310000
v 3.700000 6.194820 -3.310000
v 3.700000 6.194821 3.309999
v 3.660000 6.156043 3.309999
v 3.700000 6.311155 -3.310000
v 3.660000 6.349933 -3.310000
v 3.660000 6.349934 3.309999
v 3.700000 6.311155 -3.310000
v 3.660000 6.349934 3.309999
v 3.700000 6.311156 3.309999
v -3.700000 6.194820 -3.310000
v -3.660000 6.311155 -3.350000
v -3.660000 6.194820 -3.350000
v -3.700000 6.194820 -3.310000
v -3.700000 6.311155 -3.310000
v -3.660000 6.311155 -3.350000
v -3.700000 6.194821 3.309999
v -3.660000 6.194821 3.349999
v -3.660000 6.311156 3.349999
v -3.700000 6.194821 3.309999
v -3.660000 6.311156 3.349999
v -3.700000 6.311156 3.309999
v 3.700000 6.194820 -3.310000
v 3.660000 6.194820 -3.350000
v 3.660000 6.311155 -3.350000
v 3.700000 6.194820 -3.310000
v 3.660000 6.311155 -3.350000
v 3.700000 6.311155 -3.310000
v 3.700000 6.194821 3.309999
v 3.660000 6.311156 3.349999
v 3.660000 6.194821 3.349999
v 3.700000 6.194821 3.309999
v 3.700000 6.311156 3.309999
v 3.660000 6.311156 3.349999
v -3.660000 6.156042 -3.310000
v -3.660000 6.194820 -3.350000
v 3.660000 6.194820 -3.350000
v -3.660000 6.156042 -3.310000
v 3.660000 6.194820 -3.350000
v 3.660000 6.156042 -3.310000
v -3.660000 6.156043 3.309999
v 3.660000 6.194821 3.349999
v -3.660000 6.194821 3.349999
v -3.660000 6.156043 3.309999
v 3.660000 6.156043 3.309999
v 3.660000 6.194821 3.349999
v -3.660000 6.349933 -3.310000
v 3.660000 6.311155 -3.350000
v -3.660000 6.311155 -3.350000
v -3.660000 6.349933 -3.310000
v 3.660000 6.349933 -3.310000
v 3.660000 6.311155 -3.350000
v -3.660000 6.349934 3.309999
v -3.660000 6.311156 3.349999
v 3.660000 6.311156 3.349999
v -3.660000 6.349934 3.309999
v 3.660000 6.311156 3.349999
v 3.660000 6.349934 3.309999
v -3.700000 6.194820 -3.310000
v -3.660000 6.194820 -3.350000
v -3.660000 6.156042 -3.310000
v -3.700000 6.194821 3.309999
v -3.660000 6.156043 3.309999
v -3.660000 6.194821 3.349999
v -3.700000 6.311155 -3.310000
v -3.660000 6.349933 -3.310000
v -3.660000 6.311155 -3.350000
v -3.700000 6.311156 3.309999
v -3.660000 6.311156 3.349999
v -3.660000 6.349934 3.309999
v 3.700000 6.194820 -3.310000
v 3.660000 6.156042 -3.310000
v 3.660000 6.194820 -3.350000
v 3.700000 6.194821 3.309999
v 3.660000 6.194821 3.349999
v 3.660000 6.156043 3.309999
v 3.700000 6.311155 -3.310000
v 3.660000 6.311155 -3.350000
v 3.660000 6.349933 -3.310000
v 3.700000 6.311156 3.309999
v 3.660000 6.349934 3.309999
v 3.660000 6.311156 3.349999
vn -1.0000 -0.0000 -0.0000
vn 1.0000 -0.0000 -0.0000
vn -0.0000 -1.0000 -0.0000
vn -0.0000 1.0000 -0.0000
vn -0.0000 -0.0000 -1.0000
vn -0.0000 -0.0000 1.0000
vn -0.6961 -0.7180 -0.0000
vn -0.6961 0.7180 -0.0000
vn 0.6961 -0.7180 -0.0000
vn 0.6961 0.7180 -0.0000
vn -0.7071 -0.0000 -0.7071
vn -0.7071 -0.0000 0.7071
vn 0.7071 -0.0000 -0.7071
vn 0.7071 -0.0000 0.7071
vn -0.0000 -0.7180 -0.6961
vn -0.0000 -0.7180 0.6961
vn -0.0000 0.7180 -0.6961
vn -0.0000 0.7180 0.6961
vn -0.5713 -0.5893 -0.5713
vn -0.5713 -0.5893 0.5713
vn -0.5713 0.5893 -0.5713
vn -0.5713 0.5893 0.5713
vn 0.5713 -0.5893 -0.5713
vn 0.5713 -0.5893 0.5713
vn 0.5713 0.5893 -0.5713
vn 0.5713 0.5893 0.5713
vt 0.681146 0.185634
vt 0.682158 0.144918
vt 0.682158 0.185634
vt 0.681146 0.251397
vt 0.681146 0.210681
vt 0.682158 0.210681
vt 0.682158 0.119872
vt 0.681146 0.119872
vt 0.681146 0.079155
vt 0.682158 0.317159
vt 0.681146 0.276443
vt 0.682158 0.276443
vt 0.123292 0.440137
vt 0.080585 0.392914
vt 0.123292 0.354291
vt 0.148339 0.440137
vt 0.148339 0.354291
vt 0.191046 0.401514
vt 0.216092 0.440137
vt 0.216092 0.354291
vt 0.258799 0.392914
vt 0.326552 0.440137
vt 0.283845 0.401514
vt 0.326552 0.354291
vt 0.550759 0.687383
vt 0.549747 0.642361
vt 0.550759 0.642361
vt 0.524701 0.687383
vt 0.523689 0.687383
vt 0.523689 0.642361
vt 0.576817 0.642361
vt 0.576817 0.687383
vt 0.575805 0.687383
vt 0.602876 0.642361
vt 0.601864 0.687383
vt 0.601864 0.642361
vt 0.602044 0.402356
vt 0.601696 0.402356
vt 0.601696 0.344774
vt 0.602044 0.567611
vt 0.601696 0.510030
vt 0.602044 0.510030
vt 0.627091 0.070105
vt 0.627438 0.012523
vt 0.627438 0.070105
vt 0.627091 0.152732
vt 0.627091 0.095151
vt 0.627438 0.095151
vt 0.627091 0.235360
vt 0.627438 0.177779
vt 0.627438 0.235360
vt 0.627091 0.317988
vt 0.627091 0.260407
vt 0.627438 0.260407
vt 0.602044 0.484983
vt 0.601696 0.484983
vt 0.601696 0.427402
vt 0.627438 0.400616
vt 0.627091 0.343034
vt 0.627438 0.343034
vt 0.012966 0.960936
vt 0.012966 0.962062
vt 0.012523 0.961152
vt 0.038012 0.960936
vt 0.038455 0.961846
vt 0.038012 0.962062
vt 0.063943 0.962061
vt 0.063501 0.961846
vt 0.063943 0.960936
vt 0.088990 0.962062
vt 0.088990 0.960936
vt 0.089432 0.961152
vt 0.114479 0.960936
vt 0.114921 0.961152
vt 0.114479 0.962062
vt 0.140410 0.960936
vt 0.140410 0.962062
vt 0.139968 0.961846
vt 0.165456 0.962062
vt 0.165456 0.960936
vt 0.165899 0.961846
vt 0.191388 0.962061
vt 0.190945 0.961151
vt 0.191388 0.960936
vt 0.521824 0.076193
vt 0.521476 0.076193
vt 0.521476 0.012523
vt 0.521476 0.367389
vt 0.521824 0.431059
vt 0.521476 0.431059
vt 0.521824 0.101240
vt 0.521476 0.164910
vt 0.521476 0.101240
vt 0.521476 0.519776
vt 0.521476 0.456106
vt 0.521824 0.456106
vt 0.547219 0.012523
vt 0.546871 0.076193
vt 0.546871 0.012523
vt 0.521476 0.253626
vt 0.521476 0.189956
vt 0.521824 0.189956
vt 0.547219 0.164910
vt 0.546871 0.164910
vt 0.546871 0.101240
vt 0.521476 0.278673
vt 0.521824 0.342343
vt 0.521476 0.342343
vt 0.902209 0.960936
vt 0.902209 0.961428
vt 0.901872 0.961182
vt 0.927593 0.961428
vt 0.927255 0.961182
vt 0.927593 0.960936
vt 0.976835 0.573026
vt 0.976835 0.573444
vt 0.976438 0.573316
vt 0.976835 0.598908
vt 0.976438 0.598618
vt 0.976835 0.598490
vt 0.976438 0.012523
vt 0.976775 0.012769
vt 0.976438 0.013015
vt 0.976438 0.038554
vt 0.976438 0.038062
vt 0.976775 0.038308
vt 0.976438 0.496635
vt 0.976835 0.496925
vt 0.976438 0.497052
vt 0.976438 0.522516
vt 0.976438 0.522099
vt 0.976835 0.522226
s 0
usemtl building_near_b
f 529/529/105 530/530/105 531/531/105
f 532/532/105 533/533/105 534/534/105
f 535/535/106 536/536/106 537/537/106
f 538/538/106 539/539/106 540/540/106
f 541/541/107 542/542/107 543/543/107
f 544/544/107 545/545/107 546/546/107
f 547/547/108 548/548/108 549/549/108
f 550/550/108 551/551/108 552/552/108
f 553/553/109 554/554/109 555/555/109
f 556/556/109 557/557/109 558/558/109
f 559/559/110 560/560/110 561/561/110
f 562/562/110 563/563/110 564/564/110
f 565/565/111 566/566/111 567/567/111
f 568/568/111 569/569/111 570/570/111
f 571/571/112 572/572/112 573/573/112
f 574/574/112 575/575/112 576/576/112
f 577/577/113 578/578/113 579/579/113
f 580/580/113 581/581/113 582/582/113
f 583/583/114 584/584/114 585/585/114
f 586/586/114 587/587/114 588/588/114
f 589/589/115 590/590/115 591/591/115
f 592/592/115 593/593/115 594/594/115
f 595/595/116 596/596/116 597/597/116
f 598/598/116 599/599/116 600/600/116
f 601/601/117 602/602/117 603/603/117
f 604/604/117 605/605/117 606/606/117
f 607/607/118 608/608/118 609/609/118
f 610/610/118 611/611/118 612/612/118
f 613/613/119 614/614/119 615/615/119
f 616/616/119 617/617/119 618/618/119
f 619/619/120 620/620/120 621/621/120
f 622/622/120 623/623/120 624/624/120
f 625/625/121 626/626/121 627/627/121
f 628/628/121 629/629/121 630/630/121
f 631/631/122 632/632/122 633/633/122
f 634/634/122 635/635/122 636/636/122
f 637/637/123 638/638/123 639/639/123
f 640/640/124 641/641/124 642/642/124
f 643/643/125 644/644/125 645/645/125
f 646/646/126 647/647/126 648/648/126
f 649/649/127 650/650/127 651/651/127
f 652/652/128 653/653/128 654/654/128
f 655/655/129 656/656/129 657/657/129
f 658/658/130 659/659/130 660/660/130
o roof_unit
v -2.350000 6.388712 0.690000
v -2.350000 6.795883 1.710000
v -2.350000 6.795883 0.689999
v -2.350000 6.388712 0.690000
v -2.350000 6.388712 1.710000
v -2.350000 6.795883 1.710000
v -0.850000 6.388712 0.690000
v -0.850000 6.795883 0.689999
v -0.850000 6.795883 1.710000
v -0.850000 6.388712 0.690000
v -0.850000 6.795883 1.710000
v -0.850000 6.388712 1.710000
v -2.310000 6.349934 0.690000
v -0.890000 6.349934 0.690000
v -0.890000 6.349934 1.710000
v -2.310000 6.349934 0.690000
v -0.890000 6.349934 1.710000
v -2.310000 6.349934 1.710000
v -2.310000 6.834661 0.689999
v -0.890000 6.834661 1.710000
v -0.890000 6.834661 0.689999
v -2.310000 6.834661 0.689999
v -2.310000 6.834661 1.710000
v -0.890000 6.834661 1.710000
v -2.310000 6.388712 0.649999
v -0.890000 6.795883 0.649999
v -0.890000 6.388712 0.649999
v -2.310000 6.388712 0.649999
v -2.310000 6.795883 0.649999
v -0.890000 6.795883 0.649999
v -2.310000 6.388712 1.750000
v -0.890000 6.388712 1.750000
v -0.890000 6.795883 1.750000
v -2.310000 6.388712 1.750000
v -0.890000 6.795883 1.750000
v -2.310000 6.795883 1.750000
v -2.350000 6.388712 0.690000
v -2.310000 6.349934 0.690000
v -2.310000 6.349934 1.710000
v -2.350000 6.388712 0.690000
v -2.310000 6.349934 1.710000
v -2.350000 6.388712 1.710000
v -2.350000 6.795883 0.689999
v -2.310000 6.834661 1.710000
v -2.310000 6.834661 0.689999
v -2.350000 6.795883 0.689999
v -2.350000 6.795883 1.710000
v -2.310000 6.834661 1.710000
v -0.850000 6.388712 0.690000
v -0.890000 6.349934 1.710000
v -0.890000 6.349934 0.690000
v -0.850000 6.388712 0.690000
v -0.850000 6.388712 1.710000
v -0.890000 6.349934 1.710000
v -0.850000 6.795883 0.689999
v -0.890000 6.834661 0.689999
v -0.890000 6.834661 1.710000
v -0.850000 6.795883 0.689999
v -0.890000 6.834661 1.710000
v -0.850000 6.795883 1.710000
v -2.350000 6.388712 0.690000
v -2.310000 6.795883 0.649999
v -2.310000 6.388712 0.649999
v -2.350000 6.388712 0.690000
v -2.350000 6.795883 0.689999
v -2.310000 6.795883 0.649999
v -2.350000 6.388712 1.710000
v -2.310000 6.388712 1.750000
v -2.310000 6.795883 1.750000
v -2.350000 6.388712 1.710000
v -2.310000 6.795883 1.750000
v -2.350000 6.795883 1.710000
v -0.850000 6.388712 0.690000
v -0.890000 6.388712 0.649999
v -0.890000 6.795883 0.649999
v -0.850000 6.388712 0.690000
v -0.890000 6.795883 0.649999
v -0.850000 6.795883 0.689999
v -0.850000 6.388712 1.710000
v -0.890000 6.795883 1.750000
v -0.890000 6.388712 1.750000
v -0.850000 6.388712 1.710000
v -0.850000 6.795883 1.710000
v -0.890000 6.795883 1.750000
v -2.310000 6.349934 0.690000
v -2.310000 6.388712 0.649999
v -0.890000 6.388712 0.649999
v -2.310000 6.349934 0.690000
v -0.890000 6.388712 0.649999
v -0.890000 6.349934 0.690000
v -2.310000 6.349934 1.710000
v -0.890000 6.388712 1.750000
v -2.310000 6.388712 1.750000
v -2.310000 6.349934 1.710000
v -0.890000 6.349934 1.710000
v -0.890000 6.388712 1.750000
v -2.310000 6.834661 0.689999
v -0.890000 6.795883 0.649999
v -2.310000 6.795883 0.649999
v -2.310000 6.834661 0.689999
v -0.890000 6.834661 0.689999
v -0.890000 6.795883 0.649999
v -2.310000 6.834661 1.710000
v -2.310000 6.795883 1.750000
v -0.890000 6.795883 1.750000
v -2.310000 6.834661 1.710000
v -0.890000 6.795883 1.750000
v -0.890000 6.834661 1.710000
v -2.350000 6.388712 0.690000
v -2.310000 6.388712 0.649999
v -2.310000 6.349934 0.690000
v -2.350000 6.388712 1.710000
v -2.310000 6.349934 1.710000
v -2.310000 6.388712 1.750000
v -2.350000 6.795883 0.689999
v -2.310000 6.834661 0.689999
v -2.310000 6.795883 0.649999
v -2.350000 6.795883 1.710000
v -2.310000 6.795883 1.750000
v -2.310000 6.834661 1.710000
v -0.850000 6.388712 0.690000
v -0.890000 6.349934 0.690000
v -0.890000 6.388712 0.649999
v -0.850000 6.388712 1.710000
v -0.890000 6.388712 1.750000
v -0.890000 6.349934 1.710000
v -0.850000 6.795883 0.689999
v -0.890000 6.795883 0.649999
v -0.890000 6.834661 0.689999
v -0.850000 6.795883 1.710000
v -0.890000 6.834661 1.710000
v -0.890000 6.795883 1.750000
vn -1.0000 -0.0000 -0.0000
vn 1.0000 -0.0000 -0.0000
vn -0.0000 -1.0000 -0.0000
vn -0.0000 1.0000 -0.0000
vn -0.0000 -0.0000 -1.0000
vn -0.0000 -0.0000 1.0000
vn -0.6961 -0.7180 -0.0000
vn -0.6961 0.7180 -0.0000
vn 0.6961 -0.7180 -0.0000
vn 0.6961 0.7180 -0.0000
vn -0.7071 -0.0000 -0.7071
vn -0.7071 -0.0000 0.7071
vn 0.7071 -0.0000 -0.7071
vn 0.7071 -0.0000 0.7071
vn -0.0000 -0.7180 -0.6961
vn -0.0000 -0.7180 0.6961
vn -0.0000 0.7180 -0.6961
vn -0.0000 0.7180 0.6961
vn -0.5713 -0.5893 -0.5713
vn -0.5713 -0.5893 0.5713
vn -0.5713 0.5893 -0.5713
vn -0.5713 0.5893 0.5713
vn 0.5713 -0.5893 -0.5713
vn 0.5713 -0.5893 0.5713
vn 0.5713 0.5893 -0.5713
vn 0.5713 0.5893 0.5713
vt 0.819343 0.244113
vt 0.819343 0.236909
vt 0.822427 0.242372
vt 0.822427 0.276364
vt 0.819343 0.270901
vt 0.822427 0.269160
vt 0.822884 0.307684
vt 0.819343 0.307684
vt 0.819343 0.301410
vt 0.822884 0.339004
vt 0.819343 0.332730
vt 0.822884 0.332730
vt 0.681146 0.518065
vt 0.681146 0.505714
vt 0.690018 0.505714
vt 0.690018 0.543111
vt 0.681146 0.555462
vt 0.681146 0.543111
vt 0.681146 0.580509
vt 0.690018 0.592860
vt 0.681146 0.592860
vt 0.690018 0.630258
vt 0.681146 0.630258
vt 0.681146 0.617907
vt 0.472467 0.827740
vt 0.472467 0.818315
vt 0.475749 0.819646
vt 0.504078 0.827740
vt 0.500796 0.826409
vt 0.504078 0.818315
vt 0.444139 0.818315
vt 0.447421 0.826409
vt 0.444139 0.827740
vt 0.532666 0.818315
vt 0.529124 0.827049
vt 0.529124 0.818315
vt 0.270293 0.903450
vt 0.269945 0.903436
vt 0.270293 0.894571
vt 0.295339 0.903450
vt 0.295339 0.894571
vt 0.295687 0.894585
vt 0.320733 0.903450
vt 0.320733 0.894571
vt 0.321081 0.903436
vt 0.346475 0.903450
vt 0.346127 0.894585
vt 0.346475 0.894571
vt 0.396916 0.903443
vt 0.397264 0.894571
vt 0.397264 0.903443
vt 0.422310 0.903443
vt 0.422310 0.894571
vt 0.422658 0.894571
vt 0.371869 0.903443
vt 0.371521 0.903443
vt 0.371521 0.894571
vt 0.448052 0.903443
vt 0.447704 0.894571
vt 0.448052 0.894571
vt 0.951391 0.557606
vt 0.950899 0.561148
vt 0.950899 0.557606
vt 0.950899 0.589736
vt 0.950899 0.586194
vt 0.951392 0.586194
vt 0.951391 0.704088
vt 0.950899 0.704088
vt 0.950899 0.700546
vt 0.950899 0.614782
vt 0.951391 0.618324
vt 0.950899 0.618324
vt 0.950899 0.500362
vt 0.951387 0.500430
vt 0.950899 0.503938
vt 0.951387 0.528984
vt 0.951387 0.532560
vt 0.950899 0.532492
vt 0.951391 0.643370
vt 0.950899 0.646912
vt 0.950899 0.643370
vt 0.950899 0.675500
vt 0.950899 0.671958
vt 0.951391 0.671958
vt 0.763824 0.830667
vt 0.763476 0.830667
vt 0.763476 0.818315
vt 0.819343 0.012523
vt 0.819691 0.024874
vt 0.819343 0.024874
vt 0.819691 0.049921
vt 0.819343 0.062272
vt 0.819343 0.049921
vt 0.819343 0.099670
vt 0.819343 0.087319
vt 0.819691 0.087319
vt 0.819691 0.124716
vt 0.819343 0.137068
vt 0.819343 0.124716
vt 0.788870 0.830667
vt 0.788870 0.818315
vt 0.789218 0.818315
vt 0.819691 0.174465
vt 0.819343 0.174465
vt 0.819343 0.162114
vt 0.819343 0.199512
vt 0.819691 0.211863
vt 0.819343 0.211863
vt 0.826058 0.960936
vt 0.826058 0.961428
vt 0.825721 0.961182
vt 0.976775 0.064092
vt 0.976438 0.063846
vt 0.976775 0.063600
vt 0.976835 0.394779
vt 0.976835 0.395197
vt 0.976438 0.395069
vt 0.976438 0.624244
vt 0.976835 0.623954
vt 0.976835 0.624371
vt 0.851104 0.960936
vt 0.851442 0.961182
vt 0.851104 0.961428
vt 0.876488 0.961428
vt 0.876488 0.960936
vt 0.876825 0.961182
vt 0.976835 0.420371
vt 0.976438 0.420661
vt 0.976438 0.420243
vt 0.976835 0.165894
vt 0.976438 0.166022
vt 0.976438 0.165605
s 0
usemtl building_near_b
f 661/661/131 662/662/131 663/663/131
f 664/664/131 665/665/131 666/666/131
f 667/667/132 668/668/132 669/669/132
f 670/670/132 671/671/132 672/672/132
f 673/673/133 674/674/133 675/675/133
f 676/676/133 677/677/133 678/678/133
f 679/679/134 680/680/134 681/681/134
f 682/682/134 683/683/134 684/684/134
f 685/685/135 686/686/135 687/687/135
f 688/688/135 689/689/135 690/690/135
f 691/691/136 692/692/136 693/693/136
f 694/694/136 695/695/136 696/696/136
f 697/697/137 698/698/137 699/699/137
f 700/700/137 701/701/137 702/702/137
f 703/703/138 704/704/138 705/705/138
f 706/706/138 707/707/138 708/708/138
f 709/709/139 710/710/139 711/711/139
f 712/712/139 713/713/139 714/714/139
f 715/715/140 716/716/140 717/717/140
f 718/718/140 719/719/140 720/720/140
f 721/721/141 722/722/141 723/723/141
f 724/724/141 725/725/141 726/726/141
f 727/727/142 728/728/142 729/729/142
f 730/730/142 731/731/142 732/732/142
f 733/733/143 734/734/143 735/735/143
f 736/736/143 737/737/143 738/738/143
f 739/739/144 740/740/144 741/741/144
f 742/742/144 743/743/144 744/744/144
f 745/745/145 746/746/145 747/747/145
f 748/748/145 749/749/145 750/750/145
f 751/751/146 752/752/146 753/753/146
f 754/754/146 755/755/146 756/756/146
f 757/757/147 758/758/147 759/759/147
f 760/760/147 761/761/147 762/762/147
f 763/763/148 764/764/148 765/765/148
f 766/766/148 767/767/148 768/768/148
f 769/769/149 770/770/149 771/771/149
f 772/772/150 773/773/150 774/774/150
f 775/775/151 776/776/151 777/777/151
f 778/778/152 779/779/152 780/780/152
f 781/781/153 782/782/153 783/783/153
f 784/784/154 785/785/154 786/786/154
f 787/787/155 788/788/155 789/789/155
f 790/790/156 791/791/156 792/792/156
o stair_head
v 0.450000 6.383864 -2.010000
v 0.450000 7.130345 -0.190001
v 0.450000 7.130345 -2.010000
v 0.450000 6.383864 -2.010000
v 0.450000 6.383864 -0.190000
v 0.450000 7.130345 -0.190001
v 2.350000 6.383864 -2.010000
v 2.350000 7.130345 -2.010000
v 2.350000 7.130345 -0.190001
v 2.350000 6.383864 -2.010000
v 2.350000 7.130345 -0.190001
v 2.350000 6.383864 -0.190000
v 0.490000 6.345086 -2.010000
v 2.310000 6.345086 -2.010000
v 2.310000 6.345086 -0.190000
v 0.490000 6.345086 -2.010000
v 2.310000 6.345086 -0.190000
v 0.490000 6.345086 -0.190000
v 0.490000 7.169123 -2.010000
v 2.310000 7.169123 -0.190001
v 2.310000 7.169123 -2.010000
v 0.490000 7.169123 -2.010000
v 0.490000 7.169123 -0.190001
v 2.310000 7.169123 -0.190001
v 0.490000 6.383864 -2.050000
v 2.310000 7.130345 -2.050000
v 2.310000 6.383864 -2.050000
v 0.490000 6.383864 -2.050000
v 0.490000 7.130345 -2.050000
v 2.310000 7.130345 -2.050000
v 0.490000 6.383864 -0.150000
v 2.310000 6.383864 -0.150000
v 2.310000 7.130345 -0.150001
v 0.490000 6.383864 -0.150000
v 2.310000 7.130345 -0.150001
v 0.490000 7.130345 -0.150001
v 0.450000 6.383864 -2.010000
v 0.490000 6.345086 -2.010000
v 0.490000 6.345086 -0.190000
v 0.450000 6.383864 -2.010000
v 0.490000 6.345086 -0.190000
v 0.450000 6.383864 -0.190000
v 0.450000 7.130345 -2.010000
v 0.490000 7.169123 -0.190001
v 0.490000 7.169123 -2.010000
v 0.450000 7.130345 -2.010000
v 0.450000 7.130345 -0.190001
v 0.490000 7.169123 -0.190001
v 2.350000 6.383864 -2.010000
v 2.310000 6.345086 -0.190000
v 2.310000 6.345086 -2.010000
v 2.350000 6.383864 -2.010000
v 2.350000 6.383864 -0.190000
v 2.310000 6.345086 -0.190000
v 2.350000 7.130345 -2.010000
v 2.310000 7.169123 -2.010000
v 2.310000 7.169123 -0.190001
v 2.350000 7.130345 -2.010000
v 2.310000 7.169123 -0.190001
v 2.350000 7.130345 -0.190001
v 0.450000 6.383864 -2.010000
v 0.490000 7.130345 -2.050000
v 0.490000 6.383864 -2.050000
v 0.450000 6.383864 -2.010000
v 0.450000 7.130345 -2.010000
v 0.490000 7.130345 -2.050000
v 0.450000 6.383864 -0.190000
v 0.490000 6.383864 -0.150000
v 0.490000 7.130345 -0.150001
v 0.450000 6.383864 -0.190000
v 0.490000 7.130345 -0.150001
v 0.450000 7.130345 -0.190001
v 2.350000 6.383864 -2.010000
v 2.310000 6.383864 -2.050000
v 2.310000 7.130345 -2.050000
v 2.350000 6.383864 -2.010000
v 2.310000 7.130345 -2.050000
v 2.350000 7.130345 -2.010000
v 2.350000 6.383864 -0.190000
v 2.310000 7.130345 -0.150001
v 2.310000 6.383864 -0.150000
v 2.350000 6.383864 -0.190000
v 2.350000 7.130345 -0.190001
v 2.310000 7.130345 -0.150001
v 0.490000 6.345086 -2.010000
v 0.490000 6.383864 -2.050000
v 2.310000 6.383864 -2.050000
v 0.490000 6.345086 -2.010000
v 2.310000 6.383864 -2.050000
v 2.310000 6.345086 -2.010000
v 0.490000 6.345086 -0.190000
v 2.310000 6.383864 -0.150000
v 0.490000 6.383864 -0.150000
v 0.490000 6.345086 -0.190000
v 2.310000 6.345086 -0.190000
v 2.310000 6.383864 -0.150000
v 0.490000 7.169123 -2.010000
v 2.310000 7.130345 -2.050000
v 0.490000 7.130345 -2.050000
v 0.490000 7.169123 -2.010000
v 2.310000 7.169123 -2.010000
v 2.310000 7.130345 -2.050000
v 0.490000 7.169123 -0.190001
v 0.490000 7.130345 -0.150001
v 2.310000 7.130345 -0.150001
v 0.490000 7.169123 -0.190001
v 2.310000 7.130345 -0.150001
v 2.310000 7.169123 -0.190001
v 0.450000 6.383864 -2.010000
v 0.490000 6.383864 -2.050000
v 0.490000 6.345086 -2.010000
v 0.450000 6.383864 -0.190000
v 0.490000 6.345086 -0.190000
v 0.490000 6.383864 -0.150000
v 0.450000 7.130345 -2.010000
v 0.490000 7.169123 -2.010000
v 0.490000 7.130345 -2.050000
v 0.450000 7.130345 -0.190001
v 0.490000 7.130345 -0.150001
v 0.490000 7.169123 -0.190001
v 2.350000 6.383864 -2.010000
v 2.310000 6.345086 -2.010000
v 2.310000 6.383864 -2.050000
v 2.350000 6.383864 -0.190000
v 2.310000 6.383864 -0.150000
v 2.310000 6.345086 -0.190000
v 2.350000 7.130345 -2.010000
v 2.310000 7.130345 -2.050000
v 2.310000 7.169123 -2.010000
v 2.350000 7.130345 -0.190001
v 2.310000 7.169123 -0.190001
v 2.310000 7.130345 -0.150001
vn -1.0000 -0.0000 -0.0000
vn 1.0000 -0.0000 -0.0000
vn -0.0000 -1.0000 -0.0000
vn -0.0000 1.0000 -0.0000
vn -0.0000 -0.0000 -1.0000
vn -0.0000 -0.0000 1.0000
vn -0.6961 -0.7180 -0.0000
vn -0.6961 0.7180 -0.0000
vn 0.6961 -0.7180 -0.0000
vn 0.6961 0.7180 -0.0000
vn -0.7071 -0.0000 -0.7071
vn -0.7071 -0.0000 0.7071
vn 0.7071 -0.0000 -0.7071
vn 0.7071 -0.0000 0.7071
vn -0.0000 -0.7180 -0.6961
vn -0.0000 -0.7180 0.6961
vn -0.0000 0.7180 -0.6961
vn -0.0000 0.7180 0.6961
vn -0.5713 -0.5893 -0.5713
vn -0.5713 -0.5893 0.5713
vn -0.5713 0.5893 -0.5713
vn -0.5713 0.5893 0.5713
vn 0.5713 -0.5893 -0.5713
vn 0.5713 -0.5893 0.5713
vn 0.5713 0.5893 -0.5713
vn 0.5713 0.5893 0.5713
vt 0.681146 0.666498
vt 0.687639 0.655304
vt 0.687639 0.666498
vt 0.012523 0.725468
vt 0.012523 0.714274
vt 0.019016 0.714274
vt 0.176713 0.725468
vt 0.170220 0.725468
vt 0.170220 0.714274
vt 0.208252 0.725468
vt 0.201759 0.714274
vt 0.208252 0.714274
vt 0.681146 0.358036
vt 0.681146 0.342206
vt 0.696977 0.342206
vt 0.696977 0.439790
vt 0.681146 0.423960
vt 0.696977 0.423960
vt 0.681146 0.480667
vt 0.696977 0.464837
vt 0.696977 0.480667
vt 0.696977 0.398913
vt 0.681146 0.398913
vt 0.681146 0.383083
vt 0.050555 0.725468
vt 0.044063 0.714274
vt 0.050555 0.714274
vt 0.082095 0.725468
vt 0.075602 0.725468
vt 0.075602 0.714274
vt 0.113634 0.714274
vt 0.113634 0.725468
vt 0.107141 0.725468
vt 0.145173 0.714274
vt 0.138681 0.725468
vt 0.138681 0.714274
vt 0.063573 0.834150
vt 0.063225 0.834142
vt 0.063573 0.818315
vt 0.088619 0.834150
vt 0.088619 0.818315
vt 0.088967 0.818323
vt 0.037830 0.834150
vt 0.037830 0.818315
vt 0.038178 0.834142
vt 0.114361 0.834150
vt 0.114013 0.818323
vt 0.114361 0.818315
vt 0.266379 0.834146
vt 0.266727 0.818315
vt 0.266727 0.834146
vt 0.291773 0.834146
vt 0.291773 0.818315
vt 0.292121 0.818315
vt 0.139755 0.834146
vt 0.139407 0.834146
vt 0.139407 0.818315
vt 0.317515 0.834146
vt 0.317167 0.818315
vt 0.317515 0.818315
vt 0.951390 0.012523
vt 0.951390 0.019035
vt 0.950899 0.012560
vt 0.950899 0.044081
vt 0.951390 0.050556
vt 0.950899 0.050593
vt 0.951391 0.208327
vt 0.950899 0.208327
vt 0.950899 0.201834
vt 0.950899 0.138755
vt 0.951391 0.145248
vt 0.950899 0.145248
vt 0.951391 0.176787
vt 0.950899 0.176787
vt 0.950899 0.170294
vt 0.950899 0.233373
vt 0.951391 0.239866
vt 0.950899 0.239866
vt 0.950899 0.082151
vt 0.950899 0.075639
vt 0.951390 0.082113
vt 0.951390 0.113709
vt 0.950899 0.107234
vt 0.951390 0.107197
vt 0.165150 0.834146
vt 0.164802 0.834146
vt 0.164802 0.818315
vt 0.342562 0.818315
vt 0.342910 0.834146
vt 0.342562 0.834146
vt 0.190544 0.818315
vt 0.190196 0.834146
vt 0.190196 0.818315
vt 0.367956 0.834146
vt 0.367956 0.818315
vt 0.368304 0.818315
vt 0.393698 0.818315
vt 0.393350 0.834146
vt 0.393350 0.818315
vt 0.215590 0.834146
vt 0.215590 0.818315
vt 0.215938 0.818315
vt 0.419093 0.834146
vt 0.418745 0.834146
vt 0.418745 0.818315
vt 0.240985 0.818315
vt 0.241332 0.834146
vt 0.240985 0.834146
vt 0.976835 0.547690
vt 0.976438 0.547980
vt 0.976438 0.547562
vt 0.976835 0.191358
vt 0.976438 0.191486
vt 0.976438 0.191068
vt 0.976438 0.445835
vt 0.976835 0.445707
vt 0.976835 0.446124
vt 0.976438 0.089630
vt 0.976438 0.089138
vt 0.976775 0.089384
vt 0.976438 0.649545
vt 0.976835 0.649418
vt 0.976835 0.649835
vt 0.976438 0.471461
vt 0.976835 0.471171
vt 0.976835 0.471588
vt 0.976835 0.216660
vt 0.976438 0.216950
vt 0.976438 0.216532
vt 0.976438 0.879010
vt 0.976438 0.878593
vt 0.976835 0.878720
s 0
usemtl building_near_b
f 793/793/157 794/794/157 795/795/157
f 796/796/157 797/797/157 798/798/157
f 799/799/158 800/800/158 801/801/158
f 802/802/158 803/803/158 804/804/158
f 805/805/159 806/806/159 807/807/159
f 808/808/159 809/809/159 810/810/159
f 811/811/160 812/812/160 813/813/160
f 814/814/160 815/815/160 816/816/160
f 817/817/161 818/818/161 819/819/161
f 820/820/161 821/821/161 822/822/161
f 823/823/162 824/824/162 825/825/162
f 826/826/162 827/827/162 828/828/162
f 829/829/163 830/830/163 831/831/163
f 832/832/163 833/833/163 834/834/163
f 835/835/164 836/836/164 837/837/164
f 838/838/164 839/839/164 840/840/164
f 841/841/165 842/842/165 843/843/165
f 844/844/165 845/845/165 846/846/165
f 847/847/166 848/848/166 849/849/166
f 850/850/166 851/851/166 852/852/166
f 853/853/167 854/854/167 855/855/167
f 856/856/167 857/857/167 858/858/167
f 859/859/168 860/860/168 861/861/168
f 862/862/168 863/863/168 864/864/168
f 865/865/169 866/866/169 867/867/169
f 868/868/169 869/869/169 870/870/169
f 871/871/170 872/872/170 873/873/170
f 874/874/170 875/875/170 876/876/170
f 877/877/171 878/878/171 879/879/171
f 880/880/171 881/881/171 882/882/171
f 883/883/172 884/884/172 885/885/172
f 886/886/172 887/887/172 888/888/172
f 889/889/173 890/890/173 891/891/173
f 892/892/173 893/893/173 894/894/173
f 895/895/174 896/896/174 897/897/174
f 898/898/174 899/899/174 900/900/174
f 901/901/175 902/902/175 903/903/175
f 904/904/176 905/905/176 906/906/176
f 907/907/177 908/908/177 909/909/177
f 910/910/178 911/911/178 912/912/178
f 913/913/179 914/914/179 915/915/179
f 916/916/180 917/917/180 918/918/180
f 919/919/181 920/920/181 921/921/181
f 922/922/182 923/923/182 924/924/182
o stair_roof
v 0.375000 7.193360 -2.095001
v 0.375000 7.270916 -0.105001
v 0.375000 7.270916 -2.095001
v 0.375000 7.193360 -2.095001
v 0.375000 7.193360 -0.105001
v 0.375000 7.270916 -0.105001
v 2.425000 7.193360 -2.095001
v 2.425000 7.270916 -2.095001
v 2.425000 7.270916 -0.105001
v 2.425000 7.193360 -2.095001
v 2.425000 7.270916 -0.105001
v 2.425000 7.193360 -0.105001
v 0.405000 7.164276 -2.095001
v 2.395000 7.164276 -2.095001
v 2.395000 7.164276 -0.105001
v 0.405000 7.164276 -2.095001
v 2.395000 7.164276 -0.105001
v 0.405000 7.164276 -0.105001
v 0.405000 7.300000 -2.095001
v 2.395000 7.300000 -0.105001
v 2.395000 7.300000 -2.095001
v 0.405000 7.300000 -2.095001
v 0.405000 7.300000 -0.105001
v 2.395000 7.300000 -0.105001
v 0.405000 7.193360 -2.125000
v 2.395000 7.270916 -2.125000
v 2.395000 7.193360 -2.125000
v 0.405000 7.193360 -2.125000
v 0.405000 7.270916 -2.125000
v 2.395000 7.270916 -2.125000
v 0.405000 7.193360 -0.075001
v 2.395000 7.193360 -0.075001
v 2.395000 7.270916 -0.075001
v 0.405000 7.193360 -0.075001
v 2.395000 7.270916 -0.075001
v 0.405000 7.270916 -0.075001
v 0.375000 7.193360 -2.095001
v 0.405000 7.164276 -2.095001
v 0.405000 7.164276 -0.105001
v 0.375000 7.193360 -2.095001
v 0.405000 7.164276 -0.105001
v 0.375000 7.193360 -0.105001
v 0.375000 7.270916 -2.095001
v 0.405000 7.300000 -0.105001
v 0.405000 7.300000 -2.095001
v 0.375000 7.270916 -2.095001
v 0.375000 7.270916 -0.105001
v 0.405000 7.300000 -0.105001
v 2.425000 7.193360 -2.095001
v 2.395000 7.164276 -0.105001
v 2.395000 7.164276 -2.095001
v 2.425000 7.193360 -2.095001
v 2.425000 7.193360 -0.105001
v 2.395000 7.164276 -0.105001
v 2.425000 7.270916 -2.095001
v 2.395000 7.300000 -2.095001
v 2.395000 7.300000 -0.105001
v 2.425000 7.270916 -2.095001
v 2.395000 7.300000 -0.105001
v 2.425000 7.270916 -0.105001
v 0.375000 7.193360 -2.095001
v 0.405000 7.270916 -2.125000
v 0.405000 7.193360 -2.125000
v 0.375000 7.193360 -2.095001
v 0.375000 7.270916 -2.095001
v 0.405000 7.270916 -2.125000
v 0.375000 7.193360 -0.105001
v 0.405000 7.193360 -0.075001
v 0.405000 7.270916 -0.075001
v 0.375000 7.193360 -0.105001
v 0.405000 7.270916 -0.075001
v 0.375000 7.270916 -0.105001
v 2.425000 7.193360 -2.095001
v 2.395000 7.193360 -2.125000
v 2.395000 7.270916 -2.125000
v 2.425000 7.193360 -2.095001
v 2.395000 7.270916 -2.125000
v 2.425000 7.270916 -2.095001
v 2.425000 7.193360 -0.105001
v 2.395000 7.270916 -0.075001
v 2.395000 7.193360 -0.075001
v 2.425000 7.193360 -0.105001
v 2.425000 7.270916 -0.105001
v 2.395000 7.270916 -0.075001
v 0.405000 7.164276 -2.095001
v 0.405000 7.193360 -2.125000
v 2.395000 7.193360 -2.125000
v 0.405000 7.164276 -2.095001
v 2.395000 7.193360 -2.125000
v 2.395000 7.164276 -2.095001
v 0.405000 7.164276 -0.105001
v 2.395000 7.193360 -0.075001
v 0.405000 7.193360 -0.075001
v 0.405000 7.164276 -0.105001
v 2.395000 7.164276 -0.105001
v 2.395000 7.193360 -0.075001
v 0.405000 7.300000 -2.095001
v 2.395000 7.270916 -2.125000
v 0.405000 7.270916 -2.125000
v 0.405000 7.300000 -2.095001
v 2.395000 7.300000 -2.095001
v 2.395000 7.270916 -2.125000
v 0.405000 7.300000 -0.105001
v 0.405000 7.270916 -0.075001
v 2.395000 7.270916 -0.075001
v 0.405000 7.300000 -0.105001
v 2.395000 7.270916 -0.075001
v 2.395000 7.300000 -0.105001
v 0.375000 7.193360 -2.095001
v 0.405000 7.193360 -2.125000
v 0.405000 7.164276 -2.095001
v 0.375000 7.193360 -0.105001
v 0.405000 7.164276 -0.105001
v 0.405000 7.193360 -0.075001
v 0.375000 7.270916 -2.095001
v 0.405000 7.300000 -2.095001
v 0.405000 7.270916 -2.125000
v 0.375000 7.270916 -0.105001
v 0.405000 7.270916 -0.075001
v 0.405000 7.300000 -0.105001
v 2.425000 7.193360 -2.095001
v 2.395000 7.164276 -2.095001
v 2.395000 7.193360 -2.125000
v 2.425000 7.193360 -0.105001
v 2.395000 7.193360 -0.075001
v 2.395000 7.164276 -0.105001
v 2.425000 7.270916 -2.095001
v 2.395000 7.270916 -2.125000
v 2.395000 7.300000 -2.095001
v 2.425000 7.270916 -0.105001
v 2.395000 7.300000 -0.105001
v 2.395000 7.270916 -0.075001
vn -1.0000 -0.0000 -0.0000
vn 1.0000 -0.0000 -0.0000
vn -0.0000 -1.0000 -0.0000
vn -0.0000 1.0000 -0.0000
vn -0.0000 -0.0000 -1.0000
vn -0.0000 -0.0000 1.0000
vn -0.6961 -0.7180 -0.0000
vn -0.6961 0.7180 -0.0000
vn 0.6961 -0.7180 -0.0000
vn 0.6961 0.7180 -0.0000
vn -0.7071 -0.0000 -0.7071
vn -0.7071 -0.0000 0.7071
vn 0.7071 -0.0000 -0.7071
vn 0.7071 -0.0000 0.7071
vn -0.0000 -0.7180 -0.6961
vn -0.0000 -0.7180 0.6961
vn -0.0000 0.7180 -0.6961
vn -0.0000 0.7180 0.6961
vn -0.5713 -0.5893 -0.5713
vn -0.5713 -0.5893 0.5713
vn -0.5713 0.5893 -0.5713
vn -0.5713 0.5893 0.5713
vn 0.5713 -0.5893 -0.5713
vn 0.5713 -0.5893 0.5713
vn 0.5713 0.5893 -0.5713
vn 0.5713 0.5893 0.5713
vt 0.660592 0.830555
vt 0.661267 0.818315
vt 0.661267 0.830555
vt 0.686313 0.830555
vt 0.686313 0.818315
vt 0.686988 0.818315
vt 0.558386 0.830573
vt 0.557712 0.830536
vt 0.558386 0.818315
vt 0.583432 0.830573
vt 0.583432 0.818315
vt 0.584106 0.818352
vt 0.283227 0.666840
vt 0.270988 0.654601
vt 0.283227 0.642361
vt 0.308273 0.666840
vt 0.308273 0.642361
vt 0.320513 0.654601
vt 0.345559 0.666840
vt 0.345559 0.642361
vt 0.357799 0.654601
vt 0.395085 0.666840
vt 0.382845 0.654601
vt 0.395085 0.642361
vt 0.609152 0.830573
vt 0.609152 0.818315
vt 0.609826 0.818352
vt 0.635546 0.830573
vt 0.634872 0.830536
vt 0.635546 0.818315
vt 0.712709 0.818315
vt 0.712709 0.830555
vt 0.712034 0.830555
vt 0.738429 0.818315
vt 0.737755 0.830555
vt 0.737755 0.818315
vt 0.787164 0.453480
vt 0.786903 0.453480
vt 0.786903 0.436171
vt 0.787164 0.580547
vt 0.786903 0.563237
vt 0.787164 0.563237
vt 0.786903 0.622902
vt 0.787164 0.605593
vt 0.787164 0.622902
vt 0.786903 0.665258
vt 0.786903 0.647949
vt 0.787164 0.647949
vt 0.786903 0.707614
vt 0.787164 0.690304
vt 0.787164 0.707614
vt 0.786903 0.749969
vt 0.786903 0.732660
vt 0.787164 0.732660
vt 0.787164 0.495836
vt 0.786903 0.495836
vt 0.786903 0.478526
vt 0.787164 0.792325
vt 0.786903 0.775016
vt 0.787164 0.775016
vt 0.521359 0.960936
vt 0.520990 0.961611
vt 0.520990 0.960936
vt 0.546405 0.961611
vt 0.546405 0.960936
vt 0.546775 0.960936
vt 0.572190 0.961611
vt 0.571821 0.961611
vt 0.571821 0.960936
vt 0.597236 0.960936
vt 0.597605 0.961611
vt 0.597236 0.961611
vt 0.419510 0.960936
vt 0.419833 0.961113
vt 0.419510 0.961705
vt 0.445203 0.960936
vt 0.445203 0.961705
vt 0.444880 0.961528
vt 0.470250 0.961705
vt 0.470250 0.960936
vt 0.470574 0.961528
vt 0.495944 0.961705
vt 0.495620 0.961113
vt 0.495944 0.960936
vt 0.786903 0.182025
vt 0.787164 0.182029
vt 0.786903 0.199336
vt 0.787164 0.224383
vt 0.787164 0.241694
vt 0.786903 0.241690
vt 0.787164 0.520882
vt 0.786903 0.538191
vt 0.786903 0.520882
vt 0.787164 0.368767
vt 0.786903 0.351459
vt 0.787164 0.351456
vt 0.787164 0.266740
vt 0.787164 0.284052
vt 0.786903 0.266744
vt 0.786903 0.309098
vt 0.787164 0.326405
vt 0.786903 0.326409
vt 0.012784 0.835625
vt 0.012523 0.835625
vt 0.012523 0.818315
vt 0.786903 0.411124
vt 0.786903 0.393813
vt 0.787164 0.393817
vt 0.291430 0.987203
vt 0.291132 0.987421
vt 0.291132 0.987108
vt 0.316775 0.987325
vt 0.316477 0.987421
vt 0.316477 0.987108
vt 0.114019 0.987108
vt 0.114019 0.987421
vt 0.113721 0.987325
vt 0.037823 0.987477
vt 0.037823 0.987108
vt 0.038076 0.987292
vt 0.139363 0.987108
vt 0.139363 0.987421
vt 0.139065 0.987325
vt 0.164708 0.987421
vt 0.164410 0.987203
vt 0.164708 0.987108
vt 0.063375 0.987108
vt 0.063375 0.987477
vt 0.063122 0.987292
vt 0.088674 0.987477
vt 0.088421 0.987292
vt 0.088674 0.987108
s 0
usemtl building_near_b
f 925/925/183 926/926/183 927/927/183
f 928/928/183 929/929/183 930/930/183
f 931/931/184 932/932/184 933/933/184
f 934/934/184 935/935/184 936/936/184
f 937/937/185 938/938/185 939/939/185
f 940/940/185 941/941/185 942/942/185
f 943/943/186 944/944/186 945/945/186
f 946/946/186 947/947/186 948/948/186
f 949/949/187 950/950/187 951/951/187
f 952/952/187 953/953/187 954/954/187
f 955/955/188 956/956/188 957/957/188
f 958/958/188 959/959/188 960/960/188
f 961/961/189 962/962/189 963/963/189
f 964/964/189 965/965/189 966/966/189
f 967/967/190 968/968/190 969/969/190
f 970/970/190 971/971/190 972/972/190
f 973/973/191 974/974/191 975/975/191
f 976/976/191 977/977/191 978/978/191
f 979/979/192 980/980/192 981/981/192
f 982/982/192 983/983/192 984/984/192
f 985/985/193 986/986/193 987/987/193
f 988/988/193 989/989/193 990/990/193
f 991/991/194 992/992/194 993/993/194
f 994/994/194 995/995/194 996/996/194
f 997/997/195 998/998/195 999/999/195
f 1000/1000/195 1001/1001/195 1002/1002/195
f 1003/1003/196 1004/1004/196 1005/1005/196
f 1006/1006/196 1007/1007/196 1008/1008/196
f 1009/1009/197 1010/1010/197 1011/1011/197
f 1012/1012/197 1013/1013/197 1014/1014/197
f 1015/1015/198 1016/1016/198 1017/1017/198
f 1018/1018/198 1019/1019/198 1020/1020/198
f 1021/1021/199 1022/1022/199 1023/1023/199
f 1024/1024/199 1025/1025/199 1026/1026/199
f 1027/1027/200 1028/1028/200 1029/1029/200
f 1030/1030/200 1031/1031/200 1032/1032/200
f 1033/1033/201 1034/1034/201 1035/1035/201
f 1036/1036/202 1037/1037/202 1038/1038/202
f 1039/1039/203 1040/1040/203 1041/1041/203
f 1042/1042/204 1043/1043/204 1044/1044/204
f 1045/1045/205 1046/1046/205 1047/1047/205
f 1048/1048/206 1049/1049/206 1050/1050/206
f 1051/1051/207 1052/1052/207 1053/1053/207
f 1054/1054/208 1055/1055/208 1056/1056/208
o win_a_xm_0
v -3.695000 2.011620 -2.072500
v -3.695000 2.011620 -2.922500
v -3.695000 0.993692 -2.072500
v -3.695000 0.993692 -2.922500
v -3.775000 2.011620 -2.922500
v -3.775000 2.011620 -2.072500
v -3.775000 0.993692 -2.922500
v -3.775000 0.993692 -2.072500
v -3.775000 2.011620 -2.922500
v -3.695000 2.011620 -2.922500
v -3.775000 2.011620 -2.072500
v -3.695000 2.011620 -2.072500
v -3.775000 0.993692 -2.072500
v -3.695000 0.993692 -2.072500
v -3.775000 0.993692 -2.922500
v -3.695000 0.993692 -2.922500
v -3.775000 2.011620 -2.072500
v -3.695000 2.011620 -2.072500
v -3.775000 0.993692 -2.072500
v -3.695000 0.993692 -2.072500
v -3.695000 2.011620 -2.922500
v -3.775000 2.011620 -2.922500
v -3.695000 0.993692 -2.922500
v -3.775000 0.993692 -2.922500
vn 1.0000 -0.0000 -0.0000
vn -1.0000 -0.0000 -0.0000
vn -0.0000 1.0000 -0.0000
vn -0.0000 -1.0000 -0.0000
vn -0.0000 -0.0000 1.0000
vn -0.0000 -0.0000 -1.0000
vt 0.363058 0.723128
vt 0.363058 0.714274
vt 0.370451 0.723128
vt 0.370451 0.714274
vt 0.402891 0.714274
vt 0.402891 0.723128
vt 0.395497 0.714274
vt 0.395497 0.723128
vt 0.899415 0.279435
vt 0.899415 0.272041
vt 0.900111 0.279435
vt 0.900111 0.272041
vt 0.900111 0.304481
vt 0.900111 0.311874
vt 0.899415 0.304481
vt 0.899415 0.311874
vt 0.819343 0.372904
vt 0.819343 0.364050
vt 0.820038 0.372904
vt 0.820038 0.364050
vt 0.819343 0.406805
vt 0.819343 0.397950
vt 0.820038 0.406805
vt 0.820038 0.397950
s 0
usemtl building_near_b
f 1057/1057/209 1059/1058/209 1058/1059/209
f 1059/1058/209 1060/1060/209 1058/1059/209
f 1061/1061/210 1063/1062/210 1062/1063/210
f 1063/1062/210 1064/1064/210 1062/1063/210
f 1065/1065/211 1067/1066/211 1066/1067/211
f 1067/1066/211 1068/1068/211 1066/1067/211
f 1069/1069/212 1071/1070/212 1070/1071/212
f 1071/1070/212 1072/1072/212 1070/1071/212
f 1073/1073/213 1075/1074/213 1074/1075/213
f 1075/1074/213 1076/1076/213 1074/1075/213
f 1077/1077/214 1079/1078/214 1078/1079/214
f 1079/1078/214 1080/1080/214 1078/1079/214
o win_a_xm_1
v -3.695000 2.011620 -0.407500
v -3.695000 2.011620 -1.257500
v -3.695000 0.993692 -0.407500
v -3.695000 0.993692 -1.257500
v -3.775000 2.011620 -1.257500
v -3.775000 2.011620 -0.407500
v -3.775000 0.993692 -1.257500
v -3.775000 0.993692 -0.407500
v -3.775000 2.011620 -1.257500
v -3.695000 2.011620 -1.257500
v -3.775000 2.011620 -0.407500
v -3.695000 2.011620 -0.407500
v -3.775000 0.993692 -0.407500
v -3.695000 0.993692 -0.407500
v -3.775000 0.993692 -1.257500
v -3.695000 0.993692 -1.257500
v -3.775000 2.011620 -0.407500
v -3.695000 2.011620 -0.407500
v -3.775000 0.993692 -0.407500
v -3.695000 0.993692 -0.407500
v -3.695000 2.011620 -1.257500
v -3.775000 2.011620 -1.257500
v -3.695000 0.993692 -1.257500
v -3.775000 0.993692 -1.257500
vn 1.0000 -0.0000 -0.0000
vn -1.0000 -0.0000 -0.0000
vn -0.0000 1.0000 -0.0000
vn -0.0000 -1.0000 -0.0000
vn -0.0000 -0.0000 1.0000
vn -0.0000 -0.0000 -1.0000
vt 0.427937 0.723128
vt 0.427937 0.714274
vt 0.435331 0.723128
vt 0.435331 0.714274
vt 0.240692 0.714274
vt 0.240692 0.723128
vt 0.233299 0.714274
vt 0.233299 0.723128
vt 0.473099 0.901965
vt 0.473099 0.894571
vt 0.473795 0.901965
vt 0.473795 0.894571
vt 0.499537 0.894571
vt 0.499537 0.901965
vt 0.498841 0.894571
vt 0.498841 0.901965
vt 0.819343 0.440705
vt 0.819343 0.431851
vt 0.820038 0.440705
vt 0.820038 0.431851
vt 0.819343 0.474605
vt 0.819343 0.465751
vt 0.820038 0.474605
vt 0.820038 0.465751
s 0
usemtl building_near_b
f 1081/1081/215 1083/1082/215 1082/1083/215
f 1083/1082/215 1084/1084/215 1082/1083/215
f 1085/1085/216 1087/1086/216 1086/1087/216
f 1087/1086/216 1088/1088/216 1086/1087/216
f 1089/1089/217 1091/1090/217 1090/1091/217
f 1091/1090/217 1092/1092/217 1090/1091/217
f 1093/1093/218 1095/1094/218 1094/1095/218
f 1095/1094/218 1096/1096/218 1094/1095/218
f 1097/1097/219 1099/1098/219 1098/1099/219
f 1099/1098/219 1100/1100/219 1098/1099/219
f 1101/1101/220 1103/1102/220 1102/1103/220
f 1103/1102/220 1104/1104/220 1102/1103/220
o win_a_xm_2
v -3.695000 2.011620 1.257500
v -3.695000 2.011620 0.407500
v -3.695000 0.993692 1.257500
v -3.695000 0.993692 0.407500
v -3.775000 2.011620 0.407500
v -3.775000 2.011620 1.257500
v -3.775000 0.993692 0.407500
v -3.775000 0.993692 1.257500
v -3.775000 2.011620 0.407500
v -3.695000 2.011620 0.407500
v -3.775000 2.011620 1.257500
v -3.695000 2.011620 1.257500
v -3.775000 0.993692 1.257500
v -3.695000 0.993692 1.257500
v -3.775000 0.993692 0.407500
v -3.695000 0.993692 0.407500
v -3.775000 2.011620 1.257500
v -3.695000 2.011620 1.257500
v -3.775000 0.993692 1.257500
v -3.695000 0.993692 1.257500
v -3.695000 2.011620 0.407500
v -3.775000 2.011620 0.407500
v -3.695000 0.993692 0.407500
v -3.775000 0.993692 0.407500
vn 1.0000 -0.0000 -0.0000
vn -1.0000 -0.0000 -0.0000
vn -0.0000 1.0000 -0.0000
vn -0.0000 -1.0000 -0.0000
vn -0.0000 -0.0000 1.0000
vn -0.0000 -0.0000 -1.0000
vt 0.265738 0.723128
vt 0.265738 0.714274
vt 0.273132 0.723128
vt 0.273132 0.714274
vt 0.467770 0.714274
vt 0.467770 0.723128
vt 0.460377 0.714274
vt 0.460377 0.723128
vt 0.524583 0.901965
vt 0.524583 0.894571
vt 0.525279 0.901965
vt 0.525279 0.894571
vt 0.551021 0.894571
vt 0.551021 0.901965
vt 0.550325 0.894571
vt 0.550325 0.901965
vt 0.819343 0.508506
vt 0.819343 0.499652
vt 0.820038 0.508506
vt 0.820038 0.499652
vt 0.819343 0.542406
vt 0.819343 0.533552
vt 0.820038 0.542406
vt 0.820038 0.533552
s 0
usemtl building_near_b
f 1105/1105/221 1107/1106/221 1106/1107/221
f 1107/1106/221 1108/1108/221 1106/1107/221
f 1109/1109/222 1111/1110/222 1110/1111/222
f 1111/1110/222 1112/1112/222 1110/1111/222
f 1113/1113/223 1115/1114/223 1114/1115/223
f 1115/1114/223 1116/1116/223 1114/1115/223
f 1117/1117/224 1119/1118/224 1118/1119/224
f 1119/1118/224 1120/1120/224 1118/1119/224
f 1121/1121/225 1123/1122/225 1122/1123/225
f 1123/1122/225 1124/1124/225 1122/1123/225
f 1125/1125/226 1127/1126/226 1126/1127/226
f 1127/1126/226 1128/1128/226 1126/1127/226
o win_a_xm_3
v -3.695000 2.011621 2.922500
v -3.695000 2.011621 2.072500
v -3.695000 0.993692 2.922500
v -3.695000 0.993692 2.072500
v -3.775000 2.011621 2.072500
v -3.775000 2.011621 2.922500
v -3.775000 0.993692 2.072500
v -3.775000 0.993692 2.922500
v -3.775000 2.011621 2.072500
v -3.695000 2.011621 2.072500
v -3.775000 2.011621 2.922500
v -3.695000 2.011621 2.922500
v -3.775000 0.993692 2.922500
v -3.695000 0.993692 2.922500
v -3.775000 0.993692 2.072500
v -3.695000 0.993692 2.072500
v -3.775000 2.011621 2.922500
v -3.695000 2.011621 2.922500
v -3.775000 0.993692 2.922500
v -3.695000 0.993692 2.922500
v -3.695000 2.011621 2.072500
v -3.775000 2.011621 2.072500
v -3.695000 0.993692 2.072500
v -3.775000 0.993692 2.072500
vn 1.0000 -0.0000 -0.0000
vn -1.0000 -0.0000 -0.0000
vn -0.0000 1.0000 -0.0000
vn -0.0000 -1.0000 -0.0000
vn -0.0000 -0.0000 1.0000
vn -0.0000 -0.0000 -1.0000
vt 0.492817 0.723128
vt 0.492817 0.714274
vt 0.500210 0.723128
vt 0.500210 0.714274
vt 0.532650 0.714274
vt 0.532650 0.723128
vt 0.525257 0.714274
vt 0.525257 0.723128
vt 0.899415 0.344314
vt 0.899415 0.336921
vt 0.900111 0.344314
vt 0.900111 0.336921
vt 0.900111 0.369361
vt 0.900111 0.376754
vt 0.899415 0.369361
vt 0.899415 0.376754
vt 0.819343 0.576307
vt 0.819343 0.567453
vt 0.820038 0.576307
vt 0.820038 0.567453
vt 0.819343 0.610207
vt 0.819343 0.601353
vt 0.820038 0.610207
vt 0.820038 0.601353
s 0
usemtl building_near_b
f 1129/1129/227 1131/1130/227 1130/1131/227
f 1131/1130/227 1132/1132/227 1130/1131/227
f 1133/1133/228 1135/1134/228 1134/1135/228
f 1135/1134/228 1136/1136/228 1134/1135/228
f 1137/1137/229 1139/1138/229 1138/1139/229
f 1139/1138/229 1140/1140/229 1138/1139/229
f 1141/1141/230 1143/1142/230 1142/1143/230
f 1143/1142/230 1144/1144/230 1142/1143/230
f 1145/1145/231 1147/1146/231 1146/1147/231
f 1147/1146/231 1148/1148/231 1146/1147/231
f 1149/1149/232 1151/1150/232 1150/1151/232
f 1151/1150/232 1152/1152/232 1150/1151/232
o win_a_xp_0
v 3.775000 2.011620 -2.072500
v 3.775000 2.011620 -2.922500
v 3.775000 0.993692 -2.072500
v 3.775000 0.993692 -2.922500
v 3.695000 2.011620 -2.922500
v 3.695000 2.011620 -2.072500
v 3.695000 0.993692 -2.922500
v 3.695000 0.993692 -2.072500
v 3.695000 2.011620 -2.922500
v 3.775000 2.011620 -2.922500
v 3.695000 2.011620 -2.072500
v 3.775000 2.011620 -2.072500
v 3.695000 0.993692 -2.072500
v 3.775000 0.993692 -2.072500
v 3.695000 0.993692 -2.922500
v 3.775000 0.993692 -2.922500
v 3.695000 2.011620 -2.072500
v 3.775000 2.011620 -2.072500
v 3.695000 0.993692 -2.072500
v 3.775000 0.993692 -2.072500
v 3.775000 2.011620 -2.922500
v 3.695000 2.011620 -2.922500
v 3.775000 0.993692 -2.922500
v 3.695000 0.993692 -2.922500
vn 1.0000 -0.0000 -0.0000
vn -1.0000 -0.0000 -0.0000
vn -0.0000 1.0000 -0.0000
vn -0.0000 -1.0000 -0.0000
vn -0.0000 -0.0000 1.0000
vn -0.0000 -0.0000 -1.0000
vt 0.557696 0.723128
vt 0.557696 0.714274
vt 0.565090 0.723128
vt 0.565090 0.714274
vt 0.597529 0.714274
vt 0.597529 0.723128
vt 0.590136 0.714274
vt 0.590136 0.723128
vt 0.899415 0.409194
vt 0.899415 0.401800
vt 0.900111 0.409194
vt 0.900111 0.401800
vt 0.900111 0.434240
vt 0.900111 0.441633
vt 0.899415 0.434240
vt 0.899415 0.441633
vt 0.819343 0.644107
vt 0.819343 0.635253
vt 0.820038 0.644107
vt 0.820038 0.635253
vt 0.819343 0.678008
vt 0.819343 0.669154
vt 0.820038 0.678008
vt 0.820038 0.669154
s 0
usemtl building_near_b
f 1153/1153/233 1155/1154/233 1154/1155/233
f 1155/1154/233 1156/1156/233 1154/1155/233
f 1157/1157/234 1159/1158/234 1158/1159/234
f 1159/1158/234 1160/1160/234 1158/1159/234
f 1161/1161/235 1163/1162/235 1162/1163/235
f 1163/1162/235 1164/1164/235 1162/1163/235
f 1165/1165/236 1167/1166/236 1166/1167/236
f 1167/1166/236 1168/1168/236 1166/1167/236
f 1169/1169/237 1171/1170/237 1170/1171/237
f 1171/1170/237 1172/1172/237 1170/1171/237
f 1173/1173/238 1175/1174/238 1174/1175/238
f 1175/1174/238 1176/1176/238 1174/1175/238
o win_a_xp_1
v 3.775000 2.011620 -0.407500
v 3.775000 2.011620 -1.257500
v 3.775000 0.993692 -0.407500
v 3.775000 0.993692 -1.257500
v 3.695000 2.011620 -1.257500
v 3.695000 2.011620 -0.407500
v 3.695000 0.993692 -1.257500
v 3.695000 0.993692 -0.407500
v 3.695000 2.011620 -1.257500
v 3.775000 2.011620 -1.257500
v 3.695000 2.011620 -0.407500
v 3.775000 2.011620 -0.407500
v 3.695000 0.993692 -0.407500
v 3.775000 0.993692 -0.407500
v 3.695000 0.993692 -1.257500
v 3.775000 0.993692 -1.257500
v 3.695000 2.011620 -0.407500
v 3.775000 2.011620 -0.407500
v 3.695000 0.993692 -0.407500
v 3.775000 0.993692 -0.407500
v 3.775000 2.011620 -1.257500
v 3.695000 2.011620 -1.257500
v 3.775000 0.993692 -1.257500
v 3.695000 0.993692 -1.257500
vn 1.0000 -0.0000 -0.0000
vn -1.0000 -0.0000 -0.0000
vn -0.0000 1.0000 -0.0000
vn -0.0000 -1.0000 -0.0000
vn -0.0000 -0.0000 1.0000
vn -0.0000 -0.0000 -1.0000
vt 0.622576 0.723128
vt 0.622576 0.714274
vt 0.629969 0.723128
vt 0.629969 0.714274
vt 0.305571 0.714274
vt 0.305571 0.723128
vt 0.298178 0.714274
vt 0.298178 0.723128
vt 0.576068 0.901965
vt 0.576068 0.894571
vt 0.576763 0.901965
vt 0.576763 0.894571
vt 0.602506 0.894571
vt 0.602506 0.901965
vt 0.601810 0.894571
vt 0.601810 0.901965
vt 0.819343 0.711908
vt 0.819343 0.703054
vt 0.820038 0.711908
vt 0.820038 0.703054
vt 0.819343 0.745809
vt 0.819343 0.736955
vt 0.820038 0.745809
vt 0.820038 0.736955
s 0
usemtl building_near_b
f 1177/1177/239 1179/1178/239 1178/1179/239
f 1179/1178/239 1180/1180/239 1178/1179/239
f 1181/1181/240 1183/1182/240 1182/1183/240
f 1183/1182/240 1184/1184/240 1182/1183/240
f 1185/1185/241 1187/1186/241 1186/1187/241
f 1187/1186/241 1188/1188/241 1186/1187/241
f 1189/1189/242 1191/1190/242 1190/1191/242
f 1191/1190/242 1192/1192/242 1190/1191/242
f 1193/1193/243 1195/1194/243 1194/1195/243
f 1195/1194/243 1196/1196/243 1194/1195/243
f 1197/1197/244 1199/1198/244 1198/1199/244
f 1199/1198/244 1200/1200/244 1198/1199/244
o win_a_xp_2
v 3.775000 2.011620 1.257500
v 3.775000 2.011620 0.407500
v 3.775000 0.993692 1.257500
v 3.775000 0.993692 0.407500
v 3.695000 2.011620 0.407500
v 3.695000 2.011620 1.257500
v 3.695000 0.993692 0.407500
v 3.695000 0.993692 1.257500
v 3.695000 2.011620 0.407500
v 3.775000 2.011620 0.407500
v 3.695000 2.011620 1.257500
v 3.775000 2.011620 1.257500
v 3.695000 0.993692 1.257500
v 3.775000 0.993692 1.257500
v 3.695000 0.993692 0.407500
v 3.775000 0.993692 0.407500
v 3.695000 2.011620 1.257500
v 3.775000 2.011620 1.257500
v 3.695000 0.993692 1.257500
v 3.775000 0.993692 1.257500
v 3.775000 2.011620 0.407500
v 3.695000 2.011620 0.407500
v 3.775000 0.993692 0.407500
v 3.695000 0.993692 0.407500
vn 1.0000 -0.0000 -0.0000
vn -1.0000 -0.0000 -0.0000
vn -0.0000 1.0000 -0.0000
vn -0.0000 -1.0000 -0.0000
vn -0.0000 -0.0000 1.0000
vn -0.0000 -0.0000 -1.0000
vt 0.330618 0.723128
vt 0.330618 0.714274
vt 0.338011 0.723128
vt 0.338011 0.714274
vt 0.662409 0.714274
vt 0.662409 0.723128
vt 0.655016 0.714274
vt 0.655016 0.723128
vt 0.627552 0.901965
vt 0.627552 0.894571
vt 0.628248 0.901965
vt 0.628248 0.894571
vt 0.653990 0.894571
vt 0.653990 0.901965
vt 0.653294 0.894571
vt 0.653294 0.901965
vt 0.819343 0.779709
vt 0.819343 0.770855
vt 0.820038 0.779709
vt 0.820038 0.770855
vt 0.819343 0.813609
vt 0.819343 0.804755
vt 0.820038 0.813609
vt 0.820038 0.804755
s 0
usemtl building_near_b
f 1201/1201/245 1203/1202/245 1202/1203/245
f 1203/1202/245 1204/1204/245 1202/1203/245
f 1205/1205/246 1207/1206/246 1206/1207/246
f 1207/1206/246 1208/1208/246 1206/1207/246
f 1209/1209/247 1211/1210/247 1210/1211/247
f 1211/1210/247 1212/1212/247 1210/1211/247
f 1213/1213/248 1215/1214/248 1214/1215/248
f 1215/1214/248 1216/1216/248 1214/1215/248
f 1217/1217/249 1219/1218/249 1218/1219/249
f 1219/1218/249 1220/1220/249 1218/1219/249
f 1221/1221/250 1223/1222/250 1222/1223/250
f 1223/1222/250 1224/1224/250 1222/1223/250
o win_a_xp_3
v 3.775000 2.011621 2.922500
v 3.775000 2.011621 2.072500
v 3.775000 0.993692 2.922500
v 3.775000 0.993692 2.072500
v 3.695000 2.011621 2.072500
v 3.695000 2.011621 2.922500
v 3.695000 0.993692 2.072500
v 3.695000 0.993692 2.922500
v 3.695000 2.011621 2.072500
v 3.775000 2.011621 2.072500
v 3.695000 2.011621 2.922500
v 3.775000 2.011621 2.922500
v 3.695000 0.993692 2.922500
v 3.775000 0.993692 2.922500
v 3.695000 0.993692 2.072500
v 3.775000 0.993692 2.072500
v 3.695000 2.011621 2.922500
v 3.775000 2.011621 2.922500
v 3.695000 0.993692 2.922500
v 3.775000 0.993692 2.922500
v 3.775000 2.011621 2.072500
v 3.695000 2.011621 2.072500
v 3.775000 0.993692 2.072500
v 3.695000 0.993692 2.072500
vn 1.0000 -0.0000 -0.0000
vn -1.0000 -0.0000 -0.0000
vn -0.0000 1.0000 -0.0000
vn -0.0000 -1.0000 -0.0000
vn -0.0000 -0.0000 1.0000
vn -0.0000 -0.0000 -1.0000
vt 0.687455 0.723128
vt 0.687455 0.714274
vt 0.694849 0.723128
vt 0.694849 0.714274
vt 0.729417 0.012523
vt 0.729417 0.021377
vt 0.722023 0.012523
vt 0.722023 0.021377
vt 0.899415 0.474073
vt 0.899415 0.466680
vt 0.900111 0.474073
vt 0.900111 0.466680
vt 0.900111 0.499119
vt 0.900111 0.506513
vt 0.899415 0.499119
vt 0.899415 0.506513
vt 0.847931 0.021377
vt 0.847931 0.012523
vt 0.848626 0.021377
vt 0.848626 0.012523
vt 0.847931 0.055278
vt 0.847931 0.046424
vt 0.848626 0.055278
vt 0.848626 0.046424
s 0
usemtl building_near_b
f 1225/1225/251 1227/1226/251 1226/1227/251
f 1227/1226/251 1228/1228/251 1226/1227/251
f 1229/1229/252 1231/1230/252 1230/1231/252
f 1231/1230/252 1232/1232/252 1230/1231/252
f 1233/1233/253 1235/1234/253 1234/1235/253
f 1235/1234/253 1236/1236/253 1234/1235/253
f 1237/1237/254 1239/1238/254 1238/1239/254
f 1239/1238/254 1240/1240/254 1238/1239/254
f 1241/1241/255 1243/1242/255 1242/1243/255
f 1243/1242/255 1244/1244/255 1242/1243/255
f 1245/1245/256 1247/1246/256 1246/1247/256
f 1247/1246/256 1248/1248/256 1246/1247/256
o win_a_zm_0
v -2.331500 2.011620 -3.345000
v -2.331500 2.011620 -3.425000
v -2.331500 0.993692 -3.345000
v -2.331500 0.993692 -3.425000
v -3.181500 2.011620 -3.425000
v -3.181500 2.011620 -3.345000
v -3.181500 0.993692 -3.425000
v -3.181500 0.993692 -3.345000
v -3.181500 2.011620 -3.425000
v -2.331500 2.011620 -3.425000
v -3.181500 2.011620 -3.345000
v -2.331500 2.011620 -3.345000
v -3.181500 0.993692 -3.345000
v -2.331500 0.993692 -3.345000
v -3.181500 0.993692 -3.425000
v -2.331500 0.993692 -3.425000
v -3.181500 2.011620 -3.345000
v -2.331500 2.011620 -3.345000
v -3.181500 0.993692 -3.345000
v -2.331500 0.993692 -3.345000
v -2.331500 2.011620 -3.425000
v -3.181500 2.011620 -3.425000
v -2.331500 0.993692 -3.425000
v -3.181500 0.993692 -3.425000
vn 1.0000 -0.0000 -0.0000
vn -1.0000 -0.0000 -0.0000
vn -0.0000 1.0000 -0.0000
vn -0.0000 -1.0000 -0.0000
vn -0.0000 -0.0000 1.0000
vn -0.0000 -0.0000 -1.0000
vt 0.847931 0.089178
vt 0.847931 0.080324
vt 0.848626 0.089178
vt 0.848626 0.080324
vt 0.848626 0.114224
vt 0.848626 0.123078
vt 0.847931 0.114224
vt 0.847931 0.123078
vt 0.322126 0.935890
vt 0.321430 0.935890
vt 0.322126 0.928497
vt 0.321430 0.928497
vt 0.347172 0.928497
vt 0.347868 0.928497
vt 0.347172 0.935890
vt 0.347868 0.935890
vt 0.722023 0.190879
vt 0.722023 0.182025
vt 0.729417 0.190879
vt 0.729417 0.182025
vt 0.722023 0.224780
vt 0.722023 0.215926
vt 0.729417 0.224780
vt 0.729417 0.215926
s 0
usemtl building_near_b
f 1249/1249/257 1251/1250/257 1250/1251/257
f 1251/1250/257 1252/1252/257 1250/1251/257
f 1253/1253/258 1255/1254/258 1254/1255/258
f 1255/1254/258 1256/1256/258 1254/1255/258
f 1257/1257/259 1259/1258/259 1258/1259/259
f 1259/1258/259 1260/1260/259 1258/1259/259
f 1261/1261/260 1263/1262/260 1262/1263/260
f 1263/1262/260 1264/1264/260 1262/1263/260
f 1265/1265/261 1267/1266/261 1266/1267/261
f 1267/1266/261 1268/1268/261 1266/1267/261
f 1269/1269/262 1271/1270/262 1270/1271/262
f 1271/1270/262 1272/1272/262 1270/1271/262
o win_a_zm_1
v -0.953250 2.011620 -3.345000
v -0.953250 2.011620 -3.425000
v -0.953250 0.993692 -3.345000
v -0.953250 0.993692 -3.425000
v -1.803250 2.011620 -3.425000
v -1.803250 2.011620 -3.345000
v -1.803250 0.993692 -3.425000
v -1.803250 0.993692 -3.345000
v -1.803250 2.011620 -3.425000
v -0.953250 2.011620 -3.425000
v -1.803250 2.011620 -3.345000
v -0.953250 2.011620 -3.345000
v -1.803250 0.993692 -3.345000
v -0.953250 0.993692 -3.345000
v -1.803250 0.993692 -3.425000
v -0.953250 0.993692 -3.425000
v -1.803250 2.011620 -3.345000
v -0.953250 2.011620 -3.345000
v -1.803250 0.993692 -3.345000
v -0.953250 0.993692 -3.345000
v -0.953250 2.011620 -3.425000
v -1.803250 2.011620 -3.425000
v -0.953250 0.993692 -3.425000
v -1.803250 0.993692 -3.425000
vn 1.0000 -0.0000 -0.0000
vn -1.0000 -0.0000 -0.0000
vn -0.0000 1.0000 -0.0000
vn -0.0000 -1.0000 -0.0000
vn -0.0000 -0.0000 1.0000
vn -0.0000 -0.0000 -1.0000
vt 0.847931 0.156979
vt 0.847931 0.148125
vt 0.848626 0.156979
vt 0.848626 0.148125
vt 0.848626 0.182025
vt 0.848626 0.190879
vt 0.847931 0.182025
vt 0.847931 0.190879
vt 0.900111 0.538953
vt 0.899415 0.538953
vt 0.900111 0.531559
vt 0.899415 0.531559
vt 0.899415 0.563999
vt 0.900111 0.563999
vt 0.899415 0.571392
vt 0.900111 0.571392
vt 0.722023 0.258680
vt 0.722023 0.249826
vt 0.729417 0.258680
vt 0.729417 0.249826
vt 0.722023 0.292581
vt 0.722023 0.283727
vt 0.729417 0.292581
vt 0.729417 0.283727
s 0
usemtl building_near_b
f 1273/1273/263 1275/1274/263 1274/1275/263
f 1275/1274/263 1276/1276/263 1274/1275/263
f 1277/1277/264 1279/1278/264 1278/1279/264
f 1279/1278/264 1280/1280/264 1278/1279/264
f 1281/1281/265 1283/1282/265 1282/1283/265
f 1283/1282/265 1284/1284/265 1282/1283/265
f 1285/1285/266 1287/1286/266 1286/1287/266
f 1287/1286/266 1288/1288/266 1286/1287/266
f 1289/1289/267 1291/1290/267 1290/1291/267
f 1291/1290/267 1292/1292/267 1290/1291/267
f 1293/1293/268 1295/1294/268 1294/1295/268
f 1295/1294/268 1296/1296/268 1294/1295/268
o win_a_zm_2
v 0.425000 2.011620 -3.345000
v 0.425000 2.011620 -3.425000
v 0.425000 0.993692 -3.345000
v 0.425000 0.993692 -3.425000
v -0.425000 2.011620 -3.425000
v -0.425000 2.011620 -3.345000
v -0.425000 0.993692 -3.425000
v -0.425000 0.993692 -3.345000
v -0.425000 2.011620 -3.425000
v 0.425000 2.011620 -3.425000
v -0.425000 2.011620 -3.345000
v 0.425000 2.011620 -3.345000
v -0.425000 0.993692 -3.345000
v 0.425000 0.993692 -3.345000
v -0.425000 0.993692 -3.425000
v 0.425000 0.993692 -3.425000
v -0.425000 2.011620 -3.345000
v 0.425000 2.011620 -3.345000
v -0.425000 0.993692 -3.345000
v 0.425000 0.993692 -3.345000
v 0.425000 2.011620 -3.425000
v -0.425000 2.011620 -3.425000
v 0.425000 0.993692 -3.425000
v -0.425000 0.993692 -3.425000
vn 1.0000 -0.0000 -0.0000
vn -1.0000 -0.0000 -0.0000
vn -0.0000 1.0000 -0.0000
vn -0.0000 -1.0000 -0.0000
vn -0.0000 -0.0000 1.0000
vn -0.0000 -0.0000 -1.0000
vt 0.847931 0.224780
vt 0.847931 0.215926
vt 0.848626 0.224780
vt 0.848626 0.215926
vt 0.848626 0.249826
vt 0.848626 0.258680
vt 0.847931 0.249826
vt 0.847931 0.258680
vt 0.900111 0.603832
vt 0.899415 0.603832
vt 0.900111 0.596439
vt 0.899415 0.596439
vt 0.899415 0.628878
vt 0.900111 0.628878
vt 0.899415 0.636272
vt 0.900111 0.636272
vt 0.722023 0.055278
vt 0.722023 0.046424
vt 0.729417 0.055278
vt 0.729417 0.046424
vt 0.722023 0.089178
vt 0.722023 0.080324
vt 0.729417 0.089178
vt 0.729417 0.080324
s 0
usemtl building_near_b
f 1297/1297/269 1299/1298/269 1298/1299/269
f 1299/1298/269 1300/1300/269 1298/1299/269
f 1301/1301/270 1303/1302/270 1302/1303/270
f 1303/1302/270 1304/1304/270 1302/1303/270
f 1305/1305/271 1307/1306/271 1306/1307/271
f 1307/1306/271 1308/1308/271 1306/1307/271
f 1309/1309/272 1311/1310/272 1310/1311/272
f 1311/1310/272 1312/1312/272 1310/1311/272
f 1313/1313/273 1315/1314/273 1314/1315/273
f 1315/1314/273 1316/1316/273 1314/1315/273
f 1317/1317/274 1319/1318/274 1318/1319/274
f 1319/1318/274 1320/1320/274 1318/1319/274
o win_a_zm_3
v 1.803250 2.011620 -3.345000
v 1.803250 2.011620 -3.425000
v 1.803250 0.993692 -3.345000
v 1.803250 0.993692 -3.425000
v 0.953250 2.011620 -3.425000
v 0.953250 2.011620 -3.345000
v 0.953250 0.993692 -3.425000
v 0.953250 0.993692 -3.345000
v 0.953250 2.011620 -3.425000
v 1.803250 2.011620 -3.425000
v 0.953250 2.011620 -3.345000
v 1.803250 2.011620 -3.345000
v 0.953250 0.993692 -3.345000
v 1.803250 0.993692 -3.345000
v 0.953250 0.993692 -3.425000
v 1.803250 0.993692 -3.425000
v 0.953250 2.011620 -3.345000
v 1.803250 2.011620 -3.345000
v 0.953250 0.993692 -3.345000
v 1.803250 0.993692 -3.345000
v 1.803250 2.011620 -3.425000
v 0.953250 2.011620 -3.425000
v 1.803250 0.993692 -3.425000
v 0.953250 0.993692 -3.425000
vn 1.0000 -0.0000 -0.0000
vn -1.0000 -0.0000 -0.0000
vn -0.0000 1.0000 -0.0000
vn -0.0000 -1.0000 -0.0000
vn -0.0000 -0.0000 1.0000
vn -0.0000 -0.0000 -1.0000
vt 0.847931 0.292581
vt 0.847931 0.283727
vt 0.848626 0.292581
vt 0.848626 0.283727
vt 0.848626 0.317627
vt 0.848626 0.326481
vt 0.847930 0.317627
vt 0.847930 0.326481
vt 0.900111 0.668712
vt 0.899415 0.668712
vt 0.900111 0.661318
vt 0.899415 0.661318
vt 0.899415 0.693758
vt 0.900111 0.693758
vt 0.899415 0.701151
vt 0.900111 0.701151
vt 0.722023 0.326481
vt 0.722023 0.317627
vt 0.729417 0.326481
vt 0.729417 0.317627
vt 0.722023 0.360381
vt 0.722023 0.351527
vt 0.729417 0.360381
vt 0.729417 0.351527
s 0
usemtl building_near_b
f 1321/1321/275 1323/1322/275 1322/1323/275
f 1323/1322/275 1324/1324/275 1322/1323/275
f 1325/1325/276 1327/1326/276 1326/1327/276
f 1327/1326/276 1328/1328/276 1326/1327/276
f 1329/1329/277 1331/1330/277 1330/1331/277
f 1331/1330/277 1332/1332/277 1330/1331/277
f 1333/1333/278 1335/1334/278 1334/1335/278
f 1335/1334/278 1336/1336/278 1334/1335/278
f 1337/1337/279 1339/1338/279 1338/1339/279
f 1339/1338/279 1340/1340/279 1338/1339/279
f 1341/1341/280 1343/1342/280 1342/1343/280
f 1343/1342/280 1344/1344/280 1342/1343/280
o win_a_zm_4
v 3.181500 2.011620 -3.345000
v 3.181500 2.011620 -3.425000
v 3.181500 0.993692 -3.345000
v 3.181500 0.993692 -3.425000
v 2.331500 2.011620 -3.425000
v 2.331500 2.011620 -3.345000
v 2.331500 0.993692 -3.425000
v 2.331500 0.993692 -3.345000
v 2.331500 2.011620 -3.425000
v 3.181500 2.011620 -3.425000
v 2.331500 2.011620 -3.345000
v 3.181500 2.011620 -3.345000
v 2.331500 0.993692 -3.345000
v 3.181500 0.993692 -3.345000
v 2.331500 0.993692 -3.425000
v 3.181500 0.993692 -3.425000
v 2.331500 2.011620 -3.345000
v 3.181500 2.011620 -3.345000
v 2.331500 0.993692 -3.345000
v 3.181500 0.993692 -3.345000
v 3.181500 2.011620 -3.425000
v 2.331500 2.011620 -3.425000
v 3.181500 0.993692 -3.425000
v 2.331500 0.993692 -3.425000
vn 1.0000 -0.0000 -0.0000
vn -1.0000 -0.0000 -0.0000
vn -0.0000 1.0000 -0.0000
vn -0.0000 -1.0000 -0.0000
vn -0.0000 -0.0000 1.0000
vn -0.0000 -0.0000 -1.0000
vt 0.847930 0.360381
vt 0.847930 0.351527
vt 0.848626 0.360381
vt 0.848626 0.351527
vt 0.848626 0.385428
vt 0.848626 0.394282
vt 0.847930 0.385428
vt 0.847930 0.394282
vt 0.373610 0.935890
vt 0.372914 0.935890
vt 0.373610 0.928497
vt 0.372914 0.928497
vt 0.398657 0.928497
vt 0.399352 0.928497
vt 0.398656 0.935890
vt 0.399352 0.935890
vt 0.722023 0.394282
vt 0.722023 0.385428
vt 0.729417 0.394282
vt 0.729417 0.385428
vt 0.722023 0.428182
vt 0.722023 0.419328
vt 0.729417 0.428182
vt 0.729417 0.419328
s 0
usemtl building_near_b
f 1345/1345/281 1347/1346/281 1346/1347/281
f 1347/1346/281 1348/1348/281 1346/1347/281
f 1349/1349/282 1351/1350/282 1350/1351/282
f 1351/1350/282 1352/1352/282 1350/1351/282
f 1353/1353/283 1355/1354/283 1354/1355/283
f 1355/1354/283 1356/1356/283 1354/1355/283
f 1357/1357/284 1359/1358/284 1358/1359/284
f 1359/1358/284 1360/1360/284 1358/1359/284
f 1361/1361/285 1363/1362/285 1362/1363/285
f 1363/1362/285 1364/1364/285 1362/1363/285
f 1365/1365/286 1367/1366/286 1366/1367/286
f 1367/1366/286 1368/1368/286 1366/1367/286
o win_a_zp_0
v -2.331500 2.011621 3.425000
v -2.331500 2.011621 3.345000
v -2.331500 0.993692 3.425000
v -2.331500 0.993692 3.345000
v -3.181500 2.011621 3.345000
v -3.181500 2.011621 3.425000
v -3.181500 0.993692 3.345000
v -3.181500 0.993692 3.425000
v -3.181500 2.011621 3.345000
v -2.331500 2.011621 3.345000
v -3.181500 2.011621 3.425000
v -2.331500 2.011621 3.425000
v -3.181500 0.993692 3.425000
v -2.331500 0.993692 3.425000
v -3.181500 0.993692 3.345000
v -2.331500 0.993692 3.345000
v -3.181500 2.011621 3.425000
v -2.331500 2.011621 3.425000
v -3.181500 0.993692 3.425000
v -2.331500 0.993692 3.425000
v -2.331500 2.011621 3.345000
v -3.181500 2.011621 3.345000
v -2.331500 0.993692 3.345000
v -3.181500 0.993692 3.345000
vn 1.0000 -0.0000 -0.0000
vn -1.0000 -0.0000 -0.0000
vn -0.0000 1.0000 -0.0000
vn -0.0000 -1.0000 -0.0000
vn -0.0000 -0.0000 1.0000
vn -0.0000 -0.0000 -1.0000
vt 0.847931 0.428182
vt 0.847931 0.419328
vt 0.848626 0.428182
vt 0.848626 0.419328
vt 0.848626 0.453229
vt 0.848626 0.462083
vt 0.847931 0.453229
vt 0.847931 0.462083
vt 0.425095 0.935890
vt 0.424399 0.935890
vt 0.425095 0.928496
vt 0.424399 0.928496
vt 0.450141 0.928497
vt 0.450837 0.928497
vt 0.450141 0.935890
vt 0.450837 0.935890
vt 0.722023 0.462083
vt 0.722023 0.453229
vt 0.729417 0.462083
vt 0.729417 0.453229
vt 0.722023 0.495983
vt 0.722023 0.487129
vt 0.729417 0.495983
vt 0.729417 0.487129
s 0
usemtl building_near_b
f 1369/1369/287 1371/1370/287 1370/1371/287
f 1371/1370/287 1372/1372/287 1370/1371/287
f 1373/1373/288 1375/1374/288 1374/1375/288
f 1375/1374/288 1376/1376/288 1374/1375/288
f 1377/1377/289 1379/1378/289 1378/1379/289
f 1379/1378/289 1380/1380/289 1378/1379/289
f 1381/1381/290 1383/1382/290 1382/1383/290
f 1383/1382/290 1384/1384/290 1382/1383/290
f 1385/1385/291 1387/1386/291 1386/1387/291
f 1387/1386/291 1388/1388/291 1386/1387/291
f 1389/1389/292 1391/1390/292 1390/1391/292
f 1391/1390/292 1392/1392/292 1390/1391/292
o win_a_zp_1
v -0.953250 2.011621 3.425000
v -0.953250 2.011621 3.345000
v -0.953250 0.993692 3.425000
v -0.953250 0.993692 3.345000
v -1.803250 2.011621 3.345000
v -1.803250 2.011621 3.425000
v -1.803250 0.993692 3.345000
v -1.803250 0.993692 3.425000
v -1.803250 2.011621 3.345000
v -0.953250 2.011621 3.345000
v -1.803250 2.011621 3.425000
v -0.953250 2.011621 3.425000
v -1.803250 0.993692 3.425000
v -0.953250 0.993692 3.425000
v -1.803250 0.993692 3.345000
v -0.953250 0.993692 3.345000
v -1.803250 2.011621 3.425000
v -0.953250 2.011621 3.425000
v -1.803250 0.993692 3.425000
v -0.953250 0.993692 3.425000
v -0.953250 2.011621 3.345000
v -1.803250 2.011621 3.345000
v -0.953250 0.993692 3.345000
v -1.803250 0.993692 3.345000
vn 1.0000 -0.0000 -0.0000
vn -1.0000 -0.0000 -0.0000
vn -0.0000 1.0000 -0.0000
vn -0.0000 -1.0000 -0.0000
vn -0.0000 -0.0000 1.0000
vn -0.0000 -0.0000 -1.0000
vt 0.847931 0.495983
vt 0.847931 0.487129
vt 0.848626 0.495983
vt 0.848626 0.487129
vt 0.848626 0.521029
vt 0.848626 0.529884
vt 0.847931 0.521029
vt 0.847931 0.529884
vt 0.900111 0.733591
vt 0.899415 0.733591
vt 0.900111 0.726198
vt 0.899415 0.726198
vt 0.899415 0.758638
vt 0.900111 0.758638
vt 0.899415 0.766031
vt 0.900111 0.766031
vt 0.722023 0.529884
vt 0.722023 0.521029
vt 0.729417 0.529884
vt 0.729417 0.521029
vt 0.722023 0.563784
vt 0.722023 0.554930
vt 0.729417 0.563784
vt 0.729417 0.554930
s 0
usemtl building_near_b
f 1393/1393/293 1395/1394/293 1394/1395/293
f 1395/1394/293 1396/1396/293 1394/1395/293
f 1397/1397/294 1399/1398/294 1398/1399/294
f 1399/1398/294 1400/1400/294 1398/1399/294
f 1401/1401/295 1403/1402/295 1402/1403/295
f 1403/1402/295 1404/1404/295 1402/1403/295
f 1405/1405/296 1407/1406/296 1406/1407/296
f 1407/1406/296 1408/1408/296 1406/1407/296
f 1409/1409/297 1411/1410/297 1410/1411/297
f 1411/1410/297 1412/1412/297 1410/1411/297
f 1413/1413/298 1415/1414/298 1414/1415/298
f 1415/1414/298 1416/1416/298 1414/1415/298
o win_a_zp_2
v 0.425000 2.011621 3.425000
v 0.425000 2.011621 3.345000
v 0.425000 0.993692 3.425000
v 0.425000 0.993692 3.345000
v -0.425000 2.011621 3.345000
v -0.425000 2.011621 3.425000
v -0.425000 0.993692 3.345000
v -0.425000 0.993692 3.425000
v -0.425000 2.011621 3.345000
v 0.425000 2.011621 3.345000
v -0.425000 2.011621 3.425000
v 0.425000 2.011621 3.425000
v -0.425000 0.993692 3.425000
v 0.425000 0.993692 3.425000
v -0.425000 0.993692 3.345000
v 0.425000 0.993692 3.345000
v -0.425000 2.011621 3.425000
v 0.425000 2.011621 3.425000
v -0.425000 0.993692 3.425000
v 0.425000 0.993692 3.425000
v 0.425000 2.011621 3.345000
v -0.425000 2.011621 3.345000
v 0.425000 0.993692 3.345000
v -0.425000 0.993692 3.345000
vn 1.0000 -0.0000 -0.0000
vn -1.0000 -0.0000 -0.0000
vn -0.0000 1.0000 -0.0000
vn -0.0000 -1.0000 -0.0000
vn -0.0000 -0.0000 1.0000
vn -0.0000 -0.0000 -1.0000
vt 0.847931 0.563784
vt 0.847931 0.554930
vt 0.848626 0.563784
vt 0.848626 0.554930
vt 0.848626 0.588830
vt 0.848626 0.597684
vt 0.847931 0.588830
vt 0.847931 0.597684
vt 0.900111 0.798471
vt 0.899415 0.798471
vt 0.900111 0.791077
vt 0.899415 0.791077
vt 0.899415 0.823517
vt 0.900111 0.823517
vt 0.899415 0.830911
vt 0.900111 0.830911
vt 0.722023 0.123078
vt 0.722023 0.114224
vt 0.729417 0.123078
vt 0.729417 0.114224
vt 0.722023 0.156979
vt 0.722023 0.148125
vt 0.729417 0.156979
vt 0.729417 0.148125
s 0
usemtl building_near_b
f 1417/1417/299 1419/1418/299 1418/1419/299
f 1419/1418/299 1420/1420/299 1418/1419/299
f 1421/1421/300 1423/1422/300 1422/1423/300
f 1423/1422/300 1424/1424/300 1422/1423/300
f 1425/1425/301 1427/1426/301 1426/1427/301
f 1427/1426/301 1428/1428/301 1426/1427/301
f 1429/1429/302 1431/1430/302 1430/1431/302
f 1431/1430/302 1432/1432/302 1430/1431/302
f 1433/1433/303 1435/1434/303 1434/1435/303
f 1435/1434/303 1436/1436/303 1434/1435/303
f 1437/1437/304 1439/1438/304 1438/1439/304
f 1439/1438/304 1440/1440/304 1438/1439/304
o win_a_zp_3
v 1.803250 2.011621 3.425000
v 1.803250 2.011621 3.345000
v 1.803250 0.993692 3.425000
v 1.803250 0.993692 3.345000
v 0.953250 2.011621 3.345000
v 0.953250 2.011621 3.425000
v 0.953250 0.993692 3.345000
v 0.953250 0.993692 3.425000
v 0.953250 2.011621 3.345000
v 1.803250 2.011621 3.345000
v 0.953250 2.011621 3.425000
v 1.803250 2.011621 3.425000
v 0.953250 0.993692 3.425000
v 1.803250 0.993692 3.425000
v 0.953250 0.993692 3.345000
v 1.803250 0.993692 3.345000
v 0.953250 2.011621 3.425000
v 1.803250 2.011621 3.425000
v 0.953250 0.993692 3.425000
v 1.803250 0.993692 3.425000
v 1.803250 2.011621 3.345000
v 0.953250 2.011621 3.345000
v 1.803250 0.993692 3.345000
v 0.953250 0.993692 3.345000
vn 1.0000 -0.0000 -0.0000
vn -1.0000 -0.0000 -0.0000
vn -0.0000 1.0000 -0.0000
vn -0.0000 -1.0000 -0.0000
vn -0.0000 -0.0000 1.0000
vn -0.0000 -0.0000 -1.0000
vt 0.847931 0.631585
vt 0.847931 0.622731
vt 0.848626 0.631585
vt 0.848626 0.622731
vt 0.848626 0.656631
vt 0.848626 0.665485
vt 0.847931 0.656631
vt 0.847931 0.665485
vt 0.900111 0.863350
vt 0.899415 0.863350
vt 0.900111 0.855957
vt 0.899415 0.855957
vt 0.899415 0.888397
vt 0.900111 0.888397
vt 0.899415 0.895790
vt 0.900111 0.895790
vt 0.722023 0.597684
vt 0.722023 0.588830
vt 0.729417 0.597684
vt 0.729417 0.588830
vt 0.722023 0.631585
vt 0.722023 0.622731
vt 0.729417 0.631585
vt 0.729417 0.622731
s 0
usemtl building_near_b
f 1441/1441/305 1443/1442/305 1442/1443/305
f 1443/1442/305 1444/1444/305 1442/1443/305
f 1445/1445/306 1447/1446/306 1446/1447/306
f 1447/1446/306 1448/1448/306 1446/1447/306
f 1449/1449/307 1451/1450/307 1450/1451/307
f 1451/1450/307 1452/1452/307 1450/1451/307
f 1453/1453/308 1455/1454/308 1454/1455/308
f 1455/1454/308 1456/1456/308 1454/1455/308
f 1457/1457/309 1459/1458/309 1458/1459/309
f 1459/1458/309 1460/1460/309 1458/1459/309
f 1461/1461/310 1463/1462/310 1462/1463/310
f 1463/1462/310 1464/1464/310 1462/1463/310
o win_a_zp_4
v 3.181500 2.011621 3.425000
v 3.181500 2.011621 3.345000
v 3.181500 0.993692 3.425000
v 3.181500 0.993692 3.345000
v 2.331500 2.011621 3.345000
v 2.331500 2.011621 3.425000
v 2.331500 0.993692 3.345000
v 2.331500 0.993692 3.425000
v 2.331500 2.011621 3.345000
v 3.181500 2.011621 3.345000
v 2.331500 2.011621 3.425000
v 3.181500 2.011621 3.425000
v 2.331500 0.993692 3.425000
v 3.181500 0.993692 3.425000
v 2.331500 0.993692 3.345000
v 3.181500 0.993692 3.345000
v 2.331500 2.011621 3.425000
v 3.181500 2.011621 3.425000
v 2.331500 0.993692 3.425000
v 3.181500 0.993692 3.425000
v 3.181500 2.011621 3.345000
v 2.331500 2.011621 3.345000
v 3.181500 0.993692 3.345000
v 2.331500 0.993692 3.345000
vn 1.0000 -0.0000 -0.0000
vn -1.0000 -0.0000 -0.0000
vn -0.0000 1.0000 -0.0000
vn -0.0000 -1.0000 -0.0000
vn -0.0000 -0.0000 1.0000
vn -0.0000 -0.0000 -1.0000
vt 0.847931 0.699386
vt 0.847931 0.690531
vt 0.848626 0.699386
vt 0.848626 0.690531
vt 0.848626 0.724432
vt 0.848626 0.733286
vt 0.847931 0.724432
vt 0.847931 0.733286
vt 0.476579 0.935890
vt 0.475883 0.935890
vt 0.476579 0.928497
vt 0.475883 0.928497
vt 0.501625 0.928497
vt 0.502321 0.928497
vt 0.501625 0.935890
vt 0.502321 0.935890
vt 0.722023 0.665485
vt 0.722023 0.656631
vt 0.729417 0.665485
vt 0.729417 0.656631
vt 0.722023 0.699386
vt 0.722023 0.690531
vt 0.729417 0.699386
vt 0.729417 0.690531
s 0
usemtl building_near_b
f 1465/1465/311 1467/1466/311 1466/1467/311
f 1467/1466/311 1468/1468/311 1466/1467/311
f 1469/1469/312 1471/1470/312 1470/1471/312
f 1471/1470/312 1472/1472/312 1470/1471/312
f 1473/1473/313 1475/1474/313 1474/1475/313
f 1475/1474/313 1476/1476/313 1474/1475/313
f 1477/1477/314 1479/1478/314 1478/1479/314
f 1479/1478/314 1480/1480/314 1478/1479/314
f 1481/1481/315 1483/1482/315 1482/1483/315
f 1483/1482/315 1484/1484/315 1482/1483/315
f 1485/1485/316 1487/1486/316 1486/1487/316
f 1487/1486/316 1488/1488/316 1486/1487/316
o win_b_xm_0
v -3.695000 3.611221 -2.072500
v -3.695000 3.611221 -2.922500
v -3.695000 2.593293 -2.072500
v -3.695000 2.593293 -2.922500
v -3.775000 3.611221 -2.922500
v -3.775000 3.611221 -2.072500
v -3.775000 2.593293 -2.922500
v -3.775000 2.593293 -2.072500
v -3.775000 3.611221 -2.922500
v -3.695000 3.611221 -2.922500
v -3.775000 3.611221 -2.072500
v -3.695000 3.611221 -2.072500
v -3.775000 2.593293 -2.072500
v -3.695000 2.593293 -2.072500
v -3.775000 2.593293 -2.922500
v -3.695000 2.593293 -2.922500
v -3.775000 3.611221 -2.072500
v -3.695000 3.611221 -2.072500
v -3.775000 2.593293 -2.072500
v -3.695000 2.593293 -2.072500
v -3.695000 3.611221 -2.922500
v -3.775000 3.611221 -2.922500
v -3.695000 2.593293 -2.922500
v -3.775000 2.593293 -2.922500
vn 1.0000 -0.0000 -0.0000
vn -1.0000 -0.0000 -0.0000
vn -0.0000 1.0000 -0.0000
vn -0.0000 -1.0000 -0.0000
vn -0.0000 -0.0000 1.0000
vn -0.0000 -0.0000 -1.0000
vt 0.754463 0.360381
vt 0.754463 0.351527
vt 0.761856 0.360381
vt 0.761856 0.351527
vt 0.761856 0.385428
vt 0.761856 0.394282
vt 0.754463 0.385428
vt 0.754463 0.394282
vt 0.925157 0.019917
vt 0.925157 0.012523
vt 0.925853 0.019917
vt 0.925853 0.012523
vt 0.925853 0.044963
vt 0.925853 0.052356
vt 0.925157 0.044963
vt 0.925157 0.052356
vt 0.847931 0.767186
vt 0.847931 0.758332
vt 0.848626 0.767186
vt 0.848626 0.758332
vt 0.847931 0.801087
vt 0.847931 0.792233
vt 0.848626 0.801087
vt 0.848626 0.792233
s 0
usemtl building_near_b
f 1489/1489/317 1491/1490/317 1490/1491/317
f 1491/1490/317 1492/1492/317 1490/1491/317
f 1493/1493/318 1495/1494/318 1494/1495/318
f 1495/1494/318 1496/1496/318 1494/1495/318
f 1497/1497/319 1499/1498/319 1498/1499/319
f 1499/1498/319 1500/1500/319 1498/1499/319
f 1501/1501/320 1503/1502/320 1502/1503/320
f 1503/1502/320 1504/1504/320 1502/1503/320
f 1505/1505/321 1507/1506/321 1506/1507/321
f 1507/1506/321 1508/1508/321 1506/1507/321
f 1509/1509/322 1511/1510/322 1510/1511/322
f 1511/1510/322 1512/1512/322 1510/1511/322
o win_b_xm_1
v -3.695000 3.611222 -0.407500
v -3.695000 3.611222 -1.257500
v -3.695000 2.593293 -0.407500
v -3.695000 2.593293 -1.257500
v -3.775000 3.611222 -1.257500
v -3.775000 3.611222 -0.407500
v -3.775000 2.593293 -1.257500
v -3.775000 2.593293 -0.407500
v -3.775000 3.611222 -1.257500
v -3.695000 3.611222 -1.257500
v -3.775000 3.611222 -0.407500
v -3.695000 3.611222 -0.407500
v -3.775000 2.593293 -0.407500
v -3.695000 2.593293 -0.407500
v -3.775000 2.593293 -1.257500
v -3.695000 2.593293 -1.257500
v -3.775000 3.611222 -0.407500
v -3.695000 3.611222 -0.407500
v -3.775000 2.593293 -0.407500
v -3.695000 2.593293 -0.407500
v -3.695000 3.611222 -1.257500
v -3.775000 3.611222 -1.257500
v -3.695000 2.593293 -1.257500
v -3.775000 2.593293 -1.257500
vn 1.0000 -0.0000 -0.0000
vn -1.0000 -0.0000 -0.0000
vn -0.0000 1.0000 -0.0000
vn -0.0000 -1.0000 -0.0000
vn -0.0000 -0.0000 1.0000
vn -0.0000 -0.0000 -1.0000
vt 0.012523 0.759369
vt 0.012523 0.750515
vt 0.019917 0.759369
vt 0.019917 0.750515
vt 0.052356 0.750514
vt 0.052356 0.759369
vt 0.044963 0.750514
vt 0.044963 0.759369
vt 0.679036 0.901965
vt 0.679036 0.894571
vt 0.679732 0.901965
vt 0.679732 0.894571
vt 0.705474 0.894571
vt 0.705474 0.901965
vt 0.704779 0.894571
vt 0.704779 0.901965
vt 0.847931 0.834987
vt 0.847931 0.826133
vt 0.848626 0.834987
vt 0.848626 0.826133
vt 0.012523 0.869525
vt 0.012523 0.860671
vt 0.013219 0.869525
vt 0.013219 0.860671
s 0
usemtl building_near_b
f 1513/1513/323 1515/1514/323 1514/1515/323
f 1515/1514/323 1516/1516/323 1514/1515/323
f 1517/1517/324 1519/1518/324 1518/1519/324
f 1519/1518/324 1520/1520/324 1518/1519/324
f 1521/1521/325 1523/1522/325 1522/1523/325
f 1523/1522/325 1524/1524/325 1522/1523/325
f 1525/1525/326 1527/1526/326 1526/1527/326
f 1527/1526/326 1528/1528/326 1526/1527/326
f 1529/1529/327 1531/1530/327 1530/1531/327
f 1531/1530/327 1532/1532/327 1530/1531/327
f 1533/1533/328 1535/1534/328 1534/1535/328
f 1535/1534/328 1536/1536/328 1534/1535/328
o win_b_xm_2
v -3.695000 3.611222 1.257500
v -3.695000 3.611222 0.407500
v -3.695000 2.593293 1.257500
v -3.695000 2.593293 0.407500
v -3.775000 3.611222 0.407500
v -3.775000 3.611222 1.257500
v -3.775000 2.593293 0.407500
v -3.775000 2.593293 1.257500
v -3.775000 3.611222 0.407500
v -3.695000 3.611222 0.407500
v -3.775000 3.611222 1.257500
v -3.695000 3.611222 1.257500
v -3.775000 2.593293 1.257500
v -3.695000 2.593293 1.257500
v -3.775000 2.593293 0.407500
v -3.695000 2.593293 0.407500
v -3.775000 3.611222 1.257500
v -3.695000 3.611222 1.257500
v -3.775000 2.593293 1.257500
v -3.695000 2.593293 1.257500
v -3.695000 3.611222 0.407500
v -3.775000 3.611222 0.407500
v -3.695000 2.593293 0.407500
v -3.775000 2.593293 0.407500
vn 1.0000 -0.0000 -0.0000
vn -1.0000 -0.0000 -0.0000
vn -0.0000 1.0000 -0.0000
vn -0.0000 -1.0000 -0.0000
vn -0.0000 -0.0000 1.0000
vn -0.0000 -0.0000 -1.0000
vt 0.077403 0.759369
vt 0.077403 0.750515
vt 0.084796 0.759369
vt 0.084796 0.750515
vt 0.117236 0.750515
vt 0.117236 0.759369
vt 0.109842 0.750514
vt 0.109842 0.759369
vt 0.730521 0.901965
vt 0.730521 0.894571
vt 0.731217 0.901965
vt 0.731217 0.894571
vt 0.756959 0.894571
vt 0.756959 0.901965
vt 0.756263 0.894571
vt 0.756263 0.901965
vt 0.038265 0.869525
vt 0.038265 0.860671
vt 0.038961 0.869525
vt 0.038961 0.860671
vt 0.064008 0.869525
vt 0.064008 0.860671
vt 0.064703 0.869525
vt 0.064703 0.860671
s 0
usemtl building_near_b
f 1537/1537/329 1539/1538/329 1538/1539/329
f 1539/1538/329 1540/1540/329 1538/1539/329
f 1541/1541/330 1543/1542/330 1542/1543/330
f 1543/1542/330 1544/1544/330 1542/1543/330
f 1545/1545/331 1547/1546/331 1546/1547/331
f 1547/1546/331 1548/1548/331 1546/1547/331
f 1549/1549/332 1551/1550/332 1550/1551/332
f 1551/1550/332 1552/1552/332 1550/1551/332
f 1553/1553/333 1555/1554/333 1554/1555/333
f 1555/1554/333 1556/1556/333 1554/1555/333
f 1557/1557/334 1559/1558/334 1558/1559/334
f 1559/1558/334 1560/1560/334 1558/1559/334
o win_b_xm_3
v -3.695000 3.611222 2.922500
v -3.695000 3.611222 2.072500
v -3.695000 2.593294 2.922500
v -3.695000 2.593294 2.072500
v -3.775000 3.611222 2.072500
v -3.775000 3.611222 2.922500
v -3.775000 2.593294 2.072500
v -3.775000 2.593294 2.922500
v -3.775000 3.611222 2.072500
v -3.695000 3.611222 2.072500
v -3.775000 3.611222 2.922500
v -3.695000 3.611222 2.922500
v -3.775000 2.593294 2.922500
v -3.695000 2.593294 2.922500
v -3.775000 2.593294 2.072500
v -3.695000 2.593294 2.072500
v -3.775000 3.611222 2.922500
v -3.695000 3.611222 2.922500
v -3.775000 2.593294 2.922500
v -3.695000 2.593294 2.922500
v -3.695000 3.611222 2.072500
v -3.775000 3.611222 2.072500
v -3.695000 2.593294 2.072500
v -3.775000 2.593294 2.072500
vn 1.0000 -0.0000 -0.0000
vn -1.0000 -0.0000 -0.0000
vn -0.0000 1.0000 -0.0000
vn -0.0000 -1.0000 -0.0000
vn -0.0000 -0.0000 1.0000
vn -0.0000 -0.0000 -1.0000
vt 0.754463 0.428182
vt 0.754463 0.419328
vt 0.761856 0.428182
vt 0.761856 0.419328
vt 0.761856 0.453229
vt 0.761856 0.462083
vt 0.754463 0.453229
vt 0.754463 0.462083
vt 0.925157 0.084796
vt 0.925157 0.077403
vt 0.925853 0.084796
vt 0.925853 0.077403
vt 0.925853 0.109842
vt 0.925853 0.117236
vt 0.925157 0.109842
vt 0.925157 0.117236
vt 0.089750 0.869525
vt 0.089750 0.860671
vt 0.090446 0.869525
vt 0.090446 0.860671
vt 0.115492 0.869525
vt 0.115492 0.860671
vt 0.116188 0.869525
vt 0.116188 0.860671
s 0
usemtl building_near_b
f 1561/1561/335 1563/1562/335 1562/1563/335
f 1563/1562/335 1564/1564/335 1562/1563/335
f 1565/1565/336 1567/1566/336 1566/1567/336
f 1567/1566/336 1568/1568/336 1566/1567/336
f 1569/1569/337 1571/1570/337 1570/1571/337
f 1571/1570/337 1572/1572/337 1570/1571/337
f 1573/1573/338 1575/1574/338 1574/1575/338
f 1575/1574/338 1576/1576/338 1574/1575/338
f 1577/1577/339 1579/1578/339 1578/1579/339
f 1579/1578/339 1580/1580/339 1578/1579/339
f 1581/1581/340 1583/1582/340 1582/1583/340
f 1583/1582/340 1584/1584/340 1582/1583/340
o win_b_xp_0
v 3.775000 3.611221 -2.072500
v 3.775000 3.611221 -2.922500
v 3.775000 2.593293 -2.072500
v 3.775000 2.593293 -2.922500
v 3.695000 3.611221 -2.922500
v 3.695000 3.611221 -2.072500
v 3.695000 2.593293 -2.922500
v 3.695000 2.593293 -2.072500
v 3.695000 3.611221 -2.922500
v 3.775000 3.611221 -2.922500
v 3.695000 3.611221 -2.072500
v 3.775000 3.611221 -2.072500
v 3.695000 2.593293 -2.072500
v 3.775000 2.593293 -2.072500
v 3.695000 2.593293 -2.922500
v 3.775000 2.593293 -2.922500
v 3.695000 3.611221 -2.072500
v 3.775000 3.611221 -2.072500
v 3.695000 2.593293 -2.072500
v 3.775000 2.593293 -2.072500
v 3.775000 3.611221 -2.922500
v 3.695000 3.611221 -2.922500
v 3.775000 2.593293 -2.922500
v 3.695000 2.593293 -2.922500
vn 1.0000 -0.0000 -0.0000
vn -1.0000 -0.0000 -0.0000
vn -0.0000 1.0000 -0.0000
vn -0.0000 -1.0000 -0.0000
vn -0.0000 -0.0000 1.0000
vn -0.0000 -0.0000 -1.0000
vt 0.754463 0.495983
vt 0.754463 0.487129
vt 0.761856 0.495983
vt 0.761856 0.487129
vt 0.761856 0.521029
vt 0.761856 0.529884
vt 0.754463 0.521029
vt 0.754463 0.529884
vt 0.925157 0.149676
vt 0.925157 0.142282
vt 0.925853 0.149676
vt 0.925853 0.142282
vt 0.925853 0.174722
vt 0.925853 0.182115
vt 0.925157 0.174722
vt 0.925157 0.182115
vt 0.141234 0.869525
vt 0.141234 0.860671
vt 0.141930 0.869525
vt 0.141930 0.860671
vt 0.166977 0.869525
vt 0.166977 0.860671
vt 0.167672 0.869525
vt 0.167672 0.860671
s 0
usemtl building_near_b
f 1585/1585/341 1587/1586/341 1586/1587/341
f 1587/1586/341 1588/1588/341 1586/1587/341
f 1589/1589/342 1591/1590/342 1590/1591/342
f 1591/1590/342 1592/1592/342 1590/1591/342
f 1593/1593/343 1595/1594/343 1594/1595/343
f 1595/1594/343 1596/1596/343 1594/1595/343
f 1597/1597/344 1599/1598/344 1598/1599/344
f 1599/1598/344 1600/1600/344 1598/1599/344
f 1601/1601/345 1603/1602/345 1602/1603/345
f 1603/1602/345 1604/1604/345 1602/1603/345
f 1605/1605/346 1607/1606/346 1606/1607/346
f 1607/1606/346 1608/1608/346 1606/1607/346
o win_b_xp_1
v 3.775000 3.611222 -0.407500
v 3.775000 3.611222 -1.257500
v 3.775000 2.593293 -0.407500
v 3.775000 2.593293 -1.257500
v 3.695000 3.611222 -1.257500
v 3.695000 3.611222 -0.407500
v 3.695000 2.593293 -1.257500
v 3.695000 2.593293 -0.407500
v 3.695000 3.611222 -1.257500
v 3.775000 3.611222 -1.257500
v 3.695000 3.611222 -0.407500
v 3.775000 3.611222 -0.407500
v 3.695000 2.593293 -0.407500
v 3.775000 2.593293 -0.407500
v 3.695000 2.593293 -1.257500
v 3.775000 2.593293 -1.257500
v 3.695000 3.611222 -0.407500
v 3.775000 3.611222 -0.407500
v 3.695000 2.593293 -0.407500
v 3.775000 2.593293 -0.407500
v 3.775000 3.611222 -1.257500
v 3.695000 3.611222 -1.257500
v 3.775000 2.593293 -1.257500
v 3.695000 2.593293 -1.257500
vn 1.0000 -0.0000 -0.0000
vn -1.0000 -0.0000 -0.0000
vn -0.0000 1.0000 -0.0000
vn -0.0000 -1.0000 -0.0000
vn -0.0000 -0.0000 1.0000
vn -0.0000 -0.0000 -1.0000
vt 0.142282 0.759369
vt 0.142282 0.750515
vt 0.149676 0.759369
vt 0.149676 0.750515
vt 0.182115 0.750515
vt 0.182115 0.759369
vt 0.174722 0.750515
vt 0.174722 0.759369
vt 0.782005 0.901965
vt 0.782005 0.894571
vt 0.782701 0.901965
vt 0.782701 0.894571
vt 0.808443 0.894571
vt 0.808443 0.901965
vt 0.807747 0.894571
vt 0.807747 0.901965
vt 0.192719 0.869525
vt 0.192719 0.860671
vt 0.193415 0.869525
vt 0.193415 0.860671
vt 0.218461 0.869525
vt 0.218461 0.860671
vt 0.219157 0.869525
vt 0.219157 0.860671
s 0
usemtl building_near_b
f 1609/1609/347 1611/1610/347 1610/1611/347
f 1611/1610/347 1612/1612/347 1610/1611/347
f 1613/1613/348 1615/1614/348 1614/1615/348
f 1615/1614/348 1616/1616/348 1614/1615/348
f 1617/1617/349 1619/1618/349 1618/1619/349
f 1619/1618/349 1620/1620/349 1618/1619/349
f 1621/1621/350 1623/1622/350 1622/1623/350
f 1623/1622/350 1624/1624/350 1622/1623/350
f 1625/1625/351 1627/1626/351 1626/1627/351
f 1627/1626/351 1628/1628/351 1626/1627/351
f 1629/1629/352 1631/1630/352 1630/1631/352
f 1631/1630/352 1632/1632/352 1630/1631/352
o win_b_xp_2
v 3.775000 3.611222 1.257500
v 3.775000 3.611222 0.407500
v 3.775000 2.593293 1.257500
v 3.775000 2.593293 0.407500
v 3.695000 3.611222 0.407500
v 3.695000 3.611222 1.257500
v 3.695000 2.593293 0.407500
v 3.695000 2.593293 1.257500
v 3.695000 3.611222 0.407500
v 3.775000 3.611222 0.407500
v 3.695000 3.611222 1.257500
v 3.775000 3.611222 1.257500
v 3.695000 2.593293 1.257500
v 3.775000 2.593293 1.257500
v 3.695000 2.593293 0.407500
v 3.775000 2.593293 0.407500
v 3.695000 3.611222 1.257500
v 3.775000 3.611222 1.257500
v 3.695000 2.593293 1.257500
v 3.775000 2.593293 1.257500
v 3.775000 3.611222 0.407500
v 3.695000 3.611222 0.407500
v 3.775000 2.593293 0.407500
v 3.695000 2.593293 0.407500
vn 1.0000 -0.0000 -0.0000
vn -1.0000 -0.0000 -0.0000
vn -0.0000 1.0000 -0.0000
vn -0.0000 -1.0000 -0.0000
vn -0.0000 -0.0000 1.0000
vn -0.0000 -0.0000 -1.0000
vt 0.207162 0.759369
vt 0.207162 0.750515
vt 0.214555 0.759369
vt 0.214555 0.750515
vt 0.246995 0.750515
vt 0.246995 0.759369
vt 0.239602 0.750515
vt 0.239602 0.759369
vt 0.833490 0.901965
vt 0.833490 0.894571
vt 0.834185 0.901965
vt 0.834185 0.894571
vt 0.859928 0.894571
vt 0.859928 0.901965
vt 0.859232 0.894571
vt 0.859232 0.901965
vt 0.244203 0.869525
vt 0.244203 0.860671
vt 0.244899 0.869525
vt 0.244899 0.860671
vt 0.269945 0.869525
vt 0.269945 0.860671
vt 0.270641 0.869525
vt 0.270641 0.860671
s 0
usemtl building_near_b
f 1633/1633/353 1635/1634/353 1634/1635/353
f 1635/1634/353 1636/1636/353 1634/1635/353
f 1637/1637/354 1639/1638/354 1638/1639/354
f 1639/1638/354 1640/1640/354 1638/1639/354
f 1641/1641/355 1643/1642/355 1642/1643/355
f 1643/1642/355 1644/1644/355 1642/1643/355
f 1645/1645/356 1647/1646/356 1646/1647/356
f 1647/1646/356 1648/1648/356 1646/1647/356
f 1649/1649/357 1651/1650/357 1650/1651/357
f 1651/1650/357 1652/1652/357 1650/1651/357
f 1653/1653/358 1655/1654/358 1654/1655/358
f 1655/1654/358 1656/1656/358 1654/1655/358
o win_b_xp_3
v 3.775000 3.611222 2.922500
v 3.775000 3.611222 2.072500
v 3.775000 2.593294 2.922500
v 3.775000 2.593294 2.072500
v 3.695000 3.611222 2.072500
v 3.695000 3.611222 2.922500
v 3.695000 2.593294 2.072500
v 3.695000 2.593294 2.922500
v 3.695000 3.611222 2.072500
v 3.775000 3.611222 2.072500
v 3.695000 3.611222 2.922500
v 3.775000 3.611222 2.922500
v 3.695000 2.593294 2.922500
v 3.775000 2.593294 2.922500
v 3.695000 2.593294 2.072500
v 3.775000 2.593294 2.072500
v 3.695000 3.611222 2.922500
v 3.775000 3.611222 2.922500
v 3.695000 2.593294 2.922500
v 3.775000 2.593294 2.922500
v 3.775000 3.611222 2.072500
v 3.695000 3.611222 2.072500
v 3.775000 2.593294 2.072500
v 3.695000 2.593294 2.072500
vn 1.0000 -0.0000 -0.0000
vn -1.0000 -0.0000 -0.0000
vn -0.0000 1.0000 -0.0000
vn -0.0000 -1.0000 -0.0000
vn -0.0000 -0.0000 1.0000
vn -0.0000 -0.0000 -1.0000
vt 0.754463 0.563784
vt 0.754463 0.554930
vt 0.761856 0.563784
vt 0.761856 0.554930
vt 0.761856 0.588830
vt 0.761856 0.597684
vt 0.754463 0.588830
vt 0.754463 0.597684
vt 0.925157 0.214555
vt 0.925157 0.207162
vt 0.925853 0.214555
vt 0.925853 0.207162
vt 0.925853 0.239601
vt 0.925853 0.246995
vt 0.925157 0.239601
vt 0.925157 0.246995
vt 0.295688 0.869525
vt 0.295688 0.860671
vt 0.296383 0.869525
vt 0.296383 0.860671
vt 0.321430 0.869525
vt 0.321430 0.860671
vt 0.322126 0.869525
vt 0.322126 0.860671
s 0
usemtl building_near_b
f 1657/1657/359 1659/1658/359 1658/1659/359
f 1659/1658/359 1660/1660/359 1658/1659/359
f 1661/1661/360 1663/1662/360 1662/1663/360
f 1663/1662/360 1664/1664/360 1662/1663/360
f 1665/1665/361 1667/1666/361 1666/1667/361
f 1667/1666/361 1668/1668/361 1666/1667/361
f 1669/1669/362 1671/1670/362 1670/1671/362
f 1671/1670/362 1672/1672/362 1670/1671/362
f 1673/1673/363 1675/1674/363 1674/1675/363
f 1675/1674/363 1676/1676/363 1674/1675/363
f 1677/1677/364 1679/1678/364 1678/1679/364
f 1679/1678/364 1680/1680/364 1678/1679/364
o win_b_zm_0
v -2.331500 3.611221 -3.345000
v -2.331500 3.611221 -3.425000
v -2.331500 2.593293 -3.345000
v -2.331500 2.593293 -3.425000
v -3.181500 3.611221 -3.425000
v -3.181500 3.611221 -3.345000
v -3.181500 2.593293 -3.425000
v -3.181500 2.593293 -3.345000
v -3.181500 3.611221 -3.425000
v -2.331500 3.611221 -3.425000
v -3.181500 3.611221 -3.345000
v -2.331500 3.611221 -3.345000
v -3.181500 2.593293 -3.345000
v -2.331500 2.593293 -3.345000
v -3.181500 2.593293 -3.425000
v -2.331500 2.593293 -3.425000
v -3.181500 3.611221 -3.345000
v -2.331500 3.611221 -3.345000
v -3.181500 2.593293 -3.345000
v -2.331500 2.593293 -3.345000
v -2.331500 3.611221 -3.425000
v -3.181500 3.611221 -3.425000
v -2.331500 2.593293 -3.425000
v -3.181500 2.593293 -3.425000
vn 1.0000 -0.0000 -0.0000
vn -1.0000 -0.0000 -0.0000
vn -0.0000 1.0000 -0.0000
vn -0.0000 -1.0000 -0.0000
vn -0.0000 -0.0000 1.0000
vn -0.0000 -0.0000 -1.0000
vt 0.873673 0.563784
vt 0.873673 0.554930
vt 0.874369 0.563784
vt 0.874369 0.554930
vt 0.874369 0.588830
vt 0.874369 0.597684
vt 0.873673 0.588830
vt 0.873673 0.597684
vt 0.528064 0.935890
vt 0.527368 0.935890
vt 0.528064 0.928497
vt 0.527368 0.928497
vt 0.553110 0.928497
vt 0.553806 0.928497
vt 0.553110 0.935890
vt 0.553806 0.935890
vt 0.754463 0.631585
vt 0.754463 0.622731
vt 0.761856 0.631585
vt 0.761856 0.622731
vt 0.754463 0.665485
vt 0.754463 0.656631
vt 0.761856 0.665485
vt 0.761856 0.656631
s 0
usemtl building_near_b
f 1681/1681/365 1683/1682/365 1682/1683/365
f 1683/1682/365 1684/1684/365 1682/1683/365
f 1685/1685/366 1687/1686/366 1686/1687/366
f 1687/1686/366 1688/1688/366 1686/1687/366
f 1689/1689/367 1691/1690/367 1690/1691/367
f 1691/1690/367 1692/1692/367 1690/1691/367
f 1693/1693/368 1695/1694/368 1694/1695/368
f 1695/1694/368 1696/1696/368 1694/1695/368
f 1697/1697/369 1699/1698/369 1698/1699/369
f 1699/1698/369 1700/1700/369 1698/1699/369
f 1701/1701/370 1703/1702/370 1702/1703/370
f 1703/1702/370 1704/1704/370 1702/1703/370
o win_b_zm_1
v -0.953250 3.611221 -3.345000
v -0.953250 3.611221 -3.425000
v -0.953250 2.593293 -3.345000
v -0.953250 2.593293 -3.425000
v -1.803250 3.611221 -3.425000
v -1.803250 3.611221 -3.345000
v -1.803250 2.593293 -3.425000
v -1.803250 2.593293 -3.345000
v -1.803250 3.611221 -3.425000
v -0.953250 3.611221 -3.425000
v -1.803250 3.611221 -3.345000
v -0.953250 3.611221 -3.345000
v -1.803250 2.593293 -3.345000
v -0.953250 2.593293 -3.345000
v -1.803250 2.593293 -3.425000
v -0.953250 2.593293 -3.425000
v -1.803250 3.611221 -3.345000
v -0.953250 3.611221 -3.345000
v -1.803250 2.593293 -3.345000
v -0.953250 2.593293 -3.345000
v -0.953250 3.611221 -3.425000
v -1.803250 3.611221 -3.425000
v -0.953250 2.593293 -3.425000
v -1.803250 2.593293 -3.425000
vn 1.0000 -0.0000 -0.0000
vn -1.0000 -0.0000 -0.0000
vn -0.0000 1.0000 -0.0000
vn -0.0000 -1.0000 -0.0000
vn -0.0000 -0.0000 1.0000
vn -0.0000 -0.0000 -1.0000
vt 0.873673 0.631585
vt 0.873673 0.622731
vt 0.874369 0.631585
vt 0.874369 0.622731
vt 0.874369 0.656631
vt 0.874369 0.665485
vt 0.873673 0.656631
vt 0.873673 0.665485
vt 0.925853 0.279435
vt 0.925157 0.279435
vt 0.925853 0.272041
vt 0.925157 0.272041
vt 0.925157 0.304481
vt 0.925853 0.304481
vt 0.925157 0.311874
vt 0.925853 0.311874
vt 0.754463 0.699386
vt 0.754463 0.690531
vt 0.761856 0.699386
vt 0.761856 0.690531
vt 0.754463 0.733286
vt 0.754463 0.724432
vt 0.761856 0.733286
vt 0.761856 0.724432
s 0
usemtl building_near_b
f 1705/1705/371 1707/1706/371 1706/1707/371
f 1707/1706/371 1708/1708/371 1706/1707/371
f 1709/1709/372 1711/1710/372 1710/1711/372
f 1711/1710/372 1712/1712/372 1710/1711/372
f 1713/1713/373 1715/1714/373 1714/1715/373
f 1715/1714/373 1716/1716/373 1714/1715/373
f 1717/1717/374 1719/1718/374 1718/1719/374
f 1719/1718/374 1720/1720/374 1718/1719/374
f 1721/1721/375 1723/1722/375 1722/1723/375
f 1723/1722/375 1724/1724/375 1722/1723/375
f 1725/1725/376 1727/1726/376 1726/1727/376
f 1727/1726/376 1728/1728/376 1726/1727/376
o win_b_zm_2
v 0.425000 3.611221 -3.345000
v 0.425000 3.611221 -3.425000
v 0.425000 2.593293 -3.345000
v 0.425000 2.593293 -3.425000
v -0.425000 3.611221 -3.425000
v -0.425000 3.611221 -3.345000
v -0.425000 2.593293 -3.425000
v -0.425000 2.593293 -3.345000
v -0.425000 3.611221 -3.425000
v 0.425000 3.611221 -3.425000
v -0.425000 3.611221 -3.345000
v 0.425000 3.611221 -3.345000
v -0.425000 2.593293 -3.345000
v 0.425000 2.593293 -3.345000
v -0.425000 2.593293 -3.425000
v 0.425000 2.593293 -3.425000
v -0.425000 3.611221 -3.345000
v 0.425000 3.611221 -3.345000
v -0.425000 2.593293 -3.345000
v 0.425000 2.593293 -3.345000
v 0.425000 3.611221 -3.425000
v -0.425000 3.611221 -3.425000
v 0.425000 2.593293 -3.425000
v -0.425000 2.593293 -3.425000
vn 1.0000 -0.0000 -0.0000
vn -1.0000 -0.0000 -0.0000
vn -0.0000 1.0000 -0.0000
vn -0.0000 -1.0000 -0.0000
vn -0.0000 -0.0000 1.0000
vn -0.0000 -0.0000 -1.0000
vt 0.873673 0.699386
vt 0.873673 0.690531
vt 0.874369 0.699386
vt 0.874369 0.690531
vt 0.874369 0.724432
vt 0.874369 0.733286
vt 0.873673 0.724432
vt 0.873673 0.733286
vt 0.925853 0.344314
vt 0.925157 0.344314
vt 0.925853 0.336921
vt 0.925157 0.336921
vt 0.925157 0.369361
vt 0.925853 0.369361
vt 0.925157 0.376754
vt 0.925853 0.376754
vt 0.272041 0.759369
vt 0.272041 0.750515
vt 0.279435 0.759369
vt 0.279435 0.750515
vt 0.304481 0.759369
vt 0.304481 0.750515
vt 0.311874 0.759369
vt 0.311874 0.750515
s 0
usemtl building_near_b
f 1729/1729/377 1731/1730/377 1730/1731/377
f 1731/1730/377 1732/1732/377 1730/1731/377
f 1733/1733/378 1735/1734/378 1734/1735/378
f 1735/1734/378 1736/1736/378 1734/1735/378
f 1737/1737/379 1739/1738/379 1738/1739/379
f 1739/1738/379 1740/1740/379 1738/1739/379
f 1741/1741/380 1743/1742/380 1742/1743/380
f 1743/1742/380 1744/1744/380 1742/1743/380
f 1745/1745/381 1747/1746/381 1746/1747/381
f 1747/1746/381 1748/1748/381 1746/1747/381
f 1749/1749/382 1751/1750/382 1750/1751/382
f 1751/1750/382 1752/1752/382 1750/1751/382
o win_b_zm_3
v 1.803250 3.611221 -3.345000
v 1.803250 3.611221 -3.425000
v 1.803250 2.593293 -3.345000
v 1.803250 2.593293 -3.425000
v 0.953250 3.611221 -3.425000
v 0.953250 3.611221 -3.345000
v 0.953250 2.593293 -3.425000
v 0.953250 2.593293 -3.345000
v 0.953250 3.611221 -3.425000
v 1.803250 3.611221 -3.425000
v 0.953250 3.611221 -3.345000
v 1.803250 3.611221 -3.345000
v 0.953250 2.593293 -3.345000
v 1.803250 2.593293 -3.345000
v 0.953250 2.593293 -3.425000
v 1.803250 2.593293 -3.425000
v 0.953250 3.611221 -3.345000
v 1.803250 3.611221 -3.345000
v 0.953250 2.593293 -3.345000
v 1.803250 2.593293 -3.345000
v 1.803250 3.611221 -3.425000
v 0.953250 3.611221 -3.425000
v 1.803250 2.593293 -3.425000
v 0.953250 2.593293 -3.425000
vn 1.0000 -0.0000 -0.0000
vn -1.0000 -0.0000 -0.0000
vn -0.0000 1.0000 -0.0000
vn -0.0000 -1.0000 -0.0000
vn -0.0000 -0.0000 1.0000
vn -0.0000 -0.0000 -1.0000
vt 0.873673 0.767186
vt 0.873673 0.758332
vt 0.874369 0.767186
vt 0.874369 0.758332
vt 0.874369 0.792233
vt 0.874369 0.801087
vt 0.873673 0.792233
vt 0.873673 0.801087
vt 0.925853 0.409194
vt 0.925157 0.409194
vt 0.925853 0.401800
vt 0.925157 0.401800
vt 0.925157 0.434240
vt 0.925853 0.434240
vt 0.925157 0.441633
vt 0.925853 0.441633
vt 0.012523 0.793269
vt 0.012523 0.784415
vt 0.019917 0.793269
vt 0.019917 0.784415
vt 0.044963 0.793269
vt 0.044963 0.784415
vt 0.052356 0.793269
vt 0.052356 0.784415
s 0
usemtl building_near_b
f 1753/1753/383 1755/1754/383 1754/1755/383
f 1755/1754/383 1756/1756/383 1754/1755/383
f 1757/1757/384 1759/1758/384 1758/1759/384
f 1759/1758/384 1760/1760/384 1758/1759/384
f 1761/1761/385 1763/1762/385 1762/1763/385
f 1763/1762/385 1764/1764/385 1762/1763/385
f 1765/1765/386 1767/1766/386 1766/1767/386
f 1767/1766/386 1768/1768/386 1766/1767/386
f 1769/1769/387 1771/1770/387 1770/1771/387
f 1771/1770/387 1772/1772/387 1770/1771/387
f 1773/1773/388 1775/1774/388 1774/1775/388
f 1775/1774/388 1776/1776/388 1774/1775/388
o win_b_zm_4
v 3.181500 3.611221 -3.345000
v 3.181500 3.611221 -3.425000
v 3.181500 2.593293 -3.345000
v 3.181500 2.593293 -3.425000
v 2.331500 3.611221 -3.425000
v 2.331500 3.611221 -3.345000
v 2.331500 2.593293 -3.425000
v 2.331500 2.593293 -3.345000
v 2.331500 3.611221 -3.425000
v 3.181500 3.611221 -3.425000
v 2.331500 3.611221 -3.345000
v 3.181500 3.611221 -3.345000
v 2.331500 2.593293 -3.345000
v 3.181500 2.593293 -3.345000
v 2.331500 2.593293 -3.425000
v 3.181500 2.593293 -3.425000
v 2.331500 3.611221 -3.345000
v 3.181500 3.611221 -3.345000
v 2.331500 2.593293 -3.345000
v 3.181500 2.593293 -3.345000
v 3.181500 3.611221 -3.425000
v 2.331500 3.611221 -3.425000
v 3.181500 2.593293 -3.425000
v 2.331500 2.593293 -3.425000
vn 1.0000 -0.0000 -0.0000
vn -1.0000 -0.0000 -0.0000
vn -0.0000 1.0000 -0.0000
vn -0.0000 -1.0000 -0.0000
vn -0.0000 -0.0000 1.0000
vn -0.0000 -0.0000 -1.0000
vt 0.873673 0.834987
vt 0.873673 0.826133
vt 0.874369 0.834987
vt 0.874369 0.826133
vt 0.874369 0.860033
vt 0.874369 0.868887
vt 0.873673 0.860033
vt 0.873673 0.868887
vt 0.579548 0.935890
vt 0.578852 0.935890
vt 0.579548 0.928497
vt 0.578852 0.928497
vt 0.604594 0.928497
vt 0.605290 0.928497
vt 0.604594 0.935890
vt 0.605290 0.935890
vt 0.077403 0.793269
vt 0.077403 0.784415
vt 0.084796 0.793269
vt 0.084796 0.784415
vt 0.109842 0.793269
vt 0.109842 0.784415
vt 0.117236 0.793269
vt 0.117236 0.784415
s 0
usemtl building_near_b
f 1777/1777/389 1779/1778/389 1778/1779/389
f 1779/1778/389 1780/1780/389 1778/1779/389
f 1781/1781/390 1783/1782/390 1782/1783/390
f 1783/1782/390 1784/1784/390 1782/1783/390
f 1785/1785/391 1787/1786/391 1786/1787/391
f 1787/1786/391 1788/1788/391 1786/1787/391
f 1789/1789/392 1791/1790/392 1790/1791/392
f 1791/1790/392 1792/1792/392 1790/1791/392
f 1793/1793/393 1795/1794/393 1794/1795/393
f 1795/1794/393 1796/1796/393 1794/1795/393
f 1797/1797/394 1799/1798/394 1798/1799/394
f 1799/1798/394 1800/1800/394 1798/1799/394
o win_b_zp_0
v -2.331500 3.611222 3.425000
v -2.331500 3.611222 3.345000
v -2.331500 2.593294 3.425000
v -2.331500 2.593294 3.345000
v -3.181500 3.611222 3.345000
v -3.181500 3.611222 3.425000
v -3.181500 2.593294 3.345000
v -3.181500 2.593294 3.425000
v -3.181500 3.611222 3.345000
v -2.331500 3.611222 3.345000
v -3.181500 3.611222 3.425000
v -2.331500 3.611222 3.425000
v -3.181500 2.593294 3.425000
v -2.331500 2.593294 3.425000
v -3.181500 2.593294 3.345000
v -2.331500 2.593294 3.345000
v -3.181500 3.611222 3.425000
v -2.331500 3.611222 3.425000
v -3.181500 2.593294 3.425000
v -2.331500 2.593294 3.425000
v -2.331500 3.611222 3.345000
v -3.181500 3.611222 3.345000
v -2.331500 2.593294 3.345000
v -3.181500 2.593294 3.345000
vn 1.0000 -0.0000 -0.0000
vn -1.0000 -0.0000 -0.0000
vn -0.0000 1.0000 -0.0000
vn -0.0000 -1.0000 -0.0000
vn -0.0000 -0.0000 1.0000
vn -0.0000 -0.0000 -1.0000
vt 0.012523 0.903425
vt 0.012523 0.894571
vt 0.013219 0.903425
vt 0.013219 0.894571
vt 0.038961 0.894571
vt 0.038961 0.903425
vt 0.038265 0.894571
vt 0.038265 0.903425
vt 0.631032 0.935890
vt 0.630337 0.935890
vt 0.631032 0.928497
vt 0.630337 0.928497
vt 0.656079 0.928497
vt 0.656775 0.928497
vt 0.656079 0.935890
vt 0.656775 0.935890
vt 0.142282 0.793269
vt 0.142282 0.784415
vt 0.149676 0.793269
vt 0.149676 0.784415
vt 0.174722 0.793269
vt 0.174722 0.784415
vt 0.182115 0.793269
vt 0.182115 0.784415
s 0
usemtl building_near_b
f 1801/1801/395 1803/1802/395 1802/1803/395
f 1803/1802/395 1804/1804/395 1802/1803/395
f 1805/1805/396 1807/1806/396 1806/1807/396
f 1807/1806/396 1808/1808/396 1806/1807/396
f 1809/1809/397 1811/1810/397 1810/1811/397
f 1811/1810/397 1812/1812/397 1810/1811/397
f 1813/1813/398 1815/1814/398 1814/1815/398
f 1815/1814/398 1816/1816/398 1814/1815/398
f 1817/1817/399 1819/1818/399 1818/1819/399
f 1819/1818/399 1820/1820/399 1818/1819/399
f 1821/1821/400 1823/1822/400 1822/1823/400
f 1823/1822/400 1824/1824/400 1822/1823/400
o win_b_zp_1
v -0.953250 3.611222 3.425000
v -0.953250 3.611222 3.345000
v -0.953250 2.593294 3.425000
v -0.953250 2.593294 3.345000
v -1.803250 3.611222 3.345000
v -1.803250 3.611222 3.425000
v -1.803250 2.593294 3.345000
v -1.803250 2.593294 3.425000
v -1.803250 3.611222 3.345000
v -0.953250 3.611222 3.345000
v -1.803250 3.611222 3.425000
v -0.953250 3.611222 3.425000
v -1.803250 2.593294 3.425000
v -0.953250 2.593294 3.425000
v -1.803250 2.593294 3.345000
v -0.953250 2.593294 3.345000
v -1.803250 3.611222 3.425000
v -0.953250 3.611222 3.425000
v -1.803250 2.593294 3.425000
v -0.953250 2.593294 3.425000
v -0.953250 3.611222 3.345000
v -1.803250 3.611222 3.345000
v -0.953250 2.593294 3.345000
v -1.803250 2.593294 3.345000
vn 1.0000 -0.0000 -0.0000
vn -1.0000 -0.0000 -0.0000
vn -0.0000 1.0000 -0.0000
vn -0.0000 -1.0000 -0.0000
vn -0.0000 -0.0000 1.0000
vn -0.0000 -0.0000 -1.0000
vt 0.064008 0.903425
vt 0.064008 0.894571
vt 0.064703 0.903425
vt 0.064703 0.894571
vt 0.090446 0.894571
vt 0.090446 0.903425
vt 0.089750 0.894571
vt 0.089750 0.903425
vt 0.925853 0.474073
vt 0.925157 0.474073
vt 0.925853 0.466680
vt 0.925157 0.466680
vt 0.925157 0.499120
vt 0.925853 0.499120
vt 0.925157 0.506513
vt 0.925853 0.506513
vt 0.207162 0.793269
vt 0.207162 0.784415
vt 0.214555 0.793269
vt 0.214555 0.784415
vt 0.239601 0.793269
vt 0.239601 0.784415
vt 0.246995 0.793269
vt 0.246995 0.784415
s 0
usemtl building_near_b
f 1825/1825/401 1827/1826/401 1826/1827/401
f 1827/1826/401 1828/1828/401 1826/1827/401
f 1829/1829/402 1831/1830/402 1830/1831/402
f 1831/1830/402 1832/1832/402 1830/1831/402
f 1833/1833/403 1835/1834/403 1834/1835/403
f 1835/1834/403 1836/1836/403 1834/1835/403
f 1837/1837/404 1839/1838/404 1838/1839/404
f 1839/1838/404 1840/1840/404 1838/1839/404
f 1841/1841/405 1843/1842/405 1842/1843/405
f 1843/1842/405 1844/1844/405 1842/1843/405
f 1845/1845/406 1847/1846/406 1846/1847/406
f 1847/1846/406 1848/1848/406 1846/1847/406
o win_b_zp_2
v 0.425000 3.611222 3.425000
v 0.425000 3.611222 3.345000
v 0.425000 2.593294 3.425000
v 0.425000 2.593294 3.345000
v -0.425000 3.611222 3.345000
v -0.425000 3.611222 3.425000
v -0.425000 2.593294 3.345000
v -0.425000 2.593294 3.425000
v -0.425000 3.611222 3.345000
v 0.425000 3.611222 3.345000
v -0.425000 3.611222 3.425000
v 0.425000 3.611222 3.425000
v -0.425000 2.593294 3.425000
v 0.425000 2.593294 3.425000
v -0.425000 2.593294 3.345000
v 0.425000 2.593294 3.345000
v -0.425000 3.611222 3.425000
v 0.425000 3.611222 3.425000
v -0.425000 2.593294 3.425000
v 0.425000 2.593294 3.425000
v 0.425000 3.611222 3.345000
v -0.425000 3.611222 3.345000
v 0.425000 2.593294 3.345000
v -0.425000 2.593294 3.345000
vn 1.0000 -0.0000 -0.0000
vn -1.0000 -0.0000 -0.0000
vn -0.0000 1.0000 -0.0000
vn -0.0000 -1.0000 -0.0000
vn -0.0000 -0.0000 1.0000
vn -0.0000 -0.0000 -1.0000
vt 0.115492 0.903425
vt 0.115492 0.894571
vt 0.116188 0.903425
vt 0.116188 0.894571
vt 0.141930 0.894571
vt 0.141930 0.903425
vt 0.141234 0.894571
vt 0.141234 0.903425
vt 0.925853 0.538953
vt 0.925157 0.538953
vt 0.925853 0.531559
vt 0.925157 0.531559
vt 0.925157 0.563999
vt 0.925853 0.563999
vt 0.925157 0.571392
vt 0.925853 0.571392
vt 0.336921 0.759369
vt 0.336921 0.750515
vt 0.344314 0.759369
vt 0.344314 0.750515
vt 0.369361 0.759369
vt 0.369361 0.750515
vt 0.376754 0.759369
vt 0.376754 0.750515
s 0
usemtl building_near_b
f 1849/1849/407 1851/1850/407 1850/1851/407
f 1851/1850/407 1852/1852/407 1850/1851/407
f 1853/1853/408 1855/1854/408 1854/1855/408
f 1855/1854/408 1856/1856/408 1854/1855/408
f 1857/1857/409 1859/1858/409 1858/1859/409
f 1859/1858/409 1860/1860/409 1858/1859/409
f 1861/1861/410 1863/1862/410 1862/1863/410
f 1863/1862/410 1864/1864/410 1862/1863/410
f 1865/1865/411 1867/1866/411 1866/1867/411
f 1867/1866/411 1868/1868/411 1866/1867/411
f 1869/1869/412 1871/1870/412 1870/1871/412
f 1871/1870/412 1872/1872/412 1870/1871/412
o win_b_zp_3
v 1.803250 3.611222 3.425000
v 1.803250 3.611222 3.345000
v 1.803250 2.593294 3.425000
v 1.803250 2.593294 3.345000
v 0.953250 3.611222 3.345000
v 0.953250 3.611222 3.425000
v 0.953250 2.593294 3.345000
v 0.953250 2.593294 3.425000
v 0.953250 3.611222 3.345000
v 1.803250 3.611222 3.345000
v 0.953250 3.611222 3.425000
v 1.803250 3.611222 3.425000
v 0.953250 2.593294 3.425000
v 1.803250 2.593294 3.425000
v 0.953250 2.593294 3.345000
v 1.803250 2.593294 3.345000
v 0.953250 3.611222 3.425000
v 1.803250 3.611222 3.425000
v 0.953250 2.593294 3.425000
v 1.803250 2.593294 3.425000
v 1.803250 3.611222 3.345000
v 0.953250 3.611222 3.345000
v 1.803250 2.593294 3.345000
v 0.953250 2.593294 3.345000
vn 1.0000 -0.0000 -0.0000
vn -1.0000 -0.0000 -0.0000
vn -0.0000 1.0000 -0.0000
vn -0.0000 -1.0000 -0.0000
vn -0.0000 -0.0000 1.0000
vn -0.0000 -0.0000 -1.0000
vt 0.166976 0.903425
vt 0.166976 0.894571
vt 0.167672 0.903425
vt 0.167672 0.894571
vt 0.193415 0.894571
vt 0.193415 0.903425
vt 0.192719 0.894571
vt 0.192719 0.903425
vt 0.925853 0.603832
vt 0.925157 0.603832
vt 0.925853 0.596439
vt 0.925157 0.596439
vt 0.925157 0.628879
vt 0.925853 0.628879
vt 0.925157 0.636272
vt 0.925853 0.636272
vt 0.272041 0.793269
vt 0.272041 0.784415
vt 0.279435 0.793269
vt 0.279435 0.784415
vt 0.304481 0.793269
vt 0.304481 0.784415
vt 0.311874 0.793269
vt 0.311874 0.784415
s 0
usemtl building_near_b
f 1873/1873/413 1875/1874/413 1874/1875/413
f 1875/1874/413 1876/1876/413 1874/1875/413
f 1877/1877/414 1879/1878/414 1878/1879/414
f 1879/1878/414 1880/1880/414 1878/1879/414
f 1881/1881/415 1883/1882/415 1882/1883/415
f 1883/1882/415 1884/1884/415 1882/1883/415
f 1885/1885/416 1887/1886/416 1886/1887/416
f 1887/1886/416 1888/1888/416 1886/1887/416
f 1889/1889/417 1891/1890/417 1890/1891/417
f 1891/1890/417 1892/1892/417 1890/1891/417
f 1893/1893/418 1895/1894/418 1894/1895/418
f 1895/1894/418 1896/1896/418 1894/1895/418
o win_b_zp_4
v 3.181500 3.611222 3.425000
v 3.181500 3.611222 3.345000
v 3.181500 2.593294 3.425000
v 3.181500 2.593294 3.345000
v 2.331500 3.611222 3.345000
v 2.331500 3.611222 3.425000
v 2.331500 2.593294 3.345000
v 2.331500 2.593294 3.425000
v 2.331500 3.611222 3.345000
v 3.181500 3.611222 3.345000
v 2.331500 3.611222 3.425000
v 3.181500 3.611222 3.425000
v 2.331500 2.593294 3.425000
v 3.181500 2.593294 3.425000
v 2.331500 2.593294 3.345000
v 3.181500 2.593294 3.345000
v 2.331500 3.611222 3.425000
v 3.181500 3.611222 3.425000
v 2.331500 2.593294 3.425000
v 3.181500 2.593294 3.425000
v 3.181500 3.611222 3.345000
v 2.331500 3.611222 3.345000
v 3.181500 2.593294 3.345000
v 2.331500 2.593294 3.345000
vn 1.0000 -0.0000 -0.0000
vn -1.0000 -0.0000 -0.0000
vn -0.0000 1.0000 -0.0000
vn -0.0000 -1.0000 -0.0000
vn -0.0000 -0.0000 1.0000
vn -0.0000 -0.0000 -1.0000
vt 0.218461 0.903425
vt 0.218461 0.894571
vt 0.219157 0.903425
vt 0.219157 0.894571
vt 0.244899 0.894571
vt 0.244899 0.903425
vt 0.244203 0.894571
vt 0.244203 0.903425
vt 0.682517 0.935890
vt 0.681821 0.935890
vt 0.682517 0.928497
vt 0.681821 0.928497
vt 0.707563 0.928497
vt 0.708259 0.928497
vt 0.707563 0.935890
vt 0.708259 0.935890
vt 0.336921 0.793269
vt 0.336921 0.784415
vt 0.344314 0.793269
vt 0.344314 0.784415
vt 0.369361 0.793269
vt 0.369361 0.784415
vt 0.376754 0.793269
vt 0.376754 0.784415
s 0
usemtl building_near_b
f 1897/1897/419 1899/1898/419 1898/1899/419
f 1899/1898/419 1900/1900/419 1898/1899/419
f 1901/1901/420 1903/1902/420 1902/1903/420
f 1903/1902/420 1904/1904/420 1902/1903/420
f 1905/1905/421 1907/1906/421 1906/1907/421
f 1907/1906/421 1908/1908/421 1906/1907/421
f 1909/1909/422 1911/1910/422 1910/1911/422
f 1911/1910/422 1912/1912/422 1910/1911/422
f 1913/1913/423 1915/1914/423 1914/1915/423
f 1915/1914/423 1916/1916/423 1914/1915/423
f 1917/1917/424 1919/1918/424 1918/1919/424
f 1919/1918/424 1920/1920/424 1918/1919/424
o win_c_xm_0
v -3.695000 5.210823 -2.072500
v -3.695000 5.210823 -2.922500
v -3.695000 4.192895 -2.072500
v -3.695000 4.192895 -2.922500
v -3.775000 5.210823 -2.922500
v -3.775000 5.210823 -2.072500
v -3.775000 4.192895 -2.922500
v -3.775000 4.192895 -2.072500
v -3.775000 5.210823 -2.922500
v -3.695000 5.210823 -2.922500
v -3.775000 5.210823 -2.072500
v -3.695000 5.210823 -2.072500
v -3.775000 4.192895 -2.072500
v -3.695000 4.192895 -2.072500
v -3.775000 4.192895 -2.922500
v -3.695000 4.192895 -2.922500
v -3.775000 5.210823 -2.072500
v -3.695000 5.210823 -2.072500
v -3.775000 4.192895 -2.072500
v -3.695000 4.192895 -2.072500
v -3.695000 5.210823 -2.922500
v -3.775000 5.210823 -2.922500
v -3.695000 4.192895 -2.922500
v -3.775000 4.192895 -2.922500
vn 1.0000 -0.0000 -0.0000
vn -1.0000 -0.0000 -0.0000
vn -0.0000 1.0000 -0.0000
vn -0.0000 -1.0000 -0.0000
vn -0.0000 -0.0000 1.0000
vn -0.0000 -0.0000 -1.0000
vt 0.401800 0.759369
vt 0.401800 0.750515
vt 0.409194 0.759369
vt 0.409194 0.750515
vt 0.441634 0.750515
vt 0.441634 0.759369
vt 0.434240 0.750515
vt 0.434240 0.759369
vt 0.925157 0.668712
vt 0.925157 0.661318
vt 0.925853 0.668712
vt 0.925853 0.661318
vt 0.925853 0.693758
vt 0.925853 0.701152
vt 0.925157 0.693758
vt 0.925157 0.701152
vt 0.347172 0.869525
vt 0.347172 0.860671
vt 0.347868 0.869525
vt 0.347868 0.860671
vt 0.372914 0.869525
vt 0.372914 0.860671
vt 0.373610 0.869525
vt 0.373610 0.860671
s 0
usemtl building_near_b
f 1921/1921/425 1923/1922/425 1922/1923/425
f 1923/1922/425 1924/1924/425 1922/1923/425
f 1925/1925/426 1927/1926/426 1926/1927/426
f 1927/1926/426 1928/1928/426 1926/1927/426
f 1929/1929/427 1931/1930/427 1930/1931/427
f 1931/1930/427 1932/1932/427 1930/1931/427
f 1933/1933/428 1935/1934/428 1934/1935/428
f 1935/1934/428 1936/1936/428 1934/1935/428
f 1937/1937/429 1939/1938/429 1938/1939/429
f 1939/1938/429 1940/1940/429 1938/1939/429
f 1941/1941/430 1943/1942/430 1942/1943/430
f 1943/1942/430 1944/1944/430 1942/1943/430
o win_c_xm_1
v -3.695000 5.210823 -0.407500
v -3.695000 5.210823 -1.257500
v -3.695000 4.192895 -0.407500
v -3.695000 4.192895 -1.257500
v -3.775000 5.210823 -1.257500
v -3.775000 5.210823 -0.407500
v -3.775000 4.192895 -1.257500
v -3.775000 4.192895 -0.407500
v -3.775000 5.210823 -1.257500
v -3.695000 5.210823 -1.257500
v -3.775000 5.210823 -0.407500
v -3.695000 5.210823 -0.407500
v -3.775000 4.192895 -0.407500
v -3.695000 4.192895 -0.407500
v -3.775000 4.192895 -1.257500
v -3.695000 4.192895 -1.257500
v -3.775000 5.210823 -0.407500
v -3.695000 5.210823 -0.407500
v -3.775000 4.192895 -0.407500
v -3.695000 4.192895 -0.407500
v -3.695000 5.210823 -1.257500
v -3.775000 5.210823 -1.257500
v -3.695000 4.192895 -1.257500
v -3.775000 4.192895 -1.257500
vn 1.0000 -0.0000 -0.0000
vn -1.0000 -0.0000 -0.0000
vn -0.0000 1.0000 -0.0000
vn -0.0000 -1.0000 -0.0000
vn -0.0000 -0.0000 1.0000
vn -0.0000 -0.0000 -1.0000
vt 0.466680 0.759368
vt 0.466680 0.750514
vt 0.474073 0.759368
vt 0.474073 0.750514
vt 0.506513 0.750514
vt 0.506513 0.759368
vt 0.499120 0.750514
vt 0.499120 0.759368
vt 0.899415 0.019917
vt 0.899415 0.012523
vt 0.900111 0.019917
vt 0.900111 0.012523
vt 0.900111 0.044963
vt 0.900111 0.052356
vt 0.899415 0.044963
vt 0.899415 0.052356
vt 0.398656 0.869525
vt 0.398656 0.860671
vt 0.399352 0.869525
vt 0.399352 0.860671
vt 0.424399 0.869525
vt 0.424399 0.860671
vt 0.425095 0.869525
vt 0.425095 0.860671
s 0
usemtl building_near_b
f 1945/1945/431 1947/1946/431 1946/1947/431
f 1947/1946/431 1948/1948/431 1946/1947/431
f 1949/1949/432 1951/1950/432 1950/1951/432
f 1951/1950/432 1952/1952/432 1950/1951/432
f 1953/1953/433 1955/1954/433 1954/1955/433
f 1955/1954/433 1956/1956/433 1954/1955/433
f 1957/1957/434 1959/1958/434 1958/1959/434
f 1959/1958/434 1960/1960/434 1958/1959/434
f 1961/1961/435 1963/1962/435 1962/1963/435
f 1963/1962/435 1964/1964/435 1962/1963/435
f 1965/1965/436 1967/1966/436 1966/1967/436
f 1967/1966/436 1968/1968/436 1966/1967/436
o win_c_xm_2
v -3.695000 5.210823 1.257500
v -3.695000 5.210823 0.407500
v -3.695000 4.192895 1.257500
v -3.695000 4.192895 0.407500
v -3.775000 5.210823 0.407500
v -3.775000 5.210823 1.257500
v -3.775000 4.192895 0.407500
v -3.775000 4.192895 1.257500
v -3.775000 5.210823 0.407500
v -3.695000 5.210823 0.407500
v -3.775000 5.210823 1.257500
v -3.695000 5.210823 1.257500
v -3.775000 4.192895 1.257500
v -3.695000 4.192895 1.257500
v -3.775000 4.192895 0.407500
v -3.695000 4.192895 0.407500
v -3.775000 5.210823 1.257500
v -3.695000 5.210823 1.257500
v -3.775000 4.192895 1.257500
v -3.695000 4.192895 1.257500
v -3.695000 5.210823 0.407500
v -3.775000 5.210823 0.407500
v -3.695000 4.192895 0.407500
v -3.775000 4.192895 0.407500
vn 1.0000 -0.0000 -0.0000
vn -1.0000 -0.0000 -0.0000
vn -0.0000 1.0000 -0.0000
vn -0.0000 -1.0000 -0.0000
vn -0.0000 -0.0000 1.0000
vn -0.0000 -0.0000 -1.0000
vt 0.531559 0.759368
vt 0.531559 0.750514
vt 0.538953 0.759368
vt 0.538953 0.750514
vt 0.571393 0.750514
vt 0.571393 0.759368
vt 0.563999 0.750514
vt 0.563999 0.759368
vt 0.899415 0.084796
vt 0.899415 0.077403
vt 0.900111 0.084796
vt 0.900111 0.077403
vt 0.900111 0.109842
vt 0.900111 0.117236
vt 0.899415 0.109842
vt 0.899415 0.117236
vt 0.450141 0.869525
vt 0.450141 0.860671
vt 0.450837 0.869525
vt 0.450837 0.860671
vt 0.475883 0.869525
vt 0.475883 0.860671
vt 0.476579 0.869525
vt 0.476579 0.860671
s 0
usemtl building_near_b
f 1969/1969/437 1971/1970/437 1970/1971/437
f 1971/1970/437 1972/1972/437 1970/1971/437
f 1973/1973/438 1975/1974/438 1974/1975/438
f 1975/1974/438 1976/1976/438 1974/1975/438
f 1977/1977/439 1979/1978/439 1978/1979/439
f 1979/1978/439 1980/1980/439 1978/1979/439
f 1981/1981/440 1983/1982/440 1982/1983/440
f 1983/1982/440 1984/1984/440 1982/1983/440
f 1985/1985/441 1987/1986/441 1986/1987/441
f 1987/1986/441 1988/1988/441 1986/1987/441
f 1989/1989/442 1991/1990/442 1990/1991/442
f 1991/1990/442 1992/1992/442 1990/1991/442
o win_c_xm_3
v -3.695000 5.210823 2.922499
v -3.695000 5.210823 2.072500
v -3.695000 4.192895 2.922500
v -3.695000 4.192895 2.072500
v -3.775000 5.210823 2.072500
v -3.775000 5.210823 2.922499
v -3.775000 4.192895 2.072500
v -3.775000 4.192895 2.922500
v -3.775000 5.210823 2.072500
v -3.695000 5.210823 2.072500
v -3.775000 5.210823 2.922499
v -3.695000 5.210823 2.922499
v -3.775000 4.192895 2.922500
v -3.695000 4.192895 2.922500
v -3.775000 4.192895 2.072500
v -3.695000 4.192895 2.072500
v -3.775000 5.210823 2.922499
v -3.695000 5.210823 2.922499
v -3.775000 4.192895 2.922500
v -3.695000 4.192895 2.922500
v -3.695000 5.210823 2.072500
v -3.775000 5.210823 2.072500
v -3.695000 4.192895 2.072500
v -3.775000 4.192895 2.072500
vn 1.0000 -0.0000 -0.0000
vn -1.0000 -0.0000 -0.0000
vn -0.0000 1.0000 -0.0000
vn -0.0000 -1.0000 -0.0000
vn -0.0000 -0.0000 1.0000
vn -0.0000 -0.0000 -1.0000
vt 0.596439 0.759368
vt 0.596439 0.750514
vt 0.603832 0.759368
vt 0.603832 0.750514
vt 0.636272 0.750514
vt 0.636272 0.759368
vt 0.628879 0.750514
vt 0.628879 0.759368
vt 0.925157 0.733591
vt 0.925157 0.726198
vt 0.925853 0.733591
vt 0.925853 0.726198
vt 0.925853 0.758638
vt 0.925853 0.766031
vt 0.925157 0.758638
vt 0.925157 0.766031
vt 0.501625 0.869525
vt 0.501625 0.860671
vt 0.502321 0.869525
vt 0.502321 0.860671
vt 0.527368 0.869525
vt 0.527368 0.860671
vt 0.528063 0.869525
vt 0.528063 0.860671
s 0
usemtl building_near_b
f 1993/1993/443 1995/1994/443 1994/1995/443
f 1995/1994/443 1996/1996/443 1994/1995/443
f 1997/1997/444 1999/1998/444 1998/1999/444
f 1999/1998/444 2000/2000/444 1998/1999/444
f 2001/2001/445 2003/2002/445 2002/2003/445
f 2003/2002/445 2004/2004/445 2002/2003/445
f 2005/2005/446 2007/2006/446 2006/2007/446
f 2007/2006/446 2008/2008/446 2006/2007/446
f 2009/2009/447 2011/2010/447 2010/2011/447
f 2011/2010/447 2012/2012/447 2010/2011/447
f 2013/2013/448 2015/2014/448 2014/2015/448
f 2015/2014/448 2016/2016/448 2014/2015/448
o win_c_xp_0
v 3.775000 5.210823 -2.072500
v 3.775000 5.210823 -2.922500
v 3.775000 4.192895 -2.072500
v 3.775000 4.192895 -2.922500
v 3.695000 5.210823 -2.922500
v 3.695000 5.210823 -2.072500
v 3.695000 4.192895 -2.922500
v 3.695000 4.192895 -2.072500
v 3.695000 5.210823 -2.922500
v 3.775000 5.210823 -2.922500
v 3.695000 5.210823 -2.072500
v 3.775000 5.210823 -2.072500
v 3.695000 4.192895 -2.072500
v 3.775000 4.192895 -2.072500
v 3.695000 4.192895 -2.922500
v 3.775000 4.192895 -2.922500
v 3.695000 5.210823 -2.072500
v 3.775000 5.210823 -2.072500
v 3.695000 4.192895 -2.072500
v 3.775000 4.192895 -2.072500
v 3.775000 5.210823 -2.922500
v 3.695000 5.210823 -2.922500
v 3.775000 4.192895 -2.922500
v 3.695000 4.192895 -2.922500
vn 1.0000 -0.0000 -0.0000
vn -1.0000 -0.0000 -0.0000
vn -0.0000 1.0000 -0.0000
vn -0.0000 -1.0000 -0.0000
vn -0.0000 -0.0000 1.0000
vn -0.0000 -0.0000 -1.0000
vt 0.661319 0.759368
vt 0.661319 0.750514
vt 0.668712 0.759368
vt 0.668712 0.750514
vt 0.701152 0.750514
vt 0.701152 0.759368
vt 0.693758 0.750514
vt 0.693758 0.759368
vt 0.925157 0.798471
vt 0.925157 0.791077
vt 0.925853 0.798471
vt 0.925853 0.791077
vt 0.925853 0.823517
vt 0.925853 0.830911
vt 0.925157 0.823517
vt 0.925157 0.830911
vt 0.553110 0.869525
vt 0.553110 0.860671
vt 0.553806 0.869525
vt 0.553806 0.860671
vt 0.578852 0.869525
vt 0.578852 0.860671
vt 0.579548 0.869525
vt 0.579548 0.860671
s 0
usemtl building_near_b
f 2017/2017/449 2019/2018/449 2018/2019/449
f 2019/2018/449 2020/2020/449 2018/2019/449
f 2021/2021/450 2023/2022/450 2022/2023/450
f 2023/2022/450 2024/2024/450 2022/2023/450
f 2025/2025/451 2027/2026/451 2026/2027/451
f 2027/2026/451 2028/2028/451 2026/2027/451
f 2029/2029/452 2031/2030/452 2030/2031/452
f 2031/2030/452 2032/2032/452 2030/2031/452
f 2033/2033/453 2035/2034/453 2034/2035/453
f 2035/2034/453 2036/2036/453 2034/2035/453
f 2037/2037/454 2039/2038/454 2038/2039/454
f 2039/2038/454 2040/2040/454 2038/2039/454
o win_c_xp_1
v 3.775000 5.210823 -0.407500
v 3.775000 5.210823 -1.257500
v 3.775000 4.192895 -0.407500
v 3.775000 4.192895 -1.257500
v 3.695000 5.210823 -1.257500
v 3.695000 5.210823 -0.407500
v 3.695000 4.192895 -1.257500
v 3.695000 4.192895 -0.407500
v 3.695000 5.210823 -1.257500
v 3.775000 5.210823 -1.257500
v 3.695000 5.210823 -0.407500
v 3.775000 5.210823 -0.407500
v 3.695000 4.192895 -0.407500
v 3.775000 4.192895 -0.407500
v 3.695000 4.192895 -1.257500
v 3.775000 4.192895 -1.257500
v 3.695000 5.210823 -0.407500
v 3.775000 5.210823 -0.407500
v 3.695000 4.192895 -0.407500
v 3.775000 4.192895 -0.407500
v 3.775000 5.210823 -1.257500
v 3.695000 5.210823 -1.257500
v 3.775000 4.192895 -1.257500
v 3.695000 4.192895 -1.257500
vn 1.0000 -0.0000 -0.0000
vn -1.0000 -0.0000 -0.0000
vn -0.0000 1.0000 -0.0000
vn -0.0000 -1.0000 -0.0000
vn -0.0000 -0.0000 1.0000
vn -0.0000 -0.0000 -1.0000
vt 0.754463 0.021377
vt 0.754463 0.012523
vt 0.761856 0.021377
vt 0.761856 0.012523
vt 0.761856 0.046424
vt 0.761856 0.055278
vt 0.754463 0.046424
vt 0.754463 0.055278
vt 0.899415 0.149676
vt 0.899415 0.142282
vt 0.900111 0.149676
vt 0.900111 0.142282
vt 0.900111 0.174722
vt 0.900111 0.182115
vt 0.899415 0.174722
vt 0.899415 0.182115
vt 0.604594 0.869525
vt 0.604594 0.860671
vt 0.605290 0.869525
vt 0.605290 0.860671
vt 0.630336 0.869525
vt 0.630336 0.860671
vt 0.631032 0.869525
vt 0.631032 0.860671
s 0
usemtl building_near_b
f 2041/2041/455 2043/2042/455 2042/2043/455
f 2043/2042/455 2044/2044/455 2042/2043/455
f 2045/2045/456 2047/2046/456 2046/2047/456
f 2047/2046/456 2048/2048/456 2046/2047/456
f 2049/2049/457 2051/2050/457 2050/2051/457
f 2051/2050/457 2052/2052/457 2050/2051/457
f 2053/2053/458 2055/2054/458 2054/2055/458
f 2055/2054/458 2056/2056/458 2054/2055/458
f 2057/2057/459 2059/2058/459 2058/2059/459
f 2059/2058/459 2060/2060/459 2058/2059/459
f 2061/2061/460 2063/2062/460 2062/2063/460
f 2063/2062/460 2064/2064/460 2062/2063/460
o win_c_xp_2
v 3.775000 5.210823 1.257500
v 3.775000 5.210823 0.407500
v 3.775000 4.192895 1.257500
v 3.775000 4.192895 0.407500
v 3.695000 5.210823 0.407500
v 3.695000 5.210823 1.257500
v 3.695000 4.192895 0.407500
v 3.695000 4.192895 1.257500
v 3.695000 5.210823 0.407500
v 3.775000 5.210823 0.407500
v 3.695000 5.210823 1.257500
v 3.775000 5.210823 1.257500
v 3.695000 4.192895 1.257500
v 3.775000 4.192895 1.257500
v 3.695000 4.192895 0.407500
v 3.775000 4.192895 0.407500
v 3.695000 5.210823 1.257500
v 3.775000 5.210823 1.257500
v 3.695000 4.192895 1.257500
v 3.775000 4.192895 1.257500
v 3.775000 5.210823 0.407500
v 3.695000 5.210823 0.407500
v 3.775000 4.192895 0.407500
v 3.695000 4.192895 0.407500
vn 1.0000 -0.0000 -0.0000
vn -1.0000 -0.0000 -0.0000
vn -0.0000 1.0000 -0.0000
vn -0.0000 -1.0000 -0.0000
vn -0.0000 -0.0000 1.0000
vn -0.0000 -0.0000 -1.0000
vt 0.754463 0.089178
vt 0.754463 0.080324
vt 0.761856 0.089178
vt 0.761856 0.080324
vt 0.761856 0.114224
vt 0.761856 0.123078
vt 0.754463 0.114224
vt 0.754463 0.123078
vt 0.899415 0.214555
vt 0.899415 0.207162
vt 0.900111 0.214555
vt 0.900111 0.207162
vt 0.900111 0.239601
vt 0.900111 0.246995
vt 0.899415 0.239601
vt 0.899415 0.246995
vt 0.656079 0.869525
vt 0.656079 0.860671
vt 0.656775 0.869525
vt 0.656775 0.860671
vt 0.681821 0.869525
vt 0.681821 0.860671
vt 0.682517 0.869525
vt 0.682517 0.860671
s 0
usemtl building_near_b
f 2065/2065/461 2067/2066/461 2066/2067/461
f 2067/2066/461 2068/2068/461 2066/2067/461
f 2069/2069/462 2071/2070/462 2070/2071/462
f 2071/2070/462 2072/2072/462 2070/2071/462
f 2073/2073/463 2075/2074/463 2074/2075/463
f 2075/2074/463 2076/2076/463 2074/2075/463
f 2077/2077/464 2079/2078/464 2078/2079/464
f 2079/2078/464 2080/2080/464 2078/2079/464
f 2081/2081/465 2083/2082/465 2082/2083/465
f 2083/2082/465 2084/2084/465 2082/2083/465
f 2085/2085/466 2087/2086/466 2086/2087/466
f 2087/2086/466 2088/2088/466 2086/2087/466
o win_c_xp_3
v 3.775000 5.210823 2.922499
v 3.775000 5.210823 2.072500
v 3.775000 4.192895 2.922500
v 3.775000 4.192895 2.072500
v 3.695000 5.210823 2.072500
v 3.695000 5.210823 2.922499
v 3.695000 4.192895 2.072500
v 3.695000 4.192895 2.922500
v 3.695000 5.210823 2.072500
v 3.775000 5.210823 2.072500
v 3.695000 5.210823 2.922499
v 3.775000 5.210823 2.922499
v 3.695000 4.192895 2.922500
v 3.775000 4.192895 2.922500
v 3.695000 4.192895 2.072500
v 3.775000 4.192895 2.072500
v 3.695000 5.210823 2.922499
v 3.775000 5.210823 2.922499
v 3.695000 4.192895 2.922500
v 3.775000 4.192895 2.922500
v 3.775000 5.210823 2.072500
v 3.695000 5.210823 2.072500
v 3.775000 4.192895 2.072500
v 3.695000 4.192895 2.072500
vn 1.0000 -0.0000 -0.0000
vn -1.0000 -0.0000 -0.0000
vn -0.0000 1.0000 -0.0000
vn -0.0000 -1.0000 -0.0000
vn -0.0000 -0.0000 1.0000
vn -0.0000 -0.0000 -1.0000
vt 0.754463 0.156979
vt 0.754463 0.148125
vt 0.761856 0.156979
vt 0.761856 0.148125
vt 0.761856 0.182025
vt 0.761856 0.190879
vt 0.754463 0.182025
vt 0.754463 0.190879
vt 0.925157 0.863350
vt 0.925157 0.855957
vt 0.925853 0.863350
vt 0.925853 0.855957
vt 0.925853 0.888397
vt 0.925853 0.895790
vt 0.925157 0.888397
vt 0.925157 0.895790
vt 0.707563 0.869525
vt 0.707563 0.860671
vt 0.708259 0.869525
vt 0.708259 0.860671
vt 0.733305 0.869525
vt 0.733305 0.860671
vt 0.734001 0.869525
vt 0.734001 0.860671
s 0
usemtl building_near_b
f 2089/2089/467 2091/2090/467 2090/2091/467
f 2091/2090/467 2092/2092/467 2090/2091/467
f 2093/2093/468 2095/2094/468 2094/2095/468
f 2095/2094/468 2096/2096/468 2094/2095/468
f 2097/2097/469 2099/2098/469 2098/2099/469
f 2099/2098/469 2100/2100/469 2098/2099/469
f 2101/2101/470 2103/2102/470 2102/2103/470
f 2103/2102/470 2104/2104/470 2102/2103/470
f 2105/2105/471 2107/2106/471 2106/2107/471
f 2107/2106/471 2108/2108/471 2106/2107/471
f 2109/2109/472 2111/2110/472 2110/2111/472
f 2111/2110/472 2112/2112/472 2110/2111/472
o win_c_zm_0
v -2.331500 5.210823 -3.345001
v -2.331500 5.210823 -3.425000
v -2.331500 4.192894 -3.345000
v -2.331500 4.192894 -3.425000
v -3.181500 5.210823 -3.425000
v -3.181500 5.210823 -3.345001
v -3.181500 4.192894 -3.425000
v -3.181500 4.192894 -3.345000
v -3.181500 5.210823 -3.425000
v -2.331500 5.210823 -3.425000
v -3.181500 5.210823 -3.345001
v -2.331500 5.210823 -3.345001
v -3.181500 4.192894 -3.345000
v -2.331500 4.192894 -3.345000
v -3.181500 4.192894 -3.425000
v -2.331500 4.192894 -3.425000
v -3.181500 5.210823 -3.345001
v -2.331500 5.210823 -3.345001
v -3.181500 4.192894 -3.345000
v -2.331500 4.192894 -3.345000
v -2.331500 5.210823 -3.425000
v -3.181500 5.210823 -3.425000
v -2.331500 4.192894 -3.425000
v -3.181500 4.192894 -3.425000
vn 1.0000 -0.0000 -0.0000
vn -1.0000 -0.0000 -0.0000
vn -0.0000 1.0000 -0.0000
vn -0.0000 -1.0000 -0.0000
vn -0.0000 -0.0000 1.0000
vn -0.0000 -0.0000 -1.0000
vt 0.759047 0.869525
vt 0.759047 0.860671
vt 0.759743 0.869525
vt 0.759743 0.860671
vt 0.785486 0.860671
vt 0.785486 0.869525
vt 0.784790 0.860671
vt 0.784790 0.869525
vt 0.734001 0.935890
vt 0.733305 0.935890
vt 0.734001 0.928497
vt 0.733305 0.928497
vt 0.759047 0.928497
vt 0.759743 0.928497
vt 0.759047 0.935890
vt 0.759743 0.935890
vt 0.401800 0.793269
vt 0.401800 0.784415
vt 0.409194 0.793269
vt 0.409194 0.784415
vt 0.434240 0.793269
vt 0.434240 0.784415
vt 0.441633 0.793269
vt 0.441633 0.784415
s 0
usemtl building_near_b
f 2113/2113/473 2115/2114/473 2114/2115/473
f 2115/2114/473 2116/2116/473 2114/2115/473
f 2117/2117/474 2119/2118/474 2118/2119/474
f 2119/2118/474 2120/2120/474 2118/2119/474
f 2121/2121/475 2123/2122/475 2122/2123/475
f 2123/2122/475 2124/2124/475 2122/2123/475
f 2125/2125/476 2127/2126/476 2126/2127/476
f 2127/2126/476 2128/2128/476 2126/2127/476
f 2129/2129/477 2131/2130/477 2130/2131/477
f 2131/2130/477 2132/2132/477 2130/2131/477
f 2133/2133/478 2135/2134/478 2134/2135/478
f 2135/2134/478 2136/2136/478 2134/2135/478
o win_c_zm_1
v -0.953250 5.210823 -3.345001
v -0.953250 5.210823 -3.425000
v -0.953250 4.192894 -3.345000
v -0.953250 4.192894 -3.425000
v -1.803250 5.210823 -3.425000
v -1.803250 5.210823 -3.345001
v -1.803250 4.192894 -3.425000
v -1.803250 4.192894 -3.345000
v -1.803250 5.210823 -3.425000
v -0.953250 5.210823 -3.425000
v -1.803250 5.210823 -3.345001
v -0.953250 5.210823 -3.345001
v -1.803250 4.192894 -3.345000
v -0.953250 4.192894 -3.345000
v -1.803250 4.192894 -3.425000
v -0.953250 4.192894 -3.425000
v -1.803250 5.210823 -3.345001
v -0.953250 5.210823 -3.345001
v -1.803250 4.192894 -3.345000
v -0.953250 4.192894 -3.345000
v -0.953250 5.210823 -3.425000
v -1.803250 5.210823 -3.425000
v -0.953250 4.192894 -3.425000
v -1.803250 4.192894 -3.425000
vn 1.0000 -0.0000 -0.0000
vn -1.0000 -0.0000 -0.0000
vn -0.0000 1.0000 -0.0000
vn -0.0000 -1.0000 -0.0000
vn -0.0000 -0.0000 1.0000
vn -0.0000 -0.0000 -1.0000
vt 0.810532 0.869525
vt 0.810532 0.860671
vt 0.811228 0.869525
vt 0.811228 0.860671
vt 0.836970 0.860671
vt 0.836970 0.869525
vt 0.836274 0.860671
vt 0.836274 0.869525
vt 0.013219 0.935890
vt 0.012523 0.935890
vt 0.013219 0.928497
vt 0.012523 0.928497
vt 0.038265 0.928497
vt 0.038961 0.928497
vt 0.038265 0.935890
vt 0.038961 0.935890
vt 0.466680 0.793269
vt 0.466680 0.784415
vt 0.474073 0.793269
vt 0.474073 0.784415
vt 0.499119 0.793269
vt 0.499119 0.784415
vt 0.506513 0.793269
vt 0.506513 0.784415
s 0
usemtl building_near_b
f 2137/2137/479 2139/2138/479 2138/2139/479
f 2139/2138/479 2140/2140/479 2138/2139/479
f 2141/2141/480 2143/2142/480 2142/2143/480
f 2143/2142/480 2144/2144/480 2142/2143/480
f 2145/2145/481 2147/2146/481 2146/2147/481
f 2147/2146/481 2148/2148/481 2146/2147/481
f 2149/2149/482 2151/2150/482 2150/2151/482
f 2151/2150/482 2152/2152/482 2150/2151/482
f 2153/2153/483 2155/2154/483 2154/2155/483
f 2155/2154/483 2156/2156/483 2154/2155/483
f 2157/2157/484 2159/2158/484 2158/2159/484
f 2159/2158/484 2160/2160/484 2158/2159/484
o win_c_zm_2
v 0.425000 5.210823 -3.345001
v 0.425000 5.210823 -3.425000
v 0.425000 4.192894 -3.345000
v 0.425000 4.192894 -3.425000
v -0.425000 5.210823 -3.425000
v -0.425000 5.210823 -3.345001
v -0.425000 4.192894 -3.425000
v -0.425000 4.192894 -3.345000
v -0.425000 5.210823 -3.425000
v 0.425000 5.210823 -3.425000
v -0.425000 5.210823 -3.345001
v 0.425000 5.210823 -3.345001
v -0.425000 4.192894 -3.345000
v 0.425000 4.192894 -3.345000
v -0.425000 4.192894 -3.425000
v 0.425000 4.192894 -3.425000
v -0.425000 5.210823 -3.345001
v 0.425000 5.210823 -3.345001
v -0.425000 4.192894 -3.345000
v 0.425000 4.192894 -3.345000
v 0.425000 5.210823 -3.425000
v -0.425000 5.210823 -3.425000
v 0.425000 4.192894 -3.425000
v -0.425000 4.192894 -3.425000
vn 1.0000 -0.0000 -0.0000
vn -1.0000 -0.0000 -0.0000
vn -0.0000 1.0000 -0.0000
vn -0.0000 -1.0000 -0.0000
vn -0.0000 -0.0000 1.0000
vn -0.0000 -0.0000 -1.0000
vt 0.873673 0.021377
vt 0.873673 0.012523
vt 0.874369 0.021377
vt 0.874369 0.012523
vt 0.874369 0.046424
vt 0.874369 0.055278
vt 0.873673 0.046424
vt 0.873673 0.055278
vt 0.064703 0.935890
vt 0.064008 0.935890
vt 0.064703 0.928497
vt 0.064008 0.928497
vt 0.089750 0.928497
vt 0.090446 0.928497
vt 0.089750 0.935890
vt 0.090446 0.935890
vt 0.754463 0.224780
vt 0.754463 0.215926
vt 0.761856 0.224780
vt 0.761856 0.215926
vt 0.754463 0.258680
vt 0.754463 0.249826
vt 0.761856 0.258680
vt 0.761856 0.249826
s 0
usemtl building_near_b
f 2161/2161/485 2163/2162/485 2162/2163/485
f 2163/2162/485 2164/2164/485 2162/2163/485
f 2165/2165/486 2167/2166/486 2166/2167/486
f 2167/2166/486 2168/2168/486 2166/2167/486
f 2169/2169/487 2171/2170/487 2170/2171/487
f 2171/2170/487 2172/2172/487 2170/2171/487
f 2173/2173/488 2175/2174/488 2174/2175/488
f 2175/2174/488 2176/2176/488 2174/2175/488
f 2177/2177/489 2179/2178/489 2178/2179/489
f 2179/2178/489 2180/2180/489 2178/2179/489
f 2181/2181/490 2183/2182/490 2182/2183/490
f 2183/2182/490 2184/2184/490 2182/2183/490
o win_c_zm_3
v 1.803250 5.210823 -3.345001
v 1.803250 5.210823 -3.425000
v 1.803250 4.192894 -3.345000
v 1.803250 4.192894 -3.425000
v 0.953250 5.210823 -3.425000
v 0.953250 5.210823 -3.345001
v 0.953250 4.192894 -3.425000
v 0.953250 4.192894 -3.345000
v 0.953250 5.210823 -3.425000
v 1.803250 5.210823 -3.425000
v 0.953250 5.210823 -3.345001
v 1.803250 5.210823 -3.345001
v 0.953250 4.192894 -3.345000
v 1.803250 4.192894 -3.345000
v 0.953250 4.192894 -3.425000
v 1.803250 4.192894 -3.425000
v 0.953250 5.210823 -3.345001
v 1.803250 5.210823 -3.345001
v 0.953250 4.192894 -3.345000
v 1.803250 4.192894 -3.345000
v 1.803250 5.210823 -3.425000
v 0.953250 5.210823 -3.425000
v 1.803250 4.192894 -3.425000
v 0.953250 4.192894 -3.425000
vn 1.0000 -0.0000 -0.0000
vn -1.0000 -0.0000 -0.0000
vn -0.0000 1.0000 -0.0000
vn -0.0000 -1.0000 -0.0000
vn -0.0000 -0.0000 1.0000
vn -0.0000 -0.0000 -1.0000
vt 0.873673 0.089178
vt 0.873673 0.080324
vt 0.874369 0.089178
vt 0.874369 0.080324
vt 0.874369 0.114224
vt 0.874369 0.123078
vt 0.873673 0.114224
vt 0.873673 0.123078
vt 0.116188 0.935890
vt 0.115492 0.935890
vt 0.116188 0.928497
vt 0.115492 0.928497
vt 0.141234 0.928497
vt 0.141930 0.928497
vt 0.141234 0.935890
vt 0.141930 0.935890
vt 0.531559 0.793269
vt 0.531559 0.784415
vt 0.538953 0.793269
vt 0.538953 0.784415
vt 0.563999 0.793269
vt 0.563999 0.784415
vt 0.571392 0.793269
vt 0.571392 0.784415
s 0
usemtl building_near_b
f 2185/2185/491 2187/2186/491 2186/2187/491
f 2187/2186/491 2188/2188/491 2186/2187/491
f 2189/2189/492 2191/2190/492 2190/2191/492
f 2191/2190/492 2192/2192/492 2190/2191/492
f 2193/2193/493 2195/2194/493 2194/2195/493
f 2195/2194/493 2196/2196/493 2194/2195/493
f 2197/2197/494 2199/2198/494 2198/2199/494
f 2199/2198/494 2200/2200/494 2198/2199/494
f 2201/2201/495 2203/2202/495 2202/2203/495
f 2203/2202/495 2204/2204/495 2202/2203/495
f 2205/2205/496 2207/2206/496 2206/2207/496
f 2207/2206/496 2208/2208/496 2206/2207/496
o win_c_zm_4
v 3.181500 5.210823 -3.345001
v 3.181500 5.210823 -3.425000
v 3.181500 4.192894 -3.345000
v 3.181500 4.192894 -3.425000
v 2.331500 5.210823 -3.425000
v 2.331500 5.210823 -3.345001
v 2.331500 4.192894 -3.425000
v 2.331500 4.192894 -3.345000
v 2.331500 5.210823 -3.425000
v 3.181500 5.210823 -3.425000
v 2.331500 5.210823 -3.345001
v 3.181500 5.210823 -3.345001
v 2.331500 4.192894 -3.345000
v 3.181500 4.192894 -3.345000
v 2.331500 4.192894 -3.425000
v 3.181500 4.192894 -3.425000
v 2.331500 5.210823 -3.345001
v 3.181500 5.210823 -3.345001
v 2.331500 4.192894 -3.345000
v 3.181500 4.192894 -3.345000
v 3.181500 5.210823 -3.425000
v 2.331500 5.210823 -3.425000
v 3.181500 4.192894 -3.425000
v 2.331500 4.192894 -3.425000
vn 1.0000 -0.0000 -0.0000
vn -1.0000 -0.0000 -0.0000
vn -0.0000 1.0000 -0.0000
vn -0.0000 -1.0000 -0.0000
vn -0.0000 -0.0000 1.0000
vn -0.0000 -0.0000 -1.0000
vt 0.873673 0.156979
vt 0.873673 0.148125
vt 0.874369 0.156979
vt 0.874369 0.148125
vt 0.874369 0.182025
vt 0.874369 0.190879
vt 0.873673 0.182025
vt 0.873673 0.190879
vt 0.785486 0.935890
vt 0.784790 0.935890
vt 0.785486 0.928497
vt 0.784790 0.928497
vt 0.810532 0.928497
vt 0.811228 0.928497
vt 0.810532 0.935890
vt 0.811228 0.935890
vt 0.596439 0.793269
vt 0.596439 0.784415
vt 0.603832 0.793269
vt 0.603832 0.784415
vt 0.628878 0.793269
vt 0.628878 0.784415
vt 0.636272 0.793269
vt 0.636272 0.784415
s 0
usemtl building_near_b
f 2209/2209/497 2211/2210/497 2210/2211/497
f 2211/2210/497 2212/2212/497 2210/2211/497
f 2213/2213/498 2215/2214/498 2214/2215/498
f 2215/2214/498 2216/2216/498 2214/2215/498
f 2217/2217/499 2219/2218/499 2218/2219/499
f 2219/2218/499 2220/2220/499 2218/2219/499
f 2221/2221/500 2223/2222/500 2222/2223/500
f 2223/2222/500 2224/2224/500 2222/2223/500
f 2225/2225/501 2227/2226/501 2226/2227/501
f 2227/2226/501 2228/2228/501 2226/2227/501
f 2229/2229/502 2231/2230/502 2230/2231/502
f 2231/2230/502 2232/2232/502 2230/2231/502
o win_c_zp_0
v -2.331500 5.210824 3.424999
v -2.331500 5.210824 3.345000
v -2.331500 4.192895 3.425000
v -2.331500 4.192895 3.345000
v -3.181500 5.210824 3.345000
v -3.181500 5.210824 3.424999
v -3.181500 4.192895 3.345000
v -3.181500 4.192895 3.425000
v -3.181500 5.210824 3.345000
v -2.331500 5.210824 3.345000
v -3.181500 5.210824 3.424999
v -2.331500 5.210824 3.424999
v -3.181500 4.192895 3.425000
v -2.331500 4.192895 3.425000
v -3.181500 4.192895 3.345000
v -2.331500 4.192895 3.345000
v -3.181500 5.210824 3.424999
v -2.331500 5.210824 3.424999
v -3.181500 4.192895 3.425000
v -2.331500 4.192895 3.425000
v -2.331500 5.210824 3.345000
v -3.181500 5.210824 3.345000
v -2.331500 4.192895 3.345000
v -3.181500 4.192895 3.345000
vn 1.0000 -0.0000 -0.0000
vn -1.0000 -0.0000 -0.0000
vn -0.0000 1.0000 -0.0000
vn -0.0000 -1.0000 -0.0000
vn -0.0000 -0.0000 1.0000
vn -0.0000 -0.0000 -1.0000
vt 0.873673 0.224780
vt 0.873673 0.215926
vt 0.874369 0.224780
vt 0.874369 0.215926
vt 0.874369 0.249826
vt 0.874369 0.258680
vt 0.873673 0.249826
vt 0.873673 0.258680
vt 0.836970 0.935890
vt 0.836274 0.935890
vt 0.836970 0.928497
vt 0.836274 0.928497
vt 0.862016 0.928497
vt 0.862712 0.928497
vt 0.862016 0.935890
vt 0.862712 0.935890
vt 0.661318 0.793269
vt 0.661318 0.784415
vt 0.668712 0.793269
vt 0.668712 0.784415
vt 0.693758 0.793269
vt 0.693758 0.784415
vt 0.701151 0.793269
vt 0.701151 0.784415
s 0
usemtl building_near_b
f 2233/2233/503 2235/2234/503 2234/2235/503
f 2235/2234/503 2236/2236/503 2234/2235/503
f 2237/2237/504 2239/2238/504 2238/2239/504
f 2239/2238/504 2240/2240/504 2238/2239/504
f 2241/2241/505 2243/2242/505 2242/2243/505
f 2243/2242/505 2244/2244/505 2242/2243/505
f 2245/2245/506 2247/2246/506 2246/2247/506
f 2247/2246/506 2248/2248/506 2246/2247/506
f 2249/2249/507 2251/2250/507 2250/2251/507
f 2251/2250/507 2252/2252/507 2250/2251/507
f 2253/2253/508 2255/2254/508 2254/2255/508
f 2255/2254/508 2256/2256/508 2254/2255/508
o win_c_zp_1
v -0.953250 5.210824 3.424999
v -0.953250 5.210824 3.345000
v -0.953250 4.192895 3.425000
v -0.953250 4.192895 3.345000
v -1.803250 5.210824 3.345000
v -1.803250 5.210824 3.424999
v -1.803250 4.192895 3.345000
v -1.803250 4.192895 3.425000
v -1.803250 5.210824 3.345000
v -0.953250 5.210824 3.345000
v -1.803250 5.210824 3.424999
v -0.953250 5.210824 3.424999
v -1.803250 4.192895 3.425000
v -0.953250 4.192895 3.425000
v -1.803250 4.192895 3.345000
v -0.953250 4.192895 3.345000
v -1.803250 5.210824 3.424999
v -0.953250 5.210824 3.424999
v -1.803250 4.192895 3.425000
v -0.953250 4.192895 3.425000
v -0.953250 5.210824 3.345000
v -1.803250 5.210824 3.345000
v -0.953250 4.192895 3.345000
v -1.803250 4.192895 3.345000
vn 1.0000 -0.0000 -0.0000
vn -1.0000 -0.0000 -0.0000
vn -0.0000 1.0000 -0.0000
vn -0.0000 -1.0000 -0.0000
vn -0.0000 -0.0000 1.0000
vn -0.0000 -0.0000 -1.0000
vt 0.873673 0.292581
vt 0.873673 0.283727
vt 0.874369 0.292581
vt 0.874369 0.283727
vt 0.874369 0.317627
vt 0.874369 0.326481
vt 0.873673 0.317627
vt 0.873673 0.326481
vt 0.167672 0.935890
vt 0.166976 0.935890
vt 0.167672 0.928497
vt 0.166976 0.928497
vt 0.192719 0.928497
vt 0.193415 0.928497
vt 0.192719 0.935890
vt 0.193415 0.935890
vt 0.726198 0.793269
vt 0.726198 0.784415
vt 0.733591 0.793269
vt 0.733591 0.784415
vt 0.786903 0.021377
vt 0.786903 0.012523
vt 0.794296 0.021377
vt 0.794296 0.012523
s 0
usemtl building_near_b
f 2257/2257/509 2259/2258/509 2258/2259/509
f 2259/2258/509 2260/2260/509 2258/2259/509
f 2261/2261/510 2263/2262/510 2262/2263/510
f 2263/2262/510 2264/2264/510 2262/2263/510
f 2265/2265/511 2267/2266/511 2266/2267/511
f 2267/2266/511 2268/2268/511 2266/2267/511
f 2269/2269/512 2271/2270/512 2270/2271/512
f 2271/2270/512 2272/2272/512 2270/2271/512
f 2273/2273/513 2275/2274/513 2274/2275/513
f 2275/2274/513 2276/2276/513 2274/2275/513
f 2277/2277/514 2279/2278/514 2278/2279/514
f 2279/2278/514 2280/2280/514 2278/2279/514
o win_c_zp_2
v 0.425000 5.210824 3.424999
v 0.425000 5.210824 3.345000
v 0.425000 4.192895 3.425000
v 0.425000 4.192895 3.345000
v -0.425000 5.210824 3.345000
v -0.425000 5.210824 3.424999
v -0.425000 4.192895 3.345000
v -0.425000 4.192895 3.425000
v -0.425000 5.210824 3.345000
v 0.425000 5.210824 3.345000
v -0.425000 5.210824 3.424999
v 0.425000 5.210824 3.424999
v -0.425000 4.192895 3.425000
v 0.425000 4.192895 3.425000
v -0.425000 4.192895 3.345000
v 0.425000 4.192895 3.345000
v -0.425000 5.210824 3.424999
v 0.425000 5.210824 3.424999
v -0.425000 4.192895 3.425000
v 0.425000 4.192895 3.425000
v 0.425000 5.210824 3.345000
v -0.425000 5.210824 3.345000
v 0.425000 4.192895 3.345000
v -0.425000 4.192895 3.345000
vn 1.0000 -0.0000 -0.0000
vn -1.0000 -0.0000 -0.0000
vn -0.0000 1.0000 -0.0000
vn -0.0000 -1.0000 -0.0000
vn -0.0000 -0.0000 1.0000
vn -0.0000 -0.0000 -1.0000
vt 0.873673 0.360381
vt 0.873673 0.351527
vt 0.874369 0.360381
vt 0.874369 0.351527
vt 0.874369 0.385428
vt 0.874369 0.394282
vt 0.873673 0.385428
vt 0.873673 0.394282
vt 0.219157 0.935890
vt 0.218461 0.935890
vt 0.219157 0.928497
vt 0.218461 0.928497
vt 0.244203 0.928497
vt 0.244899 0.928497
vt 0.244203 0.935890
vt 0.244899 0.935890
vt 0.754463 0.292581
vt 0.754463 0.283727
vt 0.761856 0.292581
vt 0.761856 0.283727
vt 0.754463 0.326481
vt 0.754463 0.317627
vt 0.761856 0.326481
vt 0.761856 0.317627
s 0
usemtl building_near_b
f 2281/2281/515 2283/2282/515 2282/2283/515
f 2283/2282/515 2284/2284/515 2282/2283/515
f 2285/2285/516 2287/2286/516 2286/2287/516
f 2287/2286/516 2288/2288/516 2286/2287/516
f 2289/2289/517 2291/2290/517 2290/2291/517
f 2291/2290/517 2292/2292/517 2290/2291/517
f 2293/2293/518 2295/2294/518 2294/2295/518
f 2295/2294/518 2296/2296/518 2294/2295/518
f 2297/2297/519 2299/2298/519 2298/2299/519
f 2299/2298/519 2300/2300/519 2298/2299/519
f 2301/2301/520 2303/2302/520 2302/2303/520
f 2303/2302/520 2304/2304/520 2302/2303/520
o win_c_zp_3
v 1.803250 5.210824 3.424999
v 1.803250 5.210824 3.345000
v 1.803250 4.192895 3.425000
v 1.803250 4.192895 3.345000
v 0.953250 5.210824 3.345000
v 0.953250 5.210824 3.424999
v 0.953250 4.192895 3.345000
v 0.953250 4.192895 3.425000
v 0.953250 5.210824 3.345000
v 1.803250 5.210824 3.345000
v 0.953250 5.210824 3.424999
v 1.803250 5.210824 3.424999
v 0.953250 4.192895 3.425000
v 1.803250 4.192895 3.425000
v 0.953250 4.192895 3.345000
v 1.803250 4.192895 3.345000
v 0.953250 5.210824 3.424999
v 1.803250 5.210824 3.424999
v 0.953250 4.192895 3.425000
v 1.803250 4.192895 3.425000
v 1.803250 5.210824 3.345000
v 0.953250 5.210824 3.345000
v 1.803250 4.192895 3.345000
v 0.953250 4.192895 3.345000
vn 1.0000 -0.0000 -0.0000
vn -1.0000 -0.0000 -0.0000
vn -0.0000 1.0000 -0.0000
vn -0.0000 -1.0000 -0.0000
vn -0.0000 -0.0000 1.0000
vn -0.0000 -0.0000 -1.0000
vt 0.873673 0.428182
vt 0.873673 0.419328
vt 0.874369 0.428182
vt 0.874369 0.419328
vt 0.874369 0.453229
vt 0.874369 0.462083
vt 0.873673 0.453229
vt 0.873673 0.462083
vt 0.270641 0.935890
vt 0.269945 0.935890
vt 0.270641 0.928497
vt 0.269945 0.928497
vt 0.295688 0.928497
vt 0.296383 0.928497
vt 0.295688 0.935890
vt 0.296383 0.935890
vt 0.786903 0.055278
vt 0.786903 0.046424
vt 0.794296 0.055278
vt 0.794296 0.046424
vt 0.786903 0.089178
vt 0.786903 0.080324
vt 0.794296 0.089178
vt 0.794296 0.080324
s 0
usemtl building_near_b
f 2305/2305/521 2307/2306/521 2306/2307/521
f 2307/2306/521 2308/2308/521 2306/2307/521
f 2309/2309/522 2311/2310/522 2310/2311/522
f 2311/2310/522 2312/2312/522 2310/2311/522
f 2313/2313/523 2315/2314/523 2314/2315/523
f 2315/2314/523 2316/2316/523 2314/2315/523
f 2317/2317/524 2319/2318/524 2318/2319/524
f 2319/2318/524 2320/2320/524 2318/2319/524
f 2321/2321/525 2323/2322/525 2322/2323/525
f 2323/2322/525 2324/2324/525 2322/2323/525
f 2325/2325/526 2327/2326/526 2326/2327/526
f 2327/2326/526 2328/2328/526 2326/2327/526
o win_c_zp_4
v 3.181500 5.210824 3.424999
v 3.181500 5.210824 3.345000
v 3.181500 4.192895 3.425000
v 3.181500 4.192895 3.345000
v 2.331500 5.210824 3.345000
v 2.331500 5.210824 3.424999
v 2.331500 4.192895 3.345000
v 2.331500 4.192895 3.425000
v 2.331500 5.210824 3.345000
v 3.181500 5.210824 3.345000
v 2.331500 5.210824 3.424999
v 3.181500 5.210824 3.424999
v 2.331500 4.192895 3.425000
v 3.181500 4.192895 3.425000
v 2.331500 4.192895 3.345000
v 3.181500 4.192895 3.345000
v 2.331500 5.210824 3.424999
v 3.181500 5.210824 3.424999
v 2.331500 4.192895 3.425000
v 3.181500 4.192895 3.425000
v 3.181500 5.210824 3.345000
v 2.331500 5.210824 3.345000
v 3.181500 4.192895 3.345000
v 2.331500 4.192895 3.345000
vn 1.0000 -0.0000 -0.0000
vn -1.0000 -0.0000 -0.0000
vn -0.0000 1.0000 -0.0000
vn -0.0000 -1.0000 -0.0000
vn -0.0000 -0.0000 1.0000
vn -0.0000 -0.0000 -1.0000
vt 0.873673 0.495983
vt 0.873673 0.487129
vt 0.874369 0.495983
vt 0.874369 0.487129
vt 0.874369 0.521029
vt 0.874369 0.529884
vt 0.873673 0.521029
vt 0.873673 0.529884
vt 0.888454 0.935890
vt 0.887758 0.935890
vt 0.888454 0.928497
vt 0.887758 0.928497
vt 0.913501 0.928497
vt 0.914197 0.928497
vt 0.913501 0.935890
vt 0.914197 0.935890
vt 0.786903 0.123078
vt 0.786903 0.114224
vt 0.794296 0.123078
vt 0.794296 0.114224
vt 0.786903 0.156979
vt 0.786903 0.148125
vt 0.794296 0.156979
vt 0.794296 0.148125
s 0
usemtl building_near_b
f 2329/2329/527 2331/2330/527 2330/2331/527
f 2331/2330/527 2332/2332/527 2330/2331/527
f 2333/2333/528 2335/2334/528 2334/2335/528
f 2335/2334/528 2336/2336/528 2334/2335/528
f 2337/2337/529 2339/2338/529 2338/2339/529
f 2339/2338/529 2340/2340/529 2338/2339/529
f 2341/2341/530 2343/2342/530 2342/2343/530
f 2343/2342/530 2344/2344/530 2342/2343/530
f 2345/2345/531 2347/2346/531 2346/2347/531
f 2347/2346/531 2348/2348/531 2346/2347/531
f 2349/2349/532 2351/2350/532 2350/2351/532
f 2351/2350/532 2352/2352/532 2350/2351/532
