# Blender 4.2.23 LTS
# www.blender.org
mtllib clock_tower.mtl
o base
v -2.650000 0.039466 -2.810000
v -2.650000 0.503200 2.810000
v -2.650000 0.503200 -2.810000
v -2.650000 0.039466 -2.810000
v -2.650000 0.039467 2.810000
v -2.650000 0.503200 2.810000
v 2.650000 0.039466 -2.810000
v 2.650000 0.503200 -2.810000
v 2.650000 0.503200 2.810000
v 2.650000 0.039466 -2.810000
v 2.650000 0.503200 2.810000
v 2.650000 0.039467 2.810000
v -2.610000 -0.000000 -2.810000
v 2.610000 -0.000000 -2.810000
v 2.610000 0.000000 2.810000
v -2.610000 -0.000000 -2.810000
v 2.610000 0.000000 2.810000
v -2.610000 0.000000 2.810000
v -2.610000 0.542666 -2.810000
v 2.610000 0.542667 2.810000
v 2.610000 0.542666 -2.810000
v -2.610000 0.542666 -2.810000
v -2.610000 0.542667 2.810000
v 2.610000 0.542667 2.810000
v -2.610000 0.039466 -2.850000
v 2.610000 0.503200 -2.850000
v 2.610000 0.039466 -2.850000
v -2.610000 0.039466 -2.850000
v -2.610000 0.503200 -2.850000
v 2.610000 0.503200 -2.850000
v -2.610000 0.039467 2.850000
v 2.610000 0.039467 2.850000
v 2.610000 0.503200 2.850000
v -2.610000 0.039467 2.850000
v 2.610000 0.503200 2.850000
v -2.610000 0.503200 2.850000
v -2.650000 0.039466 -2.810000
v -2.610000 -0.000000 -2.810000
v -2.610000 0.000000 2.810000
v -2.650000 0.039466 -2.810000
v -2.610000 0.000000 2.810000
v -2.650000 0.039467 2.810000
v -2.650000 0.503200 -2.810000
v -2.610000 0.542667 2.810000
v -2.610000 0.542666 -2.810000
v -2.650000 0.503200 -2.810000
v -2.650000 0.503200 2.810000
v -2.610000 0.542667 2.810000
v 2.650000 0.039466 -2.810000
v 2.610000 0.000000 2.810000
v 2.610000 -0.000000 -2.810000
v 2.650000 0.039466 -2.810000
v 2.650000 0.039467 2.810000
v 2.610000 0.000000 2.810000
v 2.650000 0.503200 -2.810000
v 2.610000 0.542666 -2.810000
v 2.610000 0.542667 2.810000
v 2.650000 0.503200 -2.810000
v 2.610000 0.542667 2.810000
v 2.650000 0.503200 2.810000
v -2.650000 0.039466 -2.810000
v -2.610000 0.503200 -2.850000
v -2.610000 0.039466 -2.850000
v -2.650000 0.039466 -2.810000
v -2.650000 0.503200 -2.810000
v -2.610000 0.503200 -2.850000
v -2.650000 0.039467 2.810000
v -2.610000 0.039467 2.850000
v -2.610000 0.503200 2.850000
v -2.650000 0.039467 2.810000
v -2.610000 0.503200 2.850000
v -2.650000 0.503200 2.810000
v 2.650000 0.039466 -2.810000
v 2.610000 0.039466 -2.850000
v 2.610000 0.503200 -2.850000
v 2.650000 0.039466 -2.810000
v 2.610000 0.503200 -2.850000
v 2.650000 0.503200 -2.810000
v 2.650000 0.039467 2.810000
v 2.610000 0.503200 2.850000
v 2.610000 0.039467 2.850000
v 2.650000 0.039467 2.810000
v 2.650000 0.503200 2.810000
v 2.610000 0.503200 2.850000
v -2.610000 -0.000000 -2.810000
v -2.610000 0.039466 -2.850000
v 2.610000 0.039466 -2.850000
v -2.610000 -0.000000 -2.810000
v 2.610000 0.039466 -2.850000
v 2.610000 -0.000000 -2.810000
v -2.610000 0.000000 2.810000
v 2.610000 0.039467 2.850000
v -2.610000 0.039467 2.850000
v -2.610000 0.000000 2.810000
v 2.610000 0.000000 2.810000
v 2.610000 0.039467 2.850000
v -2.610000 0.542666 -2.810000
v 2.610000 0.503200 -2.850000
v -2.610000 0.503200 -2.850000
v -2.610000 0.542666 -2.810000
v 2.610000 0.542666 -2.810000
v 2.610000 0.503200 -2.850000
v -2.610000 0.542667 2.810000
v -2.610000 0.503200 2.850000
v 2.610000 0.503200 2.850000
v -2.610000 0.542667 2.810000
v 2.610000 0.503200 2.850000
v 2.610000 0.542667 2.810000
v -2.650000 0.039466 -2.810000
v -2.610000 0.039466 -2.850000
v -2.610000 -0.000000 -2.810000
v -2.650000 0.039467 2.810000
v -2.610000 0.000000 2.810000
v -2.610000 0.039467 2.850000
v -2.650000 0.503200 -2.810000
v -2.610000 0.542666 -2.810000
v -2.610000 0.503200 -2.850000
v -2.650000 0.503200 2.810000
v -2.610000 0.503200 2.850000
v -2.610000 0.542667 2.810000
v 2.650000 0.039466 -2.810000
v 2.610000 -0.000000 -2.810000
v 2.610000 0.039466 -2.850000
v 2.650000 0.039467 2.810000
v 2.610000 0.039467 2.850000
v 2.610000 0.000000 2.810000
v 2.650000 0.503200 -2.810000
v 2.610000 0.503200 -2.850000
v 2.610000 0.542666 -2.810000
v 2.650000 0.503200 2.810000
v 2.610000 0.542667 2.810000
v 2.610000 0.503200 2.850000
vn -1.0000 -0.0000 -0.0000
vn 1.0000 -0.0000 -0.0000
vn -0.0000 -1.0000 -0.0000
vn -0.0000 1.0000 -0.0000
vn -0.0000 -0.0000 -1.0000
vn -0.0000 -0.0000 1.0000
vn -0.7023 -0.7118 -0.0000
vn -0.7023 0.7118 -0.0000
vn 0.7023 -0.7118 -0.0000
vn 0.7023 0.7118 -0.0000
vn -0.7071 -0.0000 -0.7071
vn -0.7071 -0.0000 0.7071
vn 0.7071 -0.0000 -0.7071
vn 0.7071 -0.0000 0.7071
vn -0.0000 -0.7118 -0.7023
vn -0.0000 -0.7118 0.7023
vn -0.0000 0.7118 -0.7023
vn -0.0000 0.7118 0.7023
vn -0.5747 -0.5825 -0.5748
vn -0.5747 -0.5825 0.5748
vn -0.5747 0.5825 -0.5748
vn -0.5747 0.5825 0.5747
vn 0.5747 -0.5825 -0.5748
vn 0.5747 -0.5825 0.5748
vn 0.5747 0.5825 -0.5748
vn 0.5747 0.5825 0.5747
vt 0.544901 0.206610
vt 0.550182 0.142608
vt 0.550182 0.206610
vt 0.544901 0.296926
vt 0.544901 0.232924
vt 0.550182 0.232924
vt 0.627050 0.230242
vt 0.621805 0.229630
vt 0.627050 0.184678
vt 0.621805 0.302119
vt 0.621805 0.256555
vt 0.627050 0.257168
vt 0.126606 0.100508
vt 0.083049 0.060051
vt 0.126606 0.013157
vt 0.072604 0.289903
vt 0.013157 0.225900
vt 0.072604 0.225900
vt 0.098918 0.289903
vt 0.158365 0.225900
vt 0.158365 0.289903
vt 0.234694 0.077159
vt 0.234694 0.013157
vt 0.294141 0.013157
vt 0.371216 0.734466
vt 0.365935 0.692430
vt 0.371216 0.692430
vt 0.339621 0.734466
vt 0.334340 0.734466
vt 0.334340 0.692430
vt 0.402811 0.692430
vt 0.402811 0.734466
vt 0.397530 0.734466
vt 0.434406 0.692430
vt 0.429124 0.734466
vt 0.429124 0.692430
vt 0.013612 0.666116
vt 0.013157 0.666116
vt 0.013157 0.602114
vt 0.067151 0.666116
vt 0.066695 0.602114
vt 0.067151 0.602114
vt 0.093465 0.666116
vt 0.093920 0.602114
vt 0.093920 0.666116
vt 0.120234 0.666116
vt 0.120234 0.602114
vt 0.120690 0.602114
vt 0.147003 0.666116
vt 0.147459 0.602114
vt 0.147459 0.666116
vt 0.173773 0.666116
vt 0.173773 0.602114
vt 0.174228 0.602114
vt 0.040382 0.666116
vt 0.039926 0.666116
vt 0.039926 0.602114
vt 0.200997 0.666116
vt 0.200542 0.602114
vt 0.200997 0.602114
vt 0.366550 0.953621
vt 0.366550 0.958922
vt 0.366096 0.953661
vt 0.392864 0.953621
vt 0.393318 0.958883
vt 0.392864 0.958922
vt 0.420085 0.958922
vt 0.419632 0.958883
vt 0.420085 0.953621
vt 0.446399 0.958922
vt 0.446399 0.953622
vt 0.446853 0.953661
vt 0.258909 0.958903
vt 0.258264 0.958903
vt 0.258264 0.953621
vt 0.285222 0.953622
vt 0.285867 0.958903
vt 0.285222 0.958903
vt 0.312824 0.953622
vt 0.312180 0.958903
vt 0.312180 0.953622
vt 0.339138 0.958903
vt 0.339138 0.953621
vt 0.339783 0.953621
vt 0.441921 0.661561
vt 0.441466 0.661561
vt 0.441466 0.602114
vt 0.548543 0.602114
vt 0.548998 0.661561
vt 0.548543 0.661561
vt 0.468690 0.602114
vt 0.468235 0.661561
vt 0.468235 0.602114
vt 0.575312 0.661561
vt 0.575312 0.602114
vt 0.575768 0.602114
vt 0.622260 0.013157
vt 0.621805 0.072604
vt 0.621805 0.013157
vt 0.495004 0.661561
vt 0.495004 0.602114
vt 0.495460 0.602114
vt 0.622260 0.158365
vt 0.621805 0.158365
vt 0.621805 0.098918
vt 0.521774 0.602114
vt 0.522229 0.661561
vt 0.521774 0.661561
vt 0.495526 0.986199
vt 0.495981 0.986654
vt 0.495526 0.986654
vt 0.522295 0.986654
vt 0.522295 0.986199
vt 0.522751 0.986199
vt 0.549065 0.986655
vt 0.549065 0.986199
vt 0.549520 0.986199
vt 0.575834 0.986199
vt 0.576289 0.986654
vt 0.575834 0.986654
vt 0.228083 0.986199
vt 0.228083 0.986752
vt 0.227559 0.986574
vt 0.254920 0.986752
vt 0.254397 0.986377
vt 0.254920 0.986199
vt 0.281758 0.986377
vt 0.281234 0.986752
vt 0.281234 0.986199
vt 0.308595 0.986574
vt 0.308072 0.986752
vt 0.308072 0.986199
s 0
usemtl clock_tower
f 1/1/1 2/2/1 3/3/1
f 4/4/1 5/5/1 6/6/1
f 7/7/2 8/8/2 9/9/2
f 10/10/2 11/11/2 12/12/2
f 13/13/3 14/14/3 15/15/3
f 16/16/3 17/17/3 18/18/3
f 19/19/4 20/20/4 21/21/4
f 22/22/4 23/23/4 24/24/4
f 25/25/5 26/26/5 27/27/5
f 28/28/5 29/29/5 30/30/5
f 31/31/6 32/32/6 33/33/6
f 34/34/6 35/35/6 36/36/6
f 37/37/7 38/38/7 39/39/7
f 40/40/7 41/41/7 42/42/7
f 43/43/8 44/44/8 45/45/8
f 46/46/8 47/47/8 48/48/8
f 49/49/9 50/50/9 51/51/9
f 52/52/9 53/53/9 54/54/9
f 55/55/10 56/56/10 57/57/10
f 58/58/10 59/59/10 60/60/10
f 61/61/11 62/62/11 63/63/11
f 64/64/11 65/65/11 66/66/11
f 67/67/12 68/68/12 69/69/12
f 70/70/12 71/71/12 72/72/12
f 73/73/13 74/74/13 75/75/13
f 76/76/13 77/77/13 78/78/13
f 79/79/14 80/80/14 81/81/14
f 82/82/14 83/83/14 84/84/14
f 85/85/15 86/86/15 87/87/15
f 88/88/15 89/89/15 90/90/15
f 91/91/16 92/92/16 93/93/16
f 94/94/16 95/95/16 96/96/16
f 97/97/17 98/98/17 99/99/17
f 100/100/17 101/101/17 102/102/17
f 103/103/18 104/104/18 105/105/18
f 106/106/18 107/107/18 108/108/18
f 109/109/19 110/110/19 111/111/19
f 112/112/20 113/113/20 114/114/20
f 115/115/21 116/116/21 117/117/21
f 118/118/22 119/119/22 120/120/22
f 121/121/23 122/122/23 123/123/23
f 124/124/24 125/125/24 126/126/24
f 127/127/25 128/128/25 129/129/25
f 130/130/26 131/131/26 132/132/26
o belt_course
v -2.425000 3.275733 -2.570000
v -2.425000 3.433600 2.570000
v -2.425000 3.433600 -2.570000
v -2.425000 3.275733 -2.570000
v -2.425000 3.275733 2.570000
v -2.425000 3.433600 2.570000
v 2.425000 3.275733 -2.570000
v 2.425000 3.433600 -2.570000
v 2.425000 3.433600 2.570000
v 2.425000 3.275733 -2.570000
v 2.425000 3.433600 2.570000
v 2.425000 3.275733 2.570000
v -2.395000 3.246133 -2.570000
v 2.395000 3.246133 -2.570000
v 2.395000 3.246134 2.570000
v -2.395000 3.246133 -2.570000
v 2.395000 3.246134 2.570000
v -2.395000 3.246134 2.570000
v -2.395000 3.463200 -2.570000
v 2.395000 3.463200 2.570000
v 2.395000 3.463200 -2.570000
v -2.395000 3.463200 -2.570000
v -2.395000 3.463200 2.570000
v 2.395000 3.463200 2.570000
v -2.395000 3.275733 -2.600000
v 2.395000 3.433600 -2.600000
v 2.395000 3.275733 -2.600000
v -2.395000 3.275733 -2.600000
v -2.395000 3.433600 -2.600000
v 2.395000 3.433600 -2.600000
v -2.395000 3.275733 2.600000
v 2.395000 3.275733 2.600000
v 2.395000 3.433600 2.600000
v -2.395000 3.275733 2.600000
v 2.395000 3.433600 2.600000
v -2.395000 3.433600 2.600000
v -2.425000 3.275733 -2.570000
v -2.395000 3.246133 -2.570000
v -2.395000 3.246134 2.570000
v -2.425000 3.275733 -2.570000
v -2.395000 3.246134 2.570000
v -2.425000 3.275733 2.570000
v -2.425000 3.433600 -2.570000
v -2.395000 3.463200 2.570000
v -2.395000 3.463200 -2.570000
v -2.425000 3.433600 -2.570000
v -2.425000 3.433600 2.570000
v -2.395000 3.463200 2.570000
v 2.425000 3.275733 -2.570000
v 2.395000 3.246134 2.570000
v 2.395000 3.246133 -2.570000
v 2.425000 3.275733 -2.570000
v 2.425000 3.275733 2.570000
v 2.395000 3.246134 2.570000
v 2.425000 3.433600 -2.570000
v 2.395000 3.463200 -2.570000
v 2.395000 3.463200 2.570000
v 2.425000 3.433600 -2.570000
v 2.395000 3.463200 2.570000
v 2.425000 3.433600 2.570000
v -2.425000 3.275733 -2.570000
v -2.395000 3.433600 -2.600000
v -2.395000 3.275733 -2.600000
v -2.425000 3.275733 -2.570000
v -2.425000 3.433600 -2.570000
v -2.395000 3.433600 -2.600000
v -2.425000 3.275733 2.570000
v -2.395000 3.275733 2.600000
v -2.395000 3.433600 2.600000
v -2.425000 3.275733 2.570000
v -2.395000 3.433600 2.600000
v -2.425000 3.433600 2.570000
v 2.425000 3.275733 -2.570000
v 2.395000 3.275733 -2.600000
v 2.395000 3.433600 -2.600000
v 2.425000 3.275733 -2.570000
v 2.395000 3.433600 -2.600000
v 2.425000 3.433600 -2.570000
v 2.425000 3.275733 2.570000
v 2.395000 3.433600 2.600000
v 2.395000 3.275733 2.600000
v 2.425000 3.275733 2.570000
v 2.425000 3.433600 2.570000
v 2.395000 3.433600 2.600000
v -2.395000 3.246133 -2.570000
v -2.395000 3.275733 -2.600000
v 2.395000 3.275733 -2.600000
v -2.395000 3.246133 -2.570000
v 2.395000 3.275733 -2.600000
v 2.395000 3.246133 -2.570000
v -2.395000 3.246134 2.570000
v 2.395000 3.275733 2.600000
v -2.395000 3.275733 2.600000
v -2.395000 3.246134 2.570000
v 2.395000 3.246134 2.570000
v 2.395000 3.275733 2.600000
v -2.395000 3.463200 -2.570000
v 2.395000 3.433600 -2.600000
v -2.395000 3.433600 -2.600000
v -2.395000 3.463200 -2.570000
v 2.395000 3.463200 -2.570000
v 2.395000 3.433600 -2.600000
v -2.395000 3.463200 2.570000
v -2.395000 3.433600 2.600000
v 2.395000 3.433600 2.600000
v -2.395000 3.463200 2.570000
v 2.395000 3.433600 2.600000
v 2.395000 3.463200 2.570000
v -2.425000 3.275733 -2.570000
v -2.395000 3.275733 -2.600000
v -2.395000 3.246133 -2.570000
v -2.425000 3.275733 2.570000
v -2.395000 3.246134 2.570000
v -2.395000 3.275733 2.600000
v -2.425000 3.433600 -2.570000
v -2.395000 3.463200 -2.570000
v -2.395000 3.433600 -2.600000
v -2.425000 3.433600 2.570000
v -2.395000 3.433600 2.600000
v -2.395000 3.463200 2.570000
v 2.425000 3.275733 -2.570000
v 2.395000 3.246133 -2.570000
v 2.395000 3.275733 -2.600000
v 2.425000 3.275733 2.570000
v 2.395000 3.275733 2.600000
v 2.395000 3.246134 2.570000
v 2.425000 3.433600 -2.570000
v 2.395000 3.433600 -2.600000
v 2.395000 3.463200 -2.570000
v 2.425000 3.433600 2.570000
v 2.395000 3.463200 2.570000
v 2.395000 3.433600 2.600000
vn -1.0000 -0.0000 -0.0000
vn 1.0000 -0.0000 -0.0000
vn -0.0000 -1.0000 -0.0000
vn -0.0000 1.0000 -0.0000
vn -0.0000 -0.0000 -1.0000
vn -0.0000 -0.0000 1.0000
vn -0.7023 -0.7118 -0.0000
vn -0.7024 0.7118 -0.0000
vn -0.7023 0.7118 -0.0000
vn 0.7023 -0.7118 -0.0000
vn 0.7024 0.7118 -0.0000
vn 0.7023 0.7118 -0.0000
vn -0.7071 -0.0000 -0.7071
vn -0.7071 -0.0000 0.7071
vn 0.7071 -0.0000 -0.7071
vn 0.7071 -0.0000 0.7071
vn -0.0000 -0.7118 -0.7023
vn -0.0000 -0.7118 0.7023
vn -0.0000 0.7118 -0.7023
vn -0.0000 0.7118 0.7023
vn -0.5748 -0.5825 -0.5747
vn -0.5748 -0.5825 0.5747
vn -0.5748 0.5825 -0.5747
vn -0.5748 0.5825 0.5747
vn 0.5748 -0.5825 -0.5747
vn 0.5748 -0.5825 0.5747
vn 0.5748 0.5825 -0.5747
vn 0.5748 0.5825 0.5747
vt 0.762642 0.323152
vt 0.762642 0.281722
vt 0.764438 0.323074
vt 0.764438 0.458640
vt 0.762642 0.417287
vt 0.764438 0.417209
vt 0.764438 0.526383
vt 0.762642 0.526305
vt 0.764438 0.484953
vt 0.762642 0.390896
vt 0.762642 0.349466
vt 0.764438 0.349544
vt 0.360362 0.189937
vt 0.320455 0.152747
vt 0.360362 0.109923
vt 0.452794 0.388462
vt 0.398244 0.329926
vt 0.452794 0.329926
vt 0.013157 0.485171
vt 0.067707 0.426635
vt 0.067707 0.485171
vt 0.094021 0.485171
vt 0.094021 0.426635
vt 0.148571 0.426635
vt 0.764440 0.656198
vt 0.762642 0.617626
vt 0.764440 0.617626
vt 0.764438 0.591312
vt 0.762642 0.591228
vt 0.764438 0.552697
vt 0.764440 0.682512
vt 0.764440 0.721085
vt 0.762642 0.721085
vt 0.014955 0.776483
vt 0.013157 0.815055
vt 0.013157 0.776483
vt 0.622147 0.386968
vt 0.621805 0.386968
vt 0.621805 0.328433
vt 0.622146 0.556668
vt 0.621805 0.498132
vt 0.622146 0.498132
vt 0.621805 0.641517
vt 0.622146 0.582982
vt 0.622146 0.641517
vt 0.653364 0.071693
vt 0.653364 0.013157
vt 0.653706 0.013157
vt 0.653364 0.156542
vt 0.653706 0.098007
vt 0.653706 0.156542
vt 0.653364 0.241392
vt 0.653364 0.182856
vt 0.653706 0.182856
vt 0.622147 0.471818
vt 0.621805 0.471818
vt 0.621805 0.413282
vt 0.653706 0.326242
vt 0.653364 0.267706
vt 0.653706 0.267706
vt 0.967993 0.097148
vt 0.967510 0.098946
vt 0.967510 0.097148
vt 0.967510 0.127058
vt 0.967510 0.125260
vt 0.967993 0.125260
vt 0.967993 0.155169
vt 0.967510 0.155169
vt 0.967510 0.153372
vt 0.967510 0.181483
vt 0.967993 0.183281
vt 0.967510 0.183281
vt 0.967993 0.211393
vt 0.967510 0.211393
vt 0.967510 0.209595
vt 0.967510 0.237706
vt 0.967993 0.239504
vt 0.967510 0.239504
vt 0.967993 0.265818
vt 0.967510 0.267616
vt 0.967510 0.265818
vt 0.967510 0.295727
vt 0.967510 0.293930
vt 0.967993 0.293930
vt 0.674874 0.692430
vt 0.675215 0.692432
vt 0.674874 0.746981
vt 0.707244 0.013157
vt 0.707244 0.067708
vt 0.706903 0.067706
vt 0.706903 0.148573
vt 0.706903 0.094022
vt 0.707244 0.148571
vt 0.707244 0.229438
vt 0.706903 0.174889
vt 0.707244 0.174886
vt 0.707244 0.255751
vt 0.707244 0.310302
vt 0.706903 0.255753
vt 0.706903 0.336616
vt 0.707244 0.391165
vt 0.706903 0.391167
vt 0.707244 0.472032
vt 0.706903 0.472030
vt 0.707244 0.417481
vt 0.706903 0.552897
vt 0.706903 0.498346
vt 0.707244 0.498348
vt 0.762733 0.986199
vt 0.763126 0.986480
vt 0.762733 0.986614
vt 0.789439 0.986614
vt 0.789439 0.986199
vt 0.789832 0.986332
vt 0.656130 0.986199
vt 0.656467 0.986440
vt 0.656130 0.986682
vt 0.682780 0.986682
vt 0.682780 0.986199
vt 0.683117 0.986440
vt 0.816539 0.986199
vt 0.816539 0.986614
vt 0.816146 0.986480
vt 0.843245 0.986614
vt 0.842852 0.986332
vt 0.843245 0.986199
vt 0.709768 0.986199
vt 0.709768 0.986682
vt 0.709431 0.986440
vt 0.736419 0.986682
vt 0.736082 0.986440
vt 0.736419 0.986199
s 0
usemtl clock_tower
f 133/133/27 134/134/27 135/135/27
f 136/136/27 137/137/27 138/138/27
f 139/139/28 140/140/28 141/141/28
f 142/142/28 143/143/28 144/144/28
f 145/145/29 146/146/29 147/147/29
f 148/148/29 149/149/29 150/150/29
f 151/151/30 152/152/30 153/153/30
f 154/154/30 155/155/30 156/156/30
f 157/157/31 158/158/31 159/159/31
f 160/160/31 161/161/31 162/162/31
f 163/163/32 164/164/32 165/165/32
f 166/166/32 167/167/32 168/168/32
f 169/169/33 170/170/33 171/171/33
f 172/172/33 173/173/33 174/174/33
f 175/175/34 176/176/34 177/177/34
f 178/178/35 179/179/35 180/180/35
f 181/181/36 182/182/36 183/183/36
f 184/184/36 185/185/36 186/186/36
f 187/187/37 188/188/37 189/189/37
f 190/190/38 191/191/38 192/192/38
f 193/193/39 194/194/39 195/195/39
f 196/196/39 197/197/39 198/198/39
f 199/199/40 200/200/40 201/201/40
f 202/202/40 203/203/40 204/204/40
f 205/205/41 206/206/41 207/207/41
f 208/208/41 209/209/41 210/210/41
f 211/211/42 212/212/42 213/213/42
f 214/214/42 215/215/42 216/216/42
f 217/217/43 218/218/43 219/219/43
f 220/220/43 221/221/43 222/222/43
f 223/223/44 224/224/44 225/225/44
f 226/226/44 227/227/44 228/228/44
f 229/229/45 230/230/45 231/231/45
f 232/232/45 233/233/45 234/234/45
f 235/235/46 236/236/46 237/237/46
f 238/238/46 239/239/46 240/240/46
f 241/241/47 242/242/47 243/243/47
f 244/244/48 245/245/48 246/246/48
f 247/247/49 248/248/49 249/249/49
f 250/250/50 251/251/50 252/252/50
f 253/253/51 254/254/51 255/255/51
f 256/256/52 257/257/52 258/258/52
f 259/259/53 260/260/53 261/261/53
f 262/262/54 263/263/54 264/264/54
o clock_face_back
v 0.000000 6.985600 -2.570000
v 0.284296 7.030028 -2.570000
v 0.540762 7.158962 -2.570000
v 0.744296 7.359781 -2.570000
v 0.874972 7.612828 -2.570000
v 0.920000 7.893333 -2.570000
v 0.874972 8.173839 -2.570001
v 0.744296 8.426885 -2.570001
v 0.540762 8.627706 -2.570001
v 0.284296 8.756639 -2.570001
v 0.000000 8.801066 -2.570001
v -0.284296 8.756639 -2.570001
v -0.540762 8.627706 -2.570001
v -0.744296 8.426885 -2.570001
v -0.874972 8.173839 -2.570001
v -0.920000 7.893333 -2.570000
v -0.874972 7.612828 -2.570000
v -0.744296 7.359781 -2.570000
v -0.540762 7.158962 -2.570000
v -0.284296 7.030028 -2.570000
v -0.000000 6.985600 -2.570000
v 0.000000 6.985600 -2.690001
v 0.284296 7.030028 -2.690001
v 0.540762 7.158962 -2.690001
v 0.744296 7.359781 -2.690001
v 0.874972 7.612828 -2.690001
v 0.920000 7.893333 -2.690001
v 0.874972 8.173839 -2.690001
v 0.744296 8.426885 -2.690001
v 0.540762 8.627706 -2.690001
v 0.284296 8.756639 -2.690001
v 0.000000 8.801066 -2.690001
v -0.284296 8.756639 -2.690001
v -0.540762 8.627706 -2.690001
v -0.744296 8.426885 -2.690001
v -0.874972 8.173839 -2.690001
v -0.920000 7.893333 -2.690001
v -0.874972 7.612828 -2.690001
v -0.744296 7.359781 -2.690001
v -0.540762 7.158962 -2.690001
v -0.284296 7.030028 -2.690001
v -0.000000 6.985600 -2.690001
v 0.000000 7.893333 -2.570000
v 0.000000 7.893333 -2.570000
v 0.000000 7.893333 -2.570000
v 0.000000 7.893333 -2.570000
v 0.000000 7.893333 -2.570000
v 0.000000 7.893333 -2.570000
v 0.000000 7.893333 -2.570000
v 0.000000 7.893333 -2.570000
v 0.000000 7.893333 -2.570000
v 0.000000 7.893333 -2.570000
v 0.000000 7.893333 -2.570000
v 0.000000 7.893333 -2.570000
v 0.000000 7.893333 -2.570000
v 0.000000 7.893333 -2.570000
v 0.000000 7.893333 -2.570000
v 0.000000 7.893333 -2.570000
v 0.000000 7.893333 -2.570000
v 0.000000 7.893333 -2.570000
v 0.000000 7.893333 -2.570000
v 0.000000 7.893333 -2.570000
v 0.000000 6.985600 -2.570000
v 0.284296 7.030028 -2.570000
v 0.540762 7.158962 -2.570000
v 0.744296 7.359781 -2.570000
v 0.874972 7.612828 -2.570000
v 0.920000 7.893333 -2.570000
v 0.874972 8.173839 -2.570001
v 0.744296 8.426885 -2.570001
v 0.540762 8.627706 -2.570001
v 0.284296 8.756639 -2.570001
v 0.000000 8.801066 -2.570001
v -0.284296 8.756639 -2.570001
v -0.540762 8.627706 -2.570001
v -0.744296 8.426885 -2.570001
v -0.874972 8.173839 -2.570001
v -0.920000 7.893333 -2.570000
v -0.874972 7.612828 -2.570000
v -0.744296 7.359781 -2.570000
v -0.540762 7.158962 -2.570000
v -0.284296 7.030028 -2.570000
v -0.000000 6.985600 -2.570000
v 0.000000 7.893333 -2.690001
v 0.000000 7.893333 -2.690001
v 0.000000 7.893333 -2.690001
v 0.000000 7.893333 -2.690001
v 0.000000 7.893333 -2.690001
v 0.000000 7.893333 -2.690001
v 0.000000 7.893333 -2.690001
v 0.000000 7.893333 -2.690001
v 0.000000 7.893333 -2.690001
v 0.000000 7.893333 -2.690001
v 0.000000 7.893333 -2.690001
v 0.000000 7.893333 -2.690001
v 0.000000 7.893333 -2.690001
v 0.000000 7.893333 -2.690001
v 0.000000 7.893333 -2.690001
v 0.000000 7.893333 -2.690001
v 0.000000 7.893333 -2.690001
v 0.000000 7.893333 -2.690001
v 0.000000 7.893333 -2.690001
v 0.000000 7.893333 -2.690001
v 0.000000 6.985600 -2.690001
v 0.284296 7.030028 -2.690001
v 0.540762 7.158962 -2.690001
v 0.744296 7.359781 -2.690001
v 0.874972 7.612828 -2.690001
v 0.920000 7.893333 -2.690001
v 0.874972 8.173839 -2.690001
v 0.744296 8.426885 -2.690001
v 0.540762 8.627706 -2.690001
v 0.284296 8.756639 -2.690001
v 0.000000 8.801066 -2.690001
v -0.284296 8.756639 -2.690001
v -0.540762 8.627706 -2.690001
v -0.744296 8.426885 -2.690001
v -0.874972 8.173839 -2.690001
v -0.920000 7.893333 -2.690001
v -0.874972 7.612828 -2.690001
v -0.744296 7.359781 -2.690001
v -0.540762 7.158962 -2.690001
v -0.284296 7.030028 -2.690001
v -0.000000 6.985600 -2.690001
vn -0.0000 -1.0000 -0.0000
vn 0.3052 -0.9523 -0.0000
vn 0.3053 -0.9523 -0.0000
vn 0.5826 -0.8128 -0.0000
vn 0.5826 -0.8127 -0.0000
vn 0.8052 -0.5930 -0.0000
vn 0.8053 -0.5929 -0.0000
vn 0.9498 -0.3128 -0.0000
vn 0.9498 -0.3127 -0.0000
vn 1.0000 -0.0001 -0.0000
vn 1.0000 0.0001 -0.0000
vn 0.9498 0.3127 -0.0000
vn 0.9498 0.3128 -0.0000
vn 0.8053 0.5929 -0.0000
vn 0.8052 0.5930 -0.0000
vn 0.5826 0.8127 -0.0000
vn 0.5826 0.8128 -0.0000
vn 0.3053 0.9523 -0.0000
vn 0.3052 0.9523 -0.0000
vn -0.0000 1.0000 -0.0000
vn -0.3052 0.9523 -0.0000
vn -0.3053 0.9523 -0.0000
vn -0.5826 0.8128 -0.0000
vn -0.5826 0.8127 -0.0000
vn -0.8052 0.5930 -0.0000
vn -0.8053 0.5929 -0.0000
vn -0.9498 0.3128 -0.0000
vn -0.9498 0.3127 -0.0000
vn -1.0000 0.0001 -0.0000
vn -1.0000 -0.0001 -0.0000
vn -0.9498 -0.3127 -0.0000
vn -0.9498 -0.3128 -0.0000
vn -0.8053 -0.5929 -0.0000
vn -0.8052 -0.5930 -0.0000
vn -0.5826 -0.8127 -0.0000
vn -0.5826 -0.8128 -0.0000
vn -0.3053 -0.9523 -0.0000
vn -0.3052 -0.9523 -0.0000
vn -0.0000 -0.0000 1.0000
vn -0.0000 -0.0000 -1.0000
vt 0.777648 0.916703
vt 0.779014 0.916703
vt 0.777648 0.919980
vt 0.779014 0.919980
vt 0.777648 0.923093
vt 0.779014 0.923093
vt 0.777648 0.925737
vt 0.779014 0.925737
vt 0.879113 0.478503
vt 0.880480 0.478503
vt 0.879113 0.481113
vt 0.880480 0.481113
vt 0.879113 0.484186
vt 0.880480 0.484186
vt 0.879113 0.487422
vt 0.880480 0.487422
vt 0.879113 0.490502
vt 0.880480 0.490502
vt 0.879113 0.493127
vt 0.880480 0.493127
vt 0.879113 0.396251
vt 0.880480 0.396251
vt 0.879113 0.398910
vt 0.880480 0.398910
vt 0.879113 0.402030
vt 0.880480 0.402030
vt 0.879113 0.405307
vt 0.880480 0.405307
vt 0.879113 0.408420
vt 0.880480 0.408420
vt 0.879113 0.411063
vt 0.880480 0.411063
vt 0.879113 0.560379
vt 0.880480 0.560379
vt 0.879113 0.562989
vt 0.880480 0.562989
vt 0.879113 0.566062
vt 0.880480 0.566062
vt 0.879113 0.569298
vt 0.880480 0.569298
vt 0.879113 0.572379
vt 0.880480 0.572379
vt 0.879113 0.575004
vt 0.880480 0.575004
vt 0.938825 0.286974
vt 0.940192 0.286974
vt 0.938825 0.289633
vt 0.940192 0.289633
vt 0.938825 0.292753
vt 0.940192 0.292753
vt 0.604379 0.916703
vt 0.607656 0.916703
vt 0.605976 0.926917
vt 0.662619 0.879926
vt 0.665853 0.880407
vt 0.662619 0.890277
vt 0.367819 0.916703
vt 0.371076 0.916703
vt 0.369310 0.926982
vt 0.249591 0.916704
vt 0.252834 0.916704
vt 0.251101 0.927023
vt 0.879113 0.805940
vt 0.882312 0.806427
vt 0.879113 0.816404
vt 0.912509 0.463478
vt 0.909274 0.463478
vt 0.910848 0.453134
vt 0.193429 0.890390
vt 0.190231 0.889852
vt 0.193429 0.879926
vt 0.429551 0.889844
vt 0.426329 0.890312
vt 0.426329 0.879926
vt 0.695400 0.889796
vt 0.692166 0.890277
vt 0.692166 0.879926
vt 0.724947 0.890277
vt 0.721714 0.889745
vt 0.724947 0.879926
vt 0.016395 0.927041
vt 0.013157 0.926535
vt 0.016395 0.916703
vt 0.754494 0.890277
vt 0.751261 0.889796
vt 0.754494 0.879926
vt 0.547697 0.890312
vt 0.544474 0.889844
vt 0.547697 0.879926
vt 0.222941 0.889852
vt 0.219743 0.890390
vt 0.219743 0.879926
vt 0.912509 0.610113
vt 0.909274 0.610113
vt 0.910934 0.599768
vt 0.879113 0.843205
vt 0.882312 0.842718
vt 0.882312 0.853182
vt 0.131363 0.916704
vt 0.134606 0.916704
vt 0.133096 0.927023
vt 0.397389 0.916703
vt 0.400646 0.916703
vt 0.399155 0.926982
vt 0.780808 0.880407
vt 0.784041 0.879926
vt 0.784041 0.890277
vt 0.909274 0.746908
vt 0.912511 0.746402
vt 0.912511 0.756740
vt 0.909274 0.783559
vt 0.912511 0.783053
vt 0.912511 0.793391
vt 0.810355 0.880407
vt 0.813589 0.879926
vt 0.813589 0.890277
vt 0.426959 0.916703
vt 0.430216 0.916703
vt 0.428726 0.926982
vt 0.160920 0.916704
vt 0.164163 0.916704
vt 0.162653 0.927023
vt 0.013157 0.880413
vt 0.016355 0.879926
vt 0.016355 0.890390
vt 0.912509 0.646771
vt 0.909274 0.646771
vt 0.910934 0.636426
vt 0.252454 0.889852
vt 0.249255 0.890390
vt 0.249255 0.879926
vt 0.577233 0.890312
vt 0.574010 0.889844
vt 0.577233 0.879926
vt 0.843136 0.890277
vt 0.839902 0.889796
vt 0.843136 0.879926
vt 0.045946 0.927041
vt 0.042708 0.926535
vt 0.045946 0.916703
vt 0.872683 0.890277
vt 0.869449 0.889745
vt 0.872683 0.879926
vt 0.912507 0.023027
vt 0.909274 0.023508
vt 0.909274 0.013157
vt 0.459088 0.889844
vt 0.455865 0.890312
vt 0.455865 0.879926
vt 0.281966 0.890390
vt 0.278767 0.889852
vt 0.281966 0.879926
vt 0.912509 0.500137
vt 0.909274 0.500137
vt 0.910848 0.489792
vt 0.042669 0.879926
vt 0.045868 0.880413
vt 0.042669 0.890390
vt 0.279148 0.916704
vt 0.282391 0.916704
vt 0.280658 0.927023
vt 0.456529 0.916703
vt 0.459786 0.916703
vt 0.458020 0.926982
vt 0.909274 0.049822
vt 0.912507 0.050303
vt 0.909274 0.060173
vt 0.633970 0.916703
vt 0.637247 0.916703
vt 0.635566 0.926917
s 0
usemtl clock_tower
f 265/265/55 286/266/55 266/267/56
f 286/266/55 287/268/56 266/267/56
f 266/267/57 287/268/57 267/269/58
f 287/268/57 288/270/58 267/269/58
f 267/269/59 288/270/59 268/271/60
f 288/270/59 289/272/60 268/271/60
f 268/273/61 289/274/61 269/275/62
f 289/274/61 290/276/62 269/275/62
f 269/275/63 290/276/63 270/277/64
f 290/276/63 291/278/64 270/277/64
f 270/277/65 291/278/65 271/279/66
f 291/278/65 292/280/66 271/279/66
f 271/279/67 292/280/67 272/281/68
f 292/280/67 293/282/68 272/281/68
f 272/281/69 293/282/69 273/283/70
f 293/282/69 294/284/70 273/283/70
f 273/285/71 294/286/71 274/287/72
f 294/286/71 295/288/72 274/287/72
f 274/287/73 295/288/73 275/289/74
f 295/288/73 296/290/74 275/289/74
f 275/289/74 296/290/74 276/291/75
f 296/290/74 297/292/75 276/291/75
f 276/291/76 297/292/76 277/293/77
f 297/292/76 298/294/77 277/293/77
f 277/293/78 298/294/78 278/295/79
f 298/294/78 299/296/79 278/295/79
f 278/297/80 299/298/80 279/299/81
f 299/298/80 300/300/81 279/299/81
f 279/299/82 300/300/82 280/301/83
f 300/300/82 301/302/83 280/301/83
f 280/301/84 301/302/84 281/303/85
f 301/302/84 302/304/85 281/303/85
f 281/303/86 302/304/86 282/305/87
f 302/304/86 303/306/87 282/305/87
f 282/305/88 303/306/88 283/307/89
f 303/306/88 304/308/89 283/307/89
f 283/309/90 304/310/90 284/311/91
f 304/310/90 305/312/91 284/311/91
f 284/311/92 305/312/92 285/313/55
f 305/312/92 306/314/55 285/313/55
f 327/315/93 328/316/93 307/317/93
f 328/318/93 329/319/93 308/320/93
f 329/321/93 330/322/93 309/323/93
f 330/324/93 331/325/93 310/326/93
f 331/327/93 332/328/93 311/329/93
f 332/330/93 333/331/93 312/332/93
f 333/333/93 334/334/93 313/335/93
f 334/336/93 335/337/93 314/338/93
f 335/339/93 336/340/93 315/341/93
f 336/342/93 337/343/93 316/344/93
f 337/345/93 338/346/93 317/347/93
f 338/348/93 339/349/93 318/350/93
f 339/351/93 340/352/93 319/353/93
f 340/354/93 341/355/93 320/356/93
f 341/357/93 342/358/93 321/359/93
f 342/360/93 343/361/93 322/362/93
f 343/363/93 344/364/93 323/365/93
f 344/366/93 345/367/93 324/368/93
f 345/369/93 346/370/93 325/371/93
f 346/372/93 347/373/93 326/374/93
f 369/375/94 368/376/94 348/377/94
f 370/378/94 369/379/94 349/380/94
f 371/381/94 370/382/94 350/383/94
f 372/384/94 371/385/94 351/386/94
f 373/387/94 372/388/94 352/389/94
f 374/390/94 373/391/94 353/392/94
f 375/393/94 374/394/94 354/395/94
f 376/396/94 375/397/94 355/398/94
f 377/399/94 376/400/94 356/401/94
f 378/402/94 377/403/94 357/404/94
f 379/405/94 378/406/94 358/407/94
f 380/408/94 379/409/94 359/410/94
f 381/411/94 380/412/94 360/413/94
f 382/414/94 381/415/94 361/416/94
f 383/417/94 382/418/94 362/419/94
f 384/420/94 383/421/94 363/422/94
f 385/423/94 384/424/94 364/425/94
f 386/426/94 385/427/94 365/428/94
f 387/429/94 386/430/94 366/431/94
f 388/432/94 387/433/94 367/434/94
o clock_face_front
v 0.000000 6.985600 2.690000
v 0.284296 7.030028 2.690000
v 0.540762 7.158962 2.690000
v 0.744296 7.359781 2.690000
v 0.874972 7.612828 2.690000
v 0.920000 7.893333 2.690000
v 0.874972 8.173839 2.689999
v 0.744296 8.426885 2.689999
v 0.540762 8.627706 2.689999
v 0.284296 8.756639 2.689999
v 0.000000 8.801066 2.689999
v -0.284296 8.756639 2.689999
v -0.540762 8.627706 2.689999
v -0.744296 8.426885 2.689999
v -0.874972 8.173839 2.689999
v -0.920000 7.893333 2.690000
v -0.874972 7.612828 2.690000
v -0.744296 7.359781 2.690000
v -0.540762 7.158962 2.690000
v -0.284296 7.030028 2.690000
v -0.000000 6.985600 2.690000
v 0.000000 6.985600 2.569999
v 0.284296 7.030028 2.569999
v 0.540762 7.158962 2.569999
v 0.744296 7.359781 2.569999
v 0.874972 7.612828 2.569999
v 0.920000 7.893333 2.569999
v 0.874972 8.173839 2.569999
v 0.744296 8.426885 2.569999
v 0.540762 8.627706 2.569999
v 0.284296 8.756639 2.569999
v 0.000000 8.801066 2.569999
v -0.284296 8.756639 2.569999
v -0.540762 8.627706 2.569999
v -0.744296 8.426885 2.569999
v -0.874972 8.173839 2.569999
v -0.920000 7.893333 2.569999
v -0.874972 7.612828 2.569999
v -0.744296 7.359781 2.569999
v -0.540762 7.158962 2.569999
v -0.284296 7.030028 2.569999
v -0.000000 6.985600 2.569999
v 0.000000 7.893333 2.690000
v 0.000000 7.893333 2.690000
v 0.000000 7.893333 2.690000
v 0.000000 7.893333 2.690000
v 0.000000 7.893333 2.690000
v 0.000000 7.893333 2.690000
v 0.000000 7.893333 2.690000
v 0.000000 7.893333 2.690000
v 0.000000 7.893333 2.690000
v 0.000000 7.893333 2.690000
v 0.000000 7.893333 2.690000
v 0.000000 7.893333 2.690000
v 0.000000 7.893333 2.690000
v 0.000000 7.893333 2.690000
v 0.000000 7.893333 2.690000
v 0.000000 7.893333 2.690000
v 0.000000 7.893333 2.690000
v 0.000000 7.893333 2.690000
v 0.000000 7.893333 2.690000
v 0.000000 7.893333 2.690000
v 0.000000 6.985600 2.690000
v 0.284296 7.030028 2.690000
v 0.540762 7.158962 2.690000
v 0.744296 7.359781 2.690000
v 0.874972 7.612828 2.690000
v 0.920000 7.893333 2.690000
v 0.874972 8.173839 2.689999
v 0.744296 8.426885 2.689999
v 0.540762 8.627706 2.689999
v 0.284296 8.756639 2.689999
v 0.000000 8.801066 2.689999
v -0.284296 8.756639 2.689999
v -0.540762 8.627706 2.689999
v -0.744296 8.426885 2.689999
v -0.874972 8.173839 2.689999
v -0.920000 7.893333 2.690000
v -0.874972 7.612828 2.690000
v -0.744296 7.359781 2.690000
v -0.540762 7.158962 2.690000
v -0.284296 7.030028 2.690000
v -0.000000 6.985600 2.690000
v 0.000000 7.893333 2.569999
v 0.000000 7.893333 2.569999
v 0.000000 7.893333 2.569999
v 0.000000 7.893333 2.569999
v 0.000000 7.893333 2.569999
v 0.000000 7.893333 2.569999
v 0.000000 7.893333 2.569999
v 0.000000 7.893333 2.569999
v 0.000000 7.893333 2.569999
v 0.000000 7.893333 2.569999
v 0.000000 7.893333 2.569999
v 0.000000 7.893333 2.569999
v 0.000000 7.893333 2.569999
v 0.000000 7.893333 2.569999
v 0.000000 7.893333 2.569999
v 0.000000 7.893333 2.569999
v 0.000000 7.893333 2.569999
v 0.000000 7.893333 2.569999
v 0.000000 7.893333 2.569999
v 0.000000 7.893333 2.569999
v 0.000000 6.985600 2.569999
v 0.284296 7.030028 2.569999
v 0.540762 7.158962 2.569999
v 0.744296 7.359781 2.569999
v 0.874972 7.612828 2.569999
v 0.920000 7.893333 2.569999
v 0.874972 8.173839 2.569999
v 0.744296 8.426885 2.569999
v 0.540762 8.627706 2.569999
v 0.284296 8.756639 2.569999
v 0.000000 8.801066 2.569999
v -0.284296 8.756639 2.569999
v -0.540762 8.627706 2.569999
v -0.744296 8.426885 2.569999
v -0.874972 8.173839 2.569999
v -0.920000 7.893333 2.569999
v -0.874972 7.612828 2.569999
v -0.744296 7.359781 2.569999
v -0.540762 7.158962 2.569999
v -0.284296 7.030028 2.569999
v -0.000000 6.985600 2.569999
vn -0.0000 -1.0000 -0.0000
vn 0.3052 -0.9523 -0.0000
vn 0.3053 -0.9523 -0.0000
vn 0.5826 -0.8128 -0.0000
vn 0.5826 -0.8127 -0.0000
vn 0.8052 -0.5930 -0.0000
vn 0.8053 -0.5929 -0.0000
vn 0.9498 -0.3128 -0.0000
vn 0.9498 -0.3127 -0.0000
vn 1.0000 -0.0001 -0.0000
vn 1.0000 0.0001 -0.0000
vn 0.9498 0.3127 -0.0000
vn 0.9498 0.3128 -0.0000
vn 0.8053 0.5929 -0.0000
vn 0.8052 0.5930 -0.0000
vn 0.5826 0.8127 -0.0000
vn 0.5826 0.8128 -0.0000
vn 0.3053 0.9523 -0.0000
vn 0.3052 0.9523 -0.0000
vn -0.0000 1.0000 -0.0001
vn -0.0000 1.0000 -0.0000
vn -0.3052 0.9523 -0.0001
vn -0.3052 0.9523 -0.0000
vn -0.3053 0.9523 -0.0000
vn -0.5826 0.8128 -0.0000
vn -0.5826 0.8127 -0.0000
vn -0.8052 0.5930 -0.0000
vn -0.8053 0.5929 -0.0000
vn -0.9498 0.3128 -0.0000
vn -0.9498 0.3127 -0.0000
vn -1.0000 0.0001 -0.0000
vn -1.0000 -0.0001 -0.0000
vn -0.9498 -0.3127 -0.0000
vn -0.9498 -0.3128 -0.0000
vn -0.8053 -0.5929 -0.0000
vn -0.8052 -0.5930 -0.0000
vn -0.5826 -0.8127 -0.0000
vn -0.5826 -0.8128 -0.0000
vn -0.3053 -0.9523 -0.0000
vn -0.3052 -0.9523 -0.0000
vn -0.0000 -0.0000 1.0000
vn -0.0000 -0.0000 -1.0000
vt 0.805328 0.916703
vt 0.806695 0.916703
vt 0.805328 0.919980
vt 0.806695 0.919980
vt 0.805328 0.923093
vt 0.806695 0.923093
vt 0.805328 0.925737
vt 0.806695 0.925737
vt 0.879113 0.519441
vt 0.880480 0.519441
vt 0.879113 0.522051
vt 0.880480 0.522051
vt 0.879113 0.525124
vt 0.880480 0.525124
vt 0.879113 0.528360
vt 0.880480 0.528360
vt 0.879113 0.531441
vt 0.880480 0.531441
vt 0.879113 0.534065
vt 0.880480 0.534065
vt 0.879113 0.437377
vt 0.880480 0.437377
vt 0.879113 0.440035
vt 0.880480 0.440035
vt 0.879113 0.443156
vt 0.880480 0.443156
vt 0.879113 0.446433
vt 0.880480 0.446433
vt 0.879113 0.449546
vt 0.880480 0.449546
vt 0.879113 0.452189
vt 0.880480 0.452189
vt 0.879113 0.601317
vt 0.880480 0.601317
vt 0.879113 0.603927
vt 0.880480 0.603927
vt 0.879113 0.607000
vt 0.880480 0.607000
vt 0.879113 0.610236
vt 0.880480 0.610236
vt 0.879113 0.613317
vt 0.880480 0.613317
vt 0.879113 0.615942
vt 0.880480 0.615942
vt 0.938825 0.319067
vt 0.940192 0.319067
vt 0.938825 0.321725
vt 0.940192 0.321725
vt 0.938825 0.324846
vt 0.940192 0.324846
vt 0.663561 0.916704
vt 0.666838 0.916704
vt 0.665157 0.926917
vt 0.909274 0.086486
vt 0.912507 0.086967
vt 0.909274 0.096837
vt 0.486099 0.916703
vt 0.489356 0.916703
vt 0.487590 0.926982
vt 0.308705 0.916704
vt 0.311949 0.916704
vt 0.310215 0.927023
vt 0.072181 0.879926
vt 0.075380 0.880413
vt 0.072181 0.890390
vt 0.912509 0.536795
vt 0.909274 0.536795
vt 0.910848 0.526451
vt 0.311478 0.890390
vt 0.308280 0.889852
vt 0.311478 0.879926
vt 0.488624 0.889844
vt 0.485401 0.890312
vt 0.485401 0.879926
vt 0.912507 0.133021
vt 0.909274 0.133502
vt 0.909274 0.123151
vt 0.912507 0.170167
vt 0.909274 0.169635
vt 0.912507 0.159816
vt 0.075497 0.927041
vt 0.072260 0.926535
vt 0.075497 0.916703
vt 0.912507 0.206831
vt 0.909274 0.206350
vt 0.912507 0.196480
vt 0.606769 0.890312
vt 0.603547 0.889844
vt 0.606769 0.879926
vt 0.340990 0.889852
vt 0.337792 0.890390
vt 0.337792 0.879926
vt 0.912509 0.683430
vt 0.909274 0.683430
vt 0.910934 0.673085
vt 0.101694 0.880413
vt 0.104892 0.879926
vt 0.104892 0.890390
vt 0.190477 0.916704
vt 0.193720 0.916704
vt 0.192210 0.927023
vt 0.515669 0.916703
vt 0.518926 0.916703
vt 0.517435 0.926982
vt 0.909274 0.233626
vt 0.912507 0.233145
vt 0.912507 0.243496
vt 0.909274 0.820211
vt 0.912511 0.819705
vt 0.912511 0.830042
vt 0.909274 0.856862
vt 0.912511 0.856356
vt 0.912511 0.866694
vt 0.909274 0.270291
vt 0.912507 0.269810
vt 0.912507 0.280161
vt 0.545239 0.916703
vt 0.548496 0.916703
vt 0.547005 0.926982
vt 0.220034 0.916704
vt 0.223277 0.916704
vt 0.221768 0.927023
vt 0.131206 0.880413
vt 0.134405 0.879926
vt 0.134405 0.890390
vt 0.912509 0.720088
vt 0.909274 0.720088
vt 0.910934 0.709744
vt 0.370503 0.889852
vt 0.367304 0.890390
vt 0.367304 0.879926
vt 0.636305 0.890312
vt 0.633083 0.889844
vt 0.636305 0.879926
vt 0.912507 0.316826
vt 0.909274 0.316345
vt 0.912507 0.306475
vt 0.105049 0.927041
vt 0.101811 0.926535
vt 0.105049 0.916703
vt 0.912507 0.353490
vt 0.909274 0.352958
vt 0.912507 0.343139
vt 0.912507 0.389674
vt 0.909274 0.390155
vt 0.909274 0.379804
vt 0.518160 0.889844
vt 0.514938 0.890312
vt 0.514938 0.879926
vt 0.400015 0.890390
vt 0.396816 0.889852
vt 0.400015 0.879926
vt 0.912509 0.573454
vt 0.909274 0.573454
vt 0.910848 0.563109
vt 0.160718 0.879926
vt 0.163917 0.880413
vt 0.160718 0.890390
vt 0.338262 0.916704
vt 0.341506 0.916704
vt 0.339772 0.927023
vt 0.574809 0.916703
vt 0.578066 0.916703
vt 0.576299 0.926982
vt 0.909274 0.416469
vt 0.912507 0.416950
vt 0.909274 0.426820
vt 0.693152 0.916704
vt 0.696429 0.916704
vt 0.694748 0.926917
s 0
usemtl clock_tower
f 389/435/95 410/436/95 390/437/96
f 410/436/95 411/438/96 390/437/96
f 390/437/97 411/438/97 391/439/98
f 411/438/97 412/440/98 391/439/98
f 391/439/99 412/440/99 392/441/100
f 412/440/99 413/442/100 392/441/100
f 392/443/101 413/444/101 393/445/102
f 413/444/101 414/446/102 393/445/102
f 393/445/103 414/446/103 394/447/104
f 414/446/103 415/448/104 394/447/104
f 394/447/105 415/448/105 395/449/106
f 415/448/105 416/450/106 395/449/106
f 395/449/107 416/450/107 396/451/108
f 416/450/107 417/452/108 396/451/108
f 396/451/109 417/452/109 397/453/110
f 417/452/109 418/454/110 397/453/110
f 397/455/111 418/456/111 398/457/112
f 418/456/111 419/458/112 398/457/112
f 398/457/113 419/458/113 399/459/114
f 419/458/113 420/460/115 399/459/115
f 399/459/115 420/460/115 400/461/116
f 420/460/115 421/462/117 400/461/117
f 400/461/118 421/462/118 401/463/119
f 421/462/118 422/464/119 401/463/119
f 401/463/120 422/464/120 402/465/121
f 422/464/120 423/466/121 402/465/121
f 402/467/122 423/468/122 403/469/123
f 423/468/122 424/470/123 403/469/123
f 403/469/124 424/470/124 404/471/125
f 424/470/124 425/472/125 404/471/125
f 404/471/126 425/472/126 405/473/127
f 425/472/126 426/474/127 405/473/127
f 405/473/128 426/474/128 406/475/129
f 426/474/128 427/476/129 406/475/129
f 406/475/130 427/476/130 407/477/131
f 427/476/130 428/478/131 407/477/131
f 407/479/132 428/480/132 408/481/133
f 428/480/132 429/482/133 408/481/133
f 408/481/134 429/482/134 409/483/95
f 429/482/134 430/484/95 409/483/95
f 451/485/135 452/486/135 431/487/135
f 452/488/135 453/489/135 432/490/135
f 453/491/135 454/492/135 433/493/135
f 454/494/135 455/495/135 434/496/135
f 455/497/135 456/498/135 435/499/135
f 456/500/135 457/501/135 436/502/135
f 457/503/135 458/504/135 437/505/135
f 458/506/135 459/507/135 438/508/135
f 459/509/135 460/510/135 439/511/135
f 460/512/135 461/513/135 440/514/135
f 461/515/135 462/516/135 441/517/135
f 462/518/135 463/519/135 442/520/135
f 463/521/135 464/522/135 443/523/135
f 464/524/135 465/525/135 444/526/135
f 465/527/135 466/528/135 445/529/135
f 466/530/135 467/531/135 446/532/135
f 467/533/135 468/534/135 447/535/135
f 468/536/135 469/537/135 448/538/135
f 469/539/135 470/540/135 449/541/135
f 470/542/135 471/543/135 450/544/135
f 493/545/136 492/546/136 472/547/136
f 494/548/136 493/549/136 473/550/136
f 495/551/136 494/552/136 474/553/136
f 496/554/136 495/555/136 475/556/136
f 497/557/136 496/558/136 476/559/136
f 498/560/136 497/561/136 477/562/136
f 499/563/136 498/564/136 478/565/136
f 500/566/136 499/567/136 479/568/136
f 501/569/136 500/570/136 480/571/136
f 502/572/136 501/573/136 481/574/136
f 503/575/136 502/576/136 482/577/136
f 504/578/136 503/579/136 483/580/136
f 505/581/136 504/582/136 484/583/136
f 506/584/136 505/585/136 485/586/136
f 507/587/136 506/588/136 486/589/136
f 508/590/136 507/591/136 487/592/136
f 509/593/136 508/594/136 488/595/136
f 510/596/136 509/597/136 489/598/136
f 511/599/136 510/600/136 490/601/136
f 512/602/136 511/603/136 491/604/136
o clock_housing
v -2.425000 6.847467 -2.535001
v -2.425000 8.939199 2.534999
v -2.425000 8.939199 -2.535001
v -2.425000 6.847467 -2.535001
v -2.425000 6.847467 2.535000
v -2.425000 8.939199 2.534999
v 2.425000 6.847467 -2.535001
v 2.425000 8.939199 -2.535001
v 2.425000 8.939199 2.534999
v 2.425000 6.847467 -2.535001
v 2.425000 8.939199 2.534999
v 2.425000 6.847467 2.535000
v -2.385000 6.808000 -2.535001
v 2.385000 6.808000 -2.535001
v 2.385000 6.808000 2.535000
v -2.385000 6.808000 -2.535001
v 2.385000 6.808000 2.535000
v -2.385000 6.808000 2.535000
v -2.385000 8.978667 -2.535001
v 2.385000 8.978667 2.534999
v 2.385000 8.978667 -2.535001
v -2.385000 8.978667 -2.535001
v -2.385000 8.978667 2.534999
v 2.385000 8.978667 2.534999
v -2.385000 6.847467 -2.575001
v 2.385000 8.939199 -2.575001
v 2.385000 6.847467 -2.575001
v -2.385000 6.847467 -2.575001
v -2.385000 8.939199 -2.575001
v 2.385000 8.939199 -2.575001
v -2.385000 6.847467 2.575000
v 2.385000 6.847467 2.575000
v 2.385000 8.939199 2.574999
v -2.385000 6.847467 2.575000
v 2.385000 8.939199 2.574999
v -2.385000 8.939199 2.574999
v -2.425000 6.847467 -2.535001
v -2.385000 6.808000 -2.535001
v -2.385000 6.808000 2.535000
v -2.425000 6.847467 -2.535001
v -2.385000 6.808000 2.535000
v -2.425000 6.847467 2.535000
v -2.425000 8.939199 -2.535001
v -2.385000 8.978667 2.534999
v -2.385000 8.978667 -2.535001
v -2.425000 8.939199 -2.535001
v -2.425000 8.939199 2.534999
v -2.385000 8.978667 2.534999
v 2.425000 6.847467 -2.535001
v 2.385000 6.808000 2.535000
v 2.385000 6.808000 -2.535001
v 2.425000 6.847467 -2.535001
v 2.425000 6.847467 2.535000
v 2.385000 6.808000 2.535000
v 2.425000 8.939199 -2.535001
v 2.385000 8.978667 -2.535001
v 2.385000 8.978667 2.534999
v 2.425000 8.939199 -2.535001
v 2.385000 8.978667 2.534999
v 2.425000 8.939199 2.534999
v -2.425000 6.847467 -2.535001
v -2.385000 8.939199 -2.575001
v -2.385000 6.847467 -2.575001
v -2.425000 6.847467 -2.535001
v -2.425000 8.939199 -2.535001
v -2.385000 8.939199 -2.575001
v -2.425000 6.847467 2.535000
v -2.385000 6.847467 2.575000
v -2.385000 8.939199 2.574999
v -2.425000 6.847467 2.535000
v -2.385000 8.939199 2.574999
v -2.425000 8.939199 2.534999
v 2.425000 6.847467 -2.535001
v 2.385000 6.847467 -2.575001
v 2.385000 8.939199 -2.575001
v 2.425000 6.847467 -2.535001
v 2.385000 8.939199 -2.575001
v 2.425000 8.939199 -2.535001
v 2.425000 6.847467 2.535000
v 2.385000 8.939199 2.574999
v 2.385000 6.847467 2.575000
v 2.425000 6.847467 2.535000
v 2.425000 8.939199 2.534999
v 2.385000 8.939199 2.574999
v -2.385000 6.808000 -2.535001
v -2.385000 6.847467 -2.575001
v 2.385000 6.847467 -2.575001
v -2.385000 6.808000 -2.535001
v 2.385000 6.847467 -2.575001
v 2.385000 6.808000 -2.535001
v -2.385000 6.808000 2.535000
v 2.385000 6.847467 2.575000
v -2.385000 6.847467 2.575000
v -2.385000 6.808000 2.535000
v 2.385000 6.808000 2.535000
v 2.385000 6.847467 2.575000
v -2.385000 8.978667 -2.535001
v 2.385000 8.939199 -2.575001
v -2.385000 8.939199 -2.575001
v -2.385000 8.978667 -2.535001
v 2.385000 8.978667 -2.535001
v 2.385000 8.939199 -2.575001
v -2.385000 8.978667 2.534999
v -2.385000 8.939199 2.574999
v 2.385000 8.939199 2.574999
v -2.385000 8.978667 2.534999
v 2.385000 8.939199 2.574999
v 2.385000 8.978667 2.534999
v -2.425000 6.847467 -2.535001
v -2.385000 6.847467 -2.575001
v -2.385000 6.808000 -2.535001
v -2.425000 6.847467 2.535000
v -2.385000 6.808000 2.535000
v -2.385000 6.847467 2.575000
v -2.425000 8.939199 -2.535001
v -2.385000 8.978667 -2.535001
v -2.385000 8.939199 -2.575001
v -2.425000 8.939199 2.534999
v -2.385000 8.939199 2.574999
v -2.385000 8.978667 2.534999
v 2.425000 6.847467 -2.535001
v 2.385000 6.808000 -2.535001
v 2.385000 6.847467 -2.575001
v 2.425000 6.847467 2.535000
v 2.385000 6.847467 2.575000
v 2.385000 6.808000 2.535000
v 2.425000 8.939199 -2.535001
v 2.385000 8.939199 -2.575001
v 2.385000 8.978667 -2.535001
v 2.425000 8.939199 2.534999
v 2.385000 8.978667 2.534999
v 2.385000 8.939199 2.574999
vn -1.0000 -0.0000 -0.0000
vn 1.0000 -0.0000 -0.0000
vn -0.0000 -1.0000 -0.0000
vn -0.0000 1.0000 -0.0000
vn -0.0000 -0.0000 -1.0000
vn -0.0000 -0.0000 1.0000
vn -0.7023 -0.7118 -0.0000
vn -0.7024 0.7118 -0.0000
vn 0.7023 -0.7118 -0.0000
vn 0.7024 0.7118 -0.0000
vn -0.7071 -0.0000 -0.7071
vn -0.7071 -0.0000 0.7071
vn 0.7071 -0.0000 -0.7071
vn 0.7071 -0.0000 0.7071
vn -0.0000 -0.7118 -0.7024
vn -0.0000 -0.7118 -0.7023
vn -0.0000 -0.7118 0.7024
vn -0.0000 -0.7118 0.7023
vn -0.0000 0.7118 -0.7023
vn -0.0000 0.7118 -0.7024
vn -0.0000 0.7118 0.7023
vn -0.0000 0.7118 0.7024
vn -0.5747 -0.5825 -0.5748
vn -0.5747 -0.5825 0.5748
vn -0.5748 0.5825 -0.5747
vn -0.5748 0.5825 0.5747
vn 0.5747 -0.5825 -0.5748
vn 0.5747 -0.5825 0.5748
vn 0.5748 0.5825 -0.5747
vn 0.5748 0.5825 0.5747
vt 0.268151 0.558648
vt 0.291973 0.517821
vt 0.291973 0.558648
vt 0.318286 0.558648
vt 0.318286 0.517821
vt 0.342108 0.517821
vt 0.241837 0.565089
vt 0.221262 0.553084
vt 0.241837 0.517821
vt 0.392243 0.558648
vt 0.368421 0.517821
vt 0.392243 0.517821
vt 0.360019 0.295526
vt 0.320455 0.258303
vt 0.360019 0.216250
vt 0.398244 0.092433
vt 0.398244 0.013157
vt 0.437808 0.050380
vt 0.398244 0.198022
vt 0.398244 0.118746
vt 0.437808 0.160799
vt 0.437808 0.303612
vt 0.398244 0.261559
vt 0.437808 0.224336
vt 0.442378 0.556232
vt 0.418557 0.517821
vt 0.442378 0.517821
vt 0.492513 0.556232
vt 0.468692 0.556232
vt 0.468692 0.517821
vt 0.568722 0.013157
vt 0.568722 0.051568
vt 0.544901 0.051568
vt 0.568722 0.077882
vt 0.544901 0.116294
vt 0.544901 0.077882
vt 0.680589 0.407113
vt 0.680133 0.407113
vt 0.680133 0.349374
vt 0.680589 0.575218
vt 0.680133 0.517479
vt 0.680589 0.517479
vt 0.680133 0.659270
vt 0.680589 0.601531
vt 0.680589 0.659270
vt 0.013157 0.750169
vt 0.013157 0.692430
vt 0.013612 0.692430
vt 0.039926 0.750169
vt 0.040382 0.692430
vt 0.040382 0.750169
vt 0.066695 0.750169
vt 0.066695 0.692430
vt 0.067151 0.692430
vt 0.680589 0.491165
vt 0.680133 0.491165
vt 0.680133 0.433426
vt 0.093920 0.750169
vt 0.093465 0.692430
vt 0.093920 0.692430
vt 0.432840 0.776483
vt 0.432840 0.800313
vt 0.432196 0.776500
vt 0.459154 0.776483
vt 0.459798 0.800295
vt 0.459154 0.800313
vt 0.486756 0.800313
vt 0.486112 0.800295
vt 0.486756 0.776483
vt 0.513070 0.800313
vt 0.513070 0.776483
vt 0.513714 0.776500
vt 0.540027 0.776483
vt 0.540671 0.776500
vt 0.540027 0.800313
vt 0.567629 0.776483
vt 0.567629 0.800313
vt 0.566985 0.800295
vt 0.593943 0.800313
vt 0.593943 0.776483
vt 0.594587 0.800295
vt 0.621545 0.800313
vt 0.620901 0.776500
vt 0.621545 0.776483
vt 0.460719 0.692430
vt 0.461175 0.692434
vt 0.460719 0.746754
vt 0.487944 0.692430
vt 0.487944 0.746754
vt 0.487489 0.746750
vt 0.514258 0.746754
vt 0.514258 0.692430
vt 0.514713 0.746750
vt 0.541483 0.746754
vt 0.541027 0.692434
vt 0.541483 0.692430
vt 0.568252 0.692430
vt 0.568252 0.746754
vt 0.567796 0.692434
vt 0.594566 0.692430
vt 0.595021 0.746750
vt 0.594566 0.746754
vt 0.621790 0.746754
vt 0.621335 0.746750
vt 0.621790 0.692430
vt 0.648104 0.746754
vt 0.648104 0.692430
vt 0.648560 0.692434
vt 0.334909 0.986199
vt 0.335433 0.986574
vt 0.334909 0.986752
vt 0.361746 0.986752
vt 0.361746 0.986199
vt 0.362270 0.986377
vt 0.967510 0.756876
vt 0.967960 0.757198
vt 0.967510 0.757520
vt 0.967510 0.784478
vt 0.967510 0.783834
vt 0.967960 0.784156
vt 0.389107 0.986199
vt 0.389107 0.986752
vt 0.388584 0.986574
vt 0.415945 0.986752
vt 0.415421 0.986377
vt 0.415945 0.986199
vt 0.967960 0.810792
vt 0.967960 0.811436
vt 0.967510 0.811114
vt 0.967960 0.838394
vt 0.967510 0.838072
vt 0.967960 0.837750
s 0
usemtl clock_tower
f 513/605/137 514/606/137 515/607/137
f 516/608/137 517/609/137 518/610/137
f 519/611/138 520/612/138 521/613/138
f 522/614/138 523/615/138 524/616/138
f 525/617/139 526/618/139 527/619/139
f 528/620/139 529/621/139 530/622/139
f 531/623/140 532/624/140 533/625/140
f 534/626/140 535/627/140 536/628/140
f 537/629/141 538/630/141 539/631/141
f 540/632/141 541/633/141 542/634/141
f 543/635/142 544/636/142 545/637/142
f 546/638/142 547/639/142 548/640/142
f 549/641/143 550/642/143 551/643/143
f 552/644/143 553/645/143 554/646/143
f 555/647/144 556/648/144 557/649/144
f 558/650/144 559/651/144 560/652/144
f 561/653/145 562/654/145 563/655/145
f 564/656/145 565/657/145 566/658/145
f 567/659/146 568/660/146 569/661/146
f 570/662/146 571/663/146 572/664/146
f 573/665/147 574/666/147 575/667/147
f 576/668/147 577/669/147 578/670/147
f 579/671/148 580/672/148 581/673/148
f 582/674/148 583/675/148 584/676/148
f 585/677/149 586/678/149 587/679/149
f 588/680/149 589/681/149 590/682/149
f 591/683/150 592/684/150 593/685/150
f 594/686/150 595/687/150 596/688/150
f 597/689/151 598/690/151 599/691/151
f 600/692/152 601/693/152 602/694/152
f 603/695/153 604/696/153 605/697/153
f 606/698/154 607/699/154 608/700/154
f 609/701/155 610/702/155 611/703/155
f 612/704/156 613/705/156 614/706/156
f 615/707/157 616/708/157 617/709/157
f 618/710/158 619/711/158 620/712/158
f 621/713/159 622/714/159 623/715/159
f 624/716/160 625/717/160 626/718/160
f 627/719/161 628/720/161 629/721/161
f 630/722/162 631/723/162 632/724/162
f 633/725/163 634/726/163 635/727/163
f 636/728/164 637/729/164 638/730/164
f 639/731/165 640/732/165 641/733/165
f 642/734/166 643/735/166 644/736/166
o clock_rim_back
v 0.000000 6.827734 -2.550000
v 0.333738 6.879888 -2.550000
v 0.634808 7.031245 -2.550000
v 0.873738 7.266989 -2.550000
v 1.027141 7.564045 -2.550000
v 1.080000 7.893333 -2.550000
v 1.027141 8.222622 -2.550001
v 0.873738 8.519677 -2.550001
v 0.634808 8.755422 -2.550001
v 0.333738 8.906779 -2.550001
v 0.000000 8.958933 -2.550001
v -0.333738 8.906779 -2.550001
v -0.634808 8.755422 -2.550001
v -0.873738 8.519677 -2.550001
v -1.027141 8.222622 -2.550001
v -1.080000 7.893333 -2.550000
v -1.027141 7.564045 -2.550000
v -0.873738 7.266989 -2.550000
v -0.634808 7.031245 -2.550000
v -0.333738 6.879888 -2.550000
v -0.000000 6.827734 -2.550000
v 0.000000 6.827734 -2.650001
v 0.333738 6.879888 -2.650001
v 0.634808 7.031245 -2.650001
v 0.873738 7.266989 -2.650001
v 1.027141 7.564045 -2.650001
v 1.080000 7.893333 -2.650001
v 1.027141 8.222622 -2.650001
v 0.873738 8.519677 -2.650001
v 0.634808 8.755422 -2.650001
v 0.333738 8.906779 -2.650001
v 0.000000 8.958933 -2.650001
v -0.333738 8.906779 -2.650001
v -0.634808 8.755422 -2.650001
v -0.873738 8.519677 -2.650001
v -1.027141 8.222622 -2.650001
v -1.080000 7.893333 -2.650001
v -1.027141 7.564045 -2.650001
v -0.873738 7.266989 -2.650001
v -0.634808 7.031245 -2.650001
v -0.333738 6.879888 -2.650001
v -0.000000 6.827734 -2.650001
v 0.000000 7.893333 -2.550000
v 0.000000 7.893333 -2.550000
v 0.000000 7.893333 -2.550000
v 0.000000 7.893333 -2.550000
v 0.000000 7.893333 -2.550000
v 0.000000 7.893333 -2.550000
v 0.000000 7.893333 -2.550000
v 0.000000 7.893333 -2.550000
v 0.000000 7.893333 -2.550000
v 0.000000 7.893333 -2.550000
v 0.000000 7.893333 -2.550000
v 0.000000 7.893333 -2.550000
v 0.000000 7.893333 -2.550000
v 0.000000 7.893333 -2.550000
v 0.000000 7.893333 -2.550000
v 0.000000 7.893333 -2.550000
v 0.000000 7.893333 -2.550000
v 0.000000 7.893333 -2.550000
v 0.000000 7.893333 -2.550000
v 0.000000 7.893333 -2.550000
v 0.000000 6.827734 -2.550000
v 0.333738 6.879888 -2.550000
v 0.634808 7.031245 -2.550000
v 0.873738 7.266989 -2.550000
v 1.027141 7.564045 -2.550000
v 1.080000 7.893333 -2.550000
v 1.027141 8.222622 -2.550001
v 0.873738 8.519677 -2.550001
v 0.634808 8.755422 -2.550001
v 0.333738 8.906779 -2.550001
v 0.000000 8.958933 -2.550001
v -0.333738 8.906779 -2.550001
v -0.634808 8.755422 -2.550001
v -0.873738 8.519677 -2.550001
v -1.027141 8.222622 -2.550001
v -1.080000 7.893333 -2.550000
v -1.027141 7.564045 -2.550000
v -0.873738 7.266989 -2.550000
v -0.634808 7.031245 -2.550000
v -0.333738 6.879888 -2.550000
v -0.000000 6.827734 -2.550000
v 0.000000 7.893333 -2.650001
v 0.000000 7.893333 -2.650001
v 0.000000 7.893333 -2.650001
v 0.000000 7.893333 -2.650001
v 0.000000 7.893333 -2.650001
v 0.000000 7.893333 -2.650001
v 0.000000 7.893333 -2.650001
v 0.000000 7.893333 -2.650001
v 0.000000 7.893333 -2.650001
v 0.000000 7.893333 -2.650001
v 0.000000 7.893333 -2.650001
v 0.000000 7.893333 -2.650001
v 0.000000 7.893333 -2.650001
v 0.000000 7.893333 -2.650001
v 0.000000 7.893333 -2.650001
v 0.000000 7.893333 -2.650001
v 0.000000 7.893333 -2.650001
v 0.000000 7.893333 -2.650001
v 0.000000 7.893333 -2.650001
v 0.000000 7.893333 -2.650001
v 0.000000 6.827734 -2.650001
v 0.333738 6.879888 -2.650001
v 0.634808 7.031245 -2.650001
v 0.873738 7.266989 -2.650001
v 1.027141 7.564045 -2.650001
v 1.080000 7.893333 -2.650001
v 1.027141 8.222622 -2.650001
v 0.873738 8.519677 -2.650001
v 0.634808 8.755422 -2.650001
v 0.333738 8.906779 -2.650001
v 0.000000 8.958933 -2.650001
v -0.333738 8.906779 -2.650001
v -0.634808 8.755422 -2.650001
v -0.873738 8.519677 -2.650001
v -1.027141 8.222622 -2.650001
v -1.080000 7.893333 -2.650001
v -1.027141 7.564045 -2.650001
v -0.873738 7.266989 -2.650001
v -0.634808 7.031245 -2.650001
v -0.333738 6.879888 -2.650001
v -0.000000 6.827734 -2.650001
vn -0.0000 -1.0000 -0.0000
vn 0.3052 -0.9523 -0.0000
vn 0.3053 -0.9523 -0.0000
vn 0.5826 -0.8128 -0.0000
vn 0.5826 -0.8127 -0.0000
vn 0.8052 -0.5930 -0.0000
vn 0.8053 -0.5929 -0.0000
vn 0.9498 -0.3128 -0.0000
vn 0.9498 -0.3127 -0.0000
vn 1.0000 -0.0001 -0.0000
vn 1.0000 0.0001 -0.0000
vn 0.9498 0.3127 -0.0000
vn 0.9498 0.3128 -0.0000
vn 0.8053 0.5929 -0.0000
vn 0.8052 0.5930 -0.0000
vn 0.5826 0.8127 -0.0001
vn 0.5826 0.8127 -0.0000
vn 0.5826 0.8128 -0.0000
vn 0.3053 0.9523 -0.0000
vn 0.3052 0.9523 -0.0000
vn -0.0000 1.0000 -0.0000
vn -0.3052 0.9523 -0.0000
vn -0.3053 0.9523 -0.0000
vn -0.5826 0.8128 -0.0000
vn -0.5826 0.8127 -0.0000
vn -0.8052 0.5930 -0.0000
vn -0.8053 0.5929 -0.0000
vn -0.9498 0.3128 -0.0000
vn -0.9498 0.3127 -0.0000
vn -1.0000 0.0001 -0.0000
vn -1.0000 -0.0001 -0.0000
vn -0.9498 -0.3127 -0.0000
vn -0.9498 -0.3128 -0.0000
vn -0.8053 -0.5929 -0.0000
vn -0.8052 -0.5930 -0.0000
vn -0.5826 -0.8127 0.0001
vn -0.5826 -0.8127 -0.0000
vn -0.5826 -0.8128 -0.0000
vn -0.3053 -0.9523 -0.0000
vn -0.3052 -0.9523 -0.0000
vn -0.0000 -0.0000 1.0000
vn -0.0000 -0.0000 -1.0000
vt 0.938825 0.189751
vt 0.939964 0.189751
vt 0.938825 0.193414
vt 0.939964 0.193414
vt 0.938825 0.196535
vt 0.939964 0.196535
vt 0.791428 0.719029
vt 0.792567 0.719029
vt 0.791428 0.722111
vt 0.792567 0.722111
vt 0.791428 0.725727
vt 0.792567 0.725727
vt 0.791428 0.729526
vt 0.792567 0.729526
vt 0.791428 0.733133
vt 0.792567 0.733133
vt 0.791428 0.736197
vt 0.792567 0.736197
vt 0.791428 0.544662
vt 0.792567 0.544662
vt 0.791428 0.547766
vt 0.792567 0.547766
vt 0.791428 0.551420
vt 0.792567 0.551420
vt 0.791428 0.555266
vt 0.792567 0.555266
vt 0.791428 0.558930
vt 0.792567 0.558930
vt 0.791428 0.562050
vt 0.792567 0.562050
vt 0.791428 0.632066
vt 0.792567 0.632066
vt 0.791428 0.635148
vt 0.792567 0.635148
vt 0.791428 0.638764
vt 0.792567 0.638764
vt 0.791428 0.642562
vt 0.792567 0.642562
vt 0.791428 0.646170
vt 0.792567 0.646170
vt 0.791428 0.649234
vt 0.792567 0.649234
vt 0.722742 0.916703
vt 0.723881 0.916703
vt 0.722742 0.919807
vt 0.723881 0.919807
vt 0.722742 0.923461
vt 0.723881 0.923461
vt 0.722742 0.927308
vt 0.723881 0.927308
vt 0.848962 0.013782
vt 0.852758 0.013157
vt 0.852758 0.025308
vt 0.848962 0.628298
vt 0.852799 0.628298
vt 0.850750 0.640317
vt 0.103400 0.841369
vt 0.107183 0.841917
vt 0.103400 0.853561
vt 0.848962 0.320876
vt 0.852769 0.320876
vt 0.850734 0.332990
vt 0.822631 0.024854
vt 0.818881 0.025456
vt 0.818881 0.013157
vt 0.822636 0.333774
vt 0.818881 0.334346
vt 0.818881 0.322062
vt 0.822648 0.642534
vt 0.818881 0.643085
vt 0.818881 0.630842
vt 0.137280 0.853013
vt 0.133497 0.853561
vt 0.133497 0.841369
vt 0.588744 0.852955
vt 0.584948 0.853520
vt 0.584948 0.841369
vt 0.882960 0.255026
vt 0.879113 0.255026
vt 0.880987 0.243037
vt 0.882960 0.101812
vt 0.879113 0.101812
vt 0.881086 0.089822
vt 0.618853 0.853520
vt 0.615057 0.852955
vt 0.618853 0.841369
vt 0.167377 0.853561
vt 0.163594 0.853013
vt 0.167377 0.841369
vt 0.822648 0.681642
vt 0.818881 0.681091
vt 0.822648 0.669399
vt 0.822635 0.372943
vt 0.818881 0.372372
vt 0.822635 0.360659
vt 0.818881 0.051770
vt 0.822631 0.052372
vt 0.818881 0.064069
vt 0.848962 0.359304
vt 0.852769 0.359304
vt 0.850997 0.371418
vt 0.193690 0.841917
vt 0.197473 0.841369
vt 0.197473 0.853561
vt 0.848962 0.666631
vt 0.852799 0.666631
vt 0.851011 0.678650
vt 0.848962 0.167016
vt 0.852758 0.167641
vt 0.848962 0.179168
vt 0.848962 0.205481
vt 0.852758 0.206106
vt 0.848962 0.217632
vt 0.848962 0.704963
vt 0.852799 0.704963
vt 0.851011 0.716982
vt 0.223787 0.841917
vt 0.227570 0.841369
vt 0.227570 0.853561
vt 0.848962 0.397732
vt 0.852769 0.397732
vt 0.850997 0.409846
vt 0.818881 0.090383
vt 0.822631 0.090985
vt 0.818881 0.102682
vt 0.822635 0.411541
vt 0.818881 0.410969
vt 0.822635 0.399257
vt 0.822648 0.720199
vt 0.818881 0.719648
vt 0.822648 0.707956
vt 0.257667 0.853561
vt 0.253884 0.853013
vt 0.257667 0.841369
vt 0.648963 0.853520
vt 0.645167 0.852955
vt 0.648963 0.841369
vt 0.882960 0.140116
vt 0.879113 0.140116
vt 0.881086 0.128126
vt 0.882960 0.293330
vt 0.879113 0.293330
vt 0.880987 0.281340
vt 0.679072 0.852955
vt 0.675277 0.853520
vt 0.675277 0.841369
vt 0.287763 0.853013
vt 0.283981 0.853561
vt 0.283981 0.841369
vt 0.822648 0.758204
vt 0.818881 0.758756
vt 0.818881 0.746513
vt 0.822635 0.449567
vt 0.818881 0.450138
vt 0.818881 0.437855
vt 0.822631 0.140694
vt 0.818881 0.141296
vt 0.818881 0.128996
vt 0.848962 0.436159
vt 0.852769 0.436159
vt 0.850734 0.448273
vt 0.314077 0.841369
vt 0.317860 0.841917
vt 0.314077 0.853561
vt 0.848962 0.743296
vt 0.852799 0.743296
vt 0.850750 0.755315
vt 0.848962 0.052246
vt 0.852758 0.051622
vt 0.852758 0.063773
s 0
usemtl clock_tower
f 645/737/167 666/738/167 646/739/168
f 666/738/167 667/740/168 646/739/168
f 646/739/169 667/740/169 647/741/170
f 667/740/169 668/742/170 647/741/170
f 647/743/171 668/744/171 648/745/172
f 668/744/171 669/746/172 648/745/172
f 648/745/173 669/746/173 649/747/174
f 669/746/173 670/748/174 649/747/174
f 649/747/175 670/748/175 650/749/176
f 670/748/175 671/750/176 650/749/176
f 650/749/177 671/750/177 651/751/178
f 671/750/177 672/752/178 651/751/178
f 651/751/179 672/752/179 652/753/180
f 672/752/179 673/754/180 652/753/180
f 652/755/181 673/756/181 653/757/182
f 673/756/181 674/758/183 653/757/183
f 653/757/184 674/758/184 654/759/185
f 674/758/184 675/760/185 654/759/185
f 654/759/186 675/760/186 655/761/187
f 675/760/186 676/762/187 655/761/187
f 655/761/187 676/762/187 656/763/188
f 676/762/187 677/764/188 656/763/188
f 656/763/189 677/764/189 657/765/190
f 677/764/189 678/766/190 657/765/190
f 657/767/191 678/768/191 658/769/192
f 678/768/191 679/770/192 658/769/192
f 658/769/193 679/770/193 659/771/194
f 679/770/193 680/772/194 659/771/194
f 659/771/195 680/772/195 660/773/196
f 680/772/195 681/774/196 660/773/196
f 660/773/197 681/774/197 661/775/198
f 681/774/197 682/776/198 661/775/198
f 661/775/199 682/776/199 662/777/200
f 682/776/199 683/778/200 662/777/200
f 662/779/201 683/780/201 663/781/202
f 683/780/201 684/782/203 663/781/203
f 663/781/204 684/782/204 664/783/205
f 684/782/204 685/784/205 664/783/205
f 664/783/206 685/784/206 665/785/167
f 685/784/206 686/786/167 665/785/167
f 707/787/207 708/788/207 687/789/207
f 708/790/207 709/791/207 688/792/207
f 709/793/207 710/794/207 689/795/207
f 710/796/207 711/797/207 690/798/207
f 711/799/207 712/800/207 691/801/207
f 712/802/207 713/803/207 692/804/207
f 713/805/207 714/806/207 693/807/207
f 714/808/207 715/809/207 694/810/207
f 715/811/207 716/812/207 695/813/207
f 716/814/207 717/815/207 696/816/207
f 717/817/207 718/818/207 697/819/207
f 718/820/207 719/821/207 698/822/207
f 719/823/207 720/824/207 699/825/207
f 720/826/207 721/827/207 700/828/207
f 721/829/207 722/830/207 701/831/207
f 722/832/207 723/833/207 702/834/207
f 723/835/207 724/836/207 703/837/207
f 724/838/207 725/839/207 704/840/207
f 725/841/207 726/842/207 705/843/207
f 726/844/207 727/845/207 706/846/207
f 749/847/208 748/848/208 728/849/208
f 750/850/208 749/851/208 729/852/208
f 751/853/208 750/854/208 730/855/208
f 752/856/208 751/857/208 731/858/208
f 753/859/208 752/860/208 732/861/208
f 754/862/208 753/863/208 733/864/208
f 755/865/208 754/866/208 734/867/208
f 756/868/208 755/869/208 735/870/208
f 757/871/208 756/872/208 736/873/208
f 758/874/208 757/875/208 737/876/208
f 759/877/208 758/878/208 738/879/208
f 760/880/208 759/881/208 739/882/208
f 761/883/208 760/884/208 740/885/208
f 762/886/208 761/887/208 741/888/208
f 763/889/208 762/890/208 742/891/208
f 764/892/208 763/893/208 743/894/208
f 765/895/208 764/896/208 744/897/208
f 766/898/208 765/899/208 745/900/208
f 767/901/208 766/902/208 746/903/208
f 768/904/208 767/905/208 747/906/208
o clock_rim_front
v 0.000000 6.827734 2.650000
v 0.333738 6.879888 2.650000
v 0.634808 7.031245 2.650000
v 0.873738 7.266989 2.650000
v 1.027141 7.564045 2.650000
v 1.080000 7.893333 2.650000
v 1.027141 8.222622 2.649999
v 0.873738 8.519677 2.649999
v 0.634808 8.755422 2.649999
v 0.333738 8.906779 2.649999
v 0.000000 8.958933 2.649999
v -0.333738 8.906779 2.649999
v -0.634808 8.755422 2.649999
v -0.873738 8.519677 2.649999
v -1.027141 8.222622 2.649999
v -1.080000 7.893333 2.650000
v -1.027141 7.564045 2.650000
v -0.873738 7.266989 2.650000
v -0.634808 7.031245 2.650000
v -0.333738 6.879888 2.650000
v -0.000000 6.827734 2.650000
v 0.000000 6.827734 2.549999
v 0.333738 6.879888 2.549999
v 0.634808 7.031245 2.549999
v 0.873738 7.266989 2.549999
v 1.027141 7.564045 2.549999
v 1.080000 7.893333 2.549999
v 1.027141 8.222622 2.549999
v 0.873738 8.519677 2.549999
v 0.634808 8.755422 2.549999
v 0.333738 8.906779 2.549999
v 0.000000 8.958933 2.549999
v -0.333738 8.906779 2.549999
v -0.634808 8.755422 2.549999
v -0.873738 8.519677 2.549999
v -1.027141 8.222622 2.549999
v -1.080000 7.893333 2.549999
v -1.027141 7.564045 2.549999
v -0.873738 7.266989 2.549999
v -0.634808 7.031245 2.549999
v -0.333738 6.879888 2.549999
v -0.000000 6.827734 2.549999
v 0.000000 7.893333 2.650000
v 0.000000 7.893333 2.650000
v 0.000000 7.893333 2.650000
v 0.000000 7.893333 2.650000
v 0.000000 7.893333 2.650000
v 0.000000 7.893333 2.650000
v 0.000000 7.893333 2.650000
v 0.000000 7.893333 2.650000
v 0.000000 7.893333 2.650000
v 0.000000 7.893333 2.650000
v 0.000000 7.893333 2.650000
v 0.000000 7.893333 2.650000
v 0.000000 7.893333 2.650000
v 0.000000 7.893333 2.650000
v 0.000000 7.893333 2.650000
v 0.000000 7.893333 2.650000
v 0.000000 7.893333 2.650000
v 0.000000 7.893333 2.650000
v 0.000000 7.893333 2.650000
v 0.000000 7.893333 2.650000
v 0.000000 6.827734 2.650000
v 0.333738 6.879888 2.650000
v 0.634808 7.031245 2.650000
v 0.873738 7.266989 2.650000
v 1.027141 7.564045 2.650000
v 1.080000 7.893333 2.650000
v 1.027141 8.222622 2.649999
v 0.873738 8.519677 2.649999
v 0.634808 8.755422 2.649999
v 0.333738 8.906779 2.649999
v 0.000000 8.958933 2.649999
v -0.333738 8.906779 2.649999
v -0.634808 8.755422 2.649999
v -0.873738 8.519677 2.649999
v -1.027141 8.222622 2.649999
v -1.080000 7.893333 2.650000
v -1.027141 7.564045 2.650000
v -0.873738 7.266989 2.650000
v -0.634808 7.031245 2.650000
v -0.333738 6.879888 2.650000
v -0.000000 6.827734 2.650000
v 0.000000 7.893333 2.549999
v 0.000000 7.893333 2.549999
v 0.000000 7.893333 2.549999
v 0.000000 7.893333 2.549999
v 0.000000 7.893333 2.549999
v 0.000000 7.893333 2.549999
v 0.000000 7.893333 2.549999
v 0.000000 7.893333 2.549999
v 0.000000 7.893333 2.549999
v 0.000000 7.893333 2.549999
v 0.000000 7.893333 2.549999
v 0.000000 7.893333 2.549999
v 0.000000 7.893333 2.549999
v 0.000000 7.893333 2.549999
v 0.000000 7.893333 2.549999
v 0.000000 7.893333 2.549999
v 0.000000 7.893333 2.549999
v 0.000000 7.893333 2.549999
v 0.000000 7.893333 2.549999
v 0.000000 7.893333 2.549999
v 0.000000 6.827734 2.549999
v 0.333738 6.879888 2.549999
v 0.634808 7.031245 2.549999
v 0.873738 7.266989 2.549999
v 1.027141 7.564045 2.549999
v 1.080000 7.893333 2.549999
v 1.027141 8.222622 2.549999
v 0.873738 8.519677 2.549999
v 0.634808 8.755422 2.549999
v 0.333738 8.906779 2.549999
v 0.000000 8.958933 2.549999
v -0.333738 8.906779 2.549999
v -0.634808 8.755422 2.549999
v -0.873738 8.519677 2.549999
v -1.027141 8.222622 2.549999
v -1.080000 7.893333 2.549999
v -1.027141 7.564045 2.549999
v -0.873738 7.266989 2.549999
v -0.634808 7.031245 2.549999
v -0.333738 6.879888 2.549999
v -0.000000 6.827734 2.549999
vn -0.0000 -1.0000 -0.0000
vn 0.3052 -0.9523 -0.0000
vn 0.3053 -0.9523 -0.0000
vn 0.5826 -0.8128 -0.0000
vn 0.5826 -0.8127 -0.0000
vn 0.8052 -0.5930 -0.0000
vn 0.5826 -0.8127 0.0001
vn 0.8053 -0.5929 -0.0000
vn 0.9498 -0.3128 -0.0000
vn 0.9498 -0.3127 -0.0000
vn 1.0000 -0.0001 -0.0000
vn 1.0000 0.0001 -0.0000
vn 0.9498 0.3127 -0.0000
vn 0.9498 0.3128 -0.0000
vn 0.8053 0.5929 -0.0000
vn 0.8052 0.5930 -0.0000
vn 0.5826 0.8127 -0.0000
vn 0.5826 0.8128 -0.0000
vn 0.3053 0.9523 -0.0000
vn 0.3052 0.9523 -0.0000
vn -0.0000 1.0000 -0.0000
vn -0.3052 0.9523 -0.0000
vn -0.3053 0.9523 -0.0000
vn -0.5826 0.8128 -0.0000
vn -0.5826 0.8127 -0.0000
vn -0.8052 0.5930 -0.0000
vn -0.5826 0.8127 -0.0001
vn -0.8053 0.5929 -0.0000
vn -0.9498 0.3128 -0.0000
vn -0.9498 0.3127 -0.0000
vn -1.0000 0.0001 -0.0000
vn -1.0000 -0.0001 -0.0000
vn -0.9498 -0.3127 -0.0000
vn -0.9498 -0.3128 -0.0000
vn -0.8053 -0.5929 -0.0000
vn -0.8052 -0.5930 -0.0000
vn -0.5826 -0.8127 -0.0000
vn -0.5826 -0.8128 -0.0000
vn -0.3053 -0.9523 -0.0000
vn -0.3052 -0.9523 -0.0000
vn -0.0000 -0.0000 1.0000
vn -0.0000 -0.0000 -1.0000
vt 0.750195 0.916703
vt 0.751334 0.916703
vt 0.750195 0.920550
vt 0.751334 0.920550
vt 0.750195 0.924204
vt 0.751334 0.924204
vt 0.750195 0.927308
vt 0.751334 0.927308
vt 0.791428 0.675548
vt 0.792567 0.675548
vt 0.791428 0.678612
vt 0.792567 0.678612
vt 0.791428 0.682219
vt 0.792567 0.682219
vt 0.791428 0.686017
vt 0.792567 0.686017
vt 0.791428 0.689634
vt 0.792567 0.689634
vt 0.791428 0.692715
vt 0.792567 0.692715
vt 0.791428 0.588364
vt 0.792567 0.588364
vt 0.791428 0.591485
vt 0.792567 0.591485
vt 0.791428 0.595148
vt 0.792567 0.595148
vt 0.791428 0.598995
vt 0.792567 0.598995
vt 0.791428 0.602649
vt 0.792567 0.602649
vt 0.791428 0.605752
vt 0.792567 0.605752
vt 0.791428 0.762511
vt 0.792567 0.762511
vt 0.791428 0.765575
vt 0.792567 0.765575
vt 0.791428 0.769182
vt 0.792567 0.769182
vt 0.791428 0.772980
vt 0.792567 0.772980
vt 0.791428 0.776597
vt 0.792567 0.776597
vt 0.791428 0.779678
vt 0.792567 0.779678
vt 0.938825 0.222849
vt 0.939964 0.222849
vt 0.938825 0.225970
vt 0.939964 0.225970
vt 0.938825 0.229633
vt 0.939964 0.229633
vt 0.848962 0.090711
vt 0.852758 0.090087
vt 0.852758 0.102238
vt 0.848962 0.781629
vt 0.852799 0.781629
vt 0.850750 0.793647
vt 0.344174 0.841369
vt 0.347957 0.841917
vt 0.344174 0.853561
vt 0.848962 0.474587
vt 0.852769 0.474587
vt 0.850734 0.486701
vt 0.822631 0.179307
vt 0.818881 0.179909
vt 0.818881 0.167609
vt 0.822636 0.488164
vt 0.818881 0.488736
vt 0.818881 0.476452
vt 0.822648 0.796761
vt 0.818881 0.797312
vt 0.818881 0.785069
vt 0.378054 0.853013
vt 0.374271 0.853561
vt 0.374271 0.841369
vt 0.709182 0.852955
vt 0.705386 0.853520
vt 0.705386 0.841369
vt 0.882960 0.331634
vt 0.879113 0.331634
vt 0.880987 0.319644
vt 0.882960 0.178419
vt 0.879113 0.178419
vt 0.881086 0.166429
vt 0.739292 0.853520
vt 0.735496 0.852955
vt 0.739292 0.841369
vt 0.408150 0.853561
vt 0.404368 0.853013
vt 0.408150 0.841369
vt 0.016924 0.853612
vt 0.013157 0.853061
vt 0.016924 0.841369
vt 0.822635 0.527333
vt 0.818881 0.526762
vt 0.822635 0.515050
vt 0.818881 0.206223
vt 0.822631 0.206824
vt 0.818881 0.218522
vt 0.848962 0.513015
vt 0.852769 0.513015
vt 0.850997 0.525129
vt 0.434464 0.841917
vt 0.438247 0.841369
vt 0.438247 0.853561
vt 0.848962 0.819961
vt 0.852799 0.819961
vt 0.851011 0.831980
vt 0.848962 0.243946
vt 0.852758 0.244571
vt 0.848962 0.256097
vt 0.848962 0.282411
vt 0.852758 0.283036
vt 0.848962 0.294562
vt 0.879113 0.013157
vt 0.882951 0.013157
vt 0.881162 0.025176
vt 0.464561 0.841917
vt 0.468344 0.841369
vt 0.468344 0.853561
vt 0.848962 0.551443
vt 0.852769 0.551443
vt 0.850997 0.563557
vt 0.818881 0.244836
vt 0.822631 0.245438
vt 0.818881 0.257135
vt 0.822635 0.565931
vt 0.818881 0.565359
vt 0.822635 0.553647
vt 0.047005 0.853612
vt 0.043238 0.853061
vt 0.047005 0.841369
vt 0.498441 0.853561
vt 0.494658 0.853013
vt 0.498441 0.841369
vt 0.769401 0.853520
vt 0.765605 0.852955
vt 0.769401 0.841369
vt 0.882960 0.216723
vt 0.879113 0.216723
vt 0.881086 0.204733
vt 0.882960 0.369937
vt 0.879113 0.369937
vt 0.880987 0.357947
vt 0.799511 0.852955
vt 0.795715 0.853520
vt 0.795715 0.841369
vt 0.528537 0.853013
vt 0.524754 0.853561
vt 0.524754 0.841369
vt 0.077086 0.853061
vt 0.073319 0.853612
vt 0.073319 0.841369
vt 0.822636 0.603957
vt 0.818881 0.604529
vt 0.818881 0.592245
vt 0.822631 0.295146
vt 0.818881 0.295748
vt 0.818881 0.283449
vt 0.848962 0.589871
vt 0.852769 0.589871
vt 0.850734 0.601985
vt 0.554851 0.841369
vt 0.558634 0.841917
vt 0.554851 0.853561
vt 0.879113 0.051489
vt 0.882951 0.051489
vt 0.880901 0.063508
vt 0.848962 0.129176
vt 0.852758 0.128552
vt 0.852758 0.140703
s 0
usemtl clock_tower
f 769/907/209 790/908/209 770/909/210
f 790/908/209 791/910/210 770/909/210
f 770/909/211 791/910/211 771/911/212
f 791/910/211 792/912/212 771/911/212
f 771/911/213 792/912/213 772/913/214
f 792/912/215 793/914/214 772/913/214
f 772/915/216 793/916/216 773/917/217
f 793/916/216 794/918/217 773/917/217
f 773/917/218 794/918/218 774/919/219
f 794/918/218 795/920/219 774/919/219
f 774/919/220 795/920/220 775/921/221
f 795/920/220 796/922/221 775/921/221
f 775/921/222 796/922/222 776/923/223
f 796/922/222 797/924/223 776/923/223
f 776/923/224 797/924/224 777/925/225
f 797/924/224 798/926/225 777/925/225
f 777/927/226 798/928/226 778/929/227
f 798/928/226 799/930/227 778/929/227
f 778/929/228 799/930/228 779/931/229
f 799/930/228 800/932/229 779/931/229
f 779/931/229 800/932/229 780/933/230
f 800/932/229 801/934/230 780/933/230
f 780/933/231 801/934/231 781/935/232
f 801/934/231 802/936/232 781/935/232
f 781/935/233 802/936/233 782/937/234
f 802/936/235 803/938/234 782/937/234
f 782/939/236 803/940/236 783/941/237
f 803/940/236 804/942/237 783/941/237
f 783/941/238 804/942/238 784/943/239
f 804/942/238 805/944/239 784/943/239
f 784/943/240 805/944/240 785/945/241
f 805/944/240 806/946/241 785/945/241
f 785/945/242 806/946/242 786/947/243
f 806/946/242 807/948/243 786/947/243
f 786/947/244 807/948/244 787/949/245
f 807/948/244 808/950/245 787/949/245
f 787/951/246 808/952/246 788/953/247
f 808/952/246 809/954/247 788/953/247
f 788/953/248 809/954/248 789/955/209
f 809/954/248 810/956/209 789/955/209
f 831/957/249 832/958/249 811/959/249
f 832/960/249 833/961/249 812/962/249
f 833/963/249 834/964/249 813/965/249
f 834/966/249 835/967/249 814/968/249
f 835/969/249 836/970/249 815/971/249
f 836/972/249 837/973/249 816/974/249
f 837/975/249 838/976/249 817/977/249
f 838/978/249 839/979/249 818/980/249
f 839/981/249 840/982/249 819/983/249
f 840/984/249 841/985/249 820/986/249
f 841/987/249 842/988/249 821/989/249
f 842/990/249 843/991/249 822/992/249
f 843/993/249 844/994/249 823/995/249
f 844/996/249 845/997/249 824/998/249
f 845/999/249 846/1000/249 825/1001/249
f 846/1002/249 847/1003/249 826/1004/249
f 847/1005/249 848/1006/249 827/1007/249
f 848/1008/249 849/1009/249 828/1010/249
f 849/1011/249 850/1012/249 829/1013/249
f 850/1014/249 851/1015/249 830/1016/249
f 873/1017/250 872/1018/250 852/1019/250
f 874/1020/250 873/1021/250 853/1022/250
f 875/1023/250 874/1024/250 854/1025/250
f 876/1026/250 875/1027/250 855/1028/250
f 877/1029/250 876/1030/250 856/1031/250
f 878/1032/250 877/1033/250 857/1034/250
f 879/1035/250 878/1036/250 858/1037/250
f 880/1038/250 879/1039/250 859/1040/250
f 881/1041/250 880/1042/250 860/1043/250
f 882/1044/250 881/1045/250 861/1046/250
f 883/1047/250 882/1048/250 862/1049/250
f 884/1050/250 883/1051/250 863/1052/250
f 885/1053/250 884/1054/250 864/1055/250
f 886/1056/250 885/1057/250 865/1058/250
f 887/1059/250 886/1060/250 866/1061/250
f 888/1062/250 887/1063/250 867/1064/250
f 889/1065/250 888/1066/250 868/1067/250
f 890/1068/250 889/1069/250 869/1070/250
f 891/1071/250 890/1072/250 870/1073/250
f 892/1074/250 891/1075/250 871/1076/250
o cornice
v -2.575000 9.018134 -2.685001
v -2.575000 9.235200 2.684999
v -2.575000 9.235200 -2.685001
v -2.575000 9.018134 -2.685001
v -2.575000 9.018134 2.684999
v -2.575000 9.235200 2.684999
v 2.575000 9.018134 -2.685001
v 2.575000 9.235200 -2.685001
v 2.575000 9.235200 2.684999
v 2.575000 9.018134 -2.685001
v 2.575000 9.235200 2.684999
v 2.575000 9.018134 2.684999
v -2.535000 8.978667 -2.685001
v 2.535000 8.978667 -2.685001
v 2.535000 8.978667 2.684999
v -2.535000 8.978667 -2.685001
v 2.535000 8.978667 2.684999
v -2.535000 8.978667 2.684999
v -2.535000 9.274666 -2.685001
v 2.535000 9.274666 2.684999
v 2.535000 9.274666 -2.685001
v -2.535000 9.274666 -2.685001
v -2.535000 9.274666 2.684999
v 2.535000 9.274666 2.684999
v -2.535000 9.018134 -2.725001
v 2.535000 9.235200 -2.725001
v 2.535000 9.018134 -2.725001
v -2.535000 9.018134 -2.725001
v -2.535000 9.235200 -2.725001
v 2.535000 9.235200 -2.725001
v -2.535000 9.018134 2.724999
v 2.535000 9.018134 2.724999
v 2.535000 9.235200 2.724999
v -2.535000 9.018134 2.724999
v 2.535000 9.235200 2.724999
v -2.535000 9.235200 2.724999
v -2.575000 9.018134 -2.685001
v -2.535000 8.978667 -2.685001
v -2.535000 8.978667 2.684999
v -2.575000 9.018134 -2.685001
v -2.535000 8.978667 2.684999
v -2.575000 9.018134 2.684999
v -2.575000 9.235200 -2.685001
v -2.535000 9.274666 2.684999
v -2.535000 9.274666 -2.685001
v -2.575000 9.235200 -2.685001
v -2.575000 9.235200 2.684999
v -2.535000 9.274666 2.684999
v 2.575000 9.018134 -2.685001
v 2.535000 8.978667 2.684999
v 2.535000 8.978667 -2.685001
v 2.575000 9.018134 -2.685001
v 2.575000 9.018134 2.684999
v 2.535000 8.978667 2.684999
v 2.575000 9.235200 -2.685001
v 2.535000 9.274666 -2.685001
v 2.535000 9.274666 2.684999
v 2.575000 9.235200 -2.685001
v 2.535000 9.274666 2.684999
v 2.575000 9.235200 2.684999
v -2.575000 9.018134 -2.685001
v -2.535000 9.235200 -2.725001
v -2.535000 9.018134 -2.725001
v -2.575000 9.018134 -2.685001
v -2.575000 9.235200 -2.685001
v -2.535000 9.235200 -2.725001
v -2.575000 9.018134 2.684999
v -2.535000 9.018134 2.724999
v -2.535000 9.235200 2.724999
v -2.575000 9.018134 2.684999
v -2.535000 9.235200 2.724999
v -2.575000 9.235200 2.684999
v 2.575000 9.018134 -2.685001
v 2.535000 9.018134 -2.725001
v 2.535000 9.235200 -2.725001
v 2.575000 9.018134 -2.685001
v 2.535000 9.235200 -2.725001
v 2.575000 9.235200 -2.685001
v 2.575000 9.018134 2.684999
v 2.535000 9.235200 2.724999
v 2.535000 9.018134 2.724999
v 2.575000 9.018134 2.684999
v 2.575000 9.235200 2.684999
v 2.535000 9.235200 2.724999
v -2.535000 8.978667 -2.685001
v -2.535000 9.018134 -2.725001
v 2.535000 9.018134 -2.725001
v -2.535000 8.978667 -2.685001
v 2.535000 9.018134 -2.725001
v 2.535000 8.978667 -2.685001
v -2.535000 8.978667 2.684999
v 2.535000 9.018134 2.724999
v -2.535000 9.018134 2.724999
v -2.535000 8.978667 2.684999
v 2.535000 8.978667 2.684999
v 2.535000 9.018134 2.724999
v -2.535000 9.274666 -2.685001
v 2.535000 9.235200 -2.725001
v -2.535000 9.235200 -2.725001
v -2.535000 9.274666 -2.685001
v 2.535000 9.274666 -2.685001
v 2.535000 9.235200 -2.725001
v -2.535000 9.274666 2.684999
v -2.535000 9.235200 2.724999
v 2.535000 9.235200 2.724999
v -2.535000 9.274666 2.684999
v 2.535000 9.235200 2.724999
v 2.535000 9.274666 2.684999
v -2.575000 9.018134 -2.685001
v -2.535000 9.018134 -2.725001
v -2.535000 8.978667 -2.685001
v -2.575000 9.018134 2.684999
v -2.535000 8.978667 2.684999
v -2.535000 9.018134 2.724999
v -2.575000 9.235200 -2.685001
v -2.535000 9.274666 -2.685001
v -2.535000 9.235200 -2.725001
v -2.575000 9.235200 2.684999
v -2.535000 9.235200 2.724999
v -2.535000 9.274666 2.684999
v 2.575000 9.018134 -2.685001
v 2.535000 8.978667 -2.685001
v 2.535000 9.018134 -2.725001
v 2.575000 9.018134 2.684999
v 2.535000 9.018134 2.724999
v 2.535000 8.978667 2.684999
v 2.575000 9.235200 -2.685001
v 2.535000 9.235200 -2.725001
v 2.535000 9.274666 -2.685001
v 2.575000 9.235200 2.684999
v 2.535000 9.274666 2.684999
v 2.535000 9.235200 2.724999
vn -1.0000 -0.0000 -0.0000
vn 1.0000 -0.0000 -0.0000
vn -0.0000 -1.0000 -0.0000
vn -0.0000 1.0000 -0.0000
vn -0.0000 -0.0000 -1.0000
vn -0.0000 -0.0000 1.0000
vn -0.7023 -0.7118 -0.0000
vn -0.7023 0.7118 -0.0000
vn 0.7023 -0.7118 -0.0000
vn 0.7023 0.7118 -0.0000
vn -0.7071 -0.0000 -0.7071
vn -0.7071 -0.0000 0.7071
vn 0.7071 -0.0000 -0.7071
vn 0.7071 -0.0000 0.7071
vn -0.0000 -0.7118 -0.7023
vn -0.0000 -0.7118 -0.7024
vn -0.0000 -0.7118 0.7023
vn -0.0000 -0.7118 0.7024
vn -0.0000 0.7118 -0.7023
vn -0.0000 0.7118 0.7023
vn -0.5747 -0.5825 -0.5748
vn -0.5747 -0.5825 0.5748
vn -0.5748 0.5825 -0.5747
vn -0.5748 0.5825 0.5747
vn 0.5747 -0.5825 -0.5748
vn 0.5747 -0.5825 0.5748
vn 0.5748 0.5825 -0.5747
vn 0.5748 0.5825 0.5747
vt 0.733856 0.592761
vt 0.736328 0.549518
vt 0.736328 0.592761
vt 0.733856 0.662318
vt 0.733856 0.619075
vt 0.736328 0.619075
vt 0.736324 0.523204
vt 0.733856 0.523063
vt 0.736324 0.479890
vt 0.736328 0.731875
vt 0.733856 0.688632
vt 0.736328 0.688632
vt 0.191734 0.400322
vt 0.149751 0.360684
vt 0.191734 0.316216
vt 0.013157 0.400322
vt 0.013157 0.316216
vt 0.055140 0.355854
vt 0.081454 0.400322
vt 0.081454 0.316216
vt 0.123437 0.360684
vt 0.260031 0.400322
vt 0.218048 0.355854
vt 0.260031 0.316216
vt 0.765114 0.053984
vt 0.762642 0.013157
vt 0.765114 0.013157
vt 0.765114 0.121126
vt 0.762642 0.121126
vt 0.762642 0.080298
vt 0.765114 0.147439
vt 0.765114 0.188267
vt 0.762642 0.188267
vt 0.765114 0.214580
vt 0.762642 0.255408
vt 0.762642 0.214580
vt 0.227767 0.663269
vt 0.227311 0.663269
vt 0.227311 0.602114
vt 0.281305 0.663269
vt 0.280850 0.602114
vt 0.281305 0.602114
vt 0.307619 0.663269
vt 0.308075 0.602114
vt 0.308075 0.663269
vt 0.334388 0.663269
vt 0.334388 0.602114
vt 0.334844 0.602114
vt 0.361158 0.663269
vt 0.361613 0.602114
vt 0.361613 0.663269
vt 0.387927 0.663269
vt 0.387927 0.602114
vt 0.388383 0.602114
vt 0.254536 0.663269
vt 0.254081 0.663269
vt 0.254081 0.602114
vt 0.415152 0.663269
vt 0.414696 0.602114
vt 0.415152 0.602114
vt 0.609149 0.953622
vt 0.609149 0.956176
vt 0.608525 0.953784
vt 0.635462 0.953622
vt 0.636086 0.956014
vt 0.635462 0.956176
vt 0.663023 0.956176
vt 0.662400 0.956014
vt 0.663023 0.953622
vt 0.689337 0.956176
vt 0.689337 0.953622
vt 0.689960 0.953784
vt 0.716274 0.953622
vt 0.716897 0.953784
vt 0.716274 0.956176
vt 0.743834 0.953622
vt 0.743834 0.956176
vt 0.743211 0.956014
vt 0.770148 0.956176
vt 0.770148 0.953621
vt 0.770772 0.956014
vt 0.797709 0.956176
vt 0.797085 0.953784
vt 0.797709 0.953622
vt 0.653364 0.352555
vt 0.653820 0.352559
vt 0.653364 0.410296
vt 0.653820 0.436610
vt 0.653820 0.494350
vt 0.653364 0.494347
vt 0.653364 0.578404
vt 0.653364 0.520664
vt 0.653820 0.578401
vt 0.653820 0.662459
vt 0.653364 0.604722
vt 0.653820 0.604718
vt 0.680589 0.013157
vt 0.680589 0.070897
vt 0.680133 0.013160
vt 0.680133 0.097211
vt 0.680589 0.154948
vt 0.680133 0.154952
vt 0.680589 0.239006
vt 0.680133 0.239002
vt 0.680589 0.181265
vt 0.680133 0.323060
vt 0.680133 0.265320
vt 0.680589 0.265323
vt 0.967960 0.864708
vt 0.967960 0.865352
vt 0.967510 0.865030
vt 0.967960 0.892310
vt 0.967510 0.891988
vt 0.967960 0.891666
vt 0.013157 0.986199
vt 0.013606 0.986521
vt 0.013157 0.986843
vt 0.039920 0.986843
vt 0.039920 0.986199
vt 0.040370 0.986521
vt 0.967510 0.918624
vt 0.967960 0.918946
vt 0.967510 0.919268
vt 0.967510 0.946226
vt 0.967510 0.945582
vt 0.967960 0.945904
vt 0.067133 0.986199
vt 0.067133 0.986843
vt 0.066683 0.986521
vt 0.093896 0.986843
vt 0.093447 0.986521
vt 0.093896 0.986199
s 0
usemtl clock_tower
f 893/1077/251 894/1078/251 895/1079/251
f 896/1080/251 897/1081/251 898/1082/251
f 899/1083/252 900/1084/252 901/1085/252
f 902/1086/252 903/1087/252 904/1088/252
f 905/1089/253 906/1090/253 907/1091/253
f 908/1092/253 909/1093/253 910/1094/253
f 911/1095/254 912/1096/254 913/1097/254
f 914/1098/254 915/1099/254 916/1100/254
f 917/1101/255 918/1102/255 919/1103/255
f 920/1104/255 921/1105/255 922/1106/255
f 923/1107/256 924/1108/256 925/1109/256
f 926/1110/256 927/1111/256 928/1112/256
f 929/1113/257 930/1114/257 931/1115/257
f 932/1116/257 933/1117/257 934/1118/257
f 935/1119/258 936/1120/258 937/1121/258
f 938/1122/258 939/1123/258 940/1124/258
f 941/1125/259 942/1126/259 943/1127/259
f 944/1128/259 945/1129/259 946/1130/259
f 947/1131/260 948/1132/260 949/1133/260
f 950/1134/260 951/1135/260 952/1136/260
f 953/1137/261 954/1138/261 955/1139/261
f 956/1140/261 957/1141/261 958/1142/261
f 959/1143/262 960/1144/262 961/1145/262
f 962/1146/262 963/1147/262 964/1148/262
f 965/1149/263 966/1150/263 967/1151/263
f 968/1152/263 969/1153/263 970/1154/263
f 971/1155/264 972/1156/264 973/1157/264
f 974/1158/264 975/1159/264 976/1160/264
f 977/1161/265 978/1162/265 979/1163/265
f 980/1164/266 981/1165/266 982/1166/266
f 983/1167/267 984/1168/267 985/1169/267
f 986/1170/268 987/1171/268 988/1172/268
f 989/1173/269 990/1174/269 991/1175/269
f 992/1176/269 993/1177/269 994/1178/269
f 995/1179/270 996/1180/270 997/1181/270
f 998/1182/270 999/1183/270 1000/1184/270
f 1001/1185/271 1002/1186/271 1003/1187/271
f 1004/1188/272 1005/1189/272 1006/1190/272
f 1007/1191/273 1008/1192/273 1009/1193/273
f 1010/1194/274 1011/1195/274 1012/1196/274
f 1013/1197/275 1014/1198/275 1015/1199/275
f 1016/1200/276 1017/1201/276 1018/1202/276
f 1019/1203/277 1020/1204/277 1021/1205/277
f 1022/1206/278 1023/1207/278 1024/1208/278
o door_slit_l
v -0.825000 2.466667 2.540000
v -0.825000 2.466667 2.460000
v -0.825000 1.184000 2.540000
v -0.825000 1.184000 2.460000
v -1.375000 2.466667 2.460000
v -1.375000 2.466667 2.540000
v -1.375000 1.184000 2.460000
v -1.375000 1.184000 2.540000
v -1.375000 2.466667 2.460000
v -0.825000 2.466667 2.460000
v -1.375000 2.466667 2.540000
v -0.825000 2.466667 2.540000
v -1.375000 1.184000 2.540000
v -0.825000 1.184000 2.540000
v -1.375000 1.184000 2.460000
v -0.825000 1.184000 2.460000
v -1.375000 2.466667 2.540000
v -0.825000 2.466667 2.540000
v -1.375000 1.184000 2.540000
v -0.825000 1.184000 2.540000
v -0.825000 2.466667 2.460000
v -1.375000 2.466667 2.460000
v -0.825000 1.184000 2.460000
v -1.375000 1.184000 2.460000
vn 1.0000 -0.0000 -0.0000
vn -1.0000 -0.0000 -0.0000
vn -0.0000 1.0000 -0.0000
vn -0.0000 -1.0000 -0.0000
vn -0.0000 -0.0000 1.0000
vn -0.0000 -0.0000 -1.0000
vt 0.879113 0.656863
vt 0.879113 0.642255
vt 0.880024 0.656863
vt 0.880024 0.642256
vt 0.880024 0.683177
vt 0.880024 0.697784
vt 0.879113 0.683177
vt 0.879113 0.697784
vt 0.939736 0.486309
vt 0.938825 0.486309
vt 0.939736 0.480046
vt 0.938825 0.480046
vt 0.938825 0.512623
vt 0.939736 0.512623
vt 0.938825 0.518887
vt 0.939736 0.518887
vt 0.647858 0.791090
vt 0.647858 0.776483
vt 0.654122 0.791090
vt 0.654122 0.776483
vt 0.680436 0.791090
vt 0.680436 0.776483
vt 0.686699 0.791090
vt 0.686699 0.776483
s 0
usemtl clock_tower
f 1025/1209/279 1027/1210/279 1026/1211/279
f 1027/1210/279 1028/1212/279 1026/1211/279
f 1029/1213/280 1031/1214/280 1030/1215/280
f 1031/1214/280 1032/1216/280 1030/1215/280
f 1033/1217/281 1035/1218/281 1034/1219/281
f 1035/1218/281 1036/1220/281 1034/1219/281
f 1037/1221/282 1039/1222/282 1038/1223/282
f 1039/1222/282 1040/1224/282 1038/1223/282
f 1041/1225/283 1043/1226/283 1042/1227/283
f 1043/1226/283 1044/1228/283 1042/1227/283
f 1045/1229/284 1047/1230/284 1046/1231/284
f 1047/1230/284 1048/1232/284 1046/1231/284
o door_slit_r
v 1.375000 2.466667 2.540000
v 1.375000 2.466667 2.460000
v 1.375000 1.184000 2.540000
v 1.375000 1.184000 2.460000
v 0.825000 2.466667 2.460000
v 0.825000 2.466667 2.540000
v 0.825000 1.184000 2.460000
v 0.825000 1.184000 2.540000
v 0.825000 2.466667 2.460000
v 1.375000 2.466667 2.460000
v 0.825000 2.466667 2.540000
v 1.375000 2.466667 2.540000
v 0.825000 1.184000 2.540000
v 1.375000 1.184000 2.540000
v 0.825000 1.184000 2.460000
v 1.375000 1.184000 2.460000
v 0.825000 2.466667 2.540000
v 1.375000 2.466667 2.540000
v 0.825000 1.184000 2.540000
v 1.375000 1.184000 2.540000
v 1.375000 2.466667 2.460000
v 0.825000 2.466667 2.460000
v 1.375000 1.184000 2.460000
v 0.825000 1.184000 2.460000
vn 1.0000 -0.0000 -0.0000
vn -1.0000 -0.0000 -0.0000
vn -0.0000 1.0000 -0.0000
vn -0.0000 -1.0000 -0.0000
vn -0.0000 -0.0000 1.0000
vn -0.0000 -0.0000 -1.0000
vt 0.879113 0.738705
vt 0.879113 0.724098
vt 0.880024 0.738705
vt 0.880024 0.724098
vt 0.880024 0.765019
vt 0.880024 0.779626
vt 0.879113 0.765019
vt 0.879113 0.779626
vt 0.939736 0.551464
vt 0.938825 0.551464
vt 0.939736 0.545200
vt 0.938825 0.545200
vt 0.938825 0.577778
vt 0.939736 0.577778
vt 0.938825 0.584041
vt 0.939736 0.584041
vt 0.713013 0.791090
vt 0.713013 0.776483
vt 0.719277 0.791090
vt 0.719277 0.776483
vt 0.745590 0.791090
vt 0.745590 0.776483
vt 0.751854 0.791090
vt 0.751854 0.776483
s 0
usemtl clock_tower
f 1049/1233/285 1051/1234/285 1050/1235/285
f 1051/1234/285 1052/1236/285 1050/1235/285
f 1053/1237/286 1055/1238/286 1054/1239/286
f 1055/1238/286 1056/1240/286 1054/1239/286
f 1057/1241/287 1059/1242/287 1058/1243/287
f 1059/1242/287 1060/1244/287 1058/1243/287
f 1061/1245/288 1063/1246/288 1062/1247/288
f 1063/1246/288 1064/1248/288 1062/1247/288
f 1065/1249/289 1067/1250/289 1066/1251/289
f 1067/1250/289 1068/1252/289 1066/1251/289
f 1069/1253/290 1071/1254/290 1070/1255/290
f 1071/1254/290 1072/1256/290 1070/1255/290
o finial
v 0.000000 11.100000 0.059999
v 0.042426 11.100000 0.042426
v 0.060000 11.100000 -0.000001
v 0.042426 11.100000 -0.042427
v 0.000000 11.100000 -0.060001
v -0.042426 11.100000 -0.042427
v -0.060000 11.100000 -0.000001
v -0.042426 11.100000 0.042426
v -0.000000 11.100000 0.059999
v 0.000000 10.705334 0.159999
v 0.113137 10.705334 0.113136
v 0.160000 10.705334 -0.000001
v 0.113137 10.705334 -0.113138
v 0.000000 10.705334 -0.160001
v -0.113137 10.705334 -0.113138
v -0.160000 10.705334 -0.000001
v -0.113137 10.705334 0.113136
v -0.000000 10.705334 0.159999
v 0.000000 11.100000 -0.000001
v 0.000000 11.100000 -0.000001
v 0.000000 11.100000 -0.000001
v 0.000000 11.100000 -0.000001
v 0.000000 11.100000 -0.000001
v 0.000000 11.100000 -0.000001
v 0.000000 11.100000 -0.000001
v 0.000000 11.100000 -0.000001
v 0.000000 11.100000 0.059999
v 0.042426 11.100000 0.042426
v 0.060000 11.100000 -0.000001
v 0.042426 11.100000 -0.042427
v 0.000000 11.100000 -0.060001
v -0.042426 11.100000 -0.042427
v -0.060000 11.100000 -0.000001
v -0.042426 11.100000 0.042426
v -0.000000 11.100000 0.059999
v 0.000000 10.705334 -0.000001
v 0.000000 10.705334 -0.000001
v 0.000000 10.705334 -0.000001
v 0.000000 10.705334 -0.000001
v 0.000000 10.705334 -0.000001
v 0.000000 10.705334 -0.000001
v 0.000000 10.705334 -0.000001
v 0.000000 10.705334 -0.000001
v 0.000000 10.705334 0.159999
v 0.113137 10.705334 0.113136
v 0.160000 10.705334 -0.000001
v 0.113137 10.705334 -0.113138
v 0.000000 10.705334 -0.160001
v -0.113137 10.705334 -0.113138
v -0.160000 10.705334 -0.000001
v -0.113137 10.705334 0.113136
v -0.000000 10.705334 0.159999
vn -0.0000 0.2456 0.9694
vn 0.6854 0.2456 0.6855
vn 0.6855 0.2456 0.6854
vn 0.9694 0.2456 -0.0000
vn 0.6855 0.2456 -0.6854
vn 0.6854 0.2456 -0.6855
vn 0.6854 0.2457 -0.6855
vn -0.0000 0.2456 -0.9694
vn -0.6854 0.2456 -0.6855
vn -0.6855 0.2456 -0.6854
vn -0.9694 0.2456 -0.0000
vn -0.6855 0.2456 0.6854
vn -0.6854 0.2456 0.6855
vn -0.6854 0.2457 0.6855
vn -0.0000 1.0000 -0.0000
vn -0.0000 -1.0000 -0.0000
vt 0.230992 0.958238
vt 0.230556 0.953621
vt 0.231515 0.958238
vt 0.231951 0.953621
vt 0.555142 0.958204
vt 0.555520 0.953622
vt 0.555520 0.958237
vt 0.527817 0.953622
vt 0.528829 0.953622
vt 0.528797 0.958219
vt 0.176098 0.953622
vt 0.176534 0.958238
vt 0.175575 0.953622
vt 0.175139 0.958238
vt 0.941165 0.256063
vt 0.941196 0.260661
vt 0.940786 0.256063
vt 0.940185 0.260661
vt 0.940276 0.255947
vt 0.938825 0.260351
vt 0.582212 0.953655
vt 0.581834 0.958237
vt 0.581834 0.953622
vt 0.501503 0.958219
vt 0.500492 0.958219
vt 0.500523 0.953621
vt 0.203283 0.958238
vt 0.202848 0.953622
vt 0.203806 0.958238
vt 0.204242 0.953622
vt 0.473198 0.958219
vt 0.473167 0.953621
vt 0.473577 0.958219
vt 0.474178 0.953621
vt 0.967510 0.622151
vt 0.968033 0.622151
vt 0.967772 0.622782
vt 0.967510 0.649096
vt 0.968033 0.649096
vt 0.967772 0.649727
vt 0.968033 0.676672
vt 0.967510 0.676672
vt 0.967772 0.676041
vt 0.967993 0.541843
vt 0.967510 0.541643
vt 0.967993 0.541160
vt 0.967993 0.568840
vt 0.967510 0.568640
vt 0.967993 0.568157
vt 0.968033 0.703617
vt 0.967510 0.703617
vt 0.967772 0.702986
vt 0.967510 0.729931
vt 0.968033 0.729931
vt 0.967772 0.730563
vt 0.967510 0.595354
vt 0.967993 0.595154
vt 0.967993 0.595837
vt 0.824023 0.953622
vt 0.825417 0.953622
vt 0.824720 0.955305
vt 0.851731 0.953622
vt 0.853126 0.953622
vt 0.852428 0.955305
vt 0.880834 0.955305
vt 0.879439 0.955305
vt 0.880136 0.953622
vt 0.908542 0.955305
vt 0.907147 0.955305
vt 0.907845 0.953621
vt 0.936250 0.955305
vt 0.934856 0.955305
vt 0.935553 0.953622
vt 0.968905 0.014840
vt 0.967510 0.014840
vt 0.968207 0.013157
vt 0.967510 0.041154
vt 0.968905 0.041154
vt 0.968207 0.042837
vt 0.967510 0.069151
vt 0.968905 0.069151
vt 0.968207 0.070835
s 0
usemtl clock_tower
f 1073/1257/291 1082/1258/291 1074/1259/292
f 1082/1258/291 1083/1260/292 1074/1259/292
f 1074/1261/293 1083/1262/293 1075/1263/294
f 1083/1264/293 1084/1265/294 1075/1266/294
f 1075/1267/294 1084/1268/294 1076/1269/295
f 1084/1268/294 1085/1270/295 1076/1269/295
f 1076/1271/296 1085/1272/297 1077/1273/298
f 1085/1272/296 1086/1274/298 1077/1273/298
f 1077/1273/298 1086/1274/298 1078/1275/299
f 1086/1274/298 1087/1276/299 1078/1275/299
f 1078/1277/300 1087/1278/300 1079/1279/301
f 1087/1280/300 1088/1281/301 1079/1282/301
f 1079/1283/301 1088/1284/301 1080/1285/302
f 1088/1284/301 1089/1286/302 1080/1285/302
f 1080/1287/303 1089/1288/304 1081/1289/291
f 1089/1288/303 1090/1290/291 1081/1289/291
f 1099/1291/305 1100/1292/305 1091/1293/305
f 1100/1294/305 1101/1295/305 1092/1296/305
f 1101/1297/305 1102/1298/305 1093/1299/305
f 1102/1300/305 1103/1301/305 1094/1302/305
f 1103/1303/305 1104/1304/305 1095/1305/305
f 1104/1306/305 1105/1307/305 1096/1308/305
f 1105/1309/305 1106/1310/305 1097/1311/305
f 1106/1312/305 1107/1313/305 1098/1314/305
f 1117/1315/306 1116/1316/306 1108/1317/306
f 1118/1318/306 1117/1319/306 1109/1320/306
f 1119/1321/306 1118/1322/306 1110/1323/306
f 1120/1324/306 1119/1325/306 1111/1326/306
f 1121/1327/306 1120/1328/306 1112/1329/306
f 1122/1330/306 1121/1331/306 1113/1332/306
f 1123/1333/306 1122/1334/306 1114/1335/306
f 1124/1336/306 1123/1337/306 1115/1338/306
o hand_hour_back
v 0.337854 8.168156 -2.675001
v 0.337854 8.168156 -2.725001
v -0.069476 7.849228 -2.675000
v -0.069476 7.849228 -2.725000
v 0.269476 8.253172 -2.725001
v 0.269476 8.253172 -2.675001
v -0.137854 7.934245 -2.725001
v -0.137854 7.934245 -2.675001
v 0.269476 8.253172 -2.725001
v 0.337854 8.168156 -2.725001
v 0.269476 8.253172 -2.675001
v 0.337854 8.168156 -2.675001
v -0.137854 7.934245 -2.675001
v -0.069476 7.849228 -2.675000
v -0.137854 7.934245 -2.725001
v -0.069476 7.849228 -2.725000
v 0.269476 8.253172 -2.675001
v 0.337854 8.168156 -2.675001
v -0.137854 7.934245 -2.675001
v -0.069476 7.849228 -2.675000
v 0.337854 8.168156 -2.725001
v 0.269476 8.253172 -2.725001
v -0.069476 7.849228 -2.725000
v -0.137854 7.934245 -2.725001
vn 0.6165 -0.7874 -0.0000
vn -0.6165 0.7874 -0.0000
vn 0.7792 0.6267 -0.0000
vn -0.7792 -0.6267 -0.0000
vn -0.0000 -0.0000 1.0000
vn -0.0000 -0.0000 -1.0000
vt 0.067607 0.959513
vt 0.067607 0.953622
vt 0.068176 0.959513
vt 0.068176 0.953622
vt 0.121942 0.953622
vt 0.121942 0.959513
vt 0.121373 0.953622
vt 0.121373 0.959513
vt 0.968080 0.378396
vt 0.967510 0.378396
vt 0.968080 0.377154
vt 0.967510 0.377154
vt 0.967510 0.322041
vt 0.968079 0.322041
vt 0.967510 0.323284
vt 0.968079 0.323284
vt 0.938825 0.357051
vt 0.938825 0.351160
vt 0.940067 0.357067
vt 0.940068 0.351176
vt 0.938825 0.389289
vt 0.938825 0.383397
vt 0.940067 0.389273
vt 0.940067 0.383381
s 0
usemtl clock_tower
f 1125/1339/307 1127/1340/307 1126/1341/307
f 1127/1340/307 1128/1342/307 1126/1341/307
f 1129/1343/308 1131/1344/308 1130/1345/308
f 1131/1344/308 1132/1346/308 1130/1345/308
f 1133/1347/309 1135/1348/309 1134/1349/309
f 1135/1348/309 1136/1350/309 1134/1349/309
f 1137/1351/310 1139/1352/310 1138/1353/310
f 1139/1352/310 1140/1354/310 1138/1353/310
f 1141/1355/311 1143/1356/311 1142/1357/311
f 1143/1356/311 1144/1358/311 1142/1357/311
f 1145/1359/312 1147/1360/312 1146/1361/312
f 1147/1360/312 1148/1362/312 1146/1361/312
o hand_hour_front
v 0.337854 8.168156 2.724999
v 0.337854 8.168156 2.674999
v -0.069476 7.849228 2.724999
v -0.069476 7.849228 2.674999
v 0.269476 8.253172 2.674999
v 0.269476 8.253172 2.724999
v -0.137854 7.934245 2.674999
v -0.137854 7.934245 2.724999
v 0.269476 8.253172 2.674999
v 0.337854 8.168156 2.674999
v 0.269476 8.253172 2.724999
v 0.337854 8.168156 2.724999
v -0.137854 7.934245 2.724999
v -0.069476 7.849228 2.724999
v -0.137854 7.934245 2.674999
v -0.069476 7.849228 2.674999
v 0.269476 8.253172 2.724999
v 0.337854 8.168156 2.724999
v -0.137854 7.934245 2.724999
v -0.069476 7.849228 2.724999
v 0.337854 8.168156 2.674999
v 0.269476 8.253172 2.674999
v -0.069476 7.849228 2.674999
v -0.137854 7.934245 2.674999
vn 0.6165 -0.7874 -0.0000
vn -0.6165 0.7874 -0.0000
vn 0.7792 0.6267 -0.0000
vn -0.7792 -0.6267 -0.0000
vn -0.0000 -0.0000 1.0000
vn -0.0000 -0.0000 -1.0000
vt 0.094490 0.959513
vt 0.094490 0.953622
vt 0.095059 0.959513
vt 0.095059 0.953622
vt 0.148825 0.953622
vt 0.148825 0.959513
vt 0.148256 0.953622
vt 0.148256 0.959513
vt 0.968079 0.405952
vt 0.967510 0.405952
vt 0.968079 0.404710
vt 0.967510 0.404710
vt 0.967510 0.349597
vt 0.968079 0.349597
vt 0.967510 0.350840
vt 0.968079 0.350840
vt 0.938825 0.421494
vt 0.938825 0.415603
vt 0.940068 0.421510
vt 0.940068 0.415619
vt 0.938825 0.453732
vt 0.938825 0.447841
vt 0.940068 0.453716
vt 0.940068 0.447824
s 0
usemtl clock_tower
f 1149/1363/313 1151/1364/313 1150/1365/313
f 1151/1364/313 1152/1366/313 1150/1365/313
f 1153/1367/314 1155/1368/314 1154/1369/314
f 1155/1368/314 1156/1370/314 1154/1369/314
f 1157/1371/315 1159/1372/315 1158/1373/315
f 1159/1372/315 1160/1374/315 1158/1373/315
f 1161/1375/316 1163/1376/316 1162/1377/316
f 1163/1376/316 1164/1378/316 1162/1377/316
f 1165/1379/317 1167/1380/317 1166/1381/317
f 1167/1380/317 1168/1382/317 1166/1381/317
f 1169/1383/318 1171/1384/318 1170/1385/318
f 1171/1384/318 1172/1386/318 1170/1385/318
o hand_minute_back
v -0.169584 8.632806 -2.675001
v -0.169584 8.632806 -2.725001
v 0.104734 7.891327 -2.675000
v 0.104734 7.891327 -2.725000
v -0.244734 8.605740 -2.725001
v -0.244734 8.605740 -2.675001
v 0.029584 7.864261 -2.725000
v 0.029584 7.864261 -2.675000
v -0.244734 8.605740 -2.725001
v -0.169584 8.632806 -2.725001
v -0.244734 8.605740 -2.675001
v -0.169584 8.632806 -2.675001
v 0.029584 7.864261 -2.675000
v 0.104734 7.891327 -2.675000
v 0.029584 7.864261 -2.725000
v 0.104734 7.891327 -2.725000
v -0.244734 8.605740 -2.675001
v -0.169584 8.632806 -2.675001
v 0.029584 7.864261 -2.675000
v 0.104734 7.891327 -2.675000
v -0.169584 8.632806 -2.725001
v -0.244734 8.605740 -2.725001
v 0.104734 7.891327 -2.725000
v 0.029584 7.864261 -2.725000
vn 0.9379 0.3470 -0.0000
vn -0.9379 -0.3470 -0.0000
vn -0.3389 0.9408 -0.0000
vn 0.3389 -0.9408 -0.0000
vn -0.0000 -0.0000 1.0000
vn -0.0000 -0.0000 -1.0000
vt 0.938825 0.057486
vt 0.938825 0.048482
vt 0.939395 0.057486
vt 0.939395 0.048482
vt 0.939395 0.083799
vt 0.939395 0.092803
vt 0.938825 0.083799
vt 0.938825 0.092803
vt 0.968080 0.433176
vt 0.967510 0.433176
vt 0.968080 0.432266
vt 0.967510 0.432266
vt 0.967510 0.459490
vt 0.968080 0.459490
vt 0.967510 0.460399
vt 0.968080 0.460399
vt 0.833008 0.925715
vt 0.833008 0.916711
vt 0.833918 0.925707
vt 0.833918 0.916703
vt 0.860232 0.925707
vt 0.860232 0.916703
vt 0.861141 0.925715
vt 0.861141 0.916711
s 0
usemtl clock_tower
f 1173/1387/319 1175/1388/319 1174/1389/319
f 1175/1388/319 1176/1390/319 1174/1389/319
f 1177/1391/320 1179/1392/320 1178/1393/320
f 1179/1392/320 1180/1394/320 1178/1393/320
f 1181/1395/321 1183/1396/321 1182/1397/321
f 1183/1396/321 1184/1398/321 1182/1397/321
f 1185/1399/322 1187/1400/322 1186/1401/322
f 1187/1400/322 1188/1402/322 1186/1401/322
f 1189/1403/323 1191/1404/323 1190/1405/323
f 1191/1404/323 1192/1406/323 1190/1405/323
f 1193/1407/324 1195/1408/324 1194/1409/324
f 1195/1408/324 1196/1410/324 1194/1409/324
o hand_minute_front
v -0.169584 8.632806 2.724999
v -0.169584 8.632806 2.674999
v 0.104734 7.891327 2.724999
v 0.104734 7.891327 2.674999
v -0.244734 8.605740 2.674999
v -0.244734 8.605740 2.724999
v 0.029584 7.864261 2.674999
v 0.029584 7.864261 2.724999
v -0.244734 8.605740 2.674999
v -0.169584 8.632806 2.674999
v -0.244734 8.605740 2.724999
v -0.169584 8.632806 2.724999
v 0.029584 7.864261 2.724999
v 0.104734 7.891327 2.724999
v 0.029584 7.864261 2.674999
v 0.104734 7.891327 2.674999
v -0.244734 8.605740 2.724999
v -0.169584 8.632806 2.724999
v 0.029584 7.864261 2.724999
v 0.104734 7.891327 2.724999
v -0.169584 8.632806 2.674999
v -0.244734 8.605740 2.674999
v 0.104734 7.891327 2.674999
v 0.029584 7.864261 2.674999
vn 0.9379 0.3470 -0.0000
vn -0.9379 -0.3470 -0.0000
vn -0.3389 0.9408 -0.0000
vn 0.3389 -0.9408 -0.0000
vn -0.0000 -0.0000 1.0000
vn -0.0000 -0.0000 -1.0000
vt 0.938825 0.128120
vt 0.938825 0.119117
vt 0.939394 0.128120
vt 0.939394 0.119117
vt 0.939394 0.154434
vt 0.939394 0.163437
vt 0.938825 0.154434
vt 0.938825 0.163437
vt 0.968079 0.487623
vt 0.967510 0.487623
vt 0.968079 0.486713
vt 0.967510 0.486713
vt 0.967510 0.513937
vt 0.968079 0.513937
vt 0.967510 0.514846
vt 0.968079 0.514846
vt 0.887455 0.925715
vt 0.887455 0.916711
vt 0.888365 0.925707
vt 0.888365 0.916703
vt 0.938825 0.022160
vt 0.938825 0.013157
vt 0.939735 0.022168
vt 0.939735 0.013165
s 0
usemtl clock_tower
f 1197/1411/325 1199/1412/325 1198/1413/325
f 1199/1412/325 1200/1414/325 1198/1413/325
f 1201/1415/326 1203/1416/326 1202/1417/326
f 1203/1416/326 1204/1418/326 1202/1417/326
f 1205/1419/327 1207/1420/327 1206/1421/327
f 1207/1420/327 1208/1422/327 1206/1421/327
f 1209/1423/328 1211/1424/328 1210/1425/328
f 1211/1424/328 1212/1426/328 1210/1425/328
f 1213/1427/329 1215/1428/329 1214/1429/329
f 1215/1428/329 1216/1430/329 1214/1429/329
f 1217/1431/330 1219/1432/330 1218/1433/330
f 1219/1432/330 1220/1434/330 1218/1433/330
o roof
v 0.000000 10.804000 -0.000001
v 0.000000 10.804000 -0.000001
v 0.000000 10.804000 -0.000001
v 0.000000 10.804000 -0.000001
v 2.545584 9.274666 2.545584
v 2.545584 9.274666 -2.545585
v -2.545584 9.274666 -2.545585
v -2.545584 9.274666 2.545584
v 2.545584 9.274666 2.545584
v 0.000000 9.274666 -0.000001
v 0.000000 9.274666 -0.000001
v 0.000000 9.274666 -0.000001
v 0.000000 9.274666 -0.000001
v 2.545584 9.274666 2.545584
v 2.545584 9.274666 -2.545585
v -2.545584 9.274666 -2.545585
v -2.545584 9.274666 2.545584
v 2.545584 9.274666 2.545584
vn 0.2765 0.9204 0.2764
vn 0.2765 0.9204 -0.2765
vn 0.2765 0.9204 -0.2764
vn 0.2764 0.9204 -0.2765
vn -0.2765 0.9204 -0.2765
vn -0.2764 0.9204 -0.2765
vn -0.2765 0.9204 -0.2764
vn -0.2765 0.9204 0.2765
vn -0.2765 0.9204 0.2764
vn -0.2764 0.9204 0.2765
vn 0.2765 0.9204 0.2765
vn 0.2764 0.9204 0.2765
vn -0.0000 -1.0000 -0.0000
vt 0.097450 0.517821
vt 0.097450 0.567521
vt 0.068461 0.533701
vt 0.479108 0.226714
vt 0.479108 0.168735
vt 0.512927 0.197725
vt 0.123764 0.567521
vt 0.123764 0.517821
vt 0.152754 0.533701
vt 0.179068 0.575800
vt 0.179068 0.517821
vt 0.194949 0.546810
vt 0.479108 0.311008
vt 0.479108 0.253028
vt 0.508098 0.282018
vt 0.479108 0.395302
vt 0.479108 0.337322
vt 0.508098 0.366312
vt 0.042147 0.517821
vt 0.042147 0.575800
vt 0.013157 0.546810
vt 0.479108 0.479595
vt 0.479108 0.421615
vt 0.508098 0.450605
s 0
usemtl clock_tower
f 1225/1435/331 1226/1436/332 1221/1437/333
f 1226/1438/334 1227/1439/335 1222/1440/336
f 1227/1441/337 1228/1442/338 1223/1443/339
f 1228/1444/340 1229/1445/341 1224/1446/342
f 1235/1447/343 1234/1448/343 1230/1449/343
f 1236/1450/343 1235/1451/343 1231/1452/343
f 1237/1453/343 1236/1454/343 1232/1455/343
f 1238/1456/343 1237/1457/343 1233/1458/343
o shaft
v -2.300000 0.582133 -2.435000
v -2.300000 6.768533 2.434999
v -2.300000 6.768533 -2.435000
v -2.300000 0.582133 -2.435000
v -2.300000 0.582134 2.435000
v -2.300000 6.768533 2.434999
v 2.300000 0.582133 -2.435000
v 2.300000 6.768533 -2.435000
v 2.300000 6.768533 2.434999
v 2.300000 0.582133 -2.435000
v 2.300000 6.768533 2.434999
v 2.300000 0.582134 2.435000
v -2.260000 0.542667 -2.435000
v 2.260000 0.542667 -2.435000
v 2.260000 0.542667 2.435000
v -2.260000 0.542667 -2.435000
v 2.260000 0.542667 2.435000
v -2.260000 0.542667 2.435000
v -2.260000 6.808000 -2.435000
v 2.260000 6.808000 2.434999
v 2.260000 6.808000 -2.435000
v -2.260000 6.808000 -2.435000
v -2.260000 6.808000 2.434999
v 2.260000 6.808000 2.434999
v -2.260000 0.582133 -2.475000
v 2.260000 6.768533 -2.475000
v 2.260000 0.582133 -2.475000
v -2.260000 0.582133 -2.475000
v -2.260000 6.768533 -2.475000
v 2.260000 6.768533 -2.475000
v -2.260000 0.582134 2.475000
v 2.260000 0.582134 2.475000
v 2.260000 6.768533 2.474999
v -2.260000 0.582134 2.475000
v 2.260000 6.768533 2.474999
v -2.260000 6.768533 2.474999
v -2.300000 0.582133 -2.435000
v -2.260000 0.542667 -2.435000
v -2.260000 0.542667 2.435000
v -2.300000 0.582133 -2.435000
v -2.260000 0.542667 2.435000
v -2.300000 0.582134 2.435000
v -2.300000 6.768533 -2.435000
v -2.260000 6.808000 2.434999
v -2.260000 6.808000 -2.435000
v -2.300000 6.768533 -2.435000
v -2.300000 6.768533 2.434999
v -2.260000 6.808000 2.434999
v 2.300000 0.582133 -2.435000
v 2.260000 0.542667 2.435000
v 2.260000 0.542667 -2.435000
v 2.300000 0.582133 -2.435000
v 2.300000 0.582134 2.435000
v 2.260000 0.542667 2.435000
v 2.300000 6.768533 -2.435000
v 2.260000 6.808000 -2.435000
v 2.260000 6.808000 2.434999
v 2.300000 6.768533 -2.435000
v 2.260000 6.808000 2.434999
v 2.300000 6.768533 2.434999
v -2.300000 0.582133 -2.435000
v -2.260000 6.768533 -2.475000
v -2.260000 0.582133 -2.475000
v -2.300000 0.582133 -2.435000
v -2.300000 6.768533 -2.435000
v -2.260000 6.768533 -2.475000
v -2.300000 0.582134 2.435000
v -2.260000 0.582134 2.475000
v -2.260000 6.768533 2.474999
v -2.300000 0.582134 2.435000
v -2.260000 6.768533 2.474999
v -2.300000 6.768533 2.434999
v 2.300000 0.582133 -2.435000
v 2.260000 0.582133 -2.475000
v 2.260000 6.768533 -2.475000
v 2.300000 0.582133 -2.435000
v 2.260000 6.768533 -2.475000
v 2.300000 6.768533 -2.435000
v 2.300000 0.582134 2.435000
v 2.260000 6.768533 2.474999
v 2.260000 0.582134 2.475000
v 2.300000 0.582134 2.435000
v 2.300000 6.768533 2.434999
v 2.260000 6.768533 2.474999
v -2.260000 0.542667 -2.435000
v -2.260000 0.582133 -2.475000
v 2.260000 0.582133 -2.475000
v -2.260000 0.542667 -2.435000
v 2.260000 0.582133 -2.475000
v 2.260000 0.542667 -2.435000
v -2.260000 0.542667 2.435000
v 2.260000 0.582134 2.475000
v -2.260000 0.582134 2.475000
v -2.260000 0.542667 2.435000
v 2.260000 0.542667 2.435000
v 2.260000 0.582134 2.475000
v -2.260000 6.808000 -2.435000
v 2.260000 6.768533 -2.475000
v -2.260000 6.768533 -2.475000
v -2.260000 6.808000 -2.435000
v 2.260000 6.808000 -2.435000
v 2.260000 6.768533 -2.475000
v -2.260000 6.808000 2.434999
v -2.260000 6.768533 2.474999
v 2.260000 6.768533 2.474999
v -2.260000 6.808000 2.434999
v 2.260000 6.768533 2.474999
v 2.260000 6.808000 2.434999
v -2.300000 0.582133 -2.435000
v -2.260000 0.582133 -2.475000
v -2.260000 0.542667 -2.435000
v -2.300000 0.582134 2.435000
v -2.260000 0.542667 2.435000
v -2.260000 0.582134 2.475000
v -2.300000 6.768533 -2.435000
v -2.260000 6.808000 -2.435000
v -2.260000 6.768533 -2.475000
v -2.300000 6.768533 2.434999
v -2.260000 6.768533 2.474999
v -2.260000 6.808000 2.434999
v 2.300000 0.582133 -2.435000
v 2.260000 0.542667 -2.435000
v 2.260000 0.582133 -2.475000
v 2.300000 0.582134 2.435000
v 2.260000 0.582134 2.475000
v 2.260000 0.542667 2.435000
v 2.300000 6.768533 -2.435000
v 2.260000 6.768533 -2.475000
v 2.260000 6.808000 -2.435000
v 2.300000 6.768533 2.434999
v 2.260000 6.808000 2.434999
v 2.260000 6.768533 2.474999
vn -1.0000 -0.0000 -0.0000
vn 1.0000 -0.0000 -0.0000
vn -0.0000 -1.0000 -0.0000
vn -0.0000 1.0000 -0.0000
vn -0.0000 -0.0000 -1.0000
vn -0.0000 -0.0000 1.0000
vn -0.7023 -0.7118 -0.0000
vn -0.7023 0.7118 -0.0000
vn 0.7023 -0.7118 -0.0000
vn 0.7023 0.7118 -0.0000
vn -0.7071 -0.0000 -0.7071
vn -0.7071 -0.0000 0.7071
vn 0.7071 -0.0000 -0.7071
vn 0.7071 -0.0000 0.7071
vn -0.0000 -0.7118 -0.7023
vn -0.0000 -0.7118 0.7023
vn -0.0000 0.7118 -0.7023
vn -0.0000 0.7118 0.7023
vn -0.5747 -0.5825 -0.5748
vn -0.5747 -0.5825 0.5748
vn -0.5747 0.5825 -0.5748
vn -0.5747 0.5825 0.5748
vn 0.5747 -0.5825 -0.5748
vn 0.5747 -0.5825 0.5748
vn 0.5747 0.5825 -0.5748
vn 0.5747 0.5825 0.5748
vt 0.013157 0.129134
vt 0.068618 0.199586
vt 0.013157 0.199586
vt 0.208381 0.083609
vt 0.152920 0.083609
vt 0.152920 0.013157
vt 0.056735 0.102820
vt 0.013157 0.047462
vt 0.056735 0.013157
vt 0.208381 0.109923
vt 0.152920 0.180376
vt 0.152920 0.109923
vt 0.415443 0.491507
vt 0.384117 0.450662
vt 0.415443 0.426635
vt 0.326476 0.491507
vt 0.326476 0.426635
vt 0.357803 0.467481
vt 0.479108 0.090946
vt 0.518587 0.142421
vt 0.479108 0.142421
vt 0.518587 0.064632
vt 0.479108 0.064632
vt 0.479108 0.013157
vt 0.276258 0.103473
vt 0.276258 0.190727
vt 0.234694 0.133840
vt 0.371930 0.013157
vt 0.371930 0.083609
vt 0.320455 0.083609
vt 0.250680 0.478111
vt 0.250680 0.426635
vt 0.300163 0.426635
vt 0.224367 0.426635
vt 0.174884 0.478111
vt 0.174884 0.426635
vt 0.120683 0.747893
vt 0.120234 0.747889
vt 0.120683 0.692430
vt 0.146997 0.747893
vt 0.146997 0.692430
vt 0.147447 0.692434
vt 0.227287 0.747891
vt 0.227736 0.692430
vt 0.227736 0.747891
vt 0.254050 0.747891
vt 0.254050 0.692430
vt 0.254500 0.692430
vt 0.173760 0.747893
vt 0.173760 0.692430
vt 0.174210 0.747889
vt 0.200973 0.747893
vt 0.200524 0.692434
vt 0.200973 0.692430
vt 0.281263 0.747891
vt 0.280813 0.747891
vt 0.280813 0.692430
vt 0.308026 0.747891
vt 0.307577 0.692430
vt 0.308026 0.692430
vt 0.545356 0.323240
vt 0.545356 0.393694
vt 0.544900 0.323243
vt 0.544900 0.420007
vt 0.545356 0.490459
vt 0.544900 0.490462
vt 0.595491 0.083611
vt 0.595035 0.083608
vt 0.595491 0.013157
vt 0.595036 0.180379
vt 0.595036 0.109925
vt 0.595491 0.109928
vt 0.595036 0.206693
vt 0.595491 0.206695
vt 0.595036 0.277147
vt 0.595491 0.303460
vt 0.595491 0.373914
vt 0.595036 0.373911
vt 0.595036 0.470682
vt 0.595036 0.400228
vt 0.595491 0.470679
vt 0.595491 0.567450
vt 0.595036 0.496999
vt 0.595491 0.496996
vt 0.734306 0.220210
vt 0.733856 0.220210
vt 0.733856 0.168735
vt 0.733856 0.402101
vt 0.734306 0.453577
vt 0.733856 0.453577
vt 0.707543 0.656999
vt 0.706903 0.708475
vt 0.706903 0.656999
vt 0.733856 0.142421
vt 0.733856 0.090946
vt 0.734496 0.090946
vt 0.734306 0.246524
vt 0.733856 0.297999
vt 0.733856 0.246524
vt 0.733856 0.375788
vt 0.733856 0.324312
vt 0.734306 0.324312
vt 0.734496 0.064632
vt 0.733856 0.064632
vt 0.733856 0.013157
vt 0.706903 0.579211
vt 0.707543 0.630686
vt 0.706903 0.630686
vt 0.603052 0.986199
vt 0.603052 0.986654
vt 0.602603 0.986199
vt 0.120731 0.986758
vt 0.120210 0.986570
vt 0.120731 0.986199
vt 0.442259 0.986515
vt 0.442578 0.986199
vt 0.442578 0.986839
vt 0.173880 0.986199
vt 0.174406 0.986389
vt 0.173880 0.986753
vt 0.629366 0.986199
vt 0.629816 0.986199
vt 0.629366 0.986654
vt 0.147045 0.986758
vt 0.147045 0.986199
vt 0.147566 0.986570
vt 0.469212 0.986515
vt 0.468892 0.986839
vt 0.468892 0.986199
vt 0.201246 0.986199
vt 0.201246 0.986753
vt 0.200720 0.986389
s 0
usemtl clock_tower
f 1239/1459/344 1240/1460/344 1241/1461/344
f 1242/1462/344 1243/1463/344 1244/1464/344
f 1245/1465/345 1246/1466/345 1247/1467/345
f 1248/1468/345 1249/1469/345 1250/1470/345
f 1251/1471/346 1252/1472/346 1253/1473/346
f 1254/1474/346 1255/1475/346 1256/1476/346
f 1257/1477/347 1258/1478/347 1259/1479/347
f 1260/1480/347 1261/1481/347 1262/1482/347
f 1263/1483/348 1264/1484/348 1265/1485/348
f 1266/1486/348 1267/1487/348 1268/1488/348
f 1269/1489/349 1270/1490/349 1271/1491/349
f 1272/1492/349 1273/1493/349 1274/1494/349
f 1275/1495/350 1276/1496/350 1277/1497/350
f 1278/1498/350 1279/1499/350 1280/1500/350
f 1281/1501/351 1282/1502/351 1283/1503/351
f 1284/1504/351 1285/1505/351 1286/1506/351
f 1287/1507/352 1288/1508/352 1289/1509/352
f 1290/1510/352 1291/1511/352 1292/1512/352
f 1293/1513/353 1294/1514/353 1295/1515/353
f 1296/1516/353 1297/1517/353 1298/1518/353
f 1299/1519/354 1300/1520/354 1301/1521/354
f 1302/1522/354 1303/1523/354 1304/1524/354
f 1305/1525/355 1306/1526/355 1307/1527/355
f 1308/1528/355 1309/1529/355 1310/1530/355
f 1311/1531/356 1312/1532/356 1313/1533/356
f 1314/1534/356 1315/1535/356 1316/1536/356
f 1317/1537/357 1318/1538/357 1319/1539/357
f 1320/1540/357 1321/1541/357 1322/1542/357
f 1323/1543/358 1324/1544/358 1325/1545/358
f 1326/1546/358 1327/1547/358 1328/1548/358
f 1329/1549/359 1330/1550/359 1331/1551/359
f 1332/1552/359 1333/1553/359 1334/1554/359
f 1335/1555/360 1336/1556/360 1337/1557/360
f 1338/1558/360 1339/1559/360 1340/1560/360
f 1341/1561/361 1342/1562/361 1343/1563/361
f 1344/1564/361 1345/1565/361 1346/1566/361
f 1347/1567/362 1348/1568/362 1349/1569/362
f 1350/1570/363 1351/1571/363 1352/1572/363
f 1353/1573/364 1354/1574/364 1355/1575/364
f 1356/1576/365 1357/1577/365 1358/1578/365
f 1359/1579/366 1360/1580/366 1361/1581/366
f 1362/1582/367 1363/1583/367 1364/1584/367
f 1365/1585/368 1366/1586/368 1367/1587/368
f 1368/1588/369 1369/1589/369 1370/1590/369
o slit_x_l
v -2.280000 6.018667 0.275000
v -2.280000 6.018667 -0.275000
v -2.280000 4.440000 0.275000
v -2.280000 4.440000 -0.275000
v -2.360000 6.018667 -0.275000
v -2.360000 6.018667 0.275000
v -2.360000 4.440000 -0.275000
v -2.360000 4.440000 0.275000
v -2.360000 6.018667 -0.275000
v -2.280000 6.018667 -0.275000
v -2.360000 6.018667 0.275000
v -2.280000 6.018667 0.275000
v -2.360000 4.440000 0.275000
v -2.280000 4.440000 0.275000
v -2.360000 4.440000 -0.275000
v -2.280000 4.440000 -0.275000
v -2.360000 6.018667 0.275000
v -2.280000 6.018667 0.275000
v -2.360000 4.440000 0.275000
v -2.280000 4.440000 0.275000
v -2.280000 6.018667 -0.275000
v -2.360000 6.018667 -0.275000
v -2.280000 4.440000 -0.275000
v -2.360000 4.440000 -0.275000
vn 1.0000 -0.0000 -0.0000
vn -1.0000 -0.0000 -0.0000
vn -0.0000 1.0000 -0.0000
vn -0.0000 -1.0000 -0.0000
vn -0.0000 -0.0000 1.0000
vn -0.0000 -0.0000 -1.0000
vt 0.041268 0.794461
vt 0.041268 0.776483
vt 0.047532 0.794461
vt 0.047532 0.776483
vt 0.080109 0.776483
vt 0.080109 0.794461
vt 0.073846 0.776483
vt 0.073846 0.794461
vt 0.938825 0.616619
vt 0.938825 0.610355
vt 0.939736 0.616619
vt 0.939736 0.610355
vt 0.939736 0.642932
vt 0.939736 0.649196
vt 0.938825 0.642932
vt 0.938825 0.649196
vt 0.791428 0.385472
vt 0.791428 0.367494
vt 0.792339 0.385472
vt 0.792339 0.367494
vt 0.791428 0.429764
vt 0.791428 0.411786
vt 0.792339 0.429764
vt 0.792339 0.411786
s 0
usemtl clock_tower
f 1371/1591/370 1373/1592/370 1372/1593/370
f 1373/1592/370 1374/1594/370 1372/1593/370
f 1375/1595/371 1377/1596/371 1376/1597/371
f 1377/1596/371 1378/1598/371 1376/1597/371
f 1379/1599/372 1381/1600/372 1380/1601/372
f 1381/1600/372 1382/1602/372 1380/1601/372
f 1383/1603/373 1385/1604/373 1384/1605/373
f 1385/1604/373 1386/1606/373 1384/1605/373
f 1387/1607/374 1389/1608/374 1388/1609/374
f 1389/1608/374 1390/1610/374 1388/1609/374
f 1391/1611/375 1393/1612/375 1392/1613/375
f 1393/1612/375 1394/1614/375 1392/1613/375
o slit_x_r
v 2.360000 6.018667 0.275000
v 2.360000 6.018667 -0.275000
v 2.360000 4.440000 0.275000
v 2.360000 4.440000 -0.275000
v 2.280000 6.018667 -0.275000
v 2.280000 6.018667 0.275000
v 2.280000 4.440000 -0.275000
v 2.280000 4.440000 0.275000
v 2.280000 6.018667 -0.275000
v 2.360000 6.018667 -0.275000
v 2.280000 6.018667 0.275000
v 2.360000 6.018667 0.275000
v 2.280000 4.440000 0.275000
v 2.360000 4.440000 0.275000
v 2.280000 4.440000 -0.275000
v 2.360000 4.440000 -0.275000
v 2.280000 6.018667 0.275000
v 2.360000 6.018667 0.275000
v 2.280000 4.440000 0.275000
v 2.360000 4.440000 0.275000
v 2.360000 6.018667 -0.275000
v 2.280000 6.018667 -0.275000
v 2.360000 4.440000 -0.275000
v 2.280000 4.440000 -0.275000
vn 1.0000 -0.0000 -0.0000
vn -1.0000 -0.0000 -0.0000
vn -0.0000 1.0000 -0.0000
vn -0.0000 -1.0000 -0.0000
vn -0.0000 -0.0000 1.0000
vn -0.0000 -0.0000 -1.0000
vt 0.106423 0.794461
vt 0.106423 0.776483
vt 0.112687 0.794461
vt 0.112687 0.776483
vt 0.145264 0.776483
vt 0.145264 0.794461
vt 0.139000 0.776483
vt 0.139000 0.794461
vt 0.938825 0.681773
vt 0.938825 0.675510
vt 0.939736 0.681773
vt 0.939736 0.675510
vt 0.939736 0.708087
vt 0.939736 0.714351
vt 0.938825 0.708087
vt 0.938825 0.714351
vt 0.791428 0.474056
vt 0.791428 0.456078
vt 0.792339 0.474056
vt 0.792339 0.456078
vt 0.791428 0.518348
vt 0.791428 0.500370
vt 0.792339 0.518348
vt 0.792339 0.500370
s 0
usemtl clock_tower
f 1395/1615/376 1397/1616/376 1396/1617/376
f 1397/1616/376 1398/1618/376 1396/1617/376
f 1399/1619/377 1401/1620/377 1400/1621/377
f 1401/1620/377 1402/1622/377 1400/1621/377
f 1403/1623/378 1405/1624/378 1404/1625/378
f 1405/1624/378 1406/1626/378 1404/1625/378
f 1407/1627/379 1409/1628/379 1408/1629/379
f 1409/1628/379 1410/1630/379 1408/1629/379
f 1411/1631/380 1413/1632/380 1412/1633/380
f 1413/1632/380 1414/1634/380 1412/1633/380
f 1415/1635/381 1417/1636/381 1416/1637/381
f 1417/1636/381 1418/1638/381 1416/1637/381
o slit_zm_l
v -0.825000 6.018667 -2.460001
v -0.825000 6.018667 -2.540000
v -0.825000 4.440000 -2.460000
v -0.825000 4.440000 -2.540000
v -1.375000 6.018667 -2.540000
v -1.375000 6.018667 -2.460001
v -1.375000 4.440000 -2.540000
v -1.375000 4.440000 -2.460000
v -1.375000 6.018667 -2.540000
v -0.825000 6.018667 -2.540000
v -1.375000 6.018667 -2.460001
v -0.825000 6.018667 -2.460001
v -1.375000 4.440000 -2.460000
v -0.825000 4.440000 -2.460000
v -1.375000 4.440000 -2.540000
v -0.825000 4.440000 -2.540000
v -1.375000 6.018667 -2.460001
v -0.825000 6.018667 -2.460001
v -1.375000 4.440000 -2.460000
v -0.825000 4.440000 -2.460000
v -0.825000 6.018667 -2.540000
v -1.375000 6.018667 -2.540000
v -0.825000 4.440000 -2.540000
v -1.375000 4.440000 -2.540000
vn 1.0000 -0.0000 -0.0000
vn -1.0000 -0.0000 -0.0000
vn -0.0000 1.0000 -0.0000
vn -0.0000 -1.0000 -0.0000
vn -0.0000 -0.0000 1.0000
vn -0.0000 -0.0000 -1.0000
vt 0.791428 0.031135
vt 0.791428 0.013157
vt 0.792339 0.031135
vt 0.792339 0.013157
vt 0.792339 0.057449
vt 0.792339 0.075427
vt 0.791428 0.057449
vt 0.791428 0.075427
vt 0.939736 0.746928
vt 0.938825 0.746928
vt 0.939736 0.740664
vt 0.938825 0.740664
vt 0.938825 0.773242
vt 0.939736 0.773242
vt 0.938825 0.779505
vt 0.939736 0.779505
vt 0.171578 0.794461
vt 0.171578 0.776483
vt 0.177841 0.794461
vt 0.177841 0.776483
vt 0.204155 0.794461
vt 0.204155 0.776483
vt 0.210419 0.794461
vt 0.210419 0.776483
s 0
usemtl clock_tower
f 1419/1639/382 1421/1640/382 1420/1641/382
f 1421/1640/382 1422/1642/382 1420/1641/382
f 1423/1643/383 1425/1644/383 1424/1645/383
f 1425/1644/383 1426/1646/383 1424/1645/383
f 1427/1647/384 1429/1648/384 1428/1649/384
f 1429/1648/384 1430/1650/384 1428/1649/384
f 1431/1651/385 1433/1652/385 1432/1653/385
f 1433/1652/385 1434/1654/385 1432/1653/385
f 1435/1655/386 1437/1656/386 1436/1657/386
f 1437/1656/386 1438/1658/386 1436/1657/386
f 1439/1659/387 1441/1660/387 1440/1661/387
f 1441/1660/387 1442/1662/387 1440/1661/387
o slit_zm_r
v 1.375000 6.018667 -2.460001
v 1.375000 6.018667 -2.540000
v 1.375000 4.440000 -2.460000
v 1.375000 4.440000 -2.540000
v 0.825000 6.018667 -2.540000
v 0.825000 6.018667 -2.460001
v 0.825000 4.440000 -2.540000
v 0.825000 4.440000 -2.460000
v 0.825000 6.018667 -2.540000
v 1.375000 6.018667 -2.540000
v 0.825000 6.018667 -2.460001
v 1.375000 6.018667 -2.460001
v 0.825000 4.440000 -2.460000
v 1.375000 4.440000 -2.460000
v 0.825000 4.440000 -2.540000
v 1.375000 4.440000 -2.540000
v 0.825000 6.018667 -2.460001
v 1.375000 6.018667 -2.460001
v 0.825000 4.440000 -2.460000
v 1.375000 4.440000 -2.460000
v 1.375000 6.018667 -2.540000
v 0.825000 6.018667 -2.540000
v 1.375000 4.440000 -2.540000
v 0.825000 4.440000 -2.540000
vn 1.0000 -0.0000 -0.0000
vn -1.0000 -0.0000 -0.0000
vn -0.0000 1.0000 -0.0000
vn -0.0000 -1.0000 -0.0000
vn -0.0000 -0.0000 1.0000
vn -0.0000 -0.0000 -1.0000
vt 0.791428 0.119719
vt 0.791428 0.101741
vt 0.792339 0.119719
vt 0.792339 0.101741
vt 0.792339 0.146033
vt 0.792339 0.164011
vt 0.791428 0.146033
vt 0.791428 0.164011
vt 0.939736 0.812083
vt 0.938825 0.812083
vt 0.939736 0.805819
vt 0.938825 0.805819
vt 0.938825 0.838396
vt 0.939736 0.838396
vt 0.938825 0.844660
vt 0.939736 0.844660
vt 0.236732 0.794461
vt 0.236732 0.776483
vt 0.242996 0.794461
vt 0.242996 0.776483
vt 0.269310 0.794461
vt 0.269310 0.776483
vt 0.275573 0.794461
vt 0.275573 0.776483
s 0
usemtl clock_tower
f 1443/1663/388 1445/1664/388 1444/1665/388
f 1445/1664/388 1446/1666/388 1444/1665/388
f 1447/1667/389 1449/1668/389 1448/1669/389
f 1449/1668/389 1450/1670/389 1448/1669/389
f 1451/1671/390 1453/1672/390 1452/1673/390
f 1453/1672/390 1454/1674/390 1452/1673/390
f 1455/1675/391 1457/1676/391 1456/1677/391
f 1457/1676/391 1458/1678/391 1456/1677/391
f 1459/1679/392 1461/1680/392 1460/1681/392
f 1461/1680/392 1462/1682/392 1460/1681/392
f 1463/1683/393 1465/1684/393 1464/1685/393
f 1465/1684/393 1466/1686/393 1464/1685/393
o slit_zp_l
v -0.825000 6.018667 2.539999
v -0.825000 6.018667 2.460000
v -0.825000 4.440000 2.540000
v -0.825000 4.440000 2.460000
v -1.375000 6.018667 2.460000
v -1.375000 6.018667 2.539999
v -1.375000 4.440000 2.460000
v -1.375000 4.440000 2.540000
v -1.375000 6.018667 2.460000
v -0.825000 6.018667 2.460000
v -1.375000 6.018667 2.539999
v -0.825000 6.018667 2.539999
v -1.375000 4.440000 2.540000
v -0.825000 4.440000 2.540000
v -1.375000 4.440000 2.460000
v -0.825000 4.440000 2.460000
v -1.375000 6.018667 2.539999
v -0.825000 6.018667 2.539999
v -1.375000 4.440000 2.540000
v -0.825000 4.440000 2.540000
v -0.825000 6.018667 2.460000
v -1.375000 6.018667 2.460000
v -0.825000 4.440000 2.460000
v -1.375000 4.440000 2.460000
vn 1.0000 -0.0000 -0.0000
vn -1.0000 -0.0000 -0.0000
vn -0.0000 1.0000 -0.0000
vn -0.0000 -1.0000 -0.0000
vn -0.0000 -0.0000 1.0000
vn -0.0000 -0.0000 -1.0000
vt 0.791428 0.208304
vt 0.791428 0.190325
vt 0.792339 0.208304
vt 0.792339 0.190325
vt 0.792339 0.234617
vt 0.792339 0.252596
vt 0.791428 0.234617
vt 0.791428 0.252596
vt 0.939736 0.877237
vt 0.938825 0.877237
vt 0.939736 0.870974
vt 0.938825 0.870974
vt 0.938825 0.903551
vt 0.939736 0.903551
vt 0.938825 0.909815
vt 0.939736 0.909815
vt 0.301887 0.794461
vt 0.301887 0.776483
vt 0.308151 0.794461
vt 0.308151 0.776483
vt 0.334464 0.794461
vt 0.334464 0.776483
vt 0.340728 0.794461
vt 0.340728 0.776483
s 0
usemtl clock_tower
f 1467/1687/394 1469/1688/394 1468/1689/394
f 1469/1688/394 1470/1690/394 1468/1689/394
f 1471/1691/395 1473/1692/395 1472/1693/395
f 1473/1692/395 1474/1694/395 1472/1693/395
f 1475/1695/396 1477/1696/396 1476/1697/396
f 1477/1696/396 1478/1698/396 1476/1697/396
f 1479/1699/397 1481/1700/397 1480/1701/397
f 1481/1700/397 1482/1702/397 1480/1701/397
f 1483/1703/398 1485/1704/398 1484/1705/398
f 1485/1704/398 1486/1706/398 1484/1705/398
f 1487/1707/399 1489/1708/399 1488/1709/399
f 1489/1708/399 1490/1710/399 1488/1709/399
o slit_zp_r
v 1.375000 6.018667 2.539999
v 1.375000 6.018667 2.460000
v 1.375000 4.440000 2.540000
v 1.375000 4.440000 2.460000
v 0.825000 6.018667 2.460000
v 0.825000 6.018667 2.539999
v 0.825000 4.440000 2.460000
v 0.825000 4.440000 2.540000
v 0.825000 6.018667 2.460000
v 1.375000 6.018667 2.460000
v 0.825000 6.018667 2.539999
v 1.375000 6.018667 2.539999
v 0.825000 4.440000 2.540000
v 1.375000 4.440000 2.540000
v 0.825000 4.440000 2.460000
v 1.375000 4.440000 2.460000
v 0.825000 6.018667 2.539999
v 1.375000 6.018667 2.539999
v 0.825000 4.440000 2.540000
v 1.375000 4.440000 2.540000
v 1.375000 6.018667 2.460000
v 0.825000 6.018667 2.460000
v 1.375000 4.440000 2.460000
v 0.825000 4.440000 2.460000
vn 1.0000 -0.0000 -0.0000
vn -1.0000 -0.0000 -0.0000
vn -0.0000 1.0000 -0.0000
vn -0.0000 -1.0000 -0.0000
vn -0.0000 -0.0000 1.0000
vn -0.0000 -0.0000 -1.0000
vt 0.791428 0.296888
vt 0.791428 0.278909
vt 0.792339 0.296888
vt 0.792339 0.278909
vt 0.792339 0.323202
vt 0.792339 0.341180
vt 0.791428 0.323202
vt 0.791428 0.341180
vt 0.014068 0.959885
vt 0.013157 0.959885
vt 0.014068 0.953622
vt 0.013157 0.953622
vt 0.040382 0.953622
vt 0.041293 0.953622
vt 0.040382 0.959885
vt 0.041293 0.959885
vt 0.367042 0.794461
vt 0.367042 0.776483
vt 0.373305 0.794461
vt 0.373305 0.776483
vt 0.399619 0.794461
vt 0.399619 0.776483
vt 0.405883 0.794461
vt 0.405883 0.776483
s 0
usemtl clock_tower
f 1491/1711/400 1493/1712/400 1492/1713/400
f 1493/1712/400 1494/1714/400 1492/1713/400
f 1495/1715/401 1497/1716/401 1496/1717/401
f 1497/1716/401 1498/1718/401 1496/1717/401
f 1499/1719/402 1501/1720/402 1500/1721/402
f 1501/1720/402 1502/1722/402 1500/1721/402
f 1503/1723/403 1505/1724/403 1504/1725/403
f 1505/1724/403 1506/1726/403 1504/1725/403
f 1507/1727/404 1509/1728/404 1508/1729/404
f 1509/1728/404 1510/1730/404 1508/1729/404
f 1511/1731/405 1513/1732/405 1512/1733/405
f 1513/1732/405 1514/1734/405 1512/1733/405
