mtllib barrier.mtl
o foot_l
usemtl metal
v -0.9700000286102295 0.029999997466802597 -0.2678571343421936
v -0.9700000286102295 0.10000000149011612 0.2678571343421936
v -0.9700000286102295 0.10000000149011612 -0.2678571343421936
v -0.9700000286102295 0.029999997466802597 -0.2678571343421936
v -0.9700000286102295 0.029999997466802597 0.2678571343421936
v -0.9700000286102295 0.10000000149011612 0.2678571343421936
v -0.6299999952316284 0.029999997466802597 -0.2678571343421936
v -0.6299999952316284 0.10000000149011612 -0.2678571343421936
v -0.6299999952316284 0.10000000149011612 0.2678571343421936
v -0.6299999952316284 0.029999997466802597 -0.2678571343421936
v -0.6299999952316284 0.10000000149011612 0.2678571343421936
v -0.6299999952316284 0.029999997466802597 0.2678571343421936
v -0.9399999976158142 0 -0.2678571343421936
v -0.6600000262260437 0 -0.2678571343421936
v -0.6600000262260437 0 0.2678571343421936
v -0.9399999976158142 0 -0.2678571343421936
v -0.6600000262260437 0 0.2678571343421936
v -0.9399999976158142 0 0.2678571343421936
v -0.9399999976158142 0.12999999523162842 -0.2678571343421936
v -0.6600000262260437 0.12999999523162842 0.2678571343421936
v -0.6600000262260437 0.12999999523162842 -0.2678571343421936
v -0.9399999976158142 0.12999999523162842 -0.2678571343421936
v -0.9399999976158142 0.12999999523162842 0.2678571343421936
v -0.6600000262260437 0.12999999523162842 0.2678571343421936
v -0.9399999976158142 0.029999997466802597 -0.30000001192092896
v -0.6600000262260437 0.10000000149011612 -0.30000001192092896
v -0.6600000262260437 0.029999997466802597 -0.30000001192092896
v -0.9399999976158142 0.029999997466802597 -0.30000001192092896
v -0.9399999976158142 0.10000000149011612 -0.30000001192092896
v -0.6600000262260437 0.10000000149011612 -0.30000001192092896
v -0.9399999976158142 0.029999997466802597 0.30000001192092896
v -0.6600000262260437 0.029999997466802597 0.30000001192092896
v -0.6600000262260437 0.10000000149011612 0.30000001192092896
v -0.9399999976158142 0.029999997466802597 0.30000001192092896
v -0.6600000262260437 0.10000000149011612 0.30000001192092896
v -0.9399999976158142 0.10000000149011612 0.30000001192092896
v -0.9700000286102295 0.029999997466802597 -0.2678571343421936
v -0.9399999976158142 0 -0.2678571343421936
v -0.9399999976158142 0 0.2678571343421936
v -0.9700000286102295 0.029999997466802597 -0.2678571343421936
v -0.9399999976158142 0 0.2678571343421936
v -0.9700000286102295 0.029999997466802597 0.2678571343421936
v -0.9700000286102295 0.10000000149011612 -0.2678571343421936
v -0.9399999976158142 0.12999999523162842 0.2678571343421936
v -0.9399999976158142 0.12999999523162842 -0.2678571343421936
v -0.9700000286102295 0.10000000149011612 -0.2678571343421936
v -0.9700000286102295 0.10000000149011612 0.2678571343421936
v -0.9399999976158142 0.12999999523162842 0.2678571343421936
v -0.6299999952316284 0.029999997466802597 -0.2678571343421936
v -0.6600000262260437 0 0.2678571343421936
v -0.6600000262260437 0 -0.2678571343421936
v -0.6299999952316284 0.029999997466802597 -0.2678571343421936
v -0.6299999952316284 0.029999997466802597 0.2678571343421936
v -0.6600000262260437 0 0.2678571343421936
v -0.6299999952316284 0.10000000149011612 -0.2678571343421936
v -0.6600000262260437 0.12999999523162842 -0.2678571343421936
v -0.6600000262260437 0.12999999523162842 0.2678571343421936
v -0.6299999952316284 0.10000000149011612 -0.2678571343421936
v -0.6600000262260437 0.12999999523162842 0.2678571343421936
v -0.6299999952316284 0.10000000149011612 0.2678571343421936
v -0.9700000286102295 0.029999997466802597 -0.2678571343421936
v -0.9399999976158142 0.10000000149011612 -0.30000001192092896
v -0.9399999976158142 0.029999997466802597 -0.30000001192092896
v -0.9700000286102295 0.029999997466802597 -0.2678571343421936
v -0.9700000286102295 0.10000000149011612 -0.2678571343421936
v -0.9399999976158142 0.10000000149011612 -0.30000001192092896
v -0.9700000286102295 0.029999997466802597 0.2678571343421936
v -0.9399999976158142 0.029999997466802597 0.30000001192092896
v -0.9399999976158142 0.10000000149011612 0.30000001192092896
v -0.9700000286102295 0.029999997466802597 0.2678571343421936
v -0.9399999976158142 0.10000000149011612 0.30000001192092896
v -0.9700000286102295 0.10000000149011612 0.2678571343421936
v -0.6299999952316284 0.029999997466802597 -0.2678571343421936
v -0.6600000262260437 0.029999997466802597 -0.30000001192092896
v -0.6600000262260437 0.10000000149011612 -0.30000001192092896
v -0.6299999952316284 0.029999997466802597 -0.2678571343421936
v -0.6600000262260437 0.10000000149011612 -0.30000001192092896
v -0.6299999952316284 0.10000000149011612 -0.2678571343421936
v -0.6299999952316284 0.029999997466802597 0.2678571343421936
v -0.6600000262260437 0.10000000149011612 0.30000001192092896
v -0.6600000262260437 0.029999997466802597 0.30000001192092896
v -0.6299999952316284 0.029999997466802597 0.2678571343421936
v -0.6299999952316284 0.10000000149011612 0.2678571343421936
v -0.6600000262260437 0.10000000149011612 0.30000001192092896
v -0.9399999976158142 0 -0.2678571343421936
v -0.9399999976158142 0.029999997466802597 -0.30000001192092896
v -0.6600000262260437 0.029999997466802597 -0.30000001192092896
v -0.9399999976158142 0 -0.2678571343421936
v -0.6600000262260437 0.029999997466802597 -0.30000001192092896
v -0.6600000262260437 0 -0.2678571343421936
v -0.9399999976158142 0 0.2678571343421936
v -0.6600000262260437 0.029999997466802597 0.30000001192092896
v -0.9399999976158142 0.029999997466802597 0.30000001192092896
v -0.9399999976158142 0 0.2678571343421936
v -0.6600000262260437 0 0.2678571343421936
v -0.6600000262260437 0.029999997466802597 0.30000001192092896
v -0.9399999976158142 0.12999999523162842 -0.2678571343421936
v -0.6600000262260437 0.10000000149011612 -0.30000001192092896
v -0.9399999976158142 0.10000000149011612 -0.30000001192092896
v -0.9399999976158142 0.12999999523162842 -0.2678571343421936
v -0.6600000262260437 0.12999999523162842 -0.2678571343421936
v -0.6600000262260437 0.10000000149011612 -0.30000001192092896
v -0.9399999976158142 0.12999999523162842 0.2678571343421936
v -0.9399999976158142 0.10000000149011612 0.30000001192092896
v -0.6600000262260437 0.10000000149011612 0.30000001192092896
v -0.9399999976158142 0.12999999523162842 0.2678571343421936
v -0.6600000262260437 0.10000000149011612 0.30000001192092896
v -0.6600000262260437 0.12999999523162842 0.2678571343421936
v -0.9700000286102295 0.029999997466802597 -0.2678571343421936
v -0.9399999976158142 0.029999997466802597 -0.30000001192092896
v -0.9399999976158142 0 -0.2678571343421936
v -0.9700000286102295 0.029999997466802597 0.2678571343421936
v -0.9399999976158142 0 0.2678571343421936
v -0.9399999976158142 0.029999997466802597 0.30000001192092896
v -0.9700000286102295 0.10000000149011612 -0.2678571343421936
v -0.9399999976158142 0.12999999523162842 -0.2678571343421936
v -0.9399999976158142 0.10000000149011612 -0.30000001192092896
v -0.9700000286102295 0.10000000149011612 0.2678571343421936
v -0.9399999976158142 0.10000000149011612 0.30000001192092896
v -0.9399999976158142 0.12999999523162842 0.2678571343421936
v -0.6299999952316284 0.029999997466802597 -0.2678571343421936
v -0.6600000262260437 0 -0.2678571343421936
v -0.6600000262260437 0.029999997466802597 -0.30000001192092896
v -0.6299999952316284 0.029999997466802597 0.2678571343421936
v -0.6600000262260437 0.029999997466802597 0.30000001192092896
v -0.6600000262260437 0 0.2678571343421936
v -0.6299999952316284 0.10000000149011612 -0.2678571343421936
v -0.6600000262260437 0.10000000149011612 -0.30000001192092896
v -0.6600000262260437 0.12999999523162842 -0.2678571343421936
v -0.6299999952316284 0.10000000149011612 0.2678571343421936
v -0.6600000262260437 0.12999999523162842 0.2678571343421936
v -0.6600000262260437 0.10000000149011612 0.30000001192092896
vn -1 0 0
vn -1 0 0
vn -1 0 0
vn -1 0 0
vn -1 0 0
vn -1 0 0
vn 1 0 0
vn 1 0 0
vn 1 0 0
vn 1 0 0
vn 1 0 0
vn 1 0 0
vn 0 -1 0
vn 0 -1 0
vn 0 -1 0
vn 0 -1 0
vn 0 -1 0
vn 0 -1 0
vn 0 1 0
vn 0 1 0
vn 0 1 0
vn 0 1 0
vn 0 1 0
vn 0 1 0
vn 0 0 -1
vn 0 0 -1
vn 0 0 -1
vn 0 0 -1
vn 0 0 -1
vn 0 0 -1
vn 0 0 1
vn 0 0 1
vn 0 0 1
vn 0 0 1
vn 0 0 1
vn 0 0 1
vn -0.7071067215818992 -0.7071068407911908 0
vn -0.7071067215818992 -0.7071068407911908 0
vn -0.7071067215818992 -0.7071068407911908 0
vn -0.7071067215818992 -0.7071068407911908 0
vn -0.7071067215818992 -0.7071068407911908 0
vn -0.7071067215818992 -0.7071068407911908 0
vn -0.7071067215818992 0.7071068407911908 0
vn -0.7071067215818992 0.7071068407911908 0
vn -0.7071067215818992 0.7071068407911908 0
vn -0.7071067215818992 0.7071068407911908 0
vn -0.7071067215818992 0.7071068407911908 0
vn -0.7071067215818992 0.7071068407911908 0
vn 0.7071067215818992 -0.7071068407911908 0
vn 0.7071067215818992 -0.7071068407911908 0
vn 0.7071067215818992 -0.7071068407911908 0
vn 0.7071067215818992 -0.7071068407911908 0
vn 0.7071067215818992 -0.7071068407911908 0
vn 0.7071067215818992 -0.7071068407911908 0
vn 0.7071067215818992 0.7071068407911908 0
vn 0.7071067215818992 0.7071068407911908 0
vn 0.7071067215818992 0.7071068407911908 0
vn 0.7071067215818992 0.7071068407911908 0
vn 0.7071067215818992 0.7071068407911908 0
vn 0.7071067215818992 0.7071068407911908 0
vn -0.7310552543681536 0 -0.6823182652257773
vn -0.7310552543681536 0 -0.6823182652257773
vn -0.7310552543681536 0 -0.6823182652257773
vn -0.7310552543681536 0 -0.6823182652257773
vn -0.7310552543681536 0 -0.6823182652257773
vn -0.7310552543681536 0 -0.6823182652257773
vn -0.7310552543681536 0 0.6823182652257773
vn -0.7310552543681536 0 0.6823182652257773
vn -0.7310552543681536 0 0.6823182652257773
vn -0.7310552543681536 0 0.6823182652257773
vn -0.7310552543681536 0 0.6823182652257773
vn -0.7310552543681536 0 0.6823182652257773
vn 0.7310552543681536 0 -0.6823182652257773
vn 0.7310552543681536 0 -0.6823182652257773
vn 0.7310552543681536 0 -0.6823182652257773
vn 0.7310552543681536 0 -0.6823182652257773
vn 0.7310552543681536 0 -0.6823182652257773
vn 0.7310552543681536 0 -0.6823182652257773
vn 0.7310552543681536 0 0.6823182652257773
vn 0.7310552543681536 0 0.6823182652257773
vn 0.7310552543681536 0 0.6823182652257773
vn 0.7310552543681536 0 0.6823182652257773
vn 0.7310552543681536 0 0.6823182652257773
vn 0.7310552543681536 0 0.6823182652257773
vn 0 -0.7310553118491155 -0.6823182036390297
vn 0 -0.7310553118491155 -0.6823182036390297
vn 0 -0.7310553118491155 -0.6823182036390297
vn 0 -0.7310553118491155 -0.6823182036390297
vn 0 -0.7310553118491155 -0.6823182036390297
vn 0 -0.7310553118491155 -0.6823182036390297
vn 0 -0.7310553118491155 0.6823182036390297
vn 0 -0.7310553118491155 0.6823182036390297
vn 0 -0.7310553118491155 0.6823182036390297
vn 0 -0.7310553118491155 0.6823182036390297
vn 0 -0.7310553118491155 0.6823182036390297
vn 0 -0.7310553118491155 0.6823182036390297
vn 0 0.7310553118491155 -0.6823182036390297
vn 0 0.7310553118491155 -0.6823182036390297
vn 0 0.7310553118491155 -0.6823182036390297
vn 0 0.7310553118491155 -0.6823182036390297
vn 0 0.7310553118491155 -0.6823182036390297
vn 0 0.7310553118491155 -0.6823182036390297
vn 0 0.7310553118491155 0.6823182036390297
vn 0 0.7310553118491155 0.6823182036390297
vn 0 0.7310553118491155 0.6823182036390297
vn 0 0.7310553118491155 0.6823182036390297
vn 0 0.7310553118491155 0.6823182036390297
vn 0 0.7310553118491155 0.6823182036390297
vn -0.5901670909303091 -0.5901671505349524 -0.5508226023070503
vn -0.5901670909303091 -0.5901671505349524 -0.5508226023070503
vn -0.5901670909303091 -0.5901671505349524 -0.5508226023070503
vn -0.5901670909303091 -0.5901671505349524 0.5508226023070503
vn -0.5901670909303091 -0.5901671505349524 0.5508226023070503
vn -0.5901670909303091 -0.5901671505349524 0.5508226023070503
vn -0.5901670909303091 0.5901671505349524 -0.5508226023070503
vn -0.5901670909303091 0.5901671505349524 -0.5508226023070503
vn -0.5901670909303091 0.5901671505349524 -0.5508226023070503
vn -0.5901670909303091 0.5901671505349524 0.5508226023070503
vn -0.5901670909303091 0.5901671505349524 0.5508226023070503
vn -0.5901670909303091 0.5901671505349524 0.5508226023070503
vn 0.5901670909303091 -0.5901671505349524 -0.5508226023070503
vn 0.5901670909303091 -0.5901671505349524 -0.5508226023070503
vn 0.5901670909303091 -0.5901671505349524 -0.5508226023070503
vn 0.5901670909303091 -0.5901671505349524 0.5508226023070503
vn 0.5901670909303091 -0.5901671505349524 0.5508226023070503
vn 0.5901670909303091 -0.5901671505349524 0.5508226023070503
vn 0.5901670909303091 0.5901671505349524 -0.5508226023070503
vn 0.5901670909303091 0.5901671505349524 -0.5508226023070503
vn 0.5901670909303091 0.5901671505349524 -0.5508226023070503
vn 0.5901670909303091 0.5901671505349524 0.5508226023070503
vn 0.5901670909303091 0.5901671505349524 0.5508226023070503
vn 0.5901670909303091 0.5901671505349524 0.5508226023070503
f 1//1 2//2 3//3
f 4//4 5//5 6//6
f 7//7 8//8 9//9
f 10//10 11//11 12//12
f 13//13 14//14 15//15
f 16//16 17//17 18//18
f 19//19 20//20 21//21
f 22//22 23//23 24//24
f 25//25 26//26 27//27
f 28//28 29//29 30//30
f 31//31 32//32 33//33
f 34//34 35//35 36//36
f 37//37 38//38 39//39
f 40//40 41//41 42//42
f 43//43 44//44 45//45
f 46//46 47//47 48//48
f 49//49 50//50 51//51
f 52//52 53//53 54//54
f 55//55 56//56 57//57
f 58//58 59//59 60//60
f 61//61 62//62 63//63
f 64//64 65//65 66//66
f 67//67 68//68 69//69
f 70//70 71//71 72//72
f 73//73 74//74 75//75
f 76//76 77//77 78//78
f 79//79 80//80 81//81
f 82//82 83//83 84//84
f 85//85 86//86 87//87
f 88//88 89//89 90//90
f 91//91 92//92 93//93
f 94//94 95//95 96//96
f 97//97 98//98 99//99
f 100//100 101//101 102//102
f 103//103 104//104 105//105
f 106//106 107//107 108//108
f 109//109 110//110 111//111
f 112//112 113//113 114//114
f 115//115 116//116 117//117
f 118//118 119//119 120//120
f 121//121 122//122 123//123
f 124//124 125//125 126//126
f 127//127 128//128 129//129
f 130//130 131//131 132//132
o leg_l
usemtl metal
v -0.875 0.11000000685453415 -0.04821428656578064
v -0.875 1.25 0.04821428656578064
v -0.875 1.25 -0.04821428656578064
v -0.875 0.11000000685453415 -0.04821428656578064
v -0.875 0.11000000685453415 0.04821428656578064
v -0.875 1.25 0.04821428656578064
v -0.7250000238418579 0.11000000685453415 -0.04821428656578064
v -0.7250000238418579 1.25 -0.04821428656578064
v -0.7250000238418579 1.25 0.04821428656578064
v -0.7250000238418579 0.11000000685453415 -0.04821428656578064
v -0.7250000238418579 1.25 0.04821428656578064
v -0.7250000238418579 0.11000000685453415 0.04821428656578064
v -0.8450000286102295 0.07999997586011887 -0.04821428656578064
v -0.7549999952316284 0.07999997586011887 -0.04821428656578064
v -0.7549999952316284 0.07999997586011887 0.04821428656578064
v -0.8450000286102295 0.07999997586011887 -0.04821428656578064
v -0.7549999952316284 0.07999997586011887 0.04821428656578064
v -0.8450000286102295 0.07999997586011887 0.04821428656578064
v -0.8450000286102295 1.2799999713897705 -0.04821428656578064
v -0.7549999952316284 1.2799999713897705 0.04821428656578064
v -0.7549999952316284 1.2799999713897705 -0.04821428656578064
v -0.8450000286102295 1.2799999713897705 -0.04821428656578064
v -0.8450000286102295 1.2799999713897705 0.04821428656578064
v -0.7549999952316284 1.2799999713897705 0.04821428656578064
v -0.8450000286102295 0.11000000685453415 -0.0803571492433548
v -0.7549999952316284 1.25 -0.0803571492433548
v -0.7549999952316284 0.11000000685453415 -0.0803571492433548
v -0.8450000286102295 0.11000000685453415 -0.0803571492433548
v -0.8450000286102295 1.25 -0.0803571492433548
v -0.7549999952316284 1.25 -0.0803571492433548
v -0.8450000286102295 0.11000000685453415 0.0803571492433548
v -0.7549999952316284 0.11000000685453415 0.0803571492433548
v -0.7549999952316284 1.25 0.0803571492433548
v -0.8450000286102295 0.11000000685453415 0.0803571492433548
v -0.7549999952316284 1.25 0.0803571492433548
v -0.8450000286102295 1.25 0.0803571492433548
v -0.875 0.11000000685453415 -0.04821428656578064
v -0.8450000286102295 0.07999997586011887 -0.04821428656578064
v -0.8450000286102295 0.07999997586011887 0.04821428656578064
v -0.875 0.11000000685453415 -0.04821428656578064
v -0.8450000286102295 0.07999997586011887 0.04821428656578064
v -0.875 0.11000000685453415 0.04821428656578064
v -0.875 1.25 -0.04821428656578064
v -0.8450000286102295 1.2799999713897705 0.04821428656578064
v -0.8450000286102295 1.2799999713897705 -0.04821428656578064
v -0.875 1.25 -0.04821428656578064
v -0.875 1.25 0.04821428656578064
v -0.8450000286102295 1.2799999713897705 0.04821428656578064
v -0.7250000238418579 0.11000000685453415 -0.04821428656578064
v -0.7549999952316284 0.07999997586011887 0.04821428656578064
v -0.7549999952316284 0.07999997586011887 -0.04821428656578064
v -0.7250000238418579 0.11000000685453415 -0.04821428656578064
v -0.7250000238418579 0.11000000685453415 0.04821428656578064
v -0.7549999952316284 0.07999997586011887 0.04821428656578064
v -0.7250000238418579 1.25 -0.04821428656578064
v -0.7549999952316284 1.2799999713897705 -0.04821428656578064
v -0.7549999952316284 1.2799999713897705 0.04821428656578064
v -0.7250000238418579 1.25 -0.04821428656578064
v -0.7549999952316284 1.2799999713897705 0.04821428656578064
v -0.7250000238418579 1.25 0.04821428656578064
v -0.875 0.11000000685453415 -0.04821428656578064
v -0.8450000286102295 1.25 -0.0803571492433548
v -0.8450000286102295 0.11000000685453415 -0.0803571492433548
v -0.875 0.11000000685453415 -0.04821428656578064
v -0.875 1.25 -0.04821428656578064
v -0.8450000286102295 1.25 -0.0803571492433548
v -0.875 0.11000000685453415 0.04821428656578064
v -0.8450000286102295 0.11000000685453415 0.0803571492433548
v -0.8450000286102295 1.25 0.0803571492433548
v -0.875 0.11000000685453415 0.04821428656578064
v -0.8450000286102295 1.25 0.0803571492433548
v -0.875 1.25 0.04821428656578064
v -0.7250000238418579 0.11000000685453415 -0.04821428656578064
v -0.7549999952316284 0.11000000685453415 -0.0803571492433548
v -0.7549999952316284 1.25 -0.0803571492433548
v -0.7250000238418579 0.11000000685453415 -0.04821428656578064
v -0.7549999952316284 1.25 -0.0803571492433548
v -0.7250000238418579 1.25 -0.04821428656578064
v -0.7250000238418579 0.11000000685453415 0.04821428656578064
v -0.7549999952316284 1.25 0.0803571492433548
v -0.7549999952316284 0.11000000685453415 0.0803571492433548
v -0.7250000238418579 0.11000000685453415 0.04821428656578064
v -0.7250000238418579 1.25 0.04821428656578064
v -0.7549999952316284 1.25 0.0803571492433548
v -0.8450000286102295 0.07999997586011887 -0.04821428656578064
v -0.8450000286102295 0.11000000685453415 -0.0803571492433548
v -0.7549999952316284 0.11000000685453415 -0.0803571492433548
v -0.8450000286102295 0.07999997586011887 -0.04821428656578064
v -0.7549999952316284 0.11000000685453415 -0.0803571492433548
v -0.7549999952316284 0.07999997586011887 -0.04821428656578064
v -0.8450000286102295 0.07999997586011887 0.04821428656578064
v -0.7549999952316284 0.11000000685453415 0.0803571492433548
v -0.8450000286102295 0.11000000685453415 0.0803571492433548
v -0.8450000286102295 0.07999997586011887 0.04821428656578064
v -0.7549999952316284 0.07999997586011887 0.04821428656578064
v -0.7549999952316284 0.11000000685453415 0.0803571492433548
v -0.8450000286102295 1.2799999713897705 -0.04821428656578064
v -0.7549999952316284 1.25 -0.0803571492433548
v -0.8450000286102295 1.25 -0.0803571492433548
v -0.8450000286102295 1.2799999713897705 -0.04821428656578064
v -0.7549999952316284 1.2799999713897705 -0.04821428656578064
v -0.7549999952316284 1.25 -0.0803571492433548
v -0.8450000286102295 1.2799999713897705 0.04821428656578064
v -0.8450000286102295 1.25 0.0803571492433548
v -0.7549999952316284 1.25 0.0803571492433548
v -0.8450000286102295 1.2799999713897705 0.04821428656578064
v -0.7549999952316284 1.25 0.0803571492433548
v -0.7549999952316284 1.2799999713897705 0.04821428656578064
v -0.875 0.11000000685453415 -0.04821428656578064
v -0.8450000286102295 0.11000000685453415 -0.0803571492433548
v -0.8450000286102295 0.07999997586011887 -0.04821428656578064
v -0.875 0.11000000685453415 0.04821428656578064
v -0.8450000286102295 0.07999997586011887 0.04821428656578064
v -0.8450000286102295 0.11000000685453415 0.0803571492433548
v -0.875 1.25 -0.04821428656578064
v -0.8450000286102295 1.2799999713897705 -0.04821428656578064
v -0.8450000286102295 1.25 -0.0803571492433548
v -0.875 1.25 0.04821428656578064
v -0.8450000286102295 1.25 0.0803571492433548
v -0.8450000286102295 1.2799999713897705 0.04821428656578064
v -0.7250000238418579 0.11000000685453415 -0.04821428656578064
v -0.7549999952316284 0.07999997586011887 -0.04821428656578064
v -0.7549999952316284 0.11000000685453415 -0.0803571492433548
v -0.7250000238418579 0.11000000685453415 0.04821428656578064
v -0.7549999952316284 0.11000000685453415 0.0803571492433548
v -0.7549999952316284 0.07999997586011887 0.04821428656578064
v -0.7250000238418579 1.25 -0.04821428656578064
v -0.7549999952316284 1.25 -0.0803571492433548
v -0.7549999952316284 1.2799999713897705 -0.04821428656578064
v -0.7250000238418579 1.25 0.04821428656578064
v -0.7549999952316284 1.2799999713897705 0.04821428656578064
v -0.7549999952316284 1.25 0.0803571492433548
vn -1 0 0
vn -1 0 0
vn -1 0 0
vn -1 0 0
vn -1 0 0
vn -1 0 0
vn 1 0 0
vn 1 0 0
vn 1 0 0
vn 1 0 0
vn 1 0 0
vn 1 0 0
vn 0 -1 0
vn 0 -1 0
vn 0 -1 0
vn 0 -1 0
vn 0 -1 0
vn 0 -1 0
vn 0 1 0
vn 0 1 0
vn 0 1 0
vn 0 1 0
vn 0 1 0
vn 0 1 0
vn 0 0 -1
vn 0 0 -1
vn 0 0 -1
vn 0 0 -1
vn 0 0 -1
vn 0 0 -1
vn 0 0 1
vn 0 0 1
vn 0 0 1
vn 0 0 1
vn 0 0 1
vn 0 0 1
vn -0.7071071090120096 -0.7071064533609335 0
vn -0.7071071090120096 -0.7071064533609335 0
vn -0.7071071090120096 -0.7071064533609335 0
vn -0.7071071090120096 -0.7071064533609335 0
vn -0.7071071090120096 -0.7071064533609335 0
vn -0.7071071090120096 -0.7071064533609335 0
vn -0.7071071090120096 0.7071064533609335 0
vn -0.7071071090120096 0.7071064533609335 0
vn -0.7071071090120096 0.7071064533609335 0
vn -0.7071071090120096 0.7071064533609335 0
vn -0.7071071090120096 0.7071064533609335 0
vn -0.7071071090120096 0.7071064533609335 0
vn 0.7071071090120096 -0.7071064533609335 0
vn 0.7071071090120096 -0.7071064533609335 0
vn 0.7071071090120096 -0.7071064533609335 0
vn 0.7071071090120096 -0.7071064533609335 0
vn 0.7071071090120096 -0.7071064533609335 0
vn 0.7071071090120096 -0.7071064533609335 0
vn 0.7071071090120096 0.7071064533609335 0
vn 0.7071071090120096 0.7071064533609335 0
vn 0.7071071090120096 0.7071064533609335 0
vn 0.7071071090120096 0.7071064533609335 0
vn 0.7071071090120096 0.7071064533609335 0
vn 0.7071071090120096 0.7071064533609335 0
vn -0.7310552543681536 0 -0.6823182652257773
vn -0.7310552543681536 0 -0.6823182652257773
vn -0.7310552543681536 0 -0.6823182652257773
vn -0.7310552543681536 0 -0.6823182652257773
vn -0.7310552543681536 0 -0.6823182652257773
vn -0.7310552543681536 0 -0.6823182652257773
vn -0.7310552543681536 0 0.6823182652257773
vn -0.7310552543681536 0 0.6823182652257773
vn -0.7310552543681536 0 0.6823182652257773
vn -0.7310552543681536 0 0.6823182652257773
vn -0.7310552543681536 0 0.6823182652257773
vn -0.7310552543681536 0 0.6823182652257773
vn 0.7310552543681536 0 -0.6823182652257773
vn 0.7310552543681536 0 -0.6823182652257773
vn 0.7310552543681536 0 -0.6823182652257773
vn 0.7310552543681536 0 -0.6823182652257773
vn 0.7310552543681536 0 -0.6823182652257773
vn 0.7310552543681536 0 -0.6823182652257773
vn 0.7310552543681536 0 0.6823182652257773
vn 0.7310552543681536 0 0.6823182652257773
vn 0.7310552543681536 0 0.6823182652257773
vn 0.7310552543681536 0 0.6823182652257773
vn 0.7310552543681536 0 0.6823182652257773
vn 0.7310552543681536 0 0.6823182652257773
vn 0 -0.7310549669632609 -0.6823185731594482
vn 0 -0.7310549669632609 -0.6823185731594482
vn 0 -0.7310549669632609 -0.6823185731594482
vn 0 -0.7310549669632609 -0.6823185731594482
vn 0 -0.7310549669632609 -0.6823185731594482
vn 0 -0.7310549669632609 -0.6823185731594482
vn 0 -0.7310549669632609 0.6823185731594482
vn 0 -0.7310549669632609 0.6823185731594482
vn 0 -0.7310549669632609 0.6823185731594482
vn 0 -0.7310549669632609 0.6823185731594482
vn 0 -0.7310549669632609 0.6823185731594482
vn 0 -0.7310549669632609 0.6823185731594482
vn 0 0.7310549669632609 -0.6823185731594482
vn 0 0.7310549669632609 -0.6823185731594482
vn 0 0.7310549669632609 -0.6823185731594482
vn 0 0.7310549669632609 -0.6823185731594482
vn 0 0.7310549669632609 -0.6823185731594482
vn 0 0.7310549669632609 -0.6823185731594482
vn 0 0.7310549669632609 0.6823185731594482
vn 0 0.7310549669632609 0.6823185731594482
vn 0 0.7310549669632609 0.6823185731594482
vn 0 0.7310549669632609 0.6823185731594482
vn 0 0.7310549669632609 0.6823185731594482
vn 0 0.7310549669632609 0.6823185731594482
vn -0.5901673348848379 -0.590166679233755 -0.5508228458925153
vn -0.5901673348848379 -0.590166679233755 -0.5508228458925153
vn -0.5901673348848379 -0.590166679233755 -0.5508228458925153
vn -0.5901673348848379 -0.590166679233755 0.5508228458925153
vn -0.5901673348848379 -0.590166679233755 0.5508228458925153
vn -0.5901673348848379 -0.590166679233755 0.5508228458925153
vn -0.5901673348848379 0.590166679233755 -0.5508228458925153
vn -0.5901673348848379 0.590166679233755 -0.5508228458925153
vn -0.5901673348848379 0.590166679233755 -0.5508228458925153
vn -0.5901673348848379 0.590166679233755 0.5508228458925153
vn -0.5901673348848379 0.590166679233755 0.5508228458925153
vn -0.5901673348848379 0.590166679233755 0.5508228458925153
vn 0.5901673348848379 -0.590166679233755 -0.5508228458925153
vn 0.5901673348848379 -0.590166679233755 -0.5508228458925153
vn 0.5901673348848379 -0.590166679233755 -0.5508228458925153
vn 0.5901673348848379 -0.590166679233755 0.5508228458925153
vn 0.5901673348848379 -0.590166679233755 0.5508228458925153
vn 0.5901673348848379 -0.590166679233755 0.5508228458925153
vn 0.5901673348848379 0.590166679233755 -0.5508228458925153
vn 0.5901673348848379 0.590166679233755 -0.5508228458925153
vn 0.5901673348848379 0.590166679233755 -0.5508228458925153
vn 0.5901673348848379 0.590166679233755 0.5508228458925153
vn 0.5901673348848379 0.590166679233755 0.5508228458925153
vn 0.5901673348848379 0.590166679233755 0.5508228458925153
f 133//133 134//134 135//135
f 136//136 137//137 138//138
f 139//139 140//140 141//141
f 142//142 143//143 144//144
f 145//145 146//146 147//147
f 148//148 149//149 150//150
f 151//151 152//152 153//153
f 154//154 155//155 156//156
f 157//157 158//158 159//159
f 160//160 161//161 162//162
f 163//163 164//164 165//165
f 166//166 167//167 168//168
f 169//169 170//170 171//171
f 172//172 173//173 174//174
f 175//175 176//176 177//177
f 178//178 179//179 180//180
f 181//181 182//182 183//183
f 184//184 185//185 186//186
f 187//187 188//188 189//189
f 190//190 191//191 192//192
f 193//193 194//194 195//195
f 196//196 197//197 198//198
f 199//199 200//200 201//201
f 202//202 203//203 204//204
f 205//205 206//206 207//207
f 208//208 209//209 210//210
f 211//211 212//212 213//213
f 214//214 215//215 216//216
f 217//217 218//218 219//219
f 220//220 221//221 222//222
f 223//223 224//224 225//225
f 226//226 227//227 228//228
f 229//229 230//230 231//231
f 232//232 233//233 234//234
f 235//235 236//236 237//237
f 238//238 239//239 240//240
f 241//241 242//242 243//243
f 244//244 245//245 246//246
f 247//247 248//248 249//249
f 250//250 251//251 252//252
f 253//253 254//254 255//255
f 256//256 257//257 258//258
f 259//259 260//260 261//261
f 262//262 263//263 264//264
o lamp_l
usemtl gold
v -0.800000011920929 1.7000000476837158 0.1071428582072258
v -0.7412214875221252 1.7000000476837158 0.08668038994073868
v -0.7048943638801575 1.7000000476837158 0.03310896456241608
v -0.7048943638801575 1.7000000476837158 -0.03310896456241608
v -0.7412214875221252 1.7000000476837158 -0.08668038994073868
v -0.800000011920929 1.7000000476837158 -0.1071428582072258
v -0.8587785363197327 1.7000000476837158 -0.08668038994073868
v -0.8951056599617004 1.7000000476837158 -0.03310896456241608
v -0.8951056599617004 1.7000000476837158 0.03310896456241608
v -0.8587785363197327 1.7000000476837158 0.08668038994073868
v -0.800000011920929 1.7000000476837158 0.1071428582072258
v -0.800000011920929 1.5 0.1071428582072258
v -0.7412214875221252 1.5 0.08668038994073868
v -0.7048943638801575 1.5 0.03310896456241608
v -0.7048943638801575 1.5 -0.03310896456241608
v -0.7412214875221252 1.5 -0.08668038994073868
v -0.800000011920929 1.5 -0.1071428582072258
v -0.8587785363197327 1.5 -0.08668038994073868
v -0.8951056599617004 1.5 -0.03310896456241608
v -0.8951056599617004 1.5 0.03310896456241608
v -0.8587785363197327 1.5 0.08668038994073868
v -0.800000011920929 1.5 0.1071428582072258
v -0.800000011920929 1.7000000476837158 0
v -0.800000011920929 1.7000000476837158 0
v -0.800000011920929 1.7000000476837158 0
v -0.800000011920929 1.7000000476837158 0
v -0.800000011920929 1.7000000476837158 0
v -0.800000011920929 1.7000000476837158 0
v -0.800000011920929 1.7000000476837158 0
v -0.800000011920929 1.7000000476837158 0
v -0.800000011920929 1.7000000476837158 0
v -0.800000011920929 1.7000000476837158 0
v -0.800000011920929 1.7000000476837158 0.1071428582072258
v -0.7412214875221252 1.7000000476837158 0.08668038994073868
v -0.7048943638801575 1.7000000476837158 0.03310896456241608
v -0.7048943638801575 1.7000000476837158 -0.03310896456241608
v -0.7412214875221252 1.7000000476837158 -0.08668038994073868
v -0.800000011920929 1.7000000476837158 -0.1071428582072258
v -0.8587785363197327 1.7000000476837158 -0.08668038994073868
v -0.8951056599617004 1.7000000476837158 -0.03310896456241608
v -0.8951056599617004 1.7000000476837158 0.03310896456241608
v -0.8587785363197327 1.7000000476837158 0.08668038994073868
v -0.800000011920929 1.7000000476837158 0.1071428582072258
v -0.800000011920929 1.5 0
v -0.800000011920929 1.5 0
v -0.800000011920929 1.5 0
v -0.800000011920929 1.5 0
v -0.800000011920929 1.5 0
v -0.800000011920929 1.5 0
v -0.800000011920929 1.5 0
v -0.800000011920929 1.5 0
v -0.800000011920929 1.5 0
v -0.800000011920929 1.5 0
v -0.800000011920929 1.5 0.1071428582072258
v -0.7412214875221252 1.5 0.08668038994073868
v -0.7048943638801575 1.5 0.03310896456241608
v -0.7048943638801575 1.5 -0.03310896456241608
v -0.7412214875221252 1.5 -0.08668038994073868
v -0.800000011920929 1.5 -0.1071428582072258
v -0.8587785363197327 1.5 -0.08668038994073868
v -0.8951056599617004 1.5 -0.03310896456241608
v -0.8951056599617004 1.5 0.03310896456241608
v -0.8587785363197327 1.5 0.08668038994073868
v -0.800000011920929 1.5 0.1071428582072258
vt 0 1
vt 0.10000000149011612 1
vt 0.20000000298023224 1
vt 0.30000001192092896 1
vt 0.4000000059604645 1
vt 0.5 1
vt 0.6000000238418579 1
vt 0.699999988079071 1
vt 0.800000011920929 1
vt 0.8999999761581421 1
vt 1 1
vt 0 0
vt 0.10000000149011612 0
vt 0.20000000298023224 0
vt 0.30000001192092896 0
vt 0.4000000059604645 0
vt 0.5 0
vt 0.6000000238418579 0
vt 0.699999988079071 0
vt 0.800000011920929 0
vt 0.8999999761581421 0
vt 1 0
vt 0.5 0.5
vt 0.5 0.5
vt 0.5 0.5
vt 0.5 0.5
vt 0.5 0.5
vt 0.5 0.5
vt 0.5 0.5
vt 0.5 0.5
vt 0.5 0.5
vt 0.5 0.5
vt 1 0.5
vt 0.9045084714889526 0.7938926219940186
vt 0.6545084714889526 0.9755282402038574
vt 0.345491498708725 0.9755282402038574
vt 0.09549150615930557 0.7938926219940186
vt 0 0.5
vt 0.09549150615930557 0.20610737800598145
vt 0.345491498708725 0.024471741169691086
vt 0.6545084714889526 0.024471741169691086
vt 0.9045084714889526 0.20610737800598145
vt 1 0.5
vt 0.5 0.5
vt 0.5 0.5
vt 0.5 0.5
vt 0.5 0.5
vt 0.5 0.5
vt 0.5 0.5
vt 0.5 0.5
vt 0.5 0.5
vt 0.5 0.5
vt 0.5 0.5
vt 1 0.5
vt 0.9045084714889526 0.20610737800598145
vt 0.6545084714889526 0.024471741169691086
vt 0.345491498708725 0.024471741169691086
vt 0.09549150615930557 0.20610737800598145
vt 0 0.5
vt 0.09549150615930557 0.7938926219940186
vt 0.345491498708725 0.9755282402038574
vt 0.6545084714889526 0.9755282402038574
vt 0.9045084714889526 0.7938926219940186
vt 1 0.5
vn 0 0 1
vn 0.6142653811721492 0 0.7890995130485344
vn 0.9569638031249691 0 0.29020730436809394
vn 0.9569638031249691 0 -0.29020730436809394
vn 0.6142653811721492 0 -0.7890995130485344
vn 1.3121216655837936e-16 0 -1
vn -0.6142653811721492 0 -0.7890995130485344
vn -0.9569638031249691 0 -0.29020730436809394
vn -0.9569638031249691 0 0.29020730436809394
vn -0.6142653811721492 0 0.7890995130485344
vn -2.624243331167587e-16 0 1
vn 0 0 1
vn 0.6142653811721492 0 0.7890995130485344
vn 0.9569638031249691 0 0.29020730436809394
vn 0.9569638031249691 0 -0.29020730436809394
vn 0.6142653811721492 0 -0.7890995130485344
vn 1.3121216655837936e-16 0 -1
vn -0.6142653811721492 0 -0.7890995130485344
vn -0.9569638031249691 0 -0.29020730436809394
vn -0.9569638031249691 0 0.29020730436809394
vn -0.6142653811721492 0 0.7890995130485344
vn -2.624243331167587e-16 0 1
vn 0 1 0
vn 0 1 0
vn 0 1 0
vn 0 1 0
vn 0 1 0
vn 0 1 0
vn 0 1 0
vn 0 1 0
vn 0 1 0
vn 0 1 0
vn 0 1 0
vn 0 1 0
vn 0 1 0
vn 0 1 0
vn 0 1 0
vn 0 1 0
vn 0 1 0
vn 0 1 0
vn 0 1 0
vn 0 1 0
vn 0 1 0
vn 0 -1 0
vn 0 -1 0
vn 0 -1 0
vn 0 -1 0
vn 0 -1 0
vn 0 -1 0
vn 0 -1 0
vn 0 -1 0
vn 0 -1 0
vn 0 -1 0
vn 0 -1 0
vn 0 -1 0
vn 0 -1 0
vn 0 -1 0
vn 0 -1 0
vn 0 -1 0
vn 0 -1 0
vn 0 -1 0
vn 0 -1 0
vn 0 -1 0
vn 0 -1 0
f 265/1/265 276/12/276 266/2/266
f 276/12/276 277/13/277 266/2/266
f 266/2/266 277/13/277 267/3/267
f 277/13/277 278/14/278 267/3/267
f 267/3/267 278/14/278 268/4/268
f 278/14/278 279/15/279 268/4/268
f 268/4/268 279/15/279 269/5/269
f 279/15/279 280/16/280 269/5/269
f 269/5/269 280/16/280 270/6/270
f 280/16/280 281/17/281 270/6/270
f 270/6/270 281/17/281 271/7/271
f 281/17/281 282/18/282 271/7/271
f 271/7/271 282/18/282 272/8/272
f 282/18/282 283/19/283 272/8/272
f 272/8/272 283/19/283 273/9/273
f 283/19/283 284/20/284 273/9/273
f 273/9/273 284/20/284 274/10/274
f 284/20/284 285/21/285 274/10/274
f 274/10/274 285/21/285 275/11/275
f 285/21/285 286/22/286 275/11/275
f 297/33/297 298/34/298 287/23/287
f 298/34/298 299/35/299 288/24/288
f 299/35/299 300/36/300 289/25/289
f 300/36/300 301/37/301 290/26/290
f 301/37/301 302/38/302 291/27/291
f 302/38/302 303/39/303 292/28/292
f 303/39/303 304/40/304 293/29/293
f 304/40/304 305/41/305 294/30/294
f 305/41/305 306/42/306 295/31/295
f 306/42/306 307/43/307 296/32/296
f 319/55/319 318/54/318 308/44/308
f 320/56/320 319/55/319 309/45/309
f 321/57/321 320/56/320 310/46/310
f 322/58/322 321/57/321 311/47/311
f 323/59/323 322/58/322 312/48/312
f 324/60/324 323/59/323 313/49/313
f 325/61/325 324/60/324 314/50/314
f 326/62/326 325/61/325 315/51/315
f 327/63/327 326/62/326 316/52/316
f 328/64/328 327/63/327 317/53/317
o foot_r
usemtl metal
v 0.6299999952316284 0.029999997466802597 -0.2678571343421936
v 0.6299999952316284 0.10000000149011612 0.2678571343421936
v 0.6299999952316284 0.10000000149011612 -0.2678571343421936
v 0.6299999952316284 0.029999997466802597 -0.2678571343421936
v 0.6299999952316284 0.029999997466802597 0.2678571343421936
v 0.6299999952316284 0.10000000149011612 0.2678571343421936
v 0.9700000286102295 0.029999997466802597 -0.2678571343421936
v 0.9700000286102295 0.10000000149011612 -0.2678571343421936
v 0.9700000286102295 0.10000000149011612 0.2678571343421936
v 0.9700000286102295 0.029999997466802597 -0.2678571343421936
v 0.9700000286102295 0.10000000149011612 0.2678571343421936
v 0.9700000286102295 0.029999997466802597 0.2678571343421936
v 0.6600000262260437 0 -0.2678571343421936
v 0.9399999976158142 0 -0.2678571343421936
v 0.9399999976158142 0 0.2678571343421936
v 0.6600000262260437 0 -0.2678571343421936
v 0.9399999976158142 0 0.2678571343421936
v 0.6600000262260437 0 0.2678571343421936
v 0.6600000262260437 0.12999999523162842 -0.2678571343421936
v 0.9399999976158142 0.12999999523162842 0.2678571343421936
v 0.9399999976158142 0.12999999523162842 -0.2678571343421936
v 0.6600000262260437 0.12999999523162842 -0.2678571343421936
v 0.6600000262260437 0.12999999523162842 0.2678571343421936
v 0.9399999976158142 0.12999999523162842 0.2678571343421936
v 0.6600000262260437 0.029999997466802597 -0.30000001192092896
v 0.9399999976158142 0.10000000149011612 -0.30000001192092896
v 0.9399999976158142 0.029999997466802597 -0.30000001192092896
v 0.6600000262260437 0.029999997466802597 -0.30000001192092896
v 0.6600000262260437 0.10000000149011612 -0.30000001192092896
v 0.9399999976158142 0.10000000149011612 -0.30000001192092896
v 0.6600000262260437 0.029999997466802597 0.30000001192092896
v 0.9399999976158142 0.029999997466802597 0.30000001192092896
v 0.9399999976158142 0.10000000149011612 0.30000001192092896
v 0.6600000262260437 0.029999997466802597 0.30000001192092896
v 0.9399999976158142 0.10000000149011612 0.30000001192092896
v 0.6600000262260437 0.10000000149011612 0.30000001192092896
v 0.6299999952316284 0.029999997466802597 -0.2678571343421936
v 0.6600000262260437 0 -0.2678571343421936
v 0.6600000262260437 0 0.2678571343421936
v 0.6299999952316284 0.029999997466802597 -0.2678571343421936
v 0.6600000262260437 0 0.2678571343421936
v 0.6299999952316284 0.029999997466802597 0.2678571343421936
v 0.6299999952316284 0.10000000149011612 -0.2678571343421936
v 0.6600000262260437 0.12999999523162842 0.2678571343421936
v 0.6600000262260437 0.12999999523162842 -0.2678571343421936
v 0.6299999952316284 0.10000000149011612 -0.2678571343421936
v 0.6299999952316284 0.10000000149011612 0.2678571343421936
v 0.6600000262260437 0.12999999523162842 0.2678571343421936
v 0.9700000286102295 0.029999997466802597 -0.2678571343421936
v 0.9399999976158142 0 0.2678571343421936
v 0.9399999976158142 0 -0.2678571343421936
v 0.9700000286102295 0.029999997466802597 -0.2678571343421936
v 0.9700000286102295 0.029999997466802597 0.2678571343421936
v 0.9399999976158142 0 0.2678571343421936
v 0.9700000286102295 0.10000000149011612 -0.2678571343421936
v 0.9399999976158142 0.12999999523162842 -0.2678571343421936
v 0.9399999976158142 0.12999999523162842 0.2678571343421936
v 0.9700000286102295 0.10000000149011612 -0.2678571343421936
v 0.9399999976158142 0.12999999523162842 0.2678571343421936
v 0.9700000286102295 0.10000000149011612 0.2678571343421936
v 0.6299999952316284 0.029999997466802597 -0.2678571343421936
v 0.6600000262260437 0.10000000149011612 -0.30000001192092896
v 0.6600000262260437 0.029999997466802597 -0.30000001192092896
v 0.6299999952316284 0.029999997466802597 -0.2678571343421936
v 0.6299999952316284 0.10000000149011612 -0.2678571343421936
v 0.6600000262260437 0.10000000149011612 -0.30000001192092896
v 0.6299999952316284 0.029999997466802597 0.2678571343421936
v 0.6600000262260437 0.029999997466802597 0.30000001192092896
v 0.6600000262260437 0.10000000149011612 0.30000001192092896
v 0.6299999952316284 0.029999997466802597 0.2678571343421936
v 0.6600000262260437 0.10000000149011612 0.30000001192092896
v 0.6299999952316284 0.10000000149011612 0.2678571343421936
v 0.9700000286102295 0.029999997466802597 -0.2678571343421936
v 0.9399999976158142 0.029999997466802597 -0.30000001192092896
v 0.9399999976158142 0.10000000149011612 -0.30000001192092896
v 0.9700000286102295 0.029999997466802597 -0.2678571343421936
v 0.9399999976158142 0.10000000149011612 -0.30000001192092896
v 0.9700000286102295 0.10000000149011612 -0.2678571343421936
v 0.9700000286102295 0.029999997466802597 0.2678571343421936
v 0.9399999976158142 0.10000000149011612 0.30000001192092896
v 0.9399999976158142 0.029999997466802597 0.30000001192092896
v 0.9700000286102295 0.029999997466802597 0.2678571343421936
v 0.9700000286102295 0.10000000149011612 0.2678571343421936
v 0.9399999976158142 0.10000000149011612 0.30000001192092896
v 0.6600000262260437 0 -0.2678571343421936
v 0.6600000262260437 0.029999997466802597 -0.30000001192092896
v 0.9399999976158142 0.029999997466802597 -0.30000001192092896
v 0.6600000262260437 0 -0.2678571343421936
v 0.9399999976158142 0.029999997466802597 -0.30000001192092896
v 0.9399999976158142 0 -0.2678571343421936
v 0.6600000262260437 0 0.2678571343421936
v 0.9399999976158142 0.029999997466802597 0.30000001192092896
v 0.6600000262260437 0.029999997466802597 0.30000001192092896
v 0.6600000262260437 0 0.2678571343421936
v 0.9399999976158142 0 0.2678571343421936
v 0.9399999976158142 0.029999997466802597 0.30000001192092896
v 0.6600000262260437 0.12999999523162842 -0.2678571343421936
v 0.9399999976158142 0.10000000149011612 -0.30000001192092896
v 0.6600000262260437 0.10000000149011612 -0.30000001192092896
v 0.6600000262260437 0.12999999523162842 -0.2678571343421936
v 0.9399999976158142 0.12999999523162842 -0.2678571343421936
v 0.9399999976158142 0.10000000149011612 -0.30000001192092896
v 0.6600000262260437 0.12999999523162842 0.2678571343421936
v 0.6600000262260437 0.10000000149011612 0.30000001192092896
v 0.9399999976158142 0.10000000149011612 0.30000001192092896
v 0.6600000262260437 0.12999999523162842 0.2678571343421936
v 0.9399999976158142 0.10000000149011612 0.30000001192092896
v 0.9399999976158142 0.12999999523162842 0.2678571343421936
v 0.6299999952316284 0.029999997466802597 -0.2678571343421936
v 0.6600000262260437 0.029999997466802597 -0.30000001192092896
v 0.6600000262260437 0 -0.2678571343421936
v 0.6299999952316284 0.029999997466802597 0.2678571343421936
v 0.6600000262260437 0 0.2678571343421936
v 0.6600000262260437 0.029999997466802597 0.30000001192092896
v 0.6299999952316284 0.10000000149011612 -0.2678571343421936
v 0.6600000262260437 0.12999999523162842 -0.2678571343421936
v 0.6600000262260437 0.10000000149011612 -0.30000001192092896
v 0.6299999952316284 0.10000000149011612 0.2678571343421936
v 0.6600000262260437 0.10000000149011612 0.30000001192092896
v 0.6600000262260437 0.12999999523162842 0.2678571343421936
v 0.9700000286102295 0.029999997466802597 -0.2678571343421936
v 0.9399999976158142 0 -0.2678571343421936
v 0.9399999976158142 0.029999997466802597 -0.30000001192092896
v 0.9700000286102295 0.029999997466802597 0.2678571343421936
v 0.9399999976158142 0.029999997466802597 0.30000001192092896
v 0.9399999976158142 0 0.2678571343421936
v 0.9700000286102295 0.10000000149011612 -0.2678571343421936
v 0.9399999976158142 0.10000000149011612 -0.30000001192092896
v 0.9399999976158142 0.12999999523162842 -0.2678571343421936
v 0.9700000286102295 0.10000000149011612 0.2678571343421936
v 0.9399999976158142 0.12999999523162842 0.2678571343421936
v 0.9399999976158142 0.10000000149011612 0.30000001192092896
vn -1 0 0
vn -1 0 0
vn -1 0 0
vn -1 0 0
vn -1 0 0
vn -1 0 0
vn 1 0 0
vn 1 0 0
vn 1 0 0
vn 1 0 0
vn 1 0 0
vn 1 0 0
vn 0 -1 0
vn 0 -1 0
vn 0 -1 0
vn 0 -1 0
vn 0 -1 0
vn 0 -1 0
vn 0 1 0
vn 0 1 0
vn 0 1 0
vn 0 1 0
vn 0 1 0
vn 0 1 0
vn 0 0 -1
vn 0 0 -1
vn 0 0 -1
vn 0 0 -1
vn 0 0 -1
vn 0 0 -1
vn 0 0 1
vn 0 0 1
vn 0 0 1
vn 0 0 1
vn 0 0 1
vn 0 0 1
vn -0.7071067215818992 -0.7071068407911908 0
vn -0.7071067215818992 -0.7071068407911908 0
vn -0.7071067215818992 -0.7071068407911908 0
vn -0.7071067215818992 -0.7071068407911908 0
vn -0.7071067215818992 -0.7071068407911908 0
vn -0.7071067215818992 -0.7071068407911908 0
vn -0.7071067215818992 0.7071068407911908 0
vn -0.7071067215818992 0.7071068407911908 0
vn -0.7071067215818992 0.7071068407911908 0
vn -0.7071067215818992 0.7071068407911908 0
vn -0.7071067215818992 0.7071068407911908 0
vn -0.7071067215818992 0.7071068407911908 0
vn 0.7071067215818992 -0.7071068407911908 0
vn 0.7071067215818992 -0.7071068407911908 0
vn 0.7071067215818992 -0.7071068407911908 0
vn 0.7071067215818992 -0.7071068407911908 0
vn 0.7071067215818992 -0.7071068407911908 0
vn 0.7071067215818992 -0.7071068407911908 0
vn 0.7071067215818992 0.7071068407911908 0
vn 0.7071067215818992 0.7071068407911908 0
vn 0.7071067215818992 0.7071068407911908 0
vn 0.7071067215818992 0.7071068407911908 0
vn 0.7071067215818992 0.7071068407911908 0
vn 0.7071067215818992 0.7071068407911908 0
vn -0.7310552543681536 0 -0.6823182652257773
vn -0.7310552543681536 0 -0.6823182652257773
vn -0.7310552543681536 0 -0.6823182652257773
vn -0.7310552543681536 0 -0.6823182652257773
vn -0.7310552543681536 0 -0.6823182652257773
vn -0.7310552543681536 0 -0.6823182652257773
vn -0.7310552543681536 0 0.6823182652257773
vn -0.7310552543681536 0 0.6823182652257773
vn -0.7310552543681536 0 0.6823182652257773
vn -0.7310552543681536 0 0.6823182652257773
vn -0.7310552543681536 0 0.6823182652257773
vn -0.7310552543681536 0 0.6823182652257773
vn 0.7310552543681536 0 -0.6823182652257773
vn 0.7310552543681536 0 -0.6823182652257773
vn 0.7310552543681536 0 -0.6823182652257773
vn 0.7310552543681536 0 -0.6823182652257773
vn 0.7310552543681536 0 -0.6823182652257773
vn 0.7310552543681536 0 -0.6823182652257773
vn 0.7310552543681536 0 0.6823182652257773
vn 0.7310552543681536 0 0.6823182652257773
vn 0.7310552543681536 0 0.6823182652257773
vn 0.7310552543681536 0 0.6823182652257773
vn 0.7310552543681536 0 0.6823182652257773
vn 0.7310552543681536 0 0.6823182652257773
vn 0 -0.7310553118491155 -0.6823182036390297
vn 0 -0.7310553118491155 -0.6823182036390297
vn 0 -0.7310553118491155 -0.6823182036390297
vn 0 -0.7310553118491155 -0.6823182036390297
vn 0 -0.7310553118491155 -0.6823182036390297
vn 0 -0.7310553118491155 -0.6823182036390297
vn 0 -0.7310553118491155 0.6823182036390297
vn 0 -0.7310553118491155 0.6823182036390297
vn 0 -0.7310553118491155 0.6823182036390297
vn 0 -0.7310553118491155 0.6823182036390297
vn 0 -0.7310553118491155 0.6823182036390297
vn 0 -0.7310553118491155 0.6823182036390297
vn 0 0.7310553118491155 -0.6823182036390297
vn 0 0.7310553118491155 -0.6823182036390297
vn 0 0.7310553118491155 -0.6823182036390297
vn 0 0.7310553118491155 -0.6823182036390297
vn 0 0.7310553118491155 -0.6823182036390297
vn 0 0.7310553118491155 -0.6823182036390297
vn 0 0.7310553118491155 0.6823182036390297
vn 0 0.7310553118491155 0.6823182036390297
vn 0 0.7310553118491155 0.6823182036390297
vn 0 0.7310553118491155 0.6823182036390297
vn 0 0.7310553118491155 0.6823182036390297
vn 0 0.7310553118491155 0.6823182036390297
vn -0.5901670909303091 -0.5901671505349524 -0.5508226023070503
vn -0.5901670909303091 -0.5901671505349524 -0.5508226023070503
vn -0.5901670909303091 -0.5901671505349524 -0.5508226023070503
vn -0.5901670909303091 -0.5901671505349524 0.5508226023070503
vn -0.5901670909303091 -0.5901671505349524 0.5508226023070503
vn -0.5901670909303091 -0.5901671505349524 0.5508226023070503
vn -0.5901670909303091 0.5901671505349524 -0.5508226023070503
vn -0.5901670909303091 0.5901671505349524 -0.5508226023070503
vn -0.5901670909303091 0.5901671505349524 -0.5508226023070503
vn -0.5901670909303091 0.5901671505349524 0.5508226023070503
vn -0.5901670909303091 0.5901671505349524 0.5508226023070503
vn -0.5901670909303091 0.5901671505349524 0.5508226023070503
vn 0.5901670909303091 -0.5901671505349524 -0.5508226023070503
vn 0.5901670909303091 -0.5901671505349524 -0.5508226023070503
vn 0.5901670909303091 -0.5901671505349524 -0.5508226023070503
vn 0.5901670909303091 -0.5901671505349524 0.5508226023070503
vn 0.5901670909303091 -0.5901671505349524 0.5508226023070503
vn 0.5901670909303091 -0.5901671505349524 0.5508226023070503
vn 0.5901670909303091 0.5901671505349524 -0.5508226023070503
vn 0.5901670909303091 0.5901671505349524 -0.5508226023070503
vn 0.5901670909303091 0.5901671505349524 -0.5508226023070503
vn 0.5901670909303091 0.5901671505349524 0.5508226023070503
vn 0.5901670909303091 0.5901671505349524 0.5508226023070503
vn 0.5901670909303091 0.5901671505349524 0.5508226023070503
f 329//329 330//330 331//331
f 332//332 333//333 334//334
f 335//335 336//336 337//337
f 338//338 339//339 340//340
f 341//341 342//342 343//343
f 344//344 345//345 346//346
f 347//347 348//348 349//349
f 350//350 351//351 352//352
f 353//353 354//354 355//355
f 356//356 357//357 358//358
f 359//359 360//360 361//361
f 362//362 363//363 364//364
f 365//365 366//366 367//367
f 368//368 369//369 370//370
f 371//371 372//372 373//373
f 374//374 375//375 376//376
f 377//377 378//378 379//379
f 380//380 381//381 382//382
f 383//383 384//384 385//385
f 386//386 387//387 388//388
f 389//389 390//390 391//391
f 392//392 393//393 394//394
f 395//395 396//396 397//397
f 398//398 399//399 400//400
f 401//401 402//402 403//403
f 404//404 405//405 406//406
f 407//407 408//408 409//409
f 410//410 411//411 412//412
f 413//413 414//414 415//415
f 416//416 417//417 418//418
f 419//419 420//420 421//421
f 422//422 423//423 424//424
f 425//425 426//426 427//427
f 428//428 429//429 430//430
f 431//431 432//432 433//433
f 434//434 435//435 436//436
f 437//437 438//438 439//439
f 440//440 441//441 442//442
f 443//443 444//444 445//445
f 446//446 447//447 448//448
f 449//449 450//450 451//451
f 452//452 453//453 454//454
f 455//455 456//456 457//457
f 458//458 459//459 460//460
o leg_r
usemtl metal
v 0.7250000238418579 0.11000000685453415 -0.04821428656578064
v 0.7250000238418579 1.25 0.04821428656578064
v 0.7250000238418579 1.25 -0.04821428656578064
v 0.7250000238418579 0.11000000685453415 -0.04821428656578064
v 0.7250000238418579 0.11000000685453415 0.04821428656578064
v 0.7250000238418579 1.25 0.04821428656578064
v 0.875 0.11000000685453415 -0.04821428656578064
v 0.875 1.25 -0.04821428656578064
v 0.875 1.25 0.04821428656578064
v 0.875 0.11000000685453415 -0.04821428656578064
v 0.875 1.25 0.04821428656578064
v 0.875 0.11000000685453415 0.04821428656578064
v 0.7549999952316284 0.07999997586011887 -0.04821428656578064
v 0.8450000286102295 0.07999997586011887 -0.04821428656578064
v 0.8450000286102295 0.07999997586011887 0.04821428656578064
v 0.7549999952316284 0.07999997586011887 -0.04821428656578064
v 0.8450000286102295 0.07999997586011887 0.04821428656578064
v 0.7549999952316284 0.07999997586011887 0.04821428656578064
v 0.7549999952316284 1.2799999713897705 -0.04821428656578064
v 0.8450000286102295 1.2799999713897705 0.04821428656578064
v 0.8450000286102295 1.2799999713897705 -0.04821428656578064
v 0.7549999952316284 1.2799999713897705 -0.04821428656578064
v 0.7549999952316284 1.2799999713897705 0.04821428656578064
v 0.8450000286102295 1.2799999713897705 0.04821428656578064
v 0.7549999952316284 0.11000000685453415 -0.0803571492433548
v 0.8450000286102295 1.25 -0.0803571492433548
v 0.8450000286102295 0.11000000685453415 -0.0803571492433548
v 0.7549999952316284 0.11000000685453415 -0.0803571492433548
v 0.7549999952316284 1.25 -0.0803571492433548
v 0.8450000286102295 1.25 -0.0803571492433548
v 0.7549999952316284 0.11000000685453415 0.0803571492433548
v 0.8450000286102295 0.11000000685453415 0.0803571492433548
v 0.8450000286102295 1.25 0.0803571492433548
v 0.7549999952316284 0.11000000685453415 0.0803571492433548
v 0.8450000286102295 1.25 0.0803571492433548
v 0.7549999952316284 1.25 0.0803571492433548
v 0.7250000238418579 0.11000000685453415 -0.04821428656578064
v 0.7549999952316284 0.07999997586011887 -0.04821428656578064
v 0.7549999952316284 0.07999997586011887 0.04821428656578064
v 0.7250000238418579 0.11000000685453415 -0.04821428656578064
v 0.7549999952316284 0.07999997586011887 0.04821428656578064
v 0.7250000238418579 0.11000000685453415 0.04821428656578064
v 0.7250000238418579 1.25 -0.04821428656578064
v 0.7549999952316284 1.2799999713897705 0.04821428656578064
v 0.7549999952316284 1.2799999713897705 -0.04821428656578064
v 0.7250000238418579 1.25 -0.04821428656578064
v 0.7250000238418579 1.25 0.04821428656578064
v 0.7549999952316284 1.2799999713897705 0.04821428656578064
v 0.875 0.11000000685453415 -0.04821428656578064
v 0.8450000286102295 0.07999997586011887 0.04821428656578064
v 0.8450000286102295 0.07999997586011887 -0.04821428656578064
v 0.875 0.11000000685453415 -0.04821428656578064
v 0.875 0.11000000685453415 0.04821428656578064
v 0.8450000286102295 0.07999997586011887 0.04821428656578064
v 0.875 1.25 -0.04821428656578064
v 0.8450000286102295 1.2799999713897705 -0.04821428656578064
v 0.8450000286102295 1.2799999713897705 0.04821428656578064
v 0.875 1.25 -0.04821428656578064
v 0.8450000286102295 1.2799999713897705 0.04821428656578064
v 0.875 1.25 0.04821428656578064
v 0.7250000238418579 0.11000000685453415 -0.04821428656578064
v 0.7549999952316284 1.25 -0.0803571492433548
v 0.7549999952316284 0.11000000685453415 -0.0803571492433548
v 0.7250000238418579 0.11000000685453415 -0.04821428656578064
v 0.7250000238418579 1.25 -0.04821428656578064
v 0.7549999952316284 1.25 -0.0803571492433548
v 0.7250000238418579 0.11000000685453415 0.04821428656578064
v 0.7549999952316284 0.11000000685453415 0.0803571492433548
v 0.7549999952316284 1.25 0.0803571492433548
v 0.7250000238418579 0.11000000685453415 0.04821428656578064
v 0.7549999952316284 1.25 0.0803571492433548
v 0.7250000238418579 1.25 0.04821428656578064
v 0.875 0.11000000685453415 -0.04821428656578064
v 0.8450000286102295 0.11000000685453415 -0.0803571492433548
v 0.8450000286102295 1.25 -0.0803571492433548
v 0.875 0.11000000685453415 -0.04821428656578064
v 0.8450000286102295 1.25 -0.0803571492433548
v 0.875 1.25 -0.04821428656578064
v 0.875 0.11000000685453415 0.04821428656578064
v 0.8450000286102295 1.25 0.0803571492433548
v 0.8450000286102295 0.11000000685453415 0.0803571492433548
v 0.875 0.11000000685453415 0.04821428656578064
v 0.875 1.25 0.04821428656578064
v 0.8450000286102295 1.25 0.0803571492433548
v 0.7549999952316284 0.07999997586011887 -0.04821428656578064
v 0.7549999952316284 0.11000000685453415 -0.0803571492433548
v 0.8450000286102295 0.11000000685453415 -0.0803571492433548
v 0.7549999952316284 0.07999997586011887 -0.04821428656578064
v 0.8450000286102295 0.11000000685453415 -0.0803571492433548
v 0.8450000286102295 0.07999997586011887 -0.04821428656578064
v 0.7549999952316284 0.07999997586011887 0.04821428656578064
v 0.8450000286102295 0.11000000685453415 0.0803571492433548
v 0.7549999952316284 0.11000000685453415 0.0803571492433548
v 0.7549999952316284 0.07999997586011887 0.04821428656578064
v 0.8450000286102295 0.07999997586011887 0.04821428656578064
v 0.8450000286102295 0.11000000685453415 0.0803571492433548
v 0.7549999952316284 1.2799999713897705 -0.04821428656578064
v 0.8450000286102295 1.25 -0.0803571492433548
v 0.7549999952316284 1.25 -0.0803571492433548
v 0.7549999952316284 1.2799999713897705 -0.04821428656578064
v 0.8450000286102295 1.2799999713897705 -0.04821428656578064
v 0.8450000286102295 1.25 -0.0803571492433548
v 0.7549999952316284 1.2799999713897705 0.04821428656578064
v 0.7549999952316284 1.25 0.0803571492433548
v 0.8450000286102295 1.25 0.0803571492433548
v 0.7549999952316284 1.2799999713897705 0.04821428656578064
v 0.8450000286102295 1.25 0.0803571492433548
v 0.8450000286102295 1.2799999713897705 0.04821428656578064
v 0.7250000238418579 0.11000000685453415 -0.04821428656578064
v 0.7549999952316284 0.11000000685453415 -0.0803571492433548
v 0.7549999952316284 0.07999997586011887 -0.04821428656578064
v 0.7250000238418579 0.11000000685453415 0.04821428656578064
v 0.7549999952316284 0.07999997586011887 0.04821428656578064
v 0.7549999952316284 0.11000000685453415 0.0803571492433548
v 0.7250000238418579 1.25 -0.04821428656578064
v 0.7549999952316284 1.2799999713897705 -0.04821428656578064
v 0.7549999952316284 1.25 -0.0803571492433548
v 0.7250000238418579 1.25 0.04821428656578064
v 0.7549999952316284 1.25 0.0803571492433548
v 0.7549999952316284 1.2799999713897705 0.04821428656578064
v 0.875 0.11000000685453415 -0.04821428656578064
v 0.8450000286102295 0.07999997586011887 -0.04821428656578064
v 0.8450000286102295 0.11000000685453415 -0.0803571492433548
v 0.875 0.11000000685453415 0.04821428656578064
v 0.8450000286102295 0.11000000685453415 0.0803571492433548
v 0.8450000286102295 0.07999997586011887 0.04821428656578064
v 0.875 1.25 -0.04821428656578064
v 0.8450000286102295 1.25 -0.0803571492433548
v 0.8450000286102295 1.2799999713897705 -0.04821428656578064
v 0.875 1.25 0.04821428656578064
v 0.8450000286102295 1.2799999713897705 0.04821428656578064
v 0.8450000286102295 1.25 0.0803571492433548
vn -1 0 0
vn -1 0 0
vn -1 0 0
vn -1 0 0
vn -1 0 0
vn -1 0 0
vn 1 0 0
vn 1 0 0
vn 1 0 0
vn 1 0 0
vn 1 0 0
vn 1 0 0
vn 0 -1 0
vn 0 -1 0
vn 0 -1 0
vn 0 -1 0
vn 0 -1 0
vn 0 -1 0
vn 0 1 0
vn 0 1 0
vn 0 1 0
vn 0 1 0
vn 0 1 0
vn 0 1 0
vn 0 0 -1
vn 0 0 -1
vn 0 0 -1
vn 0 0 -1
vn 0 0 -1
vn 0 0 -1
vn 0 0 1
vn 0 0 1
vn 0 0 1
vn 0 0 1
vn 0 0 1
vn 0 0 1
vn -0.7071071090120096 -0.7071064533609335 0
vn -0.7071071090120096 -0.7071064533609335 0
vn -0.7071071090120096 -0.7071064533609335 0
vn -0.7071071090120096 -0.7071064533609335 0
vn -0.7071071090120096 -0.7071064533609335 0
vn -0.7071071090120096 -0.7071064533609335 0
vn -0.7071071090120096 0.7071064533609335 0
vn -0.7071071090120096 0.7071064533609335 0
vn -0.7071071090120096 0.7071064533609335 0
vn -0.7071071090120096 0.7071064533609335 0
vn -0.7071071090120096 0.7071064533609335 0
vn -0.7071071090120096 0.7071064533609335 0
vn 0.7071071090120096 -0.7071064533609335 0
vn 0.7071071090120096 -0.7071064533609335 0
vn 0.7071071090120096 -0.7071064533609335 0
vn 0.7071071090120096 -0.7071064533609335 0
vn 0.7071071090120096 -0.7071064533609335 0
vn 0.7071071090120096 -0.7071064533609335 0
vn 0.7071071090120096 0.7071064533609335 0
vn 0.7071071090120096 0.7071064533609335 0
vn 0.7071071090120096 0.7071064533609335 0
vn 0.7071071090120096 0.7071064533609335 0
vn 0.7071071090120096 0.7071064533609335 0
vn 0.7071071090120096 0.7071064533609335 0
vn -0.7310552543681536 0 -0.6823182652257773
vn -0.7310552543681536 0 -0.6823182652257773
vn -0.7310552543681536 0 -0.6823182652257773
vn -0.7310552543681536 0 -0.6823182652257773
vn -0.7310552543681536 0 -0.6823182652257773
vn -0.7310552543681536 0 -0.6823182652257773
vn -0.7310552543681536 0 0.6823182652257773
vn -0.7310552543681536 0 0.6823182652257773
vn -0.7310552543681536 0 0.6823182652257773
vn -0.7310552543681536 0 0.6823182652257773
vn -0.7310552543681536 0 0.6823182652257773
vn -0.7310552543681536 0 0.6823182652257773
vn 0.7310552543681536 0 -0.6823182652257773
vn 0.7310552543681536 0 -0.6823182652257773
vn 0.7310552543681536 0 -0.6823182652257773
vn 0.7310552543681536 0 -0.6823182652257773
vn 0.7310552543681536 0 -0.6823182652257773
vn 0.7310552543681536 0 -0.6823182652257773
vn 0.7310552543681536 0 0.6823182652257773
vn 0.7310552543681536 0 0.6823182652257773
vn 0.7310552543681536 0 0.6823182652257773
vn 0.7310552543681536 0 0.6823182652257773
vn 0.7310552543681536 0 0.6823182652257773
vn 0.7310552543681536 0 0.6823182652257773
vn 0 -0.7310549669632609 -0.6823185731594482
vn 0 -0.7310549669632609 -0.6823185731594482
vn 0 -0.7310549669632609 -0.6823185731594482
vn 0 -0.7310549669632609 -0.6823185731594482
vn 0 -0.7310549669632609 -0.6823185731594482
vn 0 -0.7310549669632609 -0.6823185731594482
vn 0 -0.7310549669632609 0.6823185731594482
vn 0 -0.7310549669632609 0.6823185731594482
vn 0 -0.7310549669632609 0.6823185731594482
vn 0 -0.7310549669632609 0.6823185731594482
vn 0 -0.7310549669632609 0.6823185731594482
vn 0 -0.7310549669632609 0.6823185731594482
vn 0 0.7310549669632609 -0.6823185731594482
vn 0 0.7310549669632609 -0.6823185731594482
vn 0 0.7310549669632609 -0.6823185731594482
vn 0 0.7310549669632609 -0.6823185731594482
vn 0 0.7310549669632609 -0.6823185731594482
vn 0 0.7310549669632609 -0.6823185731594482
vn 0 0.7310549669632609 0.6823185731594482
vn 0 0.7310549669632609 0.6823185731594482
vn 0 0.7310549669632609 0.6823185731594482
vn 0 0.7310549669632609 0.6823185731594482
vn 0 0.7310549669632609 0.6823185731594482
vn 0 0.7310549669632609 0.6823185731594482
vn -0.5901673348848379 -0.590166679233755 -0.5508228458925153
vn -0.5901673348848379 -0.590166679233755 -0.5508228458925153
vn -0.5901673348848379 -0.590166679233755 -0.5508228458925153
vn -0.5901673348848379 -0.590166679233755 0.5508228458925153
vn -0.5901673348848379 -0.590166679233755 0.5508228458925153
vn -0.5901673348848379 -0.590166679233755 0.5508228458925153
vn -0.5901673348848379 0.590166679233755 -0.5508228458925153
vn -0.5901673348848379 0.590166679233755 -0.5508228458925153
vn -0.5901673348848379 0.590166679233755 -0.5508228458925153
vn -0.5901673348848379 0.590166679233755 0.5508228458925153
vn -0.5901673348848379 0.590166679233755 0.5508228458925153
vn -0.5901673348848379 0.590166679233755 0.5508228458925153
vn 0.5901673348848379 -0.590166679233755 -0.5508228458925153
vn 0.5901673348848379 -0.590166679233755 -0.5508228458925153
vn 0.5901673348848379 -0.590166679233755 -0.5508228458925153
vn 0.5901673348848379 -0.590166679233755 0.5508228458925153
vn 0.5901673348848379 -0.590166679233755 0.5508228458925153
vn 0.5901673348848379 -0.590166679233755 0.5508228458925153
vn 0.5901673348848379 0.590166679233755 -0.5508228458925153
vn 0.5901673348848379 0.590166679233755 -0.5508228458925153
vn 0.5901673348848379 0.590166679233755 -0.5508228458925153
vn 0.5901673348848379 0.590166679233755 0.5508228458925153
vn 0.5901673348848379 0.590166679233755 0.5508228458925153
vn 0.5901673348848379 0.590166679233755 0.5508228458925153
f 461//461 462//462 463//463
f 464//464 465//465 466//466
f 467//467 468//468 469//469
f 470//470 471//471 472//472
f 473//473 474//474 475//475
f 476//476 477//477 478//478
f 479//479 480//480 481//481
f 482//482 483//483 484//484
f 485//485 486//486 487//487
f 488//488 489//489 490//490
f 491//491 492//492 493//493
f 494//494 495//495 496//496
f 497//497 498//498 499//499
f 500//500 501//501 502//502
f 503//503 504//504 505//505
f 506//506 507//507 508//508
f 509//509 510//510 511//511
f 512//512 513//513 514//514
f 515//515 516//516 517//517
f 518//518 519//519 520//520
f 521//521 522//522 523//523
f 524//524 525//525 526//526
f 527//527 528//528 529//529
f 530//530 531//531 532//532
f 533//533 534//534 535//535
f 536//536 537//537 538//538
f 539//539 540//540 541//541
f 542//542 543//543 544//544
f 545//545 546//546 547//547
f 548//548 549//549 550//550
f 551//551 552//552 553//553
f 554//554 555//555 556//556
f 557//557 558//558 559//559
f 560//560 561//561 562//562
f 563//563 564//564 565//565
f 566//566 567//567 568//568
f 569//569 570//570 571//571
f 572//572 573//573 574//574
f 575//575 576//576 577//577
f 578//578 579//579 580//580
f 581//581 582//582 583//583
f 584//584 585//585 586//586
f 587//587 588//588 589//589
f 590//590 591//591 592//592
o lamp_r
usemtl gold
v 0.800000011920929 1.7000000476837158 0.1071428582072258
v 0.8587785363197327 1.7000000476837158 0.08668038994073868
v 0.8951056599617004 1.7000000476837158 0.03310896456241608
v 0.8951056599617004 1.7000000476837158 -0.03310896456241608
v 0.8587785363197327 1.7000000476837158 -0.08668038994073868
v 0.800000011920929 1.7000000476837158 -0.1071428582072258
v 0.7412214875221252 1.7000000476837158 -0.08668038994073868
v 0.7048943638801575 1.7000000476837158 -0.03310896456241608
v 0.7048943638801575 1.7000000476837158 0.03310896456241608
v 0.7412214875221252 1.7000000476837158 0.08668038994073868
v 0.800000011920929 1.7000000476837158 0.1071428582072258
v 0.800000011920929 1.5 0.1071428582072258
v 0.8587785363197327 1.5 0.08668038994073868
v 0.8951056599617004 1.5 0.03310896456241608
v 0.8951056599617004 1.5 -0.03310896456241608
v 0.8587785363197327 1.5 -0.08668038994073868
v 0.800000011920929 1.5 -0.1071428582072258
v 0.7412214875221252 1.5 -0.08668038994073868
v 0.7048943638801575 1.5 -0.03310896456241608
v 0.7048943638801575 1.5 0.03310896456241608
v 0.7412214875221252 1.5 0.08668038994073868
v 0.800000011920929 1.5 0.1071428582072258
v 0.800000011920929 1.7000000476837158 0
v 0.800000011920929 1.7000000476837158 0
v 0.800000011920929 1.7000000476837158 0
v 0.800000011920929 1.7000000476837158 0
v 0.800000011920929 1.7000000476837158 0
v 0.800000011920929 1.7000000476837158 0
v 0.800000011920929 1.7000000476837158 0
v 0.800000011920929 1.7000000476837158 0
v 0.800000011920929 1.7000000476837158 0
v 0.800000011920929 1.7000000476837158 0
v 0.800000011920929 1.7000000476837158 0.1071428582072258
v 0.8587785363197327 1.7000000476837158 0.08668038994073868
v 0.8951056599617004 1.7000000476837158 0.03310896456241608
v 0.8951056599617004 1.7000000476837158 -0.03310896456241608
v 0.8587785363197327 1.7000000476837158 -0.08668038994073868
v 0.800000011920929 1.7000000476837158 -0.1071428582072258
v 0.7412214875221252 1.7000000476837158 -0.08668038994073868
v 0.7048943638801575 1.7000000476837158 -0.03310896456241608
v 0.7048943638801575 1.7000000476837158 0.03310896456241608
v 0.7412214875221252 1.7000000476837158 0.08668038994073868
v 0.800000011920929 1.7000000476837158 0.1071428582072258
v 0.800000011920929 1.5 0
v 0.800000011920929 1.5 0
v 0.800000011920929 1.5 0
v 0.800000011920929 1.5 0
v 0.800000011920929 1.5 0
v 0.800000011920929 1.5 0
v 0.800000011920929 1.5 0
v 0.800000011920929 1.5 0
v 0.800000011920929 1.5 0
v 0.800000011920929 1.5 0
v 0.800000011920929 1.5 0.1071428582072258
v 0.8587785363197327 1.5 0.08668038994073868
v 0.8951056599617004 1.5 0.03310896456241608
v 0.8951056599617004 1.5 -0.03310896456241608
v 0.8587785363197327 1.5 -0.08668038994073868
v 0.800000011920929 1.5 -0.1071428582072258
v 0.7412214875221252 1.5 -0.08668038994073868
v 0.7048943638801575 1.5 -0.03310896456241608
v 0.7048943638801575 1.5 0.03310896456241608
v 0.7412214875221252 1.5 0.08668038994073868
v 0.800000011920929 1.5 0.1071428582072258
vt 0 1
vt 0.10000000149011612 1
vt 0.20000000298023224 1
vt 0.30000001192092896 1
vt 0.4000000059604645 1
vt 0.5 1
vt 0.6000000238418579 1
vt 0.699999988079071 1
vt 0.800000011920929 1
vt 0.8999999761581421 1
vt 1 1
vt 0 0
vt 0.10000000149011612 0
vt 0.20000000298023224 0
vt 0.30000001192092896 0
vt 0.4000000059604645 0
vt 0.5 0
vt 0.6000000238418579 0
vt 0.699999988079071 0
vt 0.800000011920929 0
vt 0.8999999761581421 0
vt 1 0
vt 0.5 0.5
vt 0.5 0.5
vt 0.5 0.5
vt 0.5 0.5
vt 0.5 0.5
vt 0.5 0.5
vt 0.5 0.5
vt 0.5 0.5
vt 0.5 0.5
vt 0.5 0.5
vt 1 0.5
vt 0.9045084714889526 0.7938926219940186
vt 0.6545084714889526 0.9755282402038574
vt 0.345491498708725 0.9755282402038574
vt 0.09549150615930557 0.7938926219940186
vt 0 0.5
vt 0.09549150615930557 0.20610737800598145
vt 0.345491498708725 0.024471741169691086
vt 0.6545084714889526 0.024471741169691086
vt 0.9045084714889526 0.20610737800598145
vt 1 0.5
vt 0.5 0.5
vt 0.5 0.5
vt 0.5 0.5
vt 0.5 0.5
vt 0.5 0.5
vt 0.5 0.5
vt 0.5 0.5
vt 0.5 0.5
vt 0.5 0.5
vt 0.5 0.5
vt 1 0.5
vt 0.9045084714889526 0.20610737800598145
vt 0.6545084714889526 0.024471741169691086
vt 0.345491498708725 0.024471741169691086
vt 0.09549150615930557 0.20610737800598145
vt 0 0.5
vt 0.09549150615930557 0.7938926219940186
vt 0.345491498708725 0.9755282402038574
vt 0.6545084714889526 0.9755282402038574
vt 0.9045084714889526 0.7938926219940186
vt 1 0.5
vn 0 0 1
vn 0.6142653811721492 0 0.7890995130485344
vn 0.9569638031249691 0 0.29020730436809394
vn 0.9569638031249691 0 -0.29020730436809394
vn 0.6142653811721492 0 -0.7890995130485344
vn 1.3121216655837936e-16 0 -1
vn -0.6142653811721492 0 -0.7890995130485344
vn -0.9569638031249691 0 -0.29020730436809394
vn -0.9569638031249691 0 0.29020730436809394
vn -0.6142653811721492 0 0.7890995130485344
vn -2.624243331167587e-16 0 1
vn 0 0 1
vn 0.6142653811721492 0 0.7890995130485344
vn 0.9569638031249691 0 0.29020730436809394
vn 0.9569638031249691 0 -0.29020730436809394
vn 0.6142653811721492 0 -0.7890995130485344
vn 1.3121216655837936e-16 0 -1
vn -0.6142653811721492 0 -0.7890995130485344
vn -0.9569638031249691 0 -0.29020730436809394
vn -0.9569638031249691 0 0.29020730436809394
vn -0.6142653811721492 0 0.7890995130485344
vn -2.624243331167587e-16 0 1
vn 0 1 0
vn 0 1 0
vn 0 1 0
vn 0 1 0
vn 0 1 0
vn 0 1 0
vn 0 1 0
vn 0 1 0
vn 0 1 0
vn 0 1 0
vn 0 1 0
vn 0 1 0
vn 0 1 0
vn 0 1 0
vn 0 1 0
vn 0 1 0
vn 0 1 0
vn 0 1 0
vn 0 1 0
vn 0 1 0
vn 0 1 0
vn 0 -1 0
vn 0 -1 0
vn 0 -1 0
vn 0 -1 0
vn 0 -1 0
vn 0 -1 0
vn 0 -1 0
vn 0 -1 0
vn 0 -1 0
vn 0 -1 0
vn 0 -1 0
vn 0 -1 0
vn 0 -1 0
vn 0 -1 0
vn 0 -1 0
vn 0 -1 0
vn 0 -1 0
vn 0 -1 0
vn 0 -1 0
vn 0 -1 0
vn 0 -1 0
f 593/65/593 604/76/604 594/66/594
f 604/76/604 605/77/605 594/66/594
f 594/66/594 605/77/605 595/67/595
f 605/77/605 606/78/606 595/67/595
f 595/67/595 606/78/606 596/68/596
f 606/78/606 607/79/607 596/68/596
f 596/68/596 607/79/607 597/69/597
f 607/79/607 608/80/608 597/69/597
f 597/69/597 608/80/608 598/70/598
f 608/80/608 609/81/609 598/70/598
f 598/70/598 609/81/609 599/71/599
f 609/81/609 610/82/610 599/71/599
f 599/71/599 610/82/610 600/72/600
f 610/82/610 611/83/611 600/72/600
f 600/72/600 611/83/611 601/73/601
f 611/83/611 612/84/612 601/73/601
f 601/73/601 612/84/612 602/74/602
f 612/84/612 613/85/613 602/74/602
f 602/74/602 613/85/613 603/75/603
f 613/85/613 614/86/614 603/75/603
f 625/97/625 626/98/626 615/87/615
f 626/98/626 627/99/627 616/88/616
f 627/99/627 628/100/628 617/89/617
f 628/100/628 629/101/629 618/90/618
f 629/101/629 630/102/630 619/91/619
f 630/102/630 631/103/631 620/92/620
f 631/103/631 632/104/632 621/93/621
f 632/104/632 633/105/633 622/94/622
f 633/105/633 634/106/634 623/95/623
f 634/106/634 635/107/635 624/96/624
f 647/119/647 646/118/646 636/108/636
f 648/120/648 647/119/647 637/109/637
f 649/121/649 648/120/648 638/110/638
f 650/122/650 649/121/649 639/111/639
f 651/123/651 650/122/650 640/112/640
f 652/124/652 651/123/651 641/113/641
f 653/125/653 652/124/652 642/114/642
f 654/126/654 653/125/653 643/115/643
f 655/127/655 654/126/654 644/116/644
f 656/128/656 655/127/655 645/117/645
o board
usemtl cream
v -1 1.0700000524520874 -0.06428571045398712
v -1 1.4700000286102295 0.06428571045398712
v -1 1.4700000286102295 -0.06428571045398712
v -1 1.0700000524520874 -0.06428571045398712
v -1 1.0700000524520874 0.06428571045398712
v -1 1.4700000286102295 0.06428571045398712
v 1 1.0700000524520874 -0.06428571045398712
v 1 1.4700000286102295 -0.06428571045398712
v 1 1.4700000286102295 0.06428571045398712
v 1 1.0700000524520874 -0.06428571045398712
v 1 1.4700000286102295 0.06428571045398712
v 1 1.0700000524520874 0.06428571045398712
v -0.9700000286102295 1.0399999618530273 -0.06428571045398712
v 0.9700000286102295 1.0399999618530273 -0.06428571045398712
v 0.9700000286102295 1.0399999618530273 0.06428571045398712
v -0.9700000286102295 1.0399999618530273 -0.06428571045398712
v 0.9700000286102295 1.0399999618530273 0.06428571045398712
v -0.9700000286102295 1.0399999618530273 0.06428571045398712
v -0.9700000286102295 1.5 -0.06428571045398712
v 0.9700000286102295 1.5 0.06428571045398712
v 0.9700000286102295 1.5 -0.06428571045398712
v -0.9700000286102295 1.5 -0.06428571045398712
v -0.9700000286102295 1.5 0.06428571045398712
v 0.9700000286102295 1.5 0.06428571045398712
v -0.9700000286102295 1.0700000524520874 -0.09642857313156128
v 0.9700000286102295 1.4700000286102295 -0.09642857313156128
v 0.9700000286102295 1.0700000524520874 -0.09642857313156128
v -0.9700000286102295 1.0700000524520874 -0.09642857313156128
v -0.9700000286102295 1.4700000286102295 -0.09642857313156128
v 0.9700000286102295 1.4700000286102295 -0.09642857313156128
v -0.9700000286102295 1.0700000524520874 0.09642857313156128
v 0.9700000286102295 1.0700000524520874 0.09642857313156128
v 0.9700000286102295 1.4700000286102295 0.09642857313156128
v -0.9700000286102295 1.0700000524520874 0.09642857313156128
v 0.9700000286102295 1.4700000286102295 0.09642857313156128
v -0.9700000286102295 1.4700000286102295 0.09642857313156128
v -1 1.0700000524520874 -0.06428571045398712
v -0.9700000286102295 1.0399999618530273 -0.06428571045398712
v -0.9700000286102295 1.0399999618530273 0.06428571045398712
v -1 1.0700000524520874 -0.06428571045398712
v -0.9700000286102295 1.0399999618530273 0.06428571045398712
v -1 1.0700000524520874 0.06428571045398712
v -1 1.4700000286102295 -0.06428571045398712
v -0.9700000286102295 1.5 0.06428571045398712
v -0.9700000286102295 1.5 -0.06428571045398712
v -1 1.4700000286102295 -0.06428571045398712
v -1 1.4700000286102295 0.06428571045398712
v -0.9700000286102295 1.5 0.06428571045398712
v 1 1.0700000524520874 -0.06428571045398712
v 0.9700000286102295 1.0399999618530273 0.06428571045398712
v 0.9700000286102295 1.0399999618530273 -0.06428571045398712
v 1 1.0700000524520874 -0.06428571045398712
v 1 1.0700000524520874 0.06428571045398712
v 0.9700000286102295 1.0399999618530273 0.06428571045398712
v 1 1.4700000286102295 -0.06428571045398712
v 0.9700000286102295 1.5 -0.06428571045398712
v 0.9700000286102295 1.5 0.06428571045398712
v 1 1.4700000286102295 -0.06428571045398712
v 0.9700000286102295 1.5 0.06428571045398712
v 1 1.4700000286102295 0.06428571045398712
v -1 1.0700000524520874 -0.06428571045398712
v -0.9700000286102295 1.4700000286102295 -0.09642857313156128
v -0.9700000286102295 1.0700000524520874 -0.09642857313156128
v -1 1.0700000524520874 -0.06428571045398712
v -1 1.4700000286102295 -0.06428571045398712
v -0.9700000286102295 1.4700000286102295 -0.09642857313156128
v -1 1.0700000524520874 0.06428571045398712
v -0.9700000286102295 1.0700000524520874 0.09642857313156128
v -0.9700000286102295 1.4700000286102295 0.09642857313156128
v -1 1.0700000524520874 0.06428571045398712
v -0.9700000286102295 1.4700000286102295 0.09642857313156128
v -1 1.4700000286102295 0.06428571045398712
v 1 1.0700000524520874 -0.06428571045398712
v 0.9700000286102295 1.0700000524520874 -0.09642857313156128
v 0.9700000286102295 1.4700000286102295 -0.09642857313156128
v 1 1.0700000524520874 -0.06428571045398712
v 0.9700000286102295 1.4700000286102295 -0.09642857313156128
v 1 1.4700000286102295 -0.06428571045398712
v 1 1.0700000524520874 0.06428571045398712
v 0.9700000286102295 1.4700000286102295 0.09642857313156128
v 0.9700000286102295 1.0700000524520874 0.09642857313156128
v 1 1.0700000524520874 0.06428571045398712
v 1 1.4700000286102295 0.06428571045398712
v 0.9700000286102295 1.4700000286102295 0.09642857313156128
v -0.9700000286102295 1.0399999618530273 -0.06428571045398712
v -0.9700000286102295 1.0700000524520874 -0.09642857313156128
v 0.9700000286102295 1.0700000524520874 -0.09642857313156128
v -0.9700000286102295 1.0399999618530273 -0.06428571045398712
v 0.9700000286102295 1.0700000524520874 -0.09642857313156128
v 0.9700000286102295 1.0399999618530273 -0.06428571045398712
v -0.9700000286102295 1.0399999618530273 0.06428571045398712
v 0.9700000286102295 1.0700000524520874 0.09642857313156128
v -0.9700000286102295 1.0700000524520874 0.09642857313156128
v -0.9700000286102295 1.0399999618530273 0.06428571045398712
v 0.9700000286102295 1.0399999618530273 0.06428571045398712
v 0.9700000286102295 1.0700000524520874 0.09642857313156128
v -0.9700000286102295 1.5 -0.06428571045398712
v 0.9700000286102295 1.4700000286102295 -0.09642857313156128
v -0.9700000286102295 1.4700000286102295 -0.09642857313156128
v -0.9700000286102295 1.5 -0.06428571045398712
v 0.9700000286102295 1.5 -0.06428571045398712
v 0.9700000286102295 1.4700000286102295 -0.09642857313156128
v -0.9700000286102295 1.5 0.06428571045398712
v -0.9700000286102295 1.4700000286102295 0.09642857313156128
v 0.9700000286102295 1.4700000286102295 0.09642857313156128
v -0.9700000286102295 1.5 0.06428571045398712
v 0.9700000286102295 1.4700000286102295 0.09642857313156128
v 0.9700000286102295 1.5 0.06428571045398712
v -1 1.0700000524520874 -0.06428571045398712
v -0.9700000286102295 1.0700000524520874 -0.09642857313156128
v -0.9700000286102295 1.0399999618530273 -0.06428571045398712
v -1 1.0700000524520874 0.06428571045398712
v -0.9700000286102295 1.0399999618530273 0.06428571045398712
v -0.9700000286102295 1.0700000524520874 0.09642857313156128
v -1 1.4700000286102295 -0.06428571045398712
v -0.9700000286102295 1.5 -0.06428571045398712
v -0.9700000286102295 1.4700000286102295 -0.09642857313156128
v -1 1.4700000286102295 0.06428571045398712
v -0.9700000286102295 1.4700000286102295 0.09642857313156128
v -0.9700000286102295 1.5 0.06428571045398712
v 1 1.0700000524520874 -0.06428571045398712
v 0.9700000286102295 1.0399999618530273 -0.06428571045398712
v 0.9700000286102295 1.0700000524520874 -0.09642857313156128
v 1 1.0700000524520874 0.06428571045398712
v 0.9700000286102295 1.0700000524520874 0.09642857313156128
v 0.9700000286102295 1.0399999618530273 0.06428571045398712
v 1 1.4700000286102295 -0.06428571045398712
v 0.9700000286102295 1.4700000286102295 -0.09642857313156128
v 0.9700000286102295 1.5 -0.06428571045398712
v 1 1.4700000286102295 0.06428571045398712
v 0.9700000286102295 1.5 0.06428571045398712
v 0.9700000286102295 1.4700000286102295 0.09642857313156128
vn -1 0 0
vn -1 0 0
vn -1 0 0
vn -1 0 0
vn -1 0 0
vn -1 0 0
vn 1 0 0
vn 1 0 0
vn 1 0 0
vn 1 0 0
vn 1 0 0
vn 1 0 0
vn 0 -1 0
vn 0 -1 0
vn 0 -1 0
vn 0 -1 0
vn 0 -1 0
vn 0 -1 0
vn 0 1 0
vn 0 1 0
vn 0 1 0
vn 0 1 0
vn 0 1 0
vn 0 1 0
vn 0 0 -1
vn 0 0 -1
vn 0 0 -1
vn 0 0 -1
vn 0 0 -1
vn 0 0 -1
vn 0 0 1
vn 0 0 1
vn 0 0 1
vn 0 0 1
vn 0 0 1
vn 0 0 1
vn -0.7071071388143318 -0.7071064235585823 0
vn -0.7071071388143318 -0.7071064235585823 0
vn -0.7071071388143318 -0.7071064235585823 0
vn -0.7071071388143318 -0.7071064235585823 0
vn -0.7071071388143318 -0.7071064235585823 0
vn -0.7071071388143318 -0.7071064235585823 0
vn -0.7071071388143318 0.7071064235585823 0
vn -0.7071071388143318 0.7071064235585823 0
vn -0.7071071388143318 0.7071064235585823 0
vn -0.7071071388143318 0.7071064235585823 0
vn -0.7071071388143318 0.7071064235585823 0
vn -0.7071071388143318 0.7071064235585823 0
vn 0.7071071388143318 -0.7071064235585823 0
vn 0.7071071388143318 -0.7071064235585823 0
vn 0.7071071388143318 -0.7071064235585823 0
vn 0.7071071388143318 -0.7071064235585823 0
vn 0.7071071388143318 -0.7071064235585823 0
vn 0.7071071388143318 -0.7071064235585823 0
vn 0.7071071388143318 0.7071064235585823 0
vn 0.7071071388143318 0.7071064235585823 0
vn 0.7071071388143318 0.7071064235585823 0
vn 0.7071071388143318 0.7071064235585823 0
vn 0.7071071388143318 0.7071064235585823 0
vn 0.7071071388143318 0.7071064235585823 0
vn -0.7310556289853734 0 -0.6823178638499803
vn -0.7310556289853734 0 -0.6823178638499803
vn -0.7310556289853734 0 -0.6823178638499803
vn -0.7310556289853734 0 -0.6823178638499803
vn -0.7310556289853734 0 -0.6823178638499803
vn -0.7310556289853734 0 -0.6823178638499803
vn -0.7310556289853734 0 0.6823178638499803
vn -0.7310556289853734 0 0.6823178638499803
vn -0.7310556289853734 0 0.6823178638499803
vn -0.7310556289853734 0 0.6823178638499803
vn -0.7310556289853734 0 0.6823178638499803
vn -0.7310556289853734 0 0.6823178638499803
vn 0.7310556289853734 0 -0.6823178638499803
vn 0.7310556289853734 0 -0.6823178638499803
vn 0.7310556289853734 0 -0.6823178638499803
vn 0.7310556289853734 0 -0.6823178638499803
vn 0.7310556289853734 0 -0.6823178638499803
vn 0.7310556289853734 0 -0.6823178638499803
vn 0.7310556289853734 0 0.6823178638499803
vn 0.7310556289853734 0 0.6823178638499803
vn 0.7310556289853734 0 0.6823178638499803
vn 0.7310556289853734 0 0.6823178638499803
vn 0.7310556289853734 0 0.6823178638499803
vn 0.7310556289853734 0 0.6823178638499803
vn 0 -0.7310553415806484 -0.6823181717838103
vn 0 -0.7310553415806484 -0.6823181717838103
vn 0 -0.7310553415806484 -0.6823181717838103
vn 0 -0.7310553415806484 -0.6823181717838103
vn 0 -0.7310553415806484 -0.6823181717838103
vn 0 -0.7310553415806484 -0.6823181717838103
vn 0 -0.7310553415806484 0.6823181717838103
vn 0 -0.7310553415806484 0.6823181717838103
vn 0 -0.7310553415806484 0.6823181717838103
vn 0 -0.7310553415806484 0.6823181717838103
vn 0 -0.7310553415806484 0.6823181717838103
vn 0 -0.7310553415806484 0.6823181717838103
vn 0 0.7310553415806484 -0.6823181717838103
vn 0 0.7310553415806484 -0.6823181717838103
vn 0 0.7310553415806484 -0.6823181717838103
vn 0 0.7310553415806484 -0.6823181717838103
vn 0 0.7310553415806484 -0.6823181717838103
vn 0 0.7310553415806484 -0.6823181717838103
vn 0 0.7310553415806484 0.6823181717838103
vn 0 0.7310553415806484 0.6823181717838103
vn 0 0.7310553415806484 0.6823181717838103
vn 0 0.7310553415806484 0.6823181717838103
vn 0 0.7310553415806484 0.6823181717838103
vn 0 0.7310553415806484 0.6823181717838103
vn -0.5901675233868405 -0.5901669273403918 -0.5508223780975532
vn -0.5901675233868405 -0.5901669273403918 -0.5508223780975532
vn -0.5901675233868405 -0.5901669273403918 -0.5508223780975532
vn -0.5901675233868405 -0.5901669273403918 0.5508223780975532
vn -0.5901675233868405 -0.5901669273403918 0.5508223780975532
vn -0.5901675233868405 -0.5901669273403918 0.5508223780975532
vn -0.5901675233868405 0.5901669273403918 -0.5508223780975532
vn -0.5901675233868405 0.5901669273403918 -0.5508223780975532
vn -0.5901675233868405 0.5901669273403918 -0.5508223780975532
vn -0.5901675233868405 0.5901669273403918 0.5508223780975532
vn -0.5901675233868405 0.5901669273403918 0.5508223780975532
vn -0.5901675233868405 0.5901669273403918 0.5508223780975532
vn 0.5901675233868405 -0.5901669273403918 -0.5508223780975532
vn 0.5901675233868405 -0.5901669273403918 -0.5508223780975532
vn 0.5901675233868405 -0.5901669273403918 -0.5508223780975532
vn 0.5901675233868405 -0.5901669273403918 0.5508223780975532
vn 0.5901675233868405 -0.5901669273403918 0.5508223780975532
vn 0.5901675233868405 -0.5901669273403918 0.5508223780975532
vn 0.5901675233868405 0.5901669273403918 -0.5508223780975532
vn 0.5901675233868405 0.5901669273403918 -0.5508223780975532
vn 0.5901675233868405 0.5901669273403918 -0.5508223780975532
vn 0.5901675233868405 0.5901669273403918 0.5508223780975532
vn 0.5901675233868405 0.5901669273403918 0.5508223780975532
vn 0.5901675233868405 0.5901669273403918 0.5508223780975532
f 657//657 658//658 659//659
f 660//660 661//661 662//662
f 663//663 664//664 665//665
f 666//666 667//667 668//668
f 669//669 670//670 671//671
f 672//672 673//673 674//674
f 675//675 676//676 677//677
f 678//678 679//679 680//680
f 681//681 682//682 683//683
f 684//684 685//685 686//686
f 687//687 688//688 689//689
f 690//690 691//691 692//692
f 693//693 694//694 695//695
f 696//696 697//697 698//698
f 699//699 700//700 701//701
f 702//702 703//703 704//704
f 705//705 706//706 707//707
f 708//708 709//709 710//710
f 711//711 712//712 713//713
f 714//714 715//715 716//716
f 717//717 718//718 719//719
f 720//720 721//721 722//722
f 723//723 724//724 725//725
f 726//726 727//727 728//728
f 729//729 730//730 731//731
f 732//732 733//733 734//734
f 735//735 736//736 737//737
f 738//738 739//739 740//740
f 741//741 742//742 743//743
f 744//744 745//745 746//746
f 747//747 748//748 749//749
f 750//750 751//751 752//752
f 753//753 754//754 755//755
f 756//756 757//757 758//758
f 759//759 760//760 761//761
f 762//762 763//763 764//764
f 765//765 766//766 767//767
f 768//768 769//769 770//770
f 771//771 772//772 773//773
f 774//774 775//775 776//776
f 777//777 778//778 779//779
f 780//780 781//781 782//782
f 783//783 784//784 785//785
f 786//786 787//787 788//788
o rail_low
usemtl cobalt
v -0.8500000238418579 0.8100000023841858 -0.03214285522699356
v -0.8500000238418579 0.9100000262260437 0.03214285522699356
v -0.8500000238418579 0.9100000262260437 -0.03214285522699356
v -0.8500000238418579 0.8100000023841858 -0.03214285522699356
v -0.8500000238418579 0.8100000023841858 0.03214285522699356
v -0.8500000238418579 0.9100000262260437 0.03214285522699356
v 0.8500000238418579 0.8100000023841858 -0.03214285522699356
v 0.8500000238418579 0.9100000262260437 -0.03214285522699356
v 0.8500000238418579 0.9100000262260437 0.03214285522699356
v 0.8500000238418579 0.8100000023841858 -0.03214285522699356
v 0.8500000238418579 0.9100000262260437 0.03214285522699356
v 0.8500000238418579 0.8100000023841858 0.03214285522699356
v -0.8199999928474426 0.7800000309944153 -0.03214285522699356
v 0.8199999928474426 0.7800000309944153 -0.03214285522699356
v 0.8199999928474426 0.7800000309944153 0.03214285522699356
v -0.8199999928474426 0.7800000309944153 -0.03214285522699356
v 0.8199999928474426 0.7800000309944153 0.03214285522699356
v -0.8199999928474426 0.7800000309944153 0.03214285522699356
v -0.8199999928474426 0.9399999976158142 -0.03214285522699356
v 0.8199999928474426 0.9399999976158142 0.03214285522699356
v 0.8199999928474426 0.9399999976158142 -0.03214285522699356
v -0.8199999928474426 0.9399999976158142 -0.03214285522699356
v -0.8199999928474426 0.9399999976158142 0.03214285522699356
v 0.8199999928474426 0.9399999976158142 0.03214285522699356
v -0.8199999928474426 0.8100000023841858 -0.06428571045398712
v 0.8199999928474426 0.9100000262260437 -0.06428571045398712
v 0.8199999928474426 0.8100000023841858 -0.06428571045398712
v -0.8199999928474426 0.8100000023841858 -0.06428571045398712
v -0.8199999928474426 0.9100000262260437 -0.06428571045398712
v 0.8199999928474426 0.9100000262260437 -0.06428571045398712
v -0.8199999928474426 0.8100000023841858 0.06428571045398712
v 0.8199999928474426 0.8100000023841858 0.06428571045398712
v 0.8199999928474426 0.9100000262260437 0.06428571045398712
v -0.8199999928474426 0.8100000023841858 0.06428571045398712
v 0.8199999928474426 0.9100000262260437 0.06428571045398712
v -0.8199999928474426 0.9100000262260437 0.06428571045398712
v -0.8500000238418579 0.8100000023841858 -0.03214285522699356
v -0.8199999928474426 0.7800000309944153 -0.03214285522699356
v -0.8199999928474426 0.7800000309944153 0.03214285522699356
v -0.8500000238418579 0.8100000023841858 -0.03214285522699356
v -0.8199999928474426 0.7800000309944153 0.03214285522699356
v -0.8500000238418579 0.8100000023841858 0.03214285522699356
v -0.8500000238418579 0.9100000262260437 -0.03214285522699356
v -0.8199999928474426 0.9399999976158142 0.03214285522699356
v -0.8199999928474426 0.9399999976158142 -0.03214285522699356
v -0.8500000238418579 0.9100000262260437 -0.03214285522699356
v -0.8500000238418579 0.9100000262260437 0.03214285522699356
v -0.8199999928474426 0.9399999976158142 0.03214285522699356
v 0.8500000238418579 0.8100000023841858 -0.03214285522699356
v 0.8199999928474426 0.7800000309944153 0.03214285522699356
v 0.8199999928474426 0.7800000309944153 -0.03214285522699356
v 0.8500000238418579 0.8100000023841858 -0.03214285522699356
v 0.8500000238418579 0.8100000023841858 0.03214285522699356
v 0.8199999928474426 0.7800000309944153 0.03214285522699356
v 0.8500000238418579 0.9100000262260437 -0.03214285522699356
v 0.8199999928474426 0.9399999976158142 -0.03214285522699356
v 0.8199999928474426 0.9399999976158142 0.03214285522699356
v 0.8500000238418579 0.9100000262260437 -0.03214285522699356
v 0.8199999928474426 0.9399999976158142 0.03214285522699356
v 0.8500000238418579 0.9100000262260437 0.03214285522699356
v -0.8500000238418579 0.8100000023841858 -0.03214285522699356
v -0.8199999928474426 0.9100000262260437 -0.06428571045398712
v -0.8199999928474426 0.8100000023841858 -0.06428571045398712
v -0.8500000238418579 0.8100000023841858 -0.03214285522699356
v -0.8500000238418579 0.9100000262260437 -0.03214285522699356
v -0.8199999928474426 0.9100000262260437 -0.06428571045398712
v -0.8500000238418579 0.8100000023841858 0.03214285522699356
v -0.8199999928474426 0.8100000023841858 0.06428571045398712
v -0.8199999928474426 0.9100000262260437 0.06428571045398712
v -0.8500000238418579 0.8100000023841858 0.03214285522699356
v -0.8199999928474426 0.9100000262260437 0.06428571045398712
v -0.8500000238418579 0.9100000262260437 0.03214285522699356
v 0.8500000238418579 0.8100000023841858 -0.03214285522699356
v 0.8199999928474426 0.8100000023841858 -0.06428571045398712
v 0.8199999928474426 0.9100000262260437 -0.06428571045398712
v 0.8500000238418579 0.8100000023841858 -0.03214285522699356
v 0.8199999928474426 0.9100000262260437 -0.06428571045398712
v 0.8500000238418579 0.9100000262260437 -0.03214285522699356
v 0.8500000238418579 0.8100000023841858 0.03214285522699356
v 0.8199999928474426 0.9100000262260437 0.06428571045398712
v 0.8199999928474426 0.8100000023841858 0.06428571045398712
v 0.8500000238418579 0.8100000023841858 0.03214285522699356
v 0.8500000238418579 0.9100000262260437 0.03214285522699356
v 0.8199999928474426 0.9100000262260437 0.06428571045398712
v -0.8199999928474426 0.7800000309944153 -0.03214285522699356
v -0.8199999928474426 0.8100000023841858 -0.06428571045398712
v 0.8199999928474426 0.8100000023841858 -0.06428571045398712
v -0.8199999928474426 0.7800000309944153 -0.03214285522699356
v 0.8199999928474426 0.8100000023841858 -0.06428571045398712
v 0.8199999928474426 0.7800000309944153 -0.03214285522699356
v -0.8199999928474426 0.7800000309944153 0.03214285522699356
v 0.8199999928474426 0.8100000023841858 0.06428571045398712
v -0.8199999928474426 0.8100000023841858 0.06428571045398712
v -0.8199999928474426 0.7800000309944153 0.03214285522699356
v 0.8199999928474426 0.7800000309944153 0.03214285522699356
v 0.8199999928474426 0.8100000023841858 0.06428571045398712
v -0.8199999928474426 0.9399999976158142 -0.03214285522699356
v 0.8199999928474426 0.9100000262260437 -0.06428571045398712
v -0.8199999928474426 0.9100000262260437 -0.06428571045398712
v -0.8199999928474426 0.9399999976158142 -0.03214285522699356
v 0.8199999928474426 0.9399999976158142 -0.03214285522699356
v 0.8199999928474426 0.9100000262260437 -0.06428571045398712
v -0.8199999928474426 0.9399999976158142 0.03214285522699356
v -0.8199999928474426 0.9100000262260437 0.06428571045398712
v 0.8199999928474426 0.9100000262260437 0.06428571045398712
v -0.8199999928474426 0.9399999976158142 0.03214285522699356
v 0.8199999928474426 0.9100000262260437 0.06428571045398712
v 0.8199999928474426 0.9399999976158142 0.03214285522699356
v -0.8500000238418579 0.8100000023841858 -0.03214285522699356
v -0.8199999928474426 0.8100000023841858 -0.06428571045398712
v -0.8199999928474426 0.7800000309944153 -0.03214285522699356
v -0.8500000238418579 0.8100000023841858 0.03214285522699356
v -0.8199999928474426 0.7800000309944153 0.03214285522699356
v -0.8199999928474426 0.8100000023841858 0.06428571045398712
v -0.8500000238418579 0.9100000262260437 -0.03214285522699356
v -0.8199999928474426 0.9399999976158142 -0.03214285522699356
v -0.8199999928474426 0.9100000262260437 -0.06428571045398712
v -0.8500000238418579 0.9100000262260437 0.03214285522699356
v -0.8199999928474426 0.9100000262260437 0.06428571045398712
v -0.8199999928474426 0.9399999976158142 0.03214285522699356
v 0.8500000238418579 0.8100000023841858 -0.03214285522699356
v 0.8199999928474426 0.7800000309944153 -0.03214285522699356
v 0.8199999928474426 0.8100000023841858 -0.06428571045398712
v 0.8500000238418579 0.8100000023841858 0.03214285522699356
v 0.8199999928474426 0.8100000023841858 0.06428571045398712
v 0.8199999928474426 0.7800000309944153 0.03214285522699356
v 0.8500000238418579 0.9100000262260437 -0.03214285522699356
v 0.8199999928474426 0.9100000262260437 -0.06428571045398712
v 0.8199999928474426 0.9399999976158142 -0.03214285522699356
v 0.8500000238418579 0.9100000262260437 0.03214285522699356
v 0.8199999928474426 0.9399999976158142 0.03214285522699356
v 0.8199999928474426 0.9100000262260437 0.06428571045398712
vn -1 0 0
vn -1 0 0
vn -1 0 0
vn -1 0 0
vn -1 0 0
vn -1 0 0
vn 1 0 0
vn 1 0 0
vn 1 0 0
vn 1 0 0
vn 1 0 0
vn 1 0 0
vn 0 -1 0
vn 0 -1 0
vn 0 -1 0
vn 0 -1 0
vn 0 -1 0
vn 0 -1 0
vn 0 1 0
vn 0 1 0
vn 0 1 0
vn 0 1 0
vn 0 1 0
vn 0 1 0
vn 0 0 -1
vn 0 0 -1
vn 0 0 -1
vn 0 0 -1
vn 0 0 -1
vn 0 0 -1
vn 0 0 1
vn 0 0 1
vn 0 0 1
vn 0 0 1
vn 0 0 1
vn 0 0 1
vn -0.70710639375626 -0.7071071686166227 0
vn -0.70710639375626 -0.7071071686166227 0
vn -0.70710639375626 -0.7071071686166227 0
vn -0.70710639375626 -0.7071071686166227 0
vn -0.70710639375626 -0.7071071686166227 0
vn -0.70710639375626 -0.7071071686166227 0
vn -0.70710639375626 0.7071071686166227 0
vn -0.70710639375626 0.7071071686166227 0
vn -0.70710639375626 0.7071071686166227 0
vn -0.70710639375626 0.7071071686166227 0
vn -0.70710639375626 0.7071071686166227 0
vn -0.70710639375626 0.7071071686166227 0
vn 0.70710639375626 -0.7071071686166227 0
vn 0.70710639375626 -0.7071071686166227 0
vn 0.70710639375626 -0.7071071686166227 0
vn 0.70710639375626 -0.7071071686166227 0
vn 0.70710639375626 -0.7071071686166227 0
vn 0.70710639375626 -0.7071071686166227 0
vn 0.70710639375626 0.7071071686166227 0
vn 0.70710639375626 0.7071071686166227 0
vn 0.70710639375626 0.7071071686166227 0
vn 0.70710639375626 0.7071071686166227 0
vn 0.70710639375626 0.7071071686166227 0
vn 0.70710639375626 0.7071071686166227 0
vn -0.7310549094822657 0 -0.6823186347461689
vn -0.7310549094822657 0 -0.6823186347461689
vn -0.7310549094822657 0 -0.6823186347461689
vn -0.7310549094822657 0 -0.6823186347461689
vn -0.7310549094822657 0 -0.6823186347461689
vn -0.7310549094822657 0 -0.6823186347461689
vn -0.7310549094822657 0 0.6823186347461689
vn -0.7310549094822657 0 0.6823186347461689
vn -0.7310549094822657 0 0.6823186347461689
vn -0.7310549094822657 0 0.6823186347461689
vn -0.7310549094822657 0 0.6823186347461689
vn -0.7310549094822657 0 0.6823186347461689
vn 0.7310549094822657 0 -0.6823186347461689
vn 0.7310549094822657 0 -0.6823186347461689
vn 0.7310549094822657 0 -0.6823186347461689
vn 0.7310549094822657 0 -0.6823186347461689
vn 0.7310549094822657 0 -0.6823186347461689
vn 0.7310549094822657 0 -0.6823186347461689
vn 0.7310549094822657 0 0.6823186347461689
vn 0.7310549094822657 0 0.6823186347461689
vn 0.7310549094822657 0 0.6823186347461689
vn 0.7310549094822657 0 0.6823186347461689
vn 0.7310549094822657 0 0.6823186347461689
vn 0.7310549094822657 0 0.6823186347461689
vn 0 -0.7310553118491155 -0.6823182036390297
vn 0 -0.7310553118491155 -0.6823182036390297
vn 0 -0.7310553118491155 -0.6823182036390297
vn 0 -0.7310553118491155 -0.6823182036390297
vn 0 -0.7310553118491155 -0.6823182036390297
vn 0 -0.7310553118491155 -0.6823182036390297
vn 0 -0.7310553118491155 0.6823182036390297
vn 0 -0.7310553118491155 0.6823182036390297
vn 0 -0.7310553118491155 0.6823182036390297
vn 0 -0.7310553118491155 0.6823182036390297
vn 0 -0.7310553118491155 0.6823182036390297
vn 0 -0.7310553118491155 0.6823182036390297
vn 0 0.7310553118491155 -0.6823182036390297
vn 0 0.7310553118491155 -0.6823182036390297
vn 0 0.7310553118491155 -0.6823182036390297
vn 0 0.7310553118491155 -0.6823182036390297
vn 0 0.7310553118491155 -0.6823182036390297
vn 0 0.7310553118491155 -0.6823182036390297
vn 0 0.7310553118491155 0.6823182036390297
vn 0 0.7310553118491155 0.6823182036390297
vn 0 0.7310553118491155 0.6823182036390297
vn 0 0.7310553118491155 0.6823182036390297
vn 0 0.7310553118491155 0.6823182036390297
vn 0 0.7310553118491155 0.6823182036390297
vn -0.590166698609871 -0.5901673542609753 -0.5508228043722645
vn -0.590166698609871 -0.5901673542609753 -0.5508228043722645
vn -0.590166698609871 -0.5901673542609753 -0.5508228043722645
vn -0.590166698609871 -0.5901673542609753 0.5508228043722645
vn -0.590166698609871 -0.5901673542609753 0.5508228043722645
vn -0.590166698609871 -0.5901673542609753 0.5508228043722645
vn -0.590166698609871 0.5901673542609753 -0.5508228043722645
vn -0.590166698609871 0.5901673542609753 -0.5508228043722645
vn -0.590166698609871 0.5901673542609753 -0.5508228043722645
vn -0.590166698609871 0.5901673542609753 0.5508228043722645
vn -0.590166698609871 0.5901673542609753 0.5508228043722645
vn -0.590166698609871 0.5901673542609753 0.5508228043722645
vn 0.590166698609871 -0.5901673542609753 -0.5508228043722645
vn 0.590166698609871 -0.5901673542609753 -0.5508228043722645
vn 0.590166698609871 -0.5901673542609753 -0.5508228043722645
vn 0.590166698609871 -0.5901673542609753 0.5508228043722645
vn 0.590166698609871 -0.5901673542609753 0.5508228043722645
vn 0.590166698609871 -0.5901673542609753 0.5508228043722645
vn 0.590166698609871 0.5901673542609753 -0.5508228043722645
vn 0.590166698609871 0.5901673542609753 -0.5508228043722645
vn 0.590166698609871 0.5901673542609753 -0.5508228043722645
vn 0.590166698609871 0.5901673542609753 0.5508228043722645
vn 0.590166698609871 0.5901673542609753 0.5508228043722645
vn 0.590166698609871 0.5901673542609753 0.5508228043722645
f 789//789 790//790 791//791
f 792//792 793//793 794//794
f 795//795 796//796 797//797
f 798//798 799//799 800//800
f 801//801 802//802 803//803
f 804//804 805//805 806//806
f 807//807 808//808 809//809
f 810//810 811//811 812//812
f 813//813 814//814 815//815
f 816//816 817//817 818//818
f 819//819 820//820 821//821
f 822//822 823//823 824//824
f 825//825 826//826 827//827
f 828//828 829//829 830//830
f 831//831 832//832 833//833
f 834//834 835//835 836//836
f 837//837 838//838 839//839
f 840//840 841//841 842//842
f 843//843 844//844 845//845
f 846//846 847//847 848//848
f 849//849 850//850 851//851
f 852//852 853//853 854//854
f 855//855 856//856 857//857
f 858//858 859//859 860//860
f 861//861 862//862 863//863
f 864//864 865//865 866//866
f 867//867 868//868 869//869
f 870//870 871//871 872//872
f 873//873 874//874 875//875
f 876//876 877//877 878//878
f 879//879 880//880 881//881
f 882//882 883//883 884//884
f 885//885 886//886 887//887
f 888//888 889//889 890//890
f 891//891 892//892 893//893
f 894//894 895//895 896//896
f 897//897 898//898 899//899
f 900//900 901//901 902//902
f 903//903 904//904 905//905
f 906//906 907//907 908//908
f 909//909 910//910 911//911
f 912//912 913//913 914//914
f 915//915 916//916 917//917
f 918//918 919//919 920//920
o stripe_0_f
usemtl brick
v -0.6100000143051147 1.5 0.11785714328289032
v -0.6100000143051147 1.5 0.08571428060531616
v -0.6100000143051147 1.0399999618530273 0.11785714328289032
v -0.6100000143051147 1.0399999618530273 0.08571428060531616
v -0.8299999833106995 1.5 0.08571428060531616
v -0.8299999833106995 1.5 0.11785714328289032
v -0.8299999833106995 1.0399999618530273 0.08571428060531616
v -0.8299999833106995 1.0399999618530273 0.11785714328289032
v -0.8299999833106995 1.5 0.08571428060531616
v -0.6100000143051147 1.5 0.08571428060531616
v -0.8299999833106995 1.5 0.11785714328289032
v -0.6100000143051147 1.5 0.11785714328289032
v -0.8299999833106995 1.0399999618530273 0.11785714328289032
v -0.6100000143051147 1.0399999618530273 0.11785714328289032
v -0.8299999833106995 1.0399999618530273 0.08571428060531616
v -0.6100000143051147 1.0399999618530273 0.08571428060531616
v -0.8299999833106995 1.5 0.11785714328289032
v -0.6100000143051147 1.5 0.11785714328289032
v -0.8299999833106995 1.0399999618530273 0.11785714328289032
v -0.6100000143051147 1.0399999618530273 0.11785714328289032
v -0.6100000143051147 1.5 0.08571428060531616
v -0.8299999833106995 1.5 0.08571428060531616
v -0.6100000143051147 1.0399999618530273 0.08571428060531616
v -0.8299999833106995 1.0399999618530273 0.08571428060531616
vt 0 1
vt 1 1
vt 0 0
vt 1 0
vt 0 1
vt 1 1
vt 0 0
vt 1 0
vt 0 1
vt 1 1
vt 0 0
vt 1 0
vt 0 1
vt 1 1
vt 0 0
vt 1 0
vt 0 1
vt 1 1
vt 0 0
vt 1 0
vt 0 1
vt 1 1
vt 0 0
vt 1 0
vn 1 0 0
vn 1 0 0
vn 1 0 0
vn 1 0 0
vn -1 0 0
vn -1 0 0
vn -1 0 0
vn -1 0 0
vn 0 1 0
vn 0 1 0
vn 0 1 0
vn 0 1 0
vn 0 -1 0
vn 0 -1 0
vn 0 -1 0
vn 0 -1 0
vn 0 0 1
vn 0 0 1
vn 0 0 1
vn 0 0 1
vn 0 0 -1
vn 0 0 -1
vn 0 0 -1
vn 0 0 -1
f 921/129/921 923/131/923 922/130/922
f 923/131/923 924/132/924 922/130/922
f 925/133/925 927/135/927 926/134/926
f 927/135/927 928/136/928 926/134/926
f 929/137/929 931/139/931 930/138/930
f 931/139/931 932/140/932 930/138/930
f 933/141/933 935/143/935 934/142/934
f 935/143/935 936/144/936 934/142/934
f 937/145/937 939/147/939 938/146/938
f 939/147/939 940/148/940 938/146/938
f 941/149/941 943/151/943 942/150/942
f 943/151/943 944/152/944 942/150/942
o stripe_0_b
usemtl brick
v -0.6100000143051147 1.5 -0.08571428060531616
v -0.6100000143051147 1.5 -0.11785714328289032
v -0.6100000143051147 1.0399999618530273 -0.08571428060531616
v -0.6100000143051147 1.0399999618530273 -0.11785714328289032
v -0.8299999833106995 1.5 -0.11785714328289032
v -0.8299999833106995 1.5 -0.08571428060531616
v -0.8299999833106995 1.0399999618530273 -0.11785714328289032
v -0.8299999833106995 1.0399999618530273 -0.08571428060531616
v -0.8299999833106995 1.5 -0.11785714328289032
v -0.6100000143051147 1.5 -0.11785714328289032
v -0.8299999833106995 1.5 -0.08571428060531616
v -0.6100000143051147 1.5 -0.08571428060531616
v -0.8299999833106995 1.0399999618530273 -0.08571428060531616
v -0.6100000143051147 1.0399999618530273 -0.08571428060531616
v -0.8299999833106995 1.0399999618530273 -0.11785714328289032
v -0.6100000143051147 1.0399999618530273 -0.11785714328289032
v -0.8299999833106995 1.5 -0.08571428060531616
v -0.6100000143051147 1.5 -0.08571428060531616
v -0.8299999833106995 1.0399999618530273 -0.08571428060531616
v -0.6100000143051147 1.0399999618530273 -0.08571428060531616
v -0.6100000143051147 1.5 -0.11785714328289032
v -0.8299999833106995 1.5 -0.11785714328289032
v -0.6100000143051147 1.0399999618530273 -0.11785714328289032
v -0.8299999833106995 1.0399999618530273 -0.11785714328289032
vt 0 1
vt 1 1
vt 0 0
vt 1 0
vt 0 1
vt 1 1
vt 0 0
vt 1 0
vt 0 1
vt 1 1
vt 0 0
vt 1 0
vt 0 1
vt 1 1
vt 0 0
vt 1 0
vt 0 1
vt 1 1
vt 0 0
vt 1 0
vt 0 1
vt 1 1
vt 0 0
vt 1 0
vn 1 0 0
vn 1 0 0
vn 1 0 0
vn 1 0 0
vn -1 0 0
vn -1 0 0
vn -1 0 0
vn -1 0 0
vn 0 1 0
vn 0 1 0
vn 0 1 0
vn 0 1 0
vn 0 -1 0
vn 0 -1 0
vn 0 -1 0
vn 0 -1 0
vn 0 0 1
vn 0 0 1
vn 0 0 1
vn 0 0 1
vn 0 0 -1
vn 0 0 -1
vn 0 0 -1
vn 0 0 -1
f 945/153/945 947/155/947 946/154/946
f 947/155/947 948/156/948 946/154/946
f 949/157/949 951/159/951 950/158/950
f 951/159/951 952/160/952 950/158/950
f 953/161/953 955/163/955 954/162/954
f 955/163/955 956/164/956 954/162/954
f 957/165/957 959/167/959 958/166/958
f 959/167/959 960/168/960 958/166/958
f 961/169/961 963/171/963 962/170/962
f 963/171/963 964/172/964 962/170/962
f 965/173/965 967/175/967 966/174/966
f 967/175/967 968/176/968 966/174/966
o stripe_1_f
usemtl brick
v -0.25 1.5 0.11785714328289032
v -0.25 1.5 0.08571428060531616
v -0.25 1.0399999618530273 0.11785714328289032
v -0.25 1.0399999618530273 0.08571428060531616
v -0.4699999988079071 1.5 0.08571428060531616
v -0.4699999988079071 1.5 0.11785714328289032
v -0.4699999988079071 1.0399999618530273 0.08571428060531616
v -0.4699999988079071 1.0399999618530273 0.11785714328289032
v -0.4699999988079071 1.5 0.08571428060531616
v -0.25 1.5 0.08571428060531616
v -0.4699999988079071 1.5 0.11785714328289032
v -0.25 1.5 0.11785714328289032
v -0.4699999988079071 1.0399999618530273 0.11785714328289032
v -0.25 1.0399999618530273 0.11785714328289032
v -0.4699999988079071 1.0399999618530273 0.08571428060531616
v -0.25 1.0399999618530273 0.08571428060531616
v -0.4699999988079071 1.5 0.11785714328289032
v -0.25 1.5 0.11785714328289032
v -0.4699999988079071 1.0399999618530273 0.11785714328289032
v -0.25 1.0399999618530273 0.11785714328289032
v -0.25 1.5 0.08571428060531616
v -0.4699999988079071 1.5 0.08571428060531616
v -0.25 1.0399999618530273 0.08571428060531616
v -0.4699999988079071 1.0399999618530273 0.08571428060531616
vt 0 1
vt 1 1
vt 0 0
vt 1 0
vt 0 1
vt 1 1
vt 0 0
vt 1 0
vt 0 1
vt 1 1
vt 0 0
vt 1 0
vt 0 1
vt 1 1
vt 0 0
vt 1 0
vt 0 1
vt 1 1
vt 0 0
vt 1 0
vt 0 1
vt 1 1
vt 0 0
vt 1 0
vn 1 0 0
vn 1 0 0
vn 1 0 0
vn 1 0 0
vn -1 0 0
vn -1 0 0
vn -1 0 0
vn -1 0 0
vn 0 1 0
vn 0 1 0
vn 0 1 0
vn 0 1 0
vn 0 -1 0
vn 0 -1 0
vn 0 -1 0
vn 0 -1 0
vn 0 0 1
vn 0 0 1
vn 0 0 1
vn 0 0 1
vn 0 0 -1
vn 0 0 -1
vn 0 0 -1
vn 0 0 -1
f 969/177/969 971/179/971 970/178/970
f 971/179/971 972/180/972 970/178/970
f 973/181/973 975/183/975 974/182/974
f 975/183/975 976/184/976 974/182/974
f 977/185/977 979/187/979 978/186/978
f 979/187/979 980/188/980 978/186/978
f 981/189/981 983/191/983 982/190/982
f 983/191/983 984/192/984 982/190/982
f 985/193/985 987/195/987 986/194/986
f 987/195/987 988/196/988 986/194/986
f 989/197/989 991/199/991 990/198/990
f 991/199/991 992/200/992 990/198/990
o stripe_1_b
usemtl brick
v -0.25 1.5 -0.08571428060531616
v -0.25 1.5 -0.11785714328289032
v -0.25 1.0399999618530273 -0.08571428060531616
v -0.25 1.0399999618530273 -0.11785714328289032
v -0.4699999988079071 1.5 -0.11785714328289032
v -0.4699999988079071 1.5 -0.08571428060531616
v -0.4699999988079071 1.0399999618530273 -0.11785714328289032
v -0.4699999988079071 1.0399999618530273 -0.08571428060531616
v -0.4699999988079071 1.5 -0.11785714328289032
v -0.25 1.5 -0.11785714328289032
v -0.4699999988079071 1.5 -0.08571428060531616
v -0.25 1.5 -0.08571428060531616
v -0.4699999988079071 1.0399999618530273 -0.08571428060531616
v -0.25 1.0399999618530273 -0.08571428060531616
v -0.4699999988079071 1.0399999618530273 -0.11785714328289032
v -0.25 1.0399999618530273 -0.11785714328289032
v -0.4699999988079071 1.5 -0.08571428060531616
v -0.25 1.5 -0.08571428060531616
v -0.4699999988079071 1.0399999618530273 -0.08571428060531616
v -0.25 1.0399999618530273 -0.08571428060531616
v -0.25 1.5 -0.11785714328289032
v -0.4699999988079071 1.5 -0.11785714328289032
v -0.25 1.0399999618530273 -0.11785714328289032
v -0.4699999988079071 1.0399999618530273 -0.11785714328289032
vt 0 1
vt 1 1
vt 0 0
vt 1 0
vt 0 1
vt 1 1
vt 0 0
vt 1 0
vt 0 1
vt 1 1
vt 0 0
vt 1 0
vt 0 1
vt 1 1
vt 0 0
vt 1 0
vt 0 1
vt 1 1
vt 0 0
vt 1 0
vt 0 1
vt 1 1
vt 0 0
vt 1 0
vn 1 0 0
vn 1 0 0
vn 1 0 0
vn 1 0 0
vn -1 0 0
vn -1 0 0
vn -1 0 0
vn -1 0 0
vn 0 1 0
vn 0 1 0
vn 0 1 0
vn 0 1 0
vn 0 -1 0
vn 0 -1 0
vn 0 -1 0
vn 0 -1 0
vn 0 0 1
vn 0 0 1
vn 0 0 1
vn 0 0 1
vn 0 0 -1
vn 0 0 -1
vn 0 0 -1
vn 0 0 -1
f 993/201/993 995/203/995 994/202/994
f 995/203/995 996/204/996 994/202/994
f 997/205/997 999/207/999 998/206/998
f 999/207/999 1000/208/1000 998/206/998
f 1001/209/1001 1003/211/1003 1002/210/1002
f 1003/211/1003 1004/212/1004 1002/210/1002
f 1005/213/1005 1007/215/1007 1006/214/1006
f 1007/215/1007 1008/216/1008 1006/214/1006
f 1009/217/1009 1011/219/1011 1010/218/1010
f 1011/219/1011 1012/220/1012 1010/218/1010
f 1013/221/1013 1015/223/1015 1014/222/1014
f 1015/223/1015 1016/224/1016 1014/222/1014
o stripe_2_f
usemtl brick
v 0.10999999940395355 1.5 0.11785714328289032
v 0.10999999940395355 1.5 0.08571428060531616
v 0.10999999940395355 1.0399999618530273 0.11785714328289032
v 0.10999999940395355 1.0399999618530273 0.08571428060531616
v -0.10999999940395355 1.5 0.08571428060531616
v -0.10999999940395355 1.5 0.11785714328289032
v -0.10999999940395355 1.0399999618530273 0.08571428060531616
v -0.10999999940395355 1.0399999618530273 0.11785714328289032
v -0.10999999940395355 1.5 0.08571428060531616
v 0.10999999940395355 1.5 0.08571428060531616
v -0.10999999940395355 1.5 0.11785714328289032
v 0.10999999940395355 1.5 0.11785714328289032
v -0.10999999940395355 1.0399999618530273 0.11785714328289032
v 0.10999999940395355 1.0399999618530273 0.11785714328289032
v -0.10999999940395355 1.0399999618530273 0.08571428060531616
v 0.10999999940395355 1.0399999618530273 0.08571428060531616
v -0.10999999940395355 1.5 0.11785714328289032
v 0.10999999940395355 1.5 0.11785714328289032
v -0.10999999940395355 1.0399999618530273 0.11785714328289032
v 0.10999999940395355 1.0399999618530273 0.11785714328289032
v 0.10999999940395355 1.5 0.08571428060531616
v -0.10999999940395355 1.5 0.08571428060531616
v 0.10999999940395355 1.0399999618530273 0.08571428060531616
v -0.10999999940395355 1.0399999618530273 0.08571428060531616
vt 0 1
vt 1 1
vt 0 0
vt 1 0
vt 0 1
vt 1 1
vt 0 0
vt 1 0
vt 0 1
vt 1 1
vt 0 0
vt 1 0
vt 0 1
vt 1 1
vt 0 0
vt 1 0
vt 0 1
vt 1 1
vt 0 0
vt 1 0
vt 0 1
vt 1 1
vt 0 0
vt 1 0
vn 1 0 0
vn 1 0 0
vn 1 0 0
vn 1 0 0
vn -1 0 0
vn -1 0 0
vn -1 0 0
vn -1 0 0
vn 0 1 0
vn 0 1 0
vn 0 1 0
vn 0 1 0
vn 0 -1 0
vn 0 -1 0
vn 0 -1 0
vn 0 -1 0
vn 0 0 1
vn 0 0 1
vn 0 0 1
vn 0 0 1
vn 0 0 -1
vn 0 0 -1
vn 0 0 -1
vn 0 0 -1
f 1017/225/1017 1019/227/1019 1018/226/1018
f 1019/227/1019 1020/228/1020 1018/226/1018
f 1021/229/1021 1023/231/1023 1022/230/1022
f 1023/231/1023 1024/232/1024 1022/230/1022
f 1025/233/1025 1027/235/1027 1026/234/1026
f 1027/235/1027 1028/236/1028 1026/234/1026
f 1029/237/1029 1031/239/1031 1030/238/1030
f 1031/239/1031 1032/240/1032 1030/238/1030
f 1033/241/1033 1035/243/1035 1034/242/1034
f 1035/243/1035 1036/244/1036 1034/242/1034
f 1037/245/1037 1039/247/1039 1038/246/1038
f 1039/247/1039 1040/248/1040 1038/246/1038
o stripe_2_b
usemtl brick
v 0.10999999940395355 1.5 -0.08571428060531616
v 0.10999999940395355 1.5 -0.11785714328289032
v 0.10999999940395355 1.0399999618530273 -0.08571428060531616
v 0.10999999940395355 1.0399999618530273 -0.11785714328289032
v -0.10999999940395355 1.5 -0.11785714328289032
v -0.10999999940395355 1.5 -0.08571428060531616
v -0.10999999940395355 1.0399999618530273 -0.11785714328289032
v -0.10999999940395355 1.0399999618530273 -0.08571428060531616
v -0.10999999940395355 1.5 -0.11785714328289032
v 0.10999999940395355 1.5 -0.11785714328289032
v -0.10999999940395355 1.5 -0.08571428060531616
v 0.10999999940395355 1.5 -0.08571428060531616
v -0.10999999940395355 1.0399999618530273 -0.08571428060531616
v 0.10999999940395355 1.0399999618530273 -0.08571428060531616
v -0.10999999940395355 1.0399999618530273 -0.11785714328289032
v 0.10999999940395355 1.0399999618530273 -0.11785714328289032
v -0.10999999940395355 1.5 -0.08571428060531616
v 0.10999999940395355 1.5 -0.08571428060531616
v -0.10999999940395355 1.0399999618530273 -0.08571428060531616
v 0.10999999940395355 1.0399999618530273 -0.08571428060531616
v 0.10999999940395355 1.5 -0.11785714328289032
v -0.10999999940395355 1.5 -0.11785714328289032
v 0.10999999940395355 1.0399999618530273 -0.11785714328289032
v -0.10999999940395355 1.0399999618530273 -0.11785714328289032
vt 0 1
vt 1 1
vt 0 0
vt 1 0
vt 0 1
vt 1 1
vt 0 0
vt 1 0
vt 0 1
vt 1 1
vt 0 0
vt 1 0
vt 0 1
vt 1 1
vt 0 0
vt 1 0
vt 0 1
vt 1 1
vt 0 0
vt 1 0
vt 0 1
vt 1 1
vt 0 0
vt 1 0
vn 1 0 0
vn 1 0 0
vn 1 0 0
vn 1 0 0
vn -1 0 0
vn -1 0 0
vn -1 0 0
vn -1 0 0
vn 0 1 0
vn 0 1 0
vn 0 1 0
vn 0 1 0
vn 0 -1 0
vn 0 -1 0
vn 0 -1 0
vn 0 -1 0
vn 0 0 1
vn 0 0 1
vn 0 0 1
vn 0 0 1
vn 0 0 -1
vn 0 0 -1
vn 0 0 -1
vn 0 0 -1
f 1041/249/1041 1043/251/1043 1042/250/1042
f 1043/251/1043 1044/252/1044 1042/250/1042
f 1045/253/1045 1047/255/1047 1046/254/1046
f 1047/255/1047 1048/256/1048 1046/254/1046
f 1049/257/1049 1051/259/1051 1050/258/1050
f 1051/259/1051 1052/260/1052 1050/258/1050
f 1053/261/1053 1055/263/1055 1054/262/1054
f 1055/263/1055 1056/264/1056 1054/262/1054
f 1057/265/1057 1059/267/1059 1058/266/1058
f 1059/267/1059 1060/268/1060 1058/266/1058
f 1061/269/1061 1063/271/1063 1062/270/1062
f 1063/271/1063 1064/272/1064 1062/270/1062
o stripe_3_f
usemtl brick
v 0.4699999988079071 1.5 0.11785714328289032
v 0.4699999988079071 1.5 0.08571428060531616
v 0.4699999988079071 1.0399999618530273 0.11785714328289032
v 0.4699999988079071 1.0399999618530273 0.08571428060531616
v 0.25 1.5 0.08571428060531616
v 0.25 1.5 0.11785714328289032
v 0.25 1.0399999618530273 0.08571428060531616
v 0.25 1.0399999618530273 0.11785714328289032
v 0.25 1.5 0.08571428060531616
v 0.4699999988079071 1.5 0.08571428060531616
v 0.25 1.5 0.11785714328289032
v 0.4699999988079071 1.5 0.11785714328289032
v 0.25 1.0399999618530273 0.11785714328289032
v 0.4699999988079071 1.0399999618530273 0.11785714328289032
v 0.25 1.0399999618530273 0.08571428060531616
v 0.4699999988079071 1.0399999618530273 0.08571428060531616
v 0.25 1.5 0.11785714328289032
v 0.4699999988079071 1.5 0.11785714328289032
v 0.25 1.0399999618530273 0.11785714328289032
v 0.4699999988079071 1.0399999618530273 0.11785714328289032
v 0.4699999988079071 1.5 0.08571428060531616
v 0.25 1.5 0.08571428060531616
v 0.4699999988079071 1.0399999618530273 0.08571428060531616
v 0.25 1.0399999618530273 0.08571428060531616
vt 0 1
vt 1 1
vt 0 0
vt 1 0
vt 0 1
vt 1 1
vt 0 0
vt 1 0
vt 0 1
vt 1 1
vt 0 0
vt 1 0
vt 0 1
vt 1 1
vt 0 0
vt 1 0
vt 0 1
vt 1 1
vt 0 0
vt 1 0
vt 0 1
vt 1 1
vt 0 0
vt 1 0
vn 1 0 0
vn 1 0 0
vn 1 0 0
vn 1 0 0
vn -1 0 0
vn -1 0 0
vn -1 0 0
vn -1 0 0
vn 0 1 0
vn 0 1 0
vn 0 1 0
vn 0 1 0
vn 0 -1 0
vn 0 -1 0
vn 0 -1 0
vn 0 -1 0
vn 0 0 1
vn 0 0 1
vn 0 0 1
vn 0 0 1
vn 0 0 -1
vn 0 0 -1
vn 0 0 -1
vn 0 0 -1
f 1065/273/1065 1067/275/1067 1066/274/1066
f 1067/275/1067 1068/276/1068 1066/274/1066
f 1069/277/1069 1071/279/1071 1070/278/1070
f 1071/279/1071 1072/280/1072 1070/278/1070
f 1073/281/1073 1075/283/1075 1074/282/1074
f 1075/283/1075 1076/284/1076 1074/282/1074
f 1077/285/1077 1079/287/1079 1078/286/1078
f 1079/287/1079 1080/288/1080 1078/286/1078
f 1081/289/1081 1083/291/1083 1082/290/1082
f 1083/291/1083 1084/292/1084 1082/290/1082
f 1085/293/1085 1087/295/1087 1086/294/1086
f 1087/295/1087 1088/296/1088 1086/294/1086
o stripe_3_b
usemtl brick
v 0.4699999988079071 1.5 -0.08571428060531616
v 0.4699999988079071 1.5 -0.11785714328289032
v 0.4699999988079071 1.0399999618530273 -0.08571428060531616
v 0.4699999988079071 1.0399999618530273 -0.11785714328289032
v 0.25 1.5 -0.11785714328289032
v 0.25 1.5 -0.08571428060531616
v 0.25 1.0399999618530273 -0.11785714328289032
v 0.25 1.0399999618530273 -0.08571428060531616
v 0.25 1.5 -0.11785714328289032
v 0.4699999988079071 1.5 -0.11785714328289032
v 0.25 1.5 -0.08571428060531616
v 0.4699999988079071 1.5 -0.08571428060531616
v 0.25 1.0399999618530273 -0.08571428060531616
v 0.4699999988079071 1.0399999618530273 -0.08571428060531616
v 0.25 1.0399999618530273 -0.11785714328289032
v 0.4699999988079071 1.0399999618530273 -0.11785714328289032
v 0.25 1.5 -0.08571428060531616
v 0.4699999988079071 1.5 -0.08571428060531616
v 0.25 1.0399999618530273 -0.08571428060531616
v 0.4699999988079071 1.0399999618530273 -0.08571428060531616
v 0.4699999988079071 1.5 -0.11785714328289032
v 0.25 1.5 -0.11785714328289032
v 0.4699999988079071 1.0399999618530273 -0.11785714328289032
v 0.25 1.0399999618530273 -0.11785714328289032
vt 0 1
vt 1 1
vt 0 0
vt 1 0
vt 0 1
vt 1 1
vt 0 0
vt 1 0
vt 0 1
vt 1 1
vt 0 0
vt 1 0
vt 0 1
vt 1 1
vt 0 0
vt 1 0
vt 0 1
vt 1 1
vt 0 0
vt 1 0
vt 0 1
vt 1 1
vt 0 0
vt 1 0
vn 1 0 0
vn 1 0 0
vn 1 0 0
vn 1 0 0
vn -1 0 0
vn -1 0 0
vn -1 0 0
vn -1 0 0
vn 0 1 0
vn 0 1 0
vn 0 1 0
vn 0 1 0
vn 0 -1 0
vn 0 -1 0
vn 0 -1 0
vn 0 -1 0
vn 0 0 1
vn 0 0 1
vn 0 0 1
vn 0 0 1
vn 0 0 -1
vn 0 0 -1
vn 0 0 -1
vn 0 0 -1
f 1089/297/1089 1091/299/1091 1090/298/1090
f 1091/299/1091 1092/300/1092 1090/298/1090
f 1093/301/1093 1095/303/1095 1094/302/1094
f 1095/303/1095 1096/304/1096 1094/302/1094
f 1097/305/1097 1099/307/1099 1098/306/1098
f 1099/307/1099 1100/308/1100 1098/306/1098
f 1101/309/1101 1103/311/1103 1102/310/1102
f 1103/311/1103 1104/312/1104 1102/310/1102
f 1105/313/1105 1107/315/1107 1106/314/1106
f 1107/315/1107 1108/316/1108 1106/314/1106
f 1109/317/1109 1111/319/1111 1110/318/1110
f 1111/319/1111 1112/320/1112 1110/318/1110
o stripe_4_f
usemtl brick
v 0.8299999833106995 1.5 0.11785714328289032
v 0.8299999833106995 1.5 0.08571428060531616
v 0.8299999833106995 1.0399999618530273 0.11785714328289032
v 0.8299999833106995 1.0399999618530273 0.08571428060531616
v 0.6100000143051147 1.5 0.08571428060531616
v 0.6100000143051147 1.5 0.11785714328289032
v 0.6100000143051147 1.0399999618530273 0.08571428060531616
v 0.6100000143051147 1.0399999618530273 0.11785714328289032
v 0.6100000143051147 1.5 0.08571428060531616
v 0.8299999833106995 1.5 0.08571428060531616
v 0.6100000143051147 1.5 0.11785714328289032
v 0.8299999833106995 1.5 0.11785714328289032
v 0.6100000143051147 1.0399999618530273 0.11785714328289032
v 0.8299999833106995 1.0399999618530273 0.11785714328289032
v 0.6100000143051147 1.0399999618530273 0.08571428060531616
v 0.8299999833106995 1.0399999618530273 0.08571428060531616
v 0.6100000143051147 1.5 0.11785714328289032
v 0.8299999833106995 1.5 0.11785714328289032
v 0.6100000143051147 1.0399999618530273 0.11785714328289032
v 0.8299999833106995 1.0399999618530273 0.11785714328289032
v 0.8299999833106995 1.5 0.08571428060531616
v 0.6100000143051147 1.5 0.08571428060531616
v 0.8299999833106995 1.0399999618530273 0.08571428060531616
v 0.6100000143051147 1.0399999618530273 0.08571428060531616
vt 0 1
vt 1 1
vt 0 0
vt 1 0
vt 0 1
vt 1 1
vt 0 0
vt 1 0
vt 0 1
vt 1 1
vt 0 0
vt 1 0
vt 0 1
vt 1 1
vt 0 0
vt 1 0
vt 0 1
vt 1 1
vt 0 0
vt 1 0
vt 0 1
vt 1 1
vt 0 0
vt 1 0
vn 1 0 0
vn 1 0 0
vn 1 0 0
vn 1 0 0
vn -1 0 0
vn -1 0 0
vn -1 0 0
vn -1 0 0
vn 0 1 0
vn 0 1 0
vn 0 1 0
vn 0 1 0
vn 0 -1 0
vn 0 -1 0
vn 0 -1 0
vn 0 -1 0
vn 0 0 1
vn 0 0 1
vn 0 0 1
vn 0 0 1
vn 0 0 -1
vn 0 0 -1
vn 0 0 -1
vn 0 0 -1
f 1113/321/1113 1115/323/1115 1114/322/1114
f 1115/323/1115 1116/324/1116 1114/322/1114
f 1117/325/1117 1119/327/1119 1118/326/1118
f 1119/327/1119 1120/328/1120 1118/326/1118
f 1121/329/1121 1123/331/1123 1122/330/1122
f 1123/331/1123 1124/332/1124 1122/330/1122
f 1125/333/1125 1127/335/1127 1126/334/1126
f 1127/335/1127 1128/336/1128 1126/334/1126
f 1129/337/1129 1131/339/1131 1130/338/1130
f 1131/339/1131 1132/340/1132 1130/338/1130
f 1133/341/1133 1135/343/1135 1134/342/1134
f 1135/343/1135 1136/344/1136 1134/342/1134
o stripe_4_b
usemtl brick
v 0.8299999833106995 1.5 -0.08571428060531616
v 0.8299999833106995 1.5 -0.11785714328289032
v 0.8299999833106995 1.0399999618530273 -0.08571428060531616
v 0.8299999833106995 1.0399999618530273 -0.11785714328289032
v 0.6100000143051147 1.5 -0.11785714328289032
v 0.6100000143051147 1.5 -0.08571428060531616
v 0.6100000143051147 1.0399999618530273 -0.11785714328289032
v 0.6100000143051147 1.0399999618530273 -0.08571428060531616
v 0.6100000143051147 1.5 -0.11785714328289032
v 0.8299999833106995 1.5 -0.11785714328289032
v 0.6100000143051147 1.5 -0.08571428060531616
v 0.8299999833106995 1.5 -0.08571428060531616
v 0.6100000143051147 1.0399999618530273 -0.08571428060531616
v 0.8299999833106995 1.0399999618530273 -0.08571428060531616
v 0.6100000143051147 1.0399999618530273 -0.11785714328289032
v 0.8299999833106995 1.0399999618530273 -0.11785714328289032
v 0.6100000143051147 1.5 -0.08571428060531616
v 0.8299999833106995 1.5 -0.08571428060531616
v 0.6100000143051147 1.0399999618530273 -0.08571428060531616
v 0.8299999833106995 1.0399999618530273 -0.08571428060531616
v 0.8299999833106995 1.5 -0.11785714328289032
v 0.6100000143051147 1.5 -0.11785714328289032
v 0.8299999833106995 1.0399999618530273 -0.11785714328289032
v 0.6100000143051147 1.0399999618530273 -0.11785714328289032
vt 0 1
vt 1 1
vt 0 0
vt 1 0
vt 0 1
vt 1 1
vt 0 0
vt 1 0
vt 0 1
vt 1 1
vt 0 0
vt 1 0
vt 0 1
vt 1 1
vt 0 0
vt 1 0
vt 0 1
vt 1 1
vt 0 0
vt 1 0
vt 0 1
vt 1 1
vt 0 0
vt 1 0
vn 1 0 0
vn 1 0 0
vn 1 0 0
vn 1 0 0
vn -1 0 0
vn -1 0 0
vn -1 0 0
vn -1 0 0
vn 0 1 0
vn 0 1 0
vn 0 1 0
vn 0 1 0
vn 0 -1 0
vn 0 -1 0
vn 0 -1 0
vn 0 -1 0
vn 0 0 1
vn 0 0 1
vn 0 0 1
vn 0 0 1
vn 0 0 -1
vn 0 0 -1
vn 0 0 -1
vn 0 0 -1
f 1137/345/1137 1139/347/1139 1138/346/1138
f 1139/347/1139 1140/348/1140 1138/346/1138
f 1141/349/1141 1143/351/1143 1142/350/1142
f 1143/351/1143 1144/352/1144 1142/350/1142
f 1145/353/1145 1147/355/1147 1146/354/1146
f 1147/355/1147 1148/356/1148 1146/354/1146
f 1149/357/1149 1151/359/1151 1150/358/1150
f 1151/359/1151 1152/360/1152 1150/358/1150
f 1153/361/1153 1155/363/1155 1154/362/1154
f 1155/363/1155 1156/364/1156 1154/362/1154
f 1157/365/1157 1159/367/1159 1158/366/1158
f 1159/367/1159 1160/368/1160 1158/366/1158
