mtllib building_near_b.mtl
o plinth
usemtl brick
v -3.8499999046325684 0.038778241723775864 -3.4600000381469727
v -3.8499999046325684 0.5428950786590576 3.4600000381469727
v -3.8499999046325684 0.5428950786590576 -3.4600000381469727
v -3.8499999046325684 0.038778241723775864 -3.4600000381469727
v -3.8499999046325684 0.038778241723775864 3.4600000381469727
v -3.8499999046325684 0.5428950786590576 3.4600000381469727
v 3.8499999046325684 0.038778241723775864 -3.4600000381469727
v 3.8499999046325684 0.5428950786590576 -3.4600000381469727
v 3.8499999046325684 0.5428950786590576 3.4600000381469727
v 3.8499999046325684 0.038778241723775864 -3.4600000381469727
v 3.8499999046325684 0.5428950786590576 3.4600000381469727
v 3.8499999046325684 0.038778241723775864 3.4600000381469727
v -3.809999942779541 0 -3.4600000381469727
v 3.809999942779541 0 -3.4600000381469727
v 3.809999942779541 0 3.4600000381469727
v -3.809999942779541 0 -3.4600000381469727
v 3.809999942779541 0 3.4600000381469727
v -3.809999942779541 0 3.4600000381469727
v -3.809999942779541 0.5816733241081238 -3.4600000381469727
v 3.809999942779541 0.5816733241081238 3.4600000381469727
v 3.809999942779541 0.5816733241081238 -3.4600000381469727
v -3.809999942779541 0.5816733241081238 -3.4600000381469727
v -3.809999942779541 0.5816733241081238 3.4600000381469727
v 3.809999942779541 0.5816733241081238 3.4600000381469727
v -3.809999942779541 0.038778241723775864 -3.5
v 3.809999942779541 0.5428950786590576 -3.5
v 3.809999942779541 0.038778241723775864 -3.5
v -3.809999942779541 0.038778241723775864 -3.5
v -3.809999942779541 0.5428950786590576 -3.5
v 3.809999942779541 0.5428950786590576 -3.5
v -3.809999942779541 0.038778241723775864 3.5
v 3.809999942779541 0.038778241723775864 3.5
v 3.809999942779541 0.5428950786590576 3.5
v -3.809999942779541 0.038778241723775864 3.5
v 3.809999942779541 0.5428950786590576 3.5
v -3.809999942779541 0.5428950786590576 3.5
v -3.8499999046325684 0.038778241723775864 -3.4600000381469727
v -3.809999942779541 0 -3.4600000381469727
v -3.809999942779541 0 3.4600000381469727
v -3.8499999046325684 0.038778241723775864 -3.4600000381469727
v -3.809999942779541 0 3.4600000381469727
v -3.8499999046325684 0.038778241723775864 3.4600000381469727
v -3.8499999046325684 0.5428950786590576 -3.4600000381469727
v -3.809999942779541 0.5816733241081238 3.4600000381469727
v -3.809999942779541 0.5816733241081238 -3.4600000381469727
v -3.8499999046325684 0.5428950786590576 -3.4600000381469727
v -3.8499999046325684 0.5428950786590576 3.4600000381469727
v -3.809999942779541 0.5816733241081238 3.4600000381469727
v 3.8499999046325684 0.038778241723775864 -3.4600000381469727
v 3.809999942779541 0 3.4600000381469727
v 3.809999942779541 0 -3.4600000381469727
v 3.8499999046325684 0.038778241723775864 -3.4600000381469727
v 3.8499999046325684 0.038778241723775864 3.4600000381469727
v 3.809999942779541 0 3.4600000381469727
v 3.8499999046325684 0.5428950786590576 -3.4600000381469727
v 3.809999942779541 0.5816733241081238 -3.4600000381469727
v 3.809999942779541 0.5816733241081238 3.4600000381469727
v 3.8499999046325684 0.5428950786590576 -3.4600000381469727
v 3.809999942779541 0.5816733241081238 3.4600000381469727
v 3.8499999046325684 0.5428950786590576 3.4600000381469727
v -3.8499999046325684 0.038778241723775864 -3.4600000381469727
v -3.809999942779541 0.5428950786590576 -3.5
v -3.809999942779541 0.038778241723775864 -3.5
v -3.8499999046325684 0.038778241723775864 -3.4600000381469727
v -3.8499999046325684 0.5428950786590576 -3.4600000381469727
v -3.809999942779541 0.5428950786590576 -3.5
v -3.8499999046325684 0.038778241723775864 3.4600000381469727
v -3.809999942779541 0.038778241723775864 3.5
v -3.809999942779541 0.5428950786590576 3.5
v -3.8499999046325684 0.038778241723775864 3.4600000381469727
v -3.809999942779541 0.5428950786590576 3.5
v -3.8499999046325684 0.5428950786590576 3.4600000381469727
v 3.8499999046325684 0.038778241723775864 -3.4600000381469727
v 3.809999942779541 0.038778241723775864 -3.5
v 3.809999942779541 0.5428950786590576 -3.5
v 3.8499999046325684 0.038778241723775864 -3.4600000381469727
v 3.809999942779541 0.5428950786590576 -3.5
v 3.8499999046325684 0.5428950786590576 -3.4600000381469727
v 3.8499999046325684 0.038778241723775864 3.4600000381469727
v 3.809999942779541 0.5428950786590576 3.5
v 3.809999942779541 0.038778241723775864 3.5
v 3.8499999046325684 0.038778241723775864 3.4600000381469727
v 3.8499999046325684 0.5428950786590576 3.4600000381469727
v 3.809999942779541 0.5428950786590576 3.5
v -3.809999942779541 0 -3.4600000381469727
v -3.809999942779541 0.038778241723775864 -3.5
v 3.809999942779541 0.038778241723775864 -3.5
v -3.809999942779541 0 -3.4600000381469727
v 3.809999942779541 0.038778241723775864 -3.5
v 3.809999942779541 0 -3.4600000381469727
v -3.809999942779541 0 3.4600000381469727
v 3.809999942779541 0.038778241723775864 3.5
v -3.809999942779541 0.038778241723775864 3.5
v -3.809999942779541 0 3.4600000381469727
v 3.809999942779541 0 3.4600000381469727
v 3.809999942779541 0.038778241723775864 3.5
v -3.809999942779541 0.5816733241081238 -3.4600000381469727
v 3.809999942779541 0.5428950786590576 -3.5
v -3.809999942779541 0.5428950786590576 -3.5
v -3.809999942779541 0.5816733241081238 -3.4600000381469727
v 3.809999942779541 0.5816733241081238 -3.4600000381469727
v 3.809999942779541 0.5428950786590576 -3.5
v -3.809999942779541 0.5816733241081238 3.4600000381469727
v -3.809999942779541 0.5428950786590576 3.5
v 3.809999942779541 0.5428950786590576 3.5
v -3.809999942779541 0.5816733241081238 3.4600000381469727
v 3.809999942779541 0.5428950786590576 3.5
v 3.809999942779541 0.5816733241081238 3.4600000381469727
v -3.8499999046325684 0.038778241723775864 -3.4600000381469727
v -3.809999942779541 0.038778241723775864 -3.5
v -3.809999942779541 0 -3.4600000381469727
v -3.8499999046325684 0.038778241723775864 3.4600000381469727
v -3.809999942779541 0 3.4600000381469727
v -3.809999942779541 0.038778241723775864 3.5
v -3.8499999046325684 0.5428950786590576 -3.4600000381469727
v -3.809999942779541 0.5816733241081238 -3.4600000381469727
v -3.809999942779541 0.5428950786590576 -3.5
v -3.8499999046325684 0.5428950786590576 3.4600000381469727
v -3.809999942779541 0.5428950786590576 3.5
v -3.809999942779541 0.5816733241081238 3.4600000381469727
v 3.8499999046325684 0.038778241723775864 -3.4600000381469727
v 3.809999942779541 0 -3.4600000381469727
v 3.809999942779541 0.038778241723775864 -3.5
v 3.8499999046325684 0.038778241723775864 3.4600000381469727
v 3.809999942779541 0.038778241723775864 3.5
v 3.809999942779541 0 3.4600000381469727
v 3.8499999046325684 0.5428950786590576 -3.4600000381469727
v 3.809999942779541 0.5428950786590576 -3.5
v 3.809999942779541 0.5816733241081238 -3.4600000381469727
v 3.8499999046325684 0.5428950786590576 3.4600000381469727
v 3.809999942779541 0.5816733241081238 3.4600000381469727
v 3.809999942779541 0.5428950786590576 3.5
vn -1 0 0
vn -1 0 0
vn -1 0 0
vn -1 0 0
vn -1 0 0
vn -1 0 0
vn 1 0 0
vn 1 0 0
vn 1 0 0
vn 1 0 0
vn 1 0 0
vn 1 0 0
vn 0 -1 0
vn 0 -1 0
vn 0 -1 0
vn 0 -1 0
vn 0 -1 0
vn 0 -1 0
vn 0 1 0
vn 0 1 0
vn 0 1 0
vn 0 1 0
vn 0 1 0
vn 0 1 0
vn 0 0 -1
vn 0 0 -1
vn 0 0 -1
vn 0 0 -1
vn 0 0 -1
vn 0 0 -1
vn 0 0 1
vn 0 0 1
vn 0 0 1
vn 0 0 1
vn 0 0 1
vn 0 0 1
vn -0.6960570125204069 -0.7179865147209703 0
vn -0.6960570125204069 -0.7179865147209703 0
vn -0.6960570125204069 -0.7179865147209703 0
vn -0.6960570125204069 -0.7179865147209703 0
vn -0.6960570125204069 -0.7179865147209703 0
vn -0.6960570125204069 -0.7179865147209703 0
vn -0.6960570125204069 0.7179865147209703 0
vn -0.6960570125204069 0.7179865147209703 0
vn -0.6960570125204069 0.7179865147209703 0
vn -0.6960570125204069 0.7179865147209703 0
vn -0.6960570125204069 0.7179865147209703 0
vn -0.6960570125204069 0.7179865147209703 0
vn 0.6960570125204069 -0.7179865147209703 0
vn 0.6960570125204069 -0.7179865147209703 0
vn 0.6960570125204069 -0.7179865147209703 0
vn 0.6960570125204069 -0.7179865147209703 0
vn 0.6960570125204069 -0.7179865147209703 0
vn 0.6960570125204069 -0.7179865147209703 0
vn 0.6960570125204069 0.7179865147209703 0
vn 0.6960570125204069 0.7179865147209703 0
vn 0.6960570125204069 0.7179865147209703 0
vn 0.6960570125204069 0.7179865147209703 0
vn 0.6960570125204069 0.7179865147209703 0
vn 0.6960570125204069 0.7179865147209703 0
vn -0.7071067811865476 0 -0.7071067811865476
vn -0.7071067811865476 0 -0.7071067811865476
vn -0.7071067811865476 0 -0.7071067811865476
vn -0.7071067811865476 0 -0.7071067811865476
vn -0.7071067811865476 0 -0.7071067811865476
vn -0.7071067811865476 0 -0.7071067811865476
vn -0.7071067811865476 0 0.7071067811865476
vn -0.7071067811865476 0 0.7071067811865476
vn -0.7071067811865476 0 0.7071067811865476
vn -0.7071067811865476 0 0.7071067811865476
vn -0.7071067811865476 0 0.7071067811865476
vn -0.7071067811865476 0 0.7071067811865476
vn 0.7071067811865476 0 -0.7071067811865476
vn 0.7071067811865476 0 -0.7071067811865476
vn 0.7071067811865476 0 -0.7071067811865476
vn 0.7071067811865476 0 -0.7071067811865476
vn 0.7071067811865476 0 -0.7071067811865476
vn 0.7071067811865476 0 -0.7071067811865476
vn 0.7071067811865476 0 0.7071067811865476
vn 0.7071067811865476 0 0.7071067811865476
vn 0.7071067811865476 0 0.7071067811865476
vn 0.7071067811865476 0 0.7071067811865476
vn 0.7071067811865476 0 0.7071067811865476
vn 0.7071067811865476 0 0.7071067811865476
vn 0 -0.7179865445089609 -0.6960569817939348
vn 0 -0.7179865445089609 -0.6960569817939348
vn 0 -0.7179865445089609 -0.6960569817939348
vn 0 -0.7179865445089609 -0.6960569817939348
vn 0 -0.7179865445089609 -0.6960569817939348
vn 0 -0.7179865445089609 -0.6960569817939348
vn 0 -0.7179865445089609 0.6960569817939348
vn 0 -0.7179865445089609 0.6960569817939348
vn 0 -0.7179865445089609 0.6960569817939348
vn 0 -0.7179865445089609 0.6960569817939348
vn 0 -0.7179865445089609 0.6960569817939348
vn 0 -0.7179865445089609 0.6960569817939348
vn 0 0.7179865445089609 -0.6960569817939348
vn 0 0.7179865445089609 -0.6960569817939348
vn 0 0.7179865445089609 -0.6960569817939348
vn 0 0.7179865445089609 -0.6960569817939348
vn 0 0.7179865445089609 -0.6960569817939348
vn 0 0.7179865445089609 -0.6960569817939348
vn 0 0.7179865445089609 0.6960569817939348
vn 0 0.7179865445089609 0.6960569817939348
vn 0 0.7179865445089609 0.6960569817939348
vn 0 0.7179865445089609 0.6960569817939348
vn 0 0.7179865445089609 0.6960569817939348
vn 0 0.7179865445089609 0.6960569817939348
vn -0.5712883965803787 -0.5892869724211118 -0.5712883965803787
vn -0.5712883965803787 -0.5892869724211118 -0.5712883965803787
vn -0.5712883965803787 -0.5892869724211118 -0.5712883965803787
vn -0.5712883965803787 -0.5892869724211118 0.5712883965803787
vn -0.5712883965803787 -0.5892869724211118 0.5712883965803787
vn -0.5712883965803787 -0.5892869724211118 0.5712883965803787
vn -0.5712883965803787 0.5892869724211118 -0.5712883965803787
vn -0.5712883965803787 0.5892869724211118 -0.5712883965803787
vn -0.5712883965803787 0.5892869724211118 -0.5712883965803787
vn -0.5712883965803787 0.5892869724211118 0.5712883965803787
vn -0.5712883965803787 0.5892869724211118 0.5712883965803787
vn -0.5712883965803787 0.5892869724211118 0.5712883965803787
vn 0.5712883965803787 -0.5892869724211118 -0.5712883965803787
vn 0.5712883965803787 -0.5892869724211118 -0.5712883965803787
vn 0.5712883965803787 -0.5892869724211118 -0.5712883965803787
vn 0.5712883965803787 -0.5892869724211118 0.5712883965803787
vn 0.5712883965803787 -0.5892869724211118 0.5712883965803787
vn 0.5712883965803787 -0.5892869724211118 0.5712883965803787
vn 0.5712883965803787 0.5892869724211118 -0.5712883965803787
vn 0.5712883965803787 0.5892869724211118 -0.5712883965803787
vn 0.5712883965803787 0.5892869724211118 -0.5712883965803787
vn 0.5712883965803787 0.5892869724211118 0.5712883965803787
vn 0.5712883965803787 0.5892869724211118 0.5712883965803787
vn 0.5712883965803787 0.5892869724211118 0.5712883965803787
f 1//1 2//2 3//3
f 4//4 5//5 6//6
f 7//7 8//8 9//9
f 10//10 11//11 12//12
f 13//13 14//14 15//15
f 16//16 17//17 18//18
f 19//19 20//20 21//21
f 22//22 23//23 24//24
f 25//25 26//26 27//27
f 28//28 29//29 30//30
f 31//31 32//32 33//33
f 34//34 35//35 36//36
f 37//37 38//38 39//39
f 40//40 41//41 42//42
f 43//43 44//44 45//45
f 46//46 47//47 48//48
f 49//49 50//50 51//51
f 52//52 53//53 54//54
f 55//55 56//56 57//57
f 58//58 59//59 60//60
f 61//61 62//62 63//63
f 64//64 65//65 66//66
f 67//67 68//68 69//69
f 70//70 71//71 72//72
f 73//73 74//74 75//75
f 76//76 77//77 78//78
f 79//79 80//80 81//81
f 82//82 83//83 84//84
f 85//85 86//86 87//87
f 88//88 89//89 90//90
f 91//91 92//92 93//93
f 94//94 95//95 96//96
f 97//97 98//98 99//99
f 100//100 101//101 102//102
f 103//103 104//104 105//105
f 106//106 107//107 108//108
f 109//109 110//110 111//111
f 112//112 113//113 114//114
f 115//115 116//116 117//117
f 118//118 119//119 120//120
f 121//121 122//122 123//123
f 124//124 125//125 126//126
f 127//127 128//128 129//129
f 130//130 131//131 132//132
o body
usemtl cream
v -3.7249999046325684 0.6204516291618347 -3.3350000381469727
v -3.7249999046325684 5.681008815765381 3.3350000381469727
v -3.7249999046325684 5.681008815765381 -3.3350000381469727
v -3.7249999046325684 0.6204516291618347 -3.3350000381469727
v -3.7249999046325684 0.6204516291618347 3.3350000381469727
v -3.7249999046325684 5.681008815765381 3.3350000381469727
v 3.7249999046325684 0.6204516291618347 -3.3350000381469727
v 3.7249999046325684 5.681008815765381 -3.3350000381469727
v 3.7249999046325684 5.681008815765381 3.3350000381469727
v 3.7249999046325684 0.6204516291618347 -3.3350000381469727
v 3.7249999046325684 5.681008815765381 3.3350000381469727
v 3.7249999046325684 0.6204516291618347 3.3350000381469727
v -3.684999942779541 0.5816732048988342 -3.3350000381469727
v 3.684999942779541 0.5816732048988342 -3.3350000381469727
v 3.684999942779541 0.5816732048988342 3.3350000381469727
v -3.684999942779541 0.5816732048988342 -3.3350000381469727
v 3.684999942779541 0.5816732048988342 3.3350000381469727
v -3.684999942779541 0.5816732048988342 3.3350000381469727
v -3.684999942779541 5.71978759765625 -3.3350000381469727
v 3.684999942779541 5.71978759765625 3.3350000381469727
v 3.684999942779541 5.71978759765625 -3.3350000381469727
v -3.684999942779541 5.71978759765625 -3.3350000381469727
v -3.684999942779541 5.71978759765625 3.3350000381469727
v 3.684999942779541 5.71978759765625 3.3350000381469727
v -3.684999942779541 0.6204516291618347 -3.375
v 3.684999942779541 5.681008815765381 -3.375
v 3.684999942779541 0.6204516291618347 -3.375
v -3.684999942779541 0.6204516291618347 -3.375
v -3.684999942779541 5.681008815765381 -3.375
v 3.684999942779541 5.681008815765381 -3.375
v -3.684999942779541 0.6204516291618347 3.375
v 3.684999942779541 0.6204516291618347 3.375
v 3.684999942779541 5.681008815765381 3.375
v -3.684999942779541 0.6204516291618347 3.375
v 3.684999942779541 5.681008815765381 3.375
v -3.684999942779541 5.681008815765381 3.375
v -3.7249999046325684 0.6204516291618347 -3.3350000381469727
v -3.684999942779541 0.5816732048988342 -3.3350000381469727
v -3.684999942779541 0.5816732048988342 3.3350000381469727
v -3.7249999046325684 0.6204516291618347 -3.3350000381469727
v -3.684999942779541 0.5816732048988342 3.3350000381469727
v -3.7249999046325684 0.6204516291618347 3.3350000381469727
v -3.7249999046325684 5.681008815765381 -3.3350000381469727
v -3.684999942779541 5.71978759765625 3.3350000381469727
v -3.684999942779541 5.71978759765625 -3.3350000381469727
v -3.7249999046325684 5.681008815765381 -3.3350000381469727
v -3.7249999046325684 5.681008815765381 3.3350000381469727
v -3.684999942779541 5.71978759765625 3.3350000381469727
v 3.7249999046325684 0.6204516291618347 -3.3350000381469727
v 3.684999942779541 0.5816732048988342 3.3350000381469727
v 3.684999942779541 0.5816732048988342 -3.3350000381469727
v 3.7249999046325684 0.6204516291618347 -3.3350000381469727
v 3.7249999046325684 0.6204516291618347 3.3350000381469727
v 3.684999942779541 0.5816732048988342 3.3350000381469727
v 3.7249999046325684 5.681008815765381 -3.3350000381469727
v 3.684999942779541 5.71978759765625 -3.3350000381469727
v 3.684999942779541 5.71978759765625 3.3350000381469727
v 3.7249999046325684 5.681008815765381 -3.3350000381469727
v 3.684999942779541 5.71978759765625 3.3350000381469727
v 3.7249999046325684 5.681008815765381 3.3350000381469727
v -3.7249999046325684 0.6204516291618347 -3.3350000381469727
v -3.684999942779541 5.681008815765381 -3.375
v -3.684999942779541 0.6204516291618347 -3.375
v -3.7249999046325684 0.6204516291618347 -3.3350000381469727
v -3.7249999046325684 5.681008815765381 -3.3350000381469727
v -3.684999942779541 5.681008815765381 -3.375
v -3.7249999046325684 0.6204516291618347 3.3350000381469727
v -3.684999942779541 0.6204516291618347 3.375
v -3.684999942779541 5.681008815765381 3.375
v -3.7249999046325684 0.6204516291618347 3.3350000381469727
v -3.684999942779541 5.681008815765381 3.375
v -3.7249999046325684 5.681008815765381 3.3350000381469727
v 3.7249999046325684 0.6204516291618347 -3.3350000381469727
v 3.684999942779541 0.6204516291618347 -3.375
v 3.684999942779541 5.681008815765381 -3.375
v 3.7249999046325684 0.6204516291618347 -3.3350000381469727
v 3.684999942779541 5.681008815765381 -3.375
v 3.7249999046325684 5.681008815765381 -3.3350000381469727
v 3.7249999046325684 0.6204516291618347 3.3350000381469727
v 3.684999942779541 5.681008815765381 3.375
v 3.684999942779541 0.6204516291618347 3.375
v 3.7249999046325684 0.6204516291618347 3.3350000381469727
v 3.7249999046325684 5.681008815765381 3.3350000381469727
v 3.684999942779541 5.681008815765381 3.375
v -3.684999942779541 0.5816732048988342 -3.3350000381469727
v -3.684999942779541 0.6204516291618347 -3.375
v 3.684999942779541 0.6204516291618347 -3.375
v -3.684999942779541 0.5816732048988342 -3.3350000381469727
v 3.684999942779541 0.6204516291618347 -3.375
v 3.684999942779541 0.5816732048988342 -3.3350000381469727
v -3.684999942779541 0.5816732048988342 3.3350000381469727
v 3.684999942779541 0.6204516291618347 3.375
v -3.684999942779541 0.6204516291618347 3.375
v -3.684999942779541 0.5816732048988342 3.3350000381469727
v 3.684999942779541 0.5816732048988342 3.3350000381469727
v 3.684999942779541 0.6204516291618347 3.375
v -3.684999942779541 5.71978759765625 -3.3350000381469727
v 3.684999942779541 5.681008815765381 -3.375
v -3.684999942779541 5.681008815765381 -3.375
v -3.684999942779541 5.71978759765625 -3.3350000381469727
v 3.684999942779541 5.71978759765625 -3.3350000381469727
v 3.684999942779541 5.681008815765381 -3.375
v -3.684999942779541 5.71978759765625 3.3350000381469727
v -3.684999942779541 5.681008815765381 3.375
v 3.684999942779541 5.681008815765381 3.375
v -3.684999942779541 5.71978759765625 3.3350000381469727
v 3.684999942779541 5.681008815765381 3.375
v 3.684999942779541 5.71978759765625 3.3350000381469727
v -3.7249999046325684 0.6204516291618347 -3.3350000381469727
v -3.684999942779541 0.6204516291618347 -3.375
v -3.684999942779541 0.5816732048988342 -3.3350000381469727
v -3.7249999046325684 0.6204516291618347 3.3350000381469727
v -3.684999942779541 0.5816732048988342 3.3350000381469727
v -3.684999942779541 0.6204516291618347 3.375
v -3.7249999046325684 5.681008815765381 -3.3350000381469727
v -3.684999942779541 5.71978759765625 -3.3350000381469727
v -3.684999942779541 5.681008815765381 -3.375
v -3.7249999046325684 5.681008815765381 3.3350000381469727
v -3.684999942779541 5.681008815765381 3.375
v -3.684999942779541 5.71978759765625 3.3350000381469727
v 3.7249999046325684 0.6204516291618347 -3.3350000381469727
v 3.684999942779541 0.5816732048988342 -3.3350000381469727
v 3.684999942779541 0.6204516291618347 -3.375
v 3.7249999046325684 0.6204516291618347 3.3350000381469727
v 3.684999942779541 0.6204516291618347 3.375
v 3.684999942779541 0.5816732048988342 3.3350000381469727
v 3.7249999046325684 5.681008815765381 -3.3350000381469727
v 3.684999942779541 5.681008815765381 -3.375
v 3.684999942779541 5.71978759765625 -3.3350000381469727
v 3.7249999046325684 5.681008815765381 3.3350000381469727
v 3.684999942779541 5.71978759765625 3.3350000381469727
v 3.684999942779541 5.681008815765381 3.375
vn -1 0 0
vn -1 0 0
vn -1 0 0
vn -1 0 0
vn -1 0 0
vn -1 0 0
vn 1 0 0
vn 1 0 0
vn 1 0 0
vn 1 0 0
vn 1 0 0
vn 1 0 0
vn 0 -1 0
vn 0 -1 0
vn 0 -1 0
vn 0 -1 0
vn 0 -1 0
vn 0 -1 0
vn 0 1 0
vn 0 1 0
vn 0 1 0
vn 0 1 0
vn 0 1 0
vn 0 1 0
vn 0 0 -1
vn 0 0 -1
vn 0 0 -1
vn 0 0 -1
vn 0 0 -1
vn 0 0 -1
vn 0 0 1
vn 0 0 1
vn 0 0 1
vn 0 0 1
vn 0 0 1
vn 0 0 1
vn -0.6960585858947552 -0.7179849893989384 0
vn -0.6960585858947552 -0.7179849893989384 0
vn -0.6960585858947552 -0.7179849893989384 0
vn -0.6960585858947552 -0.7179849893989384 0
vn -0.6960585858947552 -0.7179849893989384 0
vn -0.6960585858947552 -0.7179849893989384 0
vn -0.6960585858947552 0.7179849893989384 0
vn -0.6960585858947552 0.7179849893989384 0
vn -0.6960585858947552 0.7179849893989384 0
vn -0.6960585858947552 0.7179849893989384 0
vn -0.6960585858947552 0.7179849893989384 0
vn -0.6960585858947552 0.7179849893989384 0
vn 0.6960585858947552 -0.7179849893989384 0
vn 0.6960585858947552 -0.7179849893989384 0
vn 0.6960585858947552 -0.7179849893989384 0
vn 0.6960585858947552 -0.7179849893989384 0
vn 0.6960585858947552 -0.7179849893989384 0
vn 0.6960585858947552 -0.7179849893989384 0
vn 0.6960585858947552 0.7179849893989384 0
vn 0.6960585858947552 0.7179849893989384 0
vn 0.6960585858947552 0.7179849893989384 0
vn 0.6960585858947552 0.7179849893989384 0
vn 0.6960585858947552 0.7179849893989384 0
vn 0.6960585858947552 0.7179849893989384 0
vn -0.7071067811865476 0 -0.7071067811865476
vn -0.7071067811865476 0 -0.7071067811865476
vn -0.7071067811865476 0 -0.7071067811865476
vn -0.7071067811865476 0 -0.7071067811865476
vn -0.7071067811865476 0 -0.7071067811865476
vn -0.7071067811865476 0 -0.7071067811865476
vn -0.7071067811865476 0 0.7071067811865476
vn -0.7071067811865476 0 0.7071067811865476
vn -0.7071067811865476 0 0.7071067811865476
vn -0.7071067811865476 0 0.7071067811865476
vn -0.7071067811865476 0 0.7071067811865476
vn -0.7071067811865476 0 0.7071067811865476
vn 0.7071067811865476 0 -0.7071067811865476
vn 0.7071067811865476 0 -0.7071067811865476
vn 0.7071067811865476 0 -0.7071067811865476
vn 0.7071067811865476 0 -0.7071067811865476
vn 0.7071067811865476 0 -0.7071067811865476
vn 0.7071067811865476 0 -0.7071067811865476
vn 0.7071067811865476 0 0.7071067811865476
vn 0.7071067811865476 0 0.7071067811865476
vn 0.7071067811865476 0 0.7071067811865476
vn 0.7071067811865476 0 0.7071067811865476
vn 0.7071067811865476 0 0.7071067811865476
vn 0.7071067811865476 0 0.7071067811865476
vn 0 -0.717984959610944 -0.6960586166210941
vn 0 -0.717984959610944 -0.6960586166210941
vn 0 -0.717984959610944 -0.6960586166210941
vn 0 -0.717984959610944 -0.6960586166210941
vn 0 -0.717984959610944 -0.6960586166210941
vn 0 -0.717984959610944 -0.6960586166210941
vn 0 -0.717984959610944 0.6960586166210941
vn 0 -0.717984959610944 0.6960586166210941
vn 0 -0.717984959610944 0.6960586166210941
vn 0 -0.717984959610944 0.6960586166210941
vn 0 -0.717984959610944 0.6960586166210941
vn 0 -0.717984959610944 0.6960586166210941
vn 0 0.717984959610944 -0.6960586166210941
vn 0 0.717984959610944 -0.6960586166210941
vn 0 0.717984959610944 -0.6960586166210941
vn 0 0.717984959610944 -0.6960586166210941
vn 0 0.717984959610944 -0.6960586166210941
vn 0 0.717984959610944 -0.6960586166210941
vn 0 0.717984959610944 0.6960586166210941
vn 0 0.717984959610944 0.6960586166210941
vn 0 0.717984959610944 0.6960586166210941
vn 0 0.717984959610944 0.6960586166210941
vn 0 0.717984959610944 0.6960586166210941
vn 0 0.717984959610944 0.6960586166210941
vn -0.5712892482047914 -0.5892853211910241 -0.5712892482047914
vn -0.5712892482047914 -0.5892853211910241 -0.5712892482047914
vn -0.5712892482047914 -0.5892853211910241 -0.5712892482047914
vn -0.5712892482047914 -0.5892853211910241 0.5712892482047914
vn -0.5712892482047914 -0.5892853211910241 0.5712892482047914
vn -0.5712892482047914 -0.5892853211910241 0.5712892482047914
vn -0.5712892482047914 0.5892853211910241 -0.5712892482047914
vn -0.5712892482047914 0.5892853211910241 -0.5712892482047914
vn -0.5712892482047914 0.5892853211910241 -0.5712892482047914
vn -0.5712892482047914 0.5892853211910241 0.5712892482047914
vn -0.5712892482047914 0.5892853211910241 0.5712892482047914
vn -0.5712892482047914 0.5892853211910241 0.5712892482047914
vn 0.5712892482047914 -0.5892853211910241 -0.5712892482047914
vn 0.5712892482047914 -0.5892853211910241 -0.5712892482047914
vn 0.5712892482047914 -0.5892853211910241 -0.5712892482047914
vn 0.5712892482047914 -0.5892853211910241 0.5712892482047914
vn 0.5712892482047914 -0.5892853211910241 0.5712892482047914
vn 0.5712892482047914 -0.5892853211910241 0.5712892482047914
vn 0.5712892482047914 0.5892853211910241 -0.5712892482047914
vn 0.5712892482047914 0.5892853211910241 -0.5712892482047914
vn 0.5712892482047914 0.5892853211910241 -0.5712892482047914
vn 0.5712892482047914 0.5892853211910241 0.5712892482047914
vn 0.5712892482047914 0.5892853211910241 0.5712892482047914
vn 0.5712892482047914 0.5892853211910241 0.5712892482047914
f 133//133 134//134 135//135
f 136//136 137//137 138//138
f 139//139 140//140 141//141
f 142//142 143//143 144//144
f 145//145 146//146 147//147
f 148//148 149//149 150//150
f 151//151 152//152 153//153
f 154//154 155//155 156//156
f 157//157 158//158 159//159
f 160//160 161//161 162//162
f 163//163 164//164 165//165
f 166//166 167//167 168//168
f 169//169 170//170 171//171
f 172//172 173//173 174//174
f 175//175 176//176 177//177
f 178//178 179//179 180//180
f 181//181 182//182 183//183
f 184//184 185//185 186//186
f 187//187 188//188 189//189
f 190//190 191//191 192//192
f 193//193 194//194 195//195
f 196//196 197//197 198//198
f 199//199 200//200 201//201
f 202//202 203//203 204//204
f 205//205 206//206 207//207
f 208//208 209//209 210//210
f 211//211 212//212 213//213
f 214//214 215//215 216//216
f 217//217 218//218 219//219
f 220//220 221//221 222//222
f 223//223 224//224 225//225
f 226//226 227//227 228//228
f 229//229 230//230 231//231
f 232//232 233//233 234//234
f 235//235 236//236 237//237
f 238//238 239//239 240//240
f 241//241 242//242 243//243
f 244//244 245//245 246//246
f 247//247 248//248 249//249
f 250//250 251//251 252//252
f 253//253 254//254 255//255
f 256//256 257//257 258//258
f 259//259 260//260 261//261
f 262//262 263//263 264//264
o cornice
usemtl brick
v -3.8499999046325684 5.758565425872803 -3.4600000381469727
v -3.8499999046325684 6.117264270782471 3.4600000381469727
v -3.8499999046325684 6.117264270782471 -3.4600000381469727
v -3.8499999046325684 5.758565425872803 -3.4600000381469727
v -3.8499999046325684 5.758565425872803 3.4600000381469727
v -3.8499999046325684 6.117264270782471 3.4600000381469727
v 3.8499999046325684 5.758565425872803 -3.4600000381469727
v 3.8499999046325684 6.117264270782471 -3.4600000381469727
v 3.8499999046325684 6.117264270782471 3.4600000381469727
v 3.8499999046325684 5.758565425872803 -3.4600000381469727
v 3.8499999046325684 6.117264270782471 3.4600000381469727
v 3.8499999046325684 5.758565425872803 3.4600000381469727
v -3.809999942779541 5.71978759765625 -3.4600000381469727
v 3.809999942779541 5.71978759765625 -3.4600000381469727
v 3.809999942779541 5.71978759765625 3.4600000381469727
v -3.809999942779541 5.71978759765625 -3.4600000381469727
v 3.809999942779541 5.71978759765625 3.4600000381469727
v -3.809999942779541 5.71978759765625 3.4600000381469727
v -3.809999942779541 6.156042098999023 -3.4600000381469727
v 3.809999942779541 6.156042098999023 3.4600000381469727
v 3.809999942779541 6.156042098999023 -3.4600000381469727
v -3.809999942779541 6.156042098999023 -3.4600000381469727
v -3.809999942779541 6.156042098999023 3.4600000381469727
v 3.809999942779541 6.156042098999023 3.4600000381469727
v -3.809999942779541 5.758565425872803 -3.5
v 3.809999942779541 6.117264270782471 -3.5
v 3.809999942779541 5.758565425872803 -3.5
v -3.809999942779541 5.758565425872803 -3.5
v -3.809999942779541 6.117264270782471 -3.5
v 3.809999942779541 6.117264270782471 -3.5
v -3.809999942779541 5.758565425872803 3.5
v 3.809999942779541 5.758565425872803 3.5
v 3.809999942779541 6.117264270782471 3.5
v -3.809999942779541 5.758565425872803 3.5
v 3.809999942779541 6.117264270782471 3.5
v -3.809999942779541 6.117264270782471 3.5
v -3.8499999046325684 5.758565425872803 -3.4600000381469727
v -3.809999942779541 5.71978759765625 -3.4600000381469727
v -3.809999942779541 5.71978759765625 3.4600000381469727
v -3.8499999046325684 5.758565425872803 -3.4600000381469727
v -3.809999942779541 5.71978759765625 3.4600000381469727
v -3.8499999046325684 5.758565425872803 3.4600000381469727
v -3.8499999046325684 6.117264270782471 -3.4600000381469727
v -3.809999942779541 6.156042098999023 3.4600000381469727
v -3.809999942779541 6.156042098999023 -3.4600000381469727
v -3.8499999046325684 6.117264270782471 -3.4600000381469727
v -3.8499999046325684 6.117264270782471 3.4600000381469727
v -3.809999942779541 6.156042098999023 3.4600000381469727
v 3.8499999046325684 5.758565425872803 -3.4600000381469727
v 3.809999942779541 5.71978759765625 3.4600000381469727
v 3.809999942779541 5.71978759765625 -3.4600000381469727
v 3.8499999046325684 5.758565425872803 -3.4600000381469727
v 3.8499999046325684 5.758565425872803 3.4600000381469727
v 3.809999942779541 5.71978759765625 3.4600000381469727
v 3.8499999046325684 6.117264270782471 -3.4600000381469727
v 3.809999942779541 6.156042098999023 -3.4600000381469727
v 3.809999942779541 6.156042098999023 3.4600000381469727
v 3.8499999046325684 6.117264270782471 -3.4600000381469727
v 3.809999942779541 6.156042098999023 3.4600000381469727
v 3.8499999046325684 6.117264270782471 3.4600000381469727
v -3.8499999046325684 5.758565425872803 -3.4600000381469727
v -3.809999942779541 6.117264270782471 -3.5
v -3.809999942779541 5.758565425872803 -3.5
v -3.8499999046325684 5.758565425872803 -3.4600000381469727
v -3.8499999046325684 6.117264270782471 -3.4600000381469727
v -3.809999942779541 6.117264270782471 -3.5
v -3.8499999046325684 5.758565425872803 3.4600000381469727
v -3.809999942779541 5.758565425872803 3.5
v -3.809999942779541 6.117264270782471 3.5
v -3.8499999046325684 5.758565425872803 3.4600000381469727
v -3.809999942779541 6.117264270782471 3.5
v -3.8499999046325684 6.117264270782471 3.4600000381469727
v 3.8499999046325684 5.758565425872803 -3.4600000381469727
v 3.809999942779541 5.758565425872803 -3.5
v 3.809999942779541 6.117264270782471 -3.5
v 3.8499999046325684 5.758565425872803 -3.4600000381469727
v 3.809999942779541 6.117264270782471 -3.5
v 3.8499999046325684 6.117264270782471 -3.4600000381469727
v 3.8499999046325684 5.758565425872803 3.4600000381469727
v 3.809999942779541 6.117264270782471 3.5
v 3.809999942779541 5.758565425872803 3.5
v 3.8499999046325684 5.758565425872803 3.4600000381469727
v 3.8499999046325684 6.117264270782471 3.4600000381469727
v 3.809999942779541 6.117264270782471 3.5
v -3.809999942779541 5.71978759765625 -3.4600000381469727
v -3.809999942779541 5.758565425872803 -3.5
v 3.809999942779541 5.758565425872803 -3.5
v -3.809999942779541 5.71978759765625 -3.4600000381469727
v 3.809999942779541 5.758565425872803 -3.5
v 3.809999942779541 5.71978759765625 -3.4600000381469727
v -3.809999942779541 5.71978759765625 3.4600000381469727
v 3.809999942779541 5.758565425872803 3.5
v -3.809999942779541 5.758565425872803 3.5
v -3.809999942779541 5.71978759765625 3.4600000381469727
v 3.809999942779541 5.71978759765625 3.4600000381469727
v 3.809999942779541 5.758565425872803 3.5
v -3.809999942779541 6.156042098999023 -3.4600000381469727
v 3.809999942779541 6.117264270782471 -3.5
v -3.809999942779541 6.117264270782471 -3.5
v -3.809999942779541 6.156042098999023 -3.4600000381469727
v 3.809999942779541 6.156042098999023 -3.4600000381469727
v 3.809999942779541 6.117264270782471 -3.5
v -3.809999942779541 6.156042098999023 3.4600000381469727
v -3.809999942779541 6.117264270782471 3.5
v 3.809999942779541 6.117264270782471 3.5
v -3.809999942779541 6.156042098999023 3.4600000381469727
v 3.809999942779541 6.117264270782471 3.5
v 3.809999942779541 6.156042098999023 3.4600000381469727
v -3.8499999046325684 5.758565425872803 -3.4600000381469727
v -3.809999942779541 5.758565425872803 -3.5
v -3.809999942779541 5.71978759765625 -3.4600000381469727
v -3.8499999046325684 5.758565425872803 3.4600000381469727
v -3.809999942779541 5.71978759765625 3.4600000381469727
v -3.809999942779541 5.758565425872803 3.5
v -3.8499999046325684 6.117264270782471 -3.4600000381469727
v -3.809999942779541 6.156042098999023 -3.4600000381469727
v -3.809999942779541 6.117264270782471 -3.5
v -3.8499999046325684 6.117264270782471 3.4600000381469727
v -3.809999942779541 6.117264270782471 3.5
v -3.809999942779541 6.156042098999023 3.4600000381469727
v 3.8499999046325684 5.758565425872803 -3.4600000381469727
v 3.809999942779541 5.71978759765625 -3.4600000381469727
v 3.809999942779541 5.758565425872803 -3.5
v 3.8499999046325684 5.758565425872803 3.4600000381469727
v 3.809999942779541 5.758565425872803 3.5
v 3.809999942779541 5.71978759765625 3.4600000381469727
v 3.8499999046325684 6.117264270782471 -3.4600000381469727
v 3.809999942779541 6.117264270782471 -3.5
v 3.809999942779541 6.156042098999023 -3.4600000381469727
v 3.8499999046325684 6.117264270782471 3.4600000381469727
v 3.809999942779541 6.156042098999023 3.4600000381469727
v 3.809999942779541 6.117264270782471 3.5
vn -1 0 0
vn -1 0 0
vn -1 0 0
vn -1 0 0
vn -1 0 0
vn -1 0 0
vn 1 0 0
vn 1 0 0
vn 1 0 0
vn 1 0 0
vn 1 0 0
vn 1 0 0
vn 0 -1 0
vn 0 -1 0
vn 0 -1 0
vn 0 -1 0
vn 0 -1 0
vn 0 -1 0
vn 0 1 0
vn 0 1 0
vn 0 1 0
vn 0 1 0
vn 0 1 0
vn 0 1 0
vn 0 0 -1
vn 0 0 -1
vn 0 0 -1
vn 0 0 -1
vn 0 0 -1
vn 0 0 -1
vn 0 0 1
vn 0 0 1
vn 0 0 1
vn 0 0 1
vn 0 0 1
vn 0 0 1
vn -0.6960567397360354 -0.7179867791735728 0
vn -0.6960567397360354 -0.7179867791735728 0
vn -0.6960567397360354 -0.7179867791735728 0
vn -0.6960567397360354 -0.7179867791735728 0
vn -0.6960567397360354 -0.7179867791735728 0
vn -0.6960567397360354 -0.7179867791735728 0
vn -0.6960567397360354 0.7179867791735728 0
vn -0.6960567397360354 0.7179867791735728 0
vn -0.6960567397360354 0.7179867791735728 0
vn -0.6960567397360354 0.7179867791735728 0
vn -0.6960567397360354 0.7179867791735728 0
vn -0.6960567397360354 0.7179867791735728 0
vn 0.6960567397360354 -0.7179867791735728 0
vn 0.6960567397360354 -0.7179867791735728 0
vn 0.6960567397360354 -0.7179867791735728 0
vn 0.6960567397360354 -0.7179867791735728 0
vn 0.6960567397360354 -0.7179867791735728 0
vn 0.6960567397360354 -0.7179867791735728 0
vn 0.6960567397360354 0.7179867791735728 0
vn 0.6960567397360354 0.7179867791735728 0
vn 0.6960567397360354 0.7179867791735728 0
vn 0.6960567397360354 0.7179867791735728 0
vn 0.6960567397360354 0.7179867791735728 0
vn 0.6960567397360354 0.7179867791735728 0
vn -0.7071067811865476 0 -0.7071067811865476
vn -0.7071067811865476 0 -0.7071067811865476
vn -0.7071067811865476 0 -0.7071067811865476
vn -0.7071067811865476 0 -0.7071067811865476
vn -0.7071067811865476 0 -0.7071067811865476
vn -0.7071067811865476 0 -0.7071067811865476
vn -0.7071067811865476 0 0.7071067811865476
vn -0.7071067811865476 0 0.7071067811865476
vn -0.7071067811865476 0 0.7071067811865476
vn -0.7071067811865476 0 0.7071067811865476
vn -0.7071067811865476 0 0.7071067811865476
vn -0.7071067811865476 0 0.7071067811865476
vn 0.7071067811865476 0 -0.7071067811865476
vn 0.7071067811865476 0 -0.7071067811865476
vn 0.7071067811865476 0 -0.7071067811865476
vn 0.7071067811865476 0 -0.7071067811865476
vn 0.7071067811865476 0 -0.7071067811865476
vn 0.7071067811865476 0 -0.7071067811865476
vn 0.7071067811865476 0 0.7071067811865476
vn 0.7071067811865476 0 0.7071067811865476
vn 0.7071067811865476 0 0.7071067811865476
vn 0.7071067811865476 0 0.7071067811865476
vn 0.7071067811865476 0 0.7071067811865476
vn 0.7071067811865476 0 0.7071067811865476
vn 0 -0.7179867791735728 -0.6960567397360354
vn 0 -0.7179867791735728 -0.6960567397360354
vn 0 -0.7179867791735728 -0.6960567397360354
vn 0 -0.7179867791735728 -0.6960567397360354
vn 0 -0.7179867791735728 -0.6960567397360354
vn 0 -0.7179867791735728 -0.6960567397360354
vn 0 -0.7179867791735728 0.6960567397360354
vn 0 -0.7179867791735728 0.6960567397360354
vn 0 -0.7179867791735728 0.6960567397360354
vn 0 -0.7179867791735728 0.6960567397360354
vn 0 -0.7179867791735728 0.6960567397360354
vn 0 -0.7179867791735728 0.6960567397360354
vn 0 0.7179867791735728 -0.6960567397360354
vn 0 0.7179867791735728 -0.6960567397360354
vn 0 0.7179867791735728 -0.6960567397360354
vn 0 0.7179867791735728 -0.6960567397360354
vn 0 0.7179867791735728 -0.6960567397360354
vn 0 0.7179867791735728 -0.6960567397360354
vn 0 0.7179867791735728 0.6960567397360354
vn 0 0.7179867791735728 0.6960567397360354
vn 0 0.7179867791735728 0.6960567397360354
vn 0 0.7179867791735728 0.6960567397360354
vn 0 0.7179867791735728 0.6960567397360354
vn 0 0.7179867791735728 0.6960567397360354
vn -0.5712882341552055 -0.5892872873494339 -0.5712882341552055
vn -0.5712882341552055 -0.5892872873494339 -0.5712882341552055
vn -0.5712882341552055 -0.5892872873494339 -0.5712882341552055
vn -0.5712882341552055 -0.5892872873494339 0.5712882341552055
vn -0.5712882341552055 -0.5892872873494339 0.5712882341552055
vn -0.5712882341552055 -0.5892872873494339 0.5712882341552055
vn -0.5712882341552055 0.5892872873494339 -0.5712882341552055
vn -0.5712882341552055 0.5892872873494339 -0.5712882341552055
vn -0.5712882341552055 0.5892872873494339 -0.5712882341552055
vn -0.5712882341552055 0.5892872873494339 0.5712882341552055
vn -0.5712882341552055 0.5892872873494339 0.5712882341552055
vn -0.5712882341552055 0.5892872873494339 0.5712882341552055
vn 0.5712882341552055 -0.5892872873494339 -0.5712882341552055
vn 0.5712882341552055 -0.5892872873494339 -0.5712882341552055
vn 0.5712882341552055 -0.5892872873494339 -0.5712882341552055
vn 0.5712882341552055 -0.5892872873494339 0.5712882341552055
vn 0.5712882341552055 -0.5892872873494339 0.5712882341552055
vn 0.5712882341552055 -0.5892872873494339 0.5712882341552055
vn 0.5712882341552055 0.5892872873494339 -0.5712882341552055
vn 0.5712882341552055 0.5892872873494339 -0.5712882341552055
vn 0.5712882341552055 0.5892872873494339 -0.5712882341552055
vn 0.5712882341552055 0.5892872873494339 0.5712882341552055
vn 0.5712882341552055 0.5892872873494339 0.5712882341552055
vn 0.5712882341552055 0.5892872873494339 0.5712882341552055
f 265//265 266//266 267//267
f 268//268 269//269 270//270
f 271//271 272//272 273//273
f 274//274 275//275 276//276
f 277//277 278//278 279//279
f 280//280 281//281 282//282
f 283//283 284//284 285//285
f 286//286 287//287 288//288
f 289//289 290//290 291//291
f 292//292 293//293 294//294
f 295//295 296//296 297//297
f 298//298 299//299 300//300
f 301//301 302//302 303//303
f 304//304 305//305 306//306
f 307//307 308//308 309//309
f 310//310 311//311 312//312
f 313//313 314//314 315//315
f 316//316 317//317 318//318
f 319//319 320//320 321//321
f 322//322 323//323 324//324
f 325//325 326//326 327//327
f 328//328 329//329 330//330
f 331//331 332//332 333//333
f 334//334 335//335 336//336
f 337//337 338//338 339//339
f 340//340 341//341 342//342
f 343//343 344//344 345//345
f 346//346 347//347 348//348
f 349//349 350//350 351//351
f 352//352 353//353 354//354
f 355//355 356//356 357//357
f 358//358 359//359 360//360
f 361//361 362//362 363//363
f 364//364 365//365 366//366
f 367//367 368//368 369//369
f 370//370 371//371 372//372
f 373//373 374//374 375//375
f 376//376 377//377 378//378
f 379//379 380//380 381//381
f 382//382 383//383 384//384
f 385//385 386//386 387//387
f 388//388 389//389 390//390
f 391//391 392//392 393//393
f 394//394 395//395 396//396
o roof
usemtl teal
v -3.700000047683716 6.194820404052734 -3.309999942779541
v -3.700000047683716 6.311155319213867 3.309999942779541
v -3.700000047683716 6.311155319213867 -3.309999942779541
v -3.700000047683716 6.194820404052734 -3.309999942779541
v -3.700000047683716 6.194820404052734 3.309999942779541
v -3.700000047683716 6.311155319213867 3.309999942779541
v 3.700000047683716 6.194820404052734 -3.309999942779541
v 3.700000047683716 6.311155319213867 -3.309999942779541
v 3.700000047683716 6.311155319213867 3.309999942779541
v 3.700000047683716 6.194820404052734 -3.309999942779541
v 3.700000047683716 6.311155319213867 3.309999942779541
v 3.700000047683716 6.194820404052734 3.309999942779541
v -3.6600000858306885 6.156042098999023 -3.309999942779541
v 3.6600000858306885 6.156042098999023 -3.309999942779541
v 3.6600000858306885 6.156042098999023 3.309999942779541
v -3.6600000858306885 6.156042098999023 -3.309999942779541
v 3.6600000858306885 6.156042098999023 3.309999942779541
v -3.6600000858306885 6.156042098999023 3.309999942779541
v -3.6600000858306885 6.349933624267578 -3.309999942779541
v 3.6600000858306885 6.349933624267578 3.309999942779541
v 3.6600000858306885 6.349933624267578 -3.309999942779541
v -3.6600000858306885 6.349933624267578 -3.309999942779541
v -3.6600000858306885 6.349933624267578 3.309999942779541
v 3.6600000858306885 6.349933624267578 3.309999942779541
v -3.6600000858306885 6.194820404052734 -3.3499999046325684
v 3.6600000858306885 6.311155319213867 -3.3499999046325684
v 3.6600000858306885 6.194820404052734 -3.3499999046325684
v -3.6600000858306885 6.194820404052734 -3.3499999046325684
v -3.6600000858306885 6.311155319213867 -3.3499999046325684
v 3.6600000858306885 6.311155319213867 -3.3499999046325684
v -3.6600000858306885 6.194820404052734 3.3499999046325684
v 3.6600000858306885 6.194820404052734 3.3499999046325684
v 3.6600000858306885 6.311155319213867 3.3499999046325684
v -3.6600000858306885 6.194820404052734 3.3499999046325684
v 3.6600000858306885 6.311155319213867 3.3499999046325684
v -3.6600000858306885 6.311155319213867 3.3499999046325684
v -3.700000047683716 6.194820404052734 -3.309999942779541
v -3.6600000858306885 6.156042098999023 -3.309999942779541
v -3.6600000858306885 6.156042098999023 3.309999942779541
v -3.700000047683716 6.194820404052734 -3.309999942779541
v -3.6600000858306885 6.156042098999023 3.309999942779541
v -3.700000047683716 6.194820404052734 3.309999942779541
v -3.700000047683716 6.311155319213867 -3.309999942779541
v -3.6600000858306885 6.349933624267578 3.309999942779541
v -3.6600000858306885 6.349933624267578 -3.309999942779541
v -3.700000047683716 6.311155319213867 -3.309999942779541
v -3.700000047683716 6.311155319213867 3.309999942779541
v -3.6600000858306885 6.349933624267578 3.309999942779541
v 3.700000047683716 6.194820404052734 -3.309999942779541
v 3.6600000858306885 6.156042098999023 3.309999942779541
v 3.6600000858306885 6.156042098999023 -3.309999942779541
v 3.700000047683716 6.194820404052734 -3.309999942779541
v 3.700000047683716 6.194820404052734 3.309999942779541
v 3.6600000858306885 6.156042098999023 3.309999942779541
v 3.700000047683716 6.311155319213867 -3.309999942779541
v 3.6600000858306885 6.349933624267578 -3.309999942779541
v 3.6600000858306885 6.349933624267578 3.309999942779541
v 3.700000047683716 6.311155319213867 -3.309999942779541
v 3.6600000858306885 6.349933624267578 3.309999942779541
v 3.700000047683716 6.311155319213867 3.309999942779541
v -3.700000047683716 6.194820404052734 -3.309999942779541
v -3.6600000858306885 6.311155319213867 -3.3499999046325684
v -3.6600000858306885 6.194820404052734 -3.3499999046325684
v -3.700000047683716 6.194820404052734 -3.309999942779541
v -3.700000047683716 6.311155319213867 -3.309999942779541
v -3.6600000858306885 6.311155319213867 -3.3499999046325684
v -3.700000047683716 6.194820404052734 3.309999942779541
v -3.6600000858306885 6.194820404052734 3.3499999046325684
v -3.6600000858306885 6.311155319213867 3.3499999046325684
v -3.700000047683716 6.194820404052734 3.309999942779541
v -3.6600000858306885 6.311155319213867 3.3499999046325684
v -3.700000047683716 6.311155319213867 3.309999942779541
v 3.700000047683716 6.194820404052734 -3.309999942779541
v 3.6600000858306885 6.194820404052734 -3.3499999046325684
v 3.6600000858306885 6.311155319213867 -3.3499999046325684
v 3.700000047683716 6.194820404052734 -3.309999942779541
v 3.6600000858306885 6.311155319213867 -3.3499999046325684
v 3.700000047683716 6.311155319213867 -3.309999942779541
v 3.700000047683716 6.194820404052734 3.309999942779541
v 3.6600000858306885 6.311155319213867 3.3499999046325684
v 3.6600000858306885 6.194820404052734 3.3499999046325684
v 3.700000047683716 6.194820404052734 3.309999942779541
v 3.700000047683716 6.311155319213867 3.309999942779541
v 3.6600000858306885 6.311155319213867 3.3499999046325684
v -3.6600000858306885 6.156042098999023 -3.309999942779541
v -3.6600000858306885 6.194820404052734 -3.3499999046325684
v 3.6600000858306885 6.194820404052734 -3.3499999046325684
v -3.6600000858306885 6.156042098999023 -3.309999942779541
v 3.6600000858306885 6.194820404052734 -3.3499999046325684
v 3.6600000858306885 6.156042098999023 -3.309999942779541
v -3.6600000858306885 6.156042098999023 3.309999942779541
v 3.6600000858306885 6.194820404052734 3.3499999046325684
v -3.6600000858306885 6.194820404052734 3.3499999046325684
v -3.6600000858306885 6.156042098999023 3.309999942779541
v 3.6600000858306885 6.156042098999023 3.309999942779541
v 3.6600000858306885 6.194820404052734 3.3499999046325684
v -3.6600000858306885 6.349933624267578 -3.309999942779541
v 3.6600000858306885 6.311155319213867 -3.3499999046325684
v -3.6600000858306885 6.311155319213867 -3.3499999046325684
v -3.6600000858306885 6.349933624267578 -3.309999942779541
v 3.6600000858306885 6.349933624267578 -3.309999942779541
v 3.6600000858306885 6.311155319213867 -3.3499999046325684
v -3.6600000858306885 6.349933624267578 3.309999942779541
v -3.6600000858306885 6.311155319213867 3.3499999046325684
v 3.6600000858306885 6.311155319213867 3.3499999046325684
v -3.6600000858306885 6.349933624267578 3.309999942779541
v 3.6600000858306885 6.311155319213867 3.3499999046325684
v 3.6600000858306885 6.349933624267578 3.309999942779541
v -3.700000047683716 6.194820404052734 -3.309999942779541
v -3.6600000858306885 6.194820404052734 -3.3499999046325684
v -3.6600000858306885 6.156042098999023 -3.309999942779541
v -3.700000047683716 6.194820404052734 3.309999942779541
v -3.6600000858306885 6.156042098999023 3.309999942779541
v -3.6600000858306885 6.194820404052734 3.3499999046325684
v -3.700000047683716 6.311155319213867 -3.309999942779541
v -3.6600000858306885 6.349933624267578 -3.309999942779541
v -3.6600000858306885 6.311155319213867 -3.3499999046325684
v -3.700000047683716 6.311155319213867 3.309999942779541
v -3.6600000858306885 6.311155319213867 3.3499999046325684
v -3.6600000858306885 6.349933624267578 3.309999942779541
v 3.700000047683716 6.194820404052734 -3.309999942779541
v 3.6600000858306885 6.156042098999023 -3.309999942779541
v 3.6600000858306885 6.194820404052734 -3.3499999046325684
v 3.700000047683716 6.194820404052734 3.309999942779541
v 3.6600000858306885 6.194820404052734 3.3499999046325684
v 3.6600000858306885 6.156042098999023 3.309999942779541
v 3.700000047683716 6.311155319213867 -3.309999942779541
v 3.6600000858306885 6.311155319213867 -3.3499999046325684
v 3.6600000858306885 6.349933624267578 -3.309999942779541
v 3.700000047683716 6.311155319213867 3.309999942779541
v 3.6600000858306885 6.349933624267578 3.309999942779541
v 3.6600000858306885 6.311155319213867 3.3499999046325684
vn -1 0 0
vn -1 0 0
vn -1 0 0
vn -1 0 0
vn -1 0 0
vn -1 0 0
vn 1 0 0
vn 1 0 0
vn 1 0 0
vn 1 0 0
vn 1 0 0
vn 1 0 0
vn 0 -1 0
vn 0 -1 0
vn 0 -1 0
vn 0 -1 0
vn 0 -1 0
vn 0 -1 0
vn 0 1 0
vn 0 1 0
vn 0 1 0
vn 0 1 0
vn 0 1 0
vn 0 1 0
vn 0 0 -1
vn 0 0 -1
vn 0 0 -1
vn 0 0 -1
vn 0 0 -1
vn 0 0 -1
vn 0 0 1
vn 0 0 1
vn 0 0 1
vn 0 0 1
vn 0 0 1
vn 0 0 1
vn -0.6960568309770047 -0.7179866907194379 0
vn -0.6960568309770047 -0.7179866907194379 0
vn -0.6960568309770047 -0.7179866907194379 0
vn -0.6960568309770047 -0.7179866907194379 0
vn -0.6960568309770047 -0.7179866907194379 0
vn -0.6960568309770047 -0.7179866907194379 0
vn -0.6960568309770047 0.7179866907194379 0
vn -0.6960568309770047 0.7179866907194379 0
vn -0.6960568309770047 0.7179866907194379 0
vn -0.6960568309770047 0.7179866907194379 0
vn -0.6960568309770047 0.7179866907194379 0
vn -0.6960568309770047 0.7179866907194379 0
vn 0.6960568309770047 -0.7179866907194379 0
vn 0.6960568309770047 -0.7179866907194379 0
vn 0.6960568309770047 -0.7179866907194379 0
vn 0.6960568309770047 -0.7179866907194379 0
vn 0.6960568309770047 -0.7179866907194379 0
vn 0.6960568309770047 -0.7179866907194379 0
vn 0.6960568309770047 0.7179866907194379 0
vn 0.6960568309770047 0.7179866907194379 0
vn 0.6960568309770047 0.7179866907194379 0
vn 0.6960568309770047 0.7179866907194379 0
vn 0.6960568309770047 0.7179866907194379 0
vn 0.6960568309770047 0.7179866907194379 0
vn -0.7071067811865476 0 -0.7071067811865476
vn -0.7071067811865476 0 -0.7071067811865476
vn -0.7071067811865476 0 -0.7071067811865476
vn -0.7071067811865476 0 -0.7071067811865476
vn -0.7071067811865476 0 -0.7071067811865476
vn -0.7071067811865476 0 -0.7071067811865476
vn -0.7071067811865476 0 0.7071067811865476
vn -0.7071067811865476 0 0.7071067811865476
vn -0.7071067811865476 0 0.7071067811865476
vn -0.7071067811865476 0 0.7071067811865476
vn -0.7071067811865476 0 0.7071067811865476
vn -0.7071067811865476 0 0.7071067811865476
vn 0.7071067811865476 0 -0.7071067811865476
vn 0.7071067811865476 0 -0.7071067811865476
vn 0.7071067811865476 0 -0.7071067811865476
vn 0.7071067811865476 0 -0.7071067811865476
vn 0.7071067811865476 0 -0.7071067811865476
vn 0.7071067811865476 0 -0.7071067811865476
vn 0.7071067811865476 0 0.7071067811865476
vn 0.7071067811865476 0 0.7071067811865476
vn 0.7071067811865476 0 0.7071067811865476
vn 0.7071067811865476 0 0.7071067811865476
vn 0.7071067811865476 0 0.7071067811865476
vn 0.7071067811865476 0 0.7071067811865476
vn 0 -0.7179866907194379 -0.6960568309770047
vn 0 -0.7179866907194379 -0.6960568309770047
vn 0 -0.7179866907194379 -0.6960568309770047
vn 0 -0.7179866907194379 -0.6960568309770047
vn 0 -0.7179866907194379 -0.6960568309770047
vn 0 -0.7179866907194379 -0.6960568309770047
vn 0 -0.7179866907194379 0.6960568309770047
vn 0 -0.7179866907194379 0.6960568309770047
vn 0 -0.7179866907194379 0.6960568309770047
vn 0 -0.7179866907194379 0.6960568309770047
vn 0 -0.7179866907194379 0.6960568309770047
vn 0 -0.7179866907194379 0.6960568309770047
vn 0 0.7179866907194379 -0.6960568309770047
vn 0 0.7179866907194379 -0.6960568309770047
vn 0 0.7179866907194379 -0.6960568309770047
vn 0 0.7179866907194379 -0.6960568309770047
vn 0 0.7179866907194379 -0.6960568309770047
vn 0 0.7179866907194379 -0.6960568309770047
vn 0 0.7179866907194379 0.6960568309770047
vn 0 0.7179866907194379 0.6960568309770047
vn 0 0.7179866907194379 0.6960568309770047
vn 0 0.7179866907194379 0.6960568309770047
vn 0 0.7179866907194379 0.6960568309770047
vn 0 0.7179866907194379 0.6960568309770047
vn -0.571288234768097 -0.5892872283769897 -0.5712882943727425
vn -0.571288234768097 -0.5892872283769897 -0.5712882943727425
vn -0.571288234768097 -0.5892872283769897 -0.5712882943727425
vn -0.571288234768097 -0.5892872283769897 0.5712882943727425
vn -0.571288234768097 -0.5892872283769897 0.5712882943727425
vn -0.571288234768097 -0.5892872283769897 0.5712882943727425
vn -0.571288234768097 0.5892872283769897 -0.5712882943727425
vn -0.571288234768097 0.5892872283769897 -0.5712882943727425
vn -0.571288234768097 0.5892872283769897 -0.5712882943727425
vn -0.571288234768097 0.5892872283769897 0.5712882943727425
vn -0.571288234768097 0.5892872283769897 0.5712882943727425
vn -0.571288234768097 0.5892872283769897 0.5712882943727425
vn 0.571288234768097 -0.5892872283769897 -0.5712882943727425
vn 0.571288234768097 -0.5892872283769897 -0.5712882943727425
vn 0.571288234768097 -0.5892872283769897 -0.5712882943727425
vn 0.571288234768097 -0.5892872283769897 0.5712882943727425
vn 0.571288234768097 -0.5892872283769897 0.5712882943727425
vn 0.571288234768097 -0.5892872283769897 0.5712882943727425
vn 0.571288234768097 0.5892872283769897 -0.5712882943727425
vn 0.571288234768097 0.5892872283769897 -0.5712882943727425
vn 0.571288234768097 0.5892872283769897 -0.5712882943727425
vn 0.571288234768097 0.5892872283769897 0.5712882943727425
vn 0.571288234768097 0.5892872283769897 0.5712882943727425
vn 0.571288234768097 0.5892872283769897 0.5712882943727425
f 397//397 398//398 399//399
f 400//400 401//401 402//402
f 403//403 404//404 405//405
f 406//406 407//407 408//408
f 409//409 410//410 411//411
f 412//412 413//413 414//414
f 415//415 416//416 417//417
f 418//418 419//419 420//420
f 421//421 422//422 423//423
f 424//424 425//425 426//426
f 427//427 428//428 429//429
f 430//430 431//431 432//432
f 433//433 434//434 435//435
f 436//436 437//437 438//438
f 439//439 440//440 441//441
f 442//442 443//443 444//444
f 445//445 446//446 447//447
f 448//448 449//449 450//450
f 451//451 452//452 453//453
f 454//454 455//455 456//456
f 457//457 458//458 459//459
f 460//460 461//461 462//462
f 463//463 464//464 465//465
f 466//466 467//467 468//468
f 469//469 470//470 471//471
f 472//472 473//473 474//474
f 475//475 476//476 477//477
f 478//478 479//479 480//480
f 481//481 482//482 483//483
f 484//484 485//485 486//486
f 487//487 488//488 489//489
f 490//490 491//491 492//492
f 493//493 494//494 495//495
f 496//496 497//497 498//498
f 499//499 500//500 501//501
f 502//502 503//503 504//504
f 505//505 506//506 507//507
f 508//508 509//509 510//510
f 511//511 512//512 513//513
f 514//514 515//515 516//516
f 517//517 518//518 519//519
f 520//520 521//521 522//522
f 523//523 524//524 525//525
f 526//526 527//527 528//528
o win_a_zp_0
usemtl glass
v -2.3315000534057617 2.011620283126831 3.424999952316284
v -2.3315000534057617 2.011620283126831 3.3450000286102295
v -2.3315000534057617 0.9936918616294861 3.424999952316284
v -2.3315000534057617 0.9936918616294861 3.3450000286102295
v -3.18149995803833 2.011620283126831 3.3450000286102295
v -3.18149995803833 2.011620283126831 3.424999952316284
v -3.18149995803833 0.9936918616294861 3.3450000286102295
v -3.18149995803833 0.9936918616294861 3.424999952316284
v -3.18149995803833 2.011620283126831 3.3450000286102295
v -2.3315000534057617 2.011620283126831 3.3450000286102295
v -3.18149995803833 2.011620283126831 3.424999952316284
v -2.3315000534057617 2.011620283126831 3.424999952316284
v -3.18149995803833 0.9936918616294861 3.424999952316284
v -2.3315000534057617 0.9936918616294861 3.424999952316284
v -3.18149995803833 0.9936918616294861 3.3450000286102295
v -2.3315000534057617 0.9936918616294861 3.3450000286102295
v -3.18149995803833 2.011620283126831 3.424999952316284
v -2.3315000534057617 2.011620283126831 3.424999952316284
v -3.18149995803833 0.9936918616294861 3.424999952316284
v -2.3315000534057617 0.9936918616294861 3.424999952316284
v -2.3315000534057617 2.011620283126831 3.3450000286102295
v -3.18149995803833 2.011620283126831 3.3450000286102295
v -2.3315000534057617 0.9936918616294861 3.3450000286102295
v -3.18149995803833 0.9936918616294861 3.3450000286102295
vt 0 1
vt 1 1
vt 0 0
vt 1 0
vt 0 1
vt 1 1
vt 0 0
vt 1 0
vt 0 1
vt 1 1
vt 0 0
vt 1 0
vt 0 1
vt 1 1
vt 0 0
vt 1 0
vt 0 1
vt 1 1
vt 0 0
vt 1 0
vt 0 1
vt 1 1
vt 0 0
vt 1 0
vn 1 0 0
vn 1 0 0
vn 1 0 0
vn 1 0 0
vn -1 0 0
vn -1 0 0
vn -1 0 0
vn -1 0 0
vn 0 1 0
vn 0 1 0
vn 0 1 0
vn 0 1 0
vn 0 -1 0
vn 0 -1 0
vn 0 -1 0
vn 0 -1 0
vn 0 0 1
vn 0 0 1
vn 0 0 1
vn 0 0 1
vn 0 0 -1
vn 0 0 -1
vn 0 0 -1
vn 0 0 -1
f 529/1/529 531/3/531 530/2/530
f 531/3/531 532/4/532 530/2/530
f 533/5/533 535/7/535 534/6/534
f 535/7/535 536/8/536 534/6/534
f 537/9/537 539/11/539 538/10/538
f 539/11/539 540/12/540 538/10/538
f 541/13/541 543/15/543 542/14/542
f 543/15/543 544/16/544 542/14/542
f 545/17/545 547/19/547 546/18/546
f 547/19/547 548/20/548 546/18/546
f 549/21/549 551/23/551 550/22/550
f 551/23/551 552/24/552 550/22/550
o win_a_zm_0
usemtl glass
v -2.3315000534057617 2.011620283126831 -3.3450000286102295
v -2.3315000534057617 2.011620283126831 -3.424999952316284
v -2.3315000534057617 0.9936918616294861 -3.3450000286102295
v -2.3315000534057617 0.9936918616294861 -3.424999952316284
v -3.18149995803833 2.011620283126831 -3.424999952316284
v -3.18149995803833 2.011620283126831 -3.3450000286102295
v -3.18149995803833 0.9936918616294861 -3.424999952316284
v -3.18149995803833 0.9936918616294861 -3.3450000286102295
v -3.18149995803833 2.011620283126831 -3.424999952316284
v -2.3315000534057617 2.011620283126831 -3.424999952316284
v -3.18149995803833 2.011620283126831 -3.3450000286102295
v -2.3315000534057617 2.011620283126831 -3.3450000286102295
v -3.18149995803833 0.9936918616294861 -3.3450000286102295
v -2.3315000534057617 0.9936918616294861 -3.3450000286102295
v -3.18149995803833 0.9936918616294861 -3.424999952316284
v -2.3315000534057617 0.9936918616294861 -3.424999952316284
v -3.18149995803833 2.011620283126831 -3.3450000286102295
v -2.3315000534057617 2.011620283126831 -3.3450000286102295
v -3.18149995803833 0.9936918616294861 -3.3450000286102295
v -2.3315000534057617 0.9936918616294861 -3.3450000286102295
v -2.3315000534057617 2.011620283126831 -3.424999952316284
v -3.18149995803833 2.011620283126831 -3.424999952316284
v -2.3315000534057617 0.9936918616294861 -3.424999952316284
v -3.18149995803833 0.9936918616294861 -3.424999952316284
vt 0 1
vt 1 1
vt 0 0
vt 1 0
vt 0 1
vt 1 1
vt 0 0
vt 1 0
vt 0 1
vt 1 1
vt 0 0
vt 1 0
vt 0 1
vt 1 1
vt 0 0
vt 1 0
vt 0 1
vt 1 1
vt 0 0
vt 1 0
vt 0 1
vt 1 1
vt 0 0
vt 1 0
vn 1 0 0
vn 1 0 0
vn 1 0 0
vn 1 0 0
vn -1 0 0
vn -1 0 0
vn -1 0 0
vn -1 0 0
vn 0 1 0
vn 0 1 0
vn 0 1 0
vn 0 1 0
vn 0 -1 0
vn 0 -1 0
vn 0 -1 0
vn 0 -1 0
vn 0 0 1
vn 0 0 1
vn 0 0 1
vn 0 0 1
vn 0 0 -1
vn 0 0 -1
vn 0 0 -1
vn 0 0 -1
f 553/25/553 555/27/555 554/26/554
f 555/27/555 556/28/556 554/26/554
f 557/29/557 559/31/559 558/30/558
f 559/31/559 560/32/560 558/30/558
f 561/33/561 563/35/563 562/34/562
f 563/35/563 564/36/564 562/34/562
f 565/37/565 567/39/567 566/38/566
f 567/39/567 568/40/568 566/38/566
f 569/41/569 571/43/571 570/42/570
f 571/43/571 572/44/572 570/42/570
f 573/45/573 575/47/575 574/46/574
f 575/47/575 576/48/576 574/46/574
o win_a_zp_1
usemtl glass
v -0.953249990940094 2.011620283126831 3.424999952316284
v -0.953249990940094 2.011620283126831 3.3450000286102295
v -0.953249990940094 0.9936918616294861 3.424999952316284
v -0.953249990940094 0.9936918616294861 3.3450000286102295
v -1.8032499551773071 2.011620283126831 3.3450000286102295
v -1.8032499551773071 2.011620283126831 3.424999952316284
v -1.8032499551773071 0.9936918616294861 3.3450000286102295
v -1.8032499551773071 0.9936918616294861 3.424999952316284
v -1.8032499551773071 2.011620283126831 3.3450000286102295
v -0.953249990940094 2.011620283126831 3.3450000286102295
v -1.8032499551773071 2.011620283126831 3.424999952316284
v -0.953249990940094 2.011620283126831 3.424999952316284
v -1.8032499551773071 0.9936918616294861 3.424999952316284
v -0.953249990940094 0.9936918616294861 3.424999952316284
v -1.8032499551773071 0.9936918616294861 3.3450000286102295
v -0.953249990940094 0.9936918616294861 3.3450000286102295
v -1.8032499551773071 2.011620283126831 3.424999952316284
v -0.953249990940094 2.011620283126831 3.424999952316284
v -1.8032499551773071 0.9936918616294861 3.424999952316284
v -0.953249990940094 0.9936918616294861 3.424999952316284
v -0.953249990940094 2.011620283126831 3.3450000286102295
v -1.8032499551773071 2.011620283126831 3.3450000286102295
v -0.953249990940094 0.9936918616294861 3.3450000286102295
v -1.8032499551773071 0.9936918616294861 3.3450000286102295
vt 0 1
vt 1 1
vt 0 0
vt 1 0
vt 0 1
vt 1 1
vt 0 0
vt 1 0
vt 0 1
vt 1 1
vt 0 0
vt 1 0
vt 0 1
vt 1 1
vt 0 0
vt 1 0
vt 0 1
vt 1 1
vt 0 0
vt 1 0
vt 0 1
vt 1 1
vt 0 0
vt 1 0
vn 1 0 0
vn 1 0 0
vn 1 0 0
vn 1 0 0
vn -1 0 0
vn -1 0 0
vn -1 0 0
vn -1 0 0
vn 0 1 0
vn 0 1 0
vn 0 1 0
vn 0 1 0
vn 0 -1 0
vn 0 -1 0
vn 0 -1 0
vn 0 -1 0
vn 0 0 1
vn 0 0 1
vn 0 0 1
vn 0 0 1
vn 0 0 -1
vn 0 0 -1
vn 0 0 -1
vn 0 0 -1
f 577/49/577 579/51/579 578/50/578
f 579/51/579 580/52/580 578/50/578
f 581/53/581 583/55/583 582/54/582
f 583/55/583 584/56/584 582/54/582
f 585/57/585 587/59/587 586/58/586
f 587/59/587 588/60/588 586/58/586
f 589/61/589 591/63/591 590/62/590
f 591/63/591 592/64/592 590/62/590
f 593/65/593 595/67/595 594/66/594
f 595/67/595 596/68/596 594/66/594
f 597/69/597 599/71/599 598/70/598
f 599/71/599 600/72/600 598/70/598
o win_a_zm_1
usemtl glass
v -0.953249990940094 2.011620283126831 -3.3450000286102295
v -0.953249990940094 2.011620283126831 -3.424999952316284
v -0.953249990940094 0.9936918616294861 -3.3450000286102295
v -0.953249990940094 0.9936918616294861 -3.424999952316284
v -1.8032499551773071 2.011620283126831 -3.424999952316284
v -1.8032499551773071 2.011620283126831 -3.3450000286102295
v -1.8032499551773071 0.9936918616294861 -3.424999952316284
v -1.8032499551773071 0.9936918616294861 -3.3450000286102295
v -1.8032499551773071 2.011620283126831 -3.424999952316284
v -0.953249990940094 2.011620283126831 -3.424999952316284
v -1.8032499551773071 2.011620283126831 -3.3450000286102295
v -0.953249990940094 2.011620283126831 -3.3450000286102295
v -1.8032499551773071 0.9936918616294861 -3.3450000286102295
v -0.953249990940094 0.9936918616294861 -3.3450000286102295
v -1.8032499551773071 0.9936918616294861 -3.424999952316284
v -0.953249990940094 0.9936918616294861 -3.424999952316284
v -1.8032499551773071 2.011620283126831 -3.3450000286102295
v -0.953249990940094 2.011620283126831 -3.3450000286102295
v -1.8032499551773071 0.9936918616294861 -3.3450000286102295
v -0.953249990940094 0.9936918616294861 -3.3450000286102295
v -0.953249990940094 2.011620283126831 -3.424999952316284
v -1.8032499551773071 2.011620283126831 -3.424999952316284
v -0.953249990940094 0.9936918616294861 -3.424999952316284
v -1.8032499551773071 0.9936918616294861 -3.424999952316284
vt 0 1
vt 1 1
vt 0 0
vt 1 0
vt 0 1
vt 1 1
vt 0 0
vt 1 0
vt 0 1
vt 1 1
vt 0 0
vt 1 0
vt 0 1
vt 1 1
vt 0 0
vt 1 0
vt 0 1
vt 1 1
vt 0 0
vt 1 0
vt 0 1
vt 1 1
vt 0 0
vt 1 0
vn 1 0 0
vn 1 0 0
vn 1 0 0
vn 1 0 0
vn -1 0 0
vn -1 0 0
vn -1 0 0
vn -1 0 0
vn 0 1 0
vn 0 1 0
vn 0 1 0
vn 0 1 0
vn 0 -1 0
vn 0 -1 0
vn 0 -1 0
vn 0 -1 0
vn 0 0 1
vn 0 0 1
vn 0 0 1
vn 0 0 1
vn 0 0 -1
vn 0 0 -1
vn 0 0 -1
vn 0 0 -1
f 601/73/601 603/75/603 602/74/602
f 603/75/603 604/76/604 602/74/602
f 605/77/605 607/79/607 606/78/606
f 607/79/607 608/80/608 606/78/606
f 609/81/609 611/83/611 610/82/610
f 611/83/611 612/84/612 610/82/610
f 613/85/613 615/87/615 614/86/614
f 615/87/615 616/88/616 614/86/614
f 617/89/617 619/91/619 618/90/618
f 619/91/619 620/92/620 618/90/618
f 621/93/621 623/95/623 622/94/622
f 623/95/623 624/96/624 622/94/622
o win_a_zp_2
usemtl glass
v 0.42500001192092896 2.011620283126831 3.424999952316284
v 0.42500001192092896 2.011620283126831 3.3450000286102295
v 0.42500001192092896 0.9936918616294861 3.424999952316284
v 0.42500001192092896 0.9936918616294861 3.3450000286102295
v -0.42500001192092896 2.011620283126831 3.3450000286102295
v -0.42500001192092896 2.011620283126831 3.424999952316284
v -0.42500001192092896 0.9936918616294861 3.3450000286102295
v -0.42500001192092896 0.9936918616294861 3.424999952316284
v -0.42500001192092896 2.011620283126831 3.3450000286102295
v 0.42500001192092896 2.011620283126831 3.3450000286102295
v -0.42500001192092896 2.011620283126831 3.424999952316284
v 0.42500001192092896 2.011620283126831 3.424999952316284
v -0.42500001192092896 0.9936918616294861 3.424999952316284
v 0.42500001192092896 0.9936918616294861 3.424999952316284
v -0.42500001192092896 0.9936918616294861 3.3450000286102295
v 0.42500001192092896 0.9936918616294861 3.3450000286102295
v -0.42500001192092896 2.011620283126831 3.424999952316284
v 0.42500001192092896 2.011620283126831 3.424999952316284
v -0.42500001192092896 0.9936918616294861 3.424999952316284
v 0.42500001192092896 0.9936918616294861 3.424999952316284
v 0.42500001192092896 2.011620283126831 3.3450000286102295
v -0.42500001192092896 2.011620283126831 3.3450000286102295
v 0.42500001192092896 0.9936918616294861 3.3450000286102295
v -0.42500001192092896 0.9936918616294861 3.3450000286102295
vt 0 1
vt 1 1
vt 0 0
vt 1 0
vt 0 1
vt 1 1
vt 0 0
vt 1 0
vt 0 1
vt 1 1
vt 0 0
vt 1 0
vt 0 1
vt 1 1
vt 0 0
vt 1 0
vt 0 1
vt 1 1
vt 0 0
vt 1 0
vt 0 1
vt 1 1
vt 0 0
vt 1 0
vn 1 0 0
vn 1 0 0
vn 1 0 0
vn 1 0 0
vn -1 0 0
vn -1 0 0
vn -1 0 0
vn -1 0 0
vn 0 1 0
vn 0 1 0
vn 0 1 0
vn 0 1 0
vn 0 -1 0
vn 0 -1 0
vn 0 -1 0
vn 0 -1 0
vn 0 0 1
vn 0 0 1
vn 0 0 1
vn 0 0 1
vn 0 0 -1
vn 0 0 -1
vn 0 0 -1
vn 0 0 -1
f 625/97/625 627/99/627 626/98/626
f 627/99/627 628/100/628 626/98/626
f 629/101/629 631/103/631 630/102/630
f 631/103/631 632/104/632 630/102/630
f 633/105/633 635/107/635 634/106/634
f 635/107/635 636/108/636 634/106/634
f 637/109/637 639/111/639 638/110/638
f 639/111/639 640/112/640 638/110/638
f 641/113/641 643/115/643 642/114/642
f 643/115/643 644/116/644 642/114/642
f 645/117/645 647/119/647 646/118/646
f 647/119/647 648/120/648 646/118/646
o win_a_zm_2
usemtl glass
v 0.42500001192092896 2.011620283126831 -3.3450000286102295
v 0.42500001192092896 2.011620283126831 -3.424999952316284
v 0.42500001192092896 0.9936918616294861 -3.3450000286102295
v 0.42500001192092896 0.9936918616294861 -3.424999952316284
v -0.42500001192092896 2.011620283126831 -3.424999952316284
v -0.42500001192092896 2.011620283126831 -3.3450000286102295
v -0.42500001192092896 0.9936918616294861 -3.424999952316284
v -0.42500001192092896 0.9936918616294861 -3.3450000286102295
v -0.42500001192092896 2.011620283126831 -3.424999952316284
v 0.42500001192092896 2.011620283126831 -3.424999952316284
v -0.42500001192092896 2.011620283126831 -3.3450000286102295
v 0.42500001192092896 2.011620283126831 -3.3450000286102295
v -0.42500001192092896 0.9936918616294861 -3.3450000286102295
v 0.42500001192092896 0.9936918616294861 -3.3450000286102295
v -0.42500001192092896 0.9936918616294861 -3.424999952316284
v 0.42500001192092896 0.9936918616294861 -3.424999952316284
v -0.42500001192092896 2.011620283126831 -3.3450000286102295
v 0.42500001192092896 2.011620283126831 -3.3450000286102295
v -0.42500001192092896 0.9936918616294861 -3.3450000286102295
v 0.42500001192092896 0.9936918616294861 -3.3450000286102295
v 0.42500001192092896 2.011620283126831 -3.424999952316284
v -0.42500001192092896 2.011620283126831 -3.424999952316284
v 0.42500001192092896 0.9936918616294861 -3.424999952316284
v -0.42500001192092896 0.9936918616294861 -3.424999952316284
vt 0 1
vt 1 1
vt 0 0
vt 1 0
vt 0 1
vt 1 1
vt 0 0
vt 1 0
vt 0 1
vt 1 1
vt 0 0
vt 1 0
vt 0 1
vt 1 1
vt 0 0
vt 1 0
vt 0 1
vt 1 1
vt 0 0
vt 1 0
vt 0 1
vt 1 1
vt 0 0
vt 1 0
vn 1 0 0
vn 1 0 0
vn 1 0 0
vn 1 0 0
vn -1 0 0
vn -1 0 0
vn -1 0 0
vn -1 0 0
vn 0 1 0
vn 0 1 0
vn 0 1 0
vn 0 1 0
vn 0 -1 0
vn 0 -1 0
vn 0 -1 0
vn 0 -1 0
vn 0 0 1
vn 0 0 1
vn 0 0 1
vn 0 0 1
vn 0 0 -1
vn 0 0 -1
vn 0 0 -1
vn 0 0 -1
f 649/121/649 651/123/651 650/122/650
f 651/123/651 652/124/652 650/122/650
f 653/125/653 655/127/655 654/126/654
f 655/127/655 656/128/656 654/126/654
f 657/129/657 659/131/659 658/130/658
f 659/131/659 660/132/660 658/130/658
f 661/133/661 663/135/663 662/134/662
f 663/135/663 664/136/664 662/134/662
f 665/137/665 667/139/667 666/138/666
f 667/139/667 668/140/668 666/138/666
f 669/141/669 671/143/671 670/142/670
f 671/143/671 672/144/672 670/142/670
o win_a_zp_3
usemtl glass
v 1.8032499551773071 2.011620283126831 3.424999952316284
v 1.8032499551773071 2.011620283126831 3.3450000286102295
v 1.8032499551773071 0.9936918616294861 3.424999952316284
v 1.8032499551773071 0.9936918616294861 3.3450000286102295
v 0.953249990940094 2.011620283126831 3.3450000286102295
v 0.953249990940094 2.011620283126831 3.424999952316284
v 0.953249990940094 0.9936918616294861 3.3450000286102295
v 0.953249990940094 0.9936918616294861 3.424999952316284
v 0.953249990940094 2.011620283126831 3.3450000286102295
v 1.8032499551773071 2.011620283126831 3.3450000286102295
v 0.953249990940094 2.011620283126831 3.424999952316284
v 1.8032499551773071 2.011620283126831 3.424999952316284
v 0.953249990940094 0.9936918616294861 3.424999952316284
v 1.8032499551773071 0.9936918616294861 3.424999952316284
v 0.953249990940094 0.9936918616294861 3.3450000286102295
v 1.8032499551773071 0.9936918616294861 3.3450000286102295
v 0.953249990940094 2.011620283126831 3.424999952316284
v 1.8032499551773071 2.011620283126831 3.424999952316284
v 0.953249990940094 0.9936918616294861 3.424999952316284
v 1.8032499551773071 0.9936918616294861 3.424999952316284
v 1.8032499551773071 2.011620283126831 3.3450000286102295
v 0.953249990940094 2.011620283126831 3.3450000286102295
v 1.8032499551773071 0.9936918616294861 3.3450000286102295
v 0.953249990940094 0.9936918616294861 3.3450000286102295
vt 0 1
vt 1 1
vt 0 0
vt 1 0
vt 0 1
vt 1 1
vt 0 0
vt 1 0
vt 0 1
vt 1 1
vt 0 0
vt 1 0
vt 0 1
vt 1 1
vt 0 0
vt 1 0
vt 0 1
vt 1 1
vt 0 0
vt 1 0
vt 0 1
vt 1 1
vt 0 0
vt 1 0
vn 1 0 0
vn 1 0 0
vn 1 0 0
vn 1 0 0
vn -1 0 0
vn -1 0 0
vn -1 0 0
vn -1 0 0
vn 0 1 0
vn 0 1 0
vn 0 1 0
vn 0 1 0
vn 0 -1 0
vn 0 -1 0
vn 0 -1 0
vn 0 -1 0
vn 0 0 1
vn 0 0 1
vn 0 0 1
vn 0 0 1
vn 0 0 -1
vn 0 0 -1
vn 0 0 -1
vn 0 0 -1
f 673/145/673 675/147/675 674/146/674
f 675/147/675 676/148/676 674/146/674
f 677/149/677 679/151/679 678/150/678
f 679/151/679 680/152/680 678/150/678
f 681/153/681 683/155/683 682/154/682
f 683/155/683 684/156/684 682/154/682
f 685/157/685 687/159/687 686/158/686
f 687/159/687 688/160/688 686/158/686
f 689/161/689 691/163/691 690/162/690
f 691/163/691 692/164/692 690/162/690
f 693/165/693 695/167/695 694/166/694
f 695/167/695 696/168/696 694/166/694
o win_a_zm_3
usemtl glass
v 1.8032499551773071 2.011620283126831 -3.3450000286102295
v 1.8032499551773071 2.011620283126831 -3.424999952316284
v 1.8032499551773071 0.9936918616294861 -3.3450000286102295
v 1.8032499551773071 0.9936918616294861 -3.424999952316284
v 0.953249990940094 2.011620283126831 -3.424999952316284
v 0.953249990940094 2.011620283126831 -3.3450000286102295
v 0.953249990940094 0.9936918616294861 -3.424999952316284
v 0.953249990940094 0.9936918616294861 -3.3450000286102295
v 0.953249990940094 2.011620283126831 -3.424999952316284
v 1.8032499551773071 2.011620283126831 -3.424999952316284
v 0.953249990940094 2.011620283126831 -3.3450000286102295
v 1.8032499551773071 2.011620283126831 -3.3450000286102295
v 0.953249990940094 0.9936918616294861 -3.3450000286102295
v 1.8032499551773071 0.9936918616294861 -3.3450000286102295
v 0.953249990940094 0.9936918616294861 -3.424999952316284
v 1.8032499551773071 0.9936918616294861 -3.424999952316284
v 0.953249990940094 2.011620283126831 -3.3450000286102295
v 1.8032499551773071 2.011620283126831 -3.3450000286102295
v 0.953249990940094 0.9936918616294861 -3.3450000286102295
v 1.8032499551773071 0.9936918616294861 -3.3450000286102295
v 1.8032499551773071 2.011620283126831 -3.424999952316284
v 0.953249990940094 2.011620283126831 -3.424999952316284
v 1.8032499551773071 0.9936918616294861 -3.424999952316284
v 0.953249990940094 0.9936918616294861 -3.424999952316284
vt 0 1
vt 1 1
vt 0 0
vt 1 0
vt 0 1
vt 1 1
vt 0 0
vt 1 0
vt 0 1
vt 1 1
vt 0 0
vt 1 0
vt 0 1
vt 1 1
vt 0 0
vt 1 0
vt 0 1
vt 1 1
vt 0 0
vt 1 0
vt 0 1
vt 1 1
vt 0 0
vt 1 0
vn 1 0 0
vn 1 0 0
vn 1 0 0
vn 1 0 0
vn -1 0 0
vn -1 0 0
vn -1 0 0
vn -1 0 0
vn 0 1 0
vn 0 1 0
vn 0 1 0
vn 0 1 0
vn 0 -1 0
vn 0 -1 0
vn 0 -1 0
vn 0 -1 0
vn 0 0 1
vn 0 0 1
vn 0 0 1
vn 0 0 1
vn 0 0 -1
vn 0 0 -1
vn 0 0 -1
vn 0 0 -1
f 697/169/697 699/171/699 698/170/698
f 699/171/699 700/172/700 698/170/698
f 701/173/701 703/175/703 702/174/702
f 703/175/703 704/176/704 702/174/702
f 705/177/705 707/179/707 706/178/706
f 707/179/707 708/180/708 706/178/706
f 709/181/709 711/183/711 710/182/710
f 711/183/711 712/184/712 710/182/710
f 713/185/713 715/187/715 714/186/714
f 715/187/715 716/188/716 714/186/714
f 717/189/717 719/191/719 718/190/718
f 719/191/719 720/192/720 718/190/718
o win_a_zp_4
usemtl glass
v 3.18149995803833 2.011620283126831 3.424999952316284
v 3.18149995803833 2.011620283126831 3.3450000286102295
v 3.18149995803833 0.9936918616294861 3.424999952316284
v 3.18149995803833 0.9936918616294861 3.3450000286102295
v 2.3315000534057617 2.011620283126831 3.3450000286102295
v 2.3315000534057617 2.011620283126831 3.424999952316284
v 2.3315000534057617 0.9936918616294861 3.3450000286102295
v 2.3315000534057617 0.9936918616294861 3.424999952316284
v 2.3315000534057617 2.011620283126831 3.3450000286102295
v 3.18149995803833 2.011620283126831 3.3450000286102295
v 2.3315000534057617 2.011620283126831 3.424999952316284
v 3.18149995803833 2.011620283126831 3.424999952316284
v 2.3315000534057617 0.9936918616294861 3.424999952316284
v 3.18149995803833 0.9936918616294861 3.424999952316284
v 2.3315000534057617 0.9936918616294861 3.3450000286102295
v 3.18149995803833 0.9936918616294861 3.3450000286102295
v 2.3315000534057617 2.011620283126831 3.424999952316284
v 3.18149995803833 2.011620283126831 3.424999952316284
v 2.3315000534057617 0.9936918616294861 3.424999952316284
v 3.18149995803833 0.9936918616294861 3.424999952316284
v 3.18149995803833 2.011620283126831 3.3450000286102295
v 2.3315000534057617 2.011620283126831 3.3450000286102295
v 3.18149995803833 0.9936918616294861 3.3450000286102295
v 2.3315000534057617 0.9936918616294861 3.3450000286102295
vt 0 1
vt 1 1
vt 0 0
vt 1 0
vt 0 1
vt 1 1
vt 0 0
vt 1 0
vt 0 1
vt 1 1
vt 0 0
vt 1 0
vt 0 1
vt 1 1
vt 0 0
vt 1 0
vt 0 1
vt 1 1
vt 0 0
vt 1 0
vt 0 1
vt 1 1
vt 0 0
vt 1 0
vn 1 0 0
vn 1 0 0
vn 1 0 0
vn 1 0 0
vn -1 0 0
vn -1 0 0
vn -1 0 0
vn -1 0 0
vn 0 1 0
vn 0 1 0
vn 0 1 0
vn 0 1 0
vn 0 -1 0
vn 0 -1 0
vn 0 -1 0
vn 0 -1 0
vn 0 0 1
vn 0 0 1
vn 0 0 1
vn 0 0 1
vn 0 0 -1
vn 0 0 -1
vn 0 0 -1
vn 0 0 -1
f 721/193/721 723/195/723 722/194/722
f 723/195/723 724/196/724 722/194/722
f 725/197/725 727/199/727 726/198/726
f 727/199/727 728/200/728 726/198/726
f 729/201/729 731/203/731 730/202/730
f 731/203/731 732/204/732 730/202/730
f 733/205/733 735/207/735 734/206/734
f 735/207/735 736/208/736 734/206/734
f 737/209/737 739/211/739 738/210/738
f 739/211/739 740/212/740 738/210/738
f 741/213/741 743/215/743 742/214/742
f 743/215/743 744/216/744 742/214/742
o win_a_zm_4
usemtl glass
v 3.18149995803833 2.011620283126831 -3.3450000286102295
v 3.18149995803833 2.011620283126831 -3.424999952316284
v 3.18149995803833 0.9936918616294861 -3.3450000286102295
v 3.18149995803833 0.9936918616294861 -3.424999952316284
v 2.3315000534057617 2.011620283126831 -3.424999952316284
v 2.3315000534057617 2.011620283126831 -3.3450000286102295
v 2.3315000534057617 0.9936918616294861 -3.424999952316284
v 2.3315000534057617 0.9936918616294861 -3.3450000286102295
v 2.3315000534057617 2.011620283126831 -3.424999952316284
v 3.18149995803833 2.011620283126831 -3.424999952316284
v 2.3315000534057617 2.011620283126831 -3.3450000286102295
v 3.18149995803833 2.011620283126831 -3.3450000286102295
v 2.3315000534057617 0.9936918616294861 -3.3450000286102295
v 3.18149995803833 0.9936918616294861 -3.3450000286102295
v 2.3315000534057617 0.9936918616294861 -3.424999952316284
v 3.18149995803833 0.9936918616294861 -3.424999952316284
v 2.3315000534057617 2.011620283126831 -3.3450000286102295
v 3.18149995803833 2.011620283126831 -3.3450000286102295
v 2.3315000534057617 0.9936918616294861 -3.3450000286102295
v 3.18149995803833 0.9936918616294861 -3.3450000286102295
v 3.18149995803833 2.011620283126831 -3.424999952316284
v 2.3315000534057617 2.011620283126831 -3.424999952316284
v 3.18149995803833 0.9936918616294861 -3.424999952316284
v 2.3315000534057617 0.9936918616294861 -3.424999952316284
vt 0 1
vt 1 1
vt 0 0
vt 1 0
vt 0 1
vt 1 1
vt 0 0
vt 1 0
vt 0 1
vt 1 1
vt 0 0
vt 1 0
vt 0 1
vt 1 1
vt 0 0
vt 1 0
vt 0 1
vt 1 1
vt 0 0
vt 1 0
vt 0 1
vt 1 1
vt 0 0
vt 1 0
vn 1 0 0
vn 1 0 0
vn 1 0 0
vn 1 0 0
vn -1 0 0
vn -1 0 0
vn -1 0 0
vn -1 0 0
vn 0 1 0
vn 0 1 0
vn 0 1 0
vn 0 1 0
vn 0 -1 0
vn 0 -1 0
vn 0 -1 0
vn 0 -1 0
vn 0 0 1
vn 0 0 1
vn 0 0 1
vn 0 0 1
vn 0 0 -1
vn 0 0 -1
vn 0 0 -1
vn 0 0 -1
f 745/217/745 747/219/747 746/218/746
f 747/219/747 748/220/748 746/218/746
f 749/221/749 751/223/751 750/222/750
f 751/223/751 752/224/752 750/222/750
f 753/225/753 755/227/755 754/226/754
f 755/227/755 756/228/756 754/226/754
f 757/229/757 759/231/759 758/230/758
f 759/231/759 760/232/760 758/230/758
f 761/233/761 763/235/763 762/234/762
f 763/235/763 764/236/764 762/234/762
f 765/237/765 767/239/767 766/238/766
f 767/239/767 768/240/768 766/238/766
o win_a_xp_0
usemtl glass
v 3.7750000953674316 2.011620283126831 -2.072499990463257
v 3.7750000953674316 2.011620283126831 -2.922499895095825
v 3.7750000953674316 0.9936918616294861 -2.072499990463257
v 3.7750000953674316 0.9936918616294861 -2.922499895095825
v 3.694999933242798 2.011620283126831 -2.922499895095825
v 3.694999933242798 2.011620283126831 -2.072499990463257
v 3.694999933242798 0.9936918616294861 -2.922499895095825
v 3.694999933242798 0.9936918616294861 -2.072499990463257
v 3.694999933242798 2.011620283126831 -2.922499895095825
v 3.7750000953674316 2.011620283126831 -2.922499895095825
v 3.694999933242798 2.011620283126831 -2.072499990463257
v 3.7750000953674316 2.011620283126831 -2.072499990463257
v 3.694999933242798 0.9936918616294861 -2.072499990463257
v 3.7750000953674316 0.9936918616294861 -2.072499990463257
v 3.694999933242798 0.9936918616294861 -2.922499895095825
v 3.7750000953674316 0.9936918616294861 -2.922499895095825
v 3.694999933242798 2.011620283126831 -2.072499990463257
v 3.7750000953674316 2.011620283126831 -2.072499990463257
v 3.694999933242798 0.9936918616294861 -2.072499990463257
v 3.7750000953674316 0.9936918616294861 -2.072499990463257
v 3.7750000953674316 2.011620283126831 -2.922499895095825
v 3.694999933242798 2.011620283126831 -2.922499895095825
v 3.7750000953674316 0.9936918616294861 -2.922499895095825
v 3.694999933242798 0.9936918616294861 -2.922499895095825
vt 0 1
vt 1 1
vt 0 0
vt 1 0
vt 0 1
vt 1 1
vt 0 0
vt 1 0
vt 0 1
vt 1 1
vt 0 0
vt 1 0
vt 0 1
vt 1 1
vt 0 0
vt 1 0
vt 0 1
vt 1 1
vt 0 0
vt 1 0
vt 0 1
vt 1 1
vt 0 0
vt 1 0
vn 1 0 0
vn 1 0 0
vn 1 0 0
vn 1 0 0
vn -1 0 0
vn -1 0 0
vn -1 0 0
vn -1 0 0
vn 0 1 0
vn 0 1 0
vn 0 1 0
vn 0 1 0
vn 0 -1 0
vn 0 -1 0
vn 0 -1 0
vn 0 -1 0
vn 0 0 1
vn 0 0 1
vn 0 0 1
vn 0 0 1
vn 0 0 -1
vn 0 0 -1
vn 0 0 -1
vn 0 0 -1
f 769/241/769 771/243/771 770/242/770
f 771/243/771 772/244/772 770/242/770
f 773/245/773 775/247/775 774/246/774
f 775/247/775 776/248/776 774/246/774
f 777/249/777 779/251/779 778/250/778
f 779/251/779 780/252/780 778/250/778
f 781/253/781 783/255/783 782/254/782
f 783/255/783 784/256/784 782/254/782
f 785/257/785 787/259/787 786/258/786
f 787/259/787 788/260/788 786/258/786
f 789/261/789 791/263/791 790/262/790
f 791/263/791 792/264/792 790/262/790
o win_a_xm_0
usemtl glass
v -3.694999933242798 2.011620283126831 -2.072499990463257
v -3.694999933242798 2.011620283126831 -2.922499895095825
v -3.694999933242798 0.9936918616294861 -2.072499990463257
v -3.694999933242798 0.9936918616294861 -2.922499895095825
v -3.7750000953674316 2.011620283126831 -2.922499895095825
v -3.7750000953674316 2.011620283126831 -2.072499990463257
v -3.7750000953674316 0.9936918616294861 -2.922499895095825
v -3.7750000953674316 0.9936918616294861 -2.072499990463257
v -3.7750000953674316 2.011620283126831 -2.922499895095825
v -3.694999933242798 2.011620283126831 -2.922499895095825
v -3.7750000953674316 2.011620283126831 -2.072499990463257
v -3.694999933242798 2.011620283126831 -2.072499990463257
v -3.7750000953674316 0.9936918616294861 -2.072499990463257
v -3.694999933242798 0.9936918616294861 -2.072499990463257
v -3.7750000953674316 0.9936918616294861 -2.922499895095825
v -3.694999933242798 0.9936918616294861 -2.922499895095825
v -3.7750000953674316 2.011620283126831 -2.072499990463257
v -3.694999933242798 2.011620283126831 -2.072499990463257
v -3.7750000953674316 0.9936918616294861 -2.072499990463257
v -3.694999933242798 0.9936918616294861 -2.072499990463257
v -3.694999933242798 2.011620283126831 -2.922499895095825
v -3.7750000953674316 2.011620283126831 -2.922499895095825
v -3.694999933242798 0.9936918616294861 -2.922499895095825
v -3.7750000953674316 0.9936918616294861 -2.922499895095825
vt 0 1
vt 1 1
vt 0 0
vt 1 0
vt 0 1
vt 1 1
vt 0 0
vt 1 0
vt 0 1
vt 1 1
vt 0 0
vt 1 0
vt 0 1
vt 1 1
vt 0 0
vt 1 0
vt 0 1
vt 1 1
vt 0 0
vt 1 0
vt 0 1
vt 1 1
vt 0 0
vt 1 0
vn 1 0 0
vn 1 0 0
vn 1 0 0
vn 1 0 0
vn -1 0 0
vn -1 0 0
vn -1 0 0
vn -1 0 0
vn 0 1 0
vn 0 1 0
vn 0 1 0
vn 0 1 0
vn 0 -1 0
vn 0 -1 0
vn 0 -1 0
vn 0 -1 0
vn 0 0 1
vn 0 0 1
vn 0 0 1
vn 0 0 1
vn 0 0 -1
vn 0 0 -1
vn 0 0 -1
vn 0 0 -1
f 793/265/793 795/267/795 794/266/794
f 795/267/795 796/268/796 794/266/794
f 797/269/797 799/271/799 798/270/798
f 799/271/799 800/272/800 798/270/798
f 801/273/801 803/275/803 802/274/802
f 803/275/803 804/276/804 802/274/802
f 805/277/805 807/279/807 806/278/806
f 807/279/807 808/280/808 806/278/806
f 809/281/809 811/283/811 810/282/810
f 811/283/811 812/284/812 810/282/810
f 813/285/813 815/287/815 814/286/814
f 815/287/815 816/288/816 814/286/814
o win_a_xp_1
usemtl glass
v 3.7750000953674316 2.011620283126831 -0.4074999988079071
v 3.7750000953674316 2.011620283126831 -1.2575000524520874
v 3.7750000953674316 0.9936918616294861 -0.4074999988079071
v 3.7750000953674316 0.9936918616294861 -1.2575000524520874
v 3.694999933242798 2.011620283126831 -1.2575000524520874
v 3.694999933242798 2.011620283126831 -0.4074999988079071
v 3.694999933242798 0.9936918616294861 -1.2575000524520874
v 3.694999933242798 0.9936918616294861 -0.4074999988079071
v 3.694999933242798 2.011620283126831 -1.2575000524520874
v 3.7750000953674316 2.011620283126831 -1.2575000524520874
v 3.694999933242798 2.011620283126831 -0.4074999988079071
v 3.7750000953674316 2.011620283126831 -0.4074999988079071
v 3.694999933242798 0.9936918616294861 -0.4074999988079071
v 3.7750000953674316 0.9936918616294861 -0.4074999988079071
v 3.694999933242798 0.9936918616294861 -1.2575000524520874
v 3.7750000953674316 0.9936918616294861 -1.2575000524520874
v 3.694999933242798 2.011620283126831 -0.4074999988079071
v 3.7750000953674316 2.011620283126831 -0.4074999988079071
v 3.694999933242798 0.9936918616294861 -0.4074999988079071
v 3.7750000953674316 0.9936918616294861 -0.4074999988079071
v 3.7750000953674316 2.011620283126831 -1.2575000524520874
v 3.694999933242798 2.011620283126831 -1.2575000524520874
v 3.7750000953674316 0.9936918616294861 -1.2575000524520874
v 3.694999933242798 0.9936918616294861 -1.2575000524520874
vt 0 1
vt 1 1
vt 0 0
vt 1 0
vt 0 1
vt 1 1
vt 0 0
vt 1 0
vt 0 1
vt 1 1
vt 0 0
vt 1 0
vt 0 1
vt 1 1
vt 0 0
vt 1 0
vt 0 1
vt 1 1
vt 0 0
vt 1 0
vt 0 1
vt 1 1
vt 0 0
vt 1 0
vn 1 0 0
vn 1 0 0
vn 1 0 0
vn 1 0 0
vn -1 0 0
vn -1 0 0
vn -1 0 0
vn -1 0 0
vn 0 1 0
vn 0 1 0
vn 0 1 0
vn 0 1 0
vn 0 -1 0
vn 0 -1 0
vn 0 -1 0
vn 0 -1 0
vn 0 0 1
vn 0 0 1
vn 0 0 1
vn 0 0 1
vn 0 0 -1
vn 0 0 -1
vn 0 0 -1
vn 0 0 -1
f 817/289/817 819/291/819 818/290/818
f 819/291/819 820/292/820 818/290/818
f 821/293/821 823/295/823 822/294/822
f 823/295/823 824/296/824 822/294/822
f 825/297/825 827/299/827 826/298/826
f 827/299/827 828/300/828 826/298/826
f 829/301/829 831/303/831 830/302/830
f 831/303/831 832/304/832 830/302/830
f 833/305/833 835/307/835 834/306/834
f 835/307/835 836/308/836 834/306/834
f 837/309/837 839/311/839 838/310/838
f 839/311/839 840/312/840 838/310/838
o win_a_xm_1
usemtl glass
v -3.694999933242798 2.011620283126831 -0.4074999988079071
v -3.694999933242798 2.011620283126831 -1.2575000524520874
v -3.694999933242798 0.9936918616294861 -0.4074999988079071
v -3.694999933242798 0.9936918616294861 -1.2575000524520874
v -3.7750000953674316 2.011620283126831 -1.2575000524520874
v -3.7750000953674316 2.011620283126831 -0.4074999988079071
v -3.7750000953674316 0.9936918616294861 -1.2575000524520874
v -3.7750000953674316 0.9936918616294861 -0.4074999988079071
v -3.7750000953674316 2.011620283126831 -1.2575000524520874
v -3.694999933242798 2.011620283126831 -1.2575000524520874
v -3.7750000953674316 2.011620283126831 -0.4074999988079071
v -3.694999933242798 2.011620283126831 -0.4074999988079071
v -3.7750000953674316 0.9936918616294861 -0.4074999988079071
v -3.694999933242798 0.9936918616294861 -0.4074999988079071
v -3.7750000953674316 0.9936918616294861 -1.2575000524520874
v -3.694999933242798 0.9936918616294861 -1.2575000524520874
v -3.7750000953674316 2.011620283126831 -0.4074999988079071
v -3.694999933242798 2.011620283126831 -0.4074999988079071
v -3.7750000953674316 0.9936918616294861 -0.4074999988079071
v -3.694999933242798 0.9936918616294861 -0.4074999988079071
v -3.694999933242798 2.011620283126831 -1.2575000524520874
v -3.7750000953674316 2.011620283126831 -1.2575000524520874
v -3.694999933242798 0.9936918616294861 -1.2575000524520874
v -3.7750000953674316 0.9936918616294861 -1.2575000524520874
vt 0 1
vt 1 1
vt 0 0
vt 1 0
vt 0 1
vt 1 1
vt 0 0
vt 1 0
vt 0 1
vt 1 1
vt 0 0
vt 1 0
vt 0 1
vt 1 1
vt 0 0
vt 1 0
vt 0 1
vt 1 1
vt 0 0
vt 1 0
vt 0 1
vt 1 1
vt 0 0
vt 1 0
vn 1 0 0
vn 1 0 0
vn 1 0 0
vn 1 0 0
vn -1 0 0
vn -1 0 0
vn -1 0 0
vn -1 0 0
vn 0 1 0
vn 0 1 0
vn 0 1 0
vn 0 1 0
vn 0 -1 0
vn 0 -1 0
vn 0 -1 0
vn 0 -1 0
vn 0 0 1
vn 0 0 1
vn 0 0 1
vn 0 0 1
vn 0 0 -1
vn 0 0 -1
vn 0 0 -1
vn 0 0 -1
f 841/313/841 843/315/843 842/314/842
f 843/315/843 844/316/844 842/314/842
f 845/317/845 847/319/847 846/318/846
f 847/319/847 848/320/848 846/318/846
f 849/321/849 851/323/851 850/322/850
f 851/323/851 852/324/852 850/322/850
f 853/325/853 855/327/855 854/326/854
f 855/327/855 856/328/856 854/326/854
f 857/329/857 859/331/859 858/330/858
f 859/331/859 860/332/860 858/330/858
f 861/333/861 863/335/863 862/334/862
f 863/335/863 864/336/864 862/334/862
o win_a_xp_2
usemtl glass
v 3.7750000953674316 2.011620283126831 1.2575000524520874
v 3.7750000953674316 2.011620283126831 0.4074999988079071
v 3.7750000953674316 0.9936918616294861 1.2575000524520874
v 3.7750000953674316 0.9936918616294861 0.4074999988079071
v 3.694999933242798 2.011620283126831 0.4074999988079071
v 3.694999933242798 2.011620283126831 1.2575000524520874
v 3.694999933242798 0.9936918616294861 0.4074999988079071
v 3.694999933242798 0.9936918616294861 1.2575000524520874
v 3.694999933242798 2.011620283126831 0.4074999988079071
v 3.7750000953674316 2.011620283126831 0.4074999988079071
v 3.694999933242798 2.011620283126831 1.2575000524520874
v 3.7750000953674316 2.011620283126831 1.2575000524520874
v 3.694999933242798 0.9936918616294861 1.2575000524520874
v 3.7750000953674316 0.9936918616294861 1.2575000524520874
v 3.694999933242798 0.9936918616294861 0.4074999988079071
v 3.7750000953674316 0.9936918616294861 0.4074999988079071
v 3.694999933242798 2.011620283126831 1.2575000524520874
v 3.7750000953674316 2.011620283126831 1.2575000524520874
v 3.694999933242798 0.9936918616294861 1.2575000524520874
v 3.7750000953674316 0.9936918616294861 1.2575000524520874
v 3.7750000953674316 2.011620283126831 0.4074999988079071
v 3.694999933242798 2.011620283126831 0.4074999988079071
v 3.7750000953674316 0.9936918616294861 0.4074999988079071
v 3.694999933242798 0.9936918616294861 0.4074999988079071
vt 0 1
vt 1 1
vt 0 0
vt 1 0
vt 0 1
vt 1 1
vt 0 0
vt 1 0
vt 0 1
vt 1 1
vt 0 0
vt 1 0
vt 0 1
vt 1 1
vt 0 0
vt 1 0
vt 0 1
vt 1 1
vt 0 0
vt 1 0
vt 0 1
vt 1 1
vt 0 0
vt 1 0
vn 1 0 0
vn 1 0 0
vn 1 0 0
vn 1 0 0
vn -1 0 0
vn -1 0 0
vn -1 0 0
vn -1 0 0
vn 0 1 0
vn 0 1 0
vn 0 1 0
vn 0 1 0
vn 0 -1 0
vn 0 -1 0
vn 0 -1 0
vn 0 -1 0
vn 0 0 1
vn 0 0 1
vn 0 0 1
vn 0 0 1
vn 0 0 -1
vn 0 0 -1
vn 0 0 -1
vn 0 0 -1
f 865/337/865 867/339/867 866/338/866
f 867/339/867 868/340/868 866/338/866
f 869/341/869 871/343/871 870/342/870
f 871/343/871 872/344/872 870/342/870
f 873/345/873 875/347/875 874/346/874
f 875/347/875 876/348/876 874/346/874
f 877/349/877 879/351/879 878/350/878
f 879/351/879 880/352/880 878/350/878
f 881/353/881 883/355/883 882/354/882
f 883/355/883 884/356/884 882/354/882
f 885/357/885 887/359/887 886/358/886
f 887/359/887 888/360/888 886/358/886
o win_a_xm_2
usemtl glass
v -3.694999933242798 2.011620283126831 1.2575000524520874
v -3.694999933242798 2.011620283126831 0.4074999988079071
v -3.694999933242798 0.9936918616294861 1.2575000524520874
v -3.694999933242798 0.9936918616294861 0.4074999988079071
v -3.7750000953674316 2.011620283126831 0.4074999988079071
v -3.7750000953674316 2.011620283126831 1.2575000524520874
v -3.7750000953674316 0.9936918616294861 0.4074999988079071
v -3.7750000953674316 0.9936918616294861 1.2575000524520874
v -3.7750000953674316 2.011620283126831 0.4074999988079071
v -3.694999933242798 2.011620283126831 0.4074999988079071
v -3.7750000953674316 2.011620283126831 1.2575000524520874
v -3.694999933242798 2.011620283126831 1.2575000524520874
v -3.7750000953674316 0.9936918616294861 1.2575000524520874
v -3.694999933242798 0.9936918616294861 1.2575000524520874
v -3.7750000953674316 0.9936918616294861 0.4074999988079071
v -3.694999933242798 0.9936918616294861 0.4074999988079071
v -3.7750000953674316 2.011620283126831 1.2575000524520874
v -3.694999933242798 2.011620283126831 1.2575000524520874
v -3.7750000953674316 0.9936918616294861 1.2575000524520874
v -3.694999933242798 0.9936918616294861 1.2575000524520874
v -3.694999933242798 2.011620283126831 0.4074999988079071
v -3.7750000953674316 2.011620283126831 0.4074999988079071
v -3.694999933242798 0.9936918616294861 0.4074999988079071
v -3.7750000953674316 0.9936918616294861 0.4074999988079071
vt 0 1
vt 1 1
vt 0 0
vt 1 0
vt 0 1
vt 1 1
vt 0 0
vt 1 0
vt 0 1
vt 1 1
vt 0 0
vt 1 0
vt 0 1
vt 1 1
vt 0 0
vt 1 0
vt 0 1
vt 1 1
vt 0 0
vt 1 0
vt 0 1
vt 1 1
vt 0 0
vt 1 0
vn 1 0 0
vn 1 0 0
vn 1 0 0
vn 1 0 0
vn -1 0 0
vn -1 0 0
vn -1 0 0
vn -1 0 0
vn 0 1 0
vn 0 1 0
vn 0 1 0
vn 0 1 0
vn 0 -1 0
vn 0 -1 0
vn 0 -1 0
vn 0 -1 0
vn 0 0 1
vn 0 0 1
vn 0 0 1
vn 0 0 1
vn 0 0 -1
vn 0 0 -1
vn 0 0 -1
vn 0 0 -1
f 889/361/889 891/363/891 890/362/890
f 891/363/891 892/364/892 890/362/890
f 893/365/893 895/367/895 894/366/894
f 895/367/895 896/368/896 894/366/894
f 897/369/897 899/371/899 898/370/898
f 899/371/899 900/372/900 898/370/898
f 901/373/901 903/375/903 902/374/902
f 903/375/903 904/376/904 902/374/902
f 905/377/905 907/379/907 906/378/906
f 907/379/907 908/380/908 906/378/906
f 909/381/909 911/383/911 910/382/910
f 911/383/911 912/384/912 910/382/910
o win_a_xp_3
usemtl glass
v 3.7750000953674316 2.011620283126831 2.922499895095825
v 3.7750000953674316 2.011620283126831 2.072499990463257
v 3.7750000953674316 0.9936918616294861 2.922499895095825
v 3.7750000953674316 0.9936918616294861 2.072499990463257
v 3.694999933242798 2.011620283126831 2.072499990463257
v 3.694999933242798 2.011620283126831 2.922499895095825
v 3.694999933242798 0.9936918616294861 2.072499990463257
v 3.694999933242798 0.9936918616294861 2.922499895095825
v 3.694999933242798 2.011620283126831 2.072499990463257
v 3.7750000953674316 2.011620283126831 2.072499990463257
v 3.694999933242798 2.011620283126831 2.922499895095825
v 3.7750000953674316 2.011620283126831 2.922499895095825
v 3.694999933242798 0.9936918616294861 2.922499895095825
v 3.7750000953674316 0.9936918616294861 2.922499895095825
v 3.694999933242798 0.9936918616294861 2.072499990463257
v 3.7750000953674316 0.9936918616294861 2.072499990463257
v 3.694999933242798 2.011620283126831 2.922499895095825
v 3.7750000953674316 2.011620283126831 2.922499895095825
v 3.694999933242798 0.9936918616294861 2.922499895095825
v 3.7750000953674316 0.9936918616294861 2.922499895095825
v 3.7750000953674316 2.011620283126831 2.072499990463257
v 3.694999933242798 2.011620283126831 2.072499990463257
v 3.7750000953674316 0.9936918616294861 2.072499990463257
v 3.694999933242798 0.9936918616294861 2.072499990463257
vt 0 1
vt 1 1
vt 0 0
vt 1 0
vt 0 1
vt 1 1
vt 0 0
vt 1 0
vt 0 1
vt 1 1
vt 0 0
vt 1 0
vt 0 1
vt 1 1
vt 0 0
vt 1 0
vt 0 1
vt 1 1
vt 0 0
vt 1 0
vt 0 1
vt 1 1
vt 0 0
vt 1 0
vn 1 0 0
vn 1 0 0
vn 1 0 0
vn 1 0 0
vn -1 0 0
vn -1 0 0
vn -1 0 0
vn -1 0 0
vn 0 1 0
vn 0 1 0
vn 0 1 0
vn 0 1 0
vn 0 -1 0
vn 0 -1 0
vn 0 -1 0
vn 0 -1 0
vn 0 0 1
vn 0 0 1
vn 0 0 1
vn 0 0 1
vn 0 0 -1
vn 0 0 -1
vn 0 0 -1
vn 0 0 -1
f 913/385/913 915/387/915 914/386/914
f 915/387/915 916/388/916 914/386/914
f 917/389/917 919/391/919 918/390/918
f 919/391/919 920/392/920 918/390/918
f 921/393/921 923/395/923 922/394/922
f 923/395/923 924/396/924 922/394/922
f 925/397/925 927/399/927 926/398/926
f 927/399/927 928/400/928 926/398/926
f 929/401/929 931/403/931 930/402/930
f 931/403/931 932/404/932 930/402/930
f 933/405/933 935/407/935 934/406/934
f 935/407/935 936/408/936 934/406/934
o win_a_xm_3
usemtl glass
v -3.694999933242798 2.011620283126831 2.922499895095825
v -3.694999933242798 2.011620283126831 2.072499990463257
v -3.694999933242798 0.9936918616294861 2.922499895095825
v -3.694999933242798 0.9936918616294861 2.072499990463257
v -3.7750000953674316 2.011620283126831 2.072499990463257
v -3.7750000953674316 2.011620283126831 2.922499895095825
v -3.7750000953674316 0.9936918616294861 2.072499990463257
v -3.7750000953674316 0.9936918616294861 2.922499895095825
v -3.7750000953674316 2.011620283126831 2.072499990463257
v -3.694999933242798 2.011620283126831 2.072499990463257
v -3.7750000953674316 2.011620283126831 2.922499895095825
v -3.694999933242798 2.011620283126831 2.922499895095825
v -3.7750000953674316 0.9936918616294861 2.922499895095825
v -3.694999933242798 0.9936918616294861 2.922499895095825
v -3.7750000953674316 0.9936918616294861 2.072499990463257
v -3.694999933242798 0.9936918616294861 2.072499990463257
v -3.7750000953674316 2.011620283126831 2.922499895095825
v -3.694999933242798 2.011620283126831 2.922499895095825
v -3.7750000953674316 0.9936918616294861 2.922499895095825
v -3.694999933242798 0.9936918616294861 2.922499895095825
v -3.694999933242798 2.011620283126831 2.072499990463257
v -3.7750000953674316 2.011620283126831 2.072499990463257
v -3.694999933242798 0.9936918616294861 2.072499990463257
v -3.7750000953674316 0.9936918616294861 2.072499990463257
vt 0 1
vt 1 1
vt 0 0
vt 1 0
vt 0 1
vt 1 1
vt 0 0
vt 1 0
vt 0 1
vt 1 1
vt 0 0
vt 1 0
vt 0 1
vt 1 1
vt 0 0
vt 1 0
vt 0 1
vt 1 1
vt 0 0
vt 1 0
vt 0 1
vt 1 1
vt 0 0
vt 1 0
vn 1 0 0
vn 1 0 0
vn 1 0 0
vn 1 0 0
vn -1 0 0
vn -1 0 0
vn -1 0 0
vn -1 0 0
vn 0 1 0
vn 0 1 0
vn 0 1 0
vn 0 1 0
vn 0 -1 0
vn 0 -1 0
vn 0 -1 0
vn 0 -1 0
vn 0 0 1
vn 0 0 1
vn 0 0 1
vn 0 0 1
vn 0 0 -1
vn 0 0 -1
vn 0 0 -1
vn 0 0 -1
f 937/409/937 939/411/939 938/410/938
f 939/411/939 940/412/940 938/410/938
f 941/413/941 943/415/943 942/414/942
f 943/415/943 944/416/944 942/414/942
f 945/417/945 947/419/947 946/418/946
f 947/419/947 948/420/948 946/418/946
f 949/421/949 951/423/951 950/422/950
f 951/423/951 952/424/952 950/422/950
f 953/425/953 955/427/955 954/426/954
f 955/427/955 956/428/956 954/426/954
f 957/429/957 959/431/959 958/430/958
f 959/431/959 960/432/960 958/430/958
o win_b_zp_0
usemtl glass
v -2.3315000534057617 3.6112215518951416 3.424999952316284
v -2.3315000534057617 3.6112215518951416 3.3450000286102295
v -2.3315000534057617 2.5932934284210205 3.424999952316284
v -2.3315000534057617 2.5932934284210205 3.3450000286102295
v -3.18149995803833 3.6112215518951416 3.3450000286102295
v -3.18149995803833 3.6112215518951416 3.424999952316284
v -3.18149995803833 2.5932934284210205 3.3450000286102295
v -3.18149995803833 2.5932934284210205 3.424999952316284
v -3.18149995803833 3.6112215518951416 3.3450000286102295
v -2.3315000534057617 3.6112215518951416 3.3450000286102295
v -3.18149995803833 3.6112215518951416 3.424999952316284
v -2.3315000534057617 3.6112215518951416 3.424999952316284
v -3.18149995803833 2.5932934284210205 3.424999952316284
v -2.3315000534057617 2.5932934284210205 3.424999952316284
v -3.18149995803833 2.5932934284210205 3.3450000286102295
v -2.3315000534057617 2.5932934284210205 3.3450000286102295
v -3.18149995803833 3.6112215518951416 3.424999952316284
v -2.3315000534057617 3.6112215518951416 3.424999952316284
v -3.18149995803833 2.5932934284210205 3.424999952316284
v -2.3315000534057617 2.5932934284210205 3.424999952316284
v -2.3315000534057617 3.6112215518951416 3.3450000286102295
v -3.18149995803833 3.6112215518951416 3.3450000286102295
v -2.3315000534057617 2.5932934284210205 3.3450000286102295
v -3.18149995803833 2.5932934284210205 3.3450000286102295
vt 0 1
vt 1 1
vt 0 0
vt 1 0
vt 0 1
vt 1 1
vt 0 0
vt 1 0
vt 0 1
vt 1 1
vt 0 0
vt 1 0
vt 0 1
vt 1 1
vt 0 0
vt 1 0
vt 0 1
vt 1 1
vt 0 0
vt 1 0
vt 0 1
vt 1 1
vt 0 0
vt 1 0
vn 1 0 0
vn 1 0 0
vn 1 0 0
vn 1 0 0
vn -1 0 0
vn -1 0 0
vn -1 0 0
vn -1 0 0
vn 0 1 0
vn 0 1 0
vn 0 1 0
vn 0 1 0
vn 0 -1 0
vn 0 -1 0
vn 0 -1 0
vn 0 -1 0
vn 0 0 1
vn 0 0 1
vn 0 0 1
vn 0 0 1
vn 0 0 -1
vn 0 0 -1
vn 0 0 -1
vn 0 0 -1
f 961/433/961 963/435/963 962/434/962
f 963/435/963 964/436/964 962/434/962
f 965/437/965 967/439/967 966/438/966
f 967/439/967 968/440/968 966/438/966
f 969/441/969 971/443/971 970/442/970
f 971/443/971 972/444/972 970/442/970
f 973/445/973 975/447/975 974/446/974
f 975/447/975 976/448/976 974/446/974
f 977/449/977 979/451/979 978/450/978
f 979/451/979 980/452/980 978/450/978
f 981/453/981 983/455/983 982/454/982
f 983/455/983 984/456/984 982/454/982
o win_b_zm_0
usemtl glass
v -2.3315000534057617 3.6112215518951416 -3.3450000286102295
v -2.3315000534057617 3.6112215518951416 -3.424999952316284
v -2.3315000534057617 2.5932934284210205 -3.3450000286102295
v -2.3315000534057617 2.5932934284210205 -3.424999952316284
v -3.18149995803833 3.6112215518951416 -3.424999952316284
v -3.18149995803833 3.6112215518951416 -3.3450000286102295
v -3.18149995803833 2.5932934284210205 -3.424999952316284
v -3.18149995803833 2.5932934284210205 -3.3450000286102295
v -3.18149995803833 3.6112215518951416 -3.424999952316284
v -2.3315000534057617 3.6112215518951416 -3.424999952316284
v -3.18149995803833 3.6112215518951416 -3.3450000286102295
v -2.3315000534057617 3.6112215518951416 -3.3450000286102295
v -3.18149995803833 2.5932934284210205 -3.3450000286102295
v -2.3315000534057617 2.5932934284210205 -3.3450000286102295
v -3.18149995803833 2.5932934284210205 -3.424999952316284
v -2.3315000534057617 2.5932934284210205 -3.424999952316284
v -3.18149995803833 3.6112215518951416 -3.3450000286102295
v -2.3315000534057617 3.6112215518951416 -3.3450000286102295
v -3.18149995803833 2.5932934284210205 -3.3450000286102295
v -2.3315000534057617 2.5932934284210205 -3.3450000286102295
v -2.3315000534057617 3.6112215518951416 -3.424999952316284
v -3.18149995803833 3.6112215518951416 -3.424999952316284
v -2.3315000534057617 2.5932934284210205 -3.424999952316284
v -3.18149995803833 2.5932934284210205 -3.424999952316284
vt 0 1
vt 1 1
vt 0 0
vt 1 0
vt 0 1
vt 1 1
vt 0 0
vt 1 0
vt 0 1
vt 1 1
vt 0 0
vt 1 0
vt 0 1
vt 1 1
vt 0 0
vt 1 0
vt 0 1
vt 1 1
vt 0 0
vt 1 0
vt 0 1
vt 1 1
vt 0 0
vt 1 0
vn 1 0 0
vn 1 0 0
vn 1 0 0
vn 1 0 0
vn -1 0 0
vn -1 0 0
vn -1 0 0
vn -1 0 0
vn 0 1 0
vn 0 1 0
vn 0 1 0
vn 0 1 0
vn 0 -1 0
vn 0 -1 0
vn 0 -1 0
vn 0 -1 0
vn 0 0 1
vn 0 0 1
vn 0 0 1
vn 0 0 1
vn 0 0 -1
vn 0 0 -1
vn 0 0 -1
vn 0 0 -1
f 985/457/985 987/459/987 986/458/986
f 987/459/987 988/460/988 986/458/986
f 989/461/989 991/463/991 990/462/990
f 991/463/991 992/464/992 990/462/990
f 993/465/993 995/467/995 994/466/994
f 995/467/995 996/468/996 994/466/994
f 997/469/997 999/471/999 998/470/998
f 999/471/999 1000/472/1000 998/470/998
f 1001/473/1001 1003/475/1003 1002/474/1002
f 1003/475/1003 1004/476/1004 1002/474/1002
f 1005/477/1005 1007/479/1007 1006/478/1006
f 1007/479/1007 1008/480/1008 1006/478/1006
o win_b_zp_1
usemtl glass
v -0.953249990940094 3.6112215518951416 3.424999952316284
v -0.953249990940094 3.6112215518951416 3.3450000286102295
v -0.953249990940094 2.5932934284210205 3.424999952316284
v -0.953249990940094 2.5932934284210205 3.3450000286102295
v -1.8032499551773071 3.6112215518951416 3.3450000286102295
v -1.8032499551773071 3.6112215518951416 3.424999952316284
v -1.8032499551773071 2.5932934284210205 3.3450000286102295
v -1.8032499551773071 2.5932934284210205 3.424999952316284
v -1.8032499551773071 3.6112215518951416 3.3450000286102295
v -0.953249990940094 3.6112215518951416 3.3450000286102295
v -1.8032499551773071 3.6112215518951416 3.424999952316284
v -0.953249990940094 3.6112215518951416 3.424999952316284
v -1.8032499551773071 2.5932934284210205 3.424999952316284
v -0.953249990940094 2.5932934284210205 3.424999952316284
v -1.8032499551773071 2.5932934284210205 3.3450000286102295
v -0.953249990940094 2.5932934284210205 3.3450000286102295
v -1.8032499551773071 3.6112215518951416 3.424999952316284
v -0.953249990940094 3.6112215518951416 3.424999952316284
v -1.8032499551773071 2.5932934284210205 3.424999952316284
v -0.953249990940094 2.5932934284210205 3.424999952316284
v -0.953249990940094 3.6112215518951416 3.3450000286102295
v -1.8032499551773071 3.6112215518951416 3.3450000286102295
v -0.953249990940094 2.5932934284210205 3.3450000286102295
v -1.8032499551773071 2.5932934284210205 3.3450000286102295
vt 0 1
vt 1 1
vt 0 0
vt 1 0
vt 0 1
vt 1 1
vt 0 0
vt 1 0
vt 0 1
vt 1 1
vt 0 0
vt 1 0
vt 0 1
vt 1 1
vt 0 0
vt 1 0
vt 0 1
vt 1 1
vt 0 0
vt 1 0
vt 0 1
vt 1 1
vt 0 0
vt 1 0
vn 1 0 0
vn 1 0 0
vn 1 0 0
vn 1 0 0
vn -1 0 0
vn -1 0 0
vn -1 0 0
vn -1 0 0
vn 0 1 0
vn 0 1 0
vn 0 1 0
vn 0 1 0
vn 0 -1 0
vn 0 -1 0
vn 0 -1 0
vn 0 -1 0
vn 0 0 1
vn 0 0 1
vn 0 0 1
vn 0 0 1
vn 0 0 -1
vn 0 0 -1
vn 0 0 -1
vn 0 0 -1
f 1009/481/1009 1011/483/1011 1010/482/1010
f 1011/483/1011 1012/484/1012 1010/482/1010
f 1013/485/1013 1015/487/1015 1014/486/1014
f 1015/487/1015 1016/488/1016 1014/486/1014
f 1017/489/1017 1019/491/1019 1018/490/1018
f 1019/491/1019 1020/492/1020 1018/490/1018
f 1021/493/1021 1023/495/1023 1022/494/1022
f 1023/495/1023 1024/496/1024 1022/494/1022
f 1025/497/1025 1027/499/1027 1026/498/1026
f 1027/499/1027 1028/500/1028 1026/498/1026
f 1029/501/1029 1031/503/1031 1030/502/1030
f 1031/503/1031 1032/504/1032 1030/502/1030
o win_b_zm_1
usemtl glass
v -0.953249990940094 3.6112215518951416 -3.3450000286102295
v -0.953249990940094 3.6112215518951416 -3.424999952316284
v -0.953249990940094 2.5932934284210205 -3.3450000286102295
v -0.953249990940094 2.5932934284210205 -3.424999952316284
v -1.8032499551773071 3.6112215518951416 -3.424999952316284
v -1.8032499551773071 3.6112215518951416 -3.3450000286102295
v -1.8032499551773071 2.5932934284210205 -3.424999952316284
v -1.8032499551773071 2.5932934284210205 -3.3450000286102295
v -1.8032499551773071 3.6112215518951416 -3.424999952316284
v -0.953249990940094 3.6112215518951416 -3.424999952316284
v -1.8032499551773071 3.6112215518951416 -3.3450000286102295
v -0.953249990940094 3.6112215518951416 -3.3450000286102295
v -1.8032499551773071 2.5932934284210205 -3.3450000286102295
v -0.953249990940094 2.5932934284210205 -3.3450000286102295
v -1.8032499551773071 2.5932934284210205 -3.424999952316284
v -0.953249990940094 2.5932934284210205 -3.424999952316284
v -1.8032499551773071 3.6112215518951416 -3.3450000286102295
v -0.953249990940094 3.6112215518951416 -3.3450000286102295
v -1.8032499551773071 2.5932934284210205 -3.3450000286102295
v -0.953249990940094 2.5932934284210205 -3.3450000286102295
v -0.953249990940094 3.6112215518951416 -3.424999952316284
v -1.8032499551773071 3.6112215518951416 -3.424999952316284
v -0.953249990940094 2.5932934284210205 -3.424999952316284
v -1.8032499551773071 2.5932934284210205 -3.424999952316284
vt 0 1
vt 1 1
vt 0 0
vt 1 0
vt 0 1
vt 1 1
vt 0 0
vt 1 0
vt 0 1
vt 1 1
vt 0 0
vt 1 0
vt 0 1
vt 1 1
vt 0 0
vt 1 0
vt 0 1
vt 1 1
vt 0 0
vt 1 0
vt 0 1
vt 1 1
vt 0 0
vt 1 0
vn 1 0 0
vn 1 0 0
vn 1 0 0
vn 1 0 0
vn -1 0 0
vn -1 0 0
vn -1 0 0
vn -1 0 0
vn 0 1 0
vn 0 1 0
vn 0 1 0
vn 0 1 0
vn 0 -1 0
vn 0 -1 0
vn 0 -1 0
vn 0 -1 0
vn 0 0 1
vn 0 0 1
vn 0 0 1
vn 0 0 1
vn 0 0 -1
vn 0 0 -1
vn 0 0 -1
vn 0 0 -1
f 1033/505/1033 1035/507/1035 1034/506/1034
f 1035/507/1035 1036/508/1036 1034/506/1034
f 1037/509/1037 1039/511/1039 1038/510/1038
f 1039/511/1039 1040/512/1040 1038/510/1038
f 1041/513/1041 1043/515/1043 1042/514/1042
f 1043/515/1043 1044/516/1044 1042/514/1042
f 1045/517/1045 1047/519/1047 1046/518/1046
f 1047/519/1047 1048/520/1048 1046/518/1046
f 1049/521/1049 1051/523/1051 1050/522/1050
f 1051/523/1051 1052/524/1052 1050/522/1050
f 1053/525/1053 1055/527/1055 1054/526/1054
f 1055/527/1055 1056/528/1056 1054/526/1054
o win_b_zp_2
usemtl glass
v 0.42500001192092896 3.6112215518951416 3.424999952316284
v 0.42500001192092896 3.6112215518951416 3.3450000286102295
v 0.42500001192092896 2.5932934284210205 3.424999952316284
v 0.42500001192092896 2.5932934284210205 3.3450000286102295
v -0.42500001192092896 3.6112215518951416 3.3450000286102295
v -0.42500001192092896 3.6112215518951416 3.424999952316284
v -0.42500001192092896 2.5932934284210205 3.3450000286102295
v -0.42500001192092896 2.5932934284210205 3.424999952316284
v -0.42500001192092896 3.6112215518951416 3.3450000286102295
v 0.42500001192092896 3.6112215518951416 3.3450000286102295
v -0.42500001192092896 3.6112215518951416 3.424999952316284
v 0.42500001192092896 3.6112215518951416 3.424999952316284
v -0.42500001192092896 2.5932934284210205 3.424999952316284
v 0.42500001192092896 2.5932934284210205 3.424999952316284
v -0.42500001192092896 2.5932934284210205 3.3450000286102295
v 0.42500001192092896 2.5932934284210205 3.3450000286102295
v -0.42500001192092896 3.6112215518951416 3.424999952316284
v 0.42500001192092896 3.6112215518951416 3.424999952316284
v -0.42500001192092896 2.5932934284210205 3.424999952316284
v 0.42500001192092896 2.5932934284210205 3.424999952316284
v 0.42500001192092896 3.6112215518951416 3.3450000286102295
v -0.42500001192092896 3.6112215518951416 3.3450000286102295
v 0.42500001192092896 2.5932934284210205 3.3450000286102295
v -0.42500001192092896 2.5932934284210205 3.3450000286102295
vt 0 1
vt 1 1
vt 0 0
vt 1 0
vt 0 1
vt 1 1
vt 0 0
vt 1 0
vt 0 1
vt 1 1
vt 0 0
vt 1 0
vt 0 1
vt 1 1
vt 0 0
vt 1 0
vt 0 1
vt 1 1
vt 0 0
vt 1 0
vt 0 1
vt 1 1
vt 0 0
vt 1 0
vn 1 0 0
vn 1 0 0
vn 1 0 0
vn 1 0 0
vn -1 0 0
vn -1 0 0
vn -1 0 0
vn -1 0 0
vn 0 1 0
vn 0 1 0
vn 0 1 0
vn 0 1 0
vn 0 -1 0
vn 0 -1 0
vn 0 -1 0
vn 0 -1 0
vn 0 0 1
vn 0 0 1
vn 0 0 1
vn 0 0 1
vn 0 0 -1
vn 0 0 -1
vn 0 0 -1
vn 0 0 -1
f 1057/529/1057 1059/531/1059 1058/530/1058
f 1059/531/1059 1060/532/1060 1058/530/1058
f 1061/533/1061 1063/535/1063 1062/534/1062
f 1063/535/1063 1064/536/1064 1062/534/1062
f 1065/537/1065 1067/539/1067 1066/538/1066
f 1067/539/1067 1068/540/1068 1066/538/1066
f 1069/541/1069 1071/543/1071 1070/542/1070
f 1071/543/1071 1072/544/1072 1070/542/1070
f 1073/545/1073 1075/547/1075 1074/546/1074
f 1075/547/1075 1076/548/1076 1074/546/1074
f 1077/549/1077 1079/551/1079 1078/550/1078
f 1079/551/1079 1080/552/1080 1078/550/1078
o win_b_zm_2
usemtl glass
v 0.42500001192092896 3.6112215518951416 -3.3450000286102295
v 0.42500001192092896 3.6112215518951416 -3.424999952316284
v 0.42500001192092896 2.5932934284210205 -3.3450000286102295
v 0.42500001192092896 2.5932934284210205 -3.424999952316284
v -0.42500001192092896 3.6112215518951416 -3.424999952316284
v -0.42500001192092896 3.6112215518951416 -3.3450000286102295
v -0.42500001192092896 2.5932934284210205 -3.424999952316284
v -0.42500001192092896 2.5932934284210205 -3.3450000286102295
v -0.42500001192092896 3.6112215518951416 -3.424999952316284
v 0.42500001192092896 3.6112215518951416 -3.424999952316284
v -0.42500001192092896 3.6112215518951416 -3.3450000286102295
v 0.42500001192092896 3.6112215518951416 -3.3450000286102295
v -0.42500001192092896 2.5932934284210205 -3.3450000286102295
v 0.42500001192092896 2.5932934284210205 -3.3450000286102295
v -0.42500001192092896 2.5932934284210205 -3.424999952316284
v 0.42500001192092896 2.5932934284210205 -3.424999952316284
v -0.42500001192092896 3.6112215518951416 -3.3450000286102295
v 0.42500001192092896 3.6112215518951416 -3.3450000286102295
v -0.42500001192092896 2.5932934284210205 -3.3450000286102295
v 0.42500001192092896 2.5932934284210205 -3.3450000286102295
v 0.42500001192092896 3.6112215518951416 -3.424999952316284
v -0.42500001192092896 3.6112215518951416 -3.424999952316284
v 0.42500001192092896 2.5932934284210205 -3.424999952316284
v -0.42500001192092896 2.5932934284210205 -3.424999952316284
vt 0 1
vt 1 1
vt 0 0
vt 1 0
vt 0 1
vt 1 1
vt 0 0
vt 1 0
vt 0 1
vt 1 1
vt 0 0
vt 1 0
vt 0 1
vt 1 1
vt 0 0
vt 1 0
vt 0 1
vt 1 1
vt 0 0
vt 1 0
vt 0 1
vt 1 1
vt 0 0
vt 1 0
vn 1 0 0
vn 1 0 0
vn 1 0 0
vn 1 0 0
vn -1 0 0
vn -1 0 0
vn -1 0 0
vn -1 0 0
vn 0 1 0
vn 0 1 0
vn 0 1 0
vn 0 1 0
vn 0 -1 0
vn 0 -1 0
vn 0 -1 0
vn 0 -1 0
vn 0 0 1
vn 0 0 1
vn 0 0 1
vn 0 0 1
vn 0 0 -1
vn 0 0 -1
vn 0 0 -1
vn 0 0 -1
f 1081/553/1081 1083/555/1083 1082/554/1082
f 1083/555/1083 1084/556/1084 1082/554/1082
f 1085/557/1085 1087/559/1087 1086/558/1086
f 1087/559/1087 1088/560/1088 1086/558/1086
f 1089/561/1089 1091/563/1091 1090/562/1090
f 1091/563/1091 1092/564/1092 1090/562/1090
f 1093/565/1093 1095/567/1095 1094/566/1094
f 1095/567/1095 1096/568/1096 1094/566/1094
f 1097/569/1097 1099/571/1099 1098/570/1098
f 1099/571/1099 1100/572/1100 1098/570/1098
f 1101/573/1101 1103/575/1103 1102/574/1102
f 1103/575/1103 1104/576/1104 1102/574/1102
o win_b_zp_3
usemtl glass
v 1.8032499551773071 3.6112215518951416 3.424999952316284
v 1.8032499551773071 3.6112215518951416 3.3450000286102295
v 1.8032499551773071 2.5932934284210205 3.424999952316284
v 1.8032499551773071 2.5932934284210205 3.3450000286102295
v 0.953249990940094 3.6112215518951416 3.3450000286102295
v 0.953249990940094 3.6112215518951416 3.424999952316284
v 0.953249990940094 2.5932934284210205 3.3450000286102295
v 0.953249990940094 2.5932934284210205 3.424999952316284
v 0.953249990940094 3.6112215518951416 3.3450000286102295
v 1.8032499551773071 3.6112215518951416 3.3450000286102295
v 0.953249990940094 3.6112215518951416 3.424999952316284
v 1.8032499551773071 3.6112215518951416 3.424999952316284
v 0.953249990940094 2.5932934284210205 3.424999952316284
v 1.8032499551773071 2.5932934284210205 3.424999952316284
v 0.953249990940094 2.5932934284210205 3.3450000286102295
v 1.8032499551773071 2.5932934284210205 3.3450000286102295
v 0.953249990940094 3.6112215518951416 3.424999952316284
v 1.8032499551773071 3.6112215518951416 3.424999952316284
v 0.953249990940094 2.5932934284210205 3.424999952316284
v 1.8032499551773071 2.5932934284210205 3.424999952316284
v 1.8032499551773071 3.6112215518951416 3.3450000286102295
v 0.953249990940094 3.6112215518951416 3.3450000286102295
v 1.8032499551773071 2.5932934284210205 3.3450000286102295
v 0.953249990940094 2.5932934284210205 3.3450000286102295
vt 0 1
vt 1 1
vt 0 0
vt 1 0
vt 0 1
vt 1 1
vt 0 0
vt 1 0
vt 0 1
vt 1 1
vt 0 0
vt 1 0
vt 0 1
vt 1 1
vt 0 0
vt 1 0
vt 0 1
vt 1 1
vt 0 0
vt 1 0
vt 0 1
vt 1 1
vt 0 0
vt 1 0
vn 1 0 0
vn 1 0 0
vn 1 0 0
vn 1 0 0
vn -1 0 0
vn -1 0 0
vn -1 0 0
vn -1 0 0
vn 0 1 0
vn 0 1 0
vn 0 1 0
vn 0 1 0
vn 0 -1 0
vn 0 -1 0
vn 0 -1 0
vn 0 -1 0
vn 0 0 1
vn 0 0 1
vn 0 0 1
vn 0 0 1
vn 0 0 -1
vn 0 0 -1
vn 0 0 -1
vn 0 0 -1
f 1105/577/1105 1107/579/1107 1106/578/1106
f 1107/579/1107 1108/580/1108 1106/578/1106
f 1109/581/1109 1111/583/1111 1110/582/1110
f 1111/583/1111 1112/584/1112 1110/582/1110
f 1113/585/1113 1115/587/1115 1114/586/1114
f 1115/587/1115 1116/588/1116 1114/586/1114
f 1117/589/1117 1119/591/1119 1118/590/1118
f 1119/591/1119 1120/592/1120 1118/590/1118
f 1121/593/1121 1123/595/1123 1122/594/1122
f 1123/595/1123 1124/596/1124 1122/594/1122
f 1125/597/1125 1127/599/1127 1126/598/1126
f 1127/599/1127 1128/600/1128 1126/598/1126
o win_b_zm_3
usemtl glass
v 1.8032499551773071 3.6112215518951416 -3.3450000286102295
v 1.8032499551773071 3.6112215518951416 -3.424999952316284
v 1.8032499551773071 2.5932934284210205 -3.3450000286102295
v 1.8032499551773071 2.5932934284210205 -3.424999952316284
v 0.953249990940094 3.6112215518951416 -3.424999952316284
v 0.953249990940094 3.6112215518951416 -3.3450000286102295
v 0.953249990940094 2.5932934284210205 -3.424999952316284
v 0.953249990940094 2.5932934284210205 -3.3450000286102295
v 0.953249990940094 3.6112215518951416 -3.424999952316284
v 1.8032499551773071 3.6112215518951416 -3.424999952316284
v 0.953249990940094 3.6112215518951416 -3.3450000286102295
v 1.8032499551773071 3.6112215518951416 -3.3450000286102295
v 0.953249990940094 2.5932934284210205 -3.3450000286102295
v 1.8032499551773071 2.5932934284210205 -3.3450000286102295
v 0.953249990940094 2.5932934284210205 -3.424999952316284
v 1.8032499551773071 2.5932934284210205 -3.424999952316284
v 0.953249990940094 3.6112215518951416 -3.3450000286102295
v 1.8032499551773071 3.6112215518951416 -3.3450000286102295
v 0.953249990940094 2.5932934284210205 -3.3450000286102295
v 1.8032499551773071 2.5932934284210205 -3.3450000286102295
v 1.8032499551773071 3.6112215518951416 -3.424999952316284
v 0.953249990940094 3.6112215518951416 -3.424999952316284
v 1.8032499551773071 2.5932934284210205 -3.424999952316284
v 0.953249990940094 2.5932934284210205 -3.424999952316284
vt 0 1
vt 1 1
vt 0 0
vt 1 0
vt 0 1
vt 1 1
vt 0 0
vt 1 0
vt 0 1
vt 1 1
vt 0 0
vt 1 0
vt 0 1
vt 1 1
vt 0 0
vt 1 0
vt 0 1
vt 1 1
vt 0 0
vt 1 0
vt 0 1
vt 1 1
vt 0 0
vt 1 0
vn 1 0 0
vn 1 0 0
vn 1 0 0
vn 1 0 0
vn -1 0 0
vn -1 0 0
vn -1 0 0
vn -1 0 0
vn 0 1 0
vn 0 1 0
vn 0 1 0
vn 0 1 0
vn 0 -1 0
vn 0 -1 0
vn 0 -1 0
vn 0 -1 0
vn 0 0 1
vn 0 0 1
vn 0 0 1
vn 0 0 1
vn 0 0 -1
vn 0 0 -1
vn 0 0 -1
vn 0 0 -1
f 1129/601/1129 1131/603/1131 1130/602/1130
f 1131/603/1131 1132/604/1132 1130/602/1130
f 1133/605/1133 1135/607/1135 1134/606/1134
f 1135/607/1135 1136/608/1136 1134/606/1134
f 1137/609/1137 1139/611/1139 1138/610/1138
f 1139/611/1139 1140/612/1140 1138/610/1138
f 1141/613/1141 1143/615/1143 1142/614/1142
f 1143/615/1143 1144/616/1144 1142/614/1142
f 1145/617/1145 1147/619/1147 1146/618/1146
f 1147/619/1147 1148/620/1148 1146/618/1146
f 1149/621/1149 1151/623/1151 1150/622/1150
f 1151/623/1151 1152/624/1152 1150/622/1150
o win_b_zp_4
usemtl glass
v 3.18149995803833 3.6112215518951416 3.424999952316284
v 3.18149995803833 3.6112215518951416 3.3450000286102295
v 3.18149995803833 2.5932934284210205 3.424999952316284
v 3.18149995803833 2.5932934284210205 3.3450000286102295
v 2.3315000534057617 3.6112215518951416 3.3450000286102295
v 2.3315000534057617 3.6112215518951416 3.424999952316284
v 2.3315000534057617 2.5932934284210205 3.3450000286102295
v 2.3315000534057617 2.5932934284210205 3.424999952316284
v 2.3315000534057617 3.6112215518951416 3.3450000286102295
v 3.18149995803833 3.6112215518951416 3.3450000286102295
v 2.3315000534057617 3.6112215518951416 3.424999952316284
v 3.18149995803833 3.6112215518951416 3.424999952316284
v 2.3315000534057617 2.5932934284210205 3.424999952316284
v 3.18149995803833 2.5932934284210205 3.424999952316284
v 2.3315000534057617 2.5932934284210205 3.3450000286102295
v 3.18149995803833 2.5932934284210205 3.3450000286102295
v 2.3315000534057617 3.6112215518951416 3.424999952316284
v 3.18149995803833 3.6112215518951416 3.424999952316284
v 2.3315000534057617 2.5932934284210205 3.424999952316284
v 3.18149995803833 2.5932934284210205 3.424999952316284
v 3.18149995803833 3.6112215518951416 3.3450000286102295
v 2.3315000534057617 3.6112215518951416 3.3450000286102295
v 3.18149995803833 2.5932934284210205 3.3450000286102295
v 2.3315000534057617 2.5932934284210205 3.3450000286102295
vt 0 1
vt 1 1
vt 0 0
vt 1 0
vt 0 1
vt 1 1
vt 0 0
vt 1 0
vt 0 1
vt 1 1
vt 0 0
vt 1 0
vt 0 1
vt 1 1
vt 0 0
vt 1 0
vt 0 1
vt 1 1
vt 0 0
vt 1 0
vt 0 1
vt 1 1
vt 0 0
vt 1 0
vn 1 0 0
vn 1 0 0
vn 1 0 0
vn 1 0 0
vn -1 0 0
vn -1 0 0
vn -1 0 0
vn -1 0 0
vn 0 1 0
vn 0 1 0
vn 0 1 0
vn 0 1 0
vn 0 -1 0
vn 0 -1 0
vn 0 -1 0
vn 0 -1 0
vn 0 0 1
vn 0 0 1
vn 0 0 1
vn 0 0 1
vn 0 0 -1
vn 0 0 -1
vn 0 0 -1
vn 0 0 -1
f 1153/625/1153 1155/627/1155 1154/626/1154
f 1155/627/1155 1156/628/1156 1154/626/1154
f 1157/629/1157 1159/631/1159 1158/630/1158
f 1159/631/1159 1160/632/1160 1158/630/1158
f 1161/633/1161 1163/635/1163 1162/634/1162
f 1163/635/1163 1164/636/1164 1162/634/1162
f 1165/637/1165 1167/639/1167 1166/638/1166
f 1167/639/1167 1168/640/1168 1166/638/1166
f 1169/641/1169 1171/643/1171 1170/642/1170
f 1171/643/1171 1172/644/1172 1170/642/1170
f 1173/645/1173 1175/647/1175 1174/646/1174
f 1175/647/1175 1176/648/1176 1174/646/1174
o win_b_zm_4
usemtl glass
v 3.18149995803833 3.6112215518951416 -3.3450000286102295
v 3.18149995803833 3.6112215518951416 -3.424999952316284
v 3.18149995803833 2.5932934284210205 -3.3450000286102295
v 3.18149995803833 2.5932934284210205 -3.424999952316284
v 2.3315000534057617 3.6112215518951416 -3.424999952316284
v 2.3315000534057617 3.6112215518951416 -3.3450000286102295
v 2.3315000534057617 2.5932934284210205 -3.424999952316284
v 2.3315000534057617 2.5932934284210205 -3.3450000286102295
v 2.3315000534057617 3.6112215518951416 -3.424999952316284
v 3.18149995803833 3.6112215518951416 -3.424999952316284
v 2.3315000534057617 3.6112215518951416 -3.3450000286102295
v 3.18149995803833 3.6112215518951416 -3.3450000286102295
v 2.3315000534057617 2.5932934284210205 -3.3450000286102295
v 3.18149995803833 2.5932934284210205 -3.3450000286102295
v 2.3315000534057617 2.5932934284210205 -3.424999952316284
v 3.18149995803833 2.5932934284210205 -3.424999952316284
v 2.3315000534057617 3.6112215518951416 -3.3450000286102295
v 3.18149995803833 3.6112215518951416 -3.3450000286102295
v 2.3315000534057617 2.5932934284210205 -3.3450000286102295
v 3.18149995803833 2.5932934284210205 -3.3450000286102295
v 3.18149995803833 3.6112215518951416 -3.424999952316284
v 2.3315000534057617 3.6112215518951416 -3.424999952316284
v 3.18149995803833 2.5932934284210205 -3.424999952316284
v 2.3315000534057617 2.5932934284210205 -3.424999952316284
vt 0 1
vt 1 1
vt 0 0
vt 1 0
vt 0 1
vt 1 1
vt 0 0
vt 1 0
vt 0 1
vt 1 1
vt 0 0
vt 1 0
vt 0 1
vt 1 1
vt 0 0
vt 1 0
vt 0 1
vt 1 1
vt 0 0
vt 1 0
vt 0 1
vt 1 1
vt 0 0
vt 1 0
vn 1 0 0
vn 1 0 0
vn 1 0 0
vn 1 0 0
vn -1 0 0
vn -1 0 0
vn -1 0 0
vn -1 0 0
vn 0 1 0
vn 0 1 0
vn 0 1 0
vn 0 1 0
vn 0 -1 0
vn 0 -1 0
vn 0 -1 0
vn 0 -1 0
vn 0 0 1
vn 0 0 1
vn 0 0 1
vn 0 0 1
vn 0 0 -1
vn 0 0 -1
vn 0 0 -1
vn 0 0 -1
f 1177/649/1177 1179/651/1179 1178/650/1178
f 1179/651/1179 1180/652/1180 1178/650/1178
f 1181/653/1181 1183/655/1183 1182/654/1182
f 1183/655/1183 1184/656/1184 1182/654/1182
f 1185/657/1185 1187/659/1187 1186/658/1186
f 1187/659/1187 1188/660/1188 1186/658/1186
f 1189/661/1189 1191/663/1191 1190/662/1190
f 1191/663/1191 1192/664/1192 1190/662/1190
f 1193/665/1193 1195/667/1195 1194/666/1194
f 1195/667/1195 1196/668/1196 1194/666/1194
f 1197/669/1197 1199/671/1199 1198/670/1198
f 1199/671/1199 1200/672/1200 1198/670/1198
o win_b_xp_0
usemtl glass
v 3.7750000953674316 3.6112215518951416 -2.072499990463257
v 3.7750000953674316 3.6112215518951416 -2.922499895095825
v 3.7750000953674316 2.5932934284210205 -2.072499990463257
v 3.7750000953674316 2.5932934284210205 -2.922499895095825
v 3.694999933242798 3.6112215518951416 -2.922499895095825
v 3.694999933242798 3.6112215518951416 -2.072499990463257
v 3.694999933242798 2.5932934284210205 -2.922499895095825
v 3.694999933242798 2.5932934284210205 -2.072499990463257
v 3.694999933242798 3.6112215518951416 -2.922499895095825
v 3.7750000953674316 3.6112215518951416 -2.922499895095825
v 3.694999933242798 3.6112215518951416 -2.072499990463257
v 3.7750000953674316 3.6112215518951416 -2.072499990463257
v 3.694999933242798 2.5932934284210205 -2.072499990463257
v 3.7750000953674316 2.5932934284210205 -2.072499990463257
v 3.694999933242798 2.5932934284210205 -2.922499895095825
v 3.7750000953674316 2.5932934284210205 -2.922499895095825
v 3.694999933242798 3.6112215518951416 -2.072499990463257
v 3.7750000953674316 3.6112215518951416 -2.072499990463257
v 3.694999933242798 2.5932934284210205 -2.072499990463257
v 3.7750000953674316 2.5932934284210205 -2.072499990463257
v 3.7750000953674316 3.6112215518951416 -2.922499895095825
v 3.694999933242798 3.6112215518951416 -2.922499895095825
v 3.7750000953674316 2.5932934284210205 -2.922499895095825
v 3.694999933242798 2.5932934284210205 -2.922499895095825
vt 0 1
vt 1 1
vt 0 0
vt 1 0
vt 0 1
vt 1 1
vt 0 0
vt 1 0
vt 0 1
vt 1 1
vt 0 0
vt 1 0
vt 0 1
vt 1 1
vt 0 0
vt 1 0
vt 0 1
vt 1 1
vt 0 0
vt 1 0
vt 0 1
vt 1 1
vt 0 0
vt 1 0
vn 1 0 0
vn 1 0 0
vn 1 0 0
vn 1 0 0
vn -1 0 0
vn -1 0 0
vn -1 0 0
vn -1 0 0
vn 0 1 0
vn 0 1 0
vn 0 1 0
vn 0 1 0
vn 0 -1 0
vn 0 -1 0
vn 0 -1 0
vn 0 -1 0
vn 0 0 1
vn 0 0 1
vn 0 0 1
vn 0 0 1
vn 0 0 -1
vn 0 0 -1
vn 0 0 -1
vn 0 0 -1
f 1201/673/1201 1203/675/1203 1202/674/1202
f 1203/675/1203 1204/676/1204 1202/674/1202
f 1205/677/1205 1207/679/1207 1206/678/1206
f 1207/679/1207 1208/680/1208 1206/678/1206
f 1209/681/1209 1211/683/1211 1210/682/1210
f 1211/683/1211 1212/684/1212 1210/682/1210
f 1213/685/1213 1215/687/1215 1214/686/1214
f 1215/687/1215 1216/688/1216 1214/686/1214
f 1217/689/1217 1219/691/1219 1218/690/1218
f 1219/691/1219 1220/692/1220 1218/690/1218
f 1221/693/1221 1223/695/1223 1222/694/1222
f 1223/695/1223 1224/696/1224 1222/694/1222
o win_b_xm_0
usemtl glass
v -3.694999933242798 3.6112215518951416 -2.072499990463257
v -3.694999933242798 3.6112215518951416 -2.922499895095825
v -3.694999933242798 2.5932934284210205 -2.072499990463257
v -3.694999933242798 2.5932934284210205 -2.922499895095825
v -3.7750000953674316 3.6112215518951416 -2.922499895095825
v -3.7750000953674316 3.6112215518951416 -2.072499990463257
v -3.7750000953674316 2.5932934284210205 -2.922499895095825
v -3.7750000953674316 2.5932934284210205 -2.072499990463257
v -3.7750000953674316 3.6112215518951416 -2.922499895095825
v -3.694999933242798 3.6112215518951416 -2.922499895095825
v -3.7750000953674316 3.6112215518951416 -2.072499990463257
v -3.694999933242798 3.6112215518951416 -2.072499990463257
v -3.7750000953674316 2.5932934284210205 -2.072499990463257
v -3.694999933242798 2.5932934284210205 -2.072499990463257
v -3.7750000953674316 2.5932934284210205 -2.922499895095825
v -3.694999933242798 2.5932934284210205 -2.922499895095825
v -3.7750000953674316 3.6112215518951416 -2.072499990463257
v -3.694999933242798 3.6112215518951416 -2.072499990463257
v -3.7750000953674316 2.5932934284210205 -2.072499990463257
v -3.694999933242798 2.5932934284210205 -2.072499990463257
v -3.694999933242798 3.6112215518951416 -2.922499895095825
v -3.7750000953674316 3.6112215518951416 -2.922499895095825
v -3.694999933242798 2.5932934284210205 -2.922499895095825
v -3.7750000953674316 2.5932934284210205 -2.922499895095825
vt 0 1
vt 1 1
vt 0 0
vt 1 0
vt 0 1
vt 1 1
vt 0 0
vt 1 0
vt 0 1
vt 1 1
vt 0 0
vt 1 0
vt 0 1
vt 1 1
vt 0 0
vt 1 0
vt 0 1
vt 1 1
vt 0 0
vt 1 0
vt 0 1
vt 1 1
vt 0 0
vt 1 0
vn 1 0 0
vn 1 0 0
vn 1 0 0
vn 1 0 0
vn -1 0 0
vn -1 0 0
vn -1 0 0
vn -1 0 0
vn 0 1 0
vn 0 1 0
vn 0 1 0
vn 0 1 0
vn 0 -1 0
vn 0 -1 0
vn 0 -1 0
vn 0 -1 0
vn 0 0 1
vn 0 0 1
vn 0 0 1
vn 0 0 1
vn 0 0 -1
vn 0 0 -1
vn 0 0 -1
vn 0 0 -1
f 1225/697/1225 1227/699/1227 1226/698/1226
f 1227/699/1227 1228/700/1228 1226/698/1226
f 1229/701/1229 1231/703/1231 1230/702/1230
f 1231/703/1231 1232/704/1232 1230/702/1230
f 1233/705/1233 1235/707/1235 1234/706/1234
f 1235/707/1235 1236/708/1236 1234/706/1234
f 1237/709/1237 1239/711/1239 1238/710/1238
f 1239/711/1239 1240/712/1240 1238/710/1238
f 1241/713/1241 1243/715/1243 1242/714/1242
f 1243/715/1243 1244/716/1244 1242/714/1242
f 1245/717/1245 1247/719/1247 1246/718/1246
f 1247/719/1247 1248/720/1248 1246/718/1246
o win_b_xp_1
usemtl glass
v 3.7750000953674316 3.6112215518951416 -0.4074999988079071
v 3.7750000953674316 3.6112215518951416 -1.2575000524520874
v 3.7750000953674316 2.5932934284210205 -0.4074999988079071
v 3.7750000953674316 2.5932934284210205 -1.2575000524520874
v 3.694999933242798 3.6112215518951416 -1.2575000524520874
v 3.694999933242798 3.6112215518951416 -0.4074999988079071
v 3.694999933242798 2.5932934284210205 -1.2575000524520874
v 3.694999933242798 2.5932934284210205 -0.4074999988079071
v 3.694999933242798 3.6112215518951416 -1.2575000524520874
v 3.7750000953674316 3.6112215518951416 -1.2575000524520874
v 3.694999933242798 3.6112215518951416 -0.4074999988079071
v 3.7750000953674316 3.6112215518951416 -0.4074999988079071
v 3.694999933242798 2.5932934284210205 -0.4074999988079071
v 3.7750000953674316 2.5932934284210205 -0.4074999988079071
v 3.694999933242798 2.5932934284210205 -1.2575000524520874
v 3.7750000953674316 2.5932934284210205 -1.2575000524520874
v 3.694999933242798 3.6112215518951416 -0.4074999988079071
v 3.7750000953674316 3.6112215518951416 -0.4074999988079071
v 3.694999933242798 2.5932934284210205 -0.4074999988079071
v 3.7750000953674316 2.5932934284210205 -0.4074999988079071
v 3.7750000953674316 3.6112215518951416 -1.2575000524520874
v 3.694999933242798 3.6112215518951416 -1.2575000524520874
v 3.7750000953674316 2.5932934284210205 -1.2575000524520874
v 3.694999933242798 2.5932934284210205 -1.2575000524520874
vt 0 1
vt 1 1
vt 0 0
vt 1 0
vt 0 1
vt 1 1
vt 0 0
vt 1 0
vt 0 1
vt 1 1
vt 0 0
vt 1 0
vt 0 1
vt 1 1
vt 0 0
vt 1 0
vt 0 1
vt 1 1
vt 0 0
vt 1 0
vt 0 1
vt 1 1
vt 0 0
vt 1 0
vn 1 0 0
vn 1 0 0
vn 1 0 0
vn 1 0 0
vn -1 0 0
vn -1 0 0
vn -1 0 0
vn -1 0 0
vn 0 1 0
vn 0 1 0
vn 0 1 0
vn 0 1 0
vn 0 -1 0
vn 0 -1 0
vn 0 -1 0
vn 0 -1 0
vn 0 0 1
vn 0 0 1
vn 0 0 1
vn 0 0 1
vn 0 0 -1
vn 0 0 -1
vn 0 0 -1
vn 0 0 -1
f 1249/721/1249 1251/723/1251 1250/722/1250
f 1251/723/1251 1252/724/1252 1250/722/1250
f 1253/725/1253 1255/727/1255 1254/726/1254
f 1255/727/1255 1256/728/1256 1254/726/1254
f 1257/729/1257 1259/731/1259 1258/730/1258
f 1259/731/1259 1260/732/1260 1258/730/1258
f 1261/733/1261 1263/735/1263 1262/734/1262
f 1263/735/1263 1264/736/1264 1262/734/1262
f 1265/737/1265 1267/739/1267 1266/738/1266
f 1267/739/1267 1268/740/1268 1266/738/1266
f 1269/741/1269 1271/743/1271 1270/742/1270
f 1271/743/1271 1272/744/1272 1270/742/1270
o win_b_xm_1
usemtl glass
v -3.694999933242798 3.6112215518951416 -0.4074999988079071
v -3.694999933242798 3.6112215518951416 -1.2575000524520874
v -3.694999933242798 2.5932934284210205 -0.4074999988079071
v -3.694999933242798 2.5932934284210205 -1.2575000524520874
v -3.7750000953674316 3.6112215518951416 -1.2575000524520874
v -3.7750000953674316 3.6112215518951416 -0.4074999988079071
v -3.7750000953674316 2.5932934284210205 -1.2575000524520874
v -3.7750000953674316 2.5932934284210205 -0.4074999988079071
v -3.7750000953674316 3.6112215518951416 -1.2575000524520874
v -3.694999933242798 3.6112215518951416 -1.2575000524520874
v -3.7750000953674316 3.6112215518951416 -0.4074999988079071
v -3.694999933242798 3.6112215518951416 -0.4074999988079071
v -3.7750000953674316 2.5932934284210205 -0.4074999988079071
v -3.694999933242798 2.5932934284210205 -0.4074999988079071
v -3.7750000953674316 2.5932934284210205 -1.2575000524520874
v -3.694999933242798 2.5932934284210205 -1.2575000524520874
v -3.7750000953674316 3.6112215518951416 -0.4074999988079071
v -3.694999933242798 3.6112215518951416 -0.4074999988079071
v -3.7750000953674316 2.5932934284210205 -0.4074999988079071
v -3.694999933242798 2.5932934284210205 -0.4074999988079071
v -3.694999933242798 3.6112215518951416 -1.2575000524520874
v -3.7750000953674316 3.6112215518951416 -1.2575000524520874
v -3.694999933242798 2.5932934284210205 -1.2575000524520874
v -3.7750000953674316 2.5932934284210205 -1.2575000524520874
vt 0 1
vt 1 1
vt 0 0
vt 1 0
vt 0 1
vt 1 1
vt 0 0
vt 1 0
vt 0 1
vt 1 1
vt 0 0
vt 1 0
vt 0 1
vt 1 1
vt 0 0
vt 1 0
vt 0 1
vt 1 1
vt 0 0
vt 1 0
vt 0 1
vt 1 1
vt 0 0
vt 1 0
vn 1 0 0
vn 1 0 0
vn 1 0 0
vn 1 0 0
vn -1 0 0
vn -1 0 0
vn -1 0 0
vn -1 0 0
vn 0 1 0
vn 0 1 0
vn 0 1 0
vn 0 1 0
vn 0 -1 0
vn 0 -1 0
vn 0 -1 0
vn 0 -1 0
vn 0 0 1
vn 0 0 1
vn 0 0 1
vn 0 0 1
vn 0 0 -1
vn 0 0 -1
vn 0 0 -1
vn 0 0 -1
f 1273/745/1273 1275/747/1275 1274/746/1274
f 1275/747/1275 1276/748/1276 1274/746/1274
f 1277/749/1277 1279/751/1279 1278/750/1278
f 1279/751/1279 1280/752/1280 1278/750/1278
f 1281/753/1281 1283/755/1283 1282/754/1282
f 1283/755/1283 1284/756/1284 1282/754/1282
f 1285/757/1285 1287/759/1287 1286/758/1286
f 1287/759/1287 1288/760/1288 1286/758/1286
f 1289/761/1289 1291/763/1291 1290/762/1290
f 1291/763/1291 1292/764/1292 1290/762/1290
f 1293/765/1293 1295/767/1295 1294/766/1294
f 1295/767/1295 1296/768/1296 1294/766/1294
o win_b_xp_2
usemtl glass
v 3.7750000953674316 3.6112215518951416 1.2575000524520874
v 3.7750000953674316 3.6112215518951416 0.4074999988079071
v 3.7750000953674316 2.5932934284210205 1.2575000524520874
v 3.7750000953674316 2.5932934284210205 0.4074999988079071
v 3.694999933242798 3.6112215518951416 0.4074999988079071
v 3.694999933242798 3.6112215518951416 1.2575000524520874
v 3.694999933242798 2.5932934284210205 0.4074999988079071
v 3.694999933242798 2.5932934284210205 1.2575000524520874
v 3.694999933242798 3.6112215518951416 0.4074999988079071
v 3.7750000953674316 3.6112215518951416 0.4074999988079071
v 3.694999933242798 3.6112215518951416 1.2575000524520874
v 3.7750000953674316 3.6112215518951416 1.2575000524520874
v 3.694999933242798 2.5932934284210205 1.2575000524520874
v 3.7750000953674316 2.5932934284210205 1.2575000524520874
v 3.694999933242798 2.5932934284210205 0.4074999988079071
v 3.7750000953674316 2.5932934284210205 0.4074999988079071
v 3.694999933242798 3.6112215518951416 1.2575000524520874
v 3.7750000953674316 3.6112215518951416 1.2575000524520874
v 3.694999933242798 2.5932934284210205 1.2575000524520874
v 3.7750000953674316 2.5932934284210205 1.2575000524520874
v 3.7750000953674316 3.6112215518951416 0.4074999988079071
v 3.694999933242798 3.6112215518951416 0.4074999988079071
v 3.7750000953674316 2.5932934284210205 0.4074999988079071
v 3.694999933242798 2.5932934284210205 0.4074999988079071
vt 0 1
vt 1 1
vt 0 0
vt 1 0
vt 0 1
vt 1 1
vt 0 0
vt 1 0
vt 0 1
vt 1 1
vt 0 0
vt 1 0
vt 0 1
vt 1 1
vt 0 0
vt 1 0
vt 0 1
vt 1 1
vt 0 0
vt 1 0
vt 0 1
vt 1 1
vt 0 0
vt 1 0
vn 1 0 0
vn 1 0 0
vn 1 0 0
vn 1 0 0
vn -1 0 0
vn -1 0 0
vn -1 0 0
vn -1 0 0
vn 0 1 0
vn 0 1 0
vn 0 1 0
vn 0 1 0
vn 0 -1 0
vn 0 -1 0
vn 0 -1 0
vn 0 -1 0
vn 0 0 1
vn 0 0 1
vn 0 0 1
vn 0 0 1
vn 0 0 -1
vn 0 0 -1
vn 0 0 -1
vn 0 0 -1
f 1297/769/1297 1299/771/1299 1298/770/1298
f 1299/771/1299 1300/772/1300 1298/770/1298
f 1301/773/1301 1303/775/1303 1302/774/1302
f 1303/775/1303 1304/776/1304 1302/774/1302
f 1305/777/1305 1307/779/1307 1306/778/1306
f 1307/779/1307 1308/780/1308 1306/778/1306
f 1309/781/1309 1311/783/1311 1310/782/1310
f 1311/783/1311 1312/784/1312 1310/782/1310
f 1313/785/1313 1315/787/1315 1314/786/1314
f 1315/787/1315 1316/788/1316 1314/786/1314
f 1317/789/1317 1319/791/1319 1318/790/1318
f 1319/791/1319 1320/792/1320 1318/790/1318
o win_b_xm_2
usemtl glass
v -3.694999933242798 3.6112215518951416 1.2575000524520874
v -3.694999933242798 3.6112215518951416 0.4074999988079071
v -3.694999933242798 2.5932934284210205 1.2575000524520874
v -3.694999933242798 2.5932934284210205 0.4074999988079071
v -3.7750000953674316 3.6112215518951416 0.4074999988079071
v -3.7750000953674316 3.6112215518951416 1.2575000524520874
v -3.7750000953674316 2.5932934284210205 0.4074999988079071
v -3.7750000953674316 2.5932934284210205 1.2575000524520874
v -3.7750000953674316 3.6112215518951416 0.4074999988079071
v -3.694999933242798 3.6112215518951416 0.4074999988079071
v -3.7750000953674316 3.6112215518951416 1.2575000524520874
v -3.694999933242798 3.6112215518951416 1.2575000524520874
v -3.7750000953674316 2.5932934284210205 1.2575000524520874
v -3.694999933242798 2.5932934284210205 1.2575000524520874
v -3.7750000953674316 2.5932934284210205 0.4074999988079071
v -3.694999933242798 2.5932934284210205 0.4074999988079071
v -3.7750000953674316 3.6112215518951416 1.2575000524520874
v -3.694999933242798 3.6112215518951416 1.2575000524520874
v -3.7750000953674316 2.5932934284210205 1.2575000524520874
v -3.694999933242798 2.5932934284210205 1.2575000524520874
v -3.694999933242798 3.6112215518951416 0.4074999988079071
v -3.7750000953674316 3.6112215518951416 0.4074999988079071
v -3.694999933242798 2.5932934284210205 0.4074999988079071
v -3.7750000953674316 2.5932934284210205 0.4074999988079071
vt 0 1
vt 1 1
vt 0 0
vt 1 0
vt 0 1
vt 1 1
vt 0 0
vt 1 0
vt 0 1
vt 1 1
vt 0 0
vt 1 0
vt 0 1
vt 1 1
vt 0 0
vt 1 0
vt 0 1
vt 1 1
vt 0 0
vt 1 0
vt 0 1
vt 1 1
vt 0 0
vt 1 0
vn 1 0 0
vn 1 0 0
vn 1 0 0
vn 1 0 0
vn -1 0 0
vn -1 0 0
vn -1 0 0
vn -1 0 0
vn 0 1 0
vn 0 1 0
vn 0 1 0
vn 0 1 0
vn 0 -1 0
vn 0 -1 0
vn 0 -1 0
vn 0 -1 0
vn 0 0 1
vn 0 0 1
vn 0 0 1
vn 0 0 1
vn 0 0 -1
vn 0 0 -1
vn 0 0 -1
vn 0 0 -1
f 1321/793/1321 1323/795/1323 1322/794/1322
f 1323/795/1323 1324/796/1324 1322/794/1322
f 1325/797/1325 1327/799/1327 1326/798/1326
f 1327/799/1327 1328/800/1328 1326/798/1326
f 1329/801/1329 1331/803/1331 1330/802/1330
f 1331/803/1331 1332/804/1332 1330/802/1330
f 1333/805/1333 1335/807/1335 1334/806/1334
f 1335/807/1335 1336/808/1336 1334/806/1334
f 1337/809/1337 1339/811/1339 1338/810/1338
f 1339/811/1339 1340/812/1340 1338/810/1338
f 1341/813/1341 1343/815/1343 1342/814/1342
f 1343/815/1343 1344/816/1344 1342/814/1342
o win_b_xp_3
usemtl glass
v 3.7750000953674316 3.6112215518951416 2.922499895095825
v 3.7750000953674316 3.6112215518951416 2.072499990463257
v 3.7750000953674316 2.5932934284210205 2.922499895095825
v 3.7750000953674316 2.5932934284210205 2.072499990463257
v 3.694999933242798 3.6112215518951416 2.072499990463257
v 3.694999933242798 3.6112215518951416 2.922499895095825
v 3.694999933242798 2.5932934284210205 2.072499990463257
v 3.694999933242798 2.5932934284210205 2.922499895095825
v 3.694999933242798 3.6112215518951416 2.072499990463257
v 3.7750000953674316 3.6112215518951416 2.072499990463257
v 3.694999933242798 3.6112215518951416 2.922499895095825
v 3.7750000953674316 3.6112215518951416 2.922499895095825
v 3.694999933242798 2.5932934284210205 2.922499895095825
v 3.7750000953674316 2.5932934284210205 2.922499895095825
v 3.694999933242798 2.5932934284210205 2.072499990463257
v 3.7750000953674316 2.5932934284210205 2.072499990463257
v 3.694999933242798 3.6112215518951416 2.922499895095825
v 3.7750000953674316 3.6112215518951416 2.922499895095825
v 3.694999933242798 2.5932934284210205 2.922499895095825
v 3.7750000953674316 2.5932934284210205 2.922499895095825
v 3.7750000953674316 3.6112215518951416 2.072499990463257
v 3.694999933242798 3.6112215518951416 2.072499990463257
v 3.7750000953674316 2.5932934284210205 2.072499990463257
v 3.694999933242798 2.5932934284210205 2.072499990463257
vt 0 1
vt 1 1
vt 0 0
vt 1 0
vt 0 1
vt 1 1
vt 0 0
vt 1 0
vt 0 1
vt 1 1
vt 0 0
vt 1 0
vt 0 1
vt 1 1
vt 0 0
vt 1 0
vt 0 1
vt 1 1
vt 0 0
vt 1 0
vt 0 1
vt 1 1
vt 0 0
vt 1 0
vn 1 0 0
vn 1 0 0
vn 1 0 0
vn 1 0 0
vn -1 0 0
vn -1 0 0
vn -1 0 0
vn -1 0 0
vn 0 1 0
vn 0 1 0
vn 0 1 0
vn 0 1 0
vn 0 -1 0
vn 0 -1 0
vn 0 -1 0
vn 0 -1 0
vn 0 0 1
vn 0 0 1
vn 0 0 1
vn 0 0 1
vn 0 0 -1
vn 0 0 -1
vn 0 0 -1
vn 0 0 -1
f 1345/817/1345 1347/819/1347 1346/818/1346
f 1347/819/1347 1348/820/1348 1346/818/1346
f 1349/821/1349 1351/823/1351 1350/822/1350
f 1351/823/1351 1352/824/1352 1350/822/1350
f 1353/825/1353 1355/827/1355 1354/826/1354
f 1355/827/1355 1356/828/1356 1354/826/1354
f 1357/829/1357 1359/831/1359 1358/830/1358
f 1359/831/1359 1360/832/1360 1358/830/1358
f 1361/833/1361 1363/835/1363 1362/834/1362
f 1363/835/1363 1364/836/1364 1362/834/1362
f 1365/837/1365 1367/839/1367 1366/838/1366
f 1367/839/1367 1368/840/1368 1366/838/1366
o win_b_xm_3
usemtl glass
v -3.694999933242798 3.6112215518951416 2.922499895095825
v -3.694999933242798 3.6112215518951416 2.072499990463257
v -3.694999933242798 2.5932934284210205 2.922499895095825
v -3.694999933242798 2.5932934284210205 2.072499990463257
v -3.7750000953674316 3.6112215518951416 2.072499990463257
v -3.7750000953674316 3.6112215518951416 2.922499895095825
v -3.7750000953674316 2.5932934284210205 2.072499990463257
v -3.7750000953674316 2.5932934284210205 2.922499895095825
v -3.7750000953674316 3.6112215518951416 2.072499990463257
v -3.694999933242798 3.6112215518951416 2.072499990463257
v -3.7750000953674316 3.6112215518951416 2.922499895095825
v -3.694999933242798 3.6112215518951416 2.922499895095825
v -3.7750000953674316 2.5932934284210205 2.922499895095825
v -3.694999933242798 2.5932934284210205 2.922499895095825
v -3.7750000953674316 2.5932934284210205 2.072499990463257
v -3.694999933242798 2.5932934284210205 2.072499990463257
v -3.7750000953674316 3.6112215518951416 2.922499895095825
v -3.694999933242798 3.6112215518951416 2.922499895095825
v -3.7750000953674316 2.5932934284210205 2.922499895095825
v -3.694999933242798 2.5932934284210205 2.922499895095825
v -3.694999933242798 3.6112215518951416 2.072499990463257
v -3.7750000953674316 3.6112215518951416 2.072499990463257
v -3.694999933242798 2.5932934284210205 2.072499990463257
v -3.7750000953674316 2.5932934284210205 2.072499990463257
vt 0 1
vt 1 1
vt 0 0
vt 1 0
vt 0 1
vt 1 1
vt 0 0
vt 1 0
vt 0 1
vt 1 1
vt 0 0
vt 1 0
vt 0 1
vt 1 1
vt 0 0
vt 1 0
vt 0 1
vt 1 1
vt 0 0
vt 1 0
vt 0 1
vt 1 1
vt 0 0
vt 1 0
vn 1 0 0
vn 1 0 0
vn 1 0 0
vn 1 0 0
vn -1 0 0
vn -1 0 0
vn -1 0 0
vn -1 0 0
vn 0 1 0
vn 0 1 0
vn 0 1 0
vn 0 1 0
vn 0 -1 0
vn 0 -1 0
vn 0 -1 0
vn 0 -1 0
vn 0 0 1
vn 0 0 1
vn 0 0 1
vn 0 0 1
vn 0 0 -1
vn 0 0 -1
vn 0 0 -1
vn 0 0 -1
f 1369/841/1369 1371/843/1371 1370/842/1370
f 1371/843/1371 1372/844/1372 1370/842/1370
f 1373/845/1373 1375/847/1375 1374/846/1374
f 1375/847/1375 1376/848/1376 1374/846/1374
f 1377/849/1377 1379/851/1379 1378/850/1378
f 1379/851/1379 1380/852/1380 1378/850/1378
f 1381/853/1381 1383/855/1383 1382/854/1382
f 1383/855/1383 1384/856/1384 1382/854/1382
f 1385/857/1385 1387/859/1387 1386/858/1386
f 1387/859/1387 1388/860/1388 1386/858/1386
f 1389/861/1389 1391/863/1391 1390/862/1390
f 1391/863/1391 1392/864/1392 1390/862/1390
o win_c_zp_0
usemtl glass
v -2.3315000534057617 5.210823059082031 3.424999952316284
v -2.3315000534057617 5.210823059082031 3.3450000286102295
v -2.3315000534057617 4.19289493560791 3.424999952316284
v -2.3315000534057617 4.19289493560791 3.3450000286102295
v -3.18149995803833 5.210823059082031 3.3450000286102295
v -3.18149995803833 5.210823059082031 3.424999952316284
v -3.18149995803833 4.19289493560791 3.3450000286102295
v -3.18149995803833 4.19289493560791 3.424999952316284
v -3.18149995803833 5.210823059082031 3.3450000286102295
v -2.3315000534057617 5.210823059082031 3.3450000286102295
v -3.18149995803833 5.210823059082031 3.424999952316284
v -2.3315000534057617 5.210823059082031 3.424999952316284
v -3.18149995803833 4.19289493560791 3.424999952316284
v -2.3315000534057617 4.19289493560791 3.424999952316284
v -3.18149995803833 4.19289493560791 3.3450000286102295
v -2.3315000534057617 4.19289493560791 3.3450000286102295
v -3.18149995803833 5.210823059082031 3.424999952316284
v -2.3315000534057617 5.210823059082031 3.424999952316284
v -3.18149995803833 4.19289493560791 3.424999952316284
v -2.3315000534057617 4.19289493560791 3.424999952316284
v -2.3315000534057617 5.210823059082031 3.3450000286102295
v -3.18149995803833 5.210823059082031 3.3450000286102295
v -2.3315000534057617 4.19289493560791 3.3450000286102295
v -3.18149995803833 4.19289493560791 3.3450000286102295
vt 0 1
vt 1 1
vt 0 0
vt 1 0
vt 0 1
vt 1 1
vt 0 0
vt 1 0
vt 0 1
vt 1 1
vt 0 0
vt 1 0
vt 0 1
vt 1 1
vt 0 0
vt 1 0
vt 0 1
vt 1 1
vt 0 0
vt 1 0
vt 0 1
vt 1 1
vt 0 0
vt 1 0
vn 1 0 0
vn 1 0 0
vn 1 0 0
vn 1 0 0
vn -1 0 0
vn -1 0 0
vn -1 0 0
vn -1 0 0
vn 0 1 0
vn 0 1 0
vn 0 1 0
vn 0 1 0
vn 0 -1 0
vn 0 -1 0
vn 0 -1 0
vn 0 -1 0
vn 0 0 1
vn 0 0 1
vn 0 0 1
vn 0 0 1
vn 0 0 -1
vn 0 0 -1
vn 0 0 -1
vn 0 0 -1
f 1393/865/1393 1395/867/1395 1394/866/1394
f 1395/867/1395 1396/868/1396 1394/866/1394
f 1397/869/1397 1399/871/1399 1398/870/1398
f 1399/871/1399 1400/872/1400 1398/870/1398
f 1401/873/1401 1403/875/1403 1402/874/1402
f 1403/875/1403 1404/876/1404 1402/874/1402
f 1405/877/1405 1407/879/1407 1406/878/1406
f 1407/879/1407 1408/880/1408 1406/878/1406
f 1409/881/1409 1411/883/1411 1410/882/1410
f 1411/883/1411 1412/884/1412 1410/882/1410
f 1413/885/1413 1415/887/1415 1414/886/1414
f 1415/887/1415 1416/888/1416 1414/886/1414
o win_c_zm_0
usemtl glass
v -2.3315000534057617 5.210823059082031 -3.3450000286102295
v -2.3315000534057617 5.210823059082031 -3.424999952316284
v -2.3315000534057617 4.19289493560791 -3.3450000286102295
v -2.3315000534057617 4.19289493560791 -3.424999952316284
v -3.18149995803833 5.210823059082031 -3.424999952316284
v -3.18149995803833 5.210823059082031 -3.3450000286102295
v -3.18149995803833 4.19289493560791 -3.424999952316284
v -3.18149995803833 4.19289493560791 -3.3450000286102295
v -3.18149995803833 5.210823059082031 -3.424999952316284
v -2.3315000534057617 5.210823059082031 -3.424999952316284
v -3.18149995803833 5.210823059082031 -3.3450000286102295
v -2.3315000534057617 5.210823059082031 -3.3450000286102295
v -3.18149995803833 4.19289493560791 -3.3450000286102295
v -2.3315000534057617 4.19289493560791 -3.3450000286102295
v -3.18149995803833 4.19289493560791 -3.424999952316284
v -2.3315000534057617 4.19289493560791 -3.424999952316284
v -3.18149995803833 5.210823059082031 -3.3450000286102295
v -2.3315000534057617 5.210823059082031 -3.3450000286102295
v -3.18149995803833 4.19289493560791 -3.3450000286102295
v -2.3315000534057617 4.19289493560791 -3.3450000286102295
v -2.3315000534057617 5.210823059082031 -3.424999952316284
v -3.18149995803833 5.210823059082031 -3.424999952316284
v -2.3315000534057617 4.19289493560791 -3.424999952316284
v -3.18149995803833 4.19289493560791 -3.424999952316284
vt 0 1
vt 1 1
vt 0 0
vt 1 0
vt 0 1
vt 1 1
vt 0 0
vt 1 0
vt 0 1
vt 1 1
vt 0 0
vt 1 0
vt 0 1
vt 1 1
vt 0 0
vt 1 0
vt 0 1
vt 1 1
vt 0 0
vt 1 0
vt 0 1
vt 1 1
vt 0 0
vt 1 0
vn 1 0 0
vn 1 0 0
vn 1 0 0
vn 1 0 0
vn -1 0 0
vn -1 0 0
vn -1 0 0
vn -1 0 0
vn 0 1 0
vn 0 1 0
vn 0 1 0
vn 0 1 0
vn 0 -1 0
vn 0 -1 0
vn 0 -1 0
vn 0 -1 0
vn 0 0 1
vn 0 0 1
vn 0 0 1
vn 0 0 1
vn 0 0 -1
vn 0 0 -1
vn 0 0 -1
vn 0 0 -1
f 1417/889/1417 1419/891/1419 1418/890/1418
f 1419/891/1419 1420/892/1420 1418/890/1418
f 1421/893/1421 1423/895/1423 1422/894/1422
f 1423/895/1423 1424/896/1424 1422/894/1422
f 1425/897/1425 1427/899/1427 1426/898/1426
f 1427/899/1427 1428/900/1428 1426/898/1426
f 1429/901/1429 1431/903/1431 1430/902/1430
f 1431/903/1431 1432/904/1432 1430/902/1430
f 1433/905/1433 1435/907/1435 1434/906/1434
f 1435/907/1435 1436/908/1436 1434/906/1434
f 1437/909/1437 1439/911/1439 1438/910/1438
f 1439/911/1439 1440/912/1440 1438/910/1438
o win_c_zp_1
usemtl glass
v -0.953249990940094 5.210823059082031 3.424999952316284
v -0.953249990940094 5.210823059082031 3.3450000286102295
v -0.953249990940094 4.19289493560791 3.424999952316284
v -0.953249990940094 4.19289493560791 3.3450000286102295
v -1.8032499551773071 5.210823059082031 3.3450000286102295
v -1.8032499551773071 5.210823059082031 3.424999952316284
v -1.8032499551773071 4.19289493560791 3.3450000286102295
v -1.8032499551773071 4.19289493560791 3.424999952316284
v -1.8032499551773071 5.210823059082031 3.3450000286102295
v -0.953249990940094 5.210823059082031 3.3450000286102295
v -1.8032499551773071 5.210823059082031 3.424999952316284
v -0.953249990940094 5.210823059082031 3.424999952316284
v -1.8032499551773071 4.19289493560791 3.424999952316284
v -0.953249990940094 4.19289493560791 3.424999952316284
v -1.8032499551773071 4.19289493560791 3.3450000286102295
v -0.953249990940094 4.19289493560791 3.3450000286102295
v -1.8032499551773071 5.210823059082031 3.424999952316284
v -0.953249990940094 5.210823059082031 3.424999952316284
v -1.8032499551773071 4.19289493560791 3.424999952316284
v -0.953249990940094 4.19289493560791 3.424999952316284
v -0.953249990940094 5.210823059082031 3.3450000286102295
v -1.8032499551773071 5.210823059082031 3.3450000286102295
v -0.953249990940094 4.19289493560791 3.3450000286102295
v -1.8032499551773071 4.19289493560791 3.3450000286102295
vt 0 1
vt 1 1
vt 0 0
vt 1 0
vt 0 1
vt 1 1
vt 0 0
vt 1 0
vt 0 1
vt 1 1
vt 0 0
vt 1 0
vt 0 1
vt 1 1
vt 0 0
vt 1 0
vt 0 1
vt 1 1
vt 0 0
vt 1 0
vt 0 1
vt 1 1
vt 0 0
vt 1 0
vn 1 0 0
vn 1 0 0
vn 1 0 0
vn 1 0 0
vn -1 0 0
vn -1 0 0
vn -1 0 0
vn -1 0 0
vn 0 1 0
vn 0 1 0
vn 0 1 0
vn 0 1 0
vn 0 -1 0
vn 0 -1 0
vn 0 -1 0
vn 0 -1 0
vn 0 0 1
vn 0 0 1
vn 0 0 1
vn 0 0 1
vn 0 0 -1
vn 0 0 -1
vn 0 0 -1
vn 0 0 -1
f 1441/913/1441 1443/915/1443 1442/914/1442
f 1443/915/1443 1444/916/1444 1442/914/1442
f 1445/917/1445 1447/919/1447 1446/918/1446
f 1447/919/1447 1448/920/1448 1446/918/1446
f 1449/921/1449 1451/923/1451 1450/922/1450
f 1451/923/1451 1452/924/1452 1450/922/1450
f 1453/925/1453 1455/927/1455 1454/926/1454
f 1455/927/1455 1456/928/1456 1454/926/1454
f 1457/929/1457 1459/931/1459 1458/930/1458
f 1459/931/1459 1460/932/1460 1458/930/1458
f 1461/933/1461 1463/935/1463 1462/934/1462
f 1463/935/1463 1464/936/1464 1462/934/1462
o win_c_zm_1
usemtl glass
v -0.953249990940094 5.210823059082031 -3.3450000286102295
v -0.953249990940094 5.210823059082031 -3.424999952316284
v -0.953249990940094 4.19289493560791 -3.3450000286102295
v -0.953249990940094 4.19289493560791 -3.424999952316284
v -1.8032499551773071 5.210823059082031 -3.424999952316284
v -1.8032499551773071 5.210823059082031 -3.3450000286102295
v -1.8032499551773071 4.19289493560791 -3.424999952316284
v -1.8032499551773071 4.19289493560791 -3.3450000286102295
v -1.8032499551773071 5.210823059082031 -3.424999952316284
v -0.953249990940094 5.210823059082031 -3.424999952316284
v -1.8032499551773071 5.210823059082031 -3.3450000286102295
v -0.953249990940094 5.210823059082031 -3.3450000286102295
v -1.8032499551773071 4.19289493560791 -3.3450000286102295
v -0.953249990940094 4.19289493560791 -3.3450000286102295
v -1.8032499551773071 4.19289493560791 -3.424999952316284
v -0.953249990940094 4.19289493560791 -3.424999952316284
v -1.8032499551773071 5.210823059082031 -3.3450000286102295
v -0.953249990940094 5.210823059082031 -3.3450000286102295
v -1.8032499551773071 4.19289493560791 -3.3450000286102295
v -0.953249990940094 4.19289493560791 -3.3450000286102295
v -0.953249990940094 5.210823059082031 -3.424999952316284
v -1.8032499551773071 5.210823059082031 -3.424999952316284
v -0.953249990940094 4.19289493560791 -3.424999952316284
v -1.8032499551773071 4.19289493560791 -3.424999952316284
vt 0 1
vt 1 1
vt 0 0
vt 1 0
vt 0 1
vt 1 1
vt 0 0
vt 1 0
vt 0 1
vt 1 1
vt 0 0
vt 1 0
vt 0 1
vt 1 1
vt 0 0
vt 1 0
vt 0 1
vt 1 1
vt 0 0
vt 1 0
vt 0 1
vt 1 1
vt 0 0
vt 1 0
vn 1 0 0
vn 1 0 0
vn 1 0 0
vn 1 0 0
vn -1 0 0
vn -1 0 0
vn -1 0 0
vn -1 0 0
vn 0 1 0
vn 0 1 0
vn 0 1 0
vn 0 1 0
vn 0 -1 0
vn 0 -1 0
vn 0 -1 0
vn 0 -1 0
vn 0 0 1
vn 0 0 1
vn 0 0 1
vn 0 0 1
vn 0 0 -1
vn 0 0 -1
vn 0 0 -1
vn 0 0 -1
f 1465/937/1465 1467/939/1467 1466/938/1466
f 1467/939/1467 1468/940/1468 1466/938/1466
f 1469/941/1469 1471/943/1471 1470/942/1470
f 1471/943/1471 1472/944/1472 1470/942/1470
f 1473/945/1473 1475/947/1475 1474/946/1474
f 1475/947/1475 1476/948/1476 1474/946/1474
f 1477/949/1477 1479/951/1479 1478/950/1478
f 1479/951/1479 1480/952/1480 1478/950/1478
f 1481/953/1481 1483/955/1483 1482/954/1482
f 1483/955/1483 1484/956/1484 1482/954/1482
f 1485/957/1485 1487/959/1487 1486/958/1486
f 1487/959/1487 1488/960/1488 1486/958/1486
o win_c_zp_2
usemtl glass
v 0.42500001192092896 5.210823059082031 3.424999952316284
v 0.42500001192092896 5.210823059082031 3.3450000286102295
v 0.42500001192092896 4.19289493560791 3.424999952316284
v 0.42500001192092896 4.19289493560791 3.3450000286102295
v -0.42500001192092896 5.210823059082031 3.3450000286102295
v -0.42500001192092896 5.210823059082031 3.424999952316284
v -0.42500001192092896 4.19289493560791 3.3450000286102295
v -0.42500001192092896 4.19289493560791 3.424999952316284
v -0.42500001192092896 5.210823059082031 3.3450000286102295
v 0.42500001192092896 5.210823059082031 3.3450000286102295
v -0.42500001192092896 5.210823059082031 3.424999952316284
v 0.42500001192092896 5.210823059082031 3.424999952316284
v -0.42500001192092896 4.19289493560791 3.424999952316284
v 0.42500001192092896 4.19289493560791 3.424999952316284
v -0.42500001192092896 4.19289493560791 3.3450000286102295
v 0.42500001192092896 4.19289493560791 3.3450000286102295
v -0.42500001192092896 5.210823059082031 3.424999952316284
v 0.42500001192092896 5.210823059082031 3.424999952316284
v -0.42500001192092896 4.19289493560791 3.424999952316284
v 0.42500001192092896 4.19289493560791 3.424999952316284
v 0.42500001192092896 5.210823059082031 3.3450000286102295
v -0.42500001192092896 5.210823059082031 3.3450000286102295
v 0.42500001192092896 4.19289493560791 3.3450000286102295
v -0.42500001192092896 4.19289493560791 3.3450000286102295
vt 0 1
vt 1 1
vt 0 0
vt 1 0
vt 0 1
vt 1 1
vt 0 0
vt 1 0
vt 0 1
vt 1 1
vt 0 0
vt 1 0
vt 0 1
vt 1 1
vt 0 0
vt 1 0
vt 0 1
vt 1 1
vt 0 0
vt 1 0
vt 0 1
vt 1 1
vt 0 0
vt 1 0
vn 1 0 0
vn 1 0 0
vn 1 0 0
vn 1 0 0
vn -1 0 0
vn -1 0 0
vn -1 0 0
vn -1 0 0
vn 0 1 0
vn 0 1 0
vn 0 1 0
vn 0 1 0
vn 0 -1 0
vn 0 -1 0
vn 0 -1 0
vn 0 -1 0
vn 0 0 1
vn 0 0 1
vn 0 0 1
vn 0 0 1
vn 0 0 -1
vn 0 0 -1
vn 0 0 -1
vn 0 0 -1
f 1489/961/1489 1491/963/1491 1490/962/1490
f 1491/963/1491 1492/964/1492 1490/962/1490
f 1493/965/1493 1495/967/1495 1494/966/1494
f 1495/967/1495 1496/968/1496 1494/966/1494
f 1497/969/1497 1499/971/1499 1498/970/1498
f 1499/971/1499 1500/972/1500 1498/970/1498
f 1501/973/1501 1503/975/1503 1502/974/1502
f 1503/975/1503 1504/976/1504 1502/974/1502
f 1505/977/1505 1507/979/1507 1506/978/1506
f 1507/979/1507 1508/980/1508 1506/978/1506
f 1509/981/1509 1511/983/1511 1510/982/1510
f 1511/983/1511 1512/984/1512 1510/982/1510
o win_c_zm_2
usemtl glass
v 0.42500001192092896 5.210823059082031 -3.3450000286102295
v 0.42500001192092896 5.210823059082031 -3.424999952316284
v 0.42500001192092896 4.19289493560791 -3.3450000286102295
v 0.42500001192092896 4.19289493560791 -3.424999952316284
v -0.42500001192092896 5.210823059082031 -3.424999952316284
v -0.42500001192092896 5.210823059082031 -3.3450000286102295
v -0.42500001192092896 4.19289493560791 -3.424999952316284
v -0.42500001192092896 4.19289493560791 -3.3450000286102295
v -0.42500001192092896 5.210823059082031 -3.424999952316284
v 0.42500001192092896 5.210823059082031 -3.424999952316284
v -0.42500001192092896 5.210823059082031 -3.3450000286102295
v 0.42500001192092896 5.210823059082031 -3.3450000286102295
v -0.42500001192092896 4.19289493560791 -3.3450000286102295
v 0.42500001192092896 4.19289493560791 -3.3450000286102295
v -0.42500001192092896 4.19289493560791 -3.424999952316284
v 0.42500001192092896 4.19289493560791 -3.424999952316284
v -0.42500001192092896 5.210823059082031 -3.3450000286102295
v 0.42500001192092896 5.210823059082031 -3.3450000286102295
v -0.42500001192092896 4.19289493560791 -3.3450000286102295
v 0.42500001192092896 4.19289493560791 -3.3450000286102295
v 0.42500001192092896 5.210823059082031 -3.424999952316284
v -0.42500001192092896 5.210823059082031 -3.424999952316284
v 0.42500001192092896 4.19289493560791 -3.424999952316284
v -0.42500001192092896 4.19289493560791 -3.424999952316284
vt 0 1
vt 1 1
vt 0 0
vt 1 0
vt 0 1
vt 1 1
vt 0 0
vt 1 0
vt 0 1
vt 1 1
vt 0 0
vt 1 0
vt 0 1
vt 1 1
vt 0 0
vt 1 0
vt 0 1
vt 1 1
vt 0 0
vt 1 0
vt 0 1
vt 1 1
vt 0 0
vt 1 0
vn 1 0 0
vn 1 0 0
vn 1 0 0
vn 1 0 0
vn -1 0 0
vn -1 0 0
vn -1 0 0
vn -1 0 0
vn 0 1 0
vn 0 1 0
vn 0 1 0
vn 0 1 0
vn 0 -1 0
vn 0 -1 0
vn 0 -1 0
vn 0 -1 0
vn 0 0 1
vn 0 0 1
vn 0 0 1
vn 0 0 1
vn 0 0 -1
vn 0 0 -1
vn 0 0 -1
vn 0 0 -1
f 1513/985/1513 1515/987/1515 1514/986/1514
f 1515/987/1515 1516/988/1516 1514/986/1514
f 1517/989/1517 1519/991/1519 1518/990/1518
f 1519/991/1519 1520/992/1520 1518/990/1518
f 1521/993/1521 1523/995/1523 1522/994/1522
f 1523/995/1523 1524/996/1524 1522/994/1522
f 1525/997/1525 1527/999/1527 1526/998/1526
f 1527/999/1527 1528/1000/1528 1526/998/1526
f 1529/1001/1529 1531/1003/1531 1530/1002/1530
f 1531/1003/1531 1532/1004/1532 1530/1002/1530
f 1533/1005/1533 1535/1007/1535 1534/1006/1534
f 1535/1007/1535 1536/1008/1536 1534/1006/1534
o win_c_zp_3
usemtl glass
v 1.8032499551773071 5.210823059082031 3.424999952316284
v 1.8032499551773071 5.210823059082031 3.3450000286102295
v 1.8032499551773071 4.19289493560791 3.424999952316284
v 1.8032499551773071 4.19289493560791 3.3450000286102295
v 0.953249990940094 5.210823059082031 3.3450000286102295
v 0.953249990940094 5.210823059082031 3.424999952316284
v 0.953249990940094 4.19289493560791 3.3450000286102295
v 0.953249990940094 4.19289493560791 3.424999952316284
v 0.953249990940094 5.210823059082031 3.3450000286102295
v 1.8032499551773071 5.210823059082031 3.3450000286102295
v 0.953249990940094 5.210823059082031 3.424999952316284
v 1.8032499551773071 5.210823059082031 3.424999952316284
v 0.953249990940094 4.19289493560791 3.424999952316284
v 1.8032499551773071 4.19289493560791 3.424999952316284
v 0.953249990940094 4.19289493560791 3.3450000286102295
v 1.8032499551773071 4.19289493560791 3.3450000286102295
v 0.953249990940094 5.210823059082031 3.424999952316284
v 1.8032499551773071 5.210823059082031 3.424999952316284
v 0.953249990940094 4.19289493560791 3.424999952316284
v 1.8032499551773071 4.19289493560791 3.424999952316284
v 1.8032499551773071 5.210823059082031 3.3450000286102295
v 0.953249990940094 5.210823059082031 3.3450000286102295
v 1.8032499551773071 4.19289493560791 3.3450000286102295
v 0.953249990940094 4.19289493560791 3.3450000286102295
vt 0 1
vt 1 1
vt 0 0
vt 1 0
vt 0 1
vt 1 1
vt 0 0
vt 1 0
vt 0 1
vt 1 1
vt 0 0
vt 1 0
vt 0 1
vt 1 1
vt 0 0
vt 1 0
vt 0 1
vt 1 1
vt 0 0
vt 1 0
vt 0 1
vt 1 1
vt 0 0
vt 1 0
vn 1 0 0
vn 1 0 0
vn 1 0 0
vn 1 0 0
vn -1 0 0
vn -1 0 0
vn -1 0 0
vn -1 0 0
vn 0 1 0
vn 0 1 0
vn 0 1 0
vn 0 1 0
vn 0 -1 0
vn 0 -1 0
vn 0 -1 0
vn 0 -1 0
vn 0 0 1
vn 0 0 1
vn 0 0 1
vn 0 0 1
vn 0 0 -1
vn 0 0 -1
vn 0 0 -1
vn 0 0 -1
f 1537/1009/1537 1539/1011/1539 1538/1010/1538
f 1539/1011/1539 1540/1012/1540 1538/1010/1538
f 1541/1013/1541 1543/1015/1543 1542/1014/1542
f 1543/1015/1543 1544/1016/1544 1542/1014/1542
f 1545/1017/1545 1547/1019/1547 1546/1018/1546
f 1547/1019/1547 1548/1020/1548 1546/1018/1546
f 1549/1021/1549 1551/1023/1551 1550/1022/1550
f 1551/1023/1551 1552/1024/1552 1550/1022/1550
f 1553/1025/1553 1555/1027/1555 1554/1026/1554
f 1555/1027/1555 1556/1028/1556 1554/1026/1554
f 1557/1029/1557 1559/1031/1559 1558/1030/1558
f 1559/1031/1559 1560/1032/1560 1558/1030/1558
o win_c_zm_3
usemtl glass
v 1.8032499551773071 5.210823059082031 -3.3450000286102295
v 1.8032499551773071 5.210823059082031 -3.424999952316284
v 1.8032499551773071 4.19289493560791 -3.3450000286102295
v 1.8032499551773071 4.19289493560791 -3.424999952316284
v 0.953249990940094 5.210823059082031 -3.424999952316284
v 0.953249990940094 5.210823059082031 -3.3450000286102295
v 0.953249990940094 4.19289493560791 -3.424999952316284
v 0.953249990940094 4.19289493560791 -3.3450000286102295
v 0.953249990940094 5.210823059082031 -3.424999952316284
v 1.8032499551773071 5.210823059082031 -3.424999952316284
v 0.953249990940094 5.210823059082031 -3.3450000286102295
v 1.8032499551773071 5.210823059082031 -3.3450000286102295
v 0.953249990940094 4.19289493560791 -3.3450000286102295
v 1.8032499551773071 4.19289493560791 -3.3450000286102295
v 0.953249990940094 4.19289493560791 -3.424999952316284
v 1.8032499551773071 4.19289493560791 -3.424999952316284
v 0.953249990940094 5.210823059082031 -3.3450000286102295
v 1.8032499551773071 5.210823059082031 -3.3450000286102295
v 0.953249990940094 4.19289493560791 -3.3450000286102295
v 1.8032499551773071 4.19289493560791 -3.3450000286102295
v 1.8032499551773071 5.210823059082031 -3.424999952316284
v 0.953249990940094 5.210823059082031 -3.424999952316284
v 1.8032499551773071 4.19289493560791 -3.424999952316284
v 0.953249990940094 4.19289493560791 -3.424999952316284
vt 0 1
vt 1 1
vt 0 0
vt 1 0
vt 0 1
vt 1 1
vt 0 0
vt 1 0
vt 0 1
vt 1 1
vt 0 0
vt 1 0
vt 0 1
vt 1 1
vt 0 0
vt 1 0
vt 0 1
vt 1 1
vt 0 0
vt 1 0
vt 0 1
vt 1 1
vt 0 0
vt 1 0
vn 1 0 0
vn 1 0 0
vn 1 0 0
vn 1 0 0
vn -1 0 0
vn -1 0 0
vn -1 0 0
vn -1 0 0
vn 0 1 0
vn 0 1 0
vn 0 1 0
vn 0 1 0
vn 0 -1 0
vn 0 -1 0
vn 0 -1 0
vn 0 -1 0
vn 0 0 1
vn 0 0 1
vn 0 0 1
vn 0 0 1
vn 0 0 -1
vn 0 0 -1
vn 0 0 -1
vn 0 0 -1
f 1561/1033/1561 1563/1035/1563 1562/1034/1562
f 1563/1035/1563 1564/1036/1564 1562/1034/1562
f 1565/1037/1565 1567/1039/1567 1566/1038/1566
f 1567/1039/1567 1568/1040/1568 1566/1038/1566
f 1569/1041/1569 1571/1043/1571 1570/1042/1570
f 1571/1043/1571 1572/1044/1572 1570/1042/1570
f 1573/1045/1573 1575/1047/1575 1574/1046/1574
f 1575/1047/1575 1576/1048/1576 1574/1046/1574
f 1577/1049/1577 1579/1051/1579 1578/1050/1578
f 1579/1051/1579 1580/1052/1580 1578/1050/1578
f 1581/1053/1581 1583/1055/1583 1582/1054/1582
f 1583/1055/1583 1584/1056/1584 1582/1054/1582
o win_c_zp_4
usemtl glass
v 3.18149995803833 5.210823059082031 3.424999952316284
v 3.18149995803833 5.210823059082031 3.3450000286102295
v 3.18149995803833 4.19289493560791 3.424999952316284
v 3.18149995803833 4.19289493560791 3.3450000286102295
v 2.3315000534057617 5.210823059082031 3.3450000286102295
v 2.3315000534057617 5.210823059082031 3.424999952316284
v 2.3315000534057617 4.19289493560791 3.3450000286102295
v 2.3315000534057617 4.19289493560791 3.424999952316284
v 2.3315000534057617 5.210823059082031 3.3450000286102295
v 3.18149995803833 5.210823059082031 3.3450000286102295
v 2.3315000534057617 5.210823059082031 3.424999952316284
v 3.18149995803833 5.210823059082031 3.424999952316284
v 2.3315000534057617 4.19289493560791 3.424999952316284
v 3.18149995803833 4.19289493560791 3.424999952316284
v 2.3315000534057617 4.19289493560791 3.3450000286102295
v 3.18149995803833 4.19289493560791 3.3450000286102295
v 2.3315000534057617 5.210823059082031 3.424999952316284
v 3.18149995803833 5.210823059082031 3.424999952316284
v 2.3315000534057617 4.19289493560791 3.424999952316284
v 3.18149995803833 4.19289493560791 3.424999952316284
v 3.18149995803833 5.210823059082031 3.3450000286102295
v 2.3315000534057617 5.210823059082031 3.3450000286102295
v 3.18149995803833 4.19289493560791 3.3450000286102295
v 2.3315000534057617 4.19289493560791 3.3450000286102295
vt 0 1
vt 1 1
vt 0 0
vt 1 0
vt 0 1
vt 1 1
vt 0 0
vt 1 0
vt 0 1
vt 1 1
vt 0 0
vt 1 0
vt 0 1
vt 1 1
vt 0 0
vt 1 0
vt 0 1
vt 1 1
vt 0 0
vt 1 0
vt 0 1
vt 1 1
vt 0 0
vt 1 0
vn 1 0 0
vn 1 0 0
vn 1 0 0
vn 1 0 0
vn -1 0 0
vn -1 0 0
vn -1 0 0
vn -1 0 0
vn 0 1 0
vn 0 1 0
vn 0 1 0
vn 0 1 0
vn 0 -1 0
vn 0 -1 0
vn 0 -1 0
vn 0 -1 0
vn 0 0 1
vn 0 0 1
vn 0 0 1
vn 0 0 1
vn 0 0 -1
vn 0 0 -1
vn 0 0 -1
vn 0 0 -1
f 1585/1057/1585 1587/1059/1587 1586/1058/1586
f 1587/1059/1587 1588/1060/1588 1586/1058/1586
f 1589/1061/1589 1591/1063/1591 1590/1062/1590
f 1591/1063/1591 1592/1064/1592 1590/1062/1590
f 1593/1065/1593 1595/1067/1595 1594/1066/1594
f 1595/1067/1595 1596/1068/1596 1594/1066/1594
f 1597/1069/1597 1599/1071/1599 1598/1070/1598
f 1599/1071/1599 1600/1072/1600 1598/1070/1598
f 1601/1073/1601 1603/1075/1603 1602/1074/1602
f 1603/1075/1603 1604/1076/1604 1602/1074/1602
f 1605/1077/1605 1607/1079/1607 1606/1078/1606
f 1607/1079/1607 1608/1080/1608 1606/1078/1606
o win_c_zm_4
usemtl glass
v 3.18149995803833 5.210823059082031 -3.3450000286102295
v 3.18149995803833 5.210823059082031 -3.424999952316284
v 3.18149995803833 4.19289493560791 -3.3450000286102295
v 3.18149995803833 4.19289493560791 -3.424999952316284
v 2.3315000534057617 5.210823059082031 -3.424999952316284
v 2.3315000534057617 5.210823059082031 -3.3450000286102295
v 2.3315000534057617 4.19289493560791 -3.424999952316284
v 2.3315000534057617 4.19289493560791 -3.3450000286102295
v 2.3315000534057617 5.210823059082031 -3.424999952316284
v 3.18149995803833 5.210823059082031 -3.424999952316284
v 2.3315000534057617 5.210823059082031 -3.3450000286102295
v 3.18149995803833 5.210823059082031 -3.3450000286102295
v 2.3315000534057617 4.19289493560791 -3.3450000286102295
v 3.18149995803833 4.19289493560791 -3.3450000286102295
v 2.3315000534057617 4.19289493560791 -3.424999952316284
v 3.18149995803833 4.19289493560791 -3.424999952316284
v 2.3315000534057617 5.210823059082031 -3.3450000286102295
v 3.18149995803833 5.210823059082031 -3.3450000286102295
v 2.3315000534057617 4.19289493560791 -3.3450000286102295
v 3.18149995803833 4.19289493560791 -3.3450000286102295
v 3.18149995803833 5.210823059082031 -3.424999952316284
v 2.3315000534057617 5.210823059082031 -3.424999952316284
v 3.18149995803833 4.19289493560791 -3.424999952316284
v 2.3315000534057617 4.19289493560791 -3.424999952316284
vt 0 1
vt 1 1
vt 0 0
vt 1 0
vt 0 1
vt 1 1
vt 0 0
vt 1 0
vt 0 1
vt 1 1
vt 0 0
vt 1 0
vt 0 1
vt 1 1
vt 0 0
vt 1 0
vt 0 1
vt 1 1
vt 0 0
vt 1 0
vt 0 1
vt 1 1
vt 0 0
vt 1 0
vn 1 0 0
vn 1 0 0
vn 1 0 0
vn 1 0 0
vn -1 0 0
vn -1 0 0
vn -1 0 0
vn -1 0 0
vn 0 1 0
vn 0 1 0
vn 0 1 0
vn 0 1 0
vn 0 -1 0
vn 0 -1 0
vn 0 -1 0
vn 0 -1 0
vn 0 0 1
vn 0 0 1
vn 0 0 1
vn 0 0 1
vn 0 0 -1
vn 0 0 -1
vn 0 0 -1
vn 0 0 -1
f 1609/1081/1609 1611/1083/1611 1610/1082/1610
f 1611/1083/1611 1612/1084/1612 1610/1082/1610
f 1613/1085/1613 1615/1087/1615 1614/1086/1614
f 1615/1087/1615 1616/1088/1616 1614/1086/1614
f 1617/1089/1617 1619/1091/1619 1618/1090/1618
f 1619/1091/1619 1620/1092/1620 1618/1090/1618
f 1621/1093/1621 1623/1095/1623 1622/1094/1622
f 1623/1095/1623 1624/1096/1624 1622/1094/1622
f 1625/1097/1625 1627/1099/1627 1626/1098/1626
f 1627/1099/1627 1628/1100/1628 1626/1098/1626
f 1629/1101/1629 1631/1103/1631 1630/1102/1630
f 1631/1103/1631 1632/1104/1632 1630/1102/1630
o win_c_xp_0
usemtl glass
v 3.7750000953674316 5.210823059082031 -2.072499990463257
v 3.7750000953674316 5.210823059082031 -2.922499895095825
v 3.7750000953674316 4.19289493560791 -2.072499990463257
v 3.7750000953674316 4.19289493560791 -2.922499895095825
v 3.694999933242798 5.210823059082031 -2.922499895095825
v 3.694999933242798 5.210823059082031 -2.072499990463257
v 3.694999933242798 4.19289493560791 -2.922499895095825
v 3.694999933242798 4.19289493560791 -2.072499990463257
v 3.694999933242798 5.210823059082031 -2.922499895095825
v 3.7750000953674316 5.210823059082031 -2.922499895095825
v 3.694999933242798 5.210823059082031 -2.072499990463257
v 3.7750000953674316 5.210823059082031 -2.072499990463257
v 3.694999933242798 4.19289493560791 -2.072499990463257
v 3.7750000953674316 4.19289493560791 -2.072499990463257
v 3.694999933242798 4.19289493560791 -2.922499895095825
v 3.7750000953674316 4.19289493560791 -2.922499895095825
v 3.694999933242798 5.210823059082031 -2.072499990463257
v 3.7750000953674316 5.210823059082031 -2.072499990463257
v 3.694999933242798 4.19289493560791 -2.072499990463257
v 3.7750000953674316 4.19289493560791 -2.072499990463257
v 3.7750000953674316 5.210823059082031 -2.922499895095825
v 3.694999933242798 5.210823059082031 -2.922499895095825
v 3.7750000953674316 4.19289493560791 -2.922499895095825
v 3.694999933242798 4.19289493560791 -2.922499895095825
vt 0 1
vt 1 1
vt 0 0
vt 1 0
vt 0 1
vt 1 1
vt 0 0
vt 1 0
vt 0 1
vt 1 1
vt 0 0
vt 1 0
vt 0 1
vt 1 1
vt 0 0
vt 1 0
vt 0 1
vt 1 1
vt 0 0
vt 1 0
vt 0 1
vt 1 1
vt 0 0
vt 1 0
vn 1 0 0
vn 1 0 0
vn 1 0 0
vn 1 0 0
vn -1 0 0
vn -1 0 0
vn -1 0 0
vn -1 0 0
vn 0 1 0
vn 0 1 0
vn 0 1 0
vn 0 1 0
vn 0 -1 0
vn 0 -1 0
vn 0 -1 0
vn 0 -1 0
vn 0 0 1
vn 0 0 1
vn 0 0 1
vn 0 0 1
vn 0 0 -1
vn 0 0 -1
vn 0 0 -1
vn 0 0 -1
f 1633/1105/1633 1635/1107/1635 1634/1106/1634
f 1635/1107/1635 1636/1108/1636 1634/1106/1634
f 1637/1109/1637 1639/1111/1639 1638/1110/1638
f 1639/1111/1639 1640/1112/1640 1638/1110/1638
f 1641/1113/1641 1643/1115/1643 1642/1114/1642
f 1643/1115/1643 1644/1116/1644 1642/1114/1642
f 1645/1117/1645 1647/1119/1647 1646/1118/1646
f 1647/1119/1647 1648/1120/1648 1646/1118/1646
f 1649/1121/1649 1651/1123/1651 1650/1122/1650
f 1651/1123/1651 1652/1124/1652 1650/1122/1650
f 1653/1125/1653 1655/1127/1655 1654/1126/1654
f 1655/1127/1655 1656/1128/1656 1654/1126/1654
o win_c_xm_0
usemtl glass
v -3.694999933242798 5.210823059082031 -2.072499990463257
v -3.694999933242798 5.210823059082031 -2.922499895095825
v -3.694999933242798 4.19289493560791 -2.072499990463257
v -3.694999933242798 4.19289493560791 -2.922499895095825
v -3.7750000953674316 5.210823059082031 -2.922499895095825
v -3.7750000953674316 5.210823059082031 -2.072499990463257
v -3.7750000953674316 4.19289493560791 -2.922499895095825
v -3.7750000953674316 4.19289493560791 -2.072499990463257
v -3.7750000953674316 5.210823059082031 -2.922499895095825
v -3.694999933242798 5.210823059082031 -2.922499895095825
v -3.7750000953674316 5.210823059082031 -2.072499990463257
v -3.694999933242798 5.210823059082031 -2.072499990463257
v -3.7750000953674316 4.19289493560791 -2.072499990463257
v -3.694999933242798 4.19289493560791 -2.072499990463257
v -3.7750000953674316 4.19289493560791 -2.922499895095825
v -3.694999933242798 4.19289493560791 -2.922499895095825
v -3.7750000953674316 5.210823059082031 -2.072499990463257
v -3.694999933242798 5.210823059082031 -2.072499990463257
v -3.7750000953674316 4.19289493560791 -2.072499990463257
v -3.694999933242798 4.19289493560791 -2.072499990463257
v -3.694999933242798 5.210823059082031 -2.922499895095825
v -3.7750000953674316 5.210823059082031 -2.922499895095825
v -3.694999933242798 4.19289493560791 -2.922499895095825
v -3.7750000953674316 4.19289493560791 -2.922499895095825
vt 0 1
vt 1 1
vt 0 0
vt 1 0
vt 0 1
vt 1 1
vt 0 0
vt 1 0
vt 0 1
vt 1 1
vt 0 0
vt 1 0
vt 0 1
vt 1 1
vt 0 0
vt 1 0
vt 0 1
vt 1 1
vt 0 0
vt 1 0
vt 0 1
vt 1 1
vt 0 0
vt 1 0
vn 1 0 0
vn 1 0 0
vn 1 0 0
vn 1 0 0
vn -1 0 0
vn -1 0 0
vn -1 0 0
vn -1 0 0
vn 0 1 0
vn 0 1 0
vn 0 1 0
vn 0 1 0
vn 0 -1 0
vn 0 -1 0
vn 0 -1 0
vn 0 -1 0
vn 0 0 1
vn 0 0 1
vn 0 0 1
vn 0 0 1
vn 0 0 -1
vn 0 0 -1
vn 0 0 -1
vn 0 0 -1
f 1657/1129/1657 1659/1131/1659 1658/1130/1658
f 1659/1131/1659 1660/1132/1660 1658/1130/1658
f 1661/1133/1661 1663/1135/1663 1662/1134/1662
f 1663/1135/1663 1664/1136/1664 1662/1134/1662
f 1665/1137/1665 1667/1139/1667 1666/1138/1666
f 1667/1139/1667 1668/1140/1668 1666/1138/1666
f 1669/1141/1669 1671/1143/1671 1670/1142/1670
f 1671/1143/1671 1672/1144/1672 1670/1142/1670
f 1673/1145/1673 1675/1147/1675 1674/1146/1674
f 1675/1147/1675 1676/1148/1676 1674/1146/1674
f 1677/1149/1677 1679/1151/1679 1678/1150/1678
f 1679/1151/1679 1680/1152/1680 1678/1150/1678
o win_c_xp_1
usemtl glass
v 3.7750000953674316 5.210823059082031 -0.4074999988079071
v 3.7750000953674316 5.210823059082031 -1.2575000524520874
v 3.7750000953674316 4.19289493560791 -0.4074999988079071
v 3.7750000953674316 4.19289493560791 -1.2575000524520874
v 3.694999933242798 5.210823059082031 -1.2575000524520874
v 3.694999933242798 5.210823059082031 -0.4074999988079071
v 3.694999933242798 4.19289493560791 -1.2575000524520874
v 3.694999933242798 4.19289493560791 -0.4074999988079071
v 3.694999933242798 5.210823059082031 -1.2575000524520874
v 3.7750000953674316 5.210823059082031 -1.2575000524520874
v 3.694999933242798 5.210823059082031 -0.4074999988079071
v 3.7750000953674316 5.210823059082031 -0.4074999988079071
v 3.694999933242798 4.19289493560791 -0.4074999988079071
v 3.7750000953674316 4.19289493560791 -0.4074999988079071
v 3.694999933242798 4.19289493560791 -1.2575000524520874
v 3.7750000953674316 4.19289493560791 -1.2575000524520874
v 3.694999933242798 5.210823059082031 -0.4074999988079071
v 3.7750000953674316 5.210823059082031 -0.4074999988079071
v 3.694999933242798 4.19289493560791 -0.4074999988079071
v 3.7750000953674316 4.19289493560791 -0.4074999988079071
v 3.7750000953674316 5.210823059082031 -1.2575000524520874
v 3.694999933242798 5.210823059082031 -1.2575000524520874
v 3.7750000953674316 4.19289493560791 -1.2575000524520874
v 3.694999933242798 4.19289493560791 -1.2575000524520874
vt 0 1
vt 1 1
vt 0 0
vt 1 0
vt 0 1
vt 1 1
vt 0 0
vt 1 0
vt 0 1
vt 1 1
vt 0 0
vt 1 0
vt 0 1
vt 1 1
vt 0 0
vt 1 0
vt 0 1
vt 1 1
vt 0 0
vt 1 0
vt 0 1
vt 1 1
vt 0 0
vt 1 0
vn 1 0 0
vn 1 0 0
vn 1 0 0
vn 1 0 0
vn -1 0 0
vn -1 0 0
vn -1 0 0
vn -1 0 0
vn 0 1 0
vn 0 1 0
vn 0 1 0
vn 0 1 0
vn 0 -1 0
vn 0 -1 0
vn 0 -1 0
vn 0 -1 0
vn 0 0 1
vn 0 0 1
vn 0 0 1
vn 0 0 1
vn 0 0 -1
vn 0 0 -1
vn 0 0 -1
vn 0 0 -1
f 1681/1153/1681 1683/1155/1683 1682/1154/1682
f 1683/1155/1683 1684/1156/1684 1682/1154/1682
f 1685/1157/1685 1687/1159/1687 1686/1158/1686
f 1687/1159/1687 1688/1160/1688 1686/1158/1686
f 1689/1161/1689 1691/1163/1691 1690/1162/1690
f 1691/1163/1691 1692/1164/1692 1690/1162/1690
f 1693/1165/1693 1695/1167/1695 1694/1166/1694
f 1695/1167/1695 1696/1168/1696 1694/1166/1694
f 1697/1169/1697 1699/1171/1699 1698/1170/1698
f 1699/1171/1699 1700/1172/1700 1698/1170/1698
f 1701/1173/1701 1703/1175/1703 1702/1174/1702
f 1703/1175/1703 1704/1176/1704 1702/1174/1702
o win_c_xm_1
usemtl glass
v -3.694999933242798 5.210823059082031 -0.4074999988079071
v -3.694999933242798 5.210823059082031 -1.2575000524520874
v -3.694999933242798 4.19289493560791 -0.4074999988079071
v -3.694999933242798 4.19289493560791 -1.2575000524520874
v -3.7750000953674316 5.210823059082031 -1.2575000524520874
v -3.7750000953674316 5.210823059082031 -0.4074999988079071
v -3.7750000953674316 4.19289493560791 -1.2575000524520874
v -3.7750000953674316 4.19289493560791 -0.4074999988079071
v -3.7750000953674316 5.210823059082031 -1.2575000524520874
v -3.694999933242798 5.210823059082031 -1.2575000524520874
v -3.7750000953674316 5.210823059082031 -0.4074999988079071
v -3.694999933242798 5.210823059082031 -0.4074999988079071
v -3.7750000953674316 4.19289493560791 -0.4074999988079071
v -3.694999933242798 4.19289493560791 -0.4074999988079071
v -3.7750000953674316 4.19289493560791 -1.2575000524520874
v -3.694999933242798 4.19289493560791 -1.2575000524520874
v -3.7750000953674316 5.210823059082031 -0.4074999988079071
v -3.694999933242798 5.210823059082031 -0.4074999988079071
v -3.7750000953674316 4.19289493560791 -0.4074999988079071
v -3.694999933242798 4.19289493560791 -0.4074999988079071
v -3.694999933242798 5.210823059082031 -1.2575000524520874
v -3.7750000953674316 5.210823059082031 -1.2575000524520874
v -3.694999933242798 4.19289493560791 -1.2575000524520874
v -3.7750000953674316 4.19289493560791 -1.2575000524520874
vt 0 1
vt 1 1
vt 0 0
vt 1 0
vt 0 1
vt 1 1
vt 0 0
vt 1 0
vt 0 1
vt 1 1
vt 0 0
vt 1 0
vt 0 1
vt 1 1
vt 0 0
vt 1 0
vt 0 1
vt 1 1
vt 0 0
vt 1 0
vt 0 1
vt 1 1
vt 0 0
vt 1 0
vn 1 0 0
vn 1 0 0
vn 1 0 0
vn 1 0 0
vn -1 0 0
vn -1 0 0
vn -1 0 0
vn -1 0 0
vn 0 1 0
vn 0 1 0
vn 0 1 0
vn 0 1 0
vn 0 -1 0
vn 0 -1 0
vn 0 -1 0
vn 0 -1 0
vn 0 0 1
vn 0 0 1
vn 0 0 1
vn 0 0 1
vn 0 0 -1
vn 0 0 -1
vn 0 0 -1
vn 0 0 -1
f 1705/1177/1705 1707/1179/1707 1706/1178/1706
f 1707/1179/1707 1708/1180/1708 1706/1178/1706
f 1709/1181/1709 1711/1183/1711 1710/1182/1710
f 1711/1183/1711 1712/1184/1712 1710/1182/1710
f 1713/1185/1713 1715/1187/1715 1714/1186/1714
f 1715/1187/1715 1716/1188/1716 1714/1186/1714
f 1717/1189/1717 1719/1191/1719 1718/1190/1718
f 1719/1191/1719 1720/1192/1720 1718/1190/1718
f 1721/1193/1721 1723/1195/1723 1722/1194/1722
f 1723/1195/1723 1724/1196/1724 1722/1194/1722
f 1725/1197/1725 1727/1199/1727 1726/1198/1726
f 1727/1199/1727 1728/1200/1728 1726/1198/1726
o win_c_xp_2
usemtl glass
v 3.7750000953674316 5.210823059082031 1.2575000524520874
v 3.7750000953674316 5.210823059082031 0.4074999988079071
v 3.7750000953674316 4.19289493560791 1.2575000524520874
v 3.7750000953674316 4.19289493560791 0.4074999988079071
v 3.694999933242798 5.210823059082031 0.4074999988079071
v 3.694999933242798 5.210823059082031 1.2575000524520874
v 3.694999933242798 4.19289493560791 0.4074999988079071
v 3.694999933242798 4.19289493560791 1.2575000524520874
v 3.694999933242798 5.210823059082031 0.4074999988079071
v 3.7750000953674316 5.210823059082031 0.4074999988079071
v 3.694999933242798 5.210823059082031 1.2575000524520874
v 3.7750000953674316 5.210823059082031 1.2575000524520874
v 3.694999933242798 4.19289493560791 1.2575000524520874
v 3.7750000953674316 4.19289493560791 1.2575000524520874
v 3.694999933242798 4.19289493560791 0.4074999988079071
v 3.7750000953674316 4.19289493560791 0.4074999988079071
v 3.694999933242798 5.210823059082031 1.2575000524520874
v 3.7750000953674316 5.210823059082031 1.2575000524520874
v 3.694999933242798 4.19289493560791 1.2575000524520874
v 3.7750000953674316 4.19289493560791 1.2575000524520874
v 3.7750000953674316 5.210823059082031 0.4074999988079071
v 3.694999933242798 5.210823059082031 0.4074999988079071
v 3.7750000953674316 4.19289493560791 0.4074999988079071
v 3.694999933242798 4.19289493560791 0.4074999988079071
vt 0 1
vt 1 1
vt 0 0
vt 1 0
vt 0 1
vt 1 1
vt 0 0
vt 1 0
vt 0 1
vt 1 1
vt 0 0
vt 1 0
vt 0 1
vt 1 1
vt 0 0
vt 1 0
vt 0 1
vt 1 1
vt 0 0
vt 1 0
vt 0 1
vt 1 1
vt 0 0
vt 1 0
vn 1 0 0
vn 1 0 0
vn 1 0 0
vn 1 0 0
vn -1 0 0
vn -1 0 0
vn -1 0 0
vn -1 0 0
vn 0 1 0
vn 0 1 0
vn 0 1 0
vn 0 1 0
vn 0 -1 0
vn 0 -1 0
vn 0 -1 0
vn 0 -1 0
vn 0 0 1
vn 0 0 1
vn 0 0 1
vn 0 0 1
vn 0 0 -1
vn 0 0 -1
vn 0 0 -1
vn 0 0 -1
f 1729/1201/1729 1731/1203/1731 1730/1202/1730
f 1731/1203/1731 1732/1204/1732 1730/1202/1730
f 1733/1205/1733 1735/1207/1735 1734/1206/1734
f 1735/1207/1735 1736/1208/1736 1734/1206/1734
f 1737/1209/1737 1739/1211/1739 1738/1210/1738
f 1739/1211/1739 1740/1212/1740 1738/1210/1738
f 1741/1213/1741 1743/1215/1743 1742/1214/1742
f 1743/1215/1743 1744/1216/1744 1742/1214/1742
f 1745/1217/1745 1747/1219/1747 1746/1218/1746
f 1747/1219/1747 1748/1220/1748 1746/1218/1746
f 1749/1221/1749 1751/1223/1751 1750/1222/1750
f 1751/1223/1751 1752/1224/1752 1750/1222/1750
o win_c_xm_2
usemtl glass
v -3.694999933242798 5.210823059082031 1.2575000524520874
v -3.694999933242798 5.210823059082031 0.4074999988079071
v -3.694999933242798 4.19289493560791 1.2575000524520874
v -3.694999933242798 4.19289493560791 0.4074999988079071
v -3.7750000953674316 5.210823059082031 0.4074999988079071
v -3.7750000953674316 5.210823059082031 1.2575000524520874
v -3.7750000953674316 4.19289493560791 0.4074999988079071
v -3.7750000953674316 4.19289493560791 1.2575000524520874
v -3.7750000953674316 5.210823059082031 0.4074999988079071
v -3.694999933242798 5.210823059082031 0.4074999988079071
v -3.7750000953674316 5.210823059082031 1.2575000524520874
v -3.694999933242798 5.210823059082031 1.2575000524520874
v -3.7750000953674316 4.19289493560791 1.2575000524520874
v -3.694999933242798 4.19289493560791 1.2575000524520874
v -3.7750000953674316 4.19289493560791 0.4074999988079071
v -3.694999933242798 4.19289493560791 0.4074999988079071
v -3.7750000953674316 5.210823059082031 1.2575000524520874
v -3.694999933242798 5.210823059082031 1.2575000524520874
v -3.7750000953674316 4.19289493560791 1.2575000524520874
v -3.694999933242798 4.19289493560791 1.2575000524520874
v -3.694999933242798 5.210823059082031 0.4074999988079071
v -3.7750000953674316 5.210823059082031 0.4074999988079071
v -3.694999933242798 4.19289493560791 0.4074999988079071
v -3.7750000953674316 4.19289493560791 0.4074999988079071
vt 0 1
vt 1 1
vt 0 0
vt 1 0
vt 0 1
vt 1 1
vt 0 0
vt 1 0
vt 0 1
vt 1 1
vt 0 0
vt 1 0
vt 0 1
vt 1 1
vt 0 0
vt 1 0
vt 0 1
vt 1 1
vt 0 0
vt 1 0
vt 0 1
vt 1 1
vt 0 0
vt 1 0
vn 1 0 0
vn 1 0 0
vn 1 0 0
vn 1 0 0
vn -1 0 0
vn -1 0 0
vn -1 0 0
vn -1 0 0
vn 0 1 0
vn 0 1 0
vn 0 1 0
vn 0 1 0
vn 0 -1 0
vn 0 -1 0
vn 0 -1 0
vn 0 -1 0
vn 0 0 1
vn 0 0 1
vn 0 0 1
vn 0 0 1
vn 0 0 -1
vn 0 0 -1
vn 0 0 -1
vn 0 0 -1
f 1753/1225/1753 1755/1227/1755 1754/1226/1754
f 1755/1227/1755 1756/1228/1756 1754/1226/1754
f 1757/1229/1757 1759/1231/1759 1758/1230/1758
f 1759/1231/1759 1760/1232/1760 1758/1230/1758
f 1761/1233/1761 1763/1235/1763 1762/1234/1762
f 1763/1235/1763 1764/1236/1764 1762/1234/1762
f 1765/1237/1765 1767/1239/1767 1766/1238/1766
f 1767/1239/1767 1768/1240/1768 1766/1238/1766
f 1769/1241/1769 1771/1243/1771 1770/1242/1770
f 1771/1243/1771 1772/1244/1772 1770/1242/1770
f 1773/1245/1773 1775/1247/1775 1774/1246/1774
f 1775/1247/1775 1776/1248/1776 1774/1246/1774
o win_c_xp_3
usemtl glass
v 3.7750000953674316 5.210823059082031 2.922499895095825
v 3.7750000953674316 5.210823059082031 2.072499990463257
v 3.7750000953674316 4.19289493560791 2.922499895095825
v 3.7750000953674316 4.19289493560791 2.072499990463257
v 3.694999933242798 5.210823059082031 2.072499990463257
v 3.694999933242798 5.210823059082031 2.922499895095825
v 3.694999933242798 4.19289493560791 2.072499990463257
v 3.694999933242798 4.19289493560791 2.922499895095825
v 3.694999933242798 5.210823059082031 2.072499990463257
v 3.7750000953674316 5.210823059082031 2.072499990463257
v 3.694999933242798 5.210823059082031 2.922499895095825
v 3.7750000953674316 5.210823059082031 2.922499895095825
v 3.694999933242798 4.19289493560791 2.922499895095825
v 3.7750000953674316 4.19289493560791 2.922499895095825
v 3.694999933242798 4.19289493560791 2.072499990463257
v 3.7750000953674316 4.19289493560791 2.072499990463257
v 3.694999933242798 5.210823059082031 2.922499895095825
v 3.7750000953674316 5.210823059082031 2.922499895095825
v 3.694999933242798 4.19289493560791 2.922499895095825
v 3.7750000953674316 4.19289493560791 2.922499895095825
v 3.7750000953674316 5.210823059082031 2.072499990463257
v 3.694999933242798 5.210823059082031 2.072499990463257
v 3.7750000953674316 4.19289493560791 2.072499990463257
v 3.694999933242798 4.19289493560791 2.072499990463257
vt 0 1
vt 1 1
vt 0 0
vt 1 0
vt 0 1
vt 1 1
vt 0 0
vt 1 0
vt 0 1
vt 1 1
vt 0 0
vt 1 0
vt 0 1
vt 1 1
vt 0 0
vt 1 0
vt 0 1
vt 1 1
vt 0 0
vt 1 0
vt 0 1
vt 1 1
vt 0 0
vt 1 0
vn 1 0 0
vn 1 0 0
vn 1 0 0
vn 1 0 0
vn -1 0 0
vn -1 0 0
vn -1 0 0
vn -1 0 0
vn 0 1 0
vn 0 1 0
vn 0 1 0
vn 0 1 0
vn 0 -1 0
vn 0 -1 0
vn 0 -1 0
vn 0 -1 0
vn 0 0 1
vn 0 0 1
vn 0 0 1
vn 0 0 1
vn 0 0 -1
vn 0 0 -1
vn 0 0 -1
vn 0 0 -1
f 1777/1249/1777 1779/1251/1779 1778/1250/1778
f 1779/1251/1779 1780/1252/1780 1778/1250/1778
f 1781/1253/1781 1783/1255/1783 1782/1254/1782
f 1783/1255/1783 1784/1256/1784 1782/1254/1782
f 1785/1257/1785 1787/1259/1787 1786/1258/1786
f 1787/1259/1787 1788/1260/1788 1786/1258/1786
f 1789/1261/1789 1791/1263/1791 1790/1262/1790
f 1791/1263/1791 1792/1264/1792 1790/1262/1790
f 1793/1265/1793 1795/1267/1795 1794/1266/1794
f 1795/1267/1795 1796/1268/1796 1794/1266/1794
f 1797/1269/1797 1799/1271/1799 1798/1270/1798
f 1799/1271/1799 1800/1272/1800 1798/1270/1798
o win_c_xm_3
usemtl glass
v -3.694999933242798 5.210823059082031 2.922499895095825
v -3.694999933242798 5.210823059082031 2.072499990463257
v -3.694999933242798 4.19289493560791 2.922499895095825
v -3.694999933242798 4.19289493560791 2.072499990463257
v -3.7750000953674316 5.210823059082031 2.072499990463257
v -3.7750000953674316 5.210823059082031 2.922499895095825
v -3.7750000953674316 4.19289493560791 2.072499990463257
v -3.7750000953674316 4.19289493560791 2.922499895095825
v -3.7750000953674316 5.210823059082031 2.072499990463257
v -3.694999933242798 5.210823059082031 2.072499990463257
v -3.7750000953674316 5.210823059082031 2.922499895095825
v -3.694999933242798 5.210823059082031 2.922499895095825
v -3.7750000953674316 4.19289493560791 2.922499895095825
v -3.694999933242798 4.19289493560791 2.922499895095825
v -3.7750000953674316 4.19289493560791 2.072499990463257
v -3.694999933242798 4.19289493560791 2.072499990463257
v -3.7750000953674316 5.210823059082031 2.922499895095825
v -3.694999933242798 5.210823059082031 2.922499895095825
v -3.7750000953674316 4.19289493560791 2.922499895095825
v -3.694999933242798 4.19289493560791 2.922499895095825
v -3.694999933242798 5.210823059082031 2.072499990463257
v -3.7750000953674316 5.210823059082031 2.072499990463257
v -3.694999933242798 4.19289493560791 2.072499990463257
v -3.7750000953674316 4.19289493560791 2.072499990463257
vt 0 1
vt 1 1
vt 0 0
vt 1 0
vt 0 1
vt 1 1
vt 0 0
vt 1 0
vt 0 1
vt 1 1
vt 0 0
vt 1 0
vt 0 1
vt 1 1
vt 0 0
vt 1 0
vt 0 1
vt 1 1
vt 0 0
vt 1 0
vt 0 1
vt 1 1
vt 0 0
vt 1 0
vn 1 0 0
vn 1 0 0
vn 1 0 0
vn 1 0 0
vn -1 0 0
vn -1 0 0
vn -1 0 0
vn -1 0 0
vn 0 1 0
vn 0 1 0
vn 0 1 0
vn 0 1 0
vn 0 -1 0
vn 0 -1 0
vn 0 -1 0
vn 0 -1 0
vn 0 0 1
vn 0 0 1
vn 0 0 1
vn 0 0 1
vn 0 0 -1
vn 0 0 -1
vn 0 0 -1
vn 0 0 -1
f 1801/1273/1801 1803/1275/1803 1802/1274/1802
f 1803/1275/1803 1804/1276/1804 1802/1274/1802
f 1805/1277/1805 1807/1279/1807 1806/1278/1806
f 1807/1279/1807 1808/1280/1808 1806/1278/1806
f 1809/1281/1809 1811/1283/1811 1810/1282/1810
f 1811/1283/1811 1812/1284/1812 1810/1282/1810
f 1813/1285/1813 1815/1287/1815 1814/1286/1814
f 1815/1287/1815 1816/1288/1816 1814/1286/1814
f 1817/1289/1817 1819/1291/1819 1818/1290/1818
f 1819/1291/1819 1820/1292/1820 1818/1290/1818
f 1821/1293/1821 1823/1295/1823 1822/1294/1822
f 1823/1295/1823 1824/1296/1824 1822/1294/1822
o belt_course
usemtl brick
v -3.759999990463257 2.326693296432495 -3.380000114440918
v -3.759999990463257 2.4236388206481934 3.380000114440918
v -3.759999990463257 2.4236388206481934 -3.380000114440918
v -3.759999990463257 2.326693296432495 -3.380000114440918
v -3.759999990463257 2.326693296432495 3.380000114440918
v -3.759999990463257 2.4236388206481934 3.380000114440918
v 3.759999990463257 2.326693296432495 -3.380000114440918
v 3.759999990463257 2.4236388206481934 -3.380000114440918
v 3.759999990463257 2.4236388206481934 3.380000114440918
v 3.759999990463257 2.326693296432495 -3.380000114440918
v 3.759999990463257 2.4236388206481934 3.380000114440918
v 3.759999990463257 2.326693296432495 3.380000114440918
v -3.7300000190734863 2.297609329223633 -3.380000114440918
v 3.7300000190734863 2.297609329223633 -3.380000114440918
v 3.7300000190734863 2.297609329223633 3.380000114440918
v -3.7300000190734863 2.297609329223633 -3.380000114440918
v 3.7300000190734863 2.297609329223633 3.380000114440918
v -3.7300000190734863 2.297609329223633 3.380000114440918
v -3.7300000190734863 2.4527223110198975 -3.380000114440918
v 3.7300000190734863 2.4527223110198975 3.380000114440918
v 3.7300000190734863 2.4527223110198975 -3.380000114440918
v -3.7300000190734863 2.4527223110198975 -3.380000114440918
v -3.7300000190734863 2.4527223110198975 3.380000114440918
v 3.7300000190734863 2.4527223110198975 3.380000114440918
v -3.7300000190734863 2.326693296432495 -3.4100000858306885
v 3.7300000190734863 2.4236388206481934 -3.4100000858306885
v 3.7300000190734863 2.326693296432495 -3.4100000858306885
v -3.7300000190734863 2.326693296432495 -3.4100000858306885
v -3.7300000190734863 2.4236388206481934 -3.4100000858306885
v 3.7300000190734863 2.4236388206481934 -3.4100000858306885
v -3.7300000190734863 2.326693296432495 3.4100000858306885
v 3.7300000190734863 2.326693296432495 3.4100000858306885
v 3.7300000190734863 2.4236388206481934 3.4100000858306885
v -3.7300000190734863 2.326693296432495 3.4100000858306885
v 3.7300000190734863 2.4236388206481934 3.4100000858306885
v -3.7300000190734863 2.4236388206481934 3.4100000858306885
v -3.759999990463257 2.326693296432495 -3.380000114440918
v -3.7300000190734863 2.297609329223633 -3.380000114440918
v -3.7300000190734863 2.297609329223633 3.380000114440918
v -3.759999990463257 2.326693296432495 -3.380000114440918
v -3.7300000190734863 2.297609329223633 3.380000114440918
v -3.759999990463257 2.326693296432495 3.380000114440918
v -3.759999990463257 2.4236388206481934 -3.380000114440918
v -3.7300000190734863 2.4527223110198975 3.380000114440918
v -3.7300000190734863 2.4527223110198975 -3.380000114440918
v -3.759999990463257 2.4236388206481934 -3.380000114440918
v -3.759999990463257 2.4236388206481934 3.380000114440918
v -3.7300000190734863 2.4527223110198975 3.380000114440918
v 3.759999990463257 2.326693296432495 -3.380000114440918
v 3.7300000190734863 2.297609329223633 3.380000114440918
v 3.7300000190734863 2.297609329223633 -3.380000114440918
v 3.759999990463257 2.326693296432495 -3.380000114440918
v 3.759999990463257 2.326693296432495 3.380000114440918
v 3.7300000190734863 2.297609329223633 3.380000114440918
v 3.759999990463257 2.4236388206481934 -3.380000114440918
v 3.7300000190734863 2.4527223110198975 -3.380000114440918
v 3.7300000190734863 2.4527223110198975 3.380000114440918
v 3.759999990463257 2.4236388206481934 -3.380000114440918
v 3.7300000190734863 2.4527223110198975 3.380000114440918
v 3.759999990463257 2.4236388206481934 3.380000114440918
v -3.759999990463257 2.326693296432495 -3.380000114440918
v -3.7300000190734863 2.4236388206481934 -3.4100000858306885
v -3.7300000190734863 2.326693296432495 -3.4100000858306885
v -3.759999990463257 2.326693296432495 -3.380000114440918
v -3.759999990463257 2.4236388206481934 -3.380000114440918
v -3.7300000190734863 2.4236388206481934 -3.4100000858306885
v -3.759999990463257 2.326693296432495 3.380000114440918
v -3.7300000190734863 2.326693296432495 3.4100000858306885
v -3.7300000190734863 2.4236388206481934 3.4100000858306885
v -3.759999990463257 2.326693296432495 3.380000114440918
v -3.7300000190734863 2.4236388206481934 3.4100000858306885
v -3.759999990463257 2.4236388206481934 3.380000114440918
v 3.759999990463257 2.326693296432495 -3.380000114440918
v 3.7300000190734863 2.326693296432495 -3.4100000858306885
v 3.7300000190734863 2.4236388206481934 -3.4100000858306885
v 3.759999990463257 2.326693296432495 -3.380000114440918
v 3.7300000190734863 2.4236388206481934 -3.4100000858306885
v 3.759999990463257 2.4236388206481934 -3.380000114440918
v 3.759999990463257 2.326693296432495 3.380000114440918
v 3.7300000190734863 2.4236388206481934 3.4100000858306885
v 3.7300000190734863 2.326693296432495 3.4100000858306885
v 3.759999990463257 2.326693296432495 3.380000114440918
v 3.759999990463257 2.4236388206481934 3.380000114440918
v 3.7300000190734863 2.4236388206481934 3.4100000858306885
v -3.7300000190734863 2.297609329223633 -3.380000114440918
v -3.7300000190734863 2.326693296432495 -3.4100000858306885
v 3.7300000190734863 2.326693296432495 -3.4100000858306885
v -3.7300000190734863 2.297609329223633 -3.380000114440918
v 3.7300000190734863 2.326693296432495 -3.4100000858306885
v 3.7300000190734863 2.297609329223633 -3.380000114440918
v -3.7300000190734863 2.297609329223633 3.380000114440918
v 3.7300000190734863 2.326693296432495 3.4100000858306885
v -3.7300000190734863 2.326693296432495 3.4100000858306885
v -3.7300000190734863 2.297609329223633 3.380000114440918
v 3.7300000190734863 2.297609329223633 3.380000114440918
v 3.7300000190734863 2.326693296432495 3.4100000858306885
v -3.7300000190734863 2.4527223110198975 -3.380000114440918
v 3.7300000190734863 2.4236388206481934 -3.4100000858306885
v -3.7300000190734863 2.4236388206481934 -3.4100000858306885
v -3.7300000190734863 2.4527223110198975 -3.380000114440918
v 3.7300000190734863 2.4527223110198975 -3.380000114440918
v 3.7300000190734863 2.4236388206481934 -3.4100000858306885
v -3.7300000190734863 2.4527223110198975 3.380000114440918
v -3.7300000190734863 2.4236388206481934 3.4100000858306885
v 3.7300000190734863 2.4236388206481934 3.4100000858306885
v -3.7300000190734863 2.4527223110198975 3.380000114440918
v 3.7300000190734863 2.4236388206481934 3.4100000858306885
v 3.7300000190734863 2.4527223110198975 3.380000114440918
v -3.759999990463257 2.326693296432495 -3.380000114440918
v -3.7300000190734863 2.326693296432495 -3.4100000858306885
v -3.7300000190734863 2.297609329223633 -3.380000114440918
v -3.759999990463257 2.326693296432495 3.380000114440918
v -3.7300000190734863 2.297609329223633 3.380000114440918
v -3.7300000190734863 2.326693296432495 3.4100000858306885
v -3.759999990463257 2.4236388206481934 -3.380000114440918
v -3.7300000190734863 2.4527223110198975 -3.380000114440918
v -3.7300000190734863 2.4236388206481934 -3.4100000858306885
v -3.759999990463257 2.4236388206481934 3.380000114440918
v -3.7300000190734863 2.4236388206481934 3.4100000858306885
v -3.7300000190734863 2.4527223110198975 3.380000114440918
v 3.759999990463257 2.326693296432495 -3.380000114440918
v 3.7300000190734863 2.297609329223633 -3.380000114440918
v 3.7300000190734863 2.326693296432495 -3.4100000858306885
v 3.759999990463257 2.326693296432495 3.380000114440918
v 3.7300000190734863 2.326693296432495 3.4100000858306885
v 3.7300000190734863 2.297609329223633 3.380000114440918
v 3.759999990463257 2.4236388206481934 -3.380000114440918
v 3.7300000190734863 2.4236388206481934 -3.4100000858306885
v 3.7300000190734863 2.4527223110198975 -3.380000114440918
v 3.759999990463257 2.4236388206481934 3.380000114440918
v 3.7300000190734863 2.4527223110198975 3.380000114440918
v 3.7300000190734863 2.4236388206481934 3.4100000858306885
vn -1 0 0
vn -1 0 0
vn -1 0 0
vn -1 0 0
vn -1 0 0
vn -1 0 0
vn 1 0 0
vn 1 0 0
vn 1 0 0
vn 1 0 0
vn 1 0 0
vn 1 0 0
vn 0 -1 0
vn 0 -1 0
vn 0 -1 0
vn 0 -1 0
vn 0 -1 0
vn 0 -1 0
vn 0 1 0
vn 0 1 0
vn 0 1 0
vn 0 1 0
vn 0 1 0
vn 0 1 0
vn 0 0 -1
vn 0 0 -1
vn 0 0 -1
vn 0 0 -1
vn 0 0 -1
vn 0 0 -1
vn 0 0 1
vn 0 0 1
vn 0 0 1
vn 0 0 1
vn 0 0 1
vn 0 0 1
vn -0.6960567704625277 -0.7179867493855832 0
vn -0.6960567704625277 -0.7179867493855832 0
vn -0.6960567704625277 -0.7179867493855832 0
vn -0.6960567704625277 -0.7179867493855832 0
vn -0.6960567704625277 -0.7179867493855832 0
vn -0.6960567704625277 -0.7179867493855832 0
vn -0.6960567704625277 0.7179867493855832 0
vn -0.6960567704625277 0.7179867493855832 0
vn -0.6960567704625277 0.7179867493855832 0
vn -0.6960567704625277 0.7179867493855832 0
vn -0.6960567704625277 0.7179867493855832 0
vn -0.6960567704625277 0.7179867493855832 0
vn 0.6960567704625277 -0.7179867493855832 0
vn 0.6960567704625277 -0.7179867493855832 0
vn 0.6960567704625277 -0.7179867493855832 0
vn 0.6960567704625277 -0.7179867493855832 0
vn 0.6960567704625277 -0.7179867493855832 0
vn 0.6960567704625277 -0.7179867493855832 0
vn 0.6960567704625277 0.7179867493855832 0
vn 0.6960567704625277 0.7179867493855832 0
vn 0.6960567704625277 0.7179867493855832 0
vn 0.6960567704625277 0.7179867493855832 0
vn 0.6960567704625277 0.7179867493855832 0
vn 0.6960567704625277 0.7179867493855832 0
vn -0.7071067811865476 0 -0.7071067811865476
vn -0.7071067811865476 0 -0.7071067811865476
vn -0.7071067811865476 0 -0.7071067811865476
vn -0.7071067811865476 0 -0.7071067811865476
vn -0.7071067811865476 0 -0.7071067811865476
vn -0.7071067811865476 0 -0.7071067811865476
vn -0.7071067811865476 0 0.7071067811865476
vn -0.7071067811865476 0 0.7071067811865476
vn -0.7071067811865476 0 0.7071067811865476
vn -0.7071067811865476 0 0.7071067811865476
vn -0.7071067811865476 0 0.7071067811865476
vn -0.7071067811865476 0 0.7071067811865476
vn 0.7071067811865476 0 -0.7071067811865476
vn 0.7071067811865476 0 -0.7071067811865476
vn 0.7071067811865476 0 -0.7071067811865476
vn 0.7071067811865476 0 -0.7071067811865476
vn 0.7071067811865476 0 -0.7071067811865476
vn 0.7071067811865476 0 -0.7071067811865476
vn 0.7071067811865476 0 0.7071067811865476
vn 0.7071067811865476 0 0.7071067811865476
vn 0.7071067811865476 0 0.7071067811865476
vn 0.7071067811865476 0 0.7071067811865476
vn 0.7071067811865476 0 0.7071067811865476
vn 0.7071067811865476 0 0.7071067811865476
vn 0 -0.7179867493855832 -0.6960567704625277
vn 0 -0.7179867493855832 -0.6960567704625277
vn 0 -0.7179867493855832 -0.6960567704625277
vn 0 -0.7179867493855832 -0.6960567704625277
vn 0 -0.7179867493855832 -0.6960567704625277
vn 0 -0.7179867493855832 -0.6960567704625277
vn 0 -0.7179867493855832 0.6960567704625277
vn 0 -0.7179867493855832 0.6960567704625277
vn 0 -0.7179867493855832 0.6960567704625277
vn 0 -0.7179867493855832 0.6960567704625277
vn 0 -0.7179867493855832 0.6960567704625277
vn 0 -0.7179867493855832 0.6960567704625277
vn 0 0.7179867493855832 -0.6960567704625277
vn 0 0.7179867493855832 -0.6960567704625277
vn 0 0.7179867493855832 -0.6960567704625277
vn 0 0.7179867493855832 -0.6960567704625277
vn 0 0.7179867493855832 -0.6960567704625277
vn 0 0.7179867493855832 -0.6960567704625277
vn 0 0.7179867493855832 0.6960567704625277
vn 0 0.7179867493855832 0.6960567704625277
vn 0 0.7179867493855832 0.6960567704625277
vn 0 0.7179867493855832 0.6960567704625277
vn 0 0.7179867493855832 0.6960567704625277
vn 0 0.7179867493855832 0.6960567704625277
vn -0.5712882341552055 -0.5892872873494339 -0.5712882341552055
vn -0.5712882341552055 -0.5892872873494339 -0.5712882341552055
vn -0.5712882341552055 -0.5892872873494339 -0.5712882341552055
vn -0.5712882341552055 -0.5892872873494339 0.5712882341552055
vn -0.5712882341552055 -0.5892872873494339 0.5712882341552055
vn -0.5712882341552055 -0.5892872873494339 0.5712882341552055
vn -0.5712882341552055 0.5892872873494339 -0.5712882341552055
vn -0.5712882341552055 0.5892872873494339 -0.5712882341552055
vn -0.5712882341552055 0.5892872873494339 -0.5712882341552055
vn -0.5712882341552055 0.5892872873494339 0.5712882341552055
vn -0.5712882341552055 0.5892872873494339 0.5712882341552055
vn -0.5712882341552055 0.5892872873494339 0.5712882341552055
vn 0.5712882341552055 -0.5892872873494339 -0.5712882341552055
vn 0.5712882341552055 -0.5892872873494339 -0.5712882341552055
vn 0.5712882341552055 -0.5892872873494339 -0.5712882341552055
vn 0.5712882341552055 -0.5892872873494339 0.5712882341552055
vn 0.5712882341552055 -0.5892872873494339 0.5712882341552055
vn 0.5712882341552055 -0.5892872873494339 0.5712882341552055
vn 0.5712882341552055 0.5892872873494339 -0.5712882341552055
vn 0.5712882341552055 0.5892872873494339 -0.5712882341552055
vn 0.5712882341552055 0.5892872873494339 -0.5712882341552055
vn 0.5712882341552055 0.5892872873494339 0.5712882341552055
vn 0.5712882341552055 0.5892872873494339 0.5712882341552055
vn 0.5712882341552055 0.5892872873494339 0.5712882341552055
f 1825//1825 1826//1826 1827//1827
f 1828//1828 1829//1829 1830//1830
f 1831//1831 1832//1832 1833//1833
f 1834//1834 1835//1835 1836//1836
f 1837//1837 1838//1838 1839//1839
f 1840//1840 1841//1841 1842//1842
f 1843//1843 1844//1844 1845//1845
f 1846//1846 1847//1847 1848//1848
f 1849//1849 1850//1850 1851//1851
f 1852//1852 1853//1853 1854//1854
f 1855//1855 1856//1856 1857//1857
f 1858//1858 1859//1859 1860//1860
f 1861//1861 1862//1862 1863//1863
f 1864//1864 1865//1865 1866//1866
f 1867//1867 1868//1868 1869//1869
f 1870//1870 1871//1871 1872//1872
f 1873//1873 1874//1874 1875//1875
f 1876//1876 1877//1877 1878//1878
f 1879//1879 1880//1880 1881//1881
f 1882//1882 1883//1883 1884//1884
f 1885//1885 1886//1886 1887//1887
f 1888//1888 1889//1889 1890//1890
f 1891//1891 1892//1892 1893//1893
f 1894//1894 1895//1895 1896//1896
f 1897//1897 1898//1898 1899//1899
f 1900//1900 1901//1901 1902//1902
f 1903//1903 1904//1904 1905//1905
f 1906//1906 1907//1907 1908//1908
f 1909//1909 1910//1910 1911//1911
f 1912//1912 1913//1913 1914//1914
f 1915//1915 1916//1916 1917//1917
f 1918//1918 1919//1919 1920//1920
f 1921//1921 1922//1922 1923//1923
f 1924//1924 1925//1925 1926//1926
f 1927//1927 1928//1928 1929//1929
f 1930//1930 1931//1931 1932//1932
f 1933//1933 1934//1934 1935//1935
f 1936//1936 1937//1937 1938//1938
f 1939//1939 1940//1940 1941//1941
f 1942//1942 1943//1943 1944//1944
f 1945//1945 1946//1946 1947//1947
f 1948//1948 1949//1949 1950//1950
f 1951//1951 1952//1952 1953//1953
f 1954//1954 1955//1955 1956//1956
o stair_head
usemtl brick
v 0.45000001788139343 6.383864402770996 -2.009999990463257
v 0.45000001788139343 7.130344867706299 -0.18999996781349182
v 0.45000001788139343 7.130344867706299 -2.009999990463257
v 0.45000001788139343 6.383864402770996 -2.009999990463257
v 0.45000001788139343 6.383864402770996 -0.18999996781349182
v 0.45000001788139343 7.130344867706299 -0.18999996781349182
v 2.3499999046325684 6.383864402770996 -2.009999990463257
v 2.3499999046325684 7.130344867706299 -2.009999990463257
v 2.3499999046325684 7.130344867706299 -0.18999996781349182
v 2.3499999046325684 6.383864402770996 -2.009999990463257
v 2.3499999046325684 7.130344867706299 -0.18999996781349182
v 2.3499999046325684 6.383864402770996 -0.18999996781349182
v 0.4899999797344208 6.345086097717285 -2.009999990463257
v 2.309999942779541 6.345086097717285 -2.009999990463257
v 2.309999942779541 6.345086097717285 -0.18999996781349182
v 0.4899999797344208 6.345086097717285 -2.009999990463257
v 2.309999942779541 6.345086097717285 -0.18999996781349182
v 0.4899999797344208 6.345086097717285 -0.18999996781349182
v 0.4899999797344208 7.16912317276001 -2.009999990463257
v 2.309999942779541 7.16912317276001 -0.18999996781349182
v 2.309999942779541 7.16912317276001 -2.009999990463257
v 0.4899999797344208 7.16912317276001 -2.009999990463257
v 0.4899999797344208 7.16912317276001 -0.18999996781349182
v 2.309999942779541 7.16912317276001 -0.18999996781349182
v 0.4899999797344208 6.383864402770996 -2.049999952316284
v 2.309999942779541 7.130344867706299 -2.049999952316284
v 2.309999942779541 6.383864402770996 -2.049999952316284
v 0.4899999797344208 6.383864402770996 -2.049999952316284
v 0.4899999797344208 7.130344867706299 -2.049999952316284
v 2.309999942779541 7.130344867706299 -2.049999952316284
v 0.4899999797344208 6.383864402770996 -0.15000000596046448
v 2.309999942779541 6.383864402770996 -0.15000000596046448
v 2.309999942779541 7.130344867706299 -0.15000000596046448
v 0.4899999797344208 6.383864402770996 -0.15000000596046448
v 2.309999942779541 7.130344867706299 -0.15000000596046448
v 0.4899999797344208 7.130344867706299 -0.15000000596046448
v 0.45000001788139343 6.383864402770996 -2.009999990463257
v 0.4899999797344208 6.345086097717285 -2.009999990463257
v 0.4899999797344208 6.345086097717285 -0.18999996781349182
v 0.45000001788139343 6.383864402770996 -2.009999990463257
v 0.4899999797344208 6.345086097717285 -0.18999996781349182
v 0.45000001788139343 6.383864402770996 -0.18999996781349182
v 0.45000001788139343 7.130344867706299 -2.009999990463257
v 0.4899999797344208 7.16912317276001 -0.18999996781349182
v 0.4899999797344208 7.16912317276001 -2.009999990463257
v 0.45000001788139343 7.130344867706299 -2.009999990463257
v 0.45000001788139343 7.130344867706299 -0.18999996781349182
v 0.4899999797344208 7.16912317276001 -0.18999996781349182
v 2.3499999046325684 6.383864402770996 -2.009999990463257
v 2.309999942779541 6.345086097717285 -0.18999996781349182
v 2.309999942779541 6.345086097717285 -2.009999990463257
v 2.3499999046325684 6.383864402770996 -2.009999990463257
v 2.3499999046325684 6.383864402770996 -0.18999996781349182
v 2.309999942779541 6.345086097717285 -0.18999996781349182
v 2.3499999046325684 7.130344867706299 -2.009999990463257
v 2.309999942779541 7.16912317276001 -2.009999990463257
v 2.309999942779541 7.16912317276001 -0.18999996781349182
v 2.3499999046325684 7.130344867706299 -2.009999990463257
v 2.309999942779541 7.16912317276001 -0.18999996781349182
v 2.3499999046325684 7.130344867706299 -0.18999996781349182
v 0.45000001788139343 6.383864402770996 -2.009999990463257
v 0.4899999797344208 7.130344867706299 -2.049999952316284
v 0.4899999797344208 6.383864402770996 -2.049999952316284
v 0.45000001788139343 6.383864402770996 -2.009999990463257
v 0.45000001788139343 7.130344867706299 -2.009999990463257
v 0.4899999797344208 7.130344867706299 -2.049999952316284
v 0.45000001788139343 6.383864402770996 -0.18999996781349182
v 0.4899999797344208 6.383864402770996 -0.15000000596046448
v 0.4899999797344208 7.130344867706299 -0.15000000596046448
v 0.45000001788139343 6.383864402770996 -0.18999996781349182
v 0.4899999797344208 7.130344867706299 -0.15000000596046448
v 0.45000001788139343 7.130344867706299 -0.18999996781349182
v 2.3499999046325684 6.383864402770996 -2.009999990463257
v 2.309999942779541 6.383864402770996 -2.049999952316284
v 2.309999942779541 7.130344867706299 -2.049999952316284
v 2.3499999046325684 6.383864402770996 -2.009999990463257
v 2.309999942779541 7.130344867706299 -2.049999952316284
v 2.3499999046325684 7.130344867706299 -2.009999990463257
v 2.3499999046325684 6.383864402770996 -0.18999996781349182
v 2.309999942779541 7.130344867706299 -0.15000000596046448
v 2.309999942779541 6.383864402770996 -0.15000000596046448
v 2.3499999046325684 6.383864402770996 -0.18999996781349182
v 2.3499999046325684 7.130344867706299 -0.18999996781349182
v 2.309999942779541 7.130344867706299 -0.15000000596046448
v 0.4899999797344208 6.345086097717285 -2.009999990463257
v 0.4899999797344208 6.383864402770996 -2.049999952316284
v 2.309999942779541 6.383864402770996 -2.049999952316284
v 0.4899999797344208 6.345086097717285 -2.009999990463257
v 2.309999942779541 6.383864402770996 -2.049999952316284
v 2.309999942779541 6.345086097717285 -2.009999990463257
v 0.4899999797344208 6.345086097717285 -0.18999996781349182
v 2.309999942779541 6.383864402770996 -0.15000000596046448
v 0.4899999797344208 6.383864402770996 -0.15000000596046448
v 0.4899999797344208 6.345086097717285 -0.18999996781349182
v 2.309999942779541 6.345086097717285 -0.18999996781349182
v 2.309999942779541 6.383864402770996 -0.15000000596046448
v 0.4899999797344208 7.16912317276001 -2.009999990463257
v 2.309999942779541 7.130344867706299 -2.049999952316284
v 0.4899999797344208 7.130344867706299 -2.049999952316284
v 0.4899999797344208 7.16912317276001 -2.009999990463257
v 2.309999942779541 7.16912317276001 -2.009999990463257
v 2.309999942779541 7.130344867706299 -2.049999952316284
v 0.4899999797344208 7.16912317276001 -0.18999996781349182
v 0.4899999797344208 7.130344867706299 -0.15000000596046448
v 2.309999942779541 7.130344867706299 -0.15000000596046448
v 0.4899999797344208 7.16912317276001 -0.18999996781349182
v 2.309999942779541 7.130344867706299 -0.15000000596046448
v 2.309999942779541 7.16912317276001 -0.18999996781349182
v 0.45000001788139343 6.383864402770996 -2.009999990463257
v 0.4899999797344208 6.383864402770996 -2.049999952316284
v 0.4899999797344208 6.345086097717285 -2.009999990463257
v 0.45000001788139343 6.383864402770996 -0.18999996781349182
v 0.4899999797344208 6.345086097717285 -0.18999996781349182
v 0.4899999797344208 6.383864402770996 -0.15000000596046448
v 0.45000001788139343 7.130344867706299 -2.009999990463257
v 0.4899999797344208 7.16912317276001 -2.009999990463257
v 0.4899999797344208 7.130344867706299 -2.049999952316284
v 0.45000001788139343 7.130344867706299 -0.18999996781349182
v 0.4899999797344208 7.130344867706299 -0.15000000596046448
v 0.4899999797344208 7.16912317276001 -0.18999996781349182
v 2.3499999046325684 6.383864402770996 -2.009999990463257
v 2.309999942779541 6.345086097717285 -2.009999990463257
v 2.309999942779541 6.383864402770996 -2.049999952316284
v 2.3499999046325684 6.383864402770996 -0.18999996781349182
v 2.309999942779541 6.383864402770996 -0.15000000596046448
v 2.309999942779541 6.345086097717285 -0.18999996781349182
v 2.3499999046325684 7.130344867706299 -2.009999990463257
v 2.309999942779541 7.130344867706299 -2.049999952316284
v 2.309999942779541 7.16912317276001 -2.009999990463257
v 2.3499999046325684 7.130344867706299 -0.18999996781349182
v 2.309999942779541 7.16912317276001 -0.18999996781349182
v 2.309999942779541 7.130344867706299 -0.15000000596046448
vn -1 0 0
vn -1 0 0
vn -1 0 0
vn -1 0 0
vn -1 0 0
vn -1 0 0
vn 1 0 0
vn 1 0 0
vn 1 0 0
vn 1 0 0
vn 1 0 0
vn 1 0 0
vn 0 -1 0
vn 0 -1 0
vn 0 -1 0
vn 0 -1 0
vn 0 -1 0
vn 0 -1 0
vn 0 1 0
vn 0 1 0
vn 0 1 0
vn 0 1 0
vn 0 1 0
vn 0 1 0
vn 0 0 -1
vn 0 0 -1
vn 0 0 -1
vn 0 0 -1
vn 0 0 -1
vn 0 0 -1
vn 0 0 1
vn 0 0 1
vn 0 0 1
vn 0 0 1
vn 0 0 1
vn 0 0 1
vn -0.6960569817939348 -0.7179865445089609 0
vn -0.6960569817939348 -0.7179865445089609 0
vn -0.6960569817939348 -0.7179865445089609 0
vn -0.6960569817939348 -0.7179865445089609 0
vn -0.6960569817939348 -0.7179865445089609 0
vn -0.6960569817939348 -0.7179865445089609 0
vn -0.6960569817939348 0.7179865445089609 0
vn -0.6960569817939348 0.7179865445089609 0
vn -0.6960569817939348 0.7179865445089609 0
vn -0.6960569817939348 0.7179865445089609 0
vn -0.6960569817939348 0.7179865445089609 0
vn -0.6960569817939348 0.7179865445089609 0
vn 0.6960569817939348 -0.7179865445089609 0
vn 0.6960569817939348 -0.7179865445089609 0
vn 0.6960569817939348 -0.7179865445089609 0
vn 0.6960569817939348 -0.7179865445089609 0
vn 0.6960569817939348 -0.7179865445089609 0
vn 0.6960569817939348 -0.7179865445089609 0
vn 0.6960569817939348 0.7179865445089609 0
vn 0.6960569817939348 0.7179865445089609 0
vn 0.6960569817939348 0.7179865445089609 0
vn 0.6960569817939348 0.7179865445089609 0
vn 0.6960569817939348 0.7179865445089609 0
vn 0.6960569817939348 0.7179865445089609 0
vn -0.7071067811865476 0 -0.7071067811865476
vn -0.7071067811865476 0 -0.7071067811865476
vn -0.7071067811865476 0 -0.7071067811865476
vn -0.7071067811865476 0 -0.7071067811865476
vn -0.7071067811865476 0 -0.7071067811865476
vn -0.7071067811865476 0 -0.7071067811865476
vn -0.7071067811865476 0 0.7071067811865476
vn -0.7071067811865476 0 0.7071067811865476
vn -0.7071067811865476 0 0.7071067811865476
vn -0.7071067811865476 0 0.7071067811865476
vn -0.7071067811865476 0 0.7071067811865476
vn -0.7071067811865476 0 0.7071067811865476
vn 0.7071067811865476 0 -0.7071067811865476
vn 0.7071067811865476 0 -0.7071067811865476
vn 0.7071067811865476 0 -0.7071067811865476
vn 0.7071067811865476 0 -0.7071067811865476
vn 0.7071067811865476 0 -0.7071067811865476
vn 0.7071067811865476 0 -0.7071067811865476
vn 0.7071067811865476 0 0.7071067811865476
vn 0.7071067811865476 0 0.7071067811865476
vn 0.7071067811865476 0 0.7071067811865476
vn 0.7071067811865476 0 0.7071067811865476
vn 0.7071067811865476 0 0.7071067811865476
vn 0.7071067811865476 0 0.7071067811865476
vn 0 -0.7179865445089609 -0.6960569817939348
vn 0 -0.7179865445089609 -0.6960569817939348
vn 0 -0.7179865445089609 -0.6960569817939348
vn 0 -0.7179865445089609 -0.6960569817939348
vn 0 -0.7179865445089609 -0.6960569817939348
vn 0 -0.7179865445089609 -0.6960569817939348
vn 0 -0.7179865445089609 0.6960569817939348
vn 0 -0.7179865445089609 0.6960569817939348
vn 0 -0.7179865445089609 0.6960569817939348
vn 0 -0.7179865445089609 0.6960569817939348
vn 0 -0.7179865445089609 0.6960569817939348
vn 0 -0.7179865445089609 0.6960569817939348
vn 0 0.7179865445089609 -0.6960569817939348
vn 0 0.7179865445089609 -0.6960569817939348
vn 0 0.7179865445089609 -0.6960569817939348
vn 0 0.7179865445089609 -0.6960569817939348
vn 0 0.7179865445089609 -0.6960569817939348
vn 0 0.7179865445089609 -0.6960569817939348
vn 0 0.7179865445089609 0.6960569817939348
vn 0 0.7179865445089609 0.6960569817939348
vn 0 0.7179865445089609 0.6960569817939348
vn 0 0.7179865445089609 0.6960569817939348
vn 0 0.7179865445089609 0.6960569817939348
vn 0 0.7179865445089609 0.6960569817939348
vn -0.5712883965803787 -0.5892869724211118 -0.5712883965803787
vn -0.5712883965803787 -0.5892869724211118 -0.5712883965803787
vn -0.5712883965803787 -0.5892869724211118 -0.5712883965803787
vn -0.5712883965803787 -0.5892869724211118 0.5712883965803787
vn -0.5712883965803787 -0.5892869724211118 0.5712883965803787
vn -0.5712883965803787 -0.5892869724211118 0.5712883965803787
vn -0.5712883965803787 0.5892869724211118 -0.5712883965803787
vn -0.5712883965803787 0.5892869724211118 -0.5712883965803787
vn -0.5712883965803787 0.5892869724211118 -0.5712883965803787
vn -0.5712883965803787 0.5892869724211118 0.5712883965803787
vn -0.5712883965803787 0.5892869724211118 0.5712883965803787
vn -0.5712883965803787 0.5892869724211118 0.5712883965803787
vn 0.5712883965803787 -0.5892869724211118 -0.5712883965803787
vn 0.5712883965803787 -0.5892869724211118 -0.5712883965803787
vn 0.5712883965803787 -0.5892869724211118 -0.5712883965803787
vn 0.5712883965803787 -0.5892869724211118 0.5712883965803787
vn 0.5712883965803787 -0.5892869724211118 0.5712883965803787
vn 0.5712883965803787 -0.5892869724211118 0.5712883965803787
vn 0.5712883965803787 0.5892869724211118 -0.5712883965803787
vn 0.5712883965803787 0.5892869724211118 -0.5712883965803787
vn 0.5712883965803787 0.5892869724211118 -0.5712883965803787
vn 0.5712883965803787 0.5892869724211118 0.5712883965803787
vn 0.5712883965803787 0.5892869724211118 0.5712883965803787
vn 0.5712883965803787 0.5892869724211118 0.5712883965803787
f 1957//1957 1958//1958 1959//1959
f 1960//1960 1961//1961 1962//1962
f 1963//1963 1964//1964 1965//1965
f 1966//1966 1967//1967 1968//1968
f 1969//1969 1970//1970 1971//1971
f 1972//1972 1973//1973 1974//1974
f 1975//1975 1976//1976 1977//1977
f 1978//1978 1979//1979 1980//1980
f 1981//1981 1982//1982 1983//1983
f 1984//1984 1985//1985 1986//1986
f 1987//1987 1988//1988 1989//1989
f 1990//1990 1991//1991 1992//1992
f 1993//1993 1994//1994 1995//1995
f 1996//1996 1997//1997 1998//1998
f 1999//1999 2000//2000 2001//2001
f 2002//2002 2003//2003 2004//2004
f 2005//2005 2006//2006 2007//2007
f 2008//2008 2009//2009 2010//2010
f 2011//2011 2012//2012 2013//2013
f 2014//2014 2015//2015 2016//2016
f 2017//2017 2018//2018 2019//2019
f 2020//2020 2021//2021 2022//2022
f 2023//2023 2024//2024 2025//2025
f 2026//2026 2027//2027 2028//2028
f 2029//2029 2030//2030 2031//2031
f 2032//2032 2033//2033 2034//2034
f 2035//2035 2036//2036 2037//2037
f 2038//2038 2039//2039 2040//2040
f 2041//2041 2042//2042 2043//2043
f 2044//2044 2045//2045 2046//2046
f 2047//2047 2048//2048 2049//2049
f 2050//2050 2051//2051 2052//2052
f 2053//2053 2054//2054 2055//2055
f 2056//2056 2057//2057 2058//2058
f 2059//2059 2060//2060 2061//2061
f 2062//2062 2063//2063 2064//2064
f 2065//2065 2066//2066 2067//2067
f 2068//2068 2069//2069 2070//2070
f 2071//2071 2072//2072 2073//2073
f 2074//2074 2075//2075 2076//2076
f 2077//2077 2078//2078 2079//2079
f 2080//2080 2081//2081 2082//2082
f 2083//2083 2084//2084 2085//2085
f 2086//2086 2087//2087 2088//2088
o stair_roof
usemtl teal
v 0.3750000298023224 7.193359851837158 -2.0950000286102295
v 0.3750000298023224 7.270915985107422 -0.10499999672174454
v 0.3750000298023224 7.270915985107422 -2.0950000286102295
v 0.3750000298023224 7.193359851837158 -2.0950000286102295
v 0.3750000298023224 7.193359851837158 -0.10499999672174454
v 0.3750000298023224 7.270915985107422 -0.10499999672174454
v 2.424999952316284 7.193359851837158 -2.0950000286102295
v 2.424999952316284 7.270915985107422 -2.0950000286102295
v 2.424999952316284 7.270915985107422 -0.10499999672174454
v 2.424999952316284 7.193359851837158 -2.0950000286102295
v 2.424999952316284 7.270915985107422 -0.10499999672174454
v 2.424999952316284 7.193359851837158 -0.10499999672174454
v 0.4050000011920929 7.164276123046875 -2.0950000286102295
v 2.3949999809265137 7.164276123046875 -2.0950000286102295
v 2.3949999809265137 7.164276123046875 -0.10499999672174454
v 0.4050000011920929 7.164276123046875 -2.0950000286102295
v 2.3949999809265137 7.164276123046875 -0.10499999672174454
v 0.4050000011920929 7.164276123046875 -0.10499999672174454
v 0.4050000011920929 7.300000190734863 -2.0950000286102295
v 2.3949999809265137 7.300000190734863 -0.10499999672174454
v 2.3949999809265137 7.300000190734863 -2.0950000286102295
v 0.4050000011920929 7.300000190734863 -2.0950000286102295
v 0.4050000011920929 7.300000190734863 -0.10499999672174454
v 2.3949999809265137 7.300000190734863 -0.10499999672174454
v 0.4050000011920929 7.193359851837158 -2.125
v 2.3949999809265137 7.270915985107422 -2.125
v 2.3949999809265137 7.193359851837158 -2.125
v 0.4050000011920929 7.193359851837158 -2.125
v 0.4050000011920929 7.270915985107422 -2.125
v 2.3949999809265137 7.270915985107422 -2.125
v 0.4050000011920929 7.193359851837158 -0.07500002533197403
v 2.3949999809265137 7.193359851837158 -0.07500002533197403
v 2.3949999809265137 7.270915985107422 -0.07500002533197403
v 0.4050000011920929 7.193359851837158 -0.07500002533197403
v 2.3949999809265137 7.270915985107422 -0.07500002533197403
v 0.4050000011920929 7.270915985107422 -0.07500002533197403
v 0.3750000298023224 7.193359851837158 -2.0950000286102295
v 0.4050000011920929 7.164276123046875 -2.0950000286102295
v 0.4050000011920929 7.164276123046875 -0.10499999672174454
v 0.3750000298023224 7.193359851837158 -2.0950000286102295
v 0.4050000011920929 7.164276123046875 -0.10499999672174454
v 0.3750000298023224 7.193359851837158 -0.10499999672174454
v 0.3750000298023224 7.270915985107422 -2.0950000286102295
v 0.4050000011920929 7.300000190734863 -0.10499999672174454
v 0.4050000011920929 7.300000190734863 -2.0950000286102295
v 0.3750000298023224 7.270915985107422 -2.0950000286102295
v 0.3750000298023224 7.270915985107422 -0.10499999672174454
v 0.4050000011920929 7.300000190734863 -0.10499999672174454
v 2.424999952316284 7.193359851837158 -2.0950000286102295
v 2.3949999809265137 7.164276123046875 -0.10499999672174454
v 2.3949999809265137 7.164276123046875 -2.0950000286102295
v 2.424999952316284 7.193359851837158 -2.0950000286102295
v 2.424999952316284 7.193359851837158 -0.10499999672174454
v 2.3949999809265137 7.164276123046875 -0.10499999672174454
v 2.424999952316284 7.270915985107422 -2.0950000286102295
v 2.3949999809265137 7.300000190734863 -2.0950000286102295
v 2.3949999809265137 7.300000190734863 -0.10499999672174454
v 2.424999952316284 7.270915985107422 -2.0950000286102295
v 2.3949999809265137 7.300000190734863 -0.10499999672174454
v 2.424999952316284 7.270915985107422 -0.10499999672174454
v 0.3750000298023224 7.193359851837158 -2.0950000286102295
v 0.4050000011920929 7.270915985107422 -2.125
v 0.4050000011920929 7.193359851837158 -2.125
v 0.3750000298023224 7.193359851837158 -2.0950000286102295
v 0.3750000298023224 7.270915985107422 -2.0950000286102295
v 0.4050000011920929 7.270915985107422 -2.125
v 0.3750000298023224 7.193359851837158 -0.10499999672174454
v 0.4050000011920929 7.193359851837158 -0.07500002533197403
v 0.4050000011920929 7.270915985107422 -0.07500002533197403
v 0.3750000298023224 7.193359851837158 -0.10499999672174454
v 0.4050000011920929 7.270915985107422 -0.07500002533197403
v 0.3750000298023224 7.270915985107422 -0.10499999672174454
v 2.424999952316284 7.193359851837158 -2.0950000286102295
v 2.3949999809265137 7.193359851837158 -2.125
v 2.3949999809265137 7.270915985107422 -2.125
v 2.424999952316284 7.193359851837158 -2.0950000286102295
v 2.3949999809265137 7.270915985107422 -2.125
v 2.424999952316284 7.270915985107422 -2.0950000286102295
v 2.424999952316284 7.193359851837158 -0.10499999672174454
v 2.3949999809265137 7.270915985107422 -0.07500002533197403
v 2.3949999809265137 7.193359851837158 -0.07500002533197403
v 2.424999952316284 7.193359851837158 -0.10499999672174454
v 2.424999952316284 7.270915985107422 -0.10499999672174454
v 2.3949999809265137 7.270915985107422 -0.07500002533197403
v 0.4050000011920929 7.164276123046875 -2.0950000286102295
v 0.4050000011920929 7.193359851837158 -2.125
v 2.3949999809265137 7.193359851837158 -2.125
v 0.4050000011920929 7.164276123046875 -2.0950000286102295
v 2.3949999809265137 7.193359851837158 -2.125
v 2.3949999809265137 7.164276123046875 -2.0950000286102295
v 0.4050000011920929 7.164276123046875 -0.10499999672174454
v 2.3949999809265137 7.193359851837158 -0.07500002533197403
v 0.4050000011920929 7.193359851837158 -0.07500002533197403
v 0.4050000011920929 7.164276123046875 -0.10499999672174454
v 2.3949999809265137 7.164276123046875 -0.10499999672174454
v 2.3949999809265137 7.193359851837158 -0.07500002533197403
v 0.4050000011920929 7.300000190734863 -2.0950000286102295
v 2.3949999809265137 7.270915985107422 -2.125
v 0.4050000011920929 7.270915985107422 -2.125
v 0.4050000011920929 7.300000190734863 -2.0950000286102295
v 2.3949999809265137 7.300000190734863 -2.0950000286102295
v 2.3949999809265137 7.270915985107422 -2.125
v 0.4050000011920929 7.300000190734863 -0.10499999672174454
v 0.4050000011920929 7.270915985107422 -0.07500002533197403
v 2.3949999809265137 7.270915985107422 -0.07500002533197403
v 0.4050000011920929 7.300000190734863 -0.10499999672174454
v 2.3949999809265137 7.270915985107422 -0.07500002533197403
v 2.3949999809265137 7.300000190734863 -0.10499999672174454
v 0.3750000298023224 7.193359851837158 -2.0950000286102295
v 0.4050000011920929 7.193359851837158 -2.125
v 0.4050000011920929 7.164276123046875 -2.0950000286102295
v 0.3750000298023224 7.193359851837158 -0.10499999672174454
v 0.4050000011920929 7.164276123046875 -0.10499999672174454
v 0.4050000011920929 7.193359851837158 -0.07500002533197403
v 0.3750000298023224 7.270915985107422 -2.0950000286102295
v 0.4050000011920929 7.300000190734863 -2.0950000286102295
v 0.4050000011920929 7.270915985107422 -2.125
v 0.3750000298023224 7.270915985107422 -0.10499999672174454
v 0.4050000011920929 7.270915985107422 -0.07500002533197403
v 0.4050000011920929 7.300000190734863 -0.10499999672174454
v 2.424999952316284 7.193359851837158 -2.0950000286102295
v 2.3949999809265137 7.164276123046875 -2.0950000286102295
v 2.3949999809265137 7.193359851837158 -2.125
v 2.424999952316284 7.193359851837158 -0.10499999672174454
v 2.3949999809265137 7.193359851837158 -0.07500002533197403
v 2.3949999809265137 7.164276123046875 -0.10499999672174454
v 2.424999952316284 7.270915985107422 -2.0950000286102295
v 2.3949999809265137 7.270915985107422 -2.125
v 2.3949999809265137 7.300000190734863 -2.0950000286102295
v 2.424999952316284 7.270915985107422 -0.10499999672174454
v 2.3949999809265137 7.300000190734863 -0.10499999672174454
v 2.3949999809265137 7.270915985107422 -0.07500002533197403
vn -1 0 0
vn -1 0 0
vn -1 0 0
vn -1 0 0
vn -1 0 0
vn -1 0 0
vn 1 0 0
vn 1 0 0
vn 1 0 0
vn 1 0 0
vn 1 0 0
vn 1 0 0
vn 0 -1 0
vn 0 -1 0
vn 0 -1 0
vn 0 -1 0
vn 0 -1 0
vn 0 -1 0
vn 0 1 0
vn 0 1 0
vn 0 1 0
vn 0 1 0
vn 0 1 0
vn 0 1 0
vn 0 0 -1
vn 0 0 -1
vn 0 0 -1
vn 0 0 -1
vn 0 0 -1
vn 0 0 -1
vn 0 0 1
vn 0 0 1
vn 0 0 1
vn 0 0 1
vn 0 0 1
vn 0 0 1
vn -0.6960568002505175 -0.7179867205074277 0
vn -0.6960568002505175 -0.7179867205074277 0
vn -0.6960568002505175 -0.7179867205074277 0
vn -0.6960568002505175 -0.7179867205074277 0
vn -0.6960568002505175 -0.7179867205074277 0
vn -0.6960568002505175 -0.7179867205074277 0
vn -0.6960568002505175 0.7179867205074277 0
vn -0.6960568002505175 0.7179867205074277 0
vn -0.6960568002505175 0.7179867205074277 0
vn -0.6960568002505175 0.7179867205074277 0
vn -0.6960568002505175 0.7179867205074277 0
vn -0.6960568002505175 0.7179867205074277 0
vn 0.6960568002505175 -0.7179867205074277 0
vn 0.6960568002505175 -0.7179867205074277 0
vn 0.6960568002505175 -0.7179867205074277 0
vn 0.6960568002505175 -0.7179867205074277 0
vn 0.6960568002505175 -0.7179867205074277 0
vn 0.6960568002505175 -0.7179867205074277 0
vn 0.6960568002505175 0.7179867205074277 0
vn 0.6960568002505175 0.7179867205074277 0
vn 0.6960568002505175 0.7179867205074277 0
vn 0.6960568002505175 0.7179867205074277 0
vn 0.6960568002505175 0.7179867205074277 0
vn 0.6960568002505175 0.7179867205074277 0
vn -0.7071067811865476 0 -0.7071067811865476
vn -0.7071067811865476 0 -0.7071067811865476
vn -0.7071067811865476 0 -0.7071067811865476
vn -0.7071067811865476 0 -0.7071067811865476
vn -0.7071067811865476 0 -0.7071067811865476
vn -0.7071067811865476 0 -0.7071067811865476
vn -0.7071067811865476 0 0.7071067811865476
vn -0.7071067811865476 0 0.7071067811865476
vn -0.7071067811865476 0 0.7071067811865476
vn -0.7071067811865476 0 0.7071067811865476
vn -0.7071067811865476 0 0.7071067811865476
vn -0.7071067811865476 0 0.7071067811865476
vn 0.7071067811865476 0 -0.7071067811865476
vn 0.7071067811865476 0 -0.7071067811865476
vn 0.7071067811865476 0 -0.7071067811865476
vn 0.7071067811865476 0 -0.7071067811865476
vn 0.7071067811865476 0 -0.7071067811865476
vn 0.7071067811865476 0 -0.7071067811865476
vn 0.7071067811865476 0 0.7071067811865476
vn 0.7071067811865476 0 0.7071067811865476
vn 0.7071067811865476 0 0.7071067811865476
vn 0.7071067811865476 0 0.7071067811865476
vn 0.7071067811865476 0 0.7071067811865476
vn 0.7071067811865476 0 0.7071067811865476
vn 0 -0.7179867205074277 -0.6960568002505175
vn 0 -0.7179867205074277 -0.6960568002505175
vn 0 -0.7179867205074277 -0.6960568002505175
vn 0 -0.7179867205074277 -0.6960568002505175
vn 0 -0.7179867205074277 -0.6960568002505175
vn 0 -0.7179867205074277 -0.6960568002505175
vn 0 -0.7179867205074277 0.6960568002505175
vn 0 -0.7179867205074277 0.6960568002505175
vn 0 -0.7179867205074277 0.6960568002505175
vn 0 -0.7179867205074277 0.6960568002505175
vn 0 -0.7179867205074277 0.6960568002505175
vn 0 -0.7179867205074277 0.6960568002505175
vn 0 0.7179867205074277 -0.6960568002505175
vn 0 0.7179867205074277 -0.6960568002505175
vn 0 0.7179867205074277 -0.6960568002505175
vn 0 0.7179867205074277 -0.6960568002505175
vn 0 0.7179867205074277 -0.6960568002505175
vn 0 0.7179867205074277 -0.6960568002505175
vn 0 0.7179867205074277 0.6960568002505175
vn 0 0.7179867205074277 0.6960568002505175
vn 0 0.7179867205074277 0.6960568002505175
vn 0 0.7179867205074277 0.6960568002505175
vn 0 0.7179867205074277 0.6960568002505175
vn 0 0.7179867205074277 0.6960568002505175
vn -0.571288234768097 -0.5892872283769897 -0.5712882943727425
vn -0.571288234768097 -0.5892872283769897 -0.5712882943727425
vn -0.571288234768097 -0.5892872283769897 -0.5712882943727425
vn -0.571288234768097 -0.5892872283769897 0.5712882943727425
vn -0.571288234768097 -0.5892872283769897 0.5712882943727425
vn -0.571288234768097 -0.5892872283769897 0.5712882943727425
vn -0.571288234768097 0.5892872283769897 -0.5712882943727425
vn -0.571288234768097 0.5892872283769897 -0.5712882943727425
vn -0.571288234768097 0.5892872283769897 -0.5712882943727425
vn -0.571288234768097 0.5892872283769897 0.5712882943727425
vn -0.571288234768097 0.5892872283769897 0.5712882943727425
vn -0.571288234768097 0.5892872283769897 0.5712882943727425
vn 0.571288234768097 -0.5892872283769897 -0.5712882943727425
vn 0.571288234768097 -0.5892872283769897 -0.5712882943727425
vn 0.571288234768097 -0.5892872283769897 -0.5712882943727425
vn 0.571288234768097 -0.5892872283769897 0.5712882943727425
vn 0.571288234768097 -0.5892872283769897 0.5712882943727425
vn 0.571288234768097 -0.5892872283769897 0.5712882943727425
vn 0.571288234768097 0.5892872283769897 -0.5712882943727425
vn 0.571288234768097 0.5892872283769897 -0.5712882943727425
vn 0.571288234768097 0.5892872283769897 -0.5712882943727425
vn 0.571288234768097 0.5892872283769897 0.5712882943727425
vn 0.571288234768097 0.5892872283769897 0.5712882943727425
vn 0.571288234768097 0.5892872283769897 0.5712882943727425
f 2089//2089 2090//2090 2091//2091
f 2092//2092 2093//2093 2094//2094
f 2095//2095 2096//2096 2097//2097
f 2098//2098 2099//2099 2100//2100
f 2101//2101 2102//2102 2103//2103
f 2104//2104 2105//2105 2106//2106
f 2107//2107 2108//2108 2109//2109
f 2110//2110 2111//2111 2112//2112
f 2113//2113 2114//2114 2115//2115
f 2116//2116 2117//2117 2118//2118
f 2119//2119 2120//2120 2121//2121
f 2122//2122 2123//2123 2124//2124
f 2125//2125 2126//2126 2127//2127
f 2128//2128 2129//2129 2130//2130
f 2131//2131 2132//2132 2133//2133
f 2134//2134 2135//2135 2136//2136
f 2137//2137 2138//2138 2139//2139
f 2140//2140 2141//2141 2142//2142
f 2143//2143 2144//2144 2145//2145
f 2146//2146 2147//2147 2148//2148
f 2149//2149 2150//2150 2151//2151
f 2152//2152 2153//2153 2154//2154
f 2155//2155 2156//2156 2157//2157
f 2158//2158 2159//2159 2160//2160
f 2161//2161 2162//2162 2163//2163
f 2164//2164 2165//2165 2166//2166
f 2167//2167 2168//2168 2169//2169
f 2170//2170 2171//2171 2172//2172
f 2173//2173 2174//2174 2175//2175
f 2176//2176 2177//2177 2178//2178
f 2179//2179 2180//2180 2181//2181
f 2182//2182 2183//2183 2184//2184
f 2185//2185 2186//2186 2187//2187
f 2188//2188 2189//2189 2190//2190
f 2191//2191 2192//2192 2193//2193
f 2194//2194 2195//2195 2196//2196
f 2197//2197 2198//2198 2199//2199
f 2200//2200 2201//2201 2202//2202
f 2203//2203 2204//2204 2205//2205
f 2206//2206 2207//2207 2208//2208
f 2209//2209 2210//2210 2211//2211
f 2212//2212 2213//2213 2214//2214
f 2215//2215 2216//2216 2217//2217
f 2218//2218 2219//2219 2220//2220
o roof_unit
usemtl metal
v -2.3499999046325684 6.388711929321289 0.6899999976158142
v -2.3499999046325684 6.7958831787109375 1.7100000381469727
v -2.3499999046325684 6.7958831787109375 0.6899999976158142
v -2.3499999046325684 6.388711929321289 0.6899999976158142
v -2.3499999046325684 6.388711929321289 1.7100000381469727
v -2.3499999046325684 6.7958831787109375 1.7100000381469727
v -0.8500000238418579 6.388711929321289 0.6899999976158142
v -0.8500000238418579 6.7958831787109375 0.6899999976158142
v -0.8500000238418579 6.7958831787109375 1.7100000381469727
v -0.8500000238418579 6.388711929321289 0.6899999976158142
v -0.8500000238418579 6.7958831787109375 1.7100000381469727
v -0.8500000238418579 6.388711929321289 1.7100000381469727
v -2.309999942779541 6.349933624267578 0.6899999976158142
v -0.89000004529953 6.349933624267578 0.6899999976158142
v -0.89000004529953 6.349933624267578 1.7100000381469727
v -2.309999942779541 6.349933624267578 0.6899999976158142
v -0.89000004529953 6.349933624267578 1.7100000381469727
v -2.309999942779541 6.349933624267578 1.7100000381469727
v -2.309999942779541 6.834661483764648 0.6899999976158142
v -0.89000004529953 6.834661483764648 1.7100000381469727
v -0.89000004529953 6.834661483764648 0.6899999976158142
v -2.309999942779541 6.834661483764648 0.6899999976158142
v -2.309999942779541 6.834661483764648 1.7100000381469727
v -0.89000004529953 6.834661483764648 1.7100000381469727
v -2.309999942779541 6.388711929321289 0.6499999761581421
v -0.89000004529953 6.7958831787109375 0.6499999761581421
v -0.89000004529953 6.388711929321289 0.6499999761581421
v -2.309999942779541 6.388711929321289 0.6499999761581421
v -2.309999942779541 6.7958831787109375 0.6499999761581421
v -0.89000004529953 6.7958831787109375 0.6499999761581421
v -2.309999942779541 6.388711929321289 1.75
v -0.89000004529953 6.388711929321289 1.75
v -0.89000004529953 6.7958831787109375 1.75
v -2.309999942779541 6.388711929321289 1.75
v -0.89000004529953 6.7958831787109375 1.75
v -2.309999942779541 6.7958831787109375 1.75
v -2.3499999046325684 6.388711929321289 0.6899999976158142
v -2.309999942779541 6.349933624267578 0.6899999976158142
v -2.309999942779541 6.349933624267578 1.7100000381469727
v -2.3499999046325684 6.388711929321289 0.6899999976158142
v -2.309999942779541 6.349933624267578 1.7100000381469727
v -2.3499999046325684 6.388711929321289 1.7100000381469727
v -2.3499999046325684 6.7958831787109375 0.6899999976158142
v -2.309999942779541 6.834661483764648 1.7100000381469727
v -2.309999942779541 6.834661483764648 0.6899999976158142
v -2.3499999046325684 6.7958831787109375 0.6899999976158142
v -2.3499999046325684 6.7958831787109375 1.7100000381469727
v -2.309999942779541 6.834661483764648 1.7100000381469727
v -0.8500000238418579 6.388711929321289 0.6899999976158142
v -0.89000004529953 6.349933624267578 1.7100000381469727
v -0.89000004529953 6.349933624267578 0.6899999976158142
v -0.8500000238418579 6.388711929321289 0.6899999976158142
v -0.8500000238418579 6.388711929321289 1.7100000381469727
v -0.89000004529953 6.349933624267578 1.7100000381469727
v -0.8500000238418579 6.7958831787109375 0.6899999976158142
v -0.89000004529953 6.834661483764648 0.6899999976158142
v -0.89000004529953 6.834661483764648 1.7100000381469727
v -0.8500000238418579 6.7958831787109375 0.6899999976158142
v -0.89000004529953 6.834661483764648 1.7100000381469727
v -0.8500000238418579 6.7958831787109375 1.7100000381469727
v -2.3499999046325684 6.388711929321289 0.6899999976158142
v -2.309999942779541 6.7958831787109375 0.6499999761581421
v -2.309999942779541 6.388711929321289 0.6499999761581421
v -2.3499999046325684 6.388711929321289 0.6899999976158142
v -2.3499999046325684 6.7958831787109375 0.6899999976158142
v -2.309999942779541 6.7958831787109375 0.6499999761581421
v -2.3499999046325684 6.388711929321289 1.7100000381469727
v -2.309999942779541 6.388711929321289 1.75
v -2.309999942779541 6.7958831787109375 1.75
v -2.3499999046325684 6.388711929321289 1.7100000381469727
v -2.309999942779541 6.7958831787109375 1.75
v -2.3499999046325684 6.7958831787109375 1.7100000381469727
v -0.8500000238418579 6.388711929321289 0.6899999976158142
v -0.89000004529953 6.388711929321289 0.6499999761581421
v -0.89000004529953 6.7958831787109375 0.6499999761581421
v -0.8500000238418579 6.388711929321289 0.6899999976158142
v -0.89000004529953 6.7958831787109375 0.6499999761581421
v -0.8500000238418579 6.7958831787109375 0.6899999976158142
v -0.8500000238418579 6.388711929321289 1.7100000381469727
v -0.89000004529953 6.7958831787109375 1.75
v -0.89000004529953 6.388711929321289 1.75
v -0.8500000238418579 6.388711929321289 1.7100000381469727
v -0.8500000238418579 6.7958831787109375 1.7100000381469727
v -0.89000004529953 6.7958831787109375 1.75
v -2.309999942779541 6.349933624267578 0.6899999976158142
v -2.309999942779541 6.388711929321289 0.6499999761581421
v -0.89000004529953 6.388711929321289 0.6499999761581421
v -2.309999942779541 6.349933624267578 0.6899999976158142
v -0.89000004529953 6.388711929321289 0.6499999761581421
v -0.89000004529953 6.349933624267578 0.6899999976158142
v -2.309999942779541 6.349933624267578 1.7100000381469727
v -0.89000004529953 6.388711929321289 1.75
v -2.309999942779541 6.388711929321289 1.75
v -2.309999942779541 6.349933624267578 1.7100000381469727
v -0.89000004529953 6.349933624267578 1.7100000381469727
v -0.89000004529953 6.388711929321289 1.75
v -2.309999942779541 6.834661483764648 0.6899999976158142
v -0.89000004529953 6.7958831787109375 0.6499999761581421
v -2.309999942779541 6.7958831787109375 0.6499999761581421
v -2.309999942779541 6.834661483764648 0.6899999976158142
v -0.89000004529953 6.834661483764648 0.6899999976158142
v -0.89000004529953 6.7958831787109375 0.6499999761581421
v -2.309999942779541 6.834661483764648 1.7100000381469727
v -2.309999942779541 6.7958831787109375 1.75
v -0.89000004529953 6.7958831787109375 1.75
v -2.309999942779541 6.834661483764648 1.7100000381469727
v -0.89000004529953 6.7958831787109375 1.75
v -0.89000004529953 6.834661483764648 1.7100000381469727
v -2.3499999046325684 6.388711929321289 0.6899999976158142
v -2.309999942779541 6.388711929321289 0.6499999761581421
v -2.309999942779541 6.349933624267578 0.6899999976158142
v -2.3499999046325684 6.388711929321289 1.7100000381469727
v -2.309999942779541 6.349933624267578 1.7100000381469727
v -2.309999942779541 6.388711929321289 1.75
v -2.3499999046325684 6.7958831787109375 0.6899999976158142
v -2.309999942779541 6.834661483764648 0.6899999976158142
v -2.309999942779541 6.7958831787109375 0.6499999761581421
v -2.3499999046325684 6.7958831787109375 1.7100000381469727
v -2.309999942779541 6.7958831787109375 1.75
v -2.309999942779541 6.834661483764648 1.7100000381469727
v -0.8500000238418579 6.388711929321289 0.6899999976158142
v -0.89000004529953 6.349933624267578 0.6899999976158142
v -0.89000004529953 6.388711929321289 0.6499999761581421
v -0.8500000238418579 6.388711929321289 1.7100000381469727
v -0.89000004529953 6.388711929321289 1.75
v -0.89000004529953 6.349933624267578 1.7100000381469727
v -0.8500000238418579 6.7958831787109375 0.6899999976158142
v -0.89000004529953 6.7958831787109375 0.6499999761581421
v -0.89000004529953 6.834661483764648 0.6899999976158142
v -0.8500000238418579 6.7958831787109375 1.7100000381469727
v -0.89000004529953 6.834661483764648 1.7100000381469727
v -0.89000004529953 6.7958831787109375 1.75
vn -1 0 0
vn -1 0 0
vn -1 0 0
vn -1 0 0
vn -1 0 0
vn -1 0 0
vn 1 0 0
vn 1 0 0
vn 1 0 0
vn 1 0 0
vn 1 0 0
vn 1 0 0
vn 0 -1 0
vn 0 -1 0
vn 0 -1 0
vn 0 -1 0
vn 0 -1 0
vn 0 -1 0
vn 0 1 0
vn 0 1 0
vn 0 1 0
vn 0 1 0
vn 0 1 0
vn 0 1 0
vn 0 0 -1
vn 0 0 -1
vn 0 0 -1
vn 0 0 -1
vn 0 0 -1
vn 0 0 -1
vn 0 0 1
vn 0 0 1
vn 0 0 1
vn 0 0 1
vn 0 0 1
vn 0 0 1
vn -0.6960563468610548 -0.7179871600484532 0
vn -0.6960563468610548 -0.7179871600484532 0
vn -0.6960563468610548 -0.7179871600484532 0
vn -0.6960563468610548 -0.7179871600484532 0
vn -0.6960563468610548 -0.7179871600484532 0
vn -0.6960563468610548 -0.7179871600484532 0
vn -0.6960563468610548 0.7179871600484532 0
vn -0.6960563468610548 0.7179871600484532 0
vn -0.6960563468610548 0.7179871600484532 0
vn -0.6960563468610548 0.7179871600484532 0
vn -0.6960563468610548 0.7179871600484532 0
vn -0.6960563468610548 0.7179871600484532 0
vn 0.6960563468610548 -0.7179871600484532 0
vn 0.6960563468610548 -0.7179871600484532 0
vn 0.6960563468610548 -0.7179871600484532 0
vn 0.6960563468610548 -0.7179871600484532 0
vn 0.6960563468610548 -0.7179871600484532 0
vn 0.6960563468610548 -0.7179871600484532 0
vn 0.6960563468610548 0.7179871600484532 0
vn 0.6960563468610548 0.7179871600484532 0
vn 0.6960563468610548 0.7179871600484532 0
vn 0.6960563468610548 0.7179871600484532 0
vn 0.6960563468610548 0.7179871600484532 0
vn 0.6960563468610548 0.7179871600484532 0
vn -0.7071067811865476 0 -0.7071067811865476
vn -0.7071067811865476 0 -0.7071067811865476
vn -0.7071067811865476 0 -0.7071067811865476
vn -0.7071067811865476 0 -0.7071067811865476
vn -0.7071067811865476 0 -0.7071067811865476
vn -0.7071067811865476 0 -0.7071067811865476
vn -0.7071067811865476 0 0.7071067811865476
vn -0.7071067811865476 0 0.7071067811865476
vn -0.7071067811865476 0 0.7071067811865476
vn -0.7071067811865476 0 0.7071067811865476
vn -0.7071067811865476 0 0.7071067811865476
vn -0.7071067811865476 0 0.7071067811865476
vn 0.7071067811865476 0 -0.7071067811865476
vn 0.7071067811865476 0 -0.7071067811865476
vn 0.7071067811865476 0 -0.7071067811865476
vn 0.7071067811865476 0 -0.7071067811865476
vn 0.7071067811865476 0 -0.7071067811865476
vn 0.7071067811865476 0 -0.7071067811865476
vn 0.7071067811865476 0 0.7071067811865476
vn 0.7071067811865476 0 0.7071067811865476
vn 0.7071067811865476 0 0.7071067811865476
vn 0.7071067811865476 0 0.7071067811865476
vn 0.7071067811865476 0 0.7071067811865476
vn 0.7071067811865476 0 0.7071067811865476
vn 0 -0.7179871898364415 -0.6960563161345277
vn 0 -0.7179871898364415 -0.6960563161345277
vn 0 -0.7179871898364415 -0.6960563161345277
vn 0 -0.7179871898364415 -0.6960563161345277
vn 0 -0.7179871898364415 -0.6960563161345277
vn 0 -0.7179871898364415 -0.6960563161345277
vn 0 -0.7179871898364415 0.6960563161345277
vn 0 -0.7179871898364415 0.6960563161345277
vn 0 -0.7179871898364415 0.6960563161345277
vn 0 -0.7179871898364415 0.6960563161345277
vn 0 -0.7179871898364415 0.6960563161345277
vn 0 -0.7179871898364415 0.6960563161345277
vn 0 0.7179871898364415 -0.6960563161345277
vn 0 0.7179871898364415 -0.6960563161345277
vn 0 0.7179871898364415 -0.6960563161345277
vn 0 0.7179871898364415 -0.6960563161345277
vn 0 0.7179871898364415 -0.6960563161345277
vn 0 0.7179871898364415 -0.6960563161345277
vn 0 0.7179871898364415 0.6960563161345277
vn 0 0.7179871898364415 0.6960563161345277
vn 0 0.7179871898364415 0.6960563161345277
vn 0 0.7179871898364415 0.6960563161345277
vn 0 0.7179871898364415 0.6960563161345277
vn 0 0.7179871898364415 0.6960563161345277
vn -0.5712879908333801 -0.5892877591288652 -0.5712879908333801
vn -0.5712879908333801 -0.5892877591288652 -0.5712879908333801
vn -0.5712879908333801 -0.5892877591288652 -0.5712879908333801
vn -0.5712879908333801 -0.5892877591288652 0.5712879908333801
vn -0.5712879908333801 -0.5892877591288652 0.5712879908333801
vn -0.5712879908333801 -0.5892877591288652 0.5712879908333801
vn -0.5712879908333801 0.5892877591288652 -0.5712879908333801
vn -0.5712879908333801 0.5892877591288652 -0.5712879908333801
vn -0.5712879908333801 0.5892877591288652 -0.5712879908333801
vn -0.5712879908333801 0.5892877591288652 0.5712879908333801
vn -0.5712879908333801 0.5892877591288652 0.5712879908333801
vn -0.5712879908333801 0.5892877591288652 0.5712879908333801
vn 0.5712879908333801 -0.5892877591288652 -0.5712879908333801
vn 0.5712879908333801 -0.5892877591288652 -0.5712879908333801
vn 0.5712879908333801 -0.5892877591288652 -0.5712879908333801
vn 0.5712879908333801 -0.5892877591288652 0.5712879908333801
vn 0.5712879908333801 -0.5892877591288652 0.5712879908333801
vn 0.5712879908333801 -0.5892877591288652 0.5712879908333801
vn 0.5712879908333801 0.5892877591288652 -0.5712879908333801
vn 0.5712879908333801 0.5892877591288652 -0.5712879908333801
vn 0.5712879908333801 0.5892877591288652 -0.5712879908333801
vn 0.5712879908333801 0.5892877591288652 0.5712879908333801
vn 0.5712879908333801 0.5892877591288652 0.5712879908333801
vn 0.5712879908333801 0.5892877591288652 0.5712879908333801
f 2221//2221 2222//2222 2223//2223
f 2224//2224 2225//2225 2226//2226
f 2227//2227 2228//2228 2229//2229
f 2230//2230 2231//2231 2232//2232
f 2233//2233 2234//2234 2235//2235
f 2236//2236 2237//2237 2238//2238
f 2239//2239 2240//2240 2241//2241
f 2242//2242 2243//2243 2244//2244
f 2245//2245 2246//2246 2247//2247
f 2248//2248 2249//2249 2250//2250
f 2251//2251 2252//2252 2253//2253
f 2254//2254 2255//2255 2256//2256
f 2257//2257 2258//2258 2259//2259
f 2260//2260 2261//2261 2262//2262
f 2263//2263 2264//2264 2265//2265
f 2266//2266 2267//2267 2268//2268
f 2269//2269 2270//2270 2271//2271
f 2272//2272 2273//2273 2274//2274
f 2275//2275 2276//2276 2277//2277
f 2278//2278 2279//2279 2280//2280
f 2281//2281 2282//2282 2283//2283
f 2284//2284 2285//2285 2286//2286
f 2287//2287 2288//2288 2289//2289
f 2290//2290 2291//2291 2292//2292
f 2293//2293 2294//2294 2295//2295
f 2296//2296 2297//2297 2298//2298
f 2299//2299 2300//2300 2301//2301
f 2302//2302 2303//2303 2304//2304
f 2305//2305 2306//2306 2307//2307
f 2308//2308 2309//2309 2310//2310
f 2311//2311 2312//2312 2313//2313
f 2314//2314 2315//2315 2316//2316
f 2317//2317 2318//2318 2319//2319
f 2320//2320 2321//2321 2322//2322
f 2323//2323 2324//2324 2325//2325
f 2326//2326 2327//2327 2328//2328
f 2329//2329 2330//2330 2331//2331
f 2332//2332 2333//2333 2334//2334
f 2335//2335 2336//2336 2337//2337
f 2338//2338 2339//2339 2340//2340
f 2341//2341 2342//2342 2343//2343
f 2344//2344 2345//2345 2346//2346
f 2347//2347 2348//2348 2349//2349
f 2350//2350 2351//2351 2352//2352
