mtllib building_near_a.mtl
o plinth
usemtl cream
v -3.5999999046325684 0.03884672746062279 -3.809999942779541
v -3.5999999046325684 0.3981790542602539 3.809999942779541
v -3.5999999046325684 0.3981790542602539 -3.809999942779541
v -3.5999999046325684 0.03884672746062279 -3.809999942779541
v -3.5999999046325684 0.03884672746062279 3.809999942779541
v -3.5999999046325684 0.3981790542602539 3.809999942779541
v 3.5999999046325684 0.03884672746062279 -3.809999942779541
v 3.5999999046325684 0.3981790542602539 -3.809999942779541
v 3.5999999046325684 0.3981790542602539 3.809999942779541
v 3.5999999046325684 0.03884672746062279 -3.809999942779541
v 3.5999999046325684 0.3981790542602539 3.809999942779541
v 3.5999999046325684 0.03884672746062279 3.809999942779541
v -3.559999942779541 0 -3.809999942779541
v 3.559999942779541 0 -3.809999942779541
v 3.559999942779541 0 3.809999942779541
v -3.559999942779541 0 -3.809999942779541
v 3.559999942779541 0 3.809999942779541
v -3.559999942779541 0 3.809999942779541
v -3.559999942779541 0.437025785446167 -3.809999942779541
v 3.559999942779541 0.437025785446167 3.809999942779541
v 3.559999942779541 0.437025785446167 -3.809999942779541
v -3.559999942779541 0.437025785446167 -3.809999942779541
v -3.559999942779541 0.437025785446167 3.809999942779541
v 3.559999942779541 0.437025785446167 3.809999942779541
v -3.559999942779541 0.03884672746062279 -3.8499999046325684
v 3.559999942779541 0.3981790542602539 -3.8499999046325684
v 3.559999942779541 0.03884672746062279 -3.8499999046325684
v -3.559999942779541 0.03884672746062279 -3.8499999046325684
v -3.559999942779541 0.3981790542602539 -3.8499999046325684
v 3.559999942779541 0.3981790542602539 -3.8499999046325684
v -3.559999942779541 0.03884672746062279 3.8499999046325684
v 3.559999942779541 0.03884672746062279 3.8499999046325684
v 3.559999942779541 0.3981790542602539 3.8499999046325684
v -3.559999942779541 0.03884672746062279 3.8499999046325684
v 3.559999942779541 0.3981790542602539 3.8499999046325684
v -3.559999942779541 0.3981790542602539 3.8499999046325684
v -3.5999999046325684 0.03884672746062279 -3.809999942779541
v -3.559999942779541 0 -3.809999942779541
v -3.559999942779541 0 3.809999942779541
v -3.5999999046325684 0.03884672746062279 -3.809999942779541
v -3.559999942779541 0 3.809999942779541
v -3.5999999046325684 0.03884672746062279 3.809999942779541
v -3.5999999046325684 0.3981790542602539 -3.809999942779541
v -3.559999942779541 0.437025785446167 3.809999942779541
v -3.559999942779541 0.437025785446167 -3.809999942779541
v -3.5999999046325684 0.3981790542602539 -3.809999942779541
v -3.5999999046325684 0.3981790542602539 3.809999942779541
v -3.559999942779541 0.437025785446167 3.809999942779541
v 3.5999999046325684 0.03884672746062279 -3.809999942779541
v 3.559999942779541 0 3.809999942779541
v 3.559999942779541 0 -3.809999942779541
v 3.5999999046325684 0.03884672746062279 -3.809999942779541
v 3.5999999046325684 0.03884672746062279 3.809999942779541
v 3.559999942779541 0 3.809999942779541
v 3.5999999046325684 0.3981790542602539 -3.809999942779541
v 3.559999942779541 0.437025785446167 -3.809999942779541
v 3.559999942779541 0.437025785446167 3.809999942779541
v 3.5999999046325684 0.3981790542602539 -3.809999942779541
v 3.559999942779541 0.437025785446167 3.809999942779541
v 3.5999999046325684 0.3981790542602539 3.809999942779541
v -3.5999999046325684 0.03884672746062279 -3.809999942779541
v -3.559999942779541 0.3981790542602539 -3.8499999046325684
v -3.559999942779541 0.03884672746062279 -3.8499999046325684
v -3.5999999046325684 0.03884672746062279 -3.809999942779541
v -3.5999999046325684 0.3981790542602539 -3.809999942779541
v -3.559999942779541 0.3981790542602539 -3.8499999046325684
v -3.5999999046325684 0.03884672746062279 3.809999942779541
v -3.559999942779541 0.03884672746062279 3.8499999046325684
v -3.559999942779541 0.3981790542602539 3.8499999046325684
v -3.5999999046325684 0.03884672746062279 3.809999942779541
v -3.559999942779541 0.3981790542602539 3.8499999046325684
v -3.5999999046325684 0.3981790542602539 3.809999942779541
v 3.5999999046325684 0.03884672746062279 -3.809999942779541
v 3.559999942779541 0.03884672746062279 -3.8499999046325684
v 3.559999942779541 0.3981790542602539 -3.8499999046325684
v 3.5999999046325684 0.03884672746062279 -3.809999942779541
v 3.559999942779541 0.3981790542602539 -3.8499999046325684
v 3.5999999046325684 0.3981790542602539 -3.809999942779541
v 3.5999999046325684 0.03884672746062279 3.809999942779541
v 3.559999942779541 0.3981790542602539 3.8499999046325684
v 3.559999942779541 0.03884672746062279 3.8499999046325684
v 3.5999999046325684 0.03884672746062279 3.809999942779541
v 3.5999999046325684 0.3981790542602539 3.809999942779541
v 3.559999942779541 0.3981790542602539 3.8499999046325684
v -3.559999942779541 0 -3.809999942779541
v -3.559999942779541 0.03884672746062279 -3.8499999046325684
v 3.559999942779541 0.03884672746062279 -3.8499999046325684
v -3.559999942779541 0 -3.809999942779541
v 3.559999942779541 0.03884672746062279 -3.8499999046325684
v 3.559999942779541 0 -3.809999942779541
v -3.559999942779541 0 3.809999942779541
v 3.559999942779541 0.03884672746062279 3.8499999046325684
v -3.559999942779541 0.03884672746062279 3.8499999046325684
v -3.559999942779541 0 3.809999942779541
v 3.559999942779541 0 3.809999942779541
v 3.559999942779541 0.03884672746062279 3.8499999046325684
v -3.559999942779541 0.437025785446167 -3.809999942779541
v 3.559999942779541 0.3981790542602539 -3.8499999046325684
v -3.559999942779541 0.3981790542602539 -3.8499999046325684
v -3.559999942779541 0.437025785446167 -3.809999942779541
v 3.559999942779541 0.437025785446167 -3.809999942779541
v 3.559999942779541 0.3981790542602539 -3.8499999046325684
v -3.559999942779541 0.437025785446167 3.809999942779541
v -3.559999942779541 0.3981790542602539 3.8499999046325684
v 3.559999942779541 0.3981790542602539 3.8499999046325684
v -3.559999942779541 0.437025785446167 3.809999942779541
v 3.559999942779541 0.3981790542602539 3.8499999046325684
v 3.559999942779541 0.437025785446167 3.809999942779541
v -3.5999999046325684 0.03884672746062279 -3.809999942779541
v -3.559999942779541 0.03884672746062279 -3.8499999046325684
v -3.559999942779541 0 -3.809999942779541
v -3.5999999046325684 0.03884672746062279 3.809999942779541
v -3.559999942779541 0 3.809999942779541
v -3.559999942779541 0.03884672746062279 3.8499999046325684
v -3.5999999046325684 0.3981790542602539 -3.809999942779541
v -3.559999942779541 0.437025785446167 -3.809999942779541
v -3.559999942779541 0.3981790542602539 -3.8499999046325684
v -3.5999999046325684 0.3981790542602539 3.809999942779541
v -3.559999942779541 0.3981790542602539 3.8499999046325684
v -3.559999942779541 0.437025785446167 3.809999942779541
v 3.5999999046325684 0.03884672746062279 -3.809999942779541
v 3.559999942779541 0 -3.809999942779541
v 3.559999942779541 0.03884672746062279 -3.8499999046325684
v 3.5999999046325684 0.03884672746062279 3.809999942779541
v 3.559999942779541 0.03884672746062279 3.8499999046325684
v 3.559999942779541 0 3.809999942779541
v 3.5999999046325684 0.3981790542602539 -3.809999942779541
v 3.559999942779541 0.3981790542602539 -3.8499999046325684
v 3.559999942779541 0.437025785446167 -3.809999942779541
v 3.5999999046325684 0.3981790542602539 3.809999942779541
v 3.559999942779541 0.437025785446167 3.809999942779541
v 3.559999942779541 0.3981790542602539 3.8499999046325684
vn -1 0 0
vn -1 0 0
vn -1 0 0
vn -1 0 0
vn -1 0 0
vn -1 0 0
vn 1 0 0
vn 1 0 0
vn 1 0 0
vn 1 0 0
vn 1 0 0
vn 1 0 0
vn 0 -1 0
vn 0 -1 0
vn 0 -1 0
vn 0 -1 0
vn 0 -1 0
vn 0 -1 0
vn 0 1 0
vn 0 1 0
vn 0 1 0
vn 0 1 0
vn 0 1 0
vn 0 1 0
vn 0 0 -1
vn 0 0 -1
vn 0 0 -1
vn 0 0 -1
vn 0 0 -1
vn 0 0 -1
vn 0 0 1
vn 0 0 1
vn 0 0 1
vn 0 0 1
vn 0 0 1
vn 0 0 1
vn -0.6966899011981347 -0.7173724148366267 0
vn -0.6966899011981347 -0.7173724148366267 0
vn -0.6966899011981347 -0.7173724148366267 0
vn -0.6966899011981347 -0.7173724148366267 0
vn -0.6966899011981347 -0.7173724148366267 0
vn -0.6966899011981347 -0.7173724148366267 0
vn -0.6966899011981347 0.7173724148366267 0
vn -0.6966899011981347 0.7173724148366267 0
vn -0.6966899011981347 0.7173724148366267 0
vn -0.6966899011981347 0.7173724148366267 0
vn -0.6966899011981347 0.7173724148366267 0
vn -0.6966899011981347 0.7173724148366267 0
vn 0.6966899011981347 -0.7173724148366267 0
vn 0.6966899011981347 -0.7173724148366267 0
vn 0.6966899011981347 -0.7173724148366267 0
vn 0.6966899011981347 -0.7173724148366267 0
vn 0.6966899011981347 -0.7173724148366267 0
vn 0.6966899011981347 -0.7173724148366267 0
vn 0.6966899011981347 0.7173724148366267 0
vn 0.6966899011981347 0.7173724148366267 0
vn 0.6966899011981347 0.7173724148366267 0
vn 0.6966899011981347 0.7173724148366267 0
vn 0.6966899011981347 0.7173724148366267 0
vn 0.6966899011981347 0.7173724148366267 0
vn -0.7071067811865476 0 -0.7071067811865476
vn -0.7071067811865476 0 -0.7071067811865476
vn -0.7071067811865476 0 -0.7071067811865476
vn -0.7071067811865476 0 -0.7071067811865476
vn -0.7071067811865476 0 -0.7071067811865476
vn -0.7071067811865476 0 -0.7071067811865476
vn -0.7071067811865476 0 0.7071067811865476
vn -0.7071067811865476 0 0.7071067811865476
vn -0.7071067811865476 0 0.7071067811865476
vn -0.7071067811865476 0 0.7071067811865476
vn -0.7071067811865476 0 0.7071067811865476
vn -0.7071067811865476 0 0.7071067811865476
vn 0.7071067811865476 0 -0.7071067811865476
vn 0.7071067811865476 0 -0.7071067811865476
vn 0.7071067811865476 0 -0.7071067811865476
vn 0.7071067811865476 0 -0.7071067811865476
vn 0.7071067811865476 0 -0.7071067811865476
vn 0.7071067811865476 0 -0.7071067811865476
vn 0.7071067811865476 0 0.7071067811865476
vn 0.7071067811865476 0 0.7071067811865476
vn 0.7071067811865476 0 0.7071067811865476
vn 0.7071067811865476 0 0.7071067811865476
vn 0.7071067811865476 0 0.7071067811865476
vn 0.7071067811865476 0 0.7071067811865476
vn 0 -0.7173724148366267 -0.6966899011981347
vn 0 -0.7173724148366267 -0.6966899011981347
vn 0 -0.7173724148366267 -0.6966899011981347
vn 0 -0.7173724148366267 -0.6966899011981347
vn 0 -0.7173724148366267 -0.6966899011981347
vn 0 -0.7173724148366267 -0.6966899011981347
vn 0 -0.7173724148366267 0.6966899011981347
vn 0 -0.7173724148366267 0.6966899011981347
vn 0 -0.7173724148366267 0.6966899011981347
vn 0 -0.7173724148366267 0.6966899011981347
vn 0 -0.7173724148366267 0.6966899011981347
vn 0 -0.7173724148366267 0.6966899011981347
vn 0 0.7173724148366267 -0.6966899011981347
vn 0 0.7173724148366267 -0.6966899011981347
vn 0 0.7173724148366267 -0.6966899011981347
vn 0 0.7173724148366267 -0.6966899011981347
vn 0 0.7173724148366267 -0.6966899011981347
vn 0 0.7173724148366267 -0.6966899011981347
vn 0 0.7173724148366267 0.6966899011981347
vn 0 0.7173724148366267 0.6966899011981347
vn 0 0.7173724148366267 0.6966899011981347
vn 0 0.7173724148366267 0.6966899011981347
vn 0 0.7173724148366267 0.6966899011981347
vn 0 0.7173724148366267 0.6966899011981347
vn -0.5716381648774302 -0.5886082032312562 -0.5716381648774302
vn -0.5716381648774302 -0.5886082032312562 -0.5716381648774302
vn -0.5716381648774302 -0.5886082032312562 -0.5716381648774302
vn -0.5716381648774302 -0.5886082032312562 0.5716381648774302
vn -0.5716381648774302 -0.5886082032312562 0.5716381648774302
vn -0.5716381648774302 -0.5886082032312562 0.5716381648774302
vn -0.5716381648774302 0.5886082032312562 -0.5716381648774302
vn -0.5716381648774302 0.5886082032312562 -0.5716381648774302
vn -0.5716381648774302 0.5886082032312562 -0.5716381648774302
vn -0.5716381648774302 0.5886082032312562 0.5716381648774302
vn -0.5716381648774302 0.5886082032312562 0.5716381648774302
vn -0.5716381648774302 0.5886082032312562 0.5716381648774302
vn 0.5716381648774302 -0.5886082032312562 -0.5716381648774302
vn 0.5716381648774302 -0.5886082032312562 -0.5716381648774302
vn 0.5716381648774302 -0.5886082032312562 -0.5716381648774302
vn 0.5716381648774302 -0.5886082032312562 0.5716381648774302
vn 0.5716381648774302 -0.5886082032312562 0.5716381648774302
vn 0.5716381648774302 -0.5886082032312562 0.5716381648774302
vn 0.5716381648774302 0.5886082032312562 -0.5716381648774302
vn 0.5716381648774302 0.5886082032312562 -0.5716381648774302
vn 0.5716381648774302 0.5886082032312562 -0.5716381648774302
vn 0.5716381648774302 0.5886082032312562 0.5716381648774302
vn 0.5716381648774302 0.5886082032312562 0.5716381648774302
vn 0.5716381648774302 0.5886082032312562 0.5716381648774302
f 1//1 2//2 3//3
f 4//4 5//5 6//6
f 7//7 8//8 9//9
f 10//10 11//11 12//12
f 13//13 14//14 15//15
f 16//16 17//17 18//18
f 19//19 20//20 21//21
f 22//22 23//23 24//24
f 25//25 26//26 27//27
f 28//28 29//29 30//30
f 31//31 32//32 33//33
f 34//34 35//35 36//36
f 37//37 38//38 39//39
f 40//40 41//41 42//42
f 43//43 44//44 45//45
f 46//46 47//47 48//48
f 49//49 50//50 51//51
f 52//52 53//53 54//54
f 55//55 56//56 57//57
f 58//58 59//59 60//60
f 61//61 62//62 63//63
f 64//64 65//65 66//66
f 67//67 68//68 69//69
f 70//70 71//71 72//72
f 73//73 74//74 75//75
f 76//76 77//77 78//78
f 79//79 80//80 81//81
f 82//82 83//83 84//84
f 85//85 86//86 87//87
f 88//88 89//89 90//90
f 91//91 92//92 93//93
f 94//94 95//95 96//96
f 97//97 98//98 99//99
f 100//100 101//101 102//102
f 103//103 104//104 105//105
f 106//106 107//107 108//108
f 109//109 110//110 111//111
f 112//112 113//113 114//114
f 115//115 116//116 117//117
f 118//118 119//119 120//120
f 121//121 122//122 123//123
f 124//124 125//125 126//126
f 127//127 128//128 129//129
f 130//130 131//131 132//132
o body
usemtl brick
v -3.4749999046325684 0.47587254643440247 -3.684999942779541
v -3.4749999046325684 4.865553855895996 3.684999942779541
v -3.4749999046325684 4.865553855895996 -3.684999942779541
v -3.4749999046325684 0.47587254643440247 -3.684999942779541
v -3.4749999046325684 0.47587254643440247 3.684999942779541
v -3.4749999046325684 4.865553855895996 3.684999942779541
v 3.4749999046325684 0.47587254643440247 -3.684999942779541
v 3.4749999046325684 4.865553855895996 -3.684999942779541
v 3.4749999046325684 4.865553855895996 3.684999942779541
v 3.4749999046325684 0.47587254643440247 -3.684999942779541
v 3.4749999046325684 4.865553855895996 3.684999942779541
v 3.4749999046325684 0.47587254643440247 3.684999942779541
v -3.434999942779541 0.43702584505081177 -3.684999942779541
v 3.434999942779541 0.43702584505081177 -3.684999942779541
v 3.434999942779541 0.43702584505081177 3.684999942779541
v -3.434999942779541 0.43702584505081177 -3.684999942779541
v 3.434999942779541 0.43702584505081177 3.684999942779541
v -3.434999942779541 0.43702584505081177 3.684999942779541
v -3.434999942779541 4.904400825500488 -3.684999942779541
v 3.434999942779541 4.904400825500488 3.684999942779541
v 3.434999942779541 4.904400825500488 -3.684999942779541
v -3.434999942779541 4.904400825500488 -3.684999942779541
v -3.434999942779541 4.904400825500488 3.684999942779541
v 3.434999942779541 4.904400825500488 3.684999942779541
v -3.434999942779541 0.47587254643440247 -3.7249999046325684
v 3.434999942779541 4.865553855895996 -3.7249999046325684
v 3.434999942779541 0.47587254643440247 -3.7249999046325684
v -3.434999942779541 0.47587254643440247 -3.7249999046325684
v -3.434999942779541 4.865553855895996 -3.7249999046325684
v 3.434999942779541 4.865553855895996 -3.7249999046325684
v -3.434999942779541 0.47587254643440247 3.7249999046325684
v 3.434999942779541 0.47587254643440247 3.7249999046325684
v 3.434999942779541 4.865553855895996 3.7249999046325684
v -3.434999942779541 0.47587254643440247 3.7249999046325684
v 3.434999942779541 4.865553855895996 3.7249999046325684
v -3.434999942779541 4.865553855895996 3.7249999046325684
v -3.4749999046325684 0.47587254643440247 -3.684999942779541
v -3.434999942779541 0.43702584505081177 -3.684999942779541
v -3.434999942779541 0.43702584505081177 3.684999942779541
v -3.4749999046325684 0.47587254643440247 -3.684999942779541
v -3.434999942779541 0.43702584505081177 3.684999942779541
v -3.4749999046325684 0.47587254643440247 3.684999942779541
v -3.4749999046325684 4.865553855895996 -3.684999942779541
v -3.434999942779541 4.904400825500488 3.684999942779541
v -3.434999942779541 4.904400825500488 -3.684999942779541
v -3.4749999046325684 4.865553855895996 -3.684999942779541
v -3.4749999046325684 4.865553855895996 3.684999942779541
v -3.434999942779541 4.904400825500488 3.684999942779541
v 3.4749999046325684 0.47587254643440247 -3.684999942779541
v 3.434999942779541 0.43702584505081177 3.684999942779541
v 3.434999942779541 0.43702584505081177 -3.684999942779541
v 3.4749999046325684 0.47587254643440247 -3.684999942779541
v 3.4749999046325684 0.47587254643440247 3.684999942779541
v 3.434999942779541 0.43702584505081177 3.684999942779541
v 3.4749999046325684 4.865553855895996 -3.684999942779541
v 3.434999942779541 4.904400825500488 -3.684999942779541
v 3.434999942779541 4.904400825500488 3.684999942779541
v 3.4749999046325684 4.865553855895996 -3.684999942779541
v 3.434999942779541 4.904400825500488 3.684999942779541
v 3.4749999046325684 4.865553855895996 3.684999942779541
v -3.4749999046325684 0.47587254643440247 -3.684999942779541
v -3.434999942779541 4.865553855895996 -3.7249999046325684
v -3.434999942779541 0.47587254643440247 -3.7249999046325684
v -3.4749999046325684 0.47587254643440247 -3.684999942779541
v -3.4749999046325684 4.865553855895996 -3.684999942779541
v -3.434999942779541 4.865553855895996 -3.7249999046325684
v -3.4749999046325684 0.47587254643440247 3.684999942779541
v -3.434999942779541 0.47587254643440247 3.7249999046325684
v -3.434999942779541 4.865553855895996 3.7249999046325684
v -3.4749999046325684 0.47587254643440247 3.684999942779541
v -3.434999942779541 4.865553855895996 3.7249999046325684
v -3.4749999046325684 4.865553855895996 3.684999942779541
v 3.4749999046325684 0.47587254643440247 -3.684999942779541
v 3.434999942779541 0.47587254643440247 -3.7249999046325684
v 3.434999942779541 4.865553855895996 -3.7249999046325684
v 3.4749999046325684 0.47587254643440247 -3.684999942779541
v 3.434999942779541 4.865553855895996 -3.7249999046325684
v 3.4749999046325684 4.865553855895996 -3.684999942779541
v 3.4749999046325684 0.47587254643440247 3.684999942779541
v 3.434999942779541 4.865553855895996 3.7249999046325684
v 3.434999942779541 0.47587254643440247 3.7249999046325684
v 3.4749999046325684 0.47587254643440247 3.684999942779541
v 3.4749999046325684 4.865553855895996 3.684999942779541
v 3.434999942779541 4.865553855895996 3.7249999046325684
v -3.434999942779541 0.43702584505081177 -3.684999942779541
v -3.434999942779541 0.47587254643440247 -3.7249999046325684
v 3.434999942779541 0.47587254643440247 -3.7249999046325684
v -3.434999942779541 0.43702584505081177 -3.684999942779541
v 3.434999942779541 0.47587254643440247 -3.7249999046325684
v 3.434999942779541 0.43702584505081177 -3.684999942779541
v -3.434999942779541 0.43702584505081177 3.684999942779541
v 3.434999942779541 0.47587254643440247 3.7249999046325684
v -3.434999942779541 0.47587254643440247 3.7249999046325684
v -3.434999942779541 0.43702584505081177 3.684999942779541
v 3.434999942779541 0.43702584505081177 3.684999942779541
v 3.434999942779541 0.47587254643440247 3.7249999046325684
v -3.434999942779541 4.904400825500488 -3.684999942779541
v 3.434999942779541 4.865553855895996 -3.7249999046325684
v -3.434999942779541 4.865553855895996 -3.7249999046325684
v -3.434999942779541 4.904400825500488 -3.684999942779541
v 3.434999942779541 4.904400825500488 -3.684999942779541
v 3.434999942779541 4.865553855895996 -3.7249999046325684
v -3.434999942779541 4.904400825500488 3.684999942779541
v -3.434999942779541 4.865553855895996 3.7249999046325684
v 3.434999942779541 4.865553855895996 3.7249999046325684
v -3.434999942779541 4.904400825500488 3.684999942779541
v 3.434999942779541 4.865553855895996 3.7249999046325684
v 3.434999942779541 4.904400825500488 3.684999942779541
v -3.4749999046325684 0.47587254643440247 -3.684999942779541
v -3.434999942779541 0.47587254643440247 -3.7249999046325684
v -3.434999942779541 0.43702584505081177 -3.684999942779541
v -3.4749999046325684 0.47587254643440247 3.684999942779541
v -3.434999942779541 0.43702584505081177 3.684999942779541
v -3.434999942779541 0.47587254643440247 3.7249999046325684
v -3.4749999046325684 4.865553855895996 -3.684999942779541
v -3.434999942779541 4.904400825500488 -3.684999942779541
v -3.434999942779541 4.865553855895996 -3.7249999046325684
v -3.4749999046325684 4.865553855895996 3.684999942779541
v -3.434999942779541 4.865553855895996 3.7249999046325684
v -3.434999942779541 4.904400825500488 3.684999942779541
v 3.4749999046325684 0.47587254643440247 -3.684999942779541
v 3.434999942779541 0.43702584505081177 -3.684999942779541
v 3.434999942779541 0.47587254643440247 -3.7249999046325684
v 3.4749999046325684 0.47587254643440247 3.684999942779541
v 3.434999942779541 0.47587254643440247 3.7249999046325684
v 3.434999942779541 0.43702584505081177 3.684999942779541
v 3.4749999046325684 4.865553855895996 -3.684999942779541
v 3.434999942779541 4.865553855895996 -3.7249999046325684
v 3.434999942779541 4.904400825500488 -3.684999942779541
v 3.4749999046325684 4.865553855895996 3.684999942779541
v 3.434999942779541 4.904400825500488 3.684999942779541
v 3.434999942779541 4.865553855895996 3.7249999046325684
vn -1 0 0
vn -1 0 0
vn -1 0 0
vn -1 0 0
vn -1 0 0
vn -1 0 0
vn 1 0 0
vn 1 0 0
vn 1 0 0
vn 1 0 0
vn 1 0 0
vn 1 0 0
vn 0 -1 0
vn 0 -1 0
vn 0 -1 0
vn 0 -1 0
vn 0 -1 0
vn 0 -1 0
vn 0 1 0
vn 0 1 0
vn 0 1 0
vn 0 1 0
vn 0 1 0
vn 0 1 0
vn 0 0 -1
vn 0 0 -1
vn 0 0 -1
vn 0 0 -1
vn 0 0 -1
vn 0 0 -1
vn 0 0 1
vn 0 0 1
vn 0 0 1
vn 0 0 1
vn 0 0 1
vn 0 0 1
vn -0.6966896593440736 -0.7173726497177312 0
vn -0.6966896593440736 -0.7173726497177312 0
vn -0.6966896593440736 -0.7173726497177312 0
vn -0.6966896593440736 -0.7173726497177312 0
vn -0.6966896593440736 -0.7173726497177312 0
vn -0.6966896593440736 -0.7173726497177312 0
vn -0.6966896593440736 0.7173726497177312 0
vn -0.6966896593440736 0.7173726497177312 0
vn -0.6966896593440736 0.7173726497177312 0
vn -0.6966896593440736 0.7173726497177312 0
vn -0.6966896593440736 0.7173726497177312 0
vn -0.6966896593440736 0.7173726497177312 0
vn 0.6966896593440736 -0.7173726497177312 0
vn 0.6966896593440736 -0.7173726497177312 0
vn 0.6966896593440736 -0.7173726497177312 0
vn 0.6966896593440736 -0.7173726497177312 0
vn 0.6966896593440736 -0.7173726497177312 0
vn 0.6966896593440736 -0.7173726497177312 0
vn 0.6966896593440736 0.7173726497177312 0
vn 0.6966896593440736 0.7173726497177312 0
vn 0.6966896593440736 0.7173726497177312 0
vn 0.6966896593440736 0.7173726497177312 0
vn 0.6966896593440736 0.7173726497177312 0
vn 0.6966896593440736 0.7173726497177312 0
vn -0.7071067811865476 0 -0.7071067811865476
vn -0.7071067811865476 0 -0.7071067811865476
vn -0.7071067811865476 0 -0.7071067811865476
vn -0.7071067811865476 0 -0.7071067811865476
vn -0.7071067811865476 0 -0.7071067811865476
vn -0.7071067811865476 0 -0.7071067811865476
vn -0.7071067811865476 0 0.7071067811865476
vn -0.7071067811865476 0 0.7071067811865476
vn -0.7071067811865476 0 0.7071067811865476
vn -0.7071067811865476 0 0.7071067811865476
vn -0.7071067811865476 0 0.7071067811865476
vn -0.7071067811865476 0 0.7071067811865476
vn 0.7071067811865476 0 -0.7071067811865476
vn 0.7071067811865476 0 -0.7071067811865476
vn 0.7071067811865476 0 -0.7071067811865476
vn 0.7071067811865476 0 -0.7071067811865476
vn 0.7071067811865476 0 -0.7071067811865476
vn 0.7071067811865476 0 -0.7071067811865476
vn 0.7071067811865476 0 0.7071067811865476
vn 0.7071067811865476 0 0.7071067811865476
vn 0.7071067811865476 0 0.7071067811865476
vn 0.7071067811865476 0 0.7071067811865476
vn 0.7071067811865476 0 0.7071067811865476
vn 0.7071067811865476 0 0.7071067811865476
vn 0 -0.7173726497177312 -0.6966896593440736
vn 0 -0.7173726497177312 -0.6966896593440736
vn 0 -0.7173726497177312 -0.6966896593440736
vn 0 -0.7173726497177312 -0.6966896593440736
vn 0 -0.7173726497177312 -0.6966896593440736
vn 0 -0.7173726497177312 -0.6966896593440736
vn 0 -0.7173726497177312 0.6966896593440736
vn 0 -0.7173726497177312 0.6966896593440736
vn 0 -0.7173726497177312 0.6966896593440736
vn 0 -0.7173726497177312 0.6966896593440736
vn 0 -0.7173726497177312 0.6966896593440736
vn 0 -0.7173726497177312 0.6966896593440736
vn 0 0.7173726497177312 -0.6966896593440736
vn 0 0.7173726497177312 -0.6966896593440736
vn 0 0.7173726497177312 -0.6966896593440736
vn 0 0.7173726497177312 -0.6966896593440736
vn 0 0.7173726497177312 -0.6966896593440736
vn 0 0.7173726497177312 -0.6966896593440736
vn 0 0.7173726497177312 0.6966896593440736
vn 0 0.7173726497177312 0.6966896593440736
vn 0 0.7173726497177312 0.6966896593440736
vn 0 0.7173726497177312 0.6966896593440736
vn 0 0.7173726497177312 0.6966896593440736
vn 0 0.7173726497177312 0.6966896593440736
vn -0.5716380026494292 -0.5886085183328069 -0.5716380026494292
vn -0.5716380026494292 -0.5886085183328069 -0.5716380026494292
vn -0.5716380026494292 -0.5886085183328069 -0.5716380026494292
vn -0.5716380026494292 -0.5886085183328069 0.5716380026494292
vn -0.5716380026494292 -0.5886085183328069 0.5716380026494292
vn -0.5716380026494292 -0.5886085183328069 0.5716380026494292
vn -0.5716380026494292 0.5886085183328069 -0.5716380026494292
vn -0.5716380026494292 0.5886085183328069 -0.5716380026494292
vn -0.5716380026494292 0.5886085183328069 -0.5716380026494292
vn -0.5716380026494292 0.5886085183328069 0.5716380026494292
vn -0.5716380026494292 0.5886085183328069 0.5716380026494292
vn -0.5716380026494292 0.5886085183328069 0.5716380026494292
vn 0.5716380026494292 -0.5886085183328069 -0.5716380026494292
vn 0.5716380026494292 -0.5886085183328069 -0.5716380026494292
vn 0.5716380026494292 -0.5886085183328069 -0.5716380026494292
vn 0.5716380026494292 -0.5886085183328069 0.5716380026494292
vn 0.5716380026494292 -0.5886085183328069 0.5716380026494292
vn 0.5716380026494292 -0.5886085183328069 0.5716380026494292
vn 0.5716380026494292 0.5886085183328069 -0.5716380026494292
vn 0.5716380026494292 0.5886085183328069 -0.5716380026494292
vn 0.5716380026494292 0.5886085183328069 -0.5716380026494292
vn 0.5716380026494292 0.5886085183328069 0.5716380026494292
vn 0.5716380026494292 0.5886085183328069 0.5716380026494292
vn 0.5716380026494292 0.5886085183328069 0.5716380026494292
f 133//133 134//134 135//135
f 136//136 137//137 138//138
f 139//139 140//140 141//141
f 142//142 143//143 144//144
f 145//145 146//146 147//147
f 148//148 149//149 150//150
f 151//151 152//152 153//153
f 154//154 155//155 156//156
f 157//157 158//158 159//159
f 160//160 161//161 162//162
f 163//163 164//164 165//165
f 166//166 167//167 168//168
f 169//169 170//170 171//171
f 172//172 173//173 174//174
f 175//175 176//176 177//177
f 178//178 179//179 180//180
f 181//181 182//182 183//183
f 184//184 185//185 186//186
f 187//187 188//188 189//189
f 190//190 191//191 192//192
f 193//193 194//194 195//195
f 196//196 197//197 198//198
f 199//199 200//200 201//201
f 202//202 203//203 204//204
f 205//205 206//206 207//207
f 208//208 209//209 210//210
f 211//211 212//212 213//213
f 214//214 215//215 216//216
f 217//217 218//218 219//219
f 220//220 221//221 222//222
f 223//223 224//224 225//225
f 226//226 227//227 228//228
f 229//229 230//230 231//231
f 232//232 233//233 234//234
f 235//235 236//236 237//237
f 238//238 239//239 240//240
f 241//241 242//242 243//243
f 244//244 245//245 246//246
f 247//247 248//248 249//249
f 250//250 251//251 252//252
f 253//253 254//254 255//255
f 256//256 257//257 258//258
f 259//259 260//260 261//261
f 262//262 263//263 264//264
o cornice
usemtl cream
v -3.5999999046325684 4.943247318267822 -3.809999942779541
v -3.5999999046325684 5.254021167755127 3.809999942779541
v -3.5999999046325684 5.254021167755127 -3.809999942779541
v -3.5999999046325684 4.943247318267822 -3.809999942779541
v -3.5999999046325684 4.943247318267822 3.809999942779541
v -3.5999999046325684 5.254021167755127 3.809999942779541
v 3.5999999046325684 4.943247318267822 -3.809999942779541
v 3.5999999046325684 5.254021167755127 -3.809999942779541
v 3.5999999046325684 5.254021167755127 3.809999942779541
v 3.5999999046325684 4.943247318267822 -3.809999942779541
v 3.5999999046325684 5.254021167755127 3.809999942779541
v 3.5999999046325684 4.943247318267822 3.809999942779541
v -3.559999942779541 4.904400825500488 -3.809999942779541
v 3.559999942779541 4.904400825500488 -3.809999942779541
v 3.559999942779541 4.904400825500488 3.809999942779541
v -3.559999942779541 4.904400825500488 -3.809999942779541
v 3.559999942779541 4.904400825500488 3.809999942779541
v -3.559999942779541 4.904400825500488 3.809999942779541
v -3.559999942779541 5.292867660522461 -3.809999942779541
v 3.559999942779541 5.292867660522461 3.809999942779541
v 3.559999942779541 5.292867660522461 -3.809999942779541
v -3.559999942779541 5.292867660522461 -3.809999942779541
v -3.559999942779541 5.292867660522461 3.809999942779541
v 3.559999942779541 5.292867660522461 3.809999942779541
v -3.559999942779541 4.943247318267822 -3.8499999046325684
v 3.559999942779541 5.254021167755127 -3.8499999046325684
v 3.559999942779541 4.943247318267822 -3.8499999046325684
v -3.559999942779541 4.943247318267822 -3.8499999046325684
v -3.559999942779541 5.254021167755127 -3.8499999046325684
v 3.559999942779541 5.254021167755127 -3.8499999046325684
v -3.559999942779541 4.943247318267822 3.8499999046325684
v 3.559999942779541 4.943247318267822 3.8499999046325684
v 3.559999942779541 5.254021167755127 3.8499999046325684
v -3.559999942779541 4.943247318267822 3.8499999046325684
v 3.559999942779541 5.254021167755127 3.8499999046325684
v -3.559999942779541 5.254021167755127 3.8499999046325684
v -3.5999999046325684 4.943247318267822 -3.809999942779541
v -3.559999942779541 4.904400825500488 -3.809999942779541
v -3.559999942779541 4.904400825500488 3.809999942779541
v -3.5999999046325684 4.943247318267822 -3.809999942779541
v -3.559999942779541 4.904400825500488 3.809999942779541
v -3.5999999046325684 4.943247318267822 3.809999942779541
v -3.5999999046325684 5.254021167755127 -3.809999942779541
v -3.559999942779541 5.292867660522461 3.809999942779541
v -3.559999942779541 5.292867660522461 -3.809999942779541
v -3.5999999046325684 5.254021167755127 -3.809999942779541
v -3.5999999046325684 5.254021167755127 3.809999942779541
v -3.559999942779541 5.292867660522461 3.809999942779541
v 3.5999999046325684 4.943247318267822 -3.809999942779541
v 3.559999942779541 4.904400825500488 3.809999942779541
v 3.559999942779541 4.904400825500488 -3.809999942779541
v 3.5999999046325684 4.943247318267822 -3.809999942779541
v 3.5999999046325684 4.943247318267822 3.809999942779541
v 3.559999942779541 4.904400825500488 3.809999942779541
v 3.5999999046325684 5.254021167755127 -3.809999942779541
v 3.559999942779541 5.292867660522461 -3.809999942779541
v 3.559999942779541 5.292867660522461 3.809999942779541
v 3.5999999046325684 5.254021167755127 -3.809999942779541
v 3.559999942779541 5.292867660522461 3.809999942779541
v 3.5999999046325684 5.254021167755127 3.809999942779541
v -3.5999999046325684 4.943247318267822 -3.809999942779541
v -3.559999942779541 5.254021167755127 -3.8499999046325684
v -3.559999942779541 4.943247318267822 -3.8499999046325684
v -3.5999999046325684 4.943247318267822 -3.809999942779541
v -3.5999999046325684 5.254021167755127 -3.809999942779541
v -3.559999942779541 5.254021167755127 -3.8499999046325684
v -3.5999999046325684 4.943247318267822 3.809999942779541
v -3.559999942779541 4.943247318267822 3.8499999046325684
v -3.559999942779541 5.254021167755127 3.8499999046325684
v -3.5999999046325684 4.943247318267822 3.809999942779541
v -3.559999942779541 5.254021167755127 3.8499999046325684
v -3.5999999046325684 5.254021167755127 3.809999942779541
v 3.5999999046325684 4.943247318267822 -3.809999942779541
v 3.559999942779541 4.943247318267822 -3.8499999046325684
v 3.559999942779541 5.254021167755127 -3.8499999046325684
v 3.5999999046325684 4.943247318267822 -3.809999942779541
v 3.559999942779541 5.254021167755127 -3.8499999046325684
v 3.5999999046325684 5.254021167755127 -3.809999942779541
v 3.5999999046325684 4.943247318267822 3.809999942779541
v 3.559999942779541 5.254021167755127 3.8499999046325684
v 3.559999942779541 4.943247318267822 3.8499999046325684
v 3.5999999046325684 4.943247318267822 3.809999942779541
v 3.5999999046325684 5.254021167755127 3.809999942779541
v 3.559999942779541 5.254021167755127 3.8499999046325684
v -3.559999942779541 4.904400825500488 -3.809999942779541
v -3.559999942779541 4.943247318267822 -3.8499999046325684
v 3.559999942779541 4.943247318267822 -3.8499999046325684
v -3.559999942779541 4.904400825500488 -3.809999942779541
v 3.559999942779541 4.943247318267822 -3.8499999046325684
v 3.559999942779541 4.904400825500488 -3.809999942779541
v -3.559999942779541 4.904400825500488 3.809999942779541
v 3.559999942779541 4.943247318267822 3.8499999046325684
v -3.559999942779541 4.943247318267822 3.8499999046325684
v -3.559999942779541 4.904400825500488 3.809999942779541
v 3.559999942779541 4.904400825500488 3.809999942779541
v 3.559999942779541 4.943247318267822 3.8499999046325684
v -3.559999942779541 5.292867660522461 -3.809999942779541
v 3.559999942779541 5.254021167755127 -3.8499999046325684
v -3.559999942779541 5.254021167755127 -3.8499999046325684
v -3.559999942779541 5.292867660522461 -3.809999942779541
v 3.559999942779541 5.292867660522461 -3.809999942779541
v 3.559999942779541 5.254021167755127 -3.8499999046325684
v -3.559999942779541 5.292867660522461 3.809999942779541
v -3.559999942779541 5.254021167755127 3.8499999046325684
v 3.559999942779541 5.254021167755127 3.8499999046325684
v -3.559999942779541 5.292867660522461 3.809999942779541
v 3.559999942779541 5.254021167755127 3.8499999046325684
v 3.559999942779541 5.292867660522461 3.809999942779541
v -3.5999999046325684 4.943247318267822 -3.809999942779541
v -3.559999942779541 4.943247318267822 -3.8499999046325684
v -3.559999942779541 4.904400825500488 -3.809999942779541
v -3.5999999046325684 4.943247318267822 3.809999942779541
v -3.559999942779541 4.904400825500488 3.809999942779541
v -3.559999942779541 4.943247318267822 3.8499999046325684
v -3.5999999046325684 5.254021167755127 -3.809999942779541
v -3.559999942779541 5.292867660522461 -3.809999942779541
v -3.559999942779541 5.254021167755127 -3.8499999046325684
v -3.5999999046325684 5.254021167755127 3.809999942779541
v -3.559999942779541 5.254021167755127 3.8499999046325684
v -3.559999942779541 5.292867660522461 3.809999942779541
v 3.5999999046325684 4.943247318267822 -3.809999942779541
v 3.559999942779541 4.904400825500488 -3.809999942779541
v 3.559999942779541 4.943247318267822 -3.8499999046325684
v 3.5999999046325684 4.943247318267822 3.809999942779541
v 3.559999942779541 4.943247318267822 3.8499999046325684
v 3.559999942779541 4.904400825500488 3.809999942779541
v 3.5999999046325684 5.254021167755127 -3.809999942779541
v 3.559999942779541 5.254021167755127 -3.8499999046325684
v 3.559999942779541 5.292867660522461 -3.809999942779541
v 3.5999999046325684 5.254021167755127 3.809999942779541
v 3.559999942779541 5.292867660522461 3.809999942779541
v 3.559999942779541 5.254021167755127 3.8499999046325684
vn -1 0 0
vn -1 0 0
vn -1 0 0
vn -1 0 0
vn -1 0 0
vn -1 0 0
vn 1 0 0
vn 1 0 0
vn 1 0 0
vn 1 0 0
vn 1 0 0
vn 1 0 0
vn 0 -1 0
vn 0 -1 0
vn 0 -1 0
vn 0 -1 0
vn 0 -1 0
vn 0 -1 0
vn 0 1 0
vn 0 1 0
vn 0 1 0
vn 0 1 0
vn 0 1 0
vn 0 1 0
vn 0 0 -1
vn 0 0 -1
vn 0 0 -1
vn 0 0 -1
vn 0 0 -1
vn 0 0 -1
vn 0 0 1
vn 0 0 1
vn 0 0 1
vn 0 0 1
vn 0 0 1
vn 0 0 1
vn -0.6966900221251364 -0.7173722973960431 0
vn -0.6966900221251364 -0.7173722973960431 0
vn -0.6966900221251364 -0.7173722973960431 0
vn -0.6966900221251364 -0.7173722973960431 0
vn -0.6966900221251364 -0.7173722973960431 0
vn -0.6966900221251364 -0.7173722973960431 0
vn -0.6966900221251364 0.7173722973960431 0
vn -0.6966900221251364 0.7173722973960431 0
vn -0.6966900221251364 0.7173722973960431 0
vn -0.6966900221251364 0.7173722973960431 0
vn -0.6966900221251364 0.7173722973960431 0
vn -0.6966900221251364 0.7173722973960431 0
vn 0.6966900221251364 -0.7173722973960431 0
vn 0.6966900221251364 -0.7173722973960431 0
vn 0.6966900221251364 -0.7173722973960431 0
vn 0.6966900221251364 -0.7173722973960431 0
vn 0.6966900221251364 -0.7173722973960431 0
vn 0.6966900221251364 -0.7173722973960431 0
vn 0.6966900221251364 0.7173722973960431 0
vn 0.6966900221251364 0.7173722973960431 0
vn 0.6966900221251364 0.7173722973960431 0
vn 0.6966900221251364 0.7173722973960431 0
vn 0.6966900221251364 0.7173722973960431 0
vn 0.6966900221251364 0.7173722973960431 0
vn -0.7071067811865476 0 -0.7071067811865476
vn -0.7071067811865476 0 -0.7071067811865476
vn -0.7071067811865476 0 -0.7071067811865476
vn -0.7071067811865476 0 -0.7071067811865476
vn -0.7071067811865476 0 -0.7071067811865476
vn -0.7071067811865476 0 -0.7071067811865476
vn -0.7071067811865476 0 0.7071067811865476
vn -0.7071067811865476 0 0.7071067811865476
vn -0.7071067811865476 0 0.7071067811865476
vn -0.7071067811865476 0 0.7071067811865476
vn -0.7071067811865476 0 0.7071067811865476
vn -0.7071067811865476 0 0.7071067811865476
vn 0.7071067811865476 0 -0.7071067811865476
vn 0.7071067811865476 0 -0.7071067811865476
vn 0.7071067811865476 0 -0.7071067811865476
vn 0.7071067811865476 0 -0.7071067811865476
vn 0.7071067811865476 0 -0.7071067811865476
vn 0.7071067811865476 0 -0.7071067811865476
vn 0.7071067811865476 0 0.7071067811865476
vn 0.7071067811865476 0 0.7071067811865476
vn 0.7071067811865476 0 0.7071067811865476
vn 0.7071067811865476 0 0.7071067811865476
vn 0.7071067811865476 0 0.7071067811865476
vn 0.7071067811865476 0 0.7071067811865476
vn 0 -0.7173722386757434 -0.6966900825886301
vn 0 -0.7173722386757434 -0.6966900825886301
vn 0 -0.7173722386757434 -0.6966900825886301
vn 0 -0.7173722386757434 -0.6966900825886301
vn 0 -0.7173722386757434 -0.6966900825886301
vn 0 -0.7173722386757434 -0.6966900825886301
vn 0 -0.7173722386757434 0.6966900825886301
vn 0 -0.7173722386757434 0.6966900825886301
vn 0 -0.7173722386757434 0.6966900825886301
vn 0 -0.7173722386757434 0.6966900825886301
vn 0 -0.7173722386757434 0.6966900825886301
vn 0 -0.7173722386757434 0.6966900825886301
vn 0 0.7173722386757434 -0.6966900825886301
vn 0 0.7173722386757434 -0.6966900825886301
vn 0 0.7173722386757434 -0.6966900825886301
vn 0 0.7173722386757434 -0.6966900825886301
vn 0 0.7173722386757434 -0.6966900825886301
vn 0 0.7173722386757434 -0.6966900825886301
vn 0 0.7173722386757434 0.6966900825886301
vn 0 0.7173722386757434 0.6966900825886301
vn 0 0.7173722386757434 0.6966900825886301
vn 0 0.7173722386757434 0.6966900825886301
vn 0 0.7173722386757434 0.6966900825886301
vn 0 0.7173722386757434 0.6966900825886301
vn -0.571638225638485 -0.5886080852127068 -0.571638225638485
vn -0.571638225638485 -0.5886080852127068 -0.571638225638485
vn -0.571638225638485 -0.5886080852127068 -0.571638225638485
vn -0.571638225638485 -0.5886080852127068 0.571638225638485
vn -0.571638225638485 -0.5886080852127068 0.571638225638485
vn -0.571638225638485 -0.5886080852127068 0.571638225638485
vn -0.571638225638485 0.5886080852127068 -0.571638225638485
vn -0.571638225638485 0.5886080852127068 -0.571638225638485
vn -0.571638225638485 0.5886080852127068 -0.571638225638485
vn -0.571638225638485 0.5886080852127068 0.571638225638485
vn -0.571638225638485 0.5886080852127068 0.571638225638485
vn -0.571638225638485 0.5886080852127068 0.571638225638485
vn 0.571638225638485 -0.5886080852127068 -0.571638225638485
vn 0.571638225638485 -0.5886080852127068 -0.571638225638485
vn 0.571638225638485 -0.5886080852127068 -0.571638225638485
vn 0.571638225638485 -0.5886080852127068 0.571638225638485
vn 0.571638225638485 -0.5886080852127068 0.571638225638485
vn 0.571638225638485 -0.5886080852127068 0.571638225638485
vn 0.571638225638485 0.5886080852127068 -0.571638225638485
vn 0.571638225638485 0.5886080852127068 -0.571638225638485
vn 0.571638225638485 0.5886080852127068 -0.571638225638485
vn 0.571638225638485 0.5886080852127068 0.571638225638485
vn 0.571638225638485 0.5886080852127068 0.571638225638485
vn 0.571638225638485 0.5886080852127068 0.571638225638485
f 265//265 266//266 267//267
f 268//268 269//269 270//270
f 271//271 272//272 273//273
f 274//274 275//275 276//276
f 277//277 278//278 279//279
f 280//280 281//281 282//282
f 283//283 284//284 285//285
f 286//286 287//287 288//288
f 289//289 290//290 291//291
f 292//292 293//293 294//294
f 295//295 296//296 297//297
f 298//298 299//299 300//300
f 301//301 302//302 303//303
f 304//304 305//305 306//306
f 307//307 308//308 309//309
f 310//310 311//311 312//312
f 313//313 314//314 315//315
f 316//316 317//317 318//318
f 319//319 320//320 321//321
f 322//322 323//323 324//324
f 325//325 326//326 327//327
f 328//328 329//329 330//330
f 331//331 332//332 333//333
f 334//334 335//335 336//336
f 337//337 338//338 339//339
f 340//340 341//341 342//342
f 343//343 344//344 345//345
f 346//346 347//347 348//348
f 349//349 350//350 351//351
f 352//352 353//353 354//354
f 355//355 356//356 357//357
f 358//358 359//359 360//360
f 361//361 362//362 363//363
f 364//364 365//365 366//366
f 367//367 368//368 369//369
f 370//370 371//371 372//372
f 373//373 374//374 375//375
f 376//376 377//377 378//378
f 379//379 380//380 381//381
f 382//382 383//383 384//384
f 385//385 386//386 387//387
f 388//388 389//389 390//390
f 391//391 392//392 393//393
f 394//394 395//395 396//396
o roof
usemtl teal
v -3.450000047683716 5.331714153289795 -3.6600000858306885
v -3.450000047683716 5.428831577301025 3.6600000858306885
v -3.450000047683716 5.428831577301025 -3.6600000858306885
v -3.450000047683716 5.331714153289795 -3.6600000858306885
v -3.450000047683716 5.331714153289795 3.6600000858306885
v -3.450000047683716 5.428831577301025 3.6600000858306885
v 3.450000047683716 5.331714153289795 -3.6600000858306885
v 3.450000047683716 5.428831577301025 -3.6600000858306885
v 3.450000047683716 5.428831577301025 3.6600000858306885
v 3.450000047683716 5.331714153289795 -3.6600000858306885
v 3.450000047683716 5.428831577301025 3.6600000858306885
v 3.450000047683716 5.331714153289795 3.6600000858306885
v -3.4100000858306885 5.292867660522461 -3.6600000858306885
v 3.4100000858306885 5.292867660522461 -3.6600000858306885
v 3.4100000858306885 5.292867660522461 3.6600000858306885
v -3.4100000858306885 5.292867660522461 -3.6600000858306885
v 3.4100000858306885 5.292867660522461 3.6600000858306885
v -3.4100000858306885 5.292867660522461 3.6600000858306885
v -3.4100000858306885 5.467678070068359 -3.6600000858306885
v 3.4100000858306885 5.467678070068359 3.6600000858306885
v 3.4100000858306885 5.467678070068359 -3.6600000858306885
v -3.4100000858306885 5.467678070068359 -3.6600000858306885
v -3.4100000858306885 5.467678070068359 3.6600000858306885
v 3.4100000858306885 5.467678070068359 3.6600000858306885
v -3.4100000858306885 5.331714153289795 -3.700000047683716
v 3.4100000858306885 5.428831577301025 -3.700000047683716
v 3.4100000858306885 5.331714153289795 -3.700000047683716
v -3.4100000858306885 5.331714153289795 -3.700000047683716
v -3.4100000858306885 5.428831577301025 -3.700000047683716
v 3.4100000858306885 5.428831577301025 -3.700000047683716
v -3.4100000858306885 5.331714153289795 3.700000047683716
v 3.4100000858306885 5.331714153289795 3.700000047683716
v 3.4100000858306885 5.428831577301025 3.700000047683716
v -3.4100000858306885 5.331714153289795 3.700000047683716
v 3.4100000858306885 5.428831577301025 3.700000047683716
v -3.4100000858306885 5.428831577301025 3.700000047683716
v -3.450000047683716 5.331714153289795 -3.6600000858306885
v -3.4100000858306885 5.292867660522461 -3.6600000858306885
v -3.4100000858306885 5.292867660522461 3.6600000858306885
v -3.450000047683716 5.331714153289795 -3.6600000858306885
v -3.4100000858306885 5.292867660522461 3.6600000858306885
v -3.450000047683716 5.331714153289795 3.6600000858306885
v -3.450000047683716 5.428831577301025 -3.6600000858306885
v -3.4100000858306885 5.467678070068359 3.6600000858306885
v -3.4100000858306885 5.467678070068359 -3.6600000858306885
v -3.450000047683716 5.428831577301025 -3.6600000858306885
v -3.450000047683716 5.428831577301025 3.6600000858306885
v -3.4100000858306885 5.467678070068359 3.6600000858306885
v 3.450000047683716 5.331714153289795 -3.6600000858306885
v 3.4100000858306885 5.292867660522461 3.6600000858306885
v 3.4100000858306885 5.292867660522461 -3.6600000858306885
v 3.450000047683716 5.331714153289795 -3.6600000858306885
v 3.450000047683716 5.331714153289795 3.6600000858306885
v 3.4100000858306885 5.292867660522461 3.6600000858306885
v 3.450000047683716 5.428831577301025 -3.6600000858306885
v 3.4100000858306885 5.467678070068359 -3.6600000858306885
v 3.4100000858306885 5.467678070068359 3.6600000858306885
v 3.450000047683716 5.428831577301025 -3.6600000858306885
v 3.4100000858306885 5.467678070068359 3.6600000858306885
v 3.450000047683716 5.428831577301025 3.6600000858306885
v -3.450000047683716 5.331714153289795 -3.6600000858306885
v -3.4100000858306885 5.428831577301025 -3.700000047683716
v -3.4100000858306885 5.331714153289795 -3.700000047683716
v -3.450000047683716 5.331714153289795 -3.6600000858306885
v -3.450000047683716 5.428831577301025 -3.6600000858306885
v -3.4100000858306885 5.428831577301025 -3.700000047683716
v -3.450000047683716 5.331714153289795 3.6600000858306885
v -3.4100000858306885 5.331714153289795 3.700000047683716
v -3.4100000858306885 5.428831577301025 3.700000047683716
v -3.450000047683716 5.331714153289795 3.6600000858306885
v -3.4100000858306885 5.428831577301025 3.700000047683716
v -3.450000047683716 5.428831577301025 3.6600000858306885
v 3.450000047683716 5.331714153289795 -3.6600000858306885
v 3.4100000858306885 5.331714153289795 -3.700000047683716
v 3.4100000858306885 5.428831577301025 -3.700000047683716
v 3.450000047683716 5.331714153289795 -3.6600000858306885
v 3.4100000858306885 5.428831577301025 -3.700000047683716
v 3.450000047683716 5.428831577301025 -3.6600000858306885
v 3.450000047683716 5.331714153289795 3.6600000858306885
v 3.4100000858306885 5.428831577301025 3.700000047683716
v 3.4100000858306885 5.331714153289795 3.700000047683716
v 3.450000047683716 5.331714153289795 3.6600000858306885
v 3.450000047683716 5.428831577301025 3.6600000858306885
v 3.4100000858306885 5.428831577301025 3.700000047683716
v -3.4100000858306885 5.292867660522461 -3.6600000858306885
v -3.4100000858306885 5.331714153289795 -3.700000047683716
v 3.4100000858306885 5.331714153289795 -3.700000047683716
v -3.4100000858306885 5.292867660522461 -3.6600000858306885
v 3.4100000858306885 5.331714153289795 -3.700000047683716
v 3.4100000858306885 5.292867660522461 -3.6600000858306885
v -3.4100000858306885 5.292867660522461 3.6600000858306885
v 3.4100000858306885 5.331714153289795 3.700000047683716
v -3.4100000858306885 5.331714153289795 3.700000047683716
v -3.4100000858306885 5.292867660522461 3.6600000858306885
v 3.4100000858306885 5.292867660522461 3.6600000858306885
v 3.4100000858306885 5.331714153289795 3.700000047683716
v -3.4100000858306885 5.467678070068359 -3.6600000858306885
v 3.4100000858306885 5.428831577301025 -3.700000047683716
v -3.4100000858306885 5.428831577301025 -3.700000047683716
v -3.4100000858306885 5.467678070068359 -3.6600000858306885
v 3.4100000858306885 5.467678070068359 -3.6600000858306885
v 3.4100000858306885 5.428831577301025 -3.700000047683716
v -3.4100000858306885 5.467678070068359 3.6600000858306885
v -3.4100000858306885 5.428831577301025 3.700000047683716
v 3.4100000858306885 5.428831577301025 3.700000047683716
v -3.4100000858306885 5.467678070068359 3.6600000858306885
v 3.4100000858306885 5.428831577301025 3.700000047683716
v 3.4100000858306885 5.467678070068359 3.6600000858306885
v -3.450000047683716 5.331714153289795 -3.6600000858306885
v -3.4100000858306885 5.331714153289795 -3.700000047683716
v -3.4100000858306885 5.292867660522461 -3.6600000858306885
v -3.450000047683716 5.331714153289795 3.6600000858306885
v -3.4100000858306885 5.292867660522461 3.6600000858306885
v -3.4100000858306885 5.331714153289795 3.700000047683716
v -3.450000047683716 5.428831577301025 -3.6600000858306885
v -3.4100000858306885 5.467678070068359 -3.6600000858306885
v -3.4100000858306885 5.428831577301025 -3.700000047683716
v -3.450000047683716 5.428831577301025 3.6600000858306885
v -3.4100000858306885 5.428831577301025 3.700000047683716
v -3.4100000858306885 5.467678070068359 3.6600000858306885
v 3.450000047683716 5.331714153289795 -3.6600000858306885
v 3.4100000858306885 5.292867660522461 -3.6600000858306885
v 3.4100000858306885 5.331714153289795 -3.700000047683716
v 3.450000047683716 5.331714153289795 3.6600000858306885
v 3.4100000858306885 5.331714153289795 3.700000047683716
v 3.4100000858306885 5.292867660522461 3.6600000858306885
v 3.450000047683716 5.428831577301025 -3.6600000858306885
v 3.4100000858306885 5.428831577301025 -3.700000047683716
v 3.4100000858306885 5.467678070068359 -3.6600000858306885
v 3.450000047683716 5.428831577301025 3.6600000858306885
v 3.4100000858306885 5.467678070068359 3.6600000858306885
v 3.4100000858306885 5.428831577301025 3.700000047683716
vn -1 0 0
vn -1 0 0
vn -1 0 0
vn -1 0 0
vn -1 0 0
vn -1 0 0
vn 1 0 0
vn 1 0 0
vn 1 0 0
vn 1 0 0
vn 1 0 0
vn 1 0 0
vn 0 -1 0
vn 0 -1 0
vn 0 -1 0
vn 0 -1 0
vn 0 -1 0
vn 0 -1 0
vn 0 1 0
vn 0 1 0
vn 0 1 0
vn 0 1 0
vn 0 1 0
vn 0 1 0
vn 0 0 -1
vn 0 0 -1
vn 0 0 -1
vn 0 0 -1
vn 0 0 -1
vn 0 0 -1
vn 0 0 1
vn 0 0 1
vn 0 0 1
vn 0 0 1
vn 0 0 1
vn 0 0 1
vn -0.6966900221251364 -0.7173722973960431 0
vn -0.6966900221251364 -0.7173722973960431 0
vn -0.6966900221251364 -0.7173722973960431 0
vn -0.6966900221251364 -0.7173722973960431 0
vn -0.6966900221251364 -0.7173722973960431 0
vn -0.6966900221251364 -0.7173722973960431 0
vn -0.6966900221251364 0.7173722973960431 0
vn -0.6966900221251364 0.7173722973960431 0
vn -0.6966900221251364 0.7173722973960431 0
vn -0.6966900221251364 0.7173722973960431 0
vn -0.6966900221251364 0.7173722973960431 0
vn -0.6966900221251364 0.7173722973960431 0
vn 0.6966900221251364 -0.7173722973960431 0
vn 0.6966900221251364 -0.7173722973960431 0
vn 0.6966900221251364 -0.7173722973960431 0
vn 0.6966900221251364 -0.7173722973960431 0
vn 0.6966900221251364 -0.7173722973960431 0
vn 0.6966900221251364 -0.7173722973960431 0
vn 0.6966900221251364 0.7173722973960431 0
vn 0.6966900221251364 0.7173722973960431 0
vn 0.6966900221251364 0.7173722973960431 0
vn 0.6966900221251364 0.7173722973960431 0
vn 0.6966900221251364 0.7173722973960431 0
vn 0.6966900221251364 0.7173722973960431 0
vn -0.7071067811865476 0 -0.7071067811865476
vn -0.7071067811865476 0 -0.7071067811865476
vn -0.7071067811865476 0 -0.7071067811865476
vn -0.7071067811865476 0 -0.7071067811865476
vn -0.7071067811865476 0 -0.7071067811865476
vn -0.7071067811865476 0 -0.7071067811865476
vn -0.7071067811865476 0 0.7071067811865476
vn -0.7071067811865476 0 0.7071067811865476
vn -0.7071067811865476 0 0.7071067811865476
vn -0.7071067811865476 0 0.7071067811865476
vn -0.7071067811865476 0 0.7071067811865476
vn -0.7071067811865476 0 0.7071067811865476
vn 0.7071067811865476 0 -0.7071067811865476
vn 0.7071067811865476 0 -0.7071067811865476
vn 0.7071067811865476 0 -0.7071067811865476
vn 0.7071067811865476 0 -0.7071067811865476
vn 0.7071067811865476 0 -0.7071067811865476
vn 0.7071067811865476 0 -0.7071067811865476
vn 0.7071067811865476 0 0.7071067811865476
vn 0.7071067811865476 0 0.7071067811865476
vn 0.7071067811865476 0 0.7071067811865476
vn 0.7071067811865476 0 0.7071067811865476
vn 0.7071067811865476 0 0.7071067811865476
vn 0.7071067811865476 0 0.7071067811865476
vn 0 -0.7173722973960431 -0.6966900221251364
vn 0 -0.7173722973960431 -0.6966900221251364
vn 0 -0.7173722973960431 -0.6966900221251364
vn 0 -0.7173722973960431 -0.6966900221251364
vn 0 -0.7173722973960431 -0.6966900221251364
vn 0 -0.7173722973960431 -0.6966900221251364
vn 0 -0.7173722973960431 0.6966900221251364
vn 0 -0.7173722973960431 0.6966900221251364
vn 0 -0.7173722973960431 0.6966900221251364
vn 0 -0.7173722973960431 0.6966900221251364
vn 0 -0.7173722973960431 0.6966900221251364
vn 0 -0.7173722973960431 0.6966900221251364
vn 0 0.7173722973960431 -0.6966900221251364
vn 0 0.7173722973960431 -0.6966900221251364
vn 0 0.7173722973960431 -0.6966900221251364
vn 0 0.7173722973960431 -0.6966900221251364
vn 0 0.7173722973960431 -0.6966900221251364
vn 0 0.7173722973960431 -0.6966900221251364
vn 0 0.7173722973960431 0.6966900221251364
vn 0 0.7173722973960431 0.6966900221251364
vn 0 0.7173722973960431 0.6966900221251364
vn 0 0.7173722973960431 0.6966900221251364
vn 0 0.7173722973960431 0.6966900221251364
vn 0 0.7173722973960431 0.6966900221251364
vn -0.5716381849326594 -0.5886081642772119 -0.5716381849326594
vn -0.5716381849326594 -0.5886081642772119 -0.5716381849326594
vn -0.5716381849326594 -0.5886081642772119 -0.5716381849326594
vn -0.5716381849326594 -0.5886081642772119 0.5716381849326594
vn -0.5716381849326594 -0.5886081642772119 0.5716381849326594
vn -0.5716381849326594 -0.5886081642772119 0.5716381849326594
vn -0.5716381849326594 0.5886081642772119 -0.5716381849326594
vn -0.5716381849326594 0.5886081642772119 -0.5716381849326594
vn -0.5716381849326594 0.5886081642772119 -0.5716381849326594
vn -0.5716381849326594 0.5886081642772119 0.5716381849326594
vn -0.5716381849326594 0.5886081642772119 0.5716381849326594
vn -0.5716381849326594 0.5886081642772119 0.5716381849326594
vn 0.5716381849326594 -0.5886081642772119 -0.5716381849326594
vn 0.5716381849326594 -0.5886081642772119 -0.5716381849326594
vn 0.5716381849326594 -0.5886081642772119 -0.5716381849326594
vn 0.5716381849326594 -0.5886081642772119 0.5716381849326594
vn 0.5716381849326594 -0.5886081642772119 0.5716381849326594
vn 0.5716381849326594 -0.5886081642772119 0.5716381849326594
vn 0.5716381849326594 0.5886081642772119 -0.5716381849326594
vn 0.5716381849326594 0.5886081642772119 -0.5716381849326594
vn 0.5716381849326594 0.5886081642772119 -0.5716381849326594
vn 0.5716381849326594 0.5886081642772119 0.5716381849326594
vn 0.5716381849326594 0.5886081642772119 0.5716381849326594
vn 0.5716381849326594 0.5886081642772119 0.5716381849326594
f 397//397 398//398 399//399
f 400//400 401//401 402//402
f 403//403 404//404 405//405
f 406//406 407//407 408//408
f 409//409 410//410 411//411
f 412//412 413//413 414//414
f 415//415 416//416 417//417
f 418//418 419//419 420//420
f 421//421 422//422 423//423
f 424//424 425//425 426//426
f 427//427 428//428 429//429
f 430//430 431//431 432//432
f 433//433 434//434 435//435
f 436//436 437//437 438//438
f 439//439 440//440 441//441
f 442//442 443//443 444//444
f 445//445 446//446 447//447
f 448//448 449//449 450//450
f 451//451 452//452 453//453
f 454//454 455//455 456//456
f 457//457 458//458 459//459
f 460//460 461//461 462//462
f 463//463 464//464 465//465
f 466//466 467//467 468//468
f 469//469 470//470 471//471
f 472//472 473//473 474//474
f 475//475 476//476 477//477
f 478//478 479//479 480//480
f 481//481 482//482 483//483
f 484//484 485//485 486//486
f 487//487 488//488 489//489
f 490//490 491//491 492//492
f 493//493 494//494 495//495
f 496//496 497//497 498//498
f 499//499 500//500 501//501
f 502//502 503//503 504//504
f 505//505 506//506 507//507
f 508//508 509//509 510//510
f 511//511 512//512 513//513
f 514//514 515//515 516//516
f 517//517 518//518 519//519
f 520//520 521//521 522//522
f 523//523 524//524 525//525
f 526//526 527//527 528//528
o win_a_zp_0
usemtl glass
v -2.0964999198913574 2.2094082832336426 3.7750000953674316
v -2.0964999198913574 2.2094082832336426 3.694999933242798
v -2.0964999198913574 1.0925644636154175 3.7750000953674316
v -2.0964999198913574 1.0925644636154175 3.694999933242798
v -3.0464999675750732 2.2094082832336426 3.694999933242798
v -3.0464999675750732 2.2094082832336426 3.7750000953674316
v -3.0464999675750732 1.0925644636154175 3.694999933242798
v -3.0464999675750732 1.0925644636154175 3.7750000953674316
v -3.0464999675750732 2.2094082832336426 3.694999933242798
v -2.0964999198913574 2.2094082832336426 3.694999933242798
v -3.0464999675750732 2.2094082832336426 3.7750000953674316
v -2.0964999198913574 2.2094082832336426 3.7750000953674316
v -3.0464999675750732 1.0925644636154175 3.7750000953674316
v -2.0964999198913574 1.0925644636154175 3.7750000953674316
v -3.0464999675750732 1.0925644636154175 3.694999933242798
v -2.0964999198913574 1.0925644636154175 3.694999933242798
v -3.0464999675750732 2.2094082832336426 3.7750000953674316
v -2.0964999198913574 2.2094082832336426 3.7750000953674316
v -3.0464999675750732 1.0925644636154175 3.7750000953674316
v -2.0964999198913574 1.0925644636154175 3.7750000953674316
v -2.0964999198913574 2.2094082832336426 3.694999933242798
v -3.0464999675750732 2.2094082832336426 3.694999933242798
v -2.0964999198913574 1.0925644636154175 3.694999933242798
v -3.0464999675750732 1.0925644636154175 3.694999933242798
vt 0 1
vt 1 1
vt 0 0
vt 1 0
vt 0 1
vt 1 1
vt 0 0
vt 1 0
vt 0 1
vt 1 1
vt 0 0
vt 1 0
vt 0 1
vt 1 1
vt 0 0
vt 1 0
vt 0 1
vt 1 1
vt 0 0
vt 1 0
vt 0 1
vt 1 1
vt 0 0
vt 1 0
vn 1 0 0
vn 1 0 0
vn 1 0 0
vn 1 0 0
vn -1 0 0
vn -1 0 0
vn -1 0 0
vn -1 0 0
vn 0 1 0
vn 0 1 0
vn 0 1 0
vn 0 1 0
vn 0 -1 0
vn 0 -1 0
vn 0 -1 0
vn 0 -1 0
vn 0 0 1
vn 0 0 1
vn 0 0 1
vn 0 0 1
vn 0 0 -1
vn 0 0 -1
vn 0 0 -1
vn 0 0 -1
f 529/1/529 531/3/531 530/2/530
f 531/3/531 532/4/532 530/2/530
f 533/5/533 535/7/535 534/6/534
f 535/7/535 536/8/536 534/6/534
f 537/9/537 539/11/539 538/10/538
f 539/11/539 540/12/540 538/10/538
f 541/13/541 543/15/543 542/14/542
f 543/15/543 544/16/544 542/14/542
f 545/17/545 547/19/547 546/18/546
f 547/19/547 548/20/548 546/18/546
f 549/21/549 551/23/551 550/22/550
f 551/23/551 552/24/552 550/22/550
o win_a_zm_0
usemtl glass
v -2.0964999198913574 2.2094082832336426 -3.694999933242798
v -2.0964999198913574 2.2094082832336426 -3.7750000953674316
v -2.0964999198913574 1.0925644636154175 -3.694999933242798
v -2.0964999198913574 1.0925644636154175 -3.7750000953674316
v -3.0464999675750732 2.2094082832336426 -3.7750000953674316
v -3.0464999675750732 2.2094082832336426 -3.694999933242798
v -3.0464999675750732 1.0925644636154175 -3.7750000953674316
v -3.0464999675750732 1.0925644636154175 -3.694999933242798
v -3.0464999675750732 2.2094082832336426 -3.7750000953674316
v -2.0964999198913574 2.2094082832336426 -3.7750000953674316
v -3.0464999675750732 2.2094082832336426 -3.694999933242798
v -2.0964999198913574 2.2094082832336426 -3.694999933242798
v -3.0464999675750732 1.0925644636154175 -3.694999933242798
v -2.0964999198913574 1.0925644636154175 -3.694999933242798
v -3.0464999675750732 1.0925644636154175 -3.7750000953674316
v -2.0964999198913574 1.0925644636154175 -3.7750000953674316
v -3.0464999675750732 2.2094082832336426 -3.694999933242798
v -2.0964999198913574 2.2094082832336426 -3.694999933242798
v -3.0464999675750732 1.0925644636154175 -3.694999933242798
v -2.0964999198913574 1.0925644636154175 -3.694999933242798
v -2.0964999198913574 2.2094082832336426 -3.7750000953674316
v -3.0464999675750732 2.2094082832336426 -3.7750000953674316
v -2.0964999198913574 1.0925644636154175 -3.7750000953674316
v -3.0464999675750732 1.0925644636154175 -3.7750000953674316
vt 0 1
vt 1 1
vt 0 0
vt 1 0
vt 0 1
vt 1 1
vt 0 0
vt 1 0
vt 0 1
vt 1 1
vt 0 0
vt 1 0
vt 0 1
vt 1 1
vt 0 0
vt 1 0
vt 0 1
vt 1 1
vt 0 0
vt 1 0
vt 0 1
vt 1 1
vt 0 0
vt 1 0
vn 1 0 0
vn 1 0 0
vn 1 0 0
vn 1 0 0
vn -1 0 0
vn -1 0 0
vn -1 0 0
vn -1 0 0
vn 0 1 0
vn 0 1 0
vn 0 1 0
vn 0 1 0
vn 0 -1 0
vn 0 -1 0
vn 0 -1 0
vn 0 -1 0
vn 0 0 1
vn 0 0 1
vn 0 0 1
vn 0 0 1
vn 0 0 -1
vn 0 0 -1
vn 0 0 -1
vn 0 0 -1
f 553/25/553 555/27/555 554/26/554
f 555/27/555 556/28/556 554/26/554
f 557/29/557 559/31/559 558/30/558
f 559/31/559 560/32/560 558/30/558
f 561/33/561 563/35/563 562/34/562
f 563/35/563 564/36/564 562/34/562
f 565/37/565 567/39/567 566/38/566
f 567/39/567 568/40/568 566/38/566
f 569/41/569 571/43/571 570/42/570
f 571/43/571 572/44/572 570/42/570
f 573/45/573 575/47/575 574/46/574
f 575/47/575 576/48/576 574/46/574
o win_a_zp_1
usemtl glass
v -0.38216668367385864 2.2094082832336426 3.7750000953674316
v -0.38216668367385864 2.2094082832336426 3.694999933242798
v -0.38216668367385864 1.0925644636154175 3.7750000953674316
v -0.38216668367385864 1.0925644636154175 3.694999933242798
v -1.3321666717529297 2.2094082832336426 3.694999933242798
v -1.3321666717529297 2.2094082832336426 3.7750000953674316
v -1.3321666717529297 1.0925644636154175 3.694999933242798
v -1.3321666717529297 1.0925644636154175 3.7750000953674316
v -1.3321666717529297 2.2094082832336426 3.694999933242798
v -0.38216668367385864 2.2094082832336426 3.694999933242798
v -1.3321666717529297 2.2094082832336426 3.7750000953674316
v -0.38216668367385864 2.2094082832336426 3.7750000953674316
v -1.3321666717529297 1.0925644636154175 3.7750000953674316
v -0.38216668367385864 1.0925644636154175 3.7750000953674316
v -1.3321666717529297 1.0925644636154175 3.694999933242798
v -0.38216668367385864 1.0925644636154175 3.694999933242798
v -1.3321666717529297 2.2094082832336426 3.7750000953674316
v -0.38216668367385864 2.2094082832336426 3.7750000953674316
v -1.3321666717529297 1.0925644636154175 3.7750000953674316
v -0.38216668367385864 1.0925644636154175 3.7750000953674316
v -0.38216668367385864 2.2094082832336426 3.694999933242798
v -1.3321666717529297 2.2094082832336426 3.694999933242798
v -0.38216668367385864 1.0925644636154175 3.694999933242798
v -1.3321666717529297 1.0925644636154175 3.694999933242798
vt 0 1
vt 1 1
vt 0 0
vt 1 0
vt 0 1
vt 1 1
vt 0 0
vt 1 0
vt 0 1
vt 1 1
vt 0 0
vt 1 0
vt 0 1
vt 1 1
vt 0 0
vt 1 0
vt 0 1
vt 1 1
vt 0 0
vt 1 0
vt 0 1
vt 1 1
vt 0 0
vt 1 0
vn 1 0 0
vn 1 0 0
vn 1 0 0
vn 1 0 0
vn -1 0 0
vn -1 0 0
vn -1 0 0
vn -1 0 0
vn 0 1 0
vn 0 1 0
vn 0 1 0
vn 0 1 0
vn 0 -1 0
vn 0 -1 0
vn 0 -1 0
vn 0 -1 0
vn 0 0 1
vn 0 0 1
vn 0 0 1
vn 0 0 1
vn 0 0 -1
vn 0 0 -1
vn 0 0 -1
vn 0 0 -1
f 577/49/577 579/51/579 578/50/578
f 579/51/579 580/52/580 578/50/578
f 581/53/581 583/55/583 582/54/582
f 583/55/583 584/56/584 582/54/582
f 585/57/585 587/59/587 586/58/586
f 587/59/587 588/60/588 586/58/586
f 589/61/589 591/63/591 590/62/590
f 591/63/591 592/64/592 590/62/590
f 593/65/593 595/67/595 594/66/594
f 595/67/595 596/68/596 594/66/594
f 597/69/597 599/71/599 598/70/598
f 599/71/599 600/72/600 598/70/598
o win_a_zm_1
usemtl glass
v -0.38216668367385864 2.2094082832336426 -3.694999933242798
v -0.38216668367385864 2.2094082832336426 -3.7750000953674316
v -0.38216668367385864 1.0925644636154175 -3.694999933242798
v -0.38216668367385864 1.0925644636154175 -3.7750000953674316
v -1.3321666717529297 2.2094082832336426 -3.7750000953674316
v -1.3321666717529297 2.2094082832336426 -3.694999933242798
v -1.3321666717529297 1.0925644636154175 -3.7750000953674316
v -1.3321666717529297 1.0925644636154175 -3.694999933242798
v -1.3321666717529297 2.2094082832336426 -3.7750000953674316
v -0.38216668367385864 2.2094082832336426 -3.7750000953674316
v -1.3321666717529297 2.2094082832336426 -3.694999933242798
v -0.38216668367385864 2.2094082832336426 -3.694999933242798
v -1.3321666717529297 1.0925644636154175 -3.694999933242798
v -0.38216668367385864 1.0925644636154175 -3.694999933242798
v -1.3321666717529297 1.0925644636154175 -3.7750000953674316
v -0.38216668367385864 1.0925644636154175 -3.7750000953674316
v -1.3321666717529297 2.2094082832336426 -3.694999933242798
v -0.38216668367385864 2.2094082832336426 -3.694999933242798
v -1.3321666717529297 1.0925644636154175 -3.694999933242798
v -0.38216668367385864 1.0925644636154175 -3.694999933242798
v -0.38216668367385864 2.2094082832336426 -3.7750000953674316
v -1.3321666717529297 2.2094082832336426 -3.7750000953674316
v -0.38216668367385864 1.0925644636154175 -3.7750000953674316
v -1.3321666717529297 1.0925644636154175 -3.7750000953674316
vt 0 1
vt 1 1
vt 0 0
vt 1 0
vt 0 1
vt 1 1
vt 0 0
vt 1 0
vt 0 1
vt 1 1
vt 0 0
vt 1 0
vt 0 1
vt 1 1
vt 0 0
vt 1 0
vt 0 1
vt 1 1
vt 0 0
vt 1 0
vt 0 1
vt 1 1
vt 0 0
vt 1 0
vn 1 0 0
vn 1 0 0
vn 1 0 0
vn 1 0 0
vn -1 0 0
vn -1 0 0
vn -1 0 0
vn -1 0 0
vn 0 1 0
vn 0 1 0
vn 0 1 0
vn 0 1 0
vn 0 -1 0
vn 0 -1 0
vn 0 -1 0
vn 0 -1 0
vn 0 0 1
vn 0 0 1
vn 0 0 1
vn 0 0 1
vn 0 0 -1
vn 0 0 -1
vn 0 0 -1
vn 0 0 -1
f 601/73/601 603/75/603 602/74/602
f 603/75/603 604/76/604 602/74/602
f 605/77/605 607/79/607 606/78/606
f 607/79/607 608/80/608 606/78/606
f 609/81/609 611/83/611 610/82/610
f 611/83/611 612/84/612 610/82/610
f 613/85/613 615/87/615 614/86/614
f 615/87/615 616/88/616 614/86/614
f 617/89/617 619/91/619 618/90/618
f 619/91/619 620/92/620 618/90/618
f 621/93/621 623/95/623 622/94/622
f 623/95/623 624/96/624 622/94/622
o win_a_zp_2
usemtl glass
v 1.3321666717529297 2.2094082832336426 3.7750000953674316
v 1.3321666717529297 2.2094082832336426 3.694999933242798
v 1.3321666717529297 1.0925644636154175 3.7750000953674316
v 1.3321666717529297 1.0925644636154175 3.694999933242798
v 0.38216668367385864 2.2094082832336426 3.694999933242798
v 0.38216668367385864 2.2094082832336426 3.7750000953674316
v 0.38216668367385864 1.0925644636154175 3.694999933242798
v 0.38216668367385864 1.0925644636154175 3.7750000953674316
v 0.38216668367385864 2.2094082832336426 3.694999933242798
v 1.3321666717529297 2.2094082832336426 3.694999933242798
v 0.38216668367385864 2.2094082832336426 3.7750000953674316
v 1.3321666717529297 2.2094082832336426 3.7750000953674316
v 0.38216668367385864 1.0925644636154175 3.7750000953674316
v 1.3321666717529297 1.0925644636154175 3.7750000953674316
v 0.38216668367385864 1.0925644636154175 3.694999933242798
v 1.3321666717529297 1.0925644636154175 3.694999933242798
v 0.38216668367385864 2.2094082832336426 3.7750000953674316
v 1.3321666717529297 2.2094082832336426 3.7750000953674316
v 0.38216668367385864 1.0925644636154175 3.7750000953674316
v 1.3321666717529297 1.0925644636154175 3.7750000953674316
v 1.3321666717529297 2.2094082832336426 3.694999933242798
v 0.38216668367385864 2.2094082832336426 3.694999933242798
v 1.3321666717529297 1.0925644636154175 3.694999933242798
v 0.38216668367385864 1.0925644636154175 3.694999933242798
vt 0 1
vt 1 1
vt 0 0
vt 1 0
vt 0 1
vt 1 1
vt 0 0
vt 1 0
vt 0 1
vt 1 1
vt 0 0
vt 1 0
vt 0 1
vt 1 1
vt 0 0
vt 1 0
vt 0 1
vt 1 1
vt 0 0
vt 1 0
vt 0 1
vt 1 1
vt 0 0
vt 1 0
vn 1 0 0
vn 1 0 0
vn 1 0 0
vn 1 0 0
vn -1 0 0
vn -1 0 0
vn -1 0 0
vn -1 0 0
vn 0 1 0
vn 0 1 0
vn 0 1 0
vn 0 1 0
vn 0 -1 0
vn 0 -1 0
vn 0 -1 0
vn 0 -1 0
vn 0 0 1
vn 0 0 1
vn 0 0 1
vn 0 0 1
vn 0 0 -1
vn 0 0 -1
vn 0 0 -1
vn 0 0 -1
f 625/97/625 627/99/627 626/98/626
f 627/99/627 628/100/628 626/98/626
f 629/101/629 631/103/631 630/102/630
f 631/103/631 632/104/632 630/102/630
f 633/105/633 635/107/635 634/106/634
f 635/107/635 636/108/636 634/106/634
f 637/109/637 639/111/639 638/110/638
f 639/111/639 640/112/640 638/110/638
f 641/113/641 643/115/643 642/114/642
f 643/115/643 644/116/644 642/114/642
f 645/117/645 647/119/647 646/118/646
f 647/119/647 648/120/648 646/118/646
o win_a_zm_2
usemtl glass
v 1.3321666717529297 2.2094082832336426 -3.694999933242798
v 1.3321666717529297 2.2094082832336426 -3.7750000953674316
v 1.3321666717529297 1.0925644636154175 -3.694999933242798
v 1.3321666717529297 1.0925644636154175 -3.7750000953674316
v 0.38216668367385864 2.2094082832336426 -3.7750000953674316
v 0.38216668367385864 2.2094082832336426 -3.694999933242798
v 0.38216668367385864 1.0925644636154175 -3.7750000953674316
v 0.38216668367385864 1.0925644636154175 -3.694999933242798
v 0.38216668367385864 2.2094082832336426 -3.7750000953674316
v 1.3321666717529297 2.2094082832336426 -3.7750000953674316
v 0.38216668367385864 2.2094082832336426 -3.694999933242798
v 1.3321666717529297 2.2094082832336426 -3.694999933242798
v 0.38216668367385864 1.0925644636154175 -3.694999933242798
v 1.3321666717529297 1.0925644636154175 -3.694999933242798
v 0.38216668367385864 1.0925644636154175 -3.7750000953674316
v 1.3321666717529297 1.0925644636154175 -3.7750000953674316
v 0.38216668367385864 2.2094082832336426 -3.694999933242798
v 1.3321666717529297 2.2094082832336426 -3.694999933242798
v 0.38216668367385864 1.0925644636154175 -3.694999933242798
v 1.3321666717529297 1.0925644636154175 -3.694999933242798
v 1.3321666717529297 2.2094082832336426 -3.7750000953674316
v 0.38216668367385864 2.2094082832336426 -3.7750000953674316
v 1.3321666717529297 1.0925644636154175 -3.7750000953674316
v 0.38216668367385864 1.0925644636154175 -3.7750000953674316
vt 0 1
vt 1 1
vt 0 0
vt 1 0
vt 0 1
vt 1 1
vt 0 0
vt 1 0
vt 0 1
vt 1 1
vt 0 0
vt 1 0
vt 0 1
vt 1 1
vt 0 0
vt 1 0
vt 0 1
vt 1 1
vt 0 0
vt 1 0
vt 0 1
vt 1 1
vt 0 0
vt 1 0
vn 1 0 0
vn 1 0 0
vn 1 0 0
vn 1 0 0
vn -1 0 0
vn -1 0 0
vn -1 0 0
vn -1 0 0
vn 0 1 0
vn 0 1 0
vn 0 1 0
vn 0 1 0
vn 0 -1 0
vn 0 -1 0
vn 0 -1 0
vn 0 -1 0
vn 0 0 1
vn 0 0 1
vn 0 0 1
vn 0 0 1
vn 0 0 -1
vn 0 0 -1
vn 0 0 -1
vn 0 0 -1
f 649/121/649 651/123/651 650/122/650
f 651/123/651 652/124/652 650/122/650
f 653/125/653 655/127/655 654/126/654
f 655/127/655 656/128/656 654/126/654
f 657/129/657 659/131/659 658/130/658
f 659/131/659 660/132/660 658/130/658
f 661/133/661 663/135/663 662/134/662
f 663/135/663 664/136/664 662/134/662
f 665/137/665 667/139/667 666/138/666
f 667/139/667 668/140/668 666/138/666
f 669/141/669 671/143/671 670/142/670
f 671/143/671 672/144/672 670/142/670
o win_a_zp_3
usemtl glass
v 3.0464999675750732 2.2094082832336426 3.7750000953674316
v 3.0464999675750732 2.2094082832336426 3.694999933242798
v 3.0464999675750732 1.0925644636154175 3.7750000953674316
v 3.0464999675750732 1.0925644636154175 3.694999933242798
v 2.0964999198913574 2.2094082832336426 3.694999933242798
v 2.0964999198913574 2.2094082832336426 3.7750000953674316
v 2.0964999198913574 1.0925644636154175 3.694999933242798
v 2.0964999198913574 1.0925644636154175 3.7750000953674316
v 2.0964999198913574 2.2094082832336426 3.694999933242798
v 3.0464999675750732 2.2094082832336426 3.694999933242798
v 2.0964999198913574 2.2094082832336426 3.7750000953674316
v 3.0464999675750732 2.2094082832336426 3.7750000953674316
v 2.0964999198913574 1.0925644636154175 3.7750000953674316
v 3.0464999675750732 1.0925644636154175 3.7750000953674316
v 2.0964999198913574 1.0925644636154175 3.694999933242798
v 3.0464999675750732 1.0925644636154175 3.694999933242798
v 2.0964999198913574 2.2094082832336426 3.7750000953674316
v 3.0464999675750732 2.2094082832336426 3.7750000953674316
v 2.0964999198913574 1.0925644636154175 3.7750000953674316
v 3.0464999675750732 1.0925644636154175 3.7750000953674316
v 3.0464999675750732 2.2094082832336426 3.694999933242798
v 2.0964999198913574 2.2094082832336426 3.694999933242798
v 3.0464999675750732 1.0925644636154175 3.694999933242798
v 2.0964999198913574 1.0925644636154175 3.694999933242798
vt 0 1
vt 1 1
vt 0 0
vt 1 0
vt 0 1
vt 1 1
vt 0 0
vt 1 0
vt 0 1
vt 1 1
vt 0 0
vt 1 0
vt 0 1
vt 1 1
vt 0 0
vt 1 0
vt 0 1
vt 1 1
vt 0 0
vt 1 0
vt 0 1
vt 1 1
vt 0 0
vt 1 0
vn 1 0 0
vn 1 0 0
vn 1 0 0
vn 1 0 0
vn -1 0 0
vn -1 0 0
vn -1 0 0
vn -1 0 0
vn 0 1 0
vn 0 1 0
vn 0 1 0
vn 0 1 0
vn 0 -1 0
vn 0 -1 0
vn 0 -1 0
vn 0 -1 0
vn 0 0 1
vn 0 0 1
vn 0 0 1
vn 0 0 1
vn 0 0 -1
vn 0 0 -1
vn 0 0 -1
vn 0 0 -1
f 673/145/673 675/147/675 674/146/674
f 675/147/675 676/148/676 674/146/674
f 677/149/677 679/151/679 678/150/678
f 679/151/679 680/152/680 678/150/678
f 681/153/681 683/155/683 682/154/682
f 683/155/683 684/156/684 682/154/682
f 685/157/685 687/159/687 686/158/686
f 687/159/687 688/160/688 686/158/686
f 689/161/689 691/163/691 690/162/690
f 691/163/691 692/164/692 690/162/690
f 693/165/693 695/167/695 694/166/694
f 695/167/695 696/168/696 694/166/694
o win_a_zm_3
usemtl glass
v 3.0464999675750732 2.2094082832336426 -3.694999933242798
v 3.0464999675750732 2.2094082832336426 -3.7750000953674316
v 3.0464999675750732 1.0925644636154175 -3.694999933242798
v 3.0464999675750732 1.0925644636154175 -3.7750000953674316
v 2.0964999198913574 2.2094082832336426 -3.7750000953674316
v 2.0964999198913574 2.2094082832336426 -3.694999933242798
v 2.0964999198913574 1.0925644636154175 -3.7750000953674316
v 2.0964999198913574 1.0925644636154175 -3.694999933242798
v 2.0964999198913574 2.2094082832336426 -3.7750000953674316
v 3.0464999675750732 2.2094082832336426 -3.7750000953674316
v 2.0964999198913574 2.2094082832336426 -3.694999933242798
v 3.0464999675750732 2.2094082832336426 -3.694999933242798
v 2.0964999198913574 1.0925644636154175 -3.694999933242798
v 3.0464999675750732 1.0925644636154175 -3.694999933242798
v 2.0964999198913574 1.0925644636154175 -3.7750000953674316
v 3.0464999675750732 1.0925644636154175 -3.7750000953674316
v 2.0964999198913574 2.2094082832336426 -3.694999933242798
v 3.0464999675750732 2.2094082832336426 -3.694999933242798
v 2.0964999198913574 1.0925644636154175 -3.694999933242798
v 3.0464999675750732 1.0925644636154175 -3.694999933242798
v 3.0464999675750732 2.2094082832336426 -3.7750000953674316
v 2.0964999198913574 2.2094082832336426 -3.7750000953674316
v 3.0464999675750732 1.0925644636154175 -3.7750000953674316
v 2.0964999198913574 1.0925644636154175 -3.7750000953674316
vt 0 1
vt 1 1
vt 0 0
vt 1 0
vt 0 1
vt 1 1
vt 0 0
vt 1 0
vt 0 1
vt 1 1
vt 0 0
vt 1 0
vt 0 1
vt 1 1
vt 0 0
vt 1 0
vt 0 1
vt 1 1
vt 0 0
vt 1 0
vt 0 1
vt 1 1
vt 0 0
vt 1 0
vn 1 0 0
vn 1 0 0
vn 1 0 0
vn 1 0 0
vn -1 0 0
vn -1 0 0
vn -1 0 0
vn -1 0 0
vn 0 1 0
vn 0 1 0
vn 0 1 0
vn 0 1 0
vn 0 -1 0
vn 0 -1 0
vn 0 -1 0
vn 0 -1 0
vn 0 0 1
vn 0 0 1
vn 0 0 1
vn 0 0 1
vn 0 0 -1
vn 0 0 -1
vn 0 0 -1
vn 0 0 -1
f 697/169/697 699/171/699 698/170/698
f 699/171/699 700/172/700 698/170/698
f 701/173/701 703/175/703 702/174/702
f 703/175/703 704/176/704 702/174/702
f 705/177/705 707/179/707 706/178/706
f 707/179/707 708/180/708 706/178/706
f 709/181/709 711/183/711 710/182/710
f 711/183/711 712/184/712 710/182/710
f 713/185/713 715/187/715 714/186/714
f 715/187/715 716/188/716 714/186/714
f 717/189/717 719/191/719 718/190/718
f 719/191/719 720/192/720 718/190/718
o win_a_xp_0
usemtl glass
v 3.5250000953674316 2.2094082832336426 -2.2815001010894775
v 3.5250000953674316 2.2094082832336426 -3.2314999103546143
v 3.5250000953674316 1.0925644636154175 -2.2815001010894775
v 3.5250000953674316 1.0925644636154175 -3.2314999103546143
v 3.444999933242798 2.2094082832336426 -3.2314999103546143
v 3.444999933242798 2.2094082832336426 -2.2815001010894775
v 3.444999933242798 1.0925644636154175 -3.2314999103546143
v 3.444999933242798 1.0925644636154175 -2.2815001010894775
v 3.444999933242798 2.2094082832336426 -3.2314999103546143
v 3.5250000953674316 2.2094082832336426 -3.2314999103546143
v 3.444999933242798 2.2094082832336426 -2.2815001010894775
v 3.5250000953674316 2.2094082832336426 -2.2815001010894775
v 3.444999933242798 1.0925644636154175 -2.2815001010894775
v 3.5250000953674316 1.0925644636154175 -2.2815001010894775
v 3.444999933242798 1.0925644636154175 -3.2314999103546143
v 3.5250000953674316 1.0925644636154175 -3.2314999103546143
v 3.444999933242798 2.2094082832336426 -2.2815001010894775
v 3.5250000953674316 2.2094082832336426 -2.2815001010894775
v 3.444999933242798 1.0925644636154175 -2.2815001010894775
v 3.5250000953674316 1.0925644636154175 -2.2815001010894775
v 3.5250000953674316 2.2094082832336426 -3.2314999103546143
v 3.444999933242798 2.2094082832336426 -3.2314999103546143
v 3.5250000953674316 1.0925644636154175 -3.2314999103546143
v 3.444999933242798 1.0925644636154175 -3.2314999103546143
vt 0 1
vt 1 1
vt 0 0
vt 1 0
vt 0 1
vt 1 1
vt 0 0
vt 1 0
vt 0 1
vt 1 1
vt 0 0
vt 1 0
vt 0 1
vt 1 1
vt 0 0
vt 1 0
vt 0 1
vt 1 1
vt 0 0
vt 1 0
vt 0 1
vt 1 1
vt 0 0
vt 1 0
vn 1 0 0
vn 1 0 0
vn 1 0 0
vn 1 0 0
vn -1 0 0
vn -1 0 0
vn -1 0 0
vn -1 0 0
vn 0 1 0
vn 0 1 0
vn 0 1 0
vn 0 1 0
vn 0 -1 0
vn 0 -1 0
vn 0 -1 0
vn 0 -1 0
vn 0 0 1
vn 0 0 1
vn 0 0 1
vn 0 0 1
vn 0 0 -1
vn 0 0 -1
vn 0 0 -1
vn 0 0 -1
f 721/193/721 723/195/723 722/194/722
f 723/195/723 724/196/724 722/194/722
f 725/197/725 727/199/727 726/198/726
f 727/199/727 728/200/728 726/198/726
f 729/201/729 731/203/731 730/202/730
f 731/203/731 732/204/732 730/202/730
f 733/205/733 735/207/735 734/206/734
f 735/207/735 736/208/736 734/206/734
f 737/209/737 739/211/739 738/210/738
f 739/211/739 740/212/740 738/210/738
f 741/213/741 743/215/743 742/214/742
f 743/215/743 744/216/744 742/214/742
o win_a_xm_0
usemtl glass
v -3.444999933242798 2.2094082832336426 -2.2815001010894775
v -3.444999933242798 2.2094082832336426 -3.2314999103546143
v -3.444999933242798 1.0925644636154175 -2.2815001010894775
v -3.444999933242798 1.0925644636154175 -3.2314999103546143
v -3.5250000953674316 2.2094082832336426 -3.2314999103546143
v -3.5250000953674316 2.2094082832336426 -2.2815001010894775
v -3.5250000953674316 1.0925644636154175 -3.2314999103546143
v -3.5250000953674316 1.0925644636154175 -2.2815001010894775
v -3.5250000953674316 2.2094082832336426 -3.2314999103546143
v -3.444999933242798 2.2094082832336426 -3.2314999103546143
v -3.5250000953674316 2.2094082832336426 -2.2815001010894775
v -3.444999933242798 2.2094082832336426 -2.2815001010894775
v -3.5250000953674316 1.0925644636154175 -2.2815001010894775
v -3.444999933242798 1.0925644636154175 -2.2815001010894775
v -3.5250000953674316 1.0925644636154175 -3.2314999103546143
v -3.444999933242798 1.0925644636154175 -3.2314999103546143
v -3.5250000953674316 2.2094082832336426 -2.2815001010894775
v -3.444999933242798 2.2094082832336426 -2.2815001010894775
v -3.5250000953674316 1.0925644636154175 -2.2815001010894775
v -3.444999933242798 1.0925644636154175 -2.2815001010894775
v -3.444999933242798 2.2094082832336426 -3.2314999103546143
v -3.5250000953674316 2.2094082832336426 -3.2314999103546143
v -3.444999933242798 1.0925644636154175 -3.2314999103546143
v -3.5250000953674316 1.0925644636154175 -3.2314999103546143
vt 0 1
vt 1 1
vt 0 0
vt 1 0
vt 0 1
vt 1 1
vt 0 0
vt 1 0
vt 0 1
vt 1 1
vt 0 0
vt 1 0
vt 0 1
vt 1 1
vt 0 0
vt 1 0
vt 0 1
vt 1 1
vt 0 0
vt 1 0
vt 0 1
vt 1 1
vt 0 0
vt 1 0
vn 1 0 0
vn 1 0 0
vn 1 0 0
vn 1 0 0
vn -1 0 0
vn -1 0 0
vn -1 0 0
vn -1 0 0
vn 0 1 0
vn 0 1 0
vn 0 1 0
vn 0 1 0
vn 0 -1 0
vn 0 -1 0
vn 0 -1 0
vn 0 -1 0
vn 0 0 1
vn 0 0 1
vn 0 0 1
vn 0 0 1
vn 0 0 -1
vn 0 0 -1
vn 0 0 -1
vn 0 0 -1
f 745/217/745 747/219/747 746/218/746
f 747/219/747 748/220/748 746/218/746
f 749/221/749 751/223/751 750/222/750
f 751/223/751 752/224/752 750/222/750
f 753/225/753 755/227/755 754/226/754
f 755/227/755 756/228/756 754/226/754
f 757/229/757 759/231/759 758/230/758
f 759/231/759 760/232/760 758/230/758
f 761/233/761 763/235/763 762/234/762
f 763/235/763 764/236/764 762/234/762
f 765/237/765 767/239/767 766/238/766
f 767/239/767 768/240/768 766/238/766
o win_a_xp_1
usemtl glass
v 3.5250000953674316 2.2094082832336426 -0.4438333511352539
v 3.5250000953674316 2.2094082832336426 -1.3938332796096802
v 3.5250000953674316 1.0925644636154175 -0.4438333511352539
v 3.5250000953674316 1.0925644636154175 -1.3938332796096802
v 3.444999933242798 2.2094082832336426 -1.3938332796096802
v 3.444999933242798 2.2094082832336426 -0.4438333511352539
v 3.444999933242798 1.0925644636154175 -1.3938332796096802
v 3.444999933242798 1.0925644636154175 -0.4438333511352539
v 3.444999933242798 2.2094082832336426 -1.3938332796096802
v 3.5250000953674316 2.2094082832336426 -1.3938332796096802
v 3.444999933242798 2.2094082832336426 -0.4438333511352539
v 3.5250000953674316 2.2094082832336426 -0.4438333511352539
v 3.444999933242798 1.0925644636154175 -0.4438333511352539
v 3.5250000953674316 1.0925644636154175 -0.4438333511352539
v 3.444999933242798 1.0925644636154175 -1.3938332796096802
v 3.5250000953674316 1.0925644636154175 -1.3938332796096802
v 3.444999933242798 2.2094082832336426 -0.4438333511352539
v 3.5250000953674316 2.2094082832336426 -0.4438333511352539
v 3.444999933242798 1.0925644636154175 -0.4438333511352539
v 3.5250000953674316 1.0925644636154175 -0.4438333511352539
v 3.5250000953674316 2.2094082832336426 -1.3938332796096802
v 3.444999933242798 2.2094082832336426 -1.3938332796096802
v 3.5250000953674316 1.0925644636154175 -1.3938332796096802
v 3.444999933242798 1.0925644636154175 -1.3938332796096802
vt 0 1
vt 1 1
vt 0 0
vt 1 0
vt 0 1
vt 1 1
vt 0 0
vt 1 0
vt 0 1
vt 1 1
vt 0 0
vt 1 0
vt 0 1
vt 1 1
vt 0 0
vt 1 0
vt 0 1
vt 1 1
vt 0 0
vt 1 0
vt 0 1
vt 1 1
vt 0 0
vt 1 0
vn 1 0 0
vn 1 0 0
vn 1 0 0
vn 1 0 0
vn -1 0 0
vn -1 0 0
vn -1 0 0
vn -1 0 0
vn 0 1 0
vn 0 1 0
vn 0 1 0
vn 0 1 0
vn 0 -1 0
vn 0 -1 0
vn 0 -1 0
vn 0 -1 0
vn 0 0 1
vn 0 0 1
vn 0 0 1
vn 0 0 1
vn 0 0 -1
vn 0 0 -1
vn 0 0 -1
vn 0 0 -1
f 769/241/769 771/243/771 770/242/770
f 771/243/771 772/244/772 770/242/770
f 773/245/773 775/247/775 774/246/774
f 775/247/775 776/248/776 774/246/774
f 777/249/777 779/251/779 778/250/778
f 779/251/779 780/252/780 778/250/778
f 781/253/781 783/255/783 782/254/782
f 783/255/783 784/256/784 782/254/782
f 785/257/785 787/259/787 786/258/786
f 787/259/787 788/260/788 786/258/786
f 789/261/789 791/263/791 790/262/790
f 791/263/791 792/264/792 790/262/790
o win_a_xm_1
usemtl glass
v -3.444999933242798 2.2094082832336426 -0.4438333511352539
v -3.444999933242798 2.2094082832336426 -1.3938332796096802
v -3.444999933242798 1.0925644636154175 -0.4438333511352539
v -3.444999933242798 1.0925644636154175 -1.3938332796096802
v -3.5250000953674316 2.2094082832336426 -1.3938332796096802
v -3.5250000953674316 2.2094082832336426 -0.4438333511352539
v -3.5250000953674316 1.0925644636154175 -1.3938332796096802
v -3.5250000953674316 1.0925644636154175 -0.4438333511352539
v -3.5250000953674316 2.2094082832336426 -1.3938332796096802
v -3.444999933242798 2.2094082832336426 -1.3938332796096802
v -3.5250000953674316 2.2094082832336426 -0.4438333511352539
v -3.444999933242798 2.2094082832336426 -0.4438333511352539
v -3.5250000953674316 1.0925644636154175 -0.4438333511352539
v -3.444999933242798 1.0925644636154175 -0.4438333511352539
v -3.5250000953674316 1.0925644636154175 -1.3938332796096802
v -3.444999933242798 1.0925644636154175 -1.3938332796096802
v -3.5250000953674316 2.2094082832336426 -0.4438333511352539
v -3.444999933242798 2.2094082832336426 -0.4438333511352539
v -3.5250000953674316 1.0925644636154175 -0.4438333511352539
v -3.444999933242798 1.0925644636154175 -0.4438333511352539
v -3.444999933242798 2.2094082832336426 -1.3938332796096802
v -3.5250000953674316 2.2094082832336426 -1.3938332796096802
v -3.444999933242798 1.0925644636154175 -1.3938332796096802
v -3.5250000953674316 1.0925644636154175 -1.3938332796096802
vt 0 1
vt 1 1
vt 0 0
vt 1 0
vt 0 1
vt 1 1
vt 0 0
vt 1 0
vt 0 1
vt 1 1
vt 0 0
vt 1 0
vt 0 1
vt 1 1
vt 0 0
vt 1 0
vt 0 1
vt 1 1
vt 0 0
vt 1 0
vt 0 1
vt 1 1
vt 0 0
vt 1 0
vn 1 0 0
vn 1 0 0
vn 1 0 0
vn 1 0 0
vn -1 0 0
vn -1 0 0
vn -1 0 0
vn -1 0 0
vn 0 1 0
vn 0 1 0
vn 0 1 0
vn 0 1 0
vn 0 -1 0
vn 0 -1 0
vn 0 -1 0
vn 0 -1 0
vn 0 0 1
vn 0 0 1
vn 0 0 1
vn 0 0 1
vn 0 0 -1
vn 0 0 -1
vn 0 0 -1
vn 0 0 -1
f 793/265/793 795/267/795 794/266/794
f 795/267/795 796/268/796 794/266/794
f 797/269/797 799/271/799 798/270/798
f 799/271/799 800/272/800 798/270/798
f 801/273/801 803/275/803 802/274/802
f 803/275/803 804/276/804 802/274/802
f 805/277/805 807/279/807 806/278/806
f 807/279/807 808/280/808 806/278/806
f 809/281/809 811/283/811 810/282/810
f 811/283/811 812/284/812 810/282/810
f 813/285/813 815/287/815 814/286/814
f 815/287/815 816/288/816 814/286/814
o win_a_xp_2
usemtl glass
v 3.5250000953674316 2.2094082832336426 1.3938332796096802
v 3.5250000953674316 2.2094082832336426 0.4438333511352539
v 3.5250000953674316 1.0925644636154175 1.3938332796096802
v 3.5250000953674316 1.0925644636154175 0.4438333511352539
v 3.444999933242798 2.2094082832336426 0.4438333511352539
v 3.444999933242798 2.2094082832336426 1.3938332796096802
v 3.444999933242798 1.0925644636154175 0.4438333511352539
v 3.444999933242798 1.0925644636154175 1.3938332796096802
v 3.444999933242798 2.2094082832336426 0.4438333511352539
v 3.5250000953674316 2.2094082832336426 0.4438333511352539
v 3.444999933242798 2.2094082832336426 1.3938332796096802
v 3.5250000953674316 2.2094082832336426 1.3938332796096802
v 3.444999933242798 1.0925644636154175 1.3938332796096802
v 3.5250000953674316 1.0925644636154175 1.3938332796096802
v 3.444999933242798 1.0925644636154175 0.4438333511352539
v 3.5250000953674316 1.0925644636154175 0.4438333511352539
v 3.444999933242798 2.2094082832336426 1.3938332796096802
v 3.5250000953674316 2.2094082832336426 1.3938332796096802
v 3.444999933242798 1.0925644636154175 1.3938332796096802
v 3.5250000953674316 1.0925644636154175 1.3938332796096802
v 3.5250000953674316 2.2094082832336426 0.4438333511352539
v 3.444999933242798 2.2094082832336426 0.4438333511352539
v 3.5250000953674316 1.0925644636154175 0.4438333511352539
v 3.444999933242798 1.0925644636154175 0.4438333511352539
vt 0 1
vt 1 1
vt 0 0
vt 1 0
vt 0 1
vt 1 1
vt 0 0
vt 1 0
vt 0 1
vt 1 1
vt 0 0
vt 1 0
vt 0 1
vt 1 1
vt 0 0
vt 1 0
vt 0 1
vt 1 1
vt 0 0
vt 1 0
vt 0 1
vt 1 1
vt 0 0
vt 1 0
vn 1 0 0
vn 1 0 0
vn 1 0 0
vn 1 0 0
vn -1 0 0
vn -1 0 0
vn -1 0 0
vn -1 0 0
vn 0 1 0
vn 0 1 0
vn 0 1 0
vn 0 1 0
vn 0 -1 0
vn 0 -1 0
vn 0 -1 0
vn 0 -1 0
vn 0 0 1
vn 0 0 1
vn 0 0 1
vn 0 0 1
vn 0 0 -1
vn 0 0 -1
vn 0 0 -1
vn 0 0 -1
f 817/289/817 819/291/819 818/290/818
f 819/291/819 820/292/820 818/290/818
f 821/293/821 823/295/823 822/294/822
f 823/295/823 824/296/824 822/294/822
f 825/297/825 827/299/827 826/298/826
f 827/299/827 828/300/828 826/298/826
f 829/301/829 831/303/831 830/302/830
f 831/303/831 832/304/832 830/302/830
f 833/305/833 835/307/835 834/306/834
f 835/307/835 836/308/836 834/306/834
f 837/309/837 839/311/839 838/310/838
f 839/311/839 840/312/840 838/310/838
o win_a_xm_2
usemtl glass
v -3.444999933242798 2.2094082832336426 1.3938332796096802
v -3.444999933242798 2.2094082832336426 0.4438333511352539
v -3.444999933242798 1.0925644636154175 1.3938332796096802
v -3.444999933242798 1.0925644636154175 0.4438333511352539
v -3.5250000953674316 2.2094082832336426 0.4438333511352539
v -3.5250000953674316 2.2094082832336426 1.3938332796096802
v -3.5250000953674316 1.0925644636154175 0.4438333511352539
v -3.5250000953674316 1.0925644636154175 1.3938332796096802
v -3.5250000953674316 2.2094082832336426 0.4438333511352539
v -3.444999933242798 2.2094082832336426 0.4438333511352539
v -3.5250000953674316 2.2094082832336426 1.3938332796096802
v -3.444999933242798 2.2094082832336426 1.3938332796096802
v -3.5250000953674316 1.0925644636154175 1.3938332796096802
v -3.444999933242798 1.0925644636154175 1.3938332796096802
v -3.5250000953674316 1.0925644636154175 0.4438333511352539
v -3.444999933242798 1.0925644636154175 0.4438333511352539
v -3.5250000953674316 2.2094082832336426 1.3938332796096802
v -3.444999933242798 2.2094082832336426 1.3938332796096802
v -3.5250000953674316 1.0925644636154175 1.3938332796096802
v -3.444999933242798 1.0925644636154175 1.3938332796096802
v -3.444999933242798 2.2094082832336426 0.4438333511352539
v -3.5250000953674316 2.2094082832336426 0.4438333511352539
v -3.444999933242798 1.0925644636154175 0.4438333511352539
v -3.5250000953674316 1.0925644636154175 0.4438333511352539
vt 0 1
vt 1 1
vt 0 0
vt 1 0
vt 0 1
vt 1 1
vt 0 0
vt 1 0
vt 0 1
vt 1 1
vt 0 0
vt 1 0
vt 0 1
vt 1 1
vt 0 0
vt 1 0
vt 0 1
vt 1 1
vt 0 0
vt 1 0
vt 0 1
vt 1 1
vt 0 0
vt 1 0
vn 1 0 0
vn 1 0 0
vn 1 0 0
vn 1 0 0
vn -1 0 0
vn -1 0 0
vn -1 0 0
vn -1 0 0
vn 0 1 0
vn 0 1 0
vn 0 1 0
vn 0 1 0
vn 0 -1 0
vn 0 -1 0
vn 0 -1 0
vn 0 -1 0
vn 0 0 1
vn 0 0 1
vn 0 0 1
vn 0 0 1
vn 0 0 -1
vn 0 0 -1
vn 0 0 -1
vn 0 0 -1
f 841/313/841 843/315/843 842/314/842
f 843/315/843 844/316/844 842/314/842
f 845/317/845 847/319/847 846/318/846
f 847/319/847 848/320/848 846/318/846
f 849/321/849 851/323/851 850/322/850
f 851/323/851 852/324/852 850/322/850
f 853/325/853 855/327/855 854/326/854
f 855/327/855 856/328/856 854/326/854
f 857/329/857 859/331/859 858/330/858
f 859/331/859 860/332/860 858/330/858
f 861/333/861 863/335/863 862/334/862
f 863/335/863 864/336/864 862/334/862
o win_a_xp_3
usemtl glass
v 3.5250000953674316 2.2094082832336426 3.2314999103546143
v 3.5250000953674316 2.2094082832336426 2.2815001010894775
v 3.5250000953674316 1.0925644636154175 3.2314999103546143
v 3.5250000953674316 1.0925644636154175 2.2815001010894775
v 3.444999933242798 2.2094082832336426 2.2815001010894775
v 3.444999933242798 2.2094082832336426 3.2314999103546143
v 3.444999933242798 1.0925644636154175 2.2815001010894775
v 3.444999933242798 1.0925644636154175 3.2314999103546143
v 3.444999933242798 2.2094082832336426 2.2815001010894775
v 3.5250000953674316 2.2094082832336426 2.2815001010894775
v 3.444999933242798 2.2094082832336426 3.2314999103546143
v 3.5250000953674316 2.2094082832336426 3.2314999103546143
v 3.444999933242798 1.0925644636154175 3.2314999103546143
v 3.5250000953674316 1.0925644636154175 3.2314999103546143
v 3.444999933242798 1.0925644636154175 2.2815001010894775
v 3.5250000953674316 1.0925644636154175 2.2815001010894775
v 3.444999933242798 2.2094082832336426 3.2314999103546143
v 3.5250000953674316 2.2094082832336426 3.2314999103546143
v 3.444999933242798 1.0925644636154175 3.2314999103546143
v 3.5250000953674316 1.0925644636154175 3.2314999103546143
v 3.5250000953674316 2.2094082832336426 2.2815001010894775
v 3.444999933242798 2.2094082832336426 2.2815001010894775
v 3.5250000953674316 1.0925644636154175 2.2815001010894775
v 3.444999933242798 1.0925644636154175 2.2815001010894775
vt 0 1
vt 1 1
vt 0 0
vt 1 0
vt 0 1
vt 1 1
vt 0 0
vt 1 0
vt 0 1
vt 1 1
vt 0 0
vt 1 0
vt 0 1
vt 1 1
vt 0 0
vt 1 0
vt 0 1
vt 1 1
vt 0 0
vt 1 0
vt 0 1
vt 1 1
vt 0 0
vt 1 0
vn 1 0 0
vn 1 0 0
vn 1 0 0
vn 1 0 0
vn -1 0 0
vn -1 0 0
vn -1 0 0
vn -1 0 0
vn 0 1 0
vn 0 1 0
vn 0 1 0
vn 0 1 0
vn 0 -1 0
vn 0 -1 0
vn 0 -1 0
vn 0 -1 0
vn 0 0 1
vn 0 0 1
vn 0 0 1
vn 0 0 1
vn 0 0 -1
vn 0 0 -1
vn 0 0 -1
vn 0 0 -1
f 865/337/865 867/339/867 866/338/866
f 867/339/867 868/340/868 866/338/866
f 869/341/869 871/343/871 870/342/870
f 871/343/871 872/344/872 870/342/870
f 873/345/873 875/347/875 874/346/874
f 875/347/875 876/348/876 874/346/874
f 877/349/877 879/351/879 878/350/878
f 879/351/879 880/352/880 878/350/878
f 881/353/881 883/355/883 882/354/882
f 883/355/883 884/356/884 882/354/882
f 885/357/885 887/359/887 886/358/886
f 887/359/887 888/360/888 886/358/886
o win_a_xm_3
usemtl glass
v -3.444999933242798 2.2094082832336426 3.2314999103546143
v -3.444999933242798 2.2094082832336426 2.2815001010894775
v -3.444999933242798 1.0925644636154175 3.2314999103546143
v -3.444999933242798 1.0925644636154175 2.2815001010894775
v -3.5250000953674316 2.2094082832336426 2.2815001010894775
v -3.5250000953674316 2.2094082832336426 3.2314999103546143
v -3.5250000953674316 1.0925644636154175 2.2815001010894775
v -3.5250000953674316 1.0925644636154175 3.2314999103546143
v -3.5250000953674316 2.2094082832336426 2.2815001010894775
v -3.444999933242798 2.2094082832336426 2.2815001010894775
v -3.5250000953674316 2.2094082832336426 3.2314999103546143
v -3.444999933242798 2.2094082832336426 3.2314999103546143
v -3.5250000953674316 1.0925644636154175 3.2314999103546143
v -3.444999933242798 1.0925644636154175 3.2314999103546143
v -3.5250000953674316 1.0925644636154175 2.2815001010894775
v -3.444999933242798 1.0925644636154175 2.2815001010894775
v -3.5250000953674316 2.2094082832336426 3.2314999103546143
v -3.444999933242798 2.2094082832336426 3.2314999103546143
v -3.5250000953674316 1.0925644636154175 3.2314999103546143
v -3.444999933242798 1.0925644636154175 3.2314999103546143
v -3.444999933242798 2.2094082832336426 2.2815001010894775
v -3.5250000953674316 2.2094082832336426 2.2815001010894775
v -3.444999933242798 1.0925644636154175 2.2815001010894775
v -3.5250000953674316 1.0925644636154175 2.2815001010894775
vt 0 1
vt 1 1
vt 0 0
vt 1 0
vt 0 1
vt 1 1
vt 0 0
vt 1 0
vt 0 1
vt 1 1
vt 0 0
vt 1 0
vt 0 1
vt 1 1
vt 0 0
vt 1 0
vt 0 1
vt 1 1
vt 0 0
vt 1 0
vt 0 1
vt 1 1
vt 0 0
vt 1 0
vn 1 0 0
vn 1 0 0
vn 1 0 0
vn 1 0 0
vn -1 0 0
vn -1 0 0
vn -1 0 0
vn -1 0 0
vn 0 1 0
vn 0 1 0
vn 0 1 0
vn 0 1 0
vn 0 -1 0
vn 0 -1 0
vn 0 -1 0
vn 0 -1 0
vn 0 0 1
vn 0 0 1
vn 0 0 1
vn 0 0 1
vn 0 0 -1
vn 0 0 -1
vn 0 0 -1
vn 0 0 -1
f 889/361/889 891/363/891 890/362/890
f 891/363/891 892/364/892 890/362/890
f 893/365/893 895/367/895 894/366/894
f 895/367/895 896/368/896 894/366/894
f 897/369/897 899/371/899 898/370/898
f 899/371/899 900/372/900 898/370/898
f 901/373/901 903/375/903 902/374/902
f 903/375/903 904/376/904 902/374/902
f 905/377/905 907/379/907 906/378/906
f 907/379/907 908/380/908 906/378/906
f 909/381/909 911/383/911 910/382/910
f 911/383/911 912/384/912 910/382/910
o win_b_zp_0
usemtl glass
v -2.0964999198913574 4.054628372192383 3.7750000953674316
v -2.0964999198913574 4.054628372192383 3.694999933242798
v -2.0964999198913574 2.937784433364868 3.7750000953674316
v -2.0964999198913574 2.937784433364868 3.694999933242798
v -3.0464999675750732 4.054628372192383 3.694999933242798
v -3.0464999675750732 4.054628372192383 3.7750000953674316
v -3.0464999675750732 2.937784433364868 3.694999933242798
v -3.0464999675750732 2.937784433364868 3.7750000953674316
v -3.0464999675750732 4.054628372192383 3.694999933242798
v -2.0964999198913574 4.054628372192383 3.694999933242798
v -3.0464999675750732 4.054628372192383 3.7750000953674316
v -2.0964999198913574 4.054628372192383 3.7750000953674316
v -3.0464999675750732 2.937784433364868 3.7750000953674316
v -2.0964999198913574 2.937784433364868 3.7750000953674316
v -3.0464999675750732 2.937784433364868 3.694999933242798
v -2.0964999198913574 2.937784433364868 3.694999933242798
v -3.0464999675750732 4.054628372192383 3.7750000953674316
v -2.0964999198913574 4.054628372192383 3.7750000953674316
v -3.0464999675750732 2.937784433364868 3.7750000953674316
v -2.0964999198913574 2.937784433364868 3.7750000953674316
v -2.0964999198913574 4.054628372192383 3.694999933242798
v -3.0464999675750732 4.054628372192383 3.694999933242798
v -2.0964999198913574 2.937784433364868 3.694999933242798
v -3.0464999675750732 2.937784433364868 3.694999933242798
vt 0 1
vt 1 1
vt 0 0
vt 1 0
vt 0 1
vt 1 1
vt 0 0
vt 1 0
vt 0 1
vt 1 1
vt 0 0
vt 1 0
vt 0 1
vt 1 1
vt 0 0
vt 1 0
vt 0 1
vt 1 1
vt 0 0
vt 1 0
vt 0 1
vt 1 1
vt 0 0
vt 1 0
vn 1 0 0
vn 1 0 0
vn 1 0 0
vn 1 0 0
vn -1 0 0
vn -1 0 0
vn -1 0 0
vn -1 0 0
vn 0 1 0
vn 0 1 0
vn 0 1 0
vn 0 1 0
vn 0 -1 0
vn 0 -1 0
vn 0 -1 0
vn 0 -1 0
vn 0 0 1
vn 0 0 1
vn 0 0 1
vn 0 0 1
vn 0 0 -1
vn 0 0 -1
vn 0 0 -1
vn 0 0 -1
f 913/385/913 915/387/915 914/386/914
f 915/387/915 916/388/916 914/386/914
f 917/389/917 919/391/919 918/390/918
f 919/391/919 920/392/920 918/390/918
f 921/393/921 923/395/923 922/394/922
f 923/395/923 924/396/924 922/394/922
f 925/397/925 927/399/927 926/398/926
f 927/399/927 928/400/928 926/398/926
f 929/401/929 931/403/931 930/402/930
f 931/403/931 932/404/932 930/402/930
f 933/405/933 935/407/935 934/406/934
f 935/407/935 936/408/936 934/406/934
o win_b_zm_0
usemtl glass
v -2.0964999198913574 4.054628372192383 -3.694999933242798
v -2.0964999198913574 4.054628372192383 -3.7750000953674316
v -2.0964999198913574 2.937784433364868 -3.694999933242798
v -2.0964999198913574 2.937784433364868 -3.7750000953674316
v -3.0464999675750732 4.054628372192383 -3.7750000953674316
v -3.0464999675750732 4.054628372192383 -3.694999933242798
v -3.0464999675750732 2.937784433364868 -3.7750000953674316
v -3.0464999675750732 2.937784433364868 -3.694999933242798
v -3.0464999675750732 4.054628372192383 -3.7750000953674316
v -2.0964999198913574 4.054628372192383 -3.7750000953674316
v -3.0464999675750732 4.054628372192383 -3.694999933242798
v -2.0964999198913574 4.054628372192383 -3.694999933242798
v -3.0464999675750732 2.937784433364868 -3.694999933242798
v -2.0964999198913574 2.937784433364868 -3.694999933242798
v -3.0464999675750732 2.937784433364868 -3.7750000953674316
v -2.0964999198913574 2.937784433364868 -3.7750000953674316
v -3.0464999675750732 4.054628372192383 -3.694999933242798
v -2.0964999198913574 4.054628372192383 -3.694999933242798
v -3.0464999675750732 2.937784433364868 -3.694999933242798
v -2.0964999198913574 2.937784433364868 -3.694999933242798
v -2.0964999198913574 4.054628372192383 -3.7750000953674316
v -3.0464999675750732 4.054628372192383 -3.7750000953674316
v -2.0964999198913574 2.937784433364868 -3.7750000953674316
v -3.0464999675750732 2.937784433364868 -3.7750000953674316
vt 0 1
vt 1 1
vt 0 0
vt 1 0
vt 0 1
vt 1 1
vt 0 0
vt 1 0
vt 0 1
vt 1 1
vt 0 0
vt 1 0
vt 0 1
vt 1 1
vt 0 0
vt 1 0
vt 0 1
vt 1 1
vt 0 0
vt 1 0
vt 0 1
vt 1 1
vt 0 0
vt 1 0
vn 1 0 0
vn 1 0 0
vn 1 0 0
vn 1 0 0
vn -1 0 0
vn -1 0 0
vn -1 0 0
vn -1 0 0
vn 0 1 0
vn 0 1 0
vn 0 1 0
vn 0 1 0
vn 0 -1 0
vn 0 -1 0
vn 0 -1 0
vn 0 -1 0
vn 0 0 1
vn 0 0 1
vn 0 0 1
vn 0 0 1
vn 0 0 -1
vn 0 0 -1
vn 0 0 -1
vn 0 0 -1
f 937/409/937 939/411/939 938/410/938
f 939/411/939 940/412/940 938/410/938
f 941/413/941 943/415/943 942/414/942
f 943/415/943 944/416/944 942/414/942
f 945/417/945 947/419/947 946/418/946
f 947/419/947 948/420/948 946/418/946
f 949/421/949 951/423/951 950/422/950
f 951/423/951 952/424/952 950/422/950
f 953/425/953 955/427/955 954/426/954
f 955/427/955 956/428/956 954/426/954
f 957/429/957 959/431/959 958/430/958
f 959/431/959 960/432/960 958/430/958
o win_b_zp_1
usemtl glass
v -0.38216668367385864 4.054628372192383 3.7750000953674316
v -0.38216668367385864 4.054628372192383 3.694999933242798
v -0.38216668367385864 2.937784433364868 3.7750000953674316
v -0.38216668367385864 2.937784433364868 3.694999933242798
v -1.3321666717529297 4.054628372192383 3.694999933242798
v -1.3321666717529297 4.054628372192383 3.7750000953674316
v -1.3321666717529297 2.937784433364868 3.694999933242798
v -1.3321666717529297 2.937784433364868 3.7750000953674316
v -1.3321666717529297 4.054628372192383 3.694999933242798
v -0.38216668367385864 4.054628372192383 3.694999933242798
v -1.3321666717529297 4.054628372192383 3.7750000953674316
v -0.38216668367385864 4.054628372192383 3.7750000953674316
v -1.3321666717529297 2.937784433364868 3.7750000953674316
v -0.38216668367385864 2.937784433364868 3.7750000953674316
v -1.3321666717529297 2.937784433364868 3.694999933242798
v -0.38216668367385864 2.937784433364868 3.694999933242798
v -1.3321666717529297 4.054628372192383 3.7750000953674316
v -0.38216668367385864 4.054628372192383 3.7750000953674316
v -1.3321666717529297 2.937784433364868 3.7750000953674316
v -0.38216668367385864 2.937784433364868 3.7750000953674316
v -0.38216668367385864 4.054628372192383 3.694999933242798
v -1.3321666717529297 4.054628372192383 3.694999933242798
v -0.38216668367385864 2.937784433364868 3.694999933242798
v -1.3321666717529297 2.937784433364868 3.694999933242798
vt 0 1
vt 1 1
vt 0 0
vt 1 0
vt 0 1
vt 1 1
vt 0 0
vt 1 0
vt 0 1
vt 1 1
vt 0 0
vt 1 0
vt 0 1
vt 1 1
vt 0 0
vt 1 0
vt 0 1
vt 1 1
vt 0 0
vt 1 0
vt 0 1
vt 1 1
vt 0 0
vt 1 0
vn 1 0 0
vn 1 0 0
vn 1 0 0
vn 1 0 0
vn -1 0 0
vn -1 0 0
vn -1 0 0
vn -1 0 0
vn 0 1 0
vn 0 1 0
vn 0 1 0
vn 0 1 0
vn 0 -1 0
vn 0 -1 0
vn 0 -1 0
vn 0 -1 0
vn 0 0 1
vn 0 0 1
vn 0 0 1
vn 0 0 1
vn 0 0 -1
vn 0 0 -1
vn 0 0 -1
vn 0 0 -1
f 961/433/961 963/435/963 962/434/962
f 963/435/963 964/436/964 962/434/962
f 965/437/965 967/439/967 966/438/966
f 967/439/967 968/440/968 966/438/966
f 969/441/969 971/443/971 970/442/970
f 971/443/971 972/444/972 970/442/970
f 973/445/973 975/447/975 974/446/974
f 975/447/975 976/448/976 974/446/974
f 977/449/977 979/451/979 978/450/978
f 979/451/979 980/452/980 978/450/978
f 981/453/981 983/455/983 982/454/982
f 983/455/983 984/456/984 982/454/982
o win_b_zm_1
usemtl glass
v -0.38216668367385864 4.054628372192383 -3.694999933242798
v -0.38216668367385864 4.054628372192383 -3.7750000953674316
v -0.38216668367385864 2.937784433364868 -3.694999933242798
v -0.38216668367385864 2.937784433364868 -3.7750000953674316
v -1.3321666717529297 4.054628372192383 -3.7750000953674316
v -1.3321666717529297 4.054628372192383 -3.694999933242798
v -1.3321666717529297 2.937784433364868 -3.7750000953674316
v -1.3321666717529297 2.937784433364868 -3.694999933242798
v -1.3321666717529297 4.054628372192383 -3.7750000953674316
v -0.38216668367385864 4.054628372192383 -3.7750000953674316
v -1.3321666717529297 4.054628372192383 -3.694999933242798
v -0.38216668367385864 4.054628372192383 -3.694999933242798
v -1.3321666717529297 2.937784433364868 -3.694999933242798
v -0.38216668367385864 2.937784433364868 -3.694999933242798
v -1.3321666717529297 2.937784433364868 -3.7750000953674316
v -0.38216668367385864 2.937784433364868 -3.7750000953674316
v -1.3321666717529297 4.054628372192383 -3.694999933242798
v -0.38216668367385864 4.054628372192383 -3.694999933242798
v -1.3321666717529297 2.937784433364868 -3.694999933242798
v -0.38216668367385864 2.937784433364868 -3.694999933242798
v -0.38216668367385864 4.054628372192383 -3.7750000953674316
v -1.3321666717529297 4.054628372192383 -3.7750000953674316
v -0.38216668367385864 2.937784433364868 -3.7750000953674316
v -1.3321666717529297 2.937784433364868 -3.7750000953674316
vt 0 1
vt 1 1
vt 0 0
vt 1 0
vt 0 1
vt 1 1
vt 0 0
vt 1 0
vt 0 1
vt 1 1
vt 0 0
vt 1 0
vt 0 1
vt 1 1
vt 0 0
vt 1 0
vt 0 1
vt 1 1
vt 0 0
vt 1 0
vt 0 1
vt 1 1
vt 0 0
vt 1 0
vn 1 0 0
vn 1 0 0
vn 1 0 0
vn 1 0 0
vn -1 0 0
vn -1 0 0
vn -1 0 0
vn -1 0 0
vn 0 1 0
vn 0 1 0
vn 0 1 0
vn 0 1 0
vn 0 -1 0
vn 0 -1 0
vn 0 -1 0
vn 0 -1 0
vn 0 0 1
vn 0 0 1
vn 0 0 1
vn 0 0 1
vn 0 0 -1
vn 0 0 -1
vn 0 0 -1
vn 0 0 -1
f 985/457/985 987/459/987 986/458/986
f 987/459/987 988/460/988 986/458/986
f 989/461/989 991/463/991 990/462/990
f 991/463/991 992/464/992 990/462/990
f 993/465/993 995/467/995 994/466/994
f 995/467/995 996/468/996 994/466/994
f 997/469/997 999/471/999 998/470/998
f 999/471/999 1000/472/1000 998/470/998
f 1001/473/1001 1003/475/1003 1002/474/1002
f 1003/475/1003 1004/476/1004 1002/474/1002
f 1005/477/1005 1007/479/1007 1006/478/1006
f 1007/479/1007 1008/480/1008 1006/478/1006
o win_b_zp_2
usemtl glass
v 1.3321666717529297 4.054628372192383 3.7750000953674316
v 1.3321666717529297 4.054628372192383 3.694999933242798
v 1.3321666717529297 2.937784433364868 3.7750000953674316
v 1.3321666717529297 2.937784433364868 3.694999933242798
v 0.38216668367385864 4.054628372192383 3.694999933242798
v 0.38216668367385864 4.054628372192383 3.7750000953674316
v 0.38216668367385864 2.937784433364868 3.694999933242798
v 0.38216668367385864 2.937784433364868 3.7750000953674316
v 0.38216668367385864 4.054628372192383 3.694999933242798
v 1.3321666717529297 4.054628372192383 3.694999933242798
v 0.38216668367385864 4.054628372192383 3.7750000953674316
v 1.3321666717529297 4.054628372192383 3.7750000953674316
v 0.38216668367385864 2.937784433364868 3.7750000953674316
v 1.3321666717529297 2.937784433364868 3.7750000953674316
v 0.38216668367385864 2.937784433364868 3.694999933242798
v 1.3321666717529297 2.937784433364868 3.694999933242798
v 0.38216668367385864 4.054628372192383 3.7750000953674316
v 1.3321666717529297 4.054628372192383 3.7750000953674316
v 0.38216668367385864 2.937784433364868 3.7750000953674316
v 1.3321666717529297 2.937784433364868 3.7750000953674316
v 1.3321666717529297 4.054628372192383 3.694999933242798
v 0.38216668367385864 4.054628372192383 3.694999933242798
v 1.3321666717529297 2.937784433364868 3.694999933242798
v 0.38216668367385864 2.937784433364868 3.694999933242798
vt 0 1
vt 1 1
vt 0 0
vt 1 0
vt 0 1
vt 1 1
vt 0 0
vt 1 0
vt 0 1
vt 1 1
vt 0 0
vt 1 0
vt 0 1
vt 1 1
vt 0 0
vt 1 0
vt 0 1
vt 1 1
vt 0 0
vt 1 0
vt 0 1
vt 1 1
vt 0 0
vt 1 0
vn 1 0 0
vn 1 0 0
vn 1 0 0
vn 1 0 0
vn -1 0 0
vn -1 0 0
vn -1 0 0
vn -1 0 0
vn 0 1 0
vn 0 1 0
vn 0 1 0
vn 0 1 0
vn 0 -1 0
vn 0 -1 0
vn 0 -1 0
vn 0 -1 0
vn 0 0 1
vn 0 0 1
vn 0 0 1
vn 0 0 1
vn 0 0 -1
vn 0 0 -1
vn 0 0 -1
vn 0 0 -1
f 1009/481/1009 1011/483/1011 1010/482/1010
f 1011/483/1011 1012/484/1012 1010/482/1010
f 1013/485/1013 1015/487/1015 1014/486/1014
f 1015/487/1015 1016/488/1016 1014/486/1014
f 1017/489/1017 1019/491/1019 1018/490/1018
f 1019/491/1019 1020/492/1020 1018/490/1018
f 1021/493/1021 1023/495/1023 1022/494/1022
f 1023/495/1023 1024/496/1024 1022/494/1022
f 1025/497/1025 1027/499/1027 1026/498/1026
f 1027/499/1027 1028/500/1028 1026/498/1026
f 1029/501/1029 1031/503/1031 1030/502/1030
f 1031/503/1031 1032/504/1032 1030/502/1030
o win_b_zm_2
usemtl glass
v 1.3321666717529297 4.054628372192383 -3.694999933242798
v 1.3321666717529297 4.054628372192383 -3.7750000953674316
v 1.3321666717529297 2.937784433364868 -3.694999933242798
v 1.3321666717529297 2.937784433364868 -3.7750000953674316
v 0.38216668367385864 4.054628372192383 -3.7750000953674316
v 0.38216668367385864 4.054628372192383 -3.694999933242798
v 0.38216668367385864 2.937784433364868 -3.7750000953674316
v 0.38216668367385864 2.937784433364868 -3.694999933242798
v 0.38216668367385864 4.054628372192383 -3.7750000953674316
v 1.3321666717529297 4.054628372192383 -3.7750000953674316
v 0.38216668367385864 4.054628372192383 -3.694999933242798
v 1.3321666717529297 4.054628372192383 -3.694999933242798
v 0.38216668367385864 2.937784433364868 -3.694999933242798
v 1.3321666717529297 2.937784433364868 -3.694999933242798
v 0.38216668367385864 2.937784433364868 -3.7750000953674316
v 1.3321666717529297 2.937784433364868 -3.7750000953674316
v 0.38216668367385864 4.054628372192383 -3.694999933242798
v 1.3321666717529297 4.054628372192383 -3.694999933242798
v 0.38216668367385864 2.937784433364868 -3.694999933242798
v 1.3321666717529297 2.937784433364868 -3.694999933242798
v 1.3321666717529297 4.054628372192383 -3.7750000953674316
v 0.38216668367385864 4.054628372192383 -3.7750000953674316
v 1.3321666717529297 2.937784433364868 -3.7750000953674316
v 0.38216668367385864 2.937784433364868 -3.7750000953674316
vt 0 1
vt 1 1
vt 0 0
vt 1 0
vt 0 1
vt 1 1
vt 0 0
vt 1 0
vt 0 1
vt 1 1
vt 0 0
vt 1 0
vt 0 1
vt 1 1
vt 0 0
vt 1 0
vt 0 1
vt 1 1
vt 0 0
vt 1 0
vt 0 1
vt 1 1
vt 0 0
vt 1 0
vn 1 0 0
vn 1 0 0
vn 1 0 0
vn 1 0 0
vn -1 0 0
vn -1 0 0
vn -1 0 0
vn -1 0 0
vn 0 1 0
vn 0 1 0
vn 0 1 0
vn 0 1 0
vn 0 -1 0
vn 0 -1 0
vn 0 -1 0
vn 0 -1 0
vn 0 0 1
vn 0 0 1
vn 0 0 1
vn 0 0 1
vn 0 0 -1
vn 0 0 -1
vn 0 0 -1
vn 0 0 -1
f 1033/505/1033 1035/507/1035 1034/506/1034
f 1035/507/1035 1036/508/1036 1034/506/1034
f 1037/509/1037 1039/511/1039 1038/510/1038
f 1039/511/1039 1040/512/1040 1038/510/1038
f 1041/513/1041 1043/515/1043 1042/514/1042
f 1043/515/1043 1044/516/1044 1042/514/1042
f 1045/517/1045 1047/519/1047 1046/518/1046
f 1047/519/1047 1048/520/1048 1046/518/1046
f 1049/521/1049 1051/523/1051 1050/522/1050
f 1051/523/1051 1052/524/1052 1050/522/1050
f 1053/525/1053 1055/527/1055 1054/526/1054
f 1055/527/1055 1056/528/1056 1054/526/1054
o win_b_zp_3
usemtl glass
v 3.0464999675750732 4.054628372192383 3.7750000953674316
v 3.0464999675750732 4.054628372192383 3.694999933242798
v 3.0464999675750732 2.937784433364868 3.7750000953674316
v 3.0464999675750732 2.937784433364868 3.694999933242798
v 2.0964999198913574 4.054628372192383 3.694999933242798
v 2.0964999198913574 4.054628372192383 3.7750000953674316
v 2.0964999198913574 2.937784433364868 3.694999933242798
v 2.0964999198913574 2.937784433364868 3.7750000953674316
v 2.0964999198913574 4.054628372192383 3.694999933242798
v 3.0464999675750732 4.054628372192383 3.694999933242798
v 2.0964999198913574 4.054628372192383 3.7750000953674316
v 3.0464999675750732 4.054628372192383 3.7750000953674316
v 2.0964999198913574 2.937784433364868 3.7750000953674316
v 3.0464999675750732 2.937784433364868 3.7750000953674316
v 2.0964999198913574 2.937784433364868 3.694999933242798
v 3.0464999675750732 2.937784433364868 3.694999933242798
v 2.0964999198913574 4.054628372192383 3.7750000953674316
v 3.0464999675750732 4.054628372192383 3.7750000953674316
v 2.0964999198913574 2.937784433364868 3.7750000953674316
v 3.0464999675750732 2.937784433364868 3.7750000953674316
v 3.0464999675750732 4.054628372192383 3.694999933242798
v 2.0964999198913574 4.054628372192383 3.694999933242798
v 3.0464999675750732 2.937784433364868 3.694999933242798
v 2.0964999198913574 2.937784433364868 3.694999933242798
vt 0 1
vt 1 1
vt 0 0
vt 1 0
vt 0 1
vt 1 1
vt 0 0
vt 1 0
vt 0 1
vt 1 1
vt 0 0
vt 1 0
vt 0 1
vt 1 1
vt 0 0
vt 1 0
vt 0 1
vt 1 1
vt 0 0
vt 1 0
vt 0 1
vt 1 1
vt 0 0
vt 1 0
vn 1 0 0
vn 1 0 0
vn 1 0 0
vn 1 0 0
vn -1 0 0
vn -1 0 0
vn -1 0 0
vn -1 0 0
vn 0 1 0
vn 0 1 0
vn 0 1 0
vn 0 1 0
vn 0 -1 0
vn 0 -1 0
vn 0 -1 0
vn 0 -1 0
vn 0 0 1
vn 0 0 1
vn 0 0 1
vn 0 0 1
vn 0 0 -1
vn 0 0 -1
vn 0 0 -1
vn 0 0 -1
f 1057/529/1057 1059/531/1059 1058/530/1058
f 1059/531/1059 1060/532/1060 1058/530/1058
f 1061/533/1061 1063/535/1063 1062/534/1062
f 1063/535/1063 1064/536/1064 1062/534/1062
f 1065/537/1065 1067/539/1067 1066/538/1066
f 1067/539/1067 1068/540/1068 1066/538/1066
f 1069/541/1069 1071/543/1071 1070/542/1070
f 1071/543/1071 1072/544/1072 1070/542/1070
f 1073/545/1073 1075/547/1075 1074/546/1074
f 1075/547/1075 1076/548/1076 1074/546/1074
f 1077/549/1077 1079/551/1079 1078/550/1078
f 1079/551/1079 1080/552/1080 1078/550/1078
o win_b_zm_3
usemtl glass
v 3.0464999675750732 4.054628372192383 -3.694999933242798
v 3.0464999675750732 4.054628372192383 -3.7750000953674316
v 3.0464999675750732 2.937784433364868 -3.694999933242798
v 3.0464999675750732 2.937784433364868 -3.7750000953674316
v 2.0964999198913574 4.054628372192383 -3.7750000953674316
v 2.0964999198913574 4.054628372192383 -3.694999933242798
v 2.0964999198913574 2.937784433364868 -3.7750000953674316
v 2.0964999198913574 2.937784433364868 -3.694999933242798
v 2.0964999198913574 4.054628372192383 -3.7750000953674316
v 3.0464999675750732 4.054628372192383 -3.7750000953674316
v 2.0964999198913574 4.054628372192383 -3.694999933242798
v 3.0464999675750732 4.054628372192383 -3.694999933242798
v 2.0964999198913574 2.937784433364868 -3.694999933242798
v 3.0464999675750732 2.937784433364868 -3.694999933242798
v 2.0964999198913574 2.937784433364868 -3.7750000953674316
v 3.0464999675750732 2.937784433364868 -3.7750000953674316
v 2.0964999198913574 4.054628372192383 -3.694999933242798
v 3.0464999675750732 4.054628372192383 -3.694999933242798
v 2.0964999198913574 2.937784433364868 -3.694999933242798
v 3.0464999675750732 2.937784433364868 -3.694999933242798
v 3.0464999675750732 4.054628372192383 -3.7750000953674316
v 2.0964999198913574 4.054628372192383 -3.7750000953674316
v 3.0464999675750732 2.937784433364868 -3.7750000953674316
v 2.0964999198913574 2.937784433364868 -3.7750000953674316
vt 0 1
vt 1 1
vt 0 0
vt 1 0
vt 0 1
vt 1 1
vt 0 0
vt 1 0
vt 0 1
vt 1 1
vt 0 0
vt 1 0
vt 0 1
vt 1 1
vt 0 0
vt 1 0
vt 0 1
vt 1 1
vt 0 0
vt 1 0
vt 0 1
vt 1 1
vt 0 0
vt 1 0
vn 1 0 0
vn 1 0 0
vn 1 0 0
vn 1 0 0
vn -1 0 0
vn -1 0 0
vn -1 0 0
vn -1 0 0
vn 0 1 0
vn 0 1 0
vn 0 1 0
vn 0 1 0
vn 0 -1 0
vn 0 -1 0
vn 0 -1 0
vn 0 -1 0
vn 0 0 1
vn 0 0 1
vn 0 0 1
vn 0 0 1
vn 0 0 -1
vn 0 0 -1
vn 0 0 -1
vn 0 0 -1
f 1081/553/1081 1083/555/1083 1082/554/1082
f 1083/555/1083 1084/556/1084 1082/554/1082
f 1085/557/1085 1087/559/1087 1086/558/1086
f 1087/559/1087 1088/560/1088 1086/558/1086
f 1089/561/1089 1091/563/1091 1090/562/1090
f 1091/563/1091 1092/564/1092 1090/562/1090
f 1093/565/1093 1095/567/1095 1094/566/1094
f 1095/567/1095 1096/568/1096 1094/566/1094
f 1097/569/1097 1099/571/1099 1098/570/1098
f 1099/571/1099 1100/572/1100 1098/570/1098
f 1101/573/1101 1103/575/1103 1102/574/1102
f 1103/575/1103 1104/576/1104 1102/574/1102
o win_b_xp_0
usemtl glass
v 3.5250000953674316 4.054628372192383 -2.2815001010894775
v 3.5250000953674316 4.054628372192383 -3.2314999103546143
v 3.5250000953674316 2.937784433364868 -2.2815001010894775
v 3.5250000953674316 2.937784433364868 -3.2314999103546143
v 3.444999933242798 4.054628372192383 -3.2314999103546143
v 3.444999933242798 4.054628372192383 -2.2815001010894775
v 3.444999933242798 2.937784433364868 -3.2314999103546143
v 3.444999933242798 2.937784433364868 -2.2815001010894775
v 3.444999933242798 4.054628372192383 -3.2314999103546143
v 3.5250000953674316 4.054628372192383 -3.2314999103546143
v 3.444999933242798 4.054628372192383 -2.2815001010894775
v 3.5250000953674316 4.054628372192383 -2.2815001010894775
v 3.444999933242798 2.937784433364868 -2.2815001010894775
v 3.5250000953674316 2.937784433364868 -2.2815001010894775
v 3.444999933242798 2.937784433364868 -3.2314999103546143
v 3.5250000953674316 2.937784433364868 -3.2314999103546143
v 3.444999933242798 4.054628372192383 -2.2815001010894775
v 3.5250000953674316 4.054628372192383 -2.2815001010894775
v 3.444999933242798 2.937784433364868 -2.2815001010894775
v 3.5250000953674316 2.937784433364868 -2.2815001010894775
v 3.5250000953674316 4.054628372192383 -3.2314999103546143
v 3.444999933242798 4.054628372192383 -3.2314999103546143
v 3.5250000953674316 2.937784433364868 -3.2314999103546143
v 3.444999933242798 2.937784433364868 -3.2314999103546143
vt 0 1
vt 1 1
vt 0 0
vt 1 0
vt 0 1
vt 1 1
vt 0 0
vt 1 0
vt 0 1
vt 1 1
vt 0 0
vt 1 0
vt 0 1
vt 1 1
vt 0 0
vt 1 0
vt 0 1
vt 1 1
vt 0 0
vt 1 0
vt 0 1
vt 1 1
vt 0 0
vt 1 0
vn 1 0 0
vn 1 0 0
vn 1 0 0
vn 1 0 0
vn -1 0 0
vn -1 0 0
vn -1 0 0
vn -1 0 0
vn 0 1 0
vn 0 1 0
vn 0 1 0
vn 0 1 0
vn 0 -1 0
vn 0 -1 0
vn 0 -1 0
vn 0 -1 0
vn 0 0 1
vn 0 0 1
vn 0 0 1
vn 0 0 1
vn 0 0 -1
vn 0 0 -1
vn 0 0 -1
vn 0 0 -1
f 1105/577/1105 1107/579/1107 1106/578/1106
f 1107/579/1107 1108/580/1108 1106/578/1106
f 1109/581/1109 1111/583/1111 1110/582/1110
f 1111/583/1111 1112/584/1112 1110/582/1110
f 1113/585/1113 1115/587/1115 1114/586/1114
f 1115/587/1115 1116/588/1116 1114/586/1114
f 1117/589/1117 1119/591/1119 1118/590/1118
f 1119/591/1119 1120/592/1120 1118/590/1118
f 1121/593/1121 1123/595/1123 1122/594/1122
f 1123/595/1123 1124/596/1124 1122/594/1122
f 1125/597/1125 1127/599/1127 1126/598/1126
f 1127/599/1127 1128/600/1128 1126/598/1126
o win_b_xm_0
usemtl glass
v -3.444999933242798 4.054628372192383 -2.2815001010894775
v -3.444999933242798 4.054628372192383 -3.2314999103546143
v -3.444999933242798 2.937784433364868 -2.2815001010894775
v -3.444999933242798 2.937784433364868 -3.2314999103546143
v -3.5250000953674316 4.054628372192383 -3.2314999103546143
v -3.5250000953674316 4.054628372192383 -2.2815001010894775
v -3.5250000953674316 2.937784433364868 -3.2314999103546143
v -3.5250000953674316 2.937784433364868 -2.2815001010894775
v -3.5250000953674316 4.054628372192383 -3.2314999103546143
v -3.444999933242798 4.054628372192383 -3.2314999103546143
v -3.5250000953674316 4.054628372192383 -2.2815001010894775
v -3.444999933242798 4.054628372192383 -2.2815001010894775
v -3.5250000953674316 2.937784433364868 -2.2815001010894775
v -3.444999933242798 2.937784433364868 -2.2815001010894775
v -3.5250000953674316 2.937784433364868 -3.2314999103546143
v -3.444999933242798 2.937784433364868 -3.2314999103546143
v -3.5250000953674316 4.054628372192383 -2.2815001010894775
v -3.444999933242798 4.054628372192383 -2.2815001010894775
v -3.5250000953674316 2.937784433364868 -2.2815001010894775
v -3.444999933242798 2.937784433364868 -2.2815001010894775
v -3.444999933242798 4.054628372192383 -3.2314999103546143
v -3.5250000953674316 4.054628372192383 -3.2314999103546143
v -3.444999933242798 2.937784433364868 -3.2314999103546143
v -3.5250000953674316 2.937784433364868 -3.2314999103546143
vt 0 1
vt 1 1
vt 0 0
vt 1 0
vt 0 1
vt 1 1
vt 0 0
vt 1 0
vt 0 1
vt 1 1
vt 0 0
vt 1 0
vt 0 1
vt 1 1
vt 0 0
vt 1 0
vt 0 1
vt 1 1
vt 0 0
vt 1 0
vt 0 1
vt 1 1
vt 0 0
vt 1 0
vn 1 0 0
vn 1 0 0
vn 1 0 0
vn 1 0 0
vn -1 0 0
vn -1 0 0
vn -1 0 0
vn -1 0 0
vn 0 1 0
vn 0 1 0
vn 0 1 0
vn 0 1 0
vn 0 -1 0
vn 0 -1 0
vn 0 -1 0
vn 0 -1 0
vn 0 0 1
vn 0 0 1
vn 0 0 1
vn 0 0 1
vn 0 0 -1
vn 0 0 -1
vn 0 0 -1
vn 0 0 -1
f 1129/601/1129 1131/603/1131 1130/602/1130
f 1131/603/1131 1132/604/1132 1130/602/1130
f 1133/605/1133 1135/607/1135 1134/606/1134
f 1135/607/1135 1136/608/1136 1134/606/1134
f 1137/609/1137 1139/611/1139 1138/610/1138
f 1139/611/1139 1140/612/1140 1138/610/1138
f 1141/613/1141 1143/615/1143 1142/614/1142
f 1143/615/1143 1144/616/1144 1142/614/1142
f 1145/617/1145 1147/619/1147 1146/618/1146
f 1147/619/1147 1148/620/1148 1146/618/1146
f 1149/621/1149 1151/623/1151 1150/622/1150
f 1151/623/1151 1152/624/1152 1150/622/1150
o win_b_xp_1
usemtl glass
v 3.5250000953674316 4.054628372192383 -0.4438333511352539
v 3.5250000953674316 4.054628372192383 -1.3938332796096802
v 3.5250000953674316 2.937784433364868 -0.4438333511352539
v 3.5250000953674316 2.937784433364868 -1.3938332796096802
v 3.444999933242798 4.054628372192383 -1.3938332796096802
v 3.444999933242798 4.054628372192383 -0.4438333511352539
v 3.444999933242798 2.937784433364868 -1.3938332796096802
v 3.444999933242798 2.937784433364868 -0.4438333511352539
v 3.444999933242798 4.054628372192383 -1.3938332796096802
v 3.5250000953674316 4.054628372192383 -1.3938332796096802
v 3.444999933242798 4.054628372192383 -0.4438333511352539
v 3.5250000953674316 4.054628372192383 -0.4438333511352539
v 3.444999933242798 2.937784433364868 -0.4438333511352539
v 3.5250000953674316 2.937784433364868 -0.4438333511352539
v 3.444999933242798 2.937784433364868 -1.3938332796096802
v 3.5250000953674316 2.937784433364868 -1.3938332796096802
v 3.444999933242798 4.054628372192383 -0.4438333511352539
v 3.5250000953674316 4.054628372192383 -0.4438333511352539
v 3.444999933242798 2.937784433364868 -0.4438333511352539
v 3.5250000953674316 2.937784433364868 -0.4438333511352539
v 3.5250000953674316 4.054628372192383 -1.3938332796096802
v 3.444999933242798 4.054628372192383 -1.3938332796096802
v 3.5250000953674316 2.937784433364868 -1.3938332796096802
v 3.444999933242798 2.937784433364868 -1.3938332796096802
vt 0 1
vt 1 1
vt 0 0
vt 1 0
vt 0 1
vt 1 1
vt 0 0
vt 1 0
vt 0 1
vt 1 1
vt 0 0
vt 1 0
vt 0 1
vt 1 1
vt 0 0
vt 1 0
vt 0 1
vt 1 1
vt 0 0
vt 1 0
vt 0 1
vt 1 1
vt 0 0
vt 1 0
vn 1 0 0
vn 1 0 0
vn 1 0 0
vn 1 0 0
vn -1 0 0
vn -1 0 0
vn -1 0 0
vn -1 0 0
vn 0 1 0
vn 0 1 0
vn 0 1 0
vn 0 1 0
vn 0 -1 0
vn 0 -1 0
vn 0 -1 0
vn 0 -1 0
vn 0 0 1
vn 0 0 1
vn 0 0 1
vn 0 0 1
vn 0 0 -1
vn 0 0 -1
vn 0 0 -1
vn 0 0 -1
f 1153/625/1153 1155/627/1155 1154/626/1154
f 1155/627/1155 1156/628/1156 1154/626/1154
f 1157/629/1157 1159/631/1159 1158/630/1158
f 1159/631/1159 1160/632/1160 1158/630/1158
f 1161/633/1161 1163/635/1163 1162/634/1162
f 1163/635/1163 1164/636/1164 1162/634/1162
f 1165/637/1165 1167/639/1167 1166/638/1166
f 1167/639/1167 1168/640/1168 1166/638/1166
f 1169/641/1169 1171/643/1171 1170/642/1170
f 1171/643/1171 1172/644/1172 1170/642/1170
f 1173/645/1173 1175/647/1175 1174/646/1174
f 1175/647/1175 1176/648/1176 1174/646/1174
o win_b_xm_1
usemtl glass
v -3.444999933242798 4.054628372192383 -0.4438333511352539
v -3.444999933242798 4.054628372192383 -1.3938332796096802
v -3.444999933242798 2.937784433364868 -0.4438333511352539
v -3.444999933242798 2.937784433364868 -1.3938332796096802
v -3.5250000953674316 4.054628372192383 -1.3938332796096802
v -3.5250000953674316 4.054628372192383 -0.4438333511352539
v -3.5250000953674316 2.937784433364868 -1.3938332796096802
v -3.5250000953674316 2.937784433364868 -0.4438333511352539
v -3.5250000953674316 4.054628372192383 -1.3938332796096802
v -3.444999933242798 4.054628372192383 -1.3938332796096802
v -3.5250000953674316 4.054628372192383 -0.4438333511352539
v -3.444999933242798 4.054628372192383 -0.4438333511352539
v -3.5250000953674316 2.937784433364868 -0.4438333511352539
v -3.444999933242798 2.937784433364868 -0.4438333511352539
v -3.5250000953674316 2.937784433364868 -1.3938332796096802
v -3.444999933242798 2.937784433364868 -1.3938332796096802
v -3.5250000953674316 4.054628372192383 -0.4438333511352539
v -3.444999933242798 4.054628372192383 -0.4438333511352539
v -3.5250000953674316 2.937784433364868 -0.4438333511352539
v -3.444999933242798 2.937784433364868 -0.4438333511352539
v -3.444999933242798 4.054628372192383 -1.3938332796096802
v -3.5250000953674316 4.054628372192383 -1.3938332796096802
v -3.444999933242798 2.937784433364868 -1.3938332796096802
v -3.5250000953674316 2.937784433364868 -1.3938332796096802
vt 0 1
vt 1 1
vt 0 0
vt 1 0
vt 0 1
vt 1 1
vt 0 0
vt 1 0
vt 0 1
vt 1 1
vt 0 0
vt 1 0
vt 0 1
vt 1 1
vt 0 0
vt 1 0
vt 0 1
vt 1 1
vt 0 0
vt 1 0
vt 0 1
vt 1 1
vt 0 0
vt 1 0
vn 1 0 0
vn 1 0 0
vn 1 0 0
vn 1 0 0
vn -1 0 0
vn -1 0 0
vn -1 0 0
vn -1 0 0
vn 0 1 0
vn 0 1 0
vn 0 1 0
vn 0 1 0
vn 0 -1 0
vn 0 -1 0
vn 0 -1 0
vn 0 -1 0
vn 0 0 1
vn 0 0 1
vn 0 0 1
vn 0 0 1
vn 0 0 -1
vn 0 0 -1
vn 0 0 -1
vn 0 0 -1
f 1177/649/1177 1179/651/1179 1178/650/1178
f 1179/651/1179 1180/652/1180 1178/650/1178
f 1181/653/1181 1183/655/1183 1182/654/1182
f 1183/655/1183 1184/656/1184 1182/654/1182
f 1185/657/1185 1187/659/1187 1186/658/1186
f 1187/659/1187 1188/660/1188 1186/658/1186
f 1189/661/1189 1191/663/1191 1190/662/1190
f 1191/663/1191 1192/664/1192 1190/662/1190
f 1193/665/1193 1195/667/1195 1194/666/1194
f 1195/667/1195 1196/668/1196 1194/666/1194
f 1197/669/1197 1199/671/1199 1198/670/1198
f 1199/671/1199 1200/672/1200 1198/670/1198
o win_b_xp_2
usemtl glass
v 3.5250000953674316 4.054628372192383 1.3938332796096802
v 3.5250000953674316 4.054628372192383 0.4438333511352539
v 3.5250000953674316 2.937784433364868 1.3938332796096802
v 3.5250000953674316 2.937784433364868 0.4438333511352539
v 3.444999933242798 4.054628372192383 0.4438333511352539
v 3.444999933242798 4.054628372192383 1.3938332796096802
v 3.444999933242798 2.937784433364868 0.4438333511352539
v 3.444999933242798 2.937784433364868 1.3938332796096802
v 3.444999933242798 4.054628372192383 0.4438333511352539
v 3.5250000953674316 4.054628372192383 0.4438333511352539
v 3.444999933242798 4.054628372192383 1.3938332796096802
v 3.5250000953674316 4.054628372192383 1.3938332796096802
v 3.444999933242798 2.937784433364868 1.3938332796096802
v 3.5250000953674316 2.937784433364868 1.3938332796096802
v 3.444999933242798 2.937784433364868 0.4438333511352539
v 3.5250000953674316 2.937784433364868 0.4438333511352539
v 3.444999933242798 4.054628372192383 1.3938332796096802
v 3.5250000953674316 4.054628372192383 1.3938332796096802
v 3.444999933242798 2.937784433364868 1.3938332796096802
v 3.5250000953674316 2.937784433364868 1.3938332796096802
v 3.5250000953674316 4.054628372192383 0.4438333511352539
v 3.444999933242798 4.054628372192383 0.4438333511352539
v 3.5250000953674316 2.937784433364868 0.4438333511352539
v 3.444999933242798 2.937784433364868 0.4438333511352539
vt 0 1
vt 1 1
vt 0 0
vt 1 0
vt 0 1
vt 1 1
vt 0 0
vt 1 0
vt 0 1
vt 1 1
vt 0 0
vt 1 0
vt 0 1
vt 1 1
vt 0 0
vt 1 0
vt 0 1
vt 1 1
vt 0 0
vt 1 0
vt 0 1
vt 1 1
vt 0 0
vt 1 0
vn 1 0 0
vn 1 0 0
vn 1 0 0
vn 1 0 0
vn -1 0 0
vn -1 0 0
vn -1 0 0
vn -1 0 0
vn 0 1 0
vn 0 1 0
vn 0 1 0
vn 0 1 0
vn 0 -1 0
vn 0 -1 0
vn 0 -1 0
vn 0 -1 0
vn 0 0 1
vn 0 0 1
vn 0 0 1
vn 0 0 1
vn 0 0 -1
vn 0 0 -1
vn 0 0 -1
vn 0 0 -1
f 1201/673/1201 1203/675/1203 1202/674/1202
f 1203/675/1203 1204/676/1204 1202/674/1202
f 1205/677/1205 1207/679/1207 1206/678/1206
f 1207/679/1207 1208/680/1208 1206/678/1206
f 1209/681/1209 1211/683/1211 1210/682/1210
f 1211/683/1211 1212/684/1212 1210/682/1210
f 1213/685/1213 1215/687/1215 1214/686/1214
f 1215/687/1215 1216/688/1216 1214/686/1214
f 1217/689/1217 1219/691/1219 1218/690/1218
f 1219/691/1219 1220/692/1220 1218/690/1218
f 1221/693/1221 1223/695/1223 1222/694/1222
f 1223/695/1223 1224/696/1224 1222/694/1222
o win_b_xm_2
usemtl glass
v -3.444999933242798 4.054628372192383 1.3938332796096802
v -3.444999933242798 4.054628372192383 0.4438333511352539
v -3.444999933242798 2.937784433364868 1.3938332796096802
v -3.444999933242798 2.937784433364868 0.4438333511352539
v -3.5250000953674316 4.054628372192383 0.4438333511352539
v -3.5250000953674316 4.054628372192383 1.3938332796096802
v -3.5250000953674316 2.937784433364868 0.4438333511352539
v -3.5250000953674316 2.937784433364868 1.3938332796096802
v -3.5250000953674316 4.054628372192383 0.4438333511352539
v -3.444999933242798 4.054628372192383 0.4438333511352539
v -3.5250000953674316 4.054628372192383 1.3938332796096802
v -3.444999933242798 4.054628372192383 1.3938332796096802
v -3.5250000953674316 2.937784433364868 1.3938332796096802
v -3.444999933242798 2.937784433364868 1.3938332796096802
v -3.5250000953674316 2.937784433364868 0.4438333511352539
v -3.444999933242798 2.937784433364868 0.4438333511352539
v -3.5250000953674316 4.054628372192383 1.3938332796096802
v -3.444999933242798 4.054628372192383 1.3938332796096802
v -3.5250000953674316 2.937784433364868 1.3938332796096802
v -3.444999933242798 2.937784433364868 1.3938332796096802
v -3.444999933242798 4.054628372192383 0.4438333511352539
v -3.5250000953674316 4.054628372192383 0.4438333511352539
v -3.444999933242798 2.937784433364868 0.4438333511352539
v -3.5250000953674316 2.937784433364868 0.4438333511352539
vt 0 1
vt 1 1
vt 0 0
vt 1 0
vt 0 1
vt 1 1
vt 0 0
vt 1 0
vt 0 1
vt 1 1
vt 0 0
vt 1 0
vt 0 1
vt 1 1
vt 0 0
vt 1 0
vt 0 1
vt 1 1
vt 0 0
vt 1 0
vt 0 1
vt 1 1
vt 0 0
vt 1 0
vn 1 0 0
vn 1 0 0
vn 1 0 0
vn 1 0 0
vn -1 0 0
vn -1 0 0
vn -1 0 0
vn -1 0 0
vn 0 1 0
vn 0 1 0
vn 0 1 0
vn 0 1 0
vn 0 -1 0
vn 0 -1 0
vn 0 -1 0
vn 0 -1 0
vn 0 0 1
vn 0 0 1
vn 0 0 1
vn 0 0 1
vn 0 0 -1
vn 0 0 -1
vn 0 0 -1
vn 0 0 -1
f 1225/697/1225 1227/699/1227 1226/698/1226
f 1227/699/1227 1228/700/1228 1226/698/1226
f 1229/701/1229 1231/703/1231 1230/702/1230
f 1231/703/1231 1232/704/1232 1230/702/1230
f 1233/705/1233 1235/707/1235 1234/706/1234
f 1235/707/1235 1236/708/1236 1234/706/1234
f 1237/709/1237 1239/711/1239 1238/710/1238
f 1239/711/1239 1240/712/1240 1238/710/1238
f 1241/713/1241 1243/715/1243 1242/714/1242
f 1243/715/1243 1244/716/1244 1242/714/1242
f 1245/717/1245 1247/719/1247 1246/718/1246
f 1247/719/1247 1248/720/1248 1246/718/1246
o win_b_xp_3
usemtl glass
v 3.5250000953674316 4.054628372192383 3.2314999103546143
v 3.5250000953674316 4.054628372192383 2.2815001010894775
v 3.5250000953674316 2.937784433364868 3.2314999103546143
v 3.5250000953674316 2.937784433364868 2.2815001010894775
v 3.444999933242798 4.054628372192383 2.2815001010894775
v 3.444999933242798 4.054628372192383 3.2314999103546143
v 3.444999933242798 2.937784433364868 2.2815001010894775
v 3.444999933242798 2.937784433364868 3.2314999103546143
v 3.444999933242798 4.054628372192383 2.2815001010894775
v 3.5250000953674316 4.054628372192383 2.2815001010894775
v 3.444999933242798 4.054628372192383 3.2314999103546143
v 3.5250000953674316 4.054628372192383 3.2314999103546143
v 3.444999933242798 2.937784433364868 3.2314999103546143
v 3.5250000953674316 2.937784433364868 3.2314999103546143
v 3.444999933242798 2.937784433364868 2.2815001010894775
v 3.5250000953674316 2.937784433364868 2.2815001010894775
v 3.444999933242798 4.054628372192383 3.2314999103546143
v 3.5250000953674316 4.054628372192383 3.2314999103546143
v 3.444999933242798 2.937784433364868 3.2314999103546143
v 3.5250000953674316 2.937784433364868 3.2314999103546143
v 3.5250000953674316 4.054628372192383 2.2815001010894775
v 3.444999933242798 4.054628372192383 2.2815001010894775
v 3.5250000953674316 2.937784433364868 2.2815001010894775
v 3.444999933242798 2.937784433364868 2.2815001010894775
vt 0 1
vt 1 1
vt 0 0
vt 1 0
vt 0 1
vt 1 1
vt 0 0
vt 1 0
vt 0 1
vt 1 1
vt 0 0
vt 1 0
vt 0 1
vt 1 1
vt 0 0
vt 1 0
vt 0 1
vt 1 1
vt 0 0
vt 1 0
vt 0 1
vt 1 1
vt 0 0
vt 1 0
vn 1 0 0
vn 1 0 0
vn 1 0 0
vn 1 0 0
vn -1 0 0
vn -1 0 0
vn -1 0 0
vn -1 0 0
vn 0 1 0
vn 0 1 0
vn 0 1 0
vn 0 1 0
vn 0 -1 0
vn 0 -1 0
vn 0 -1 0
vn 0 -1 0
vn 0 0 1
vn 0 0 1
vn 0 0 1
vn 0 0 1
vn 0 0 -1
vn 0 0 -1
vn 0 0 -1
vn 0 0 -1
f 1249/721/1249 1251/723/1251 1250/722/1250
f 1251/723/1251 1252/724/1252 1250/722/1250
f 1253/725/1253 1255/727/1255 1254/726/1254
f 1255/727/1255 1256/728/1256 1254/726/1254
f 1257/729/1257 1259/731/1259 1258/730/1258
f 1259/731/1259 1260/732/1260 1258/730/1258
f 1261/733/1261 1263/735/1263 1262/734/1262
f 1263/735/1263 1264/736/1264 1262/734/1262
f 1265/737/1265 1267/739/1267 1266/738/1266
f 1267/739/1267 1268/740/1268 1266/738/1266
f 1269/741/1269 1271/743/1271 1270/742/1270
f 1271/743/1271 1272/744/1272 1270/742/1270
o win_b_xm_3
usemtl glass
v -3.444999933242798 4.054628372192383 3.2314999103546143
v -3.444999933242798 4.054628372192383 2.2815001010894775
v -3.444999933242798 2.937784433364868 3.2314999103546143
v -3.444999933242798 2.937784433364868 2.2815001010894775
v -3.5250000953674316 4.054628372192383 2.2815001010894775
v -3.5250000953674316 4.054628372192383 3.2314999103546143
v -3.5250000953674316 2.937784433364868 2.2815001010894775
v -3.5250000953674316 2.937784433364868 3.2314999103546143
v -3.5250000953674316 4.054628372192383 2.2815001010894775
v -3.444999933242798 4.054628372192383 2.2815001010894775
v -3.5250000953674316 4.054628372192383 3.2314999103546143
v -3.444999933242798 4.054628372192383 3.2314999103546143
v -3.5250000953674316 2.937784433364868 3.2314999103546143
v -3.444999933242798 2.937784433364868 3.2314999103546143
v -3.5250000953674316 2.937784433364868 2.2815001010894775
v -3.444999933242798 2.937784433364868 2.2815001010894775
v -3.5250000953674316 4.054628372192383 3.2314999103546143
v -3.444999933242798 4.054628372192383 3.2314999103546143
v -3.5250000953674316 2.937784433364868 3.2314999103546143
v -3.444999933242798 2.937784433364868 3.2314999103546143
v -3.444999933242798 4.054628372192383 2.2815001010894775
v -3.5250000953674316 4.054628372192383 2.2815001010894775
v -3.444999933242798 2.937784433364868 2.2815001010894775
v -3.5250000953674316 2.937784433364868 2.2815001010894775
vt 0 1
vt 1 1
vt 0 0
vt 1 0
vt 0 1
vt 1 1
vt 0 0
vt 1 0
vt 0 1
vt 1 1
vt 0 0
vt 1 0
vt 0 1
vt 1 1
vt 0 0
vt 1 0
vt 0 1
vt 1 1
vt 0 0
vt 1 0
vt 0 1
vt 1 1
vt 0 0
vt 1 0
vn 1 0 0
vn 1 0 0
vn 1 0 0
vn 1 0 0
vn -1 0 0
vn -1 0 0
vn -1 0 0
vn -1 0 0
vn 0 1 0
vn 0 1 0
vn 0 1 0
vn 0 1 0
vn 0 -1 0
vn 0 -1 0
vn 0 -1 0
vn 0 -1 0
vn 0 0 1
vn 0 0 1
vn 0 0 1
vn 0 0 1
vn 0 0 -1
vn 0 0 -1
vn 0 0 -1
vn 0 0 -1
f 1273/745/1273 1275/747/1275 1274/746/1274
f 1275/747/1275 1276/748/1276 1274/746/1274
f 1277/749/1277 1279/751/1279 1278/750/1278
f 1279/751/1279 1280/752/1280 1278/750/1278
f 1281/753/1281 1283/755/1283 1282/754/1282
f 1283/755/1283 1284/756/1284 1282/754/1282
f 1285/757/1285 1287/759/1287 1286/758/1286
f 1287/759/1287 1288/760/1288 1286/758/1286
f 1289/761/1289 1291/763/1291 1290/762/1290
f 1291/763/1291 1292/764/1292 1290/762/1290
f 1293/765/1293 1295/767/1295 1294/766/1294
f 1295/767/1295 1296/768/1296 1294/766/1294
o roof_unit
usemtl metal
v -2.4000000953674316 5.506525039672852 0.14000001549720764
v -2.4000000953674316 6.030955791473389 1.659999966621399
v -2.4000000953674316 6.030955791473389 0.14000001549720764
v -2.4000000953674316 5.506525039672852 0.14000001549720764
v -2.4000000953674316 5.506525039672852 1.659999966621399
v -2.4000000953674316 6.030955791473389 1.659999966621399
v -0.19999997317790985 5.506525039672852 0.14000001549720764
v -0.19999997317790985 6.030955791473389 0.14000001549720764
v -0.19999997317790985 6.030955791473389 1.659999966621399
v -0.19999997317790985 5.506525039672852 0.14000001549720764
v -0.19999997317790985 6.030955791473389 1.659999966621399
v -0.19999997317790985 5.506525039672852 1.659999966621399
v -2.359999895095825 5.467678070068359 0.14000001549720764
v -0.24000005424022675 5.467678070068359 0.14000001549720764
v -0.24000005424022675 5.467678070068359 1.659999966621399
v -2.359999895095825 5.467678070068359 0.14000001549720764
v -0.24000005424022675 5.467678070068359 1.659999966621399
v -2.359999895095825 5.467678070068359 1.659999966621399
v -2.359999895095825 6.069802761077881 0.14000001549720764
v -0.24000005424022675 6.069802761077881 1.659999966621399
v -0.24000005424022675 6.069802761077881 0.14000001549720764
v -2.359999895095825 6.069802761077881 0.14000001549720764
v -2.359999895095825 6.069802761077881 1.659999966621399
v -0.24000005424022675 6.069802761077881 1.659999966621399
v -2.359999895095825 5.506525039672852 0.09999998658895493
v -0.24000005424022675 6.030955791473389 0.09999998658895493
v -0.24000005424022675 5.506525039672852 0.09999998658895493
v -2.359999895095825 5.506525039672852 0.09999998658895493
v -2.359999895095825 6.030955791473389 0.09999998658895493
v -0.24000005424022675 6.030955791473389 0.09999998658895493
v -2.359999895095825 5.506525039672852 1.7000000476837158
v -0.24000005424022675 5.506525039672852 1.7000000476837158
v -0.24000005424022675 6.030955791473389 1.7000000476837158
v -2.359999895095825 5.506525039672852 1.7000000476837158
v -0.24000005424022675 6.030955791473389 1.7000000476837158
v -2.359999895095825 6.030955791473389 1.7000000476837158
v -2.4000000953674316 5.506525039672852 0.14000001549720764
v -2.359999895095825 5.467678070068359 0.14000001549720764
v -2.359999895095825 5.467678070068359 1.659999966621399
v -2.4000000953674316 5.506525039672852 0.14000001549720764
v -2.359999895095825 5.467678070068359 1.659999966621399
v -2.4000000953674316 5.506525039672852 1.659999966621399
v -2.4000000953674316 6.030955791473389 0.14000001549720764
v -2.359999895095825 6.069802761077881 1.659999966621399
v -2.359999895095825 6.069802761077881 0.14000001549720764
v -2.4000000953674316 6.030955791473389 0.14000001549720764
v -2.4000000953674316 6.030955791473389 1.659999966621399
v -2.359999895095825 6.069802761077881 1.659999966621399
v -0.19999997317790985 5.506525039672852 0.14000001549720764
v -0.24000005424022675 5.467678070068359 1.659999966621399
v -0.24000005424022675 5.467678070068359 0.14000001549720764
v -0.19999997317790985 5.506525039672852 0.14000001549720764
v -0.19999997317790985 5.506525039672852 1.659999966621399
v -0.24000005424022675 5.467678070068359 1.659999966621399
v -0.19999997317790985 6.030955791473389 0.14000001549720764
v -0.24000005424022675 6.069802761077881 0.14000001549720764
v -0.24000005424022675 6.069802761077881 1.659999966621399
v -0.19999997317790985 6.030955791473389 0.14000001549720764
v -0.24000005424022675 6.069802761077881 1.659999966621399
v -0.19999997317790985 6.030955791473389 1.659999966621399
v -2.4000000953674316 5.506525039672852 0.14000001549720764
v -2.359999895095825 6.030955791473389 0.09999998658895493
v -2.359999895095825 5.506525039672852 0.09999998658895493
v -2.4000000953674316 5.506525039672852 0.14000001549720764
v -2.4000000953674316 6.030955791473389 0.14000001549720764
v -2.359999895095825 6.030955791473389 0.09999998658895493
v -2.4000000953674316 5.506525039672852 1.659999966621399
v -2.359999895095825 5.506525039672852 1.7000000476837158
v -2.359999895095825 6.030955791473389 1.7000000476837158
v -2.4000000953674316 5.506525039672852 1.659999966621399
v -2.359999895095825 6.030955791473389 1.7000000476837158
v -2.4000000953674316 6.030955791473389 1.659999966621399
v -0.19999997317790985 5.506525039672852 0.14000001549720764
v -0.24000005424022675 5.506525039672852 0.09999998658895493
v -0.24000005424022675 6.030955791473389 0.09999998658895493
v -0.19999997317790985 5.506525039672852 0.14000001549720764
v -0.24000005424022675 6.030955791473389 0.09999998658895493
v -0.19999997317790985 6.030955791473389 0.14000001549720764
v -0.19999997317790985 5.506525039672852 1.659999966621399
v -0.24000005424022675 6.030955791473389 1.7000000476837158
v -0.24000005424022675 5.506525039672852 1.7000000476837158
v -0.19999997317790985 5.506525039672852 1.659999966621399
v -0.19999997317790985 6.030955791473389 1.659999966621399
v -0.24000005424022675 6.030955791473389 1.7000000476837158
v -2.359999895095825 5.467678070068359 0.14000001549720764
v -2.359999895095825 5.506525039672852 0.09999998658895493
v -0.24000005424022675 5.506525039672852 0.09999998658895493
v -2.359999895095825 5.467678070068359 0.14000001549720764
v -0.24000005424022675 5.506525039672852 0.09999998658895493
v -0.24000005424022675 5.467678070068359 0.14000001549720764
v -2.359999895095825 5.467678070068359 1.659999966621399
v -0.24000005424022675 5.506525039672852 1.7000000476837158
v -2.359999895095825 5.506525039672852 1.7000000476837158
v -2.359999895095825 5.467678070068359 1.659999966621399
v -0.24000005424022675 5.467678070068359 1.659999966621399
v -0.24000005424022675 5.506525039672852 1.7000000476837158
v -2.359999895095825 6.069802761077881 0.14000001549720764
v -0.24000005424022675 6.030955791473389 0.09999998658895493
v -2.359999895095825 6.030955791473389 0.09999998658895493
v -2.359999895095825 6.069802761077881 0.14000001549720764
v -0.24000005424022675 6.069802761077881 0.14000001549720764
v -0.24000005424022675 6.030955791473389 0.09999998658895493
v -2.359999895095825 6.069802761077881 1.659999966621399
v -2.359999895095825 6.030955791473389 1.7000000476837158
v -0.24000005424022675 6.030955791473389 1.7000000476837158
v -2.359999895095825 6.069802761077881 1.659999966621399
v -0.24000005424022675 6.030955791473389 1.7000000476837158
v -0.24000005424022675 6.069802761077881 1.659999966621399
v -2.4000000953674316 5.506525039672852 0.14000001549720764
v -2.359999895095825 5.506525039672852 0.09999998658895493
v -2.359999895095825 5.467678070068359 0.14000001549720764
v -2.4000000953674316 5.506525039672852 1.659999966621399
v -2.359999895095825 5.467678070068359 1.659999966621399
v -2.359999895095825 5.506525039672852 1.7000000476837158
v -2.4000000953674316 6.030955791473389 0.14000001549720764
v -2.359999895095825 6.069802761077881 0.14000001549720764
v -2.359999895095825 6.030955791473389 0.09999998658895493
v -2.4000000953674316 6.030955791473389 1.659999966621399
v -2.359999895095825 6.030955791473389 1.7000000476837158
v -2.359999895095825 6.069802761077881 1.659999966621399
v -0.19999997317790985 5.506525039672852 0.14000001549720764
v -0.24000005424022675 5.467678070068359 0.14000001549720764
v -0.24000005424022675 5.506525039672852 0.09999998658895493
v -0.19999997317790985 5.506525039672852 1.659999966621399
v -0.24000005424022675 5.506525039672852 1.7000000476837158
v -0.24000005424022675 5.467678070068359 1.659999966621399
v -0.19999997317790985 6.030955791473389 0.14000001549720764
v -0.24000005424022675 6.030955791473389 0.09999998658895493
v -0.24000005424022675 6.069802761077881 0.14000001549720764
v -0.19999997317790985 6.030955791473389 1.659999966621399
v -0.24000005424022675 6.069802761077881 1.659999966621399
v -0.24000005424022675 6.030955791473389 1.7000000476837158
vn -1 0 0
vn -1 0 0
vn -1 0 0
vn -1 0 0
vn -1 0 0
vn -1 0 0
vn 1 0 0
vn 1 0 0
vn 1 0 0
vn 1 0 0
vn 1 0 0
vn 1 0 0
vn 0 -1 0
vn 0 -1 0
vn 0 -1 0
vn 0 -1 0
vn 0 -1 0
vn 0 -1 0
vn 0 1 0
vn 0 1 0
vn 0 1 0
vn 0 1 0
vn 0 1 0
vn 0 1 0
vn 0 0 -1
vn 0 0 -1
vn 0 0 -1
vn 0 0 -1
vn 0 0 -1
vn 0 0 -1
vn 0 0 1
vn 0 0 1
vn 0 0 1
vn 0 0 1
vn 0 0 1
vn 0 0 1
vn -0.6966888426438262 -0.7173734428703128 0
vn -0.6966888426438262 -0.7173734428703128 0
vn -0.6966888426438262 -0.7173734428703128 0
vn -0.6966888426438262 -0.7173734428703128 0
vn -0.6966888426438262 -0.7173734428703128 0
vn -0.6966888426438262 -0.7173734428703128 0
vn -0.6966888426438262 0.7173734428703128 0
vn -0.6966888426438262 0.7173734428703128 0
vn -0.6966888426438262 0.7173734428703128 0
vn -0.6966888426438262 0.7173734428703128 0
vn -0.6966888426438262 0.7173734428703128 0
vn -0.6966888426438262 0.7173734428703128 0
vn 0.6966888426438262 -0.7173734428703128 0
vn 0.6966888426438262 -0.7173734428703128 0
vn 0.6966888426438262 -0.7173734428703128 0
vn 0.6966888426438262 -0.7173734428703128 0
vn 0.6966888426438262 -0.7173734428703128 0
vn 0.6966888426438262 -0.7173734428703128 0
vn 0.6966888426438262 0.7173734428703128 0
vn 0.6966888426438262 0.7173734428703128 0
vn 0.6966888426438262 0.7173734428703128 0
vn 0.6966888426438262 0.7173734428703128 0
vn 0.6966888426438262 0.7173734428703128 0
vn 0.6966888426438262 0.7173734428703128 0
vn -0.7071062447445319 0 -0.7071073176281562
vn -0.7071062447445319 0 -0.7071073176281562
vn -0.7071062447445319 0 -0.7071073176281562
vn -0.7071062447445319 0 -0.7071073176281562
vn -0.7071062447445319 0 -0.7071073176281562
vn -0.7071062447445319 0 -0.7071073176281562
vn -0.7071062447445319 0 0.7071073176281562
vn -0.7071062447445319 0 0.7071073176281562
vn -0.7071062447445319 0 0.7071073176281562
vn -0.7071062447445319 0 0.7071073176281562
vn -0.7071062447445319 0 0.7071073176281562
vn -0.7071062447445319 0 0.7071073176281562
vn 0.7071062447445319 0 -0.7071073176281562
vn 0.7071062447445319 0 -0.7071073176281562
vn 0.7071062447445319 0 -0.7071073176281562
vn 0.7071062447445319 0 -0.7071073176281562
vn 0.7071062447445319 0 -0.7071073176281562
vn 0.7071062447445319 0 -0.7071073176281562
vn 0.7071062447445319 0 0.7071073176281562
vn 0.7071062447445319 0 0.7071073176281562
vn 0.7071062447445319 0 0.7071073176281562
vn 0.7071062447445319 0 0.7071073176281562
vn 0.7071062447445319 0 0.7071073176281562
vn 0.7071062447445319 0 0.7071073176281562
vn 0 -0.7173729143883248 -0.6966893868159623
vn 0 -0.7173729143883248 -0.6966893868159623
vn 0 -0.7173729143883248 -0.6966893868159623
vn 0 -0.7173729143883248 -0.6966893868159623
vn 0 -0.7173729143883248 -0.6966893868159623
vn 0 -0.7173729143883248 -0.6966893868159623
vn 0 -0.7173729143883248 0.6966893868159623
vn 0 -0.7173729143883248 0.6966893868159623
vn 0 -0.7173729143883248 0.6966893868159623
vn 0 -0.7173729143883248 0.6966893868159623
vn 0 -0.7173729143883248 0.6966893868159623
vn 0 -0.7173729143883248 0.6966893868159623
vn 0 0.7173729143883248 -0.6966893868159623
vn 0 0.7173729143883248 -0.6966893868159623
vn 0 0.7173729143883248 -0.6966893868159623
vn 0 0.7173729143883248 -0.6966893868159623
vn 0 0.7173729143883248 -0.6966893868159623
vn 0 0.7173729143883248 -0.6966893868159623
vn 0 0.7173729143883248 0.6966893868159623
vn 0 0.7173729143883248 0.6966893868159623
vn 0 0.7173729143883248 0.6966893868159623
vn 0 0.7173729143883248 0.6966893868159623
vn 0 0.7173729143883248 0.6966893868159623
vn 0 0.7173729143883248 0.6966893868159623
vn -0.5716372816111874 -0.5886091084251025 -0.5716381160762272
vn -0.5716372816111874 -0.5886091084251025 -0.5716381160762272
vn -0.5716372816111874 -0.5886091084251025 -0.5716381160762272
vn -0.5716372816111874 -0.5886091084251025 0.5716381160762272
vn -0.5716372816111874 -0.5886091084251025 0.5716381160762272
vn -0.5716372816111874 -0.5886091084251025 0.5716381160762272
vn -0.5716372816111874 0.5886091084251025 -0.5716381160762272
vn -0.5716372816111874 0.5886091084251025 -0.5716381160762272
vn -0.5716372816111874 0.5886091084251025 -0.5716381160762272
vn -0.5716372816111874 0.5886091084251025 0.5716381160762272
vn -0.5716372816111874 0.5886091084251025 0.5716381160762272
vn -0.5716372816111874 0.5886091084251025 0.5716381160762272
vn 0.5716372816111874 -0.5886091084251025 -0.5716381160762272
vn 0.5716372816111874 -0.5886091084251025 -0.5716381160762272
vn 0.5716372816111874 -0.5886091084251025 -0.5716381160762272
vn 0.5716372816111874 -0.5886091084251025 0.5716381160762272
vn 0.5716372816111874 -0.5886091084251025 0.5716381160762272
vn 0.5716372816111874 -0.5886091084251025 0.5716381160762272
vn 0.5716372816111874 0.5886091084251025 -0.5716381160762272
vn 0.5716372816111874 0.5886091084251025 -0.5716381160762272
vn 0.5716372816111874 0.5886091084251025 -0.5716381160762272
vn 0.5716372816111874 0.5886091084251025 0.5716381160762272
vn 0.5716372816111874 0.5886091084251025 0.5716381160762272
vn 0.5716372816111874 0.5886091084251025 0.5716381160762272
f 1297//1297 1298//1298 1299//1299
f 1300//1300 1301//1301 1302//1302
f 1303//1303 1304//1304 1305//1305
f 1306//1306 1307//1307 1308//1308
f 1309//1309 1310//1310 1311//1311
f 1312//1312 1313//1313 1314//1314
f 1315//1315 1316//1316 1317//1317
f 1318//1318 1319//1319 1320//1320
f 1321//1321 1322//1322 1323//1323
f 1324//1324 1325//1325 1326//1326
f 1327//1327 1328//1328 1329//1329
f 1330//1330 1331//1331 1332//1332
f 1333//1333 1334//1334 1335//1335
f 1336//1336 1337//1337 1338//1338
f 1339//1339 1340//1340 1341//1341
f 1342//1342 1343//1343 1344//1344
f 1345//1345 1346//1346 1347//1347
f 1348//1348 1349//1349 1350//1350
f 1351//1351 1352//1352 1353//1353
f 1354//1354 1355//1355 1356//1356
f 1357//1357 1358//1358 1359//1359
f 1360//1360 1361//1361 1362//1362
f 1363//1363 1364//1364 1365//1365
f 1366//1366 1367//1367 1368//1368
f 1369//1369 1370//1370 1371//1371
f 1372//1372 1373//1373 1374//1374
f 1375//1375 1376//1376 1377//1377
f 1378//1378 1379//1379 1380//1380
f 1381//1381 1382//1382 1383//1383
f 1384//1384 1385//1385 1386//1386
f 1387//1387 1388//1388 1389//1389
f 1390//1390 1391//1391 1392//1392
f 1393//1393 1394//1394 1395//1395
f 1396//1396 1397//1397 1398//1398
f 1399//1399 1400//1400 1401//1401
f 1402//1402 1403//1403 1404//1404
f 1405//1405 1406//1406 1407//1407
f 1408//1408 1409//1409 1410//1410
f 1411//1411 1412//1412 1413//1413
f 1414//1414 1415//1415 1416//1416
f 1417//1417 1418//1418 1419//1419
f 1420//1420 1421//1421 1422//1422
f 1423//1423 1424//1424 1425//1425
f 1426//1426 1427//1427 1428//1428
o roof_vent
usemtl metal
v 1.600000023841858 5.506525039672852 -1.8600000143051147
v 1.600000023841858 6.030955791473389 -1.340000033378601
v 1.600000023841858 6.030955791473389 -1.8600000143051147
v 1.600000023841858 5.506525039672852 -1.8600000143051147
v 1.600000023841858 5.506525039672852 -1.340000033378601
v 1.600000023841858 6.030955791473389 -1.340000033378601
v 2.200000047683716 5.506525039672852 -1.8600000143051147
v 2.200000047683716 6.030955791473389 -1.8600000143051147
v 2.200000047683716 6.030955791473389 -1.340000033378601
v 2.200000047683716 5.506525039672852 -1.8600000143051147
v 2.200000047683716 6.030955791473389 -1.340000033378601
v 2.200000047683716 5.506525039672852 -1.340000033378601
v 1.6399999856948853 5.467678070068359 -1.8600000143051147
v 2.1600000858306885 5.467678070068359 -1.8600000143051147
v 2.1600000858306885 5.467678070068359 -1.340000033378601
v 1.6399999856948853 5.467678070068359 -1.8600000143051147
v 2.1600000858306885 5.467678070068359 -1.340000033378601
v 1.6399999856948853 5.467678070068359 -1.340000033378601
v 1.6399999856948853 6.069802761077881 -1.8600000143051147
v 2.1600000858306885 6.069802761077881 -1.340000033378601
v 2.1600000858306885 6.069802761077881 -1.8600000143051147
v 1.6399999856948853 6.069802761077881 -1.8600000143051147
v 1.6399999856948853 6.069802761077881 -1.340000033378601
v 2.1600000858306885 6.069802761077881 -1.340000033378601
v 1.6399999856948853 5.506525039672852 -1.899999976158142
v 2.1600000858306885 6.030955791473389 -1.899999976158142
v 2.1600000858306885 5.506525039672852 -1.899999976158142
v 1.6399999856948853 5.506525039672852 -1.899999976158142
v 1.6399999856948853 6.030955791473389 -1.899999976158142
v 2.1600000858306885 6.030955791473389 -1.899999976158142
v 1.6399999856948853 5.506525039672852 -1.2999999523162842
v 2.1600000858306885 5.506525039672852 -1.2999999523162842
v 2.1600000858306885 6.030955791473389 -1.2999999523162842
v 1.6399999856948853 5.506525039672852 -1.2999999523162842
v 2.1600000858306885 6.030955791473389 -1.2999999523162842
v 1.6399999856948853 6.030955791473389 -1.2999999523162842
v 1.600000023841858 5.506525039672852 -1.8600000143051147
v 1.6399999856948853 5.467678070068359 -1.8600000143051147
v 1.6399999856948853 5.467678070068359 -1.340000033378601
v 1.600000023841858 5.506525039672852 -1.8600000143051147
v 1.6399999856948853 5.467678070068359 -1.340000033378601
v 1.600000023841858 5.506525039672852 -1.340000033378601
v 1.600000023841858 6.030955791473389 -1.8600000143051147
v 1.6399999856948853 6.069802761077881 -1.340000033378601
v 1.6399999856948853 6.069802761077881 -1.8600000143051147
v 1.600000023841858 6.030955791473389 -1.8600000143051147
v 1.600000023841858 6.030955791473389 -1.340000033378601
v 1.6399999856948853 6.069802761077881 -1.340000033378601
v 2.200000047683716 5.506525039672852 -1.8600000143051147
v 2.1600000858306885 5.467678070068359 -1.340000033378601
v 2.1600000858306885 5.467678070068359 -1.8600000143051147
v 2.200000047683716 5.506525039672852 -1.8600000143051147
v 2.200000047683716 5.506525039672852 -1.340000033378601
v 2.1600000858306885 5.467678070068359 -1.340000033378601
v 2.200000047683716 6.030955791473389 -1.8600000143051147
v 2.1600000858306885 6.069802761077881 -1.8600000143051147
v 2.1600000858306885 6.069802761077881 -1.340000033378601
v 2.200000047683716 6.030955791473389 -1.8600000143051147
v 2.1600000858306885 6.069802761077881 -1.340000033378601
v 2.200000047683716 6.030955791473389 -1.340000033378601
v 1.600000023841858 5.506525039672852 -1.8600000143051147
v 1.6399999856948853 6.030955791473389 -1.899999976158142
v 1.6399999856948853 5.506525039672852 -1.899999976158142
v 1.600000023841858 5.506525039672852 -1.8600000143051147
v 1.600000023841858 6.030955791473389 -1.8600000143051147
v 1.6399999856948853 6.030955791473389 -1.899999976158142
v 1.600000023841858 5.506525039672852 -1.340000033378601
v 1.6399999856948853 5.506525039672852 -1.2999999523162842
v 1.6399999856948853 6.030955791473389 -1.2999999523162842
v 1.600000023841858 5.506525039672852 -1.340000033378601
v 1.6399999856948853 6.030955791473389 -1.2999999523162842
v 1.600000023841858 6.030955791473389 -1.340000033378601
v 2.200000047683716 5.506525039672852 -1.8600000143051147
v 2.1600000858306885 5.506525039672852 -1.899999976158142
v 2.1600000858306885 6.030955791473389 -1.899999976158142
v 2.200000047683716 5.506525039672852 -1.8600000143051147
v 2.1600000858306885 6.030955791473389 -1.899999976158142
v 2.200000047683716 6.030955791473389 -1.8600000143051147
v 2.200000047683716 5.506525039672852 -1.340000033378601
v 2.1600000858306885 6.030955791473389 -1.2999999523162842
v 2.1600000858306885 5.506525039672852 -1.2999999523162842
v 2.200000047683716 5.506525039672852 -1.340000033378601
v 2.200000047683716 6.030955791473389 -1.340000033378601
v 2.1600000858306885 6.030955791473389 -1.2999999523162842
v 1.6399999856948853 5.467678070068359 -1.8600000143051147
v 1.6399999856948853 5.506525039672852 -1.899999976158142
v 2.1600000858306885 5.506525039672852 -1.899999976158142
v 1.6399999856948853 5.467678070068359 -1.8600000143051147
v 2.1600000858306885 5.506525039672852 -1.899999976158142
v 2.1600000858306885 5.467678070068359 -1.8600000143051147
v 1.6399999856948853 5.467678070068359 -1.340000033378601
v 2.1600000858306885 5.506525039672852 -1.2999999523162842
v 1.6399999856948853 5.506525039672852 -1.2999999523162842
v 1.6399999856948853 5.467678070068359 -1.340000033378601
v 2.1600000858306885 5.467678070068359 -1.340000033378601
v 2.1600000858306885 5.506525039672852 -1.2999999523162842
v 1.6399999856948853 6.069802761077881 -1.8600000143051147
v 2.1600000858306885 6.030955791473389 -1.899999976158142
v 1.6399999856948853 6.030955791473389 -1.899999976158142
v 1.6399999856948853 6.069802761077881 -1.8600000143051147
v 2.1600000858306885 6.069802761077881 -1.8600000143051147
v 2.1600000858306885 6.030955791473389 -1.899999976158142
v 1.6399999856948853 6.069802761077881 -1.340000033378601
v 1.6399999856948853 6.030955791473389 -1.2999999523162842
v 2.1600000858306885 6.030955791473389 -1.2999999523162842
v 1.6399999856948853 6.069802761077881 -1.340000033378601
v 2.1600000858306885 6.030955791473389 -1.2999999523162842
v 2.1600000858306885 6.069802761077881 -1.340000033378601
v 1.600000023841858 5.506525039672852 -1.8600000143051147
v 1.6399999856948853 5.506525039672852 -1.899999976158142
v 1.6399999856948853 5.467678070068359 -1.8600000143051147
v 1.600000023841858 5.506525039672852 -1.340000033378601
v 1.6399999856948853 5.467678070068359 -1.340000033378601
v 1.6399999856948853 5.506525039672852 -1.2999999523162842
v 1.600000023841858 6.030955791473389 -1.8600000143051147
v 1.6399999856948853 6.069802761077881 -1.8600000143051147
v 1.6399999856948853 6.030955791473389 -1.899999976158142
v 1.600000023841858 6.030955791473389 -1.340000033378601
v 1.6399999856948853 6.030955791473389 -1.2999999523162842
v 1.6399999856948853 6.069802761077881 -1.340000033378601
v 2.200000047683716 5.506525039672852 -1.8600000143051147
v 2.1600000858306885 5.467678070068359 -1.8600000143051147
v 2.1600000858306885 5.506525039672852 -1.899999976158142
v 2.200000047683716 5.506525039672852 -1.340000033378601
v 2.1600000858306885 5.506525039672852 -1.2999999523162842
v 2.1600000858306885 5.467678070068359 -1.340000033378601
v 2.200000047683716 6.030955791473389 -1.8600000143051147
v 2.1600000858306885 6.030955791473389 -1.899999976158142
v 2.1600000858306885 6.069802761077881 -1.8600000143051147
v 2.200000047683716 6.030955791473389 -1.340000033378601
v 2.1600000858306885 6.069802761077881 -1.340000033378601
v 2.1600000858306885 6.030955791473389 -1.2999999523162842
vn -1 0 0
vn -1 0 0
vn -1 0 0
vn -1 0 0
vn -1 0 0
vn -1 0 0
vn 1 0 0
vn 1 0 0
vn 1 0 0
vn 1 0 0
vn 1 0 0
vn 1 0 0
vn 0 -1 0
vn 0 -1 0
vn 0 -1 0
vn 0 -1 0
vn 0 -1 0
vn 0 -1 0
vn 0 1 0
vn 0 1 0
vn 0 1 0
vn 0 1 0
vn 0 1 0
vn 0 1 0
vn 0 0 -1
vn 0 0 -1
vn 0 0 -1
vn 0 0 -1
vn 0 0 -1
vn 0 0 -1
vn 0 0 1
vn 0 0 1
vn 0 0 1
vn 0 0 1
vn 0 0 1
vn 0 0 1
vn -0.6966893570263892 -0.7173729433189937 0
vn -0.6966893570263892 -0.7173729433189937 0
vn -0.6966893570263892 -0.7173729433189937 0
vn -0.6966893570263892 -0.7173729433189937 0
vn -0.6966893570263892 -0.7173729433189937 0
vn -0.6966893570263892 -0.7173729433189937 0
vn -0.6966893570263892 0.7173729433189937 0
vn -0.6966893570263892 0.7173729433189937 0
vn -0.6966893570263892 0.7173729433189937 0
vn -0.6966893570263892 0.7173729433189937 0
vn -0.6966893570263892 0.7173729433189937 0
vn -0.6966893570263892 0.7173729433189937 0
vn 0.6966893570263892 -0.7173729433189937 0
vn 0.6966893570263892 -0.7173729433189937 0
vn 0.6966893570263892 -0.7173729433189937 0
vn 0.6966893570263892 -0.7173729433189937 0
vn 0.6966893570263892 -0.7173729433189937 0
vn 0.6966893570263892 -0.7173729433189937 0
vn 0.6966893570263892 0.7173729433189937 0
vn 0.6966893570263892 0.7173729433189937 0
vn 0.6966893570263892 0.7173729433189937 0
vn 0.6966893570263892 0.7173729433189937 0
vn 0.6966893570263892 0.7173729433189937 0
vn 0.6966893570263892 0.7173729433189937 0
vn -0.7071067811865476 0 -0.7071067811865476
vn -0.7071067811865476 0 -0.7071067811865476
vn -0.7071067811865476 0 -0.7071067811865476
vn -0.7071067811865476 0 -0.7071067811865476
vn -0.7071067811865476 0 -0.7071067811865476
vn -0.7071067811865476 0 -0.7071067811865476
vn -0.7071067811865476 0 0.7071067811865476
vn -0.7071067811865476 0 0.7071067811865476
vn -0.7071067811865476 0 0.7071067811865476
vn -0.7071067811865476 0 0.7071067811865476
vn -0.7071067811865476 0 0.7071067811865476
vn -0.7071067811865476 0 0.7071067811865476
vn 0.7071067811865476 0 -0.7071067811865476
vn 0.7071067811865476 0 -0.7071067811865476
vn 0.7071067811865476 0 -0.7071067811865476
vn 0.7071067811865476 0 -0.7071067811865476
vn 0.7071067811865476 0 -0.7071067811865476
vn 0.7071067811865476 0 -0.7071067811865476
vn 0.7071067811865476 0 0.7071067811865476
vn 0.7071067811865476 0 0.7071067811865476
vn 0.7071067811865476 0 0.7071067811865476
vn 0.7071067811865476 0 0.7071067811865476
vn 0.7071067811865476 0 0.7071067811865476
vn 0.7071067811865476 0 0.7071067811865476
vn 0 -0.7173729433189937 -0.6966893570263892
vn 0 -0.7173729433189937 -0.6966893570263892
vn 0 -0.7173729433189937 -0.6966893570263892
vn 0 -0.7173729433189937 -0.6966893570263892
vn 0 -0.7173729433189937 -0.6966893570263892
vn 0 -0.7173729433189937 -0.6966893570263892
vn 0 -0.7173729433189937 0.6966893570263892
vn 0 -0.7173729433189937 0.6966893570263892
vn 0 -0.7173729433189937 0.6966893570263892
vn 0 -0.7173729433189937 0.6966893570263892
vn 0 -0.7173729433189937 0.6966893570263892
vn 0 -0.7173729433189937 0.6966893570263892
vn 0 0.7173729433189937 -0.6966893570263892
vn 0 0.7173729433189937 -0.6966893570263892
vn 0 0.7173729433189937 -0.6966893570263892
vn 0 0.7173729433189937 -0.6966893570263892
vn 0 0.7173729433189937 -0.6966893570263892
vn 0 0.7173729433189937 -0.6966893570263892
vn 0 0.7173729433189937 0.6966893570263892
vn 0 0.7173729433189937 0.6966893570263892
vn 0 0.7173729433189937 0.6966893570263892
vn 0 0.7173729433189937 0.6966893570263892
vn 0 0.7173729433189937 0.6966893570263892
vn 0 0.7173729433189937 0.6966893570263892
vn -0.5716378610719776 -0.5886087933238077 -0.5716378610719776
vn -0.5716378610719776 -0.5886087933238077 -0.5716378610719776
vn -0.5716378610719776 -0.5886087933238077 -0.5716378610719776
vn -0.5716378610719776 -0.5886087933238077 0.5716378610719776
vn -0.5716378610719776 -0.5886087933238077 0.5716378610719776
vn -0.5716378610719776 -0.5886087933238077 0.5716378610719776
vn -0.5716378610719776 0.5886087933238077 -0.5716378610719776
vn -0.5716378610719776 0.5886087933238077 -0.5716378610719776
vn -0.5716378610719776 0.5886087933238077 -0.5716378610719776
vn -0.5716378610719776 0.5886087933238077 0.5716378610719776
vn -0.5716378610719776 0.5886087933238077 0.5716378610719776
vn -0.5716378610719776 0.5886087933238077 0.5716378610719776
vn 0.5716378610719776 -0.5886087933238077 -0.5716378610719776
vn 0.5716378610719776 -0.5886087933238077 -0.5716378610719776
vn 0.5716378610719776 -0.5886087933238077 -0.5716378610719776
vn 0.5716378610719776 -0.5886087933238077 0.5716378610719776
vn 0.5716378610719776 -0.5886087933238077 0.5716378610719776
vn 0.5716378610719776 -0.5886087933238077 0.5716378610719776
vn 0.5716378610719776 0.5886087933238077 -0.5716378610719776
vn 0.5716378610719776 0.5886087933238077 -0.5716378610719776
vn 0.5716378610719776 0.5886087933238077 -0.5716378610719776
vn 0.5716378610719776 0.5886087933238077 0.5716378610719776
vn 0.5716378610719776 0.5886087933238077 0.5716378610719776
vn 0.5716378610719776 0.5886087933238077 0.5716378610719776
f 1429//1429 1430//1430 1431//1431
f 1432//1432 1433//1433 1434//1434
f 1435//1435 1436//1436 1437//1437
f 1438//1438 1439//1439 1440//1440
f 1441//1441 1442//1442 1443//1443
f 1444//1444 1445//1445 1446//1446
f 1447//1447 1448//1448 1449//1449
f 1450//1450 1451//1451 1452//1452
f 1453//1453 1454//1454 1455//1455
f 1456//1456 1457//1457 1458//1458
f 1459//1459 1460//1460 1461//1461
f 1462//1462 1463//1463 1464//1464
f 1465//1465 1466//1466 1467//1467
f 1468//1468 1469//1469 1470//1470
f 1471//1471 1472//1472 1473//1473
f 1474//1474 1475//1475 1476//1476
f 1477//1477 1478//1478 1479//1479
f 1480//1480 1481//1481 1482//1482
f 1483//1483 1484//1484 1485//1485
f 1486//1486 1487//1487 1488//1488
f 1489//1489 1490//1490 1491//1491
f 1492//1492 1493//1493 1494//1494
f 1495//1495 1496//1496 1497//1497
f 1498//1498 1499//1499 1500//1500
f 1501//1501 1502//1502 1503//1503
f 1504//1504 1505//1505 1506//1506
f 1507//1507 1508//1508 1509//1509
f 1510//1510 1511//1511 1512//1512
f 1513//1513 1514//1514 1515//1515
f 1516//1516 1517//1517 1518//1518
f 1519//1519 1520//1520 1521//1521
f 1522//1522 1523//1523 1524//1524
f 1525//1525 1526//1526 1527//1527
f 1528//1528 1529//1529 1530//1530
f 1531//1531 1532//1532 1533//1533
f 1534//1534 1535//1535 1536//1536
f 1537//1537 1538//1538 1539//1539
f 1540//1540 1541//1541 1542//1542
f 1543//1543 1544//1544 1545//1545
f 1546//1546 1547//1547 1548//1548
f 1549//1549 1550//1550 1551//1551
f 1552//1552 1553//1553 1554//1554
f 1555//1555 1556//1556 1557//1557
f 1558//1558 1559//1559 1560//1560
o vent_pipe
usemtl metal
v 1.899999976158142 6.400000095367432 -1.440000057220459
v 2.013137102127075 6.400000095367432 -1.4868628978729248
v 2.059999942779541 6.400000095367432 -1.600000023841858
v 2.013137102127075 6.400000095367432 -1.7131370306015015
v 1.899999976158142 6.400000095367432 -1.7599999904632568
v 1.7868629693984985 6.400000095367432 -1.7131370306015015
v 1.7400000095367432 6.400000095367432 -1.600000023841858
v 1.7868629693984985 6.400000095367432 -1.4868628978729248
v 1.899999976158142 6.400000095367432 -1.440000057220459
v 1.899999976158142 6.050379276275635 -1.440000057220459
v 2.013137102127075 6.050379276275635 -1.4868628978729248
v 2.059999942779541 6.050379276275635 -1.600000023841858
v 2.013137102127075 6.050379276275635 -1.7131370306015015
v 1.899999976158142 6.050379276275635 -1.7599999904632568
v 1.7868629693984985 6.050379276275635 -1.7131370306015015
v 1.7400000095367432 6.050379276275635 -1.600000023841858
v 1.7868629693984985 6.050379276275635 -1.4868628978729248
v 1.899999976158142 6.050379276275635 -1.440000057220459
v 1.899999976158142 6.400000095367432 -1.600000023841858
v 1.899999976158142 6.400000095367432 -1.600000023841858
v 1.899999976158142 6.400000095367432 -1.600000023841858
v 1.899999976158142 6.400000095367432 -1.600000023841858
v 1.899999976158142 6.400000095367432 -1.600000023841858
v 1.899999976158142 6.400000095367432 -1.600000023841858
v 1.899999976158142 6.400000095367432 -1.600000023841858
v 1.899999976158142 6.400000095367432 -1.600000023841858
v 1.899999976158142 6.400000095367432 -1.440000057220459
v 2.013137102127075 6.400000095367432 -1.4868628978729248
v 2.059999942779541 6.400000095367432 -1.600000023841858
v 2.013137102127075 6.400000095367432 -1.7131370306015015
v 1.899999976158142 6.400000095367432 -1.7599999904632568
v 1.7868629693984985 6.400000095367432 -1.7131370306015015
v 1.7400000095367432 6.400000095367432 -1.600000023841858
v 1.7868629693984985 6.400000095367432 -1.4868628978729248
v 1.899999976158142 6.400000095367432 -1.440000057220459
v 1.899999976158142 6.050379276275635 -1.600000023841858
v 1.899999976158142 6.050379276275635 -1.600000023841858
v 1.899999976158142 6.050379276275635 -1.600000023841858
v 1.899999976158142 6.050379276275635 -1.600000023841858
v 1.899999976158142 6.050379276275635 -1.600000023841858
v 1.899999976158142 6.050379276275635 -1.600000023841858
v 1.899999976158142 6.050379276275635 -1.600000023841858
v 1.899999976158142 6.050379276275635 -1.600000023841858
v 1.899999976158142 6.050379276275635 -1.440000057220459
v 2.013137102127075 6.050379276275635 -1.4868628978729248
v 2.059999942779541 6.050379276275635 -1.600000023841858
v 2.013137102127075 6.050379276275635 -1.7131370306015015
v 1.899999976158142 6.050379276275635 -1.7599999904632568
v 1.7868629693984985 6.050379276275635 -1.7131370306015015
v 1.7400000095367432 6.050379276275635 -1.600000023841858
v 1.7868629693984985 6.050379276275635 -1.4868628978729248
v 1.899999976158142 6.050379276275635 -1.440000057220459
vt 0 1
vt 0.125 1
vt 0.25 1
vt 0.375 1
vt 0.5 1
vt 0.625 1
vt 0.75 1
vt 0.875 1
vt 1 1
vt 0 0
vt 0.125 0
vt 0.25 0
vt 0.375 0
vt 0.5 0
vt 0.625 0
vt 0.75 0
vt 0.875 0
vt 1 0
vt 0.5 0.5
vt 0.5 0.5
vt 0.5 0.5
vt 0.5 0.5
vt 0.5 0.5
vt 0.5 0.5
vt 0.5 0.5
vt 0.5 0.5
vt 1 0.5
vt 0.8535534143447876 0.8535534143447876
vt 0.5 1
vt 0.1464466154575348 0.8535534143447876
vt 0 0.5
vt 0.1464466154575348 0.1464466154575348
vt 0.5 0
vt 0.8535534143447876 0.1464466154575348
vt 1 0.5
vt 0.5 0.5
vt 0.5 0.5
vt 0.5 0.5
vt 0.5 0.5
vt 0.5 0.5
vt 0.5 0.5
vt 0.5 0.5
vt 0.5 0.5
vt 1 0.5
vt 0.8535534143447876 0.1464466154575348
vt 0.5 0
vt 0.1464466154575348 0.1464466154575348
vt 0 0.5
vt 0.1464466154575348 0.8535534143447876
vt 0.5 1
vt 0.8535534143447876 0.8535534143447876
vt 1 0.5
vn 0 0 1
vn 0.7071067811865476 0 0.7071067811865476
vn 1 0 6.123234262925839e-17
vn 0.7071067811865476 0 -0.7071067811865476
vn 1.2246468525851679e-16 0 -1
vn -0.7071067811865476 0 -0.7071067811865476
vn -1 0 -1.8369701465288538e-16
vn -0.7071067811865476 0 0.7071067811865476
vn -2.4492937051703357e-16 0 1
vn 0 0 1
vn 0.7071067811865476 0 0.7071067811865476
vn 1 0 6.123234262925839e-17
vn 0.7071067811865476 0 -0.7071067811865476
vn 1.2246468525851679e-16 0 -1
vn -0.7071067811865476 0 -0.7071067811865476
vn -1 0 -1.8369701465288538e-16
vn -0.7071067811865476 0 0.7071067811865476
vn -2.4492937051703357e-16 0 1
vn 0 1 0
vn 0 1 0
vn 0 1 0
vn 0 1 0
vn 0 1 0
vn 0 1 0
vn 0 1 0
vn 0 1 0
vn 0 1 0
vn 0 1 0
vn 0 1 0
vn 0 1 0
vn 0 1 0
vn 0 1 0
vn 0 1 0
vn 0 1 0
vn 0 1 0
vn 0 -1 0
vn 0 -1 0
vn 0 -1 0
vn 0 -1 0
vn 0 -1 0
vn 0 -1 0
vn 0 -1 0
vn 0 -1 0
vn 0 -1 0
vn 0 -1 0
vn 0 -1 0
vn 0 -1 0
vn 0 -1 0
vn 0 -1 0
vn 0 -1 0
vn 0 -1 0
vn 0 -1 0
f 1561/769/1561 1570/778/1570 1562/770/1562
f 1570/778/1570 1571/779/1571 1562/770/1562
f 1562/770/1562 1571/779/1571 1563/771/1563
f 1571/779/1571 1572/780/1572 1563/771/1563
f 1563/771/1563 1572/780/1572 1564/772/1564
f 1572/780/1572 1573/781/1573 1564/772/1564
f 1564/772/1564 1573/781/1573 1565/773/1565
f 1573/781/1573 1574/782/1574 1565/773/1565
f 1565/773/1565 1574/782/1574 1566/774/1566
f 1574/782/1574 1575/783/1575 1566/774/1566
f 1566/774/1566 1575/783/1575 1567/775/1567
f 1575/783/1575 1576/784/1576 1567/775/1567
f 1567/775/1567 1576/784/1576 1568/776/1568
f 1576/784/1576 1577/785/1577 1568/776/1568
f 1568/776/1568 1577/785/1577 1569/777/1569
f 1577/785/1577 1578/786/1578 1569/777/1569
f 1587/795/1587 1588/796/1588 1579/787/1579
f 1588/796/1588 1589/797/1589 1580/788/1580
f 1589/797/1589 1590/798/1590 1581/789/1581
f 1590/798/1590 1591/799/1591 1582/790/1582
f 1591/799/1591 1592/800/1592 1583/791/1583
f 1592/800/1592 1593/801/1593 1584/792/1584
f 1593/801/1593 1594/802/1594 1585/793/1585
f 1594/802/1594 1595/803/1595 1586/794/1586
f 1605/813/1605 1604/812/1604 1596/804/1596
f 1606/814/1606 1605/813/1605 1597/805/1597
f 1607/815/1607 1606/814/1606 1598/806/1598
f 1608/816/1608 1607/815/1607 1599/807/1599
f 1609/817/1609 1608/816/1608 1600/808/1600
f 1610/818/1610 1609/817/1609 1601/809/1601
f 1611/819/1611 1610/818/1610 1602/810/1602
f 1612/820/1612 1611/819/1611 1603/811/1603
