mtllib clock_tower.mtl
o base
usemtl cream
v -2.6500000953674316 0.03946667164564133 -2.809999942779541
v -2.6500000953674316 0.5031999945640564 2.809999942779541
v -2.6500000953674316 0.5031999945640564 -2.809999942779541
v -2.6500000953674316 0.03946667164564133 -2.809999942779541
v -2.6500000953674316 0.03946667164564133 2.809999942779541
v -2.6500000953674316 0.5031999945640564 2.809999942779541
v 2.6500000953674316 0.03946667164564133 -2.809999942779541
v 2.6500000953674316 0.5031999945640564 -2.809999942779541
v 2.6500000953674316 0.5031999945640564 2.809999942779541
v 2.6500000953674316 0.03946667164564133 -2.809999942779541
v 2.6500000953674316 0.5031999945640564 2.809999942779541
v 2.6500000953674316 0.03946667164564133 2.809999942779541
v -2.609999895095825 0 -2.809999942779541
v 2.609999895095825 0 -2.809999942779541
v 2.609999895095825 0 2.809999942779541
v -2.609999895095825 0 -2.809999942779541
v 2.609999895095825 0 2.809999942779541
v -2.609999895095825 0 2.809999942779541
v -2.609999895095825 0.5426666736602783 -2.809999942779541
v 2.609999895095825 0.5426666736602783 2.809999942779541
v 2.609999895095825 0.5426666736602783 -2.809999942779541
v -2.609999895095825 0.5426666736602783 -2.809999942779541
v -2.609999895095825 0.5426666736602783 2.809999942779541
v 2.609999895095825 0.5426666736602783 2.809999942779541
v -2.609999895095825 0.03946667164564133 -2.8499999046325684
v 2.609999895095825 0.5031999945640564 -2.8499999046325684
v 2.609999895095825 0.03946667164564133 -2.8499999046325684
v -2.609999895095825 0.03946667164564133 -2.8499999046325684
v -2.609999895095825 0.5031999945640564 -2.8499999046325684
v 2.609999895095825 0.5031999945640564 -2.8499999046325684
v -2.609999895095825 0.03946667164564133 2.8499999046325684
v 2.609999895095825 0.03946667164564133 2.8499999046325684
v 2.609999895095825 0.5031999945640564 2.8499999046325684
v -2.609999895095825 0.03946667164564133 2.8499999046325684
v 2.609999895095825 0.5031999945640564 2.8499999046325684
v -2.609999895095825 0.5031999945640564 2.8499999046325684
v -2.6500000953674316 0.03946667164564133 -2.809999942779541
v -2.609999895095825 0 -2.809999942779541
v -2.609999895095825 0 2.809999942779541
v -2.6500000953674316 0.03946667164564133 -2.809999942779541
v -2.609999895095825 0 2.809999942779541
v -2.6500000953674316 0.03946667164564133 2.809999942779541
v -2.6500000953674316 0.5031999945640564 -2.809999942779541
v -2.609999895095825 0.5426666736602783 2.809999942779541
v -2.609999895095825 0.5426666736602783 -2.809999942779541
v -2.6500000953674316 0.5031999945640564 -2.809999942779541
v -2.6500000953674316 0.5031999945640564 2.809999942779541
v -2.609999895095825 0.5426666736602783 2.809999942779541
v 2.6500000953674316 0.03946667164564133 -2.809999942779541
v 2.609999895095825 0 2.809999942779541
v 2.609999895095825 0 -2.809999942779541
v 2.6500000953674316 0.03946667164564133 -2.809999942779541
v 2.6500000953674316 0.03946667164564133 2.809999942779541
v 2.609999895095825 0 2.809999942779541
v 2.6500000953674316 0.5031999945640564 -2.809999942779541
v 2.609999895095825 0.5426666736602783 -2.809999942779541
v 2.609999895095825 0.5426666736602783 2.809999942779541
v 2.6500000953674316 0.5031999945640564 -2.809999942779541
v 2.609999895095825 0.5426666736602783 2.809999942779541
v 2.6500000953674316 0.5031999945640564 2.809999942779541
v -2.6500000953674316 0.03946667164564133 -2.809999942779541
v -2.609999895095825 0.5031999945640564 -2.8499999046325684
v -2.609999895095825 0.03946667164564133 -2.8499999046325684
v -2.6500000953674316 0.03946667164564133 -2.809999942779541
v -2.6500000953674316 0.5031999945640564 -2.809999942779541
v -2.609999895095825 0.5031999945640564 -2.8499999046325684
v -2.6500000953674316 0.03946667164564133 2.809999942779541
v -2.609999895095825 0.03946667164564133 2.8499999046325684
v -2.609999895095825 0.5031999945640564 2.8499999046325684
v -2.6500000953674316 0.03946667164564133 2.809999942779541
v -2.609999895095825 0.5031999945640564 2.8499999046325684
v -2.6500000953674316 0.5031999945640564 2.809999942779541
v 2.6500000953674316 0.03946667164564133 -2.809999942779541
v 2.609999895095825 0.03946667164564133 -2.8499999046325684
v 2.609999895095825 0.5031999945640564 -2.8499999046325684
v 2.6500000953674316 0.03946667164564133 -2.809999942779541
v 2.609999895095825 0.5031999945640564 -2.8499999046325684
v 2.6500000953674316 0.5031999945640564 -2.809999942779541
v 2.6500000953674316 0.03946667164564133 2.809999942779541
v 2.609999895095825 0.5031999945640564 2.8499999046325684
v 2.609999895095825 0.03946667164564133 2.8499999046325684
v 2.6500000953674316 0.03946667164564133 2.809999942779541
v 2.6500000953674316 0.5031999945640564 2.809999942779541
v 2.609999895095825 0.5031999945640564 2.8499999046325684
v -2.609999895095825 0 -2.809999942779541
v -2.609999895095825 0.03946667164564133 -2.8499999046325684
v 2.609999895095825 0.03946667164564133 -2.8499999046325684
v -2.609999895095825 0 -2.809999942779541
v 2.609999895095825 0.03946667164564133 -2.8499999046325684
v 2.609999895095825 0 -2.809999942779541
v -2.609999895095825 0 2.809999942779541
v 2.609999895095825 0.03946667164564133 2.8499999046325684
v -2.609999895095825 0.03946667164564133 2.8499999046325684
v -2.609999895095825 0 2.809999942779541
v 2.609999895095825 0 2.809999942779541
v 2.609999895095825 0.03946667164564133 2.8499999046325684
v -2.609999895095825 0.5426666736602783 -2.809999942779541
v 2.609999895095825 0.5031999945640564 -2.8499999046325684
v -2.609999895095825 0.5031999945640564 -2.8499999046325684
v -2.609999895095825 0.5426666736602783 -2.809999942779541
v 2.609999895095825 0.5426666736602783 -2.809999942779541
v 2.609999895095825 0.5031999945640564 -2.8499999046325684
v -2.609999895095825 0.5426666736602783 2.809999942779541
v -2.609999895095825 0.5031999945640564 2.8499999046325684
v 2.609999895095825 0.5031999945640564 2.8499999046325684
v -2.609999895095825 0.5426666736602783 2.809999942779541
v 2.609999895095825 0.5031999945640564 2.8499999046325684
v 2.609999895095825 0.5426666736602783 2.809999942779541
v -2.6500000953674316 0.03946667164564133 -2.809999942779541
v -2.609999895095825 0.03946667164564133 -2.8499999046325684
v -2.609999895095825 0 -2.809999942779541
v -2.6500000953674316 0.03946667164564133 2.809999942779541
v -2.609999895095825 0 2.809999942779541
v -2.609999895095825 0.03946667164564133 2.8499999046325684
v -2.6500000953674316 0.5031999945640564 -2.809999942779541
v -2.609999895095825 0.5426666736602783 -2.809999942779541
v -2.609999895095825 0.5031999945640564 -2.8499999046325684
v -2.6500000953674316 0.5031999945640564 2.809999942779541
v -2.609999895095825 0.5031999945640564 2.8499999046325684
v -2.609999895095825 0.5426666736602783 2.809999942779541
v 2.6500000953674316 0.03946667164564133 -2.809999942779541
v 2.609999895095825 0 -2.809999942779541
v 2.609999895095825 0.03946667164564133 -2.8499999046325684
v 2.6500000953674316 0.03946667164564133 2.809999942779541
v 2.609999895095825 0.03946667164564133 2.8499999046325684
v 2.609999895095825 0 2.809999942779541
v 2.6500000953674316 0.5031999945640564 -2.809999942779541
v 2.609999895095825 0.5031999945640564 -2.8499999046325684
v 2.609999895095825 0.5426666736602783 -2.809999942779541
v 2.6500000953674316 0.5031999945640564 2.809999942779541
v 2.609999895095825 0.5426666736602783 2.809999942779541
v 2.609999895095825 0.5031999945640564 2.8499999046325684
vn -1 0 0
vn -1 0 0
vn -1 0 0
vn -1 0 0
vn -1 0 0
vn -1 0 0
vn 1 0 0
vn 1 0 0
vn 1 0 0
vn 1 0 0
vn 1 0 0
vn 1 0 0
vn 0 -1 0
vn 0 -1 0
vn 0 -1 0
vn 0 -1 0
vn 0 -1 0
vn 0 -1 0
vn 0 1 0
vn 0 1 0
vn 0 1 0
vn 0 1 0
vn 0 1 0
vn 0 1 0
vn 0 0 -1
vn 0 0 -1
vn 0 0 -1
vn 0 0 -1
vn 0 0 -1
vn 0 0 -1
vn 0 0 1
vn 0 0 1
vn 0 0 1
vn 0 0 1
vn 0 0 1
vn 0 0 1
vn -0.7023435737592707 -0.7118381167084662 0
vn -0.7023435737592707 -0.7118381167084662 0
vn -0.7023435737592707 -0.7118381167084662 0
vn -0.7023435737592707 -0.7118381167084662 0
vn -0.7023435737592707 -0.7118381167084662 0
vn -0.7023435737592707 -0.7118381167084662 0
vn -0.7023435737592707 0.7118381167084662 0
vn -0.7023435737592707 0.7118381167084662 0
vn -0.7023435737592707 0.7118381167084662 0
vn -0.7023435737592707 0.7118381167084662 0
vn -0.7023435737592707 0.7118381167084662 0
vn -0.7023435737592707 0.7118381167084662 0
vn 0.7023435737592707 -0.7118381167084662 0
vn 0.7023435737592707 -0.7118381167084662 0
vn 0.7023435737592707 -0.7118381167084662 0
vn 0.7023435737592707 -0.7118381167084662 0
vn 0.7023435737592707 -0.7118381167084662 0
vn 0.7023435737592707 -0.7118381167084662 0
vn 0.7023435737592707 0.7118381167084662 0
vn 0.7023435737592707 0.7118381167084662 0
vn 0.7023435737592707 0.7118381167084662 0
vn 0.7023435737592707 0.7118381167084662 0
vn 0.7023435737592707 0.7118381167084662 0
vn 0.7023435737592707 0.7118381167084662 0
vn -0.707104665218545 0 -0.7071088971482181
vn -0.707104665218545 0 -0.7071088971482181
vn -0.707104665218545 0 -0.7071088971482181
vn -0.707104665218545 0 -0.7071088971482181
vn -0.707104665218545 0 -0.7071088971482181
vn -0.707104665218545 0 -0.7071088971482181
vn -0.707104665218545 0 0.7071088971482181
vn -0.707104665218545 0 0.7071088971482181
vn -0.707104665218545 0 0.7071088971482181
vn -0.707104665218545 0 0.7071088971482181
vn -0.707104665218545 0 0.7071088971482181
vn -0.707104665218545 0 0.7071088971482181
vn 0.707104665218545 0 -0.7071088971482181
vn 0.707104665218545 0 -0.7071088971482181
vn 0.707104665218545 0 -0.7071088971482181
vn 0.707104665218545 0 -0.7071088971482181
vn 0.707104665218545 0 -0.7071088971482181
vn 0.707104665218545 0 -0.7071088971482181
vn 0.707104665218545 0 0.7071088971482181
vn 0.707104665218545 0 0.7071088971482181
vn 0.707104665218545 0 0.7071088971482181
vn 0.707104665218545 0 0.7071088971482181
vn 0.707104665218545 0 0.7071088971482181
vn 0.707104665218545 0 0.7071088971482181
vn 0 -0.7118360446422792 -0.7023456738302265
vn 0 -0.7118360446422792 -0.7023456738302265
vn 0 -0.7118360446422792 -0.7023456738302265
vn 0 -0.7118360446422792 -0.7023456738302265
vn 0 -0.7118360446422792 -0.7023456738302265
vn 0 -0.7118360446422792 -0.7023456738302265
vn 0 -0.7118360446422792 0.7023456738302265
vn 0 -0.7118360446422792 0.7023456738302265
vn 0 -0.7118360446422792 0.7023456738302265
vn 0 -0.7118360446422792 0.7023456738302265
vn 0 -0.7118360446422792 0.7023456738302265
vn 0 -0.7118360446422792 0.7023456738302265
vn 0 0.7118360446422792 -0.7023456738302265
vn 0 0.7118360446422792 -0.7023456738302265
vn 0 0.7118360446422792 -0.7023456738302265
vn 0 0.7118360446422792 -0.7023456738302265
vn 0 0.7118360446422792 -0.7023456738302265
vn 0 0.7118360446422792 -0.7023456738302265
vn 0 0.7118360446422792 0.7023456738302265
vn 0 0.7118360446422792 0.7023456738302265
vn 0 0.7118360446422792 0.7023456738302265
vn 0 0.7118360446422792 0.7023456738302265
vn 0 0.7118360446422792 0.7023456738302265
vn 0 0.7118360446422792 0.7023456738302265
vn -0.5747476224876185 -0.5825173263590846 -0.5747510199523735
vn -0.5747476224876185 -0.5825173263590846 -0.5747510199523735
vn -0.5747476224876185 -0.5825173263590846 -0.5747510199523735
vn -0.5747476224876185 -0.5825173263590846 0.5747510199523735
vn -0.5747476224876185 -0.5825173263590846 0.5747510199523735
vn -0.5747476224876185 -0.5825173263590846 0.5747510199523735
vn -0.5747476224876185 0.5825173263590846 -0.5747510199523735
vn -0.5747476224876185 0.5825173263590846 -0.5747510199523735
vn -0.5747476224876185 0.5825173263590846 -0.5747510199523735
vn -0.5747476224876185 0.5825173263590846 0.5747510199523735
vn -0.5747476224876185 0.5825173263590846 0.5747510199523735
vn -0.5747476224876185 0.5825173263590846 0.5747510199523735
vn 0.5747476224876185 -0.5825173263590846 -0.5747510199523735
vn 0.5747476224876185 -0.5825173263590846 -0.5747510199523735
vn 0.5747476224876185 -0.5825173263590846 -0.5747510199523735
vn 0.5747476224876185 -0.5825173263590846 0.5747510199523735
vn 0.5747476224876185 -0.5825173263590846 0.5747510199523735
vn 0.5747476224876185 -0.5825173263590846 0.5747510199523735
vn 0.5747476224876185 0.5825173263590846 -0.5747510199523735
vn 0.5747476224876185 0.5825173263590846 -0.5747510199523735
vn 0.5747476224876185 0.5825173263590846 -0.5747510199523735
vn 0.5747476224876185 0.5825173263590846 0.5747510199523735
vn 0.5747476224876185 0.5825173263590846 0.5747510199523735
vn 0.5747476224876185 0.5825173263590846 0.5747510199523735
f 1//1 2//2 3//3
f 4//4 5//5 6//6
f 7//7 8//8 9//9
f 10//10 11//11 12//12
f 13//13 14//14 15//15
f 16//16 17//17 18//18
f 19//19 20//20 21//21
f 22//22 23//23 24//24
f 25//25 26//26 27//27
f 28//28 29//29 30//30
f 31//31 32//32 33//33
f 34//34 35//35 36//36
f 37//37 38//38 39//39
f 40//40 41//41 42//42
f 43//43 44//44 45//45
f 46//46 47//47 48//48
f 49//49 50//50 51//51
f 52//52 53//53 54//54
f 55//55 56//56 57//57
f 58//58 59//59 60//60
f 61//61 62//62 63//63
f 64//64 65//65 66//66
f 67//67 68//68 69//69
f 70//70 71//71 72//72
f 73//73 74//74 75//75
f 76//76 77//77 78//78
f 79//79 80//80 81//81
f 82//82 83//83 84//84
f 85//85 86//86 87//87
f 88//88 89//89 90//90
f 91//91 92//92 93//93
f 94//94 95//95 96//96
f 97//97 98//98 99//99
f 100//100 101//101 102//102
f 103//103 104//104 105//105
f 106//106 107//107 108//108
f 109//109 110//110 111//111
f 112//112 113//113 114//114
f 115//115 116//116 117//117
f 118//118 119//119 120//120
f 121//121 122//122 123//123
f 124//124 125//125 126//126
f 127//127 128//128 129//129
f 130//130 131//131 132//132
o shaft
usemtl brick
v -2.299999952316284 0.5821333527565002 -2.434999942779541
v -2.299999952316284 6.768533229827881 2.434999942779541
v -2.299999952316284 6.768533229827881 -2.434999942779541
v -2.299999952316284 0.5821333527565002 -2.434999942779541
v -2.299999952316284 0.5821333527565002 2.434999942779541
v -2.299999952316284 6.768533229827881 2.434999942779541
v 2.299999952316284 0.5821333527565002 -2.434999942779541
v 2.299999952316284 6.768533229827881 -2.434999942779541
v 2.299999952316284 6.768533229827881 2.434999942779541
v 2.299999952316284 0.5821333527565002 -2.434999942779541
v 2.299999952316284 6.768533229827881 2.434999942779541
v 2.299999952316284 0.5821333527565002 2.434999942779541
v -2.259999990463257 0.5426667332649231 -2.434999942779541
v 2.259999990463257 0.5426667332649231 -2.434999942779541
v 2.259999990463257 0.5426667332649231 2.434999942779541
v -2.259999990463257 0.5426667332649231 -2.434999942779541
v 2.259999990463257 0.5426667332649231 2.434999942779541
v -2.259999990463257 0.5426667332649231 2.434999942779541
v -2.259999990463257 6.808000087738037 -2.434999942779541
v 2.259999990463257 6.808000087738037 2.434999942779541
v 2.259999990463257 6.808000087738037 -2.434999942779541
v -2.259999990463257 6.808000087738037 -2.434999942779541
v -2.259999990463257 6.808000087738037 2.434999942779541
v 2.259999990463257 6.808000087738037 2.434999942779541
v -2.259999990463257 0.5821333527565002 -2.4749999046325684
v 2.259999990463257 6.768533229827881 -2.4749999046325684
v 2.259999990463257 0.5821333527565002 -2.4749999046325684
v -2.259999990463257 0.5821333527565002 -2.4749999046325684
v -2.259999990463257 6.768533229827881 -2.4749999046325684
v 2.259999990463257 6.768533229827881 -2.4749999046325684
v -2.259999990463257 0.5821333527565002 2.4749999046325684
v 2.259999990463257 0.5821333527565002 2.4749999046325684
v 2.259999990463257 6.768533229827881 2.4749999046325684
v -2.259999990463257 0.5821333527565002 2.4749999046325684
v 2.259999990463257 6.768533229827881 2.4749999046325684
v -2.259999990463257 6.768533229827881 2.4749999046325684
v -2.299999952316284 0.5821333527565002 -2.434999942779541
v -2.259999990463257 0.5426667332649231 -2.434999942779541
v -2.259999990463257 0.5426667332649231 2.434999942779541
v -2.299999952316284 0.5821333527565002 -2.434999942779541
v -2.259999990463257 0.5426667332649231 2.434999942779541
v -2.299999952316284 0.5821333527565002 2.434999942779541
v -2.299999952316284 6.768533229827881 -2.434999942779541
v -2.259999990463257 6.808000087738037 2.434999942779541
v -2.259999990463257 6.808000087738037 -2.434999942779541
v -2.299999952316284 6.768533229827881 -2.434999942779541
v -2.299999952316284 6.768533229827881 2.434999942779541
v -2.259999990463257 6.808000087738037 2.434999942779541
v 2.299999952316284 0.5821333527565002 -2.434999942779541
v 2.259999990463257 0.5426667332649231 2.434999942779541
v 2.259999990463257 0.5426667332649231 -2.434999942779541
v 2.299999952316284 0.5821333527565002 -2.434999942779541
v 2.299999952316284 0.5821333527565002 2.434999942779541
v 2.259999990463257 0.5426667332649231 2.434999942779541
v 2.299999952316284 6.768533229827881 -2.434999942779541
v 2.259999990463257 6.808000087738037 -2.434999942779541
v 2.259999990463257 6.808000087738037 2.434999942779541
v 2.299999952316284 6.768533229827881 -2.434999942779541
v 2.259999990463257 6.808000087738037 2.434999942779541
v 2.299999952316284 6.768533229827881 2.434999942779541
v -2.299999952316284 0.5821333527565002 -2.434999942779541
v -2.259999990463257 6.768533229827881 -2.4749999046325684
v -2.259999990463257 0.5821333527565002 -2.4749999046325684
v -2.299999952316284 0.5821333527565002 -2.434999942779541
v -2.299999952316284 6.768533229827881 -2.434999942779541
v -2.259999990463257 6.768533229827881 -2.4749999046325684
v -2.299999952316284 0.5821333527565002 2.434999942779541
v -2.259999990463257 0.5821333527565002 2.4749999046325684
v -2.259999990463257 6.768533229827881 2.4749999046325684
v -2.299999952316284 0.5821333527565002 2.434999942779541
v -2.259999990463257 6.768533229827881 2.4749999046325684
v -2.299999952316284 6.768533229827881 2.434999942779541
v 2.299999952316284 0.5821333527565002 -2.434999942779541
v 2.259999990463257 0.5821333527565002 -2.4749999046325684
v 2.259999990463257 6.768533229827881 -2.4749999046325684
v 2.299999952316284 0.5821333527565002 -2.434999942779541
v 2.259999990463257 6.768533229827881 -2.4749999046325684
v 2.299999952316284 6.768533229827881 -2.434999942779541
v 2.299999952316284 0.5821333527565002 2.434999942779541
v 2.259999990463257 6.768533229827881 2.4749999046325684
v 2.259999990463257 0.5821333527565002 2.4749999046325684
v 2.299999952316284 0.5821333527565002 2.434999942779541
v 2.299999952316284 6.768533229827881 2.434999942779541
v 2.259999990463257 6.768533229827881 2.4749999046325684
v -2.259999990463257 0.5426667332649231 -2.434999942779541
v -2.259999990463257 0.5821333527565002 -2.4749999046325684
v 2.259999990463257 0.5821333527565002 -2.4749999046325684
v -2.259999990463257 0.5426667332649231 -2.434999942779541
v 2.259999990463257 0.5821333527565002 -2.4749999046325684
v 2.259999990463257 0.5426667332649231 -2.434999942779541
v -2.259999990463257 0.5426667332649231 2.434999942779541
v 2.259999990463257 0.5821333527565002 2.4749999046325684
v -2.259999990463257 0.5821333527565002 2.4749999046325684
v -2.259999990463257 0.5426667332649231 2.434999942779541
v 2.259999990463257 0.5426667332649231 2.434999942779541
v 2.259999990463257 0.5821333527565002 2.4749999046325684
v -2.259999990463257 6.808000087738037 -2.434999942779541
v 2.259999990463257 6.768533229827881 -2.4749999046325684
v -2.259999990463257 6.768533229827881 -2.4749999046325684
v -2.259999990463257 6.808000087738037 -2.434999942779541
v 2.259999990463257 6.808000087738037 -2.434999942779541
v 2.259999990463257 6.768533229827881 -2.4749999046325684
v -2.259999990463257 6.808000087738037 2.434999942779541
v -2.259999990463257 6.768533229827881 2.4749999046325684
v 2.259999990463257 6.768533229827881 2.4749999046325684
v -2.259999990463257 6.808000087738037 2.434999942779541
v 2.259999990463257 6.768533229827881 2.4749999046325684
v 2.259999990463257 6.808000087738037 2.434999942779541
v -2.299999952316284 0.5821333527565002 -2.434999942779541
v -2.259999990463257 0.5821333527565002 -2.4749999046325684
v -2.259999990463257 0.5426667332649231 -2.434999942779541
v -2.299999952316284 0.5821333527565002 2.434999942779541
v -2.259999990463257 0.5426667332649231 2.434999942779541
v -2.259999990463257 0.5821333527565002 2.4749999046325684
v -2.299999952316284 6.768533229827881 -2.434999942779541
v -2.259999990463257 6.808000087738037 -2.434999942779541
v -2.259999990463257 6.768533229827881 -2.4749999046325684
v -2.299999952316284 6.768533229827881 2.434999942779541
v -2.259999990463257 6.768533229827881 2.4749999046325684
v -2.259999990463257 6.808000087738037 2.434999942779541
v 2.299999952316284 0.5821333527565002 -2.434999942779541
v 2.259999990463257 0.5426667332649231 -2.434999942779541
v 2.259999990463257 0.5821333527565002 -2.4749999046325684
v 2.299999952316284 0.5821333527565002 2.434999942779541
v 2.259999990463257 0.5821333527565002 2.4749999046325684
v 2.259999990463257 0.5426667332649231 2.434999942779541
v 2.299999952316284 6.768533229827881 -2.434999942779541
v 2.259999990463257 6.768533229827881 -2.4749999046325684
v 2.259999990463257 6.808000087738037 -2.434999942779541
v 2.299999952316284 6.768533229827881 2.434999942779541
v 2.259999990463257 6.808000087738037 2.434999942779541
v 2.259999990463257 6.768533229827881 2.4749999046325684
vn -1 0 0
vn -1 0 0
vn -1 0 0
vn -1 0 0
vn -1 0 0
vn -1 0 0
vn 1 0 0
vn 1 0 0
vn 1 0 0
vn 1 0 0
vn 1 0 0
vn 1 0 0
vn 0 -1 0
vn 0 -1 0
vn 0 -1 0
vn 0 -1 0
vn 0 -1 0
vn 0 -1 0
vn 0 1 0
vn 0 1 0
vn 0 1 0
vn 0 1 0
vn 0 1 0
vn 0 1 0
vn 0 0 -1
vn 0 0 -1
vn 0 0 -1
vn 0 0 -1
vn 0 0 -1
vn 0 0 -1
vn 0 0 1
vn 0 0 1
vn 0 0 1
vn 0 0 1
vn 0 0 1
vn 0 0 1
vn -0.702345313818491 -0.7118363998540714 0
vn -0.702345313818491 -0.7118363998540714 0
vn -0.702345313818491 -0.7118363998540714 0
vn -0.702345313818491 -0.7118363998540714 0
vn -0.702345313818491 -0.7118363998540714 0
vn -0.702345313818491 -0.7118363998540714 0
vn -0.702345313818491 0.7118363998540714 0
vn -0.702345313818491 0.7118363998540714 0
vn -0.702345313818491 0.7118363998540714 0
vn -0.702345313818491 0.7118363998540714 0
vn -0.702345313818491 0.7118363998540714 0
vn -0.702345313818491 0.7118363998540714 0
vn 0.702345313818491 -0.7118363998540714 0
vn 0.702345313818491 -0.7118363998540714 0
vn 0.702345313818491 -0.7118363998540714 0
vn 0.702345313818491 -0.7118363998540714 0
vn 0.702345313818491 -0.7118363998540714 0
vn 0.702345313818491 -0.7118363998540714 0
vn 0.702345313818491 0.7118363998540714 0
vn 0.702345313818491 0.7118363998540714 0
vn 0.702345313818491 0.7118363998540714 0
vn 0.702345313818491 0.7118363998540714 0
vn 0.702345313818491 0.7118363998540714 0
vn 0.702345313818491 0.7118363998540714 0
vn -0.7071068109888685 0 -0.7071067513842252
vn -0.7071068109888685 0 -0.7071067513842252
vn -0.7071068109888685 0 -0.7071067513842252
vn -0.7071068109888685 0 -0.7071067513842252
vn -0.7071068109888685 0 -0.7071067513842252
vn -0.7071068109888685 0 -0.7071067513842252
vn -0.7071068109888685 0 0.7071067513842252
vn -0.7071068109888685 0 0.7071067513842252
vn -0.7071068109888685 0 0.7071067513842252
vn -0.7071068109888685 0 0.7071067513842252
vn -0.7071068109888685 0 0.7071067513842252
vn -0.7071068109888685 0 0.7071067513842252
vn 0.7071068109888685 0 -0.7071067513842252
vn 0.7071068109888685 0 -0.7071067513842252
vn 0.7071068109888685 0 -0.7071067513842252
vn 0.7071068109888685 0 -0.7071067513842252
vn 0.7071068109888685 0 -0.7071067513842252
vn 0.7071068109888685 0 -0.7071067513842252
vn 0.7071068109888685 0 0.7071067513842252
vn 0.7071068109888685 0 0.7071067513842252
vn 0.7071068109888685 0 0.7071067513842252
vn 0.7071068109888685 0 0.7071067513842252
vn 0.7071068109888685 0 0.7071067513842252
vn 0.7071068109888685 0 0.7071067513842252
vn 0 -0.7118364590560189 -0.7023452538165178
vn 0 -0.7118364590560189 -0.7023452538165178
vn 0 -0.7118364590560189 -0.7023452538165178
vn 0 -0.7118364590560189 -0.7023452538165178
vn 0 -0.7118364590560189 -0.7023452538165178
vn 0 -0.7118364590560189 -0.7023452538165178
vn 0 -0.7118364590560189 0.7023452538165178
vn 0 -0.7118364590560189 0.7023452538165178
vn 0 -0.7118364590560189 0.7023452538165178
vn 0 -0.7118364590560189 0.7023452538165178
vn 0 -0.7118364590560189 0.7023452538165178
vn 0 -0.7118364590560189 0.7023452538165178
vn 0 0.7118364590560189 -0.7023452538165178
vn 0 0.7118364590560189 -0.7023452538165178
vn 0 0.7118364590560189 -0.7023452538165178
vn 0 0.7118364590560189 -0.7023452538165178
vn 0 0.7118364590560189 -0.7023452538165178
vn 0 0.7118364590560189 -0.7023452538165178
vn 0 0.7118364590560189 0.7023452538165178
vn 0 0.7118364590560189 0.7023452538165178
vn 0 0.7118364590560189 0.7023452538165178
vn 0 0.7118364590560189 0.7023452538165178
vn 0 0.7118364590560189 0.7023452538165178
vn 0 0.7118364590560189 0.7023452538165178
vn -0.5747497118449976 -0.5825166143413302 -0.5747496522403525
vn -0.5747497118449976 -0.5825166143413302 -0.5747496522403525
vn -0.5747497118449976 -0.5825166143413302 -0.5747496522403525
vn -0.5747497118449976 -0.5825166143413302 0.5747496522403525
vn -0.5747497118449976 -0.5825166143413302 0.5747496522403525
vn -0.5747497118449976 -0.5825166143413302 0.5747496522403525
vn -0.5747497118449976 0.5825166143413302 -0.5747496522403525
vn -0.5747497118449976 0.5825166143413302 -0.5747496522403525
vn -0.5747497118449976 0.5825166143413302 -0.5747496522403525
vn -0.5747497118449976 0.5825166143413302 0.5747496522403525
vn -0.5747497118449976 0.5825166143413302 0.5747496522403525
vn -0.5747497118449976 0.5825166143413302 0.5747496522403525
vn 0.5747497118449976 -0.5825166143413302 -0.5747496522403525
vn 0.5747497118449976 -0.5825166143413302 -0.5747496522403525
vn 0.5747497118449976 -0.5825166143413302 -0.5747496522403525
vn 0.5747497118449976 -0.5825166143413302 0.5747496522403525
vn 0.5747497118449976 -0.5825166143413302 0.5747496522403525
vn 0.5747497118449976 -0.5825166143413302 0.5747496522403525
vn 0.5747497118449976 0.5825166143413302 -0.5747496522403525
vn 0.5747497118449976 0.5825166143413302 -0.5747496522403525
vn 0.5747497118449976 0.5825166143413302 -0.5747496522403525
vn 0.5747497118449976 0.5825166143413302 0.5747496522403525
vn 0.5747497118449976 0.5825166143413302 0.5747496522403525
vn 0.5747497118449976 0.5825166143413302 0.5747496522403525
f 133//133 134//134 135//135
f 136//136 137//137 138//138
f 139//139 140//140 141//141
f 142//142 143//143 144//144
f 145//145 146//146 147//147
f 148//148 149//149 150//150
f 151//151 152//152 153//153
f 154//154 155//155 156//156
f 157//157 158//158 159//159
f 160//160 161//161 162//162
f 163//163 164//164 165//165
f 166//166 167//167 168//168
f 169//169 170//170 171//171
f 172//172 173//173 174//174
f 175//175 176//176 177//177
f 178//178 179//179 180//180
f 181//181 182//182 183//183
f 184//184 185//185 186//186
f 187//187 188//188 189//189
f 190//190 191//191 192//192
f 193//193 194//194 195//195
f 196//196 197//197 198//198
f 199//199 200//200 201//201
f 202//202 203//203 204//204
f 205//205 206//206 207//207
f 208//208 209//209 210//210
f 211//211 212//212 213//213
f 214//214 215//215 216//216
f 217//217 218//218 219//219
f 220//220 221//221 222//222
f 223//223 224//224 225//225
f 226//226 227//227 228//228
f 229//229 230//230 231//231
f 232//232 233//233 234//234
f 235//235 236//236 237//237
f 238//238 239//239 240//240
f 241//241 242//242 243//243
f 244//244 245//245 246//246
f 247//247 248//248 249//249
f 250//250 251//251 252//252
f 253//253 254//254 255//255
f 256//256 257//257 258//258
f 259//259 260//260 261//261
f 262//262 263//263 264//264
o belt_course
usemtl cream
v -2.424999952316284 3.275733232498169 -2.569999933242798
v -2.424999952316284 3.4335999488830566 2.569999933242798
v -2.424999952316284 3.4335999488830566 -2.569999933242798
v -2.424999952316284 3.275733232498169 -2.569999933242798
v -2.424999952316284 3.275733232498169 2.569999933242798
v -2.424999952316284 3.4335999488830566 2.569999933242798
v 2.424999952316284 3.275733232498169 -2.569999933242798
v 2.424999952316284 3.4335999488830566 -2.569999933242798
v 2.424999952316284 3.4335999488830566 2.569999933242798
v 2.424999952316284 3.275733232498169 -2.569999933242798
v 2.424999952316284 3.4335999488830566 2.569999933242798
v 2.424999952316284 3.275733232498169 2.569999933242798
v -2.3949999809265137 3.246133327484131 -2.569999933242798
v 2.3949999809265137 3.246133327484131 -2.569999933242798
v 2.3949999809265137 3.246133327484131 2.569999933242798
v -2.3949999809265137 3.246133327484131 -2.569999933242798
v 2.3949999809265137 3.246133327484131 2.569999933242798
v -2.3949999809265137 3.246133327484131 2.569999933242798
v -2.3949999809265137 3.463200092315674 -2.569999933242798
v 2.3949999809265137 3.463200092315674 2.569999933242798
v 2.3949999809265137 3.463200092315674 -2.569999933242798
v -2.3949999809265137 3.463200092315674 -2.569999933242798
v -2.3949999809265137 3.463200092315674 2.569999933242798
v 2.3949999809265137 3.463200092315674 2.569999933242798
v -2.3949999809265137 3.275733232498169 -2.5999999046325684
v 2.3949999809265137 3.4335999488830566 -2.5999999046325684
v 2.3949999809265137 3.275733232498169 -2.5999999046325684
v -2.3949999809265137 3.275733232498169 -2.5999999046325684
v -2.3949999809265137 3.4335999488830566 -2.5999999046325684
v 2.3949999809265137 3.4335999488830566 -2.5999999046325684
v -2.3949999809265137 3.275733232498169 2.5999999046325684
v 2.3949999809265137 3.275733232498169 2.5999999046325684
v 2.3949999809265137 3.4335999488830566 2.5999999046325684
v -2.3949999809265137 3.275733232498169 2.5999999046325684
v 2.3949999809265137 3.4335999488830566 2.5999999046325684
v -2.3949999809265137 3.4335999488830566 2.5999999046325684
v -2.424999952316284 3.275733232498169 -2.569999933242798
v -2.3949999809265137 3.246133327484131 -2.569999933242798
v -2.3949999809265137 3.246133327484131 2.569999933242798
v -2.424999952316284 3.275733232498169 -2.569999933242798
v -2.3949999809265137 3.246133327484131 2.569999933242798
v -2.424999952316284 3.275733232498169 2.569999933242798
v -2.424999952316284 3.4335999488830566 -2.569999933242798
v -2.3949999809265137 3.463200092315674 2.569999933242798
v -2.3949999809265137 3.463200092315674 -2.569999933242798
v -2.424999952316284 3.4335999488830566 -2.569999933242798
v -2.424999952316284 3.4335999488830566 2.569999933242798
v -2.3949999809265137 3.463200092315674 2.569999933242798
v 2.424999952316284 3.275733232498169 -2.569999933242798
v 2.3949999809265137 3.246133327484131 2.569999933242798
v 2.3949999809265137 3.246133327484131 -2.569999933242798
v 2.424999952316284 3.275733232498169 -2.569999933242798
v 2.424999952316284 3.275733232498169 2.569999933242798
v 2.3949999809265137 3.246133327484131 2.569999933242798
v 2.424999952316284 3.4335999488830566 -2.569999933242798
v 2.3949999809265137 3.463200092315674 -2.569999933242798
v 2.3949999809265137 3.463200092315674 2.569999933242798
v 2.424999952316284 3.4335999488830566 -2.569999933242798
v 2.3949999809265137 3.463200092315674 2.569999933242798
v 2.424999952316284 3.4335999488830566 2.569999933242798
v -2.424999952316284 3.275733232498169 -2.569999933242798
v -2.3949999809265137 3.4335999488830566 -2.5999999046325684
v -2.3949999809265137 3.275733232498169 -2.5999999046325684
v -2.424999952316284 3.275733232498169 -2.569999933242798
v -2.424999952316284 3.4335999488830566 -2.569999933242798
v -2.3949999809265137 3.4335999488830566 -2.5999999046325684
v -2.424999952316284 3.275733232498169 2.569999933242798
v -2.3949999809265137 3.275733232498169 2.5999999046325684
v -2.3949999809265137 3.4335999488830566 2.5999999046325684
v -2.424999952316284 3.275733232498169 2.569999933242798
v -2.3949999809265137 3.4335999488830566 2.5999999046325684
v -2.424999952316284 3.4335999488830566 2.569999933242798
v 2.424999952316284 3.275733232498169 -2.569999933242798
v 2.3949999809265137 3.275733232498169 -2.5999999046325684
v 2.3949999809265137 3.4335999488830566 -2.5999999046325684
v 2.424999952316284 3.275733232498169 -2.569999933242798
v 2.3949999809265137 3.4335999488830566 -2.5999999046325684
v 2.424999952316284 3.4335999488830566 -2.569999933242798
v 2.424999952316284 3.275733232498169 2.569999933242798
v 2.3949999809265137 3.4335999488830566 2.5999999046325684
v 2.3949999809265137 3.275733232498169 2.5999999046325684
v 2.424999952316284 3.275733232498169 2.569999933242798
v 2.424999952316284 3.4335999488830566 2.569999933242798
v 2.3949999809265137 3.4335999488830566 2.5999999046325684
v -2.3949999809265137 3.246133327484131 -2.569999933242798
v -2.3949999809265137 3.275733232498169 -2.5999999046325684
v 2.3949999809265137 3.275733232498169 -2.5999999046325684
v -2.3949999809265137 3.246133327484131 -2.569999933242798
v 2.3949999809265137 3.275733232498169 -2.5999999046325684
v 2.3949999809265137 3.246133327484131 -2.569999933242798
v -2.3949999809265137 3.246133327484131 2.569999933242798
v 2.3949999809265137 3.275733232498169 2.5999999046325684
v -2.3949999809265137 3.275733232498169 2.5999999046325684
v -2.3949999809265137 3.246133327484131 2.569999933242798
v 2.3949999809265137 3.246133327484131 2.569999933242798
v 2.3949999809265137 3.275733232498169 2.5999999046325684
v -2.3949999809265137 3.463200092315674 -2.569999933242798
v 2.3949999809265137 3.4335999488830566 -2.5999999046325684
v -2.3949999809265137 3.4335999488830566 -2.5999999046325684
v -2.3949999809265137 3.463200092315674 -2.569999933242798
v 2.3949999809265137 3.463200092315674 -2.569999933242798
v 2.3949999809265137 3.4335999488830566 -2.5999999046325684
v -2.3949999809265137 3.463200092315674 2.569999933242798
v -2.3949999809265137 3.4335999488830566 2.5999999046325684
v 2.3949999809265137 3.4335999488830566 2.5999999046325684
v -2.3949999809265137 3.463200092315674 2.569999933242798
v 2.3949999809265137 3.4335999488830566 2.5999999046325684
v 2.3949999809265137 3.463200092315674 2.569999933242798
v -2.424999952316284 3.275733232498169 -2.569999933242798
v -2.3949999809265137 3.275733232498169 -2.5999999046325684
v -2.3949999809265137 3.246133327484131 -2.569999933242798
v -2.424999952316284 3.275733232498169 2.569999933242798
v -2.3949999809265137 3.246133327484131 2.569999933242798
v -2.3949999809265137 3.275733232498169 2.5999999046325684
v -2.424999952316284 3.4335999488830566 -2.569999933242798
v -2.3949999809265137 3.463200092315674 -2.569999933242798
v -2.3949999809265137 3.4335999488830566 -2.5999999046325684
v -2.424999952316284 3.4335999488830566 2.569999933242798
v -2.3949999809265137 3.4335999488830566 2.5999999046325684
v -2.3949999809265137 3.463200092315674 2.569999933242798
v 2.424999952316284 3.275733232498169 -2.569999933242798
v 2.3949999809265137 3.246133327484131 -2.569999933242798
v 2.3949999809265137 3.275733232498169 -2.5999999046325684
v 2.424999952316284 3.275733232498169 2.569999933242798
v 2.3949999809265137 3.275733232498169 2.5999999046325684
v 2.3949999809265137 3.246133327484131 2.569999933242798
v 2.424999952316284 3.4335999488830566 -2.569999933242798
v 2.3949999809265137 3.4335999488830566 -2.5999999046325684
v 2.3949999809265137 3.463200092315674 -2.569999933242798
v 2.424999952316284 3.4335999488830566 2.569999933242798
v 2.3949999809265137 3.463200092315674 2.569999933242798
v 2.3949999809265137 3.4335999488830566 2.5999999046325684
vn -1 0 0
vn -1 0 0
vn -1 0 0
vn -1 0 0
vn -1 0 0
vn -1 0 0
vn 1 0 0
vn 1 0 0
vn 1 0 0
vn 1 0 0
vn 1 0 0
vn 1 0 0
vn 0 -1 0
vn 0 -1 0
vn 0 -1 0
vn 0 -1 0
vn 0 -1 0
vn 0 -1 0
vn 0 1 0
vn 0 1 0
vn 0 1 0
vn 0 1 0
vn 0 1 0
vn 0 1 0
vn 0 0 -1
vn 0 0 -1
vn 0 0 -1
vn 0 0 -1
vn 0 0 -1
vn 0 0 -1
vn 0 0 1
vn 0 0 1
vn 0 0 1
vn 0 0 1
vn 0 0 1
vn 0 0 1
vn -0.7023456738302265 -0.7118360446422792 0
vn -0.7023456738302265 -0.7118360446422792 0
vn -0.7023456738302265 -0.7118360446422792 0
vn -0.7023456738302265 -0.7118360446422792 0
vn -0.7023456738302265 -0.7118360446422792 0
vn -0.7023456738302265 -0.7118360446422792 0
vn -0.7023456738302265 0.7118360446422792 0
vn -0.7023456738302265 0.7118360446422792 0
vn -0.7023456738302265 0.7118360446422792 0
vn -0.7023456738302265 0.7118360446422792 0
vn -0.7023456738302265 0.7118360446422792 0
vn -0.7023456738302265 0.7118360446422792 0
vn 0.7023456738302265 -0.7118360446422792 0
vn 0.7023456738302265 -0.7118360446422792 0
vn 0.7023456738302265 -0.7118360446422792 0
vn 0.7023456738302265 -0.7118360446422792 0
vn 0.7023456738302265 -0.7118360446422792 0
vn 0.7023456738302265 -0.7118360446422792 0
vn 0.7023456738302265 0.7118360446422792 0
vn 0.7023456738302265 0.7118360446422792 0
vn 0.7023456738302265 0.7118360446422792 0
vn 0.7023456738302265 0.7118360446422792 0
vn 0.7023456738302265 0.7118360446422792 0
vn 0.7023456738302265 0.7118360446422792 0
vn -0.7071068109888685 0 -0.7071067513842252
vn -0.7071068109888685 0 -0.7071067513842252
vn -0.7071068109888685 0 -0.7071067513842252
vn -0.7071068109888685 0 -0.7071067513842252
vn -0.7071068109888685 0 -0.7071067513842252
vn -0.7071068109888685 0 -0.7071067513842252
vn -0.7071068109888685 0 0.7071067513842252
vn -0.7071068109888685 0 0.7071067513842252
vn -0.7071068109888685 0 0.7071067513842252
vn -0.7071068109888685 0 0.7071067513842252
vn -0.7071068109888685 0 0.7071067513842252
vn -0.7071068109888685 0 0.7071067513842252
vn 0.7071068109888685 0 -0.7071067513842252
vn 0.7071068109888685 0 -0.7071067513842252
vn 0.7071068109888685 0 -0.7071067513842252
vn 0.7071068109888685 0 -0.7071067513842252
vn 0.7071068109888685 0 -0.7071067513842252
vn 0.7071068109888685 0 -0.7071067513842252
vn 0.7071068109888685 0 0.7071067513842252
vn 0.7071068109888685 0 0.7071067513842252
vn 0.7071068109888685 0 0.7071067513842252
vn 0.7071068109888685 0 0.7071067513842252
vn 0.7071068109888685 0 0.7071067513842252
vn 0.7071068109888685 0 0.7071067513842252
vn 0 -0.7118361038442574 -0.7023456138282829
vn 0 -0.7118361038442574 -0.7023456138282829
vn 0 -0.7118361038442574 -0.7023456138282829
vn 0 -0.7118361038442574 -0.7023456138282829
vn 0 -0.7118361038442574 -0.7023456138282829
vn 0 -0.7118361038442574 -0.7023456138282829
vn 0 -0.7118361038442574 0.7023456138282829
vn 0 -0.7118361038442574 0.7023456138282829
vn 0 -0.7118361038442574 0.7023456138282829
vn 0 -0.7118361038442574 0.7023456138282829
vn 0 -0.7118361038442574 0.7023456138282829
vn 0 -0.7118361038442574 0.7023456138282829
vn 0 0.7118361038442574 -0.7023456138282829
vn 0 0.7118361038442574 -0.7023456138282829
vn 0 0.7118361038442574 -0.7023456138282829
vn 0 0.7118361038442574 -0.7023456138282829
vn 0 0.7118361038442574 -0.7023456138282829
vn 0 0.7118361038442574 -0.7023456138282829
vn 0 0.7118361038442574 0.7023456138282829
vn 0 0.7118361038442574 0.7023456138282829
vn 0 0.7118361038442574 0.7023456138282829
vn 0 0.7118361038442574 0.7023456138282829
vn 0 0.7118361038442574 0.7023456138282829
vn 0 0.7118361038442574 0.7023456138282829
vn -0.5747498725657005 -0.5825162383757401 -0.5747498725657005
vn -0.5747498725657005 -0.5825162383757401 -0.5747498725657005
vn -0.5747498725657005 -0.5825162383757401 -0.5747498725657005
vn -0.5747498725657005 -0.5825162383757401 0.5747498725657005
vn -0.5747498725657005 -0.5825162383757401 0.5747498725657005
vn -0.5747498725657005 -0.5825162383757401 0.5747498725657005
vn -0.5747498725657005 0.5825162383757401 -0.5747498725657005
vn -0.5747498725657005 0.5825162383757401 -0.5747498725657005
vn -0.5747498725657005 0.5825162383757401 -0.5747498725657005
vn -0.5747498725657005 0.5825162383757401 0.5747498725657005
vn -0.5747498725657005 0.5825162383757401 0.5747498725657005
vn -0.5747498725657005 0.5825162383757401 0.5747498725657005
vn 0.5747498725657005 -0.5825162383757401 -0.5747498725657005
vn 0.5747498725657005 -0.5825162383757401 -0.5747498725657005
vn 0.5747498725657005 -0.5825162383757401 -0.5747498725657005
vn 0.5747498725657005 -0.5825162383757401 0.5747498725657005
vn 0.5747498725657005 -0.5825162383757401 0.5747498725657005
vn 0.5747498725657005 -0.5825162383757401 0.5747498725657005
vn 0.5747498725657005 0.5825162383757401 -0.5747498725657005
vn 0.5747498725657005 0.5825162383757401 -0.5747498725657005
vn 0.5747498725657005 0.5825162383757401 -0.5747498725657005
vn 0.5747498725657005 0.5825162383757401 0.5747498725657005
vn 0.5747498725657005 0.5825162383757401 0.5747498725657005
vn 0.5747498725657005 0.5825162383757401 0.5747498725657005
f 265//265 266//266 267//267
f 268//268 269//269 270//270
f 271//271 272//272 273//273
f 274//274 275//275 276//276
f 277//277 278//278 279//279
f 280//280 281//281 282//282
f 283//283 284//284 285//285
f 286//286 287//287 288//288
f 289//289 290//290 291//291
f 292//292 293//293 294//294
f 295//295 296//296 297//297
f 298//298 299//299 300//300
f 301//301 302//302 303//303
f 304//304 305//305 306//306
f 307//307 308//308 309//309
f 310//310 311//311 312//312
f 313//313 314//314 315//315
f 316//316 317//317 318//318
f 319//319 320//320 321//321
f 322//322 323//323 324//324
f 325//325 326//326 327//327
f 328//328 329//329 330//330
f 331//331 332//332 333//333
f 334//334 335//335 336//336
f 337//337 338//338 339//339
f 340//340 341//341 342//342
f 343//343 344//344 345//345
f 346//346 347//347 348//348
f 349//349 350//350 351//351
f 352//352 353//353 354//354
f 355//355 356//356 357//357
f 358//358 359//359 360//360
f 361//361 362//362 363//363
f 364//364 365//365 366//366
f 367//367 368//368 369//369
f 370//370 371//371 372//372
f 373//373 374//374 375//375
f 376//376 377//377 378//378
f 379//379 380//380 381//381
f 382//382 383//383 384//384
f 385//385 386//386 387//387
f 388//388 389//389 390//390
f 391//391 392//392 393//393
f 394//394 395//395 396//396
o clock_housing
usemtl cream
v -2.424999952316284 6.847466945648193 -2.5350000858306885
v -2.424999952316284 8.939199447631836 2.5350000858306885
v -2.424999952316284 8.939199447631836 -2.5350000858306885
v -2.424999952316284 6.847466945648193 -2.5350000858306885
v -2.424999952316284 6.847466945648193 2.5350000858306885
v -2.424999952316284 8.939199447631836 2.5350000858306885
v 2.424999952316284 6.847466945648193 -2.5350000858306885
v 2.424999952316284 8.939199447631836 -2.5350000858306885
v 2.424999952316284 8.939199447631836 2.5350000858306885
v 2.424999952316284 6.847466945648193 -2.5350000858306885
v 2.424999952316284 8.939199447631836 2.5350000858306885
v 2.424999952316284 6.847466945648193 2.5350000858306885
v -2.384999990463257 6.808000087738037 -2.5350000858306885
v 2.384999990463257 6.808000087738037 -2.5350000858306885
v 2.384999990463257 6.808000087738037 2.5350000858306885
v -2.384999990463257 6.808000087738037 -2.5350000858306885
v 2.384999990463257 6.808000087738037 2.5350000858306885
v -2.384999990463257 6.808000087738037 2.5350000858306885
v -2.384999990463257 8.978667259216309 -2.5350000858306885
v 2.384999990463257 8.978667259216309 2.5350000858306885
v 2.384999990463257 8.978667259216309 -2.5350000858306885
v -2.384999990463257 8.978667259216309 -2.5350000858306885
v -2.384999990463257 8.978667259216309 2.5350000858306885
v 2.384999990463257 8.978667259216309 2.5350000858306885
v -2.384999990463257 6.847466945648193 -2.575000047683716
v 2.384999990463257 8.939199447631836 -2.575000047683716
v 2.384999990463257 6.847466945648193 -2.575000047683716
v -2.384999990463257 6.847466945648193 -2.575000047683716
v -2.384999990463257 8.939199447631836 -2.575000047683716
v 2.384999990463257 8.939199447631836 -2.575000047683716
v -2.384999990463257 6.847466945648193 2.575000047683716
v 2.384999990463257 6.847466945648193 2.575000047683716
v 2.384999990463257 8.939199447631836 2.575000047683716
v -2.384999990463257 6.847466945648193 2.575000047683716
v 2.384999990463257 8.939199447631836 2.575000047683716
v -2.384999990463257 8.939199447631836 2.575000047683716
v -2.424999952316284 6.847466945648193 -2.5350000858306885
v -2.384999990463257 6.808000087738037 -2.5350000858306885
v -2.384999990463257 6.808000087738037 2.5350000858306885
v -2.424999952316284 6.847466945648193 -2.5350000858306885
v -2.384999990463257 6.808000087738037 2.5350000858306885
v -2.424999952316284 6.847466945648193 2.5350000858306885
v -2.424999952316284 8.939199447631836 -2.5350000858306885
v -2.384999990463257 8.978667259216309 2.5350000858306885
v -2.384999990463257 8.978667259216309 -2.5350000858306885
v -2.424999952316284 8.939199447631836 -2.5350000858306885
v -2.424999952316284 8.939199447631836 2.5350000858306885
v -2.384999990463257 8.978667259216309 2.5350000858306885
v 2.424999952316284 6.847466945648193 -2.5350000858306885
v 2.384999990463257 6.808000087738037 2.5350000858306885
v 2.384999990463257 6.808000087738037 -2.5350000858306885
v 2.424999952316284 6.847466945648193 -2.5350000858306885
v 2.424999952316284 6.847466945648193 2.5350000858306885
v 2.384999990463257 6.808000087738037 2.5350000858306885
v 2.424999952316284 8.939199447631836 -2.5350000858306885
v 2.384999990463257 8.978667259216309 -2.5350000858306885
v 2.384999990463257 8.978667259216309 2.5350000858306885
v 2.424999952316284 8.939199447631836 -2.5350000858306885
v 2.384999990463257 8.978667259216309 2.5350000858306885
v 2.424999952316284 8.939199447631836 2.5350000858306885
v -2.424999952316284 6.847466945648193 -2.5350000858306885
v -2.384999990463257 8.939199447631836 -2.575000047683716
v -2.384999990463257 6.847466945648193 -2.575000047683716
v -2.424999952316284 6.847466945648193 -2.5350000858306885
v -2.424999952316284 8.939199447631836 -2.5350000858306885
v -2.384999990463257 8.939199447631836 -2.575000047683716
v -2.424999952316284 6.847466945648193 2.5350000858306885
v -2.384999990463257 6.847466945648193 2.575000047683716
v -2.384999990463257 8.939199447631836 2.575000047683716
v -2.424999952316284 6.847466945648193 2.5350000858306885
v -2.384999990463257 8.939199447631836 2.575000047683716
v -2.424999952316284 8.939199447631836 2.5350000858306885
v 2.424999952316284 6.847466945648193 -2.5350000858306885
v 2.384999990463257 6.847466945648193 -2.575000047683716
v 2.384999990463257 8.939199447631836 -2.575000047683716
v 2.424999952316284 6.847466945648193 -2.5350000858306885
v 2.384999990463257 8.939199447631836 -2.575000047683716
v 2.424999952316284 8.939199447631836 -2.5350000858306885
v 2.424999952316284 6.847466945648193 2.5350000858306885
v 2.384999990463257 8.939199447631836 2.575000047683716
v 2.384999990463257 6.847466945648193 2.575000047683716
v 2.424999952316284 6.847466945648193 2.5350000858306885
v 2.424999952316284 8.939199447631836 2.5350000858306885
v 2.384999990463257 8.939199447631836 2.575000047683716
v -2.384999990463257 6.808000087738037 -2.5350000858306885
v -2.384999990463257 6.847466945648193 -2.575000047683716
v 2.384999990463257 6.847466945648193 -2.575000047683716
v -2.384999990463257 6.808000087738037 -2.5350000858306885
v 2.384999990463257 6.847466945648193 -2.575000047683716
v 2.384999990463257 6.808000087738037 -2.5350000858306885
v -2.384999990463257 6.808000087738037 2.5350000858306885
v 2.384999990463257 6.847466945648193 2.575000047683716
v -2.384999990463257 6.847466945648193 2.575000047683716
v -2.384999990463257 6.808000087738037 2.5350000858306885
v 2.384999990463257 6.808000087738037 2.5350000858306885
v 2.384999990463257 6.847466945648193 2.575000047683716
v -2.384999990463257 8.978667259216309 -2.5350000858306885
v 2.384999990463257 8.939199447631836 -2.575000047683716
v -2.384999990463257 8.939199447631836 -2.575000047683716
v -2.384999990463257 8.978667259216309 -2.5350000858306885
v 2.384999990463257 8.978667259216309 -2.5350000858306885
v 2.384999990463257 8.939199447631836 -2.575000047683716
v -2.384999990463257 8.978667259216309 2.5350000858306885
v -2.384999990463257 8.939199447631836 2.575000047683716
v 2.384999990463257 8.939199447631836 2.575000047683716
v -2.384999990463257 8.978667259216309 2.5350000858306885
v 2.384999990463257 8.939199447631836 2.575000047683716
v 2.384999990463257 8.978667259216309 2.5350000858306885
v -2.424999952316284 6.847466945648193 -2.5350000858306885
v -2.384999990463257 6.847466945648193 -2.575000047683716
v -2.384999990463257 6.808000087738037 -2.5350000858306885
v -2.424999952316284 6.847466945648193 2.5350000858306885
v -2.384999990463257 6.808000087738037 2.5350000858306885
v -2.384999990463257 6.847466945648193 2.575000047683716
v -2.424999952316284 8.939199447631836 -2.5350000858306885
v -2.384999990463257 8.978667259216309 -2.5350000858306885
v -2.384999990463257 8.939199447631836 -2.575000047683716
v -2.424999952316284 8.939199447631836 2.5350000858306885
v -2.384999990463257 8.939199447631836 2.575000047683716
v -2.384999990463257 8.978667259216309 2.5350000858306885
v 2.424999952316284 6.847466945648193 -2.5350000858306885
v 2.384999990463257 6.808000087738037 -2.5350000858306885
v 2.384999990463257 6.847466945648193 -2.575000047683716
v 2.424999952316284 6.847466945648193 2.5350000858306885
v 2.384999990463257 6.847466945648193 2.575000047683716
v 2.384999990463257 6.808000087738037 2.5350000858306885
v 2.424999952316284 8.939199447631836 -2.5350000858306885
v 2.384999990463257 8.939199447631836 -2.575000047683716
v 2.384999990463257 8.978667259216309 -2.5350000858306885
v 2.424999952316284 8.939199447631836 2.5350000858306885
v 2.384999990463257 8.978667259216309 2.5350000858306885
v 2.384999990463257 8.939199447631836 2.575000047683716
vn -1 0 0
vn -1 0 0
vn -1 0 0
vn -1 0 0
vn -1 0 0
vn -1 0 0
vn 1 0 0
vn 1 0 0
vn 1 0 0
vn 1 0 0
vn 1 0 0
vn 1 0 0
vn 0 -1 0
vn 0 -1 0
vn 0 -1 0
vn 0 -1 0
vn 0 -1 0
vn 0 -1 0
vn 0 1 0
vn 0 1 0
vn 0 1 0
vn 0 1 0
vn 0 1 0
vn 0 1 0
vn 0 0 -1
vn 0 0 -1
vn 0 0 -1
vn 0 0 -1
vn 0 0 -1
vn 0 0 -1
vn 0 0 1
vn 0 0 1
vn 0 0 1
vn 0 0 1
vn 0 0 1
vn 0 0 1
vn -0.7023463640535275 -0.7118353636205424 0
vn -0.7023463640535275 -0.7118353636205424 0
vn -0.7023463640535275 -0.7118353636205424 0
vn -0.7023463640535275 -0.7118353636205424 0
vn -0.7023463640535275 -0.7118353636205424 0
vn -0.7023463640535275 -0.7118353636205424 0
vn -0.7023463640535275 0.7118353636205424 0
vn -0.7023463640535275 0.7118353636205424 0
vn -0.7023463640535275 0.7118353636205424 0
vn -0.7023463640535275 0.7118353636205424 0
vn -0.7023463640535275 0.7118353636205424 0
vn -0.7023463640535275 0.7118353636205424 0
vn 0.7023463640535275 -0.7118353636205424 0
vn 0.7023463640535275 -0.7118353636205424 0
vn 0.7023463640535275 -0.7118353636205424 0
vn 0.7023463640535275 -0.7118353636205424 0
vn 0.7023463640535275 -0.7118353636205424 0
vn 0.7023463640535275 -0.7118353636205424 0
vn 0.7023463640535275 0.7118353636205424 0
vn 0.7023463640535275 0.7118353636205424 0
vn 0.7023463640535275 0.7118353636205424 0
vn 0.7023463640535275 0.7118353636205424 0
vn 0.7023463640535275 0.7118353636205424 0
vn 0.7023463640535275 0.7118353636205424 0
vn -0.7071068109888685 0 -0.7071067513842252
vn -0.7071068109888685 0 -0.7071067513842252
vn -0.7071068109888685 0 -0.7071067513842252
vn -0.7071068109888685 0 -0.7071067513842252
vn -0.7071068109888685 0 -0.7071067513842252
vn -0.7071068109888685 0 -0.7071067513842252
vn -0.7071068109888685 0 0.7071067513842252
vn -0.7071068109888685 0 0.7071067513842252
vn -0.7071068109888685 0 0.7071067513842252
vn -0.7071068109888685 0 0.7071067513842252
vn -0.7071068109888685 0 0.7071067513842252
vn -0.7071068109888685 0 0.7071067513842252
vn 0.7071068109888685 0 -0.7071067513842252
vn 0.7071068109888685 0 -0.7071067513842252
vn 0.7071068109888685 0 -0.7071067513842252
vn 0.7071068109888685 0 -0.7071067513842252
vn 0.7071068109888685 0 -0.7071067513842252
vn 0.7071068109888685 0 -0.7071067513842252
vn 0.7071068109888685 0 0.7071067513842252
vn 0.7071068109888685 0 0.7071067513842252
vn 0.7071068109888685 0 0.7071067513842252
vn 0.7071068109888685 0 0.7071067513842252
vn 0.7071068109888685 0 0.7071067513842252
vn 0.7071068109888685 0 0.7071067513842252
vn 0 -0.7118353934201811 -0.7023463338512816
vn 0 -0.7118353934201811 -0.7023463338512816
vn 0 -0.7118353934201811 -0.7023463338512816
vn 0 -0.7118353934201811 -0.7023463338512816
vn 0 -0.7118353934201811 -0.7023463338512816
vn 0 -0.7118353934201811 -0.7023463338512816
vn 0 -0.7118353934201811 0.7023463338512816
vn 0 -0.7118353934201811 0.7023463338512816
vn 0 -0.7118353934201811 0.7023463338512816
vn 0 -0.7118353934201811 0.7023463338512816
vn 0 -0.7118353934201811 0.7023463338512816
vn 0 -0.7118353934201811 0.7023463338512816
vn 0 0.7118353934201811 -0.7023463338512816
vn 0 0.7118353934201811 -0.7023463338512816
vn 0 0.7118353934201811 -0.7023463338512816
vn 0 0.7118353934201811 -0.7023463338512816
vn 0 0.7118353934201811 -0.7023463338512816
vn 0 0.7118353934201811 -0.7023463338512816
vn 0 0.7118353934201811 0.7023463338512816
vn 0 0.7118353934201811 0.7023463338512816
vn 0 0.7118353934201811 0.7023463338512816
vn 0 0.7118353934201811 0.7023463338512816
vn 0 0.7118353934201811 0.7023463338512816
vn 0 0.7118353934201811 0.7023463338512816
vn -0.5747503132123952 -0.5825154276412613 -0.5747502536077495
vn -0.5747503132123952 -0.5825154276412613 -0.5747502536077495
vn -0.5747503132123952 -0.5825154276412613 -0.5747502536077495
vn -0.5747503132123952 -0.5825154276412613 0.5747502536077495
vn -0.5747503132123952 -0.5825154276412613 0.5747502536077495
vn -0.5747503132123952 -0.5825154276412613 0.5747502536077495
vn -0.5747503132123952 0.5825154276412613 -0.5747502536077495
vn -0.5747503132123952 0.5825154276412613 -0.5747502536077495
vn -0.5747503132123952 0.5825154276412613 -0.5747502536077495
vn -0.5747503132123952 0.5825154276412613 0.5747502536077495
vn -0.5747503132123952 0.5825154276412613 0.5747502536077495
vn -0.5747503132123952 0.5825154276412613 0.5747502536077495
vn 0.5747503132123952 -0.5825154276412613 -0.5747502536077495
vn 0.5747503132123952 -0.5825154276412613 -0.5747502536077495
vn 0.5747503132123952 -0.5825154276412613 -0.5747502536077495
vn 0.5747503132123952 -0.5825154276412613 0.5747502536077495
vn 0.5747503132123952 -0.5825154276412613 0.5747502536077495
vn 0.5747503132123952 -0.5825154276412613 0.5747502536077495
vn 0.5747503132123952 0.5825154276412613 -0.5747502536077495
vn 0.5747503132123952 0.5825154276412613 -0.5747502536077495
vn 0.5747503132123952 0.5825154276412613 -0.5747502536077495
vn 0.5747503132123952 0.5825154276412613 0.5747502536077495
vn 0.5747503132123952 0.5825154276412613 0.5747502536077495
vn 0.5747503132123952 0.5825154276412613 0.5747502536077495
f 397//397 398//398 399//399
f 400//400 401//401 402//402
f 403//403 404//404 405//405
f 406//406 407//407 408//408
f 409//409 410//410 411//411
f 412//412 413//413 414//414
f 415//415 416//416 417//417
f 418//418 419//419 420//420
f 421//421 422//422 423//423
f 424//424 425//425 426//426
f 427//427 428//428 429//429
f 430//430 431//431 432//432
f 433//433 434//434 435//435
f 436//436 437//437 438//438
f 439//439 440//440 441//441
f 442//442 443//443 444//444
f 445//445 446//446 447//447
f 448//448 449//449 450//450
f 451//451 452//452 453//453
f 454//454 455//455 456//456
f 457//457 458//458 459//459
f 460//460 461//461 462//462
f 463//463 464//464 465//465
f 466//466 467//467 468//468
f 469//469 470//470 471//471
f 472//472 473//473 474//474
f 475//475 476//476 477//477
f 478//478 479//479 480//480
f 481//481 482//482 483//483
f 484//484 485//485 486//486
f 487//487 488//488 489//489
f 490//490 491//491 492//492
f 493//493 494//494 495//495
f 496//496 497//497 498//498
f 499//499 500//500 501//501
f 502//502 503//503 504//504
f 505//505 506//506 507//507
f 508//508 509//509 510//510
f 511//511 512//512 513//513
f 514//514 515//515 516//516
f 517//517 518//518 519//519
f 520//520 521//521 522//522
f 523//523 524//524 525//525
f 526//526 527//527 528//528
o cornice
usemtl cream
v -2.575000047683716 9.018134117126465 -2.684999942779541
v -2.575000047683716 9.235199928283691 2.684999942779541
v -2.575000047683716 9.235199928283691 -2.684999942779541
v -2.575000047683716 9.018134117126465 -2.684999942779541
v -2.575000047683716 9.018134117126465 2.684999942779541
v -2.575000047683716 9.235199928283691 2.684999942779541
v 2.575000047683716 9.018134117126465 -2.684999942779541
v 2.575000047683716 9.235199928283691 -2.684999942779541
v 2.575000047683716 9.235199928283691 2.684999942779541
v 2.575000047683716 9.018134117126465 -2.684999942779541
v 2.575000047683716 9.235199928283691 2.684999942779541
v 2.575000047683716 9.018134117126465 2.684999942779541
v -2.5350000858306885 8.978667259216309 -2.684999942779541
v 2.5350000858306885 8.978667259216309 -2.684999942779541
v 2.5350000858306885 8.978667259216309 2.684999942779541
v -2.5350000858306885 8.978667259216309 -2.684999942779541
v 2.5350000858306885 8.978667259216309 2.684999942779541
v -2.5350000858306885 8.978667259216309 2.684999942779541
v -2.5350000858306885 9.274665832519531 -2.684999942779541
v 2.5350000858306885 9.274665832519531 2.684999942779541
v 2.5350000858306885 9.274665832519531 -2.684999942779541
v -2.5350000858306885 9.274665832519531 -2.684999942779541
v -2.5350000858306885 9.274665832519531 2.684999942779541
v 2.5350000858306885 9.274665832519531 2.684999942779541
v -2.5350000858306885 9.018134117126465 -2.7249999046325684
v 2.5350000858306885 9.235199928283691 -2.7249999046325684
v 2.5350000858306885 9.018134117126465 -2.7249999046325684
v -2.5350000858306885 9.018134117126465 -2.7249999046325684
v -2.5350000858306885 9.235199928283691 -2.7249999046325684
v 2.5350000858306885 9.235199928283691 -2.7249999046325684
v -2.5350000858306885 9.018134117126465 2.7249999046325684
v 2.5350000858306885 9.018134117126465 2.7249999046325684
v 2.5350000858306885 9.235199928283691 2.7249999046325684
v -2.5350000858306885 9.018134117126465 2.7249999046325684
v 2.5350000858306885 9.235199928283691 2.7249999046325684
v -2.5350000858306885 9.235199928283691 2.7249999046325684
v -2.575000047683716 9.018134117126465 -2.684999942779541
v -2.5350000858306885 8.978667259216309 -2.684999942779541
v -2.5350000858306885 8.978667259216309 2.684999942779541
v -2.575000047683716 9.018134117126465 -2.684999942779541
v -2.5350000858306885 8.978667259216309 2.684999942779541
v -2.575000047683716 9.018134117126465 2.684999942779541
v -2.575000047683716 9.235199928283691 -2.684999942779541
v -2.5350000858306885 9.274665832519531 2.684999942779541
v -2.5350000858306885 9.274665832519531 -2.684999942779541
v -2.575000047683716 9.235199928283691 -2.684999942779541
v -2.575000047683716 9.235199928283691 2.684999942779541
v -2.5350000858306885 9.274665832519531 2.684999942779541
v 2.575000047683716 9.018134117126465 -2.684999942779541
v 2.5350000858306885 8.978667259216309 2.684999942779541
v 2.5350000858306885 8.978667259216309 -2.684999942779541
v 2.575000047683716 9.018134117126465 -2.684999942779541
v 2.575000047683716 9.018134117126465 2.684999942779541
v 2.5350000858306885 8.978667259216309 2.684999942779541
v 2.575000047683716 9.235199928283691 -2.684999942779541
v 2.5350000858306885 9.274665832519531 -2.684999942779541
v 2.5350000858306885 9.274665832519531 2.684999942779541
v 2.575000047683716 9.235199928283691 -2.684999942779541
v 2.5350000858306885 9.274665832519531 2.684999942779541
v 2.575000047683716 9.235199928283691 2.684999942779541
v -2.575000047683716 9.018134117126465 -2.684999942779541
v -2.5350000858306885 9.235199928283691 -2.7249999046325684
v -2.5350000858306885 9.018134117126465 -2.7249999046325684
v -2.575000047683716 9.018134117126465 -2.684999942779541
v -2.575000047683716 9.235199928283691 -2.684999942779541
v -2.5350000858306885 9.235199928283691 -2.7249999046325684
v -2.575000047683716 9.018134117126465 2.684999942779541
v -2.5350000858306885 9.018134117126465 2.7249999046325684
v -2.5350000858306885 9.235199928283691 2.7249999046325684
v -2.575000047683716 9.018134117126465 2.684999942779541
v -2.5350000858306885 9.235199928283691 2.7249999046325684
v -2.575000047683716 9.235199928283691 2.684999942779541
v 2.575000047683716 9.018134117126465 -2.684999942779541
v 2.5350000858306885 9.018134117126465 -2.7249999046325684
v 2.5350000858306885 9.235199928283691 -2.7249999046325684
v 2.575000047683716 9.018134117126465 -2.684999942779541
v 2.5350000858306885 9.235199928283691 -2.7249999046325684
v 2.575000047683716 9.235199928283691 -2.684999942779541
v 2.575000047683716 9.018134117126465 2.684999942779541
v 2.5350000858306885 9.235199928283691 2.7249999046325684
v 2.5350000858306885 9.018134117126465 2.7249999046325684
v 2.575000047683716 9.018134117126465 2.684999942779541
v 2.575000047683716 9.235199928283691 2.684999942779541
v 2.5350000858306885 9.235199928283691 2.7249999046325684
v -2.5350000858306885 8.978667259216309 -2.684999942779541
v -2.5350000858306885 9.018134117126465 -2.7249999046325684
v 2.5350000858306885 9.018134117126465 -2.7249999046325684
v -2.5350000858306885 8.978667259216309 -2.684999942779541
v 2.5350000858306885 9.018134117126465 -2.7249999046325684
v 2.5350000858306885 8.978667259216309 -2.684999942779541
v -2.5350000858306885 8.978667259216309 2.684999942779541
v 2.5350000858306885 9.018134117126465 2.7249999046325684
v -2.5350000858306885 9.018134117126465 2.7249999046325684
v -2.5350000858306885 8.978667259216309 2.684999942779541
v 2.5350000858306885 8.978667259216309 2.684999942779541
v 2.5350000858306885 9.018134117126465 2.7249999046325684
v -2.5350000858306885 9.274665832519531 -2.684999942779541
v 2.5350000858306885 9.235199928283691 -2.7249999046325684
v -2.5350000858306885 9.235199928283691 -2.7249999046325684
v -2.5350000858306885 9.274665832519531 -2.684999942779541
v 2.5350000858306885 9.274665832519531 -2.684999942779541
v 2.5350000858306885 9.235199928283691 -2.7249999046325684
v -2.5350000858306885 9.274665832519531 2.684999942779541
v -2.5350000858306885 9.235199928283691 2.7249999046325684
v 2.5350000858306885 9.235199928283691 2.7249999046325684
v -2.5350000858306885 9.274665832519531 2.684999942779541
v 2.5350000858306885 9.235199928283691 2.7249999046325684
v 2.5350000858306885 9.274665832519531 2.684999942779541
v -2.575000047683716 9.018134117126465 -2.684999942779541
v -2.5350000858306885 9.018134117126465 -2.7249999046325684
v -2.5350000858306885 8.978667259216309 -2.684999942779541
v -2.575000047683716 9.018134117126465 2.684999942779541
v -2.5350000858306885 8.978667259216309 2.684999942779541
v -2.5350000858306885 9.018134117126465 2.7249999046325684
v -2.575000047683716 9.235199928283691 -2.684999942779541
v -2.5350000858306885 9.274665832519531 -2.684999942779541
v -2.5350000858306885 9.235199928283691 -2.7249999046325684
v -2.575000047683716 9.235199928283691 2.684999942779541
v -2.5350000858306885 9.235199928283691 2.7249999046325684
v -2.5350000858306885 9.274665832519531 2.684999942779541
v 2.575000047683716 9.018134117126465 -2.684999942779541
v 2.5350000858306885 8.978667259216309 -2.684999942779541
v 2.5350000858306885 9.018134117126465 -2.7249999046325684
v 2.575000047683716 9.018134117126465 2.684999942779541
v 2.5350000858306885 9.018134117126465 2.7249999046325684
v 2.5350000858306885 8.978667259216309 2.684999942779541
v 2.575000047683716 9.235199928283691 -2.684999942779541
v 2.5350000858306885 9.235199928283691 -2.7249999046325684
v 2.5350000858306885 9.274665832519531 -2.684999942779541
v 2.575000047683716 9.235199928283691 2.684999942779541
v 2.5350000858306885 9.274665832519531 2.684999942779541
v 2.5350000858306885 9.235199928283691 2.7249999046325684
vn -1 0 0
vn -1 0 0
vn -1 0 0
vn -1 0 0
vn -1 0 0
vn -1 0 0
vn 1 0 0
vn 1 0 0
vn 1 0 0
vn 1 0 0
vn 1 0 0
vn 1 0 0
vn 0 -1 0
vn 0 -1 0
vn 0 -1 0
vn 0 -1 0
vn 0 -1 0
vn 0 -1 0
vn 0 1 0
vn 0 1 0
vn 0 1 0
vn 0 1 0
vn 0 1 0
vn 0 1 0
vn 0 0 -1
vn 0 0 -1
vn 0 0 -1
vn 0 0 -1
vn 0 0 -1
vn 0 0 -1
vn 0 0 1
vn 0 0 1
vn 0 0 1
vn 0 0 1
vn 0 0 1
vn 0 0 1
vn -0.7023456738302265 -0.7118360446422792 0
vn -0.7023456738302265 -0.7118360446422792 0
vn -0.7023456738302265 -0.7118360446422792 0
vn -0.7023456738302265 -0.7118360446422792 0
vn -0.7023456738302265 -0.7118360446422792 0
vn -0.7023456738302265 -0.7118360446422792 0
vn -0.7023456738302265 0.7118360446422792 0
vn -0.7023456738302265 0.7118360446422792 0
vn -0.7023456738302265 0.7118360446422792 0
vn -0.7023456738302265 0.7118360446422792 0
vn -0.7023456738302265 0.7118360446422792 0
vn -0.7023456738302265 0.7118360446422792 0
vn 0.7023456738302265 -0.7118360446422792 0
vn 0.7023456738302265 -0.7118360446422792 0
vn 0.7023456738302265 -0.7118360446422792 0
vn 0.7023456738302265 -0.7118360446422792 0
vn 0.7023456738302265 -0.7118360446422792 0
vn 0.7023456738302265 -0.7118360446422792 0
vn 0.7023456738302265 0.7118360446422792 0
vn 0.7023456738302265 0.7118360446422792 0
vn 0.7023456738302265 0.7118360446422792 0
vn 0.7023456738302265 0.7118360446422792 0
vn 0.7023456738302265 0.7118360446422792 0
vn 0.7023456738302265 0.7118360446422792 0
vn -0.7071068109888685 0 -0.7071067513842252
vn -0.7071068109888685 0 -0.7071067513842252
vn -0.7071068109888685 0 -0.7071067513842252
vn -0.7071068109888685 0 -0.7071067513842252
vn -0.7071068109888685 0 -0.7071067513842252
vn -0.7071068109888685 0 -0.7071067513842252
vn -0.7071068109888685 0 0.7071067513842252
vn -0.7071068109888685 0 0.7071067513842252
vn -0.7071068109888685 0 0.7071067513842252
vn -0.7071068109888685 0 0.7071067513842252
vn -0.7071068109888685 0 0.7071067513842252
vn -0.7071068109888685 0 0.7071067513842252
vn 0.7071068109888685 0 -0.7071067513842252
vn 0.7071068109888685 0 -0.7071067513842252
vn 0.7071068109888685 0 -0.7071067513842252
vn 0.7071068109888685 0 -0.7071067513842252
vn 0.7071068109888685 0 -0.7071067513842252
vn 0.7071068109888685 0 -0.7071067513842252
vn 0.7071068109888685 0 0.7071067513842252
vn 0.7071068109888685 0 0.7071067513842252
vn 0.7071068109888685 0 0.7071067513842252
vn 0.7071068109888685 0 0.7071067513842252
vn 0.7071068109888685 0 0.7071067513842252
vn 0.7071068109888685 0 0.7071067513842252
vn 0 -0.7118360446422792 -0.7023456738302265
vn 0 -0.7118360446422792 -0.7023456738302265
vn 0 -0.7118360446422792 -0.7023456738302265
vn 0 -0.7118360446422792 -0.7023456738302265
vn 0 -0.7118360446422792 -0.7023456738302265
vn 0 -0.7118360446422792 -0.7023456738302265
vn 0 -0.7118360446422792 0.7023456738302265
vn 0 -0.7118360446422792 0.7023456738302265
vn 0 -0.7118360446422792 0.7023456738302265
vn 0 -0.7118360446422792 0.7023456738302265
vn 0 -0.7118360446422792 0.7023456738302265
vn 0 -0.7118360446422792 0.7023456738302265
vn 0 0.7118360446422792 -0.7023456738302265
vn 0 0.7118360446422792 -0.7023456738302265
vn 0 0.7118360446422792 -0.7023456738302265
vn 0 0.7118360446422792 -0.7023456738302265
vn 0 0.7118360446422792 -0.7023456738302265
vn 0 0.7118360446422792 -0.7023456738302265
vn 0 0.7118360446422792 0.7023456738302265
vn 0 0.7118360446422792 0.7023456738302265
vn 0 0.7118360446422792 0.7023456738302265
vn 0 0.7118360446422792 0.7023456738302265
vn 0 0.7118360446422792 0.7023456738302265
vn 0 0.7118360446422792 0.7023456738302265
vn -0.5747499523921022 -0.5825161396614542 -0.5747498927874568
vn -0.5747499523921022 -0.5825161396614542 -0.5747498927874568
vn -0.5747499523921022 -0.5825161396614542 -0.5747498927874568
vn -0.5747499523921022 -0.5825161396614542 0.5747498927874568
vn -0.5747499523921022 -0.5825161396614542 0.5747498927874568
vn -0.5747499523921022 -0.5825161396614542 0.5747498927874568
vn -0.5747499523921022 0.5825161396614542 -0.5747498927874568
vn -0.5747499523921022 0.5825161396614542 -0.5747498927874568
vn -0.5747499523921022 0.5825161396614542 -0.5747498927874568
vn -0.5747499523921022 0.5825161396614542 0.5747498927874568
vn -0.5747499523921022 0.5825161396614542 0.5747498927874568
vn -0.5747499523921022 0.5825161396614542 0.5747498927874568
vn 0.5747499523921022 -0.5825161396614542 -0.5747498927874568
vn 0.5747499523921022 -0.5825161396614542 -0.5747498927874568
vn 0.5747499523921022 -0.5825161396614542 -0.5747498927874568
vn 0.5747499523921022 -0.5825161396614542 0.5747498927874568
vn 0.5747499523921022 -0.5825161396614542 0.5747498927874568
vn 0.5747499523921022 -0.5825161396614542 0.5747498927874568
vn 0.5747499523921022 0.5825161396614542 -0.5747498927874568
vn 0.5747499523921022 0.5825161396614542 -0.5747498927874568
vn 0.5747499523921022 0.5825161396614542 -0.5747498927874568
vn 0.5747499523921022 0.5825161396614542 0.5747498927874568
vn 0.5747499523921022 0.5825161396614542 0.5747498927874568
vn 0.5747499523921022 0.5825161396614542 0.5747498927874568
f 529//529 530//530 531//531
f 532//532 533//533 534//534
f 535//535 536//536 537//537
f 538//538 539//539 540//540
f 541//541 542//542 543//543
f 544//544 545//545 546//546
f 547//547 548//548 549//549
f 550//550 551//551 552//552
f 553//553 554//554 555//555
f 556//556 557//557 558//558
f 559//559 560//560 561//561
f 562//562 563//563 564//564
f 565//565 566//566 567//567
f 568//568 569//569 570//570
f 571//571 572//572 573//573
f 574//574 575//575 576//576
f 577//577 578//578 579//579
f 580//580 581//581 582//582
f 583//583 584//584 585//585
f 586//586 587//587 588//588
f 589//589 590//590 591//591
f 592//592 593//593 594//594
f 595//595 596//596 597//597
f 598//598 599//599 600//600
f 601//601 602//602 603//603
f 604//604 605//605 606//606
f 607//607 608//608 609//609
f 610//610 611//611 612//612
f 613//613 614//614 615//615
f 616//616 617//617 618//618
f 619//619 620//620 621//621
f 622//622 623//623 624//624
f 625//625 626//626 627//627
f 628//628 629//629 630//630
f 631//631 632//632 633//633
f 634//634 635//635 636//636
f 637//637 638//638 639//639
f 640//640 641//641 642//642
f 643//643 644//644 645//645
f 646//646 647//647 648//648
f 649//649 650//650 651//651
f 652//652 653//653 654//654
f 655//655 656//656 657//657
f 658//658 659//659 660//660
o roof
usemtl teal
v 0 10.803999900817871 0
v 0 10.803999900817871 0
v 0 10.803999900817871 0
v 0 10.803999900817871 0
v 0 10.803999900817871 0
v 2.5455844402313232 9.274665832519531 2.5455844402313232
v 2.5455844402313232 9.274665832519531 -2.5455844402313232
v -2.5455844402313232 9.274665832519531 -2.5455844402313232
v -2.5455844402313232 9.274665832519531 2.5455844402313232
v 2.5455844402313232 9.274665832519531 2.5455844402313232
v 0 9.274665832519531 0
v 0 9.274665832519531 0
v 0 9.274665832519531 0
v 0 9.274665832519531 0
v 2.5455844402313232 9.274665832519531 2.5455844402313232
v 2.5455844402313232 9.274665832519531 -2.5455844402313232
v -2.5455844402313232 9.274665832519531 -2.5455844402313232
v -2.5455844402313232 9.274665832519531 2.5455844402313232
v 2.5455844402313232 9.274665832519531 2.5455844402313232
vt 0 1
vt 0.25 1
vt 0.5 1
vt 0.75 1
vt 1 1
vt 0 0
vt 0.25 0
vt 0.5 0
vt 0.75 0
vt 1 0
vt 0.5 0.5
vt 0.5 0.5
vt 0.5 0.5
vt 0.5 0.5
vt 1 0.5
vt 0.5 0
vt 0 0.5
vt 0.5 1
vt 1 0.5
vn 0.2764761116797755 0.92039226384236 0.2764761116797755
vn 0.2764761116797755 0.92039226384236 -0.2764761116797755
vn -0.2764761116797755 0.92039226384236 -0.2764761116797755
vn -0.2764761116797755 0.92039226384236 0.2764761116797755
vn 0.2764761116797755 0.92039226384236 0.2764761116797755
vn 0.2764761116797755 0.92039226384236 0.2764761116797755
vn 0.2764761116797755 0.92039226384236 -0.2764761116797755
vn -0.2764761116797755 0.92039226384236 -0.2764761116797755
vn -0.2764761116797755 0.92039226384236 0.2764761116797755
vn 0.2764761116797755 0.92039226384236 0.2764761116797755
vn 0 -1 0
vn 0 -1 0
vn 0 -1 0
vn 0 -1 0
vn 0 -1 0
vn 0 -1 0
vn 0 -1 0
vn 0 -1 0
vn 0 -1 0
f 666/6/666 667/7/667 662/2/662
f 667/7/667 668/8/668 663/3/663
f 668/8/668 669/9/669 664/4/664
f 669/9/669 670/10/670 665/5/665
f 676/16/676 675/15/675 671/11/671
f 677/17/677 676/16/676 672/12/672
f 678/18/678 677/17/677 673/13/673
f 679/19/679 678/18/678 674/14/674
o finial
usemtl gold
v 0 11.100000381469727 0.06000000238418579
v 0.04242640733718872 11.100000381469727 0.04242640733718872
v 0.059999994933605194 11.100000381469727 3.673940475037442e-18
v 0.04242640733718872 11.100000381469727 -0.04242640733718872
v 7.347880950074885e-18 11.100000381469727 -0.06000000238418579
v -0.04242640733718872 11.100000381469727 -0.04242640733718872
v -0.059999994933605194 11.100000381469727 -1.102182101152202e-17
v -0.04242640733718872 11.100000381469727 0.04242640733718872
v -1.469576190014977e-17 11.100000381469727 0.06000000238418579
v 0 10.705333709716797 0.1599999964237213
v 0.11313707381486893 10.705333709716797 0.11313708871603012
v 0.1599999964237213 10.705333709716797 9.797174324372975e-18
v 0.11313707381486893 10.705333709716797 -0.11313708871603012
v 1.959434864874595e-17 10.705333709716797 -0.1599999964237213
v -0.11313707381486893 10.705333709716797 -0.11313708871603012
v -0.1599999964237213 10.705333709716797 -2.939152380029954e-17
v -0.11313707381486893 10.705333709716797 0.11313708871603012
v -3.91886972974919e-17 10.705333709716797 0.1599999964237213
v 0 11.100000381469727 0
v 0 11.100000381469727 0
v 0 11.100000381469727 0
v 0 11.100000381469727 0
v 0 11.100000381469727 0
v 0 11.100000381469727 0
v 0 11.100000381469727 0
v 0 11.100000381469727 0
v 0 11.100000381469727 0.06000000238418579
v 0.04242640733718872 11.100000381469727 0.04242640733718872
v 0.059999994933605194 11.100000381469727 3.673940475037442e-18
v 0.04242640733718872 11.100000381469727 -0.04242640733718872
v 7.347880950074885e-18 11.100000381469727 -0.06000000238418579
v -0.04242640733718872 11.100000381469727 -0.04242640733718872
v -0.059999994933605194 11.100000381469727 -1.102182101152202e-17
v -0.04242640733718872 11.100000381469727 0.04242640733718872
v -1.469576190014977e-17 11.100000381469727 0.06000000238418579
v 0 10.705333709716797 0
v 0 10.705333709716797 0
v 0 10.705333709716797 0
v 0 10.705333709716797 0
v 0 10.705333709716797 0
v 0 10.705333709716797 0
v 0 10.705333709716797 0
v 0 10.705333709716797 0
v 0 10.705333709716797 0.1599999964237213
v 0.11313707381486893 10.705333709716797 0.11313708871603012
v 0.1599999964237213 10.705333709716797 9.797174324372975e-18
v 0.11313707381486893 10.705333709716797 -0.11313708871603012
v 1.959434864874595e-17 10.705333709716797 -0.1599999964237213
v -0.11313707381486893 10.705333709716797 -0.11313708871603012
v -0.1599999964237213 10.705333709716797 -2.939152380029954e-17
v -0.11313707381486893 10.705333709716797 0.11313708871603012
v -3.91886972974919e-17 10.705333709716797 0.1599999964237213
vt 0 1
vt 0.125 1
vt 0.25 1
vt 0.375 1
vt 0.5 1
vt 0.625 1
vt 0.75 1
vt 0.875 1
vt 1 1
vt 0 0
vt 0.125 0
vt 0.25 0
vt 0.375 0
vt 0.5 0
vt 0.625 0
vt 0.75 0
vt 0.875 0
vt 1 0
vt 0.5 0.5
vt 0.5 0.5
vt 0.5 0.5
vt 0.5 0.5
vt 0.5 0.5
vt 0.5 0.5
vt 0.5 0.5
vt 0.5 0.5
vt 1 0.5
vt 0.8535534143447876 0.8535534143447876
vt 0.5 1
vt 0.1464466154575348 0.8535534143447876
vt 0 0.5
vt 0.1464466154575348 0.1464466154575348
vt 0.5 0
vt 0.8535534143447876 0.1464466154575348
vt 1 0.5
vt 0.5 0.5
vt 0.5 0.5
vt 0.5 0.5
vt 0.5 0.5
vt 0.5 0.5
vt 0.5 0.5
vt 0.5 0.5
vt 0.5 0.5
vt 1 0.5
vt 0.8535534143447876 0.1464466154575348
vt 0.5 0
vt 0.1464466154575348 0.1464466154575348
vt 0 0.5
vt 0.1464466154575348 0.8535534143447876
vt 0.5 1
vt 0.8535534143447876 0.8535534143447876
vt 1 0.5
vn 0 0.24561666234447435 0.9693670384218563
vn 0.6854460383777474 0.24561664979401696 0.6854459787731013
vn 0.9693670419697139 0.24561664834226338 5.935660891921771e-17
vn 0.6854460383777474 0.24561664979401696 -0.6854459787731013
vn 1.1871323063883817e-16 0.24561666234447435 -0.9693670384218563
vn -0.6854460383777474 0.24561664979401696 -0.6854459787731013
vn -0.9693670419697139 0.24561664834226338 -1.7806983337509815e-16
vn -0.6854460383777474 0.24561664979401696 0.6854459787731013
vn -2.3742646127767634e-16 0.24561666234447435 0.9693670384218563
vn 0 0.24561666234447435 0.9693670384218563
vn 0.6854460383777474 0.24561664979401696 0.6854459787731013
vn 0.9693670419697139 0.24561664834226338 5.935660891921771e-17
vn 0.6854460383777474 0.24561664979401696 -0.6854459787731013
vn 1.1871323063883817e-16 0.24561666234447435 -0.9693670384218563
vn -0.6854460383777474 0.24561664979401696 -0.6854459787731013
vn -0.9693670419697139 0.24561664834226338 -1.7806983337509815e-16
vn -0.6854460383777474 0.24561664979401696 0.6854459787731013
vn -2.3742646127767634e-16 0.24561666234447435 0.9693670384218563
vn 0 1 0
vn 0 1 0
vn 0 1 0
vn 0 1 0
vn 0 1 0
vn 0 1 0
vn 0 1 0
vn 0 1 0
vn 0 1 0
vn 0 1 0
vn 0 1 0
vn 0 1 0
vn 0 1 0
vn 0 1 0
vn 0 1 0
vn 0 1 0
vn 0 1 0
vn 0 -1 0
vn 0 -1 0
vn 0 -1 0
vn 0 -1 0
vn 0 -1 0
vn 0 -1 0
vn 0 -1 0
vn 0 -1 0
vn 0 -1 0
vn 0 -1 0
vn 0 -1 0
vn 0 -1 0
vn 0 -1 0
vn 0 -1 0
vn 0 -1 0
vn 0 -1 0
vn 0 -1 0
f 680/20/680 689/29/689 681/21/681
f 689/29/689 690/30/690 681/21/681
f 681/21/681 690/30/690 682/22/682
f 690/30/690 691/31/691 682/22/682
f 682/22/682 691/31/691 683/23/683
f 691/31/691 692/32/692 683/23/683
f 683/23/683 692/32/692 684/24/684
f 692/32/692 693/33/693 684/24/684
f 684/24/684 693/33/693 685/25/685
f 693/33/693 694/34/694 685/25/685
f 685/25/685 694/34/694 686/26/686
f 694/34/694 695/35/695 686/26/686
f 686/26/686 695/35/695 687/27/687
f 695/35/695 696/36/696 687/27/687
f 687/27/687 696/36/696 688/28/688
f 696/36/696 697/37/697 688/28/688
f 706/46/706 707/47/707 698/38/698
f 707/47/707 708/48/708 699/39/699
f 708/48/708 709/49/709 700/40/700
f 709/49/709 710/50/710 701/41/701
f 710/50/710 711/51/711 702/42/702
f 711/51/711 712/52/712 703/43/703
f 712/52/712 713/53/713 704/44/704
f 713/53/713 714/54/714 705/45/705
f 724/64/724 723/63/723 715/55/715
f 725/65/725 724/64/724 716/56/716
f 726/66/726 725/65/725 717/57/717
f 727/67/727 726/66/726 718/58/718
f 728/68/728 727/67/727 719/59/719
f 729/69/729 728/68/728 720/60/720
f 730/70/730 729/69/729 721/61/721
f 731/71/731 730/70/730 722/62/722
o clock_rim_front
usemtl gold
v 0 6.827733516693115 2.6500000953674316
v 0.3337383568286896 6.879887580871582 2.6500000953674316
v 0.6348080635070801 7.03124475479126 2.6500000953674316
v 0.8737382888793945 7.266989231109619 2.6500000953674316
v 1.0271410942077637 7.564044952392578 2.6500000953674316
v 1.0800000429153442 7.893333435058594 2.6500000953674316
v 1.0271410942077637 8.22262191772461 2.6500000953674316
v 0.8737382888793945 8.51967716217041 2.6500000953674316
v 0.6348080635070801 8.75542163848877 2.6500000953674316
v 0.3337383568286896 8.906779289245605 2.6500000953674316
v 1.3226185213826425e-16 8.958932876586914 2.6500000953674316
v -0.3337383568286896 8.906779289245605 2.6500000953674316
v -0.6348080635070801 8.75542163848877 2.6500000953674316
v -0.8737382888793945 8.51967716217041 2.6500000953674316
v -1.0271410942077637 8.22262191772461 2.6500000953674316
v -1.0800000429153442 7.893333435058594 2.6500000953674316
v -1.0271410942077637 7.564044952392578 2.6500000953674316
v -0.8737382888793945 7.266989231109619 2.6500000953674316
v -0.6348080635070801 7.03124475479126 2.6500000953674316
v -0.3337383568286896 6.879887580871582 2.6500000953674316
v -2.645237042765285e-16 6.827733516693115 2.6500000953674316
v 0 6.827733516693115 2.549999952316284
v 0.3337383568286896 6.879887580871582 2.549999952316284
v 0.6348080635070801 7.03124475479126 2.549999952316284
v 0.8737382888793945 7.266989231109619 2.549999952316284
v 1.0271410942077637 7.564044952392578 2.549999952316284
v 1.0800000429153442 7.893333435058594 2.549999952316284
v 1.0271410942077637 8.22262191772461 2.549999952316284
v 0.8737382888793945 8.51967716217041 2.549999952316284
v 0.6348080635070801 8.75542163848877 2.549999952316284
v 0.3337383568286896 8.906779289245605 2.549999952316284
v 1.3226185213826425e-16 8.958932876586914 2.549999952316284
v -0.3337383568286896 8.906779289245605 2.549999952316284
v -0.6348080635070801 8.75542163848877 2.549999952316284
v -0.8737382888793945 8.51967716217041 2.549999952316284
v -1.0271410942077637 8.22262191772461 2.549999952316284
v -1.0800000429153442 7.893333435058594 2.549999952316284
v -1.0271410942077637 7.564044952392578 2.549999952316284
v -0.8737382888793945 7.266989231109619 2.549999952316284
v -0.6348080635070801 7.03124475479126 2.549999952316284
v -0.3337383568286896 6.879887580871582 2.549999952316284
v -2.645237042765285e-16 6.827733516693115 2.549999952316284
v 0 7.893333435058594 2.6500000953674316
v 0 7.893333435058594 2.6500000953674316
v 0 7.893333435058594 2.6500000953674316
v 0 7.893333435058594 2.6500000953674316
v 0 7.893333435058594 2.6500000953674316
v 0 7.893333435058594 2.6500000953674316
v 0 7.893333435058594 2.6500000953674316
v 0 7.893333435058594 2.6500000953674316
v 0 7.893333435058594 2.6500000953674316
v 0 7.893333435058594 2.6500000953674316
v 0 7.893333435058594 2.6500000953674316
v 0 7.893333435058594 2.6500000953674316
v 0 7.893333435058594 2.6500000953674316
v 0 7.893333435058594 2.6500000953674316
v 0 7.893333435058594 2.6500000953674316
v 0 7.893333435058594 2.6500000953674316
v 0 7.893333435058594 2.6500000953674316
v 0 7.893333435058594 2.6500000953674316
v 0 7.893333435058594 2.6500000953674316
v 0 7.893333435058594 2.6500000953674316
v 0 6.827733516693115 2.6500000953674316
v 0.3337383568286896 6.879887580871582 2.6500000953674316
v 0.6348080635070801 7.03124475479126 2.6500000953674316
v 0.8737382888793945 7.266989231109619 2.6500000953674316
v 1.0271410942077637 7.564044952392578 2.6500000953674316
v 1.0800000429153442 7.893333435058594 2.6500000953674316
v 1.0271410942077637 8.22262191772461 2.6500000953674316
v 0.8737382888793945 8.51967716217041 2.6500000953674316
v 0.6348080635070801 8.75542163848877 2.6500000953674316
v 0.3337383568286896 8.906779289245605 2.6500000953674316
v 1.3226185213826425e-16 8.958932876586914 2.6500000953674316
v -0.3337383568286896 8.906779289245605 2.6500000953674316
v -0.6348080635070801 8.75542163848877 2.6500000953674316
v -0.8737382888793945 8.51967716217041 2.6500000953674316
v -1.0271410942077637 8.22262191772461 2.6500000953674316
v -1.0800000429153442 7.893333435058594 2.6500000953674316
v -1.0271410942077637 7.564044952392578 2.6500000953674316
v -0.8737382888793945 7.266989231109619 2.6500000953674316
v -0.6348080635070801 7.03124475479126 2.6500000953674316
v -0.3337383568286896 6.879887580871582 2.6500000953674316
v -2.645237042765285e-16 6.827733516693115 2.6500000953674316
v 0 7.893333435058594 2.549999952316284
v 0 7.893333435058594 2.549999952316284
v 0 7.893333435058594 2.549999952316284
v 0 7.893333435058594 2.549999952316284
v 0 7.893333435058594 2.549999952316284
v 0 7.893333435058594 2.549999952316284
v 0 7.893333435058594 2.549999952316284
v 0 7.893333435058594 2.549999952316284
v 0 7.893333435058594 2.549999952316284
v 0 7.893333435058594 2.549999952316284
v 0 7.893333435058594 2.549999952316284
v 0 7.893333435058594 2.549999952316284
v 0 7.893333435058594 2.549999952316284
v 0 7.893333435058594 2.549999952316284
v 0 7.893333435058594 2.549999952316284
v 0 7.893333435058594 2.549999952316284
v 0 7.893333435058594 2.549999952316284
v 0 7.893333435058594 2.549999952316284
v 0 7.893333435058594 2.549999952316284
v 0 7.893333435058594 2.549999952316284
v 0 6.827733516693115 2.549999952316284
v 0.3337383568286896 6.879887580871582 2.549999952316284
v 0.6348080635070801 7.03124475479126 2.549999952316284
v 0.8737382888793945 7.266989231109619 2.549999952316284
v 1.0271410942077637 7.564044952392578 2.549999952316284
v 1.0800000429153442 7.893333435058594 2.549999952316284
v 1.0271410942077637 8.22262191772461 2.549999952316284
v 0.8737382888793945 8.51967716217041 2.549999952316284
v 0.6348080635070801 8.75542163848877 2.549999952316284
v 0.3337383568286896 8.906779289245605 2.549999952316284
v 1.3226185213826425e-16 8.958932876586914 2.549999952316284
v -0.3337383568286896 8.906779289245605 2.549999952316284
v -0.6348080635070801 8.75542163848877 2.549999952316284
v -0.8737382888793945 8.51967716217041 2.549999952316284
v -1.0271410942077637 8.22262191772461 2.549999952316284
v -1.0800000429153442 7.893333435058594 2.549999952316284
v -1.0271410942077637 7.564044952392578 2.549999952316284
v -0.8737382888793945 7.266989231109619 2.549999952316284
v -0.6348080635070801 7.03124475479126 2.549999952316284
v -0.3337383568286896 6.879887580871582 2.549999952316284
v -2.645237042765285e-16 6.827733516693115 2.549999952316284
vt 0 1
vt 0.05000000074505806 1
vt 0.10000000149011612 1
vt 0.15000000596046448 1
vt 0.20000000298023224 1
vt 0.25 1
vt 0.30000001192092896 1
vt 0.3499999940395355 1
vt 0.4000000059604645 1
vt 0.44999998807907104 1
vt 0.5 1
vt 0.550000011920929 1
vt 0.6000000238418579 1
vt 0.6499999761581421 1
vt 0.699999988079071 1
vt 0.75 1
vt 0.800000011920929 1
vt 0.8500000238418579 1
vt 0.8999999761581421 1
vt 0.949999988079071 1
vt 1 1
vt 0 0
vt 0.05000000074505806 0
vt 0.10000000149011612 0
vt 0.15000000596046448 0
vt 0.20000000298023224 0
vt 0.25 0
vt 0.30000001192092896 0
vt 0.3499999940395355 0
vt 0.4000000059604645 0
vt 0.44999998807907104 0
vt 0.5 0
vt 0.550000011920929 0
vt 0.6000000238418579 0
vt 0.6499999761581421 0
vt 0.699999988079071 0
vt 0.75 0
vt 0.800000011920929 0
vt 0.8500000238418579 0
vt 0.8999999761581421 0
vt 0.949999988079071 0
vt 1 0
vt 0.5 0.5
vt 0.5 0.5
vt 0.5 0.5
vt 0.5 0.5
vt 0.5 0.5
vt 0.5 0.5
vt 0.5 0.5
vt 0.5 0.5
vt 0.5 0.5
vt 0.5 0.5
vt 0.5 0.5
vt 0.5 0.5
vt 0.5 0.5
vt 0.5 0.5
vt 0.5 0.5
vt 0.5 0.5
vt 0.5 0.5
vt 0.5 0.5
vt 0.5 0.5
vt 0.5 0.5
vt 1 0.5
vt 0.9755282402038574 0.6545084714889526
vt 0.9045084714889526 0.7938926219940186
vt 0.7938926219940186 0.9045084714889526
vt 0.6545084714889526 0.9755282402038574
vt 0.5 1
vt 0.345491498708725 0.9755282402038574
vt 0.20610737800598145 0.9045084714889526
vt 0.09549150615930557 0.7938926219940186
vt 0.024471741169691086 0.6545084714889526
vt 0 0.5
vt 0.024471741169691086 0.345491498708725
vt 0.09549150615930557 0.20610737800598145
vt 0.20610737800598145 0.09549150615930557
vt 0.345491498708725 0.024471741169691086
vt 0.5 0
vt 0.6545084714889526 0.024471741169691086
vt 0.7938926219940186 0.09549150615930557
vt 0.9045084714889526 0.20610737800598145
vt 0.9755282402038574 0.345491498708725
vt 1 0.5
vt 0.5 0.5
vt 0.5 0.5
vt 0.5 0.5
vt 0.5 0.5
vt 0.5 0.5
vt 0.5 0.5
vt 0.5 0.5
vt 0.5 0.5
vt 0.5 0.5
vt 0.5 0.5
vt 0.5 0.5
vt 0.5 0.5
vt 0.5 0.5
vt 0.5 0.5
vt 0.5 0.5
vt 0.5 0.5
vt 0.5 0.5
vt 0.5 0.5
vt 0.5 0.5
vt 0.5 0.5
vt 1 0.5
vt 0.9755282402038574 0.345491498708725
vt 0.9045084714889526 0.20610737800598145
vt 0.7938926219940186 0.09549150615930557
vt 0.6545084714889526 0.024471741169691086
vt 0.5 0
vt 0.345491498708725 0.024471741169691086
vt 0.20610737800598145 0.09549150615930557
vt 0.09549150615930557 0.20610737800598145
vt 0.024471741169691086 0.345491498708725
vt 0 0.5
vt 0.024471741169691086 0.6545084714889526
vt 0.09549150615930557 0.7938926219940186
vt 0.20610737800598145 0.9045084714889526
vt 0.345491498708725 0.9755282402038574
vt 0.5 1
vt 0.6545084714889526 0.9755282402038574
vt 0.7938926219940186 0.9045084714889526
vt 0.9045084714889526 0.7938926219940186
vt 0.9755282402038574 0.6545084714889526
vt 1 0.5
vn 0 -1 2.1908399978125091e-16
vn 0.3052831300230676 -0.9522616292402623 2.0862528748686333e-16
vn 0.5826201982958424 -0.8127445506047477 1.7805932058567349e-16
vn 0.8052409475060471 -0.5929477350151219 1.299053697393723e-16
vn 0.9498233667575002 -0.3127867835466311 6.852658578634693e-17
vn 1 -6.205980779194214e-17 1.3596309858379894e-32
vn 0.9498233667575002 0.3127867835466311 -6.852658578634693e-17
vn 0.8052409475060471 0.5929477350151219 -1.299053697393723e-16
vn 0.5826201982958424 0.8127445506047477 -1.7805932058567349e-16
vn 0.3052831300230676 0.9522616292402623 -2.0862528748686333e-16
vn 1.208318307293371e-16 1 -2.1908399978125091e-16
vn -0.3052831300230676 0.9522616292402623 -2.0862528748686333e-16
vn -0.5826201982958424 0.8127445506047477 -1.7805932058567349e-16
vn -0.8052409475060471 0.5929477350151219 -1.299053697393723e-16
vn -0.9498233667575002 0.3127867835466311 -6.852658578634693e-17
vn -1 1.8617940352349171e-16 -4.0788928105771744e-32
vn -0.9498233667575002 -0.3127867835466311 6.852658578634693e-17
vn -0.8052409475060471 -0.5929477350151219 1.299053697393723e-16
vn -0.5826201982958424 -0.8127445506047477 1.7805932058567349e-16
vn -0.3052831300230676 -0.9522616292402623 2.0862528748686333e-16
vn -2.416636614586742e-16 -1 2.1908399978125091e-16
vn 0 -1 2.1908399978125091e-16
vn 0.3052831300230676 -0.9522616292402623 2.0862528748686333e-16
vn 0.5826201982958424 -0.8127445506047477 1.7805932058567349e-16
vn 0.8052409475060471 -0.5929477350151219 1.299053697393723e-16
vn 0.9498233667575002 -0.3127867835466311 6.852658578634693e-17
vn 1 -6.205980779194214e-17 1.3596309858379894e-32
vn 0.9498233667575002 0.3127867835466311 -6.852658578634693e-17
vn 0.8052409475060471 0.5929477350151219 -1.299053697393723e-16
vn 0.5826201982958424 0.8127445506047477 -1.7805932058567349e-16
vn 0.3052831300230676 0.9522616292402623 -2.0862528748686333e-16
vn 1.208318307293371e-16 1 -2.1908399978125091e-16
vn -0.3052831300230676 0.9522616292402623 -2.0862528748686333e-16
vn -0.5826201982958424 0.8127445506047477 -1.7805932058567349e-16
vn -0.8052409475060471 0.5929477350151219 -1.299053697393723e-16
vn -0.9498233667575002 0.3127867835466311 -6.852658578634693e-17
vn -1 1.8617940352349171e-16 -4.0788928105771744e-32
vn -0.9498233667575002 -0.3127867835466311 6.852658578634693e-17
vn -0.8052409475060471 -0.5929477350151219 1.299053697393723e-16
vn -0.5826201982958424 -0.8127445506047477 1.7805932058567349e-16
vn -0.3052831300230676 -0.9522616292402623 2.0862528748686333e-16
vn -2.416636614586742e-16 -1 2.1908399978125091e-16
vn 0 2.2504521914067967e-16 1
vn 0 2.2504521914067967e-16 1
vn 0 2.2504521914067967e-16 1
vn 0 2.2504521914067967e-16 1
vn 0 2.2504521914067967e-16 1
vn 0 2.2504521914067967e-16 1
vn 0 2.2504521914067967e-16 1
vn 0 2.2504521914067967e-16 1
vn 0 2.2504521914067967e-16 1
vn 0 2.2504521914067967e-16 1
vn 0 2.2504521914067967e-16 1
vn 0 2.2504521914067967e-16 1
vn 0 2.2504521914067967e-16 1
vn 0 2.2504521914067967e-16 1
vn 0 2.2504521914067967e-16 1
vn 0 2.2504521914067967e-16 1
vn 0 2.2504521914067967e-16 1
vn 0 2.2504521914067967e-16 1
vn 0 2.2504521914067967e-16 1
vn 0 2.2504521914067967e-16 1
vn 0 2.2504521914067967e-16 1
vn 0 2.2504521914067967e-16 1
vn 0 2.2504521914067967e-16 1
vn 0 2.2504521914067967e-16 1
vn 0 2.2504521914067967e-16 1
vn 0 2.2504521914067967e-16 1
vn 0 2.2504521914067967e-16 1
vn 0 2.2504521914067967e-16 1
vn 0 2.2504521914067967e-16 1
vn 0 2.2504521914067967e-16 1
vn 0 2.2504521914067967e-16 1
vn 0 2.2504521914067967e-16 1
vn 0 2.2504521914067967e-16 1
vn 0 2.2504521914067967e-16 1
vn 0 2.2504521914067967e-16 1
vn 0 2.2504521914067967e-16 1
vn 0 2.2504521914067967e-16 1
vn 0 2.2504521914067967e-16 1
vn 0 2.2504521914067967e-16 1
vn 0 2.2504521914067967e-16 1
vn 0 2.2504521914067967e-16 1
vn 0 -2.2504521914067967e-16 -1
vn 0 -2.2504521914067967e-16 -1
vn 0 -2.2504521914067967e-16 -1
vn 0 -2.2504521914067967e-16 -1
vn 0 -2.2504521914067967e-16 -1
vn 0 -2.2504521914067967e-16 -1
vn 0 -2.2504521914067967e-16 -1
vn 0 -2.2504521914067967e-16 -1
vn 0 -2.2504521914067967e-16 -1
vn 0 -2.2504521914067967e-16 -1
vn 0 -2.2504521914067967e-16 -1
vn 0 -2.2504521914067967e-16 -1
vn 0 -2.2504521914067967e-16 -1
vn 0 -2.2504521914067967e-16 -1
vn 0 -2.2504521914067967e-16 -1
vn 0 -2.2504521914067967e-16 -1
vn 0 -2.2504521914067967e-16 -1
vn 0 -2.2504521914067967e-16 -1
vn 0 -2.2504521914067967e-16 -1
vn 0 -2.2504521914067967e-16 -1
vn 0 -2.2504521914067967e-16 -1
vn 0 -2.2504521914067967e-16 -1
vn 0 -2.2504521914067967e-16 -1
vn 0 -2.2504521914067967e-16 -1
vn 0 -2.2504521914067967e-16 -1
vn 0 -2.2504521914067967e-16 -1
vn 0 -2.2504521914067967e-16 -1
vn 0 -2.2504521914067967e-16 -1
vn 0 -2.2504521914067967e-16 -1
vn 0 -2.2504521914067967e-16 -1
vn 0 -2.2504521914067967e-16 -1
vn 0 -2.2504521914067967e-16 -1
vn 0 -2.2504521914067967e-16 -1
vn 0 -2.2504521914067967e-16 -1
vn 0 -2.2504521914067967e-16 -1
vn 0 -2.2504521914067967e-16 -1
vn 0 -2.2504521914067967e-16 -1
vn 0 -2.2504521914067967e-16 -1
vn 0 -2.2504521914067967e-16 -1
vn 0 -2.2504521914067967e-16 -1
vn 0 -2.2504521914067967e-16 -1
f 732/72/732 753/93/753 733/73/733
f 753/93/753 754/94/754 733/73/733
f 733/73/733 754/94/754 734/74/734
f 754/94/754 755/95/755 734/74/734
f 734/74/734 755/95/755 735/75/735
f 755/95/755 756/96/756 735/75/735
f 735/75/735 756/96/756 736/76/736
f 756/96/756 757/97/757 736/76/736
f 736/76/736 757/97/757 737/77/737
f 757/97/757 758/98/758 737/77/737
f 737/77/737 758/98/758 738/78/738
f 758/98/758 759/99/759 738/78/738
f 738/78/738 759/99/759 739/79/739
f 759/99/759 760/100/760 739/79/739
f 739/79/739 760/100/760 740/80/740
f 760/100/760 761/101/761 740/80/740
f 740/80/740 761/101/761 741/81/741
f 761/101/761 762/102/762 741/81/741
f 741/81/741 762/102/762 742/82/742
f 762/102/762 763/103/763 742/82/742
f 742/82/742 763/103/763 743/83/743
f 763/103/763 764/104/764 743/83/743
f 743/83/743 764/104/764 744/84/744
f 764/104/764 765/105/765 744/84/744
f 744/84/744 765/105/765 745/85/745
f 765/105/765 766/106/766 745/85/745
f 745/85/745 766/106/766 746/86/746
f 766/106/766 767/107/767 746/86/746
f 746/86/746 767/107/767 747/87/747
f 767/107/767 768/108/768 747/87/747
f 747/87/747 768/108/768 748/88/748
f 768/108/768 769/109/769 748/88/748
f 748/88/748 769/109/769 749/89/749
f 769/109/769 770/110/770 749/89/749
f 749/89/749 770/110/770 750/90/750
f 770/110/770 771/111/771 750/90/750
f 750/90/750 771/111/771 751/91/751
f 771/111/771 772/112/772 751/91/751
f 751/91/751 772/112/772 752/92/752
f 772/112/772 773/113/773 752/92/752
f 794/134/794 795/135/795 774/114/774
f 795/135/795 796/136/796 775/115/775
f 796/136/796 797/137/797 776/116/776
f 797/137/797 798/138/798 777/117/777
f 798/138/798 799/139/799 778/118/778
f 799/139/799 800/140/800 779/119/779
f 800/140/800 801/141/801 780/120/780
f 801/141/801 802/142/802 781/121/781
f 802/142/802 803/143/803 782/122/782
f 803/143/803 804/144/804 783/123/783
f 804/144/804 805/145/805 784/124/784
f 805/145/805 806/146/806 785/125/785
f 806/146/806 807/147/807 786/126/786
f 807/147/807 808/148/808 787/127/787
f 808/148/808 809/149/809 788/128/788
f 809/149/809 810/150/810 789/129/789
f 810/150/810 811/151/811 790/130/790
f 811/151/811 812/152/812 791/131/791
f 812/152/812 813/153/813 792/132/792
f 813/153/813 814/154/814 793/133/793
f 836/176/836 835/175/835 815/155/815
f 837/177/837 836/176/836 816/156/816
f 838/178/838 837/177/837 817/157/817
f 839/179/839 838/178/838 818/158/818
f 840/180/840 839/179/839 819/159/819
f 841/181/841 840/180/840 820/160/820
f 842/182/842 841/181/841 821/161/821
f 843/183/843 842/182/842 822/162/822
f 844/184/844 843/183/843 823/163/823
f 845/185/845 844/184/844 824/164/824
f 846/186/846 845/185/845 825/165/825
f 847/187/847 846/186/846 826/166/826
f 848/188/848 847/187/847 827/167/827
f 849/189/849 848/188/848 828/168/828
f 850/190/850 849/189/849 829/169/829
f 851/191/851 850/190/850 830/170/830
f 852/192/852 851/191/851 831/171/831
f 853/193/853 852/192/852 832/172/832
f 854/194/854 853/193/853 833/173/833
f 855/195/855 854/194/854 834/174/834
o clock_face_front
usemtl cream
v 0 6.985599994659424 2.690000057220459
v 0.2842956483364105 7.030027866363525 2.690000057220459
v 0.5407624244689941 7.158961772918701 2.690000057220459
v 0.7442956566810608 7.359781265258789 2.690000057220459
v 0.8749719262123108 7.612828254699707 2.690000057220459
v 0.9199999570846558 7.893333435058594 2.690000057220459
v 0.8749719262123108 8.17383861541748 2.690000057220459
v 0.7442956566810608 8.426884651184082 2.690000057220459
v 0.5407624244689941 8.627705574035645 2.690000057220459
v 0.2842956483364105 8.75663948059082 2.690000057220459
v 1.1266750514387952e-16 8.801066398620605 2.690000057220459
v -0.2842956483364105 8.75663948059082 2.690000057220459
v -0.5407624244689941 8.627705574035645 2.690000057220459
v -0.7442956566810608 8.426884651184082 2.690000057220459
v -0.8749719262123108 8.17383861541748 2.690000057220459
v -0.9199999570846558 7.893333435058594 2.690000057220459
v -0.8749719262123108 7.612828254699707 2.690000057220459
v -0.7442956566810608 7.359781265258789 2.690000057220459
v -0.5407624244689941 7.158961772918701 2.690000057220459
v -0.2842956483364105 7.030027866363525 2.690000057220459
v -2.2533501028775904e-16 6.985599994659424 2.690000057220459
v 0 6.985599994659424 2.569999933242798
v 0.2842956483364105 7.030027866363525 2.569999933242798
v 0.5407624244689941 7.158961772918701 2.569999933242798
v 0.7442956566810608 7.359781265258789 2.569999933242798
v 0.8749719262123108 7.612828254699707 2.569999933242798
v 0.9199999570846558 7.893333435058594 2.569999933242798
v 0.8749719262123108 8.17383861541748 2.569999933242798
v 0.7442956566810608 8.426884651184082 2.569999933242798
v 0.5407624244689941 8.627705574035645 2.569999933242798
v 0.2842956483364105 8.75663948059082 2.569999933242798
v 1.1266750514387952e-16 8.801066398620605 2.569999933242798
v -0.2842956483364105 8.75663948059082 2.569999933242798
v -0.5407624244689941 8.627705574035645 2.569999933242798
v -0.7442956566810608 8.426884651184082 2.569999933242798
v -0.8749719262123108 8.17383861541748 2.569999933242798
v -0.9199999570846558 7.893333435058594 2.569999933242798
v -0.8749719262123108 7.612828254699707 2.569999933242798
v -0.7442956566810608 7.359781265258789 2.569999933242798
v -0.5407624244689941 7.158961772918701 2.569999933242798
v -0.2842956483364105 7.030027866363525 2.569999933242798
v -2.2533501028775904e-16 6.985599994659424 2.569999933242798
v 0 7.893333435058594 2.690000057220459
v 0 7.893333435058594 2.690000057220459
v 0 7.893333435058594 2.690000057220459
v 0 7.893333435058594 2.690000057220459
v 0 7.893333435058594 2.690000057220459
v 0 7.893333435058594 2.690000057220459
v 0 7.893333435058594 2.690000057220459
v 0 7.893333435058594 2.690000057220459
v 0 7.893333435058594 2.690000057220459
v 0 7.893333435058594 2.690000057220459
v 0 7.893333435058594 2.690000057220459
v 0 7.893333435058594 2.690000057220459
v 0 7.893333435058594 2.690000057220459
v 0 7.893333435058594 2.690000057220459
v 0 7.893333435058594 2.690000057220459
v 0 7.893333435058594 2.690000057220459
v 0 7.893333435058594 2.690000057220459
v 0 7.893333435058594 2.690000057220459
v 0 7.893333435058594 2.690000057220459
v 0 7.893333435058594 2.690000057220459
v 0 6.985599994659424 2.690000057220459
v 0.2842956483364105 7.030027866363525 2.690000057220459
v 0.5407624244689941 7.158961772918701 2.690000057220459
v 0.7442956566810608 7.359781265258789 2.690000057220459
v 0.8749719262123108 7.612828254699707 2.690000057220459
v 0.9199999570846558 7.893333435058594 2.690000057220459
v 0.8749719262123108 8.17383861541748 2.690000057220459
v 0.7442956566810608 8.426884651184082 2.690000057220459
v 0.5407624244689941 8.627705574035645 2.690000057220459
v 0.2842956483364105 8.75663948059082 2.690000057220459
v 1.1266750514387952e-16 8.801066398620605 2.690000057220459
v -0.2842956483364105 8.75663948059082 2.690000057220459
v -0.5407624244689941 8.627705574035645 2.690000057220459
v -0.7442956566810608 8.426884651184082 2.690000057220459
v -0.8749719262123108 8.17383861541748 2.690000057220459
v -0.9199999570846558 7.893333435058594 2.690000057220459
v -0.8749719262123108 7.612828254699707 2.690000057220459
v -0.7442956566810608 7.359781265258789 2.690000057220459
v -0.5407624244689941 7.158961772918701 2.690000057220459
v -0.2842956483364105 7.030027866363525 2.690000057220459
v -2.2533501028775904e-16 6.985599994659424 2.690000057220459
v 0 7.893333435058594 2.569999933242798
v 0 7.893333435058594 2.569999933242798
v 0 7.893333435058594 2.569999933242798
v 0 7.893333435058594 2.569999933242798
v 0 7.893333435058594 2.569999933242798
v 0 7.893333435058594 2.569999933242798
v 0 7.893333435058594 2.569999933242798
v 0 7.893333435058594 2.569999933242798
v 0 7.893333435058594 2.569999933242798
v 0 7.893333435058594 2.569999933242798
v 0 7.893333435058594 2.569999933242798
v 0 7.893333435058594 2.569999933242798
v 0 7.893333435058594 2.569999933242798
v 0 7.893333435058594 2.569999933242798
v 0 7.893333435058594 2.569999933242798
v 0 7.893333435058594 2.569999933242798
v 0 7.893333435058594 2.569999933242798
v 0 7.893333435058594 2.569999933242798
v 0 7.893333435058594 2.569999933242798
v 0 7.893333435058594 2.569999933242798
v 0 6.985599994659424 2.569999933242798
v 0.2842956483364105 7.030027866363525 2.569999933242798
v 0.5407624244689941 7.158961772918701 2.569999933242798
v 0.7442956566810608 7.359781265258789 2.569999933242798
v 0.8749719262123108 7.612828254699707 2.569999933242798
v 0.9199999570846558 7.893333435058594 2.569999933242798
v 0.8749719262123108 8.17383861541748 2.569999933242798
v 0.7442956566810608 8.426884651184082 2.569999933242798
v 0.5407624244689941 8.627705574035645 2.569999933242798
v 0.2842956483364105 8.75663948059082 2.569999933242798
v 1.1266750514387952e-16 8.801066398620605 2.569999933242798
v -0.2842956483364105 8.75663948059082 2.569999933242798
v -0.5407624244689941 8.627705574035645 2.569999933242798
v -0.7442956566810608 8.426884651184082 2.569999933242798
v -0.8749719262123108 8.17383861541748 2.569999933242798
v -0.9199999570846558 7.893333435058594 2.569999933242798
v -0.8749719262123108 7.612828254699707 2.569999933242798
v -0.7442956566810608 7.359781265258789 2.569999933242798
v -0.5407624244689941 7.158961772918701 2.569999933242798
v -0.2842956483364105 7.030027866363525 2.569999933242798
v -2.2533501028775904e-16 6.985599994659424 2.569999933242798
vt 0 1
vt 0.05000000074505806 1
vt 0.10000000149011612 1
vt 0.15000000596046448 1
vt 0.20000000298023224 1
vt 0.25 1
vt 0.30000001192092896 1
vt 0.3499999940395355 1
vt 0.4000000059604645 1
vt 0.44999998807907104 1
vt 0.5 1
vt 0.550000011920929 1
vt 0.6000000238418579 1
vt 0.6499999761581421 1
vt 0.699999988079071 1
vt 0.75 1
vt 0.800000011920929 1
vt 0.8500000238418579 1
vt 0.8999999761581421 1
vt 0.949999988079071 1
vt 1 1
vt 0 0
vt 0.05000000074505806 0
vt 0.10000000149011612 0
vt 0.15000000596046448 0
vt 0.20000000298023224 0
vt 0.25 0
vt 0.30000001192092896 0
vt 0.3499999940395355 0
vt 0.4000000059604645 0
vt 0.44999998807907104 0
vt 0.5 0
vt 0.550000011920929 0
vt 0.6000000238418579 0
vt 0.6499999761581421 0
vt 0.699999988079071 0
vt 0.75 0
vt 0.800000011920929 0
vt 0.8500000238418579 0
vt 0.8999999761581421 0
vt 0.949999988079071 0
vt 1 0
vt 0.5 0.5
vt 0.5 0.5
vt 0.5 0.5
vt 0.5 0.5
vt 0.5 0.5
vt 0.5 0.5
vt 0.5 0.5
vt 0.5 0.5
vt 0.5 0.5
vt 0.5 0.5
vt 0.5 0.5
vt 0.5 0.5
vt 0.5 0.5
vt 0.5 0.5
vt 0.5 0.5
vt 0.5 0.5
vt 0.5 0.5
vt 0.5 0.5
vt 0.5 0.5
vt 0.5 0.5
vt 1 0.5
vt 0.9755282402038574 0.6545084714889526
vt 0.9045084714889526 0.7938926219940186
vt 0.7938926219940186 0.9045084714889526
vt 0.6545084714889526 0.9755282402038574
vt 0.5 1
vt 0.345491498708725 0.9755282402038574
vt 0.20610737800598145 0.9045084714889526
vt 0.09549150615930557 0.7938926219940186
vt 0.024471741169691086 0.6545084714889526
vt 0 0.5
vt 0.024471741169691086 0.345491498708725
vt 0.09549150615930557 0.20610737800598145
vt 0.20610737800598145 0.09549150615930557
vt 0.345491498708725 0.024471741169691086
vt 0.5 0
vt 0.6545084714889526 0.024471741169691086
vt 0.7938926219940186 0.09549150615930557
vt 0.9045084714889526 0.20610737800598145
vt 0.9755282402038574 0.345491498708725
vt 1 0.5
vt 0.5 0.5
vt 0.5 0.5
vt 0.5 0.5
vt 0.5 0.5
vt 0.5 0.5
vt 0.5 0.5
vt 0.5 0.5
vt 0.5 0.5
vt 0.5 0.5
vt 0.5 0.5
vt 0.5 0.5
vt 0.5 0.5
vt 0.5 0.5
vt 0.5 0.5
vt 0.5 0.5
vt 0.5 0.5
vt 0.5 0.5
vt 0.5 0.5
vt 0.5 0.5
vt 0.5 0.5
vt 1 0.5
vt 0.9755282402038574 0.345491498708725
vt 0.9045084714889526 0.20610737800598145
vt 0.7938926219940186 0.09549150615930557
vt 0.6545084714889526 0.024471741169691086
vt 0.5 0
vt 0.345491498708725 0.024471741169691086
vt 0.20610737800598145 0.09549150615930557
vt 0.09549150615930557 0.20610737800598145
vt 0.024471741169691086 0.345491498708725
vt 0 0.5
vt 0.024471741169691086 0.6545084714889526
vt 0.09549150615930557 0.7938926219940186
vt 0.20610737800598145 0.9045084714889526
vt 0.345491498708725 0.9755282402038574
vt 0.5 1
vt 0.6545084714889526 0.9755282402038574
vt 0.7938926219940186 0.9045084714889526
vt 0.9045084714889526 0.7938926219940186
vt 0.9755282402038574 0.6545084714889526
vt 1 0.5
vn 0 -1 2.1908399978125091e-16
vn 0.3052831300230676 -0.9522616292402623 2.0862528748686333e-16
vn 0.5826201982958424 -0.8127445506047477 1.7805932058567349e-16
vn 0.8052409475060471 -0.5929477350151219 1.299053697393723e-16
vn 0.9498233667575002 -0.3127867835466311 6.852658578634693e-17
vn 1 -6.205980779194214e-17 1.3596309858379894e-32
vn 0.9498233667575002 0.3127867835466311 -6.852658578634693e-17
vn 0.8052409475060471 0.5929477350151219 -1.299053697393723e-16
vn 0.5826201982958424 0.8127445506047477 -1.7805932058567349e-16
vn 0.3052831300230676 0.9522616292402623 -2.0862528748686333e-16
vn 1.208318307293371e-16 1 -2.1908399978125091e-16
vn -0.3052831300230676 0.9522616292402623 -2.0862528748686333e-16
vn -0.5826201982958424 0.8127445506047477 -1.7805932058567349e-16
vn -0.8052409475060471 0.5929477350151219 -1.299053697393723e-16
vn -0.9498233667575002 0.3127867835466311 -6.852658578634693e-17
vn -1 1.8617940352349171e-16 -4.0788928105771744e-32
vn -0.9498233667575002 -0.3127867835466311 6.852658578634693e-17
vn -0.8052409475060471 -0.5929477350151219 1.299053697393723e-16
vn -0.5826201982958424 -0.8127445506047477 1.7805932058567349e-16
vn -0.3052831300230676 -0.9522616292402623 2.0862528748686333e-16
vn -2.416636614586742e-16 -1 2.1908399978125091e-16
vn 0 -1 2.1908399978125091e-16
vn 0.3052831300230676 -0.9522616292402623 2.0862528748686333e-16
vn 0.5826201982958424 -0.8127445506047477 1.7805932058567349e-16
vn 0.8052409475060471 -0.5929477350151219 1.299053697393723e-16
vn 0.9498233667575002 -0.3127867835466311 6.852658578634693e-17
vn 1 -6.205980779194214e-17 1.3596309858379894e-32
vn 0.9498233667575002 0.3127867835466311 -6.852658578634693e-17
vn 0.8052409475060471 0.5929477350151219 -1.299053697393723e-16
vn 0.5826201982958424 0.8127445506047477 -1.7805932058567349e-16
vn 0.3052831300230676 0.9522616292402623 -2.0862528748686333e-16
vn 1.208318307293371e-16 1 -2.1908399978125091e-16
vn -0.3052831300230676 0.9522616292402623 -2.0862528748686333e-16
vn -0.5826201982958424 0.8127445506047477 -1.7805932058567349e-16
vn -0.8052409475060471 0.5929477350151219 -1.299053697393723e-16
vn -0.9498233667575002 0.3127867835466311 -6.852658578634693e-17
vn -1 1.8617940352349171e-16 -4.0788928105771744e-32
vn -0.9498233667575002 -0.3127867835466311 6.852658578634693e-17
vn -0.8052409475060471 -0.5929477350151219 1.299053697393723e-16
vn -0.5826201982958424 -0.8127445506047477 1.7805932058567349e-16
vn -0.3052831300230676 -0.9522616292402623 2.0862528748686333e-16
vn -2.416636614586742e-16 -1 2.1908399978125091e-16
vn 0 2.2504521914067967e-16 1
vn 0 2.2504521914067967e-16 1
vn 0 2.2504521914067967e-16 1
vn 0 2.2504521914067967e-16 1
vn 0 2.2504521914067967e-16 1
vn 0 2.2504521914067967e-16 1
vn 0 2.2504521914067967e-16 1
vn 0 2.2504521914067967e-16 1
vn 0 2.2504521914067967e-16 1
vn 0 2.2504521914067967e-16 1
vn 0 2.2504521914067967e-16 1
vn 0 2.2504521914067967e-16 1
vn 0 2.2504521914067967e-16 1
vn 0 2.2504521914067967e-16 1
vn 0 2.2504521914067967e-16 1
vn 0 2.2504521914067967e-16 1
vn 0 2.2504521914067967e-16 1
vn 0 2.2504521914067967e-16 1
vn 0 2.2504521914067967e-16 1
vn 0 2.2504521914067967e-16 1
vn 0 2.2504521914067967e-16 1
vn 0 2.2504521914067967e-16 1
vn 0 2.2504521914067967e-16 1
vn 0 2.2504521914067967e-16 1
vn 0 2.2504521914067967e-16 1
vn 0 2.2504521914067967e-16 1
vn 0 2.2504521914067967e-16 1
vn 0 2.2504521914067967e-16 1
vn 0 2.2504521914067967e-16 1
vn 0 2.2504521914067967e-16 1
vn 0 2.2504521914067967e-16 1
vn 0 2.2504521914067967e-16 1
vn 0 2.2504521914067967e-16 1
vn 0 2.2504521914067967e-16 1
vn 0 2.2504521914067967e-16 1
vn 0 2.2504521914067967e-16 1
vn 0 2.2504521914067967e-16 1
vn 0 2.2504521914067967e-16 1
vn 0 2.2504521914067967e-16 1
vn 0 2.2504521914067967e-16 1
vn 0 2.2504521914067967e-16 1
vn 0 -2.2504521914067967e-16 -1
vn 0 -2.2504521914067967e-16 -1
vn 0 -2.2504521914067967e-16 -1
vn 0 -2.2504521914067967e-16 -1
vn 0 -2.2504521914067967e-16 -1
vn 0 -2.2504521914067967e-16 -1
vn 0 -2.2504521914067967e-16 -1
vn 0 -2.2504521914067967e-16 -1
vn 0 -2.2504521914067967e-16 -1
vn 0 -2.2504521914067967e-16 -1
vn 0 -2.2504521914067967e-16 -1
vn 0 -2.2504521914067967e-16 -1
vn 0 -2.2504521914067967e-16 -1
vn 0 -2.2504521914067967e-16 -1
vn 0 -2.2504521914067967e-16 -1
vn 0 -2.2504521914067967e-16 -1
vn 0 -2.2504521914067967e-16 -1
vn 0 -2.2504521914067967e-16 -1
vn 0 -2.2504521914067967e-16 -1
vn 0 -2.2504521914067967e-16 -1
vn 0 -2.2504521914067967e-16 -1
vn 0 -2.2504521914067967e-16 -1
vn 0 -2.2504521914067967e-16 -1
vn 0 -2.2504521914067967e-16 -1
vn 0 -2.2504521914067967e-16 -1
vn 0 -2.2504521914067967e-16 -1
vn 0 -2.2504521914067967e-16 -1
vn 0 -2.2504521914067967e-16 -1
vn 0 -2.2504521914067967e-16 -1
vn 0 -2.2504521914067967e-16 -1
vn 0 -2.2504521914067967e-16 -1
vn 0 -2.2504521914067967e-16 -1
vn 0 -2.2504521914067967e-16 -1
vn 0 -2.2504521914067967e-16 -1
vn 0 -2.2504521914067967e-16 -1
vn 0 -2.2504521914067967e-16 -1
vn 0 -2.2504521914067967e-16 -1
vn 0 -2.2504521914067967e-16 -1
vn 0 -2.2504521914067967e-16 -1
vn 0 -2.2504521914067967e-16 -1
vn 0 -2.2504521914067967e-16 -1
f 856/196/856 877/217/877 857/197/857
f 877/217/877 878/218/878 857/197/857
f 857/197/857 878/218/878 858/198/858
f 878/218/878 879/219/879 858/198/858
f 858/198/858 879/219/879 859/199/859
f 879/219/879 880/220/880 859/199/859
f 859/199/859 880/220/880 860/200/860
f 880/220/880 881/221/881 860/200/860
f 860/200/860 881/221/881 861/201/861
f 881/221/881 882/222/882 861/201/861
f 861/201/861 882/222/882 862/202/862
f 882/222/882 883/223/883 862/202/862
f 862/202/862 883/223/883 863/203/863
f 883/223/883 884/224/884 863/203/863
f 863/203/863 884/224/884 864/204/864
f 884/224/884 885/225/885 864/204/864
f 864/204/864 885/225/885 865/205/865
f 885/225/885 886/226/886 865/205/865
f 865/205/865 886/226/886 866/206/866
f 886/226/886 887/227/887 866/206/866
f 866/206/866 887/227/887 867/207/867
f 887/227/887 888/228/888 867/207/867
f 867/207/867 888/228/888 868/208/868
f 888/228/888 889/229/889 868/208/868
f 868/208/868 889/229/889 869/209/869
f 889/229/889 890/230/890 869/209/869
f 869/209/869 890/230/890 870/210/870
f 890/230/890 891/231/891 870/210/870
f 870/210/870 891/231/891 871/211/871
f 891/231/891 892/232/892 871/211/871
f 871/211/871 892/232/892 872/212/872
f 892/232/892 893/233/893 872/212/872
f 872/212/872 893/233/893 873/213/873
f 893/233/893 894/234/894 873/213/873
f 873/213/873 894/234/894 874/214/874
f 894/234/894 895/235/895 874/214/874
f 874/214/874 895/235/895 875/215/875
f 895/235/895 896/236/896 875/215/875
f 875/215/875 896/236/896 876/216/876
f 896/236/896 897/237/897 876/216/876
f 918/258/918 919/259/919 898/238/898
f 919/259/919 920/260/920 899/239/899
f 920/260/920 921/261/921 900/240/900
f 921/261/921 922/262/922 901/241/901
f 922/262/922 923/263/923 902/242/902
f 923/263/923 924/264/924 903/243/903
f 924/264/924 925/265/925 904/244/904
f 925/265/925 926/266/926 905/245/905
f 926/266/926 927/267/927 906/246/906
f 927/267/927 928/268/928 907/247/907
f 928/268/928 929/269/929 908/248/908
f 929/269/929 930/270/930 909/249/909
f 930/270/930 931/271/931 910/250/910
f 931/271/931 932/272/932 911/251/911
f 932/272/932 933/273/933 912/252/912
f 933/273/933 934/274/934 913/253/913
f 934/274/934 935/275/935 914/254/914
f 935/275/935 936/276/936 915/255/915
f 936/276/936 937/277/937 916/256/916
f 937/277/937 938/278/938 917/257/917
f 960/300/960 959/299/959 939/279/939
f 961/301/961 960/300/960 940/280/940
f 962/302/962 961/301/961 941/281/941
f 963/303/963 962/302/962 942/282/942
f 964/304/964 963/303/963 943/283/943
f 965/305/965 964/304/964 944/284/944
f 966/306/966 965/305/965 945/285/945
f 967/307/967 966/306/966 946/286/946
f 968/308/968 967/307/967 947/287/947
f 969/309/969 968/308/968 948/288/948
f 970/310/970 969/309/969 949/289/949
f 971/311/971 970/310/970 950/290/950
f 972/312/972 971/311/971 951/291/951
f 973/313/973 972/312/972 952/292/952
f 974/314/974 973/313/973 953/293/953
f 975/315/975 974/314/974 954/294/954
f 976/316/976 975/315/975 955/295/955
f 977/317/977 976/316/976 956/296/956
f 978/318/978 977/317/977 957/297/957
f 979/319/979 978/318/978 958/298/958
o hand_hour_front
usemtl glass
v 0.3378535509109497 8.168155670166016 2.7249999046325684
v 0.3378535509109497 8.168155670166016 2.674999952316284
v -0.06947644054889679 7.8492279052734375 2.7249999046325684
v -0.06947644054889679 7.8492279052734375 2.674999952316284
v 0.26947644352912903 8.253171920776367 2.674999952316284
v 0.26947644352912903 8.253171920776367 2.7249999046325684
v -0.13785353302955627 7.9342451095581055 2.674999952316284
v -0.13785353302955627 7.9342451095581055 2.7249999046325684
v 0.26947644352912903 8.253171920776367 2.674999952316284
v 0.3378535509109497 8.168155670166016 2.674999952316284
v 0.26947644352912903 8.253171920776367 2.7249999046325684
v 0.3378535509109497 8.168155670166016 2.7249999046325684
v -0.13785353302955627 7.9342451095581055 2.7249999046325684
v -0.06947644054889679 7.8492279052734375 2.7249999046325684
v -0.13785353302955627 7.9342451095581055 2.674999952316284
v -0.06947644054889679 7.8492279052734375 2.674999952316284
v 0.26947644352912903 8.253171920776367 2.7249999046325684
v 0.3378535509109497 8.168155670166016 2.7249999046325684
v -0.13785353302955627 7.9342451095581055 2.7249999046325684
v -0.06947644054889679 7.8492279052734375 2.7249999046325684
v 0.3378535509109497 8.168155670166016 2.674999952316284
v 0.26947644352912903 8.253171920776367 2.674999952316284
v -0.06947644054889679 7.8492279052734375 2.674999952316284
v -0.13785353302955627 7.9342451095581055 2.674999952316284
vt 0 1
vt 1 1
vt 0 0
vt 1 0
vt 0 1
vt 1 1
vt 0 0
vt 1 0
vt 0 1
vt 1 1
vt 0 0
vt 1 0
vt 0 1
vt 1 1
vt 0 0
vt 1 0
vt 0 1
vt 1 1
vt 0 0
vt 1 0
vt 0 1
vt 1 1
vt 0 0
vt 1 0
vn 0.616484945267777 -0.7873666949129775 0
vn 0.616484945267777 -0.7873666949129775 0
vn 0.616484945267777 -0.7873666949129775 0
vn 0.616484945267777 -0.7873666949129775 0
vn -0.616484945267777 0.7873666949129775 0
vn -0.616484945267777 0.7873666949129775 0
vn -0.616484945267777 0.7873666949129775 0
vn -0.616484945267777 0.7873666949129775 0
vn 0.7792412638088829 0.6267240643038489 0
vn 0.7792412638088829 0.6267240643038489 0
vn 0.7792412638088829 0.6267240643038489 0
vn 0.7792412638088829 0.6267240643038489 0
vn -0.7792412638088829 -0.6267240643038489 0
vn -0.7792412638088829 -0.6267240643038489 0
vn -0.7792412638088829 -0.6267240643038489 0
vn -0.7792412638088829 -0.6267240643038489 0
vn 0 0 1
vn 0 0 1
vn 0 0 1
vn 0 0 1
vn 0 0 -1
vn 0 0 -1
vn 0 0 -1
vn 0 0 -1
f 980/320/980 982/322/982 981/321/981
f 982/322/982 983/323/983 981/321/981
f 984/324/984 986/326/986 985/325/985
f 986/326/986 987/327/987 985/325/985
f 988/328/988 990/330/990 989/329/989
f 990/330/990 991/331/991 989/329/989
f 992/332/992 994/334/994 993/333/993
f 994/334/994 995/335/995 993/333/993
f 996/336/996 998/338/998 997/337/997
f 998/338/998 999/339/999 997/337/997
f 1000/340/1000 1002/342/1002 1001/341/1001
f 1002/342/1002 1003/343/1003 1001/341/1001
o hand_minute_front
usemtl glass
v -0.1695842146873474 8.632805824279785 2.7249999046325684
v -0.1695842146873474 8.632805824279785 2.674999952316284
v 0.10473402589559555 7.891327381134033 2.7249999046325684
v 0.10473402589559555 7.891327381134033 2.674999952316284
v -0.2447340190410614 8.60573959350586 2.674999952316284
v -0.2447340190410614 8.60573959350586 2.7249999046325684
v 0.029584215953946114 7.864261150360107 2.674999952316284
v 0.029584215953946114 7.864261150360107 2.7249999046325684
v -0.2447340190410614 8.60573959350586 2.674999952316284
v -0.1695842146873474 8.632805824279785 2.674999952316284
v -0.2447340190410614 8.60573959350586 2.7249999046325684
v -0.1695842146873474 8.632805824279785 2.7249999046325684
v 0.029584215953946114 7.864261150360107 2.7249999046325684
v 0.10473402589559555 7.891327381134033 2.7249999046325684
v 0.029584215953946114 7.864261150360107 2.674999952316284
v 0.10473402589559555 7.891327381134033 2.674999952316284
v -0.2447340190410614 8.60573959350586 2.7249999046325684
v -0.1695842146873474 8.632805824279785 2.7249999046325684
v 0.029584215953946114 7.864261150360107 2.7249999046325684
v 0.10473402589559555 7.891327381134033 2.7249999046325684
v -0.1695842146873474 8.632805824279785 2.674999952316284
v -0.2447340190410614 8.60573959350586 2.674999952316284
v 0.10473402589559555 7.891327381134033 2.674999952316284
v 0.029584215953946114 7.864261150360107 2.674999952316284
vt 0 1
vt 1 1
vt 0 0
vt 1 0
vt 0 1
vt 1 1
vt 0 0
vt 1 0
vt 0 1
vt 1 1
vt 0 0
vt 1 0
vt 0 1
vt 1 1
vt 0 0
vt 1 0
vt 0 1
vt 1 1
vt 0 0
vt 1 0
vt 0 1
vt 1 1
vt 0 0
vt 1 0
vn 0.9378736619914504 0.3469769360386173 0
vn 0.9378736619914504 0.3469769360386173 0
vn 0.9378736619914504 0.3469769360386173 0
vn 0.9378736619914504 0.3469769360386173 0
vn -0.9378736619914504 -0.3469769360386173 0
vn -0.9378736619914504 -0.3469769360386173 0
vn -0.9378736619914504 -0.3469769360386173 0
vn -0.9378736619914504 -0.3469769360386173 0
vn -0.3388539266876786 0.9408389959862109 0
vn -0.3388539266876786 0.9408389959862109 0
vn -0.3388539266876786 0.9408389959862109 0
vn -0.3388539266876786 0.9408389959862109 0
vn 0.3388539266876786 -0.9408389959862109 0
vn 0.3388539266876786 -0.9408389959862109 0
vn 0.3388539266876786 -0.9408389959862109 0
vn 0.3388539266876786 -0.9408389959862109 0
vn 0 0 1
vn 0 0 1
vn 0 0 1
vn 0 0 1
vn 0 0 -1
vn 0 0 -1
vn 0 0 -1
vn 0 0 -1
f 1004/344/1004 1006/346/1006 1005/345/1005
f 1006/346/1006 1007/347/1007 1005/345/1005
f 1008/348/1008 1010/350/1010 1009/349/1009
f 1010/350/1010 1011/351/1011 1009/349/1009
f 1012/352/1012 1014/354/1014 1013/353/1013
f 1014/354/1014 1015/355/1015 1013/353/1013
f 1016/356/1016 1018/358/1018 1017/357/1017
f 1018/358/1018 1019/359/1019 1017/357/1017
f 1020/360/1020 1022/362/1022 1021/361/1021
f 1022/362/1022 1023/363/1023 1021/361/1021
f 1024/364/1024 1026/366/1026 1025/365/1025
f 1026/366/1026 1027/367/1027 1025/365/1025
o clock_rim_back
usemtl gold
v 0 6.827733516693115 -2.549999952316284
v 0.3337383568286896 6.879887580871582 -2.549999952316284
v 0.6348080635070801 7.03124475479126 -2.549999952316284
v 0.8737382888793945 7.266989231109619 -2.549999952316284
v 1.0271410942077637 7.564044952392578 -2.549999952316284
v 1.0800000429153442 7.893333435058594 -2.549999952316284
v 1.0271410942077637 8.22262191772461 -2.549999952316284
v 0.8737382888793945 8.51967716217041 -2.549999952316284
v 0.6348080635070801 8.75542163848877 -2.549999952316284
v 0.3337383568286896 8.906779289245605 -2.549999952316284
v 1.3226185213826425e-16 8.958932876586914 -2.549999952316284
v -0.3337383568286896 8.906779289245605 -2.549999952316284
v -0.6348080635070801 8.75542163848877 -2.549999952316284
v -0.8737382888793945 8.51967716217041 -2.549999952316284
v -1.0271410942077637 8.22262191772461 -2.549999952316284
v -1.0800000429153442 7.893333435058594 -2.549999952316284
v -1.0271410942077637 7.564044952392578 -2.549999952316284
v -0.8737382888793945 7.266989231109619 -2.549999952316284
v -0.6348080635070801 7.03124475479126 -2.549999952316284
v -0.3337383568286896 6.879887580871582 -2.549999952316284
v -2.645237042765285e-16 6.827733516693115 -2.549999952316284
v 0 6.827733516693115 -2.6500000953674316
v 0.3337383568286896 6.879887580871582 -2.6500000953674316
v 0.6348080635070801 7.03124475479126 -2.6500000953674316
v 0.8737382888793945 7.266989231109619 -2.6500000953674316
v 1.0271410942077637 7.564044952392578 -2.6500000953674316
v 1.0800000429153442 7.893333435058594 -2.6500000953674316
v 1.0271410942077637 8.22262191772461 -2.6500000953674316
v 0.8737382888793945 8.51967716217041 -2.6500000953674316
v 0.6348080635070801 8.75542163848877 -2.6500000953674316
v 0.3337383568286896 8.906779289245605 -2.6500000953674316
v 1.3226185213826425e-16 8.958932876586914 -2.6500000953674316
v -0.3337383568286896 8.906779289245605 -2.6500000953674316
v -0.6348080635070801 8.75542163848877 -2.6500000953674316
v -0.8737382888793945 8.51967716217041 -2.6500000953674316
v -1.0271410942077637 8.22262191772461 -2.6500000953674316
v -1.0800000429153442 7.893333435058594 -2.6500000953674316
v -1.0271410942077637 7.564044952392578 -2.6500000953674316
v -0.8737382888793945 7.266989231109619 -2.6500000953674316
v -0.6348080635070801 7.03124475479126 -2.6500000953674316
v -0.3337383568286896 6.879887580871582 -2.6500000953674316
v -2.645237042765285e-16 6.827733516693115 -2.6500000953674316
v 0 7.893333435058594 -2.549999952316284
v 0 7.893333435058594 -2.549999952316284
v 0 7.893333435058594 -2.549999952316284
v 0 7.893333435058594 -2.549999952316284
v 0 7.893333435058594 -2.549999952316284
v 0 7.893333435058594 -2.549999952316284
v 0 7.893333435058594 -2.549999952316284
v 0 7.893333435058594 -2.549999952316284
v 0 7.893333435058594 -2.549999952316284
v 0 7.893333435058594 -2.549999952316284
v 0 7.893333435058594 -2.549999952316284
v 0 7.893333435058594 -2.549999952316284
v 0 7.893333435058594 -2.549999952316284
v 0 7.893333435058594 -2.549999952316284
v 0 7.893333435058594 -2.549999952316284
v 0 7.893333435058594 -2.549999952316284
v 0 7.893333435058594 -2.549999952316284
v 0 7.893333435058594 -2.549999952316284
v 0 7.893333435058594 -2.549999952316284
v 0 7.893333435058594 -2.549999952316284
v 0 6.827733516693115 -2.549999952316284
v 0.3337383568286896 6.879887580871582 -2.549999952316284
v 0.6348080635070801 7.03124475479126 -2.549999952316284
v 0.8737382888793945 7.266989231109619 -2.549999952316284
v 1.0271410942077637 7.564044952392578 -2.549999952316284
v 1.0800000429153442 7.893333435058594 -2.549999952316284
v 1.0271410942077637 8.22262191772461 -2.549999952316284
v 0.8737382888793945 8.51967716217041 -2.549999952316284
v 0.6348080635070801 8.75542163848877 -2.549999952316284
v 0.3337383568286896 8.906779289245605 -2.549999952316284
v 1.3226185213826425e-16 8.958932876586914 -2.549999952316284
v -0.3337383568286896 8.906779289245605 -2.549999952316284
v -0.6348080635070801 8.75542163848877 -2.549999952316284
v -0.8737382888793945 8.51967716217041 -2.549999952316284
v -1.0271410942077637 8.22262191772461 -2.549999952316284
v -1.0800000429153442 7.893333435058594 -2.549999952316284
v -1.0271410942077637 7.564044952392578 -2.549999952316284
v -0.8737382888793945 7.266989231109619 -2.549999952316284
v -0.6348080635070801 7.03124475479126 -2.549999952316284
v -0.3337383568286896 6.879887580871582 -2.549999952316284
v -2.645237042765285e-16 6.827733516693115 -2.549999952316284
v 0 7.893333435058594 -2.6500000953674316
v 0 7.893333435058594 -2.6500000953674316
v 0 7.893333435058594 -2.6500000953674316
v 0 7.893333435058594 -2.6500000953674316
v 0 7.893333435058594 -2.6500000953674316
v 0 7.893333435058594 -2.6500000953674316
v 0 7.893333435058594 -2.6500000953674316
v 0 7.893333435058594 -2.6500000953674316
v 0 7.893333435058594 -2.6500000953674316
v 0 7.893333435058594 -2.6500000953674316
v 0 7.893333435058594 -2.6500000953674316
v 0 7.893333435058594 -2.6500000953674316
v 0 7.893333435058594 -2.6500000953674316
v 0 7.893333435058594 -2.6500000953674316
v 0 7.893333435058594 -2.6500000953674316
v 0 7.893333435058594 -2.6500000953674316
v 0 7.893333435058594 -2.6500000953674316
v 0 7.893333435058594 -2.6500000953674316
v 0 7.893333435058594 -2.6500000953674316
v 0 7.893333435058594 -2.6500000953674316
v 0 6.827733516693115 -2.6500000953674316
v 0.3337383568286896 6.879887580871582 -2.6500000953674316
v 0.6348080635070801 7.03124475479126 -2.6500000953674316
v 0.8737382888793945 7.266989231109619 -2.6500000953674316
v 1.0271410942077637 7.564044952392578 -2.6500000953674316
v 1.0800000429153442 7.893333435058594 -2.6500000953674316
v 1.0271410942077637 8.22262191772461 -2.6500000953674316
v 0.8737382888793945 8.51967716217041 -2.6500000953674316
v 0.6348080635070801 8.75542163848877 -2.6500000953674316
v 0.3337383568286896 8.906779289245605 -2.6500000953674316
v 1.3226185213826425e-16 8.958932876586914 -2.6500000953674316
v -0.3337383568286896 8.906779289245605 -2.6500000953674316
v -0.6348080635070801 8.75542163848877 -2.6500000953674316
v -0.8737382888793945 8.51967716217041 -2.6500000953674316
v -1.0271410942077637 8.22262191772461 -2.6500000953674316
v -1.0800000429153442 7.893333435058594 -2.6500000953674316
v -1.0271410942077637 7.564044952392578 -2.6500000953674316
v -0.8737382888793945 7.266989231109619 -2.6500000953674316
v -0.6348080635070801 7.03124475479126 -2.6500000953674316
v -0.3337383568286896 6.879887580871582 -2.6500000953674316
v -2.645237042765285e-16 6.827733516693115 -2.6500000953674316
vt 0 1
vt 0.05000000074505806 1
vt 0.10000000149011612 1
vt 0.15000000596046448 1
vt 0.20000000298023224 1
vt 0.25 1
vt 0.30000001192092896 1
vt 0.3499999940395355 1
vt 0.4000000059604645 1
vt 0.44999998807907104 1
vt 0.5 1
vt 0.550000011920929 1
vt 0.6000000238418579 1
vt 0.6499999761581421 1
vt 0.699999988079071 1
vt 0.75 1
vt 0.800000011920929 1
vt 0.8500000238418579 1
vt 0.8999999761581421 1
vt 0.949999988079071 1
vt 1 1
vt 0 0
vt 0.05000000074505806 0
vt 0.10000000149011612 0
vt 0.15000000596046448 0
vt 0.20000000298023224 0
vt 0.25 0
vt 0.30000001192092896 0
vt 0.3499999940395355 0
vt 0.4000000059604645 0
vt 0.44999998807907104 0
vt 0.5 0
vt 0.550000011920929 0
vt 0.6000000238418579 0
vt 0.6499999761581421 0
vt 0.699999988079071 0
vt 0.75 0
vt 0.800000011920929 0
vt 0.8500000238418579 0
vt 0.8999999761581421 0
vt 0.949999988079071 0
vt 1 0
vt 0.5 0.5
vt 0.5 0.5
vt 0.5 0.5
vt 0.5 0.5
vt 0.5 0.5
vt 0.5 0.5
vt 0.5 0.5
vt 0.5 0.5
vt 0.5 0.5
vt 0.5 0.5
vt 0.5 0.5
vt 0.5 0.5
vt 0.5 0.5
vt 0.5 0.5
vt 0.5 0.5
vt 0.5 0.5
vt 0.5 0.5
vt 0.5 0.5
vt 0.5 0.5
vt 0.5 0.5
vt 1 0.5
vt 0.9755282402038574 0.6545084714889526
vt 0.9045084714889526 0.7938926219940186
vt 0.7938926219940186 0.9045084714889526
vt 0.6545084714889526 0.9755282402038574
vt 0.5 1
vt 0.345491498708725 0.9755282402038574
vt 0.20610737800598145 0.9045084714889526
vt 0.09549150615930557 0.7938926219940186
vt 0.024471741169691086 0.6545084714889526
vt 0 0.5
vt 0.024471741169691086 0.345491498708725
vt 0.09549150615930557 0.20610737800598145
vt 0.20610737800598145 0.09549150615930557
vt 0.345491498708725 0.024471741169691086
vt 0.5 0
vt 0.6545084714889526 0.024471741169691086
vt 0.7938926219940186 0.09549150615930557
vt 0.9045084714889526 0.20610737800598145
vt 0.9755282402038574 0.345491498708725
vt 1 0.5
vt 0.5 0.5
vt 0.5 0.5
vt 0.5 0.5
vt 0.5 0.5
vt 0.5 0.5
vt 0.5 0.5
vt 0.5 0.5
vt 0.5 0.5
vt 0.5 0.5
vt 0.5 0.5
vt 0.5 0.5
vt 0.5 0.5
vt 0.5 0.5
vt 0.5 0.5
vt 0.5 0.5
vt 0.5 0.5
vt 0.5 0.5
vt 0.5 0.5
vt 0.5 0.5
vt 0.5 0.5
vt 1 0.5
vt 0.9755282402038574 0.345491498708725
vt 0.9045084714889526 0.20610737800598145
vt 0.7938926219940186 0.09549150615930557
vt 0.6545084714889526 0.024471741169691086
vt 0.5 0
vt 0.345491498708725 0.024471741169691086
vt 0.20610737800598145 0.09549150615930557
vt 0.09549150615930557 0.20610737800598145
vt 0.024471741169691086 0.345491498708725
vt 0 0.5
vt 0.024471741169691086 0.6545084714889526
vt 0.09549150615930557 0.7938926219940186
vt 0.20610737800598145 0.9045084714889526
vt 0.345491498708725 0.9755282402038574
vt 0.5 1
vt 0.6545084714889526 0.9755282402038574
vt 0.7938926219940186 0.9045084714889526
vt 0.9045084714889526 0.7938926219940186
vt 0.9755282402038574 0.6545084714889526
vt 1 0.5
vn 0 -1 2.1908399978125091e-16
vn 0.3052831300230676 -0.9522616292402623 2.0862528748686333e-16
vn 0.5826201982958424 -0.8127445506047477 1.7805932058567349e-16
vn 0.8052409475060471 -0.5929477350151219 1.299053697393723e-16
vn 0.9498233667575002 -0.3127867835466311 6.852658578634693e-17
vn 1 -6.205980779194214e-17 1.3596309858379894e-32
vn 0.9498233667575002 0.3127867835466311 -6.852658578634693e-17
vn 0.8052409475060471 0.5929477350151219 -1.299053697393723e-16
vn 0.5826201982958424 0.8127445506047477 -1.7805932058567349e-16
vn 0.3052831300230676 0.9522616292402623 -2.0862528748686333e-16
vn 1.208318307293371e-16 1 -2.1908399978125091e-16
vn -0.3052831300230676 0.9522616292402623 -2.0862528748686333e-16
vn -0.5826201982958424 0.8127445506047477 -1.7805932058567349e-16
vn -0.8052409475060471 0.5929477350151219 -1.299053697393723e-16
vn -0.9498233667575002 0.3127867835466311 -6.852658578634693e-17
vn -1 1.8617940352349171e-16 -4.0788928105771744e-32
vn -0.9498233667575002 -0.3127867835466311 6.852658578634693e-17
vn -0.8052409475060471 -0.5929477350151219 1.299053697393723e-16
vn -0.5826201982958424 -0.8127445506047477 1.7805932058567349e-16
vn -0.3052831300230676 -0.9522616292402623 2.0862528748686333e-16
vn -2.416636614586742e-16 -1 2.1908399978125091e-16
vn 0 -1 2.1908399978125091e-16
vn 0.3052831300230676 -0.9522616292402623 2.0862528748686333e-16
vn 0.5826201982958424 -0.8127445506047477 1.7805932058567349e-16
vn 0.8052409475060471 -0.5929477350151219 1.299053697393723e-16
vn 0.9498233667575002 -0.3127867835466311 6.852658578634693e-17
vn 1 -6.205980779194214e-17 1.3596309858379894e-32
vn 0.9498233667575002 0.3127867835466311 -6.852658578634693e-17
vn 0.8052409475060471 0.5929477350151219 -1.299053697393723e-16
vn 0.5826201982958424 0.8127445506047477 -1.7805932058567349e-16
vn 0.3052831300230676 0.9522616292402623 -2.0862528748686333e-16
vn 1.208318307293371e-16 1 -2.1908399978125091e-16
vn -0.3052831300230676 0.9522616292402623 -2.0862528748686333e-16
vn -0.5826201982958424 0.8127445506047477 -1.7805932058567349e-16
vn -0.8052409475060471 0.5929477350151219 -1.299053697393723e-16
vn -0.9498233667575002 0.3127867835466311 -6.852658578634693e-17
vn -1 1.8617940352349171e-16 -4.0788928105771744e-32
vn -0.9498233667575002 -0.3127867835466311 6.852658578634693e-17
vn -0.8052409475060471 -0.5929477350151219 1.299053697393723e-16
vn -0.5826201982958424 -0.8127445506047477 1.7805932058567349e-16
vn -0.3052831300230676 -0.9522616292402623 2.0862528748686333e-16
vn -2.416636614586742e-16 -1 2.1908399978125091e-16
vn 0 2.2504521914067967e-16 1
vn 0 2.2504521914067967e-16 1
vn 0 2.2504521914067967e-16 1
vn 0 2.2504521914067967e-16 1
vn 0 2.2504521914067967e-16 1
vn 0 2.2504521914067967e-16 1
vn 0 2.2504521914067967e-16 1
vn 0 2.2504521914067967e-16 1
vn 0 2.2504521914067967e-16 1
vn 0 2.2504521914067967e-16 1
vn 0 2.2504521914067967e-16 1
vn 0 2.2504521914067967e-16 1
vn 0 2.2504521914067967e-16 1
vn 0 2.2504521914067967e-16 1
vn 0 2.2504521914067967e-16 1
vn 0 2.2504521914067967e-16 1
vn 0 2.2504521914067967e-16 1
vn 0 2.2504521914067967e-16 1
vn 0 2.2504521914067967e-16 1
vn 0 2.2504521914067967e-16 1
vn 0 2.2504521914067967e-16 1
vn 0 2.2504521914067967e-16 1
vn 0 2.2504521914067967e-16 1
vn 0 2.2504521914067967e-16 1
vn 0 2.2504521914067967e-16 1
vn 0 2.2504521914067967e-16 1
vn 0 2.2504521914067967e-16 1
vn 0 2.2504521914067967e-16 1
vn 0 2.2504521914067967e-16 1
vn 0 2.2504521914067967e-16 1
vn 0 2.2504521914067967e-16 1
vn 0 2.2504521914067967e-16 1
vn 0 2.2504521914067967e-16 1
vn 0 2.2504521914067967e-16 1
vn 0 2.2504521914067967e-16 1
vn 0 2.2504521914067967e-16 1
vn 0 2.2504521914067967e-16 1
vn 0 2.2504521914067967e-16 1
vn 0 2.2504521914067967e-16 1
vn 0 2.2504521914067967e-16 1
vn 0 2.2504521914067967e-16 1
vn 0 -2.2504521914067967e-16 -1
vn 0 -2.2504521914067967e-16 -1
vn 0 -2.2504521914067967e-16 -1
vn 0 -2.2504521914067967e-16 -1
vn 0 -2.2504521914067967e-16 -1
vn 0 -2.2504521914067967e-16 -1
vn 0 -2.2504521914067967e-16 -1
vn 0 -2.2504521914067967e-16 -1
vn 0 -2.2504521914067967e-16 -1
vn 0 -2.2504521914067967e-16 -1
vn 0 -2.2504521914067967e-16 -1
vn 0 -2.2504521914067967e-16 -1
vn 0 -2.2504521914067967e-16 -1
vn 0 -2.2504521914067967e-16 -1
vn 0 -2.2504521914067967e-16 -1
vn 0 -2.2504521914067967e-16 -1
vn 0 -2.2504521914067967e-16 -1
vn 0 -2.2504521914067967e-16 -1
vn 0 -2.2504521914067967e-16 -1
vn 0 -2.2504521914067967e-16 -1
vn 0 -2.2504521914067967e-16 -1
vn 0 -2.2504521914067967e-16 -1
vn 0 -2.2504521914067967e-16 -1
vn 0 -2.2504521914067967e-16 -1
vn 0 -2.2504521914067967e-16 -1
vn 0 -2.2504521914067967e-16 -1
vn 0 -2.2504521914067967e-16 -1
vn 0 -2.2504521914067967e-16 -1
vn 0 -2.2504521914067967e-16 -1
vn 0 -2.2504521914067967e-16 -1
vn 0 -2.2504521914067967e-16 -1
vn 0 -2.2504521914067967e-16 -1
vn 0 -2.2504521914067967e-16 -1
vn 0 -2.2504521914067967e-16 -1
vn 0 -2.2504521914067967e-16 -1
vn 0 -2.2504521914067967e-16 -1
vn 0 -2.2504521914067967e-16 -1
vn 0 -2.2504521914067967e-16 -1
vn 0 -2.2504521914067967e-16 -1
vn 0 -2.2504521914067967e-16 -1
vn 0 -2.2504521914067967e-16 -1
f 1028/368/1028 1049/389/1049 1029/369/1029
f 1049/389/1049 1050/390/1050 1029/369/1029
f 1029/369/1029 1050/390/1050 1030/370/1030
f 1050/390/1050 1051/391/1051 1030/370/1030
f 1030/370/1030 1051/391/1051 1031/371/1031
f 1051/391/1051 1052/392/1052 1031/371/1031
f 1031/371/1031 1052/392/1052 1032/372/1032
f 1052/392/1052 1053/393/1053 1032/372/1032
f 1032/372/1032 1053/393/1053 1033/373/1033
f 1053/393/1053 1054/394/1054 1033/373/1033
f 1033/373/1033 1054/394/1054 1034/374/1034
f 1054/394/1054 1055/395/1055 1034/374/1034
f 1034/374/1034 1055/395/1055 1035/375/1035
f 1055/395/1055 1056/396/1056 1035/375/1035
f 1035/375/1035 1056/396/1056 1036/376/1036
f 1056/396/1056 1057/397/1057 1036/376/1036
f 1036/376/1036 1057/397/1057 1037/377/1037
f 1057/397/1057 1058/398/1058 1037/377/1037
f 1037/377/1037 1058/398/1058 1038/378/1038
f 1058/398/1058 1059/399/1059 1038/378/1038
f 1038/378/1038 1059/399/1059 1039/379/1039
f 1059/399/1059 1060/400/1060 1039/379/1039
f 1039/379/1039 1060/400/1060 1040/380/1040
f 1060/400/1060 1061/401/1061 1040/380/1040
f 1040/380/1040 1061/401/1061 1041/381/1041
f 1061/401/1061 1062/402/1062 1041/381/1041
f 1041/381/1041 1062/402/1062 1042/382/1042
f 1062/402/1062 1063/403/1063 1042/382/1042
f 1042/382/1042 1063/403/1063 1043/383/1043
f 1063/403/1063 1064/404/1064 1043/383/1043
f 1043/383/1043 1064/404/1064 1044/384/1044
f 1064/404/1064 1065/405/1065 1044/384/1044
f 1044/384/1044 1065/405/1065 1045/385/1045
f 1065/405/1065 1066/406/1066 1045/385/1045
f 1045/385/1045 1066/406/1066 1046/386/1046
f 1066/406/1066 1067/407/1067 1046/386/1046
f 1046/386/1046 1067/407/1067 1047/387/1047
f 1067/407/1067 1068/408/1068 1047/387/1047
f 1047/387/1047 1068/408/1068 1048/388/1048
f 1068/408/1068 1069/409/1069 1048/388/1048
f 1090/430/1090 1091/431/1091 1070/410/1070
f 1091/431/1091 1092/432/1092 1071/411/1071
f 1092/432/1092 1093/433/1093 1072/412/1072
f 1093/433/1093 1094/434/1094 1073/413/1073
f 1094/434/1094 1095/435/1095 1074/414/1074
f 1095/435/1095 1096/436/1096 1075/415/1075
f 1096/436/1096 1097/437/1097 1076/416/1076
f 1097/437/1097 1098/438/1098 1077/417/1077
f 1098/438/1098 1099/439/1099 1078/418/1078
f 1099/439/1099 1100/440/1100 1079/419/1079
f 1100/440/1100 1101/441/1101 1080/420/1080
f 1101/441/1101 1102/442/1102 1081/421/1081
f 1102/442/1102 1103/443/1103 1082/422/1082
f 1103/443/1103 1104/444/1104 1083/423/1083
f 1104/444/1104 1105/445/1105 1084/424/1084
f 1105/445/1105 1106/446/1106 1085/425/1085
f 1106/446/1106 1107/447/1107 1086/426/1086
f 1107/447/1107 1108/448/1108 1087/427/1087
f 1108/448/1108 1109/449/1109 1088/428/1088
f 1109/449/1109 1110/450/1110 1089/429/1089
f 1132/472/1132 1131/471/1131 1111/451/1111
f 1133/473/1133 1132/472/1132 1112/452/1112
f 1134/474/1134 1133/473/1133 1113/453/1113
f 1135/475/1135 1134/474/1134 1114/454/1114
f 1136/476/1136 1135/475/1135 1115/455/1115
f 1137/477/1137 1136/476/1136 1116/456/1116
f 1138/478/1138 1137/477/1137 1117/457/1117
f 1139/479/1139 1138/478/1138 1118/458/1118
f 1140/480/1140 1139/479/1139 1119/459/1119
f 1141/481/1141 1140/480/1140 1120/460/1120
f 1142/482/1142 1141/481/1141 1121/461/1121
f 1143/483/1143 1142/482/1142 1122/462/1122
f 1144/484/1144 1143/483/1143 1123/463/1123
f 1145/485/1145 1144/484/1144 1124/464/1124
f 1146/486/1146 1145/485/1145 1125/465/1125
f 1147/487/1147 1146/486/1146 1126/466/1126
f 1148/488/1148 1147/487/1147 1127/467/1127
f 1149/489/1149 1148/488/1148 1128/468/1128
f 1150/490/1150 1149/489/1149 1129/469/1129
f 1151/491/1151 1150/490/1150 1130/470/1130
o clock_face_back
usemtl cream
v 0 6.985599994659424 -2.569999933242798
v 0.2842956483364105 7.030027866363525 -2.569999933242798
v 0.5407624244689941 7.158961772918701 -2.569999933242798
v 0.7442956566810608 7.359781265258789 -2.569999933242798
v 0.8749719262123108 7.612828254699707 -2.569999933242798
v 0.9199999570846558 7.893333435058594 -2.569999933242798
v 0.8749719262123108 8.17383861541748 -2.569999933242798
v 0.7442956566810608 8.426884651184082 -2.569999933242798
v 0.5407624244689941 8.627705574035645 -2.569999933242798
v 0.2842956483364105 8.75663948059082 -2.569999933242798
v 1.1266750514387952e-16 8.801066398620605 -2.569999933242798
v -0.2842956483364105 8.75663948059082 -2.569999933242798
v -0.5407624244689941 8.627705574035645 -2.569999933242798
v -0.7442956566810608 8.426884651184082 -2.569999933242798
v -0.8749719262123108 8.17383861541748 -2.569999933242798
v -0.9199999570846558 7.893333435058594 -2.569999933242798
v -0.8749719262123108 7.612828254699707 -2.569999933242798
v -0.7442956566810608 7.359781265258789 -2.569999933242798
v -0.5407624244689941 7.158961772918701 -2.569999933242798
v -0.2842956483364105 7.030027866363525 -2.569999933242798
v -2.2533501028775904e-16 6.985599994659424 -2.569999933242798
v 0 6.985599994659424 -2.690000057220459
v 0.2842956483364105 7.030027866363525 -2.690000057220459
v 0.5407624244689941 7.158961772918701 -2.690000057220459
v 0.7442956566810608 7.359781265258789 -2.690000057220459
v 0.8749719262123108 7.612828254699707 -2.690000057220459
v 0.9199999570846558 7.893333435058594 -2.690000057220459
v 0.8749719262123108 8.17383861541748 -2.690000057220459
v 0.7442956566810608 8.426884651184082 -2.690000057220459
v 0.5407624244689941 8.627705574035645 -2.690000057220459
v 0.2842956483364105 8.75663948059082 -2.690000057220459
v 1.1266750514387952e-16 8.801066398620605 -2.690000057220459
v -0.2842956483364105 8.75663948059082 -2.690000057220459
v -0.5407624244689941 8.627705574035645 -2.690000057220459
v -0.7442956566810608 8.426884651184082 -2.690000057220459
v -0.8749719262123108 8.17383861541748 -2.690000057220459
v -0.9199999570846558 7.893333435058594 -2.690000057220459
v -0.8749719262123108 7.612828254699707 -2.690000057220459
v -0.7442956566810608 7.359781265258789 -2.690000057220459
v -0.5407624244689941 7.158961772918701 -2.690000057220459
v -0.2842956483364105 7.030027866363525 -2.690000057220459
v -2.2533501028775904e-16 6.985599994659424 -2.690000057220459
v 0 7.893333435058594 -2.569999933242798
v 0 7.893333435058594 -2.569999933242798
v 0 7.893333435058594 -2.569999933242798
v 0 7.893333435058594 -2.569999933242798
v 0 7.893333435058594 -2.569999933242798
v 0 7.893333435058594 -2.569999933242798
v 0 7.893333435058594 -2.569999933242798
v 0 7.893333435058594 -2.569999933242798
v 0 7.893333435058594 -2.569999933242798
v 0 7.893333435058594 -2.569999933242798
v 0 7.893333435058594 -2.569999933242798
v 0 7.893333435058594 -2.569999933242798
v 0 7.893333435058594 -2.569999933242798
v 0 7.893333435058594 -2.569999933242798
v 0 7.893333435058594 -2.569999933242798
v 0 7.893333435058594 -2.569999933242798
v 0 7.893333435058594 -2.569999933242798
v 0 7.893333435058594 -2.569999933242798
v 0 7.893333435058594 -2.569999933242798
v 0 7.893333435058594 -2.569999933242798
v 0 6.985599994659424 -2.569999933242798
v 0.2842956483364105 7.030027866363525 -2.569999933242798
v 0.5407624244689941 7.158961772918701 -2.569999933242798
v 0.7442956566810608 7.359781265258789 -2.569999933242798
v 0.8749719262123108 7.612828254699707 -2.569999933242798
v 0.9199999570846558 7.893333435058594 -2.569999933242798
v 0.8749719262123108 8.17383861541748 -2.569999933242798
v 0.7442956566810608 8.426884651184082 -2.569999933242798
v 0.5407624244689941 8.627705574035645 -2.569999933242798
v 0.2842956483364105 8.75663948059082 -2.569999933242798
v 1.1266750514387952e-16 8.801066398620605 -2.569999933242798
v -0.2842956483364105 8.75663948059082 -2.569999933242798
v -0.5407624244689941 8.627705574035645 -2.569999933242798
v -0.7442956566810608 8.426884651184082 -2.569999933242798
v -0.8749719262123108 8.17383861541748 -2.569999933242798
v -0.9199999570846558 7.893333435058594 -2.569999933242798
v -0.8749719262123108 7.612828254699707 -2.569999933242798
v -0.7442956566810608 7.359781265258789 -2.569999933242798
v -0.5407624244689941 7.158961772918701 -2.569999933242798
v -0.2842956483364105 7.030027866363525 -2.569999933242798
v -2.2533501028775904e-16 6.985599994659424 -2.569999933242798
v 0 7.893333435058594 -2.690000057220459
v 0 7.893333435058594 -2.690000057220459
v 0 7.893333435058594 -2.690000057220459
v 0 7.893333435058594 -2.690000057220459
v 0 7.893333435058594 -2.690000057220459
v 0 7.893333435058594 -2.690000057220459
v 0 7.893333435058594 -2.690000057220459
v 0 7.893333435058594 -2.690000057220459
v 0 7.893333435058594 -2.690000057220459
v 0 7.893333435058594 -2.690000057220459
v 0 7.893333435058594 -2.690000057220459
v 0 7.893333435058594 -2.690000057220459
v 0 7.893333435058594 -2.690000057220459
v 0 7.893333435058594 -2.690000057220459
v 0 7.893333435058594 -2.690000057220459
v 0 7.893333435058594 -2.690000057220459
v 0 7.893333435058594 -2.690000057220459
v 0 7.893333435058594 -2.690000057220459
v 0 7.893333435058594 -2.690000057220459
v 0 7.893333435058594 -2.690000057220459
v 0 6.985599994659424 -2.690000057220459
v 0.2842956483364105 7.030027866363525 -2.690000057220459
v 0.5407624244689941 7.158961772918701 -2.690000057220459
v 0.7442956566810608 7.359781265258789 -2.690000057220459
v 0.8749719262123108 7.612828254699707 -2.690000057220459
v 0.9199999570846558 7.893333435058594 -2.690000057220459
v 0.8749719262123108 8.17383861541748 -2.690000057220459
v 0.7442956566810608 8.426884651184082 -2.690000057220459
v 0.5407624244689941 8.627705574035645 -2.690000057220459
v 0.2842956483364105 8.75663948059082 -2.690000057220459
v 1.1266750514387952e-16 8.801066398620605 -2.690000057220459
v -0.2842956483364105 8.75663948059082 -2.690000057220459
v -0.5407624244689941 8.627705574035645 -2.690000057220459
v -0.7442956566810608 8.426884651184082 -2.690000057220459
v -0.8749719262123108 8.17383861541748 -2.690000057220459
v -0.9199999570846558 7.893333435058594 -2.690000057220459
v -0.8749719262123108 7.612828254699707 -2.690000057220459
v -0.7442956566810608 7.359781265258789 -2.690000057220459
v -0.5407624244689941 7.158961772918701 -2.690000057220459
v -0.2842956483364105 7.030027866363525 -2.690000057220459
v -2.2533501028775904e-16 6.985599994659424 -2.690000057220459
vt 0 1
vt 0.05000000074505806 1
vt 0.10000000149011612 1
vt 0.15000000596046448 1
vt 0.20000000298023224 1
vt 0.25 1
vt 0.30000001192092896 1
vt 0.3499999940395355 1
vt 0.4000000059604645 1
vt 0.44999998807907104 1
vt 0.5 1
vt 0.550000011920929 1
vt 0.6000000238418579 1
vt 0.6499999761581421 1
vt 0.699999988079071 1
vt 0.75 1
vt 0.800000011920929 1
vt 0.8500000238418579 1
vt 0.8999999761581421 1
vt 0.949999988079071 1
vt 1 1
vt 0 0
vt 0.05000000074505806 0
vt 0.10000000149011612 0
vt 0.15000000596046448 0
vt 0.20000000298023224 0
vt 0.25 0
vt 0.30000001192092896 0
vt 0.3499999940395355 0
vt 0.4000000059604645 0
vt 0.44999998807907104 0
vt 0.5 0
vt 0.550000011920929 0
vt 0.6000000238418579 0
vt 0.6499999761581421 0
vt 0.699999988079071 0
vt 0.75 0
vt 0.800000011920929 0
vt 0.8500000238418579 0
vt 0.8999999761581421 0
vt 0.949999988079071 0
vt 1 0
vt 0.5 0.5
vt 0.5 0.5
vt 0.5 0.5
vt 0.5 0.5
vt 0.5 0.5
vt 0.5 0.5
vt 0.5 0.5
vt 0.5 0.5
vt 0.5 0.5
vt 0.5 0.5
vt 0.5 0.5
vt 0.5 0.5
vt 0.5 0.5
vt 0.5 0.5
vt 0.5 0.5
vt 0.5 0.5
vt 0.5 0.5
vt 0.5 0.5
vt 0.5 0.5
vt 0.5 0.5
vt 1 0.5
vt 0.9755282402038574 0.6545084714889526
vt 0.9045084714889526 0.7938926219940186
vt 0.7938926219940186 0.9045084714889526
vt 0.6545084714889526 0.9755282402038574
vt 0.5 1
vt 0.345491498708725 0.9755282402038574
vt 0.20610737800598145 0.9045084714889526
vt 0.09549150615930557 0.7938926219940186
vt 0.024471741169691086 0.6545084714889526
vt 0 0.5
vt 0.024471741169691086 0.345491498708725
vt 0.09549150615930557 0.20610737800598145
vt 0.20610737800598145 0.09549150615930557
vt 0.345491498708725 0.024471741169691086
vt 0.5 0
vt 0.6545084714889526 0.024471741169691086
vt 0.7938926219940186 0.09549150615930557
vt 0.9045084714889526 0.20610737800598145
vt 0.9755282402038574 0.345491498708725
vt 1 0.5
vt 0.5 0.5
vt 0.5 0.5
vt 0.5 0.5
vt 0.5 0.5
vt 0.5 0.5
vt 0.5 0.5
vt 0.5 0.5
vt 0.5 0.5
vt 0.5 0.5
vt 0.5 0.5
vt 0.5 0.5
vt 0.5 0.5
vt 0.5 0.5
vt 0.5 0.5
vt 0.5 0.5
vt 0.5 0.5
vt 0.5 0.5
vt 0.5 0.5
vt 0.5 0.5
vt 0.5 0.5
vt 1 0.5
vt 0.9755282402038574 0.345491498708725
vt 0.9045084714889526 0.20610737800598145
vt 0.7938926219940186 0.09549150615930557
vt 0.6545084714889526 0.024471741169691086
vt 0.5 0
vt 0.345491498708725 0.024471741169691086
vt 0.20610737800598145 0.09549150615930557
vt 0.09549150615930557 0.20610737800598145
vt 0.024471741169691086 0.345491498708725
vt 0 0.5
vt 0.024471741169691086 0.6545084714889526
vt 0.09549150615930557 0.7938926219940186
vt 0.20610737800598145 0.9045084714889526
vt 0.345491498708725 0.9755282402038574
vt 0.5 1
vt 0.6545084714889526 0.9755282402038574
vt 0.7938926219940186 0.9045084714889526
vt 0.9045084714889526 0.7938926219940186
vt 0.9755282402038574 0.6545084714889526
vt 1 0.5
vn 0 -1 2.1908399978125091e-16
vn 0.3052831300230676 -0.9522616292402623 2.0862528748686333e-16
vn 0.5826201982958424 -0.8127445506047477 1.7805932058567349e-16
vn 0.8052409475060471 -0.5929477350151219 1.299053697393723e-16
vn 0.9498233667575002 -0.3127867835466311 6.852658578634693e-17
vn 1 -6.205980779194214e-17 1.3596309858379894e-32
vn 0.9498233667575002 0.3127867835466311 -6.852658578634693e-17
vn 0.8052409475060471 0.5929477350151219 -1.299053697393723e-16
vn 0.5826201982958424 0.8127445506047477 -1.7805932058567349e-16
vn 0.3052831300230676 0.9522616292402623 -2.0862528748686333e-16
vn 1.208318307293371e-16 1 -2.1908399978125091e-16
vn -0.3052831300230676 0.9522616292402623 -2.0862528748686333e-16
vn -0.5826201982958424 0.8127445506047477 -1.7805932058567349e-16
vn -0.8052409475060471 0.5929477350151219 -1.299053697393723e-16
vn -0.9498233667575002 0.3127867835466311 -6.852658578634693e-17
vn -1 1.8617940352349171e-16 -4.0788928105771744e-32
vn -0.9498233667575002 -0.3127867835466311 6.852658578634693e-17
vn -0.8052409475060471 -0.5929477350151219 1.299053697393723e-16
vn -0.5826201982958424 -0.8127445506047477 1.7805932058567349e-16
vn -0.3052831300230676 -0.9522616292402623 2.0862528748686333e-16
vn -2.416636614586742e-16 -1 2.1908399978125091e-16
vn 0 -1 2.1908399978125091e-16
vn 0.3052831300230676 -0.9522616292402623 2.0862528748686333e-16
vn 0.5826201982958424 -0.8127445506047477 1.7805932058567349e-16
vn 0.8052409475060471 -0.5929477350151219 1.299053697393723e-16
vn 0.9498233667575002 -0.3127867835466311 6.852658578634693e-17
vn 1 -6.205980779194214e-17 1.3596309858379894e-32
vn 0.9498233667575002 0.3127867835466311 -6.852658578634693e-17
vn 0.8052409475060471 0.5929477350151219 -1.299053697393723e-16
vn 0.5826201982958424 0.8127445506047477 -1.7805932058567349e-16
vn 0.3052831300230676 0.9522616292402623 -2.0862528748686333e-16
vn 1.208318307293371e-16 1 -2.1908399978125091e-16
vn -0.3052831300230676 0.9522616292402623 -2.0862528748686333e-16
vn -0.5826201982958424 0.8127445506047477 -1.7805932058567349e-16
vn -0.8052409475060471 0.5929477350151219 -1.299053697393723e-16
vn -0.9498233667575002 0.3127867835466311 -6.852658578634693e-17
vn -1 1.8617940352349171e-16 -4.0788928105771744e-32
vn -0.9498233667575002 -0.3127867835466311 6.852658578634693e-17
vn -0.8052409475060471 -0.5929477350151219 1.299053697393723e-16
vn -0.5826201982958424 -0.8127445506047477 1.7805932058567349e-16
vn -0.3052831300230676 -0.9522616292402623 2.0862528748686333e-16
vn -2.416636614586742e-16 -1 2.1908399978125091e-16
vn 0 2.2504521914067967e-16 1
vn 0 2.2504521914067967e-16 1
vn 0 2.2504521914067967e-16 1
vn 0 2.2504521914067967e-16 1
vn 0 2.2504521914067967e-16 1
vn 0 2.2504521914067967e-16 1
vn 0 2.2504521914067967e-16 1
vn 0 2.2504521914067967e-16 1
vn 0 2.2504521914067967e-16 1
vn 0 2.2504521914067967e-16 1
vn 0 2.2504521914067967e-16 1
vn 0 2.2504521914067967e-16 1
vn 0 2.2504521914067967e-16 1
vn 0 2.2504521914067967e-16 1
vn 0 2.2504521914067967e-16 1
vn 0 2.2504521914067967e-16 1
vn 0 2.2504521914067967e-16 1
vn 0 2.2504521914067967e-16 1
vn 0 2.2504521914067967e-16 1
vn 0 2.2504521914067967e-16 1
vn 0 2.2504521914067967e-16 1
vn 0 2.2504521914067967e-16 1
vn 0 2.2504521914067967e-16 1
vn 0 2.2504521914067967e-16 1
vn 0 2.2504521914067967e-16 1
vn 0 2.2504521914067967e-16 1
vn 0 2.2504521914067967e-16 1
vn 0 2.2504521914067967e-16 1
vn 0 2.2504521914067967e-16 1
vn 0 2.2504521914067967e-16 1
vn 0 2.2504521914067967e-16 1
vn 0 2.2504521914067967e-16 1
vn 0 2.2504521914067967e-16 1
vn 0 2.2504521914067967e-16 1
vn 0 2.2504521914067967e-16 1
vn 0 2.2504521914067967e-16 1
vn 0 2.2504521914067967e-16 1
vn 0 2.2504521914067967e-16 1
vn 0 2.2504521914067967e-16 1
vn 0 2.2504521914067967e-16 1
vn 0 2.2504521914067967e-16 1
vn 0 -2.2504521914067967e-16 -1
vn 0 -2.2504521914067967e-16 -1
vn 0 -2.2504521914067967e-16 -1
vn 0 -2.2504521914067967e-16 -1
vn 0 -2.2504521914067967e-16 -1
vn 0 -2.2504521914067967e-16 -1
vn 0 -2.2504521914067967e-16 -1
vn 0 -2.2504521914067967e-16 -1
vn 0 -2.2504521914067967e-16 -1
vn 0 -2.2504521914067967e-16 -1
vn 0 -2.2504521914067967e-16 -1
vn 0 -2.2504521914067967e-16 -1
vn 0 -2.2504521914067967e-16 -1
vn 0 -2.2504521914067967e-16 -1
vn 0 -2.2504521914067967e-16 -1
vn 0 -2.2504521914067967e-16 -1
vn 0 -2.2504521914067967e-16 -1
vn 0 -2.2504521914067967e-16 -1
vn 0 -2.2504521914067967e-16 -1
vn 0 -2.2504521914067967e-16 -1
vn 0 -2.2504521914067967e-16 -1
vn 0 -2.2504521914067967e-16 -1
vn 0 -2.2504521914067967e-16 -1
vn 0 -2.2504521914067967e-16 -1
vn 0 -2.2504521914067967e-16 -1
vn 0 -2.2504521914067967e-16 -1
vn 0 -2.2504521914067967e-16 -1
vn 0 -2.2504521914067967e-16 -1
vn 0 -2.2504521914067967e-16 -1
vn 0 -2.2504521914067967e-16 -1
vn 0 -2.2504521914067967e-16 -1
vn 0 -2.2504521914067967e-16 -1
vn 0 -2.2504521914067967e-16 -1
vn 0 -2.2504521914067967e-16 -1
vn 0 -2.2504521914067967e-16 -1
vn 0 -2.2504521914067967e-16 -1
vn 0 -2.2504521914067967e-16 -1
vn 0 -2.2504521914067967e-16 -1
vn 0 -2.2504521914067967e-16 -1
vn 0 -2.2504521914067967e-16 -1
vn 0 -2.2504521914067967e-16 -1
f 1152/492/1152 1173/513/1173 1153/493/1153
f 1173/513/1173 1174/514/1174 1153/493/1153
f 1153/493/1153 1174/514/1174 1154/494/1154
f 1174/514/1174 1175/515/1175 1154/494/1154
f 1154/494/1154 1175/515/1175 1155/495/1155
f 1175/515/1175 1176/516/1176 1155/495/1155
f 1155/495/1155 1176/516/1176 1156/496/1156
f 1176/516/1176 1177/517/1177 1156/496/1156
f 1156/496/1156 1177/517/1177 1157/497/1157
f 1177/517/1177 1178/518/1178 1157/497/1157
f 1157/497/1157 1178/518/1178 1158/498/1158
f 1178/518/1178 1179/519/1179 1158/498/1158
f 1158/498/1158 1179/519/1179 1159/499/1159
f 1179/519/1179 1180/520/1180 1159/499/1159
f 1159/499/1159 1180/520/1180 1160/500/1160
f 1180/520/1180 1181/521/1181 1160/500/1160
f 1160/500/1160 1181/521/1181 1161/501/1161
f 1181/521/1181 1182/522/1182 1161/501/1161
f 1161/501/1161 1182/522/1182 1162/502/1162
f 1182/522/1182 1183/523/1183 1162/502/1162
f 1162/502/1162 1183/523/1183 1163/503/1163
f 1183/523/1183 1184/524/1184 1163/503/1163
f 1163/503/1163 1184/524/1184 1164/504/1164
f 1184/524/1184 1185/525/1185 1164/504/1164
f 1164/504/1164 1185/525/1185 1165/505/1165
f 1185/525/1185 1186/526/1186 1165/505/1165
f 1165/505/1165 1186/526/1186 1166/506/1166
f 1186/526/1186 1187/527/1187 1166/506/1166
f 1166/506/1166 1187/527/1187 1167/507/1167
f 1187/527/1187 1188/528/1188 1167/507/1167
f 1167/507/1167 1188/528/1188 1168/508/1168
f 1188/528/1188 1189/529/1189 1168/508/1168
f 1168/508/1168 1189/529/1189 1169/509/1169
f 1189/529/1189 1190/530/1190 1169/509/1169
f 1169/509/1169 1190/530/1190 1170/510/1170
f 1190/530/1190 1191/531/1191 1170/510/1170
f 1170/510/1170 1191/531/1191 1171/511/1171
f 1191/531/1191 1192/532/1192 1171/511/1171
f 1171/511/1171 1192/532/1192 1172/512/1172
f 1192/532/1192 1193/533/1193 1172/512/1172
f 1214/554/1214 1215/555/1215 1194/534/1194
f 1215/555/1215 1216/556/1216 1195/535/1195
f 1216/556/1216 1217/557/1217 1196/536/1196
f 1217/557/1217 1218/558/1218 1197/537/1197
f 1218/558/1218 1219/559/1219 1198/538/1198
f 1219/559/1219 1220/560/1220 1199/539/1199
f 1220/560/1220 1221/561/1221 1200/540/1200
f 1221/561/1221 1222/562/1222 1201/541/1201
f 1222/562/1222 1223/563/1223 1202/542/1202
f 1223/563/1223 1224/564/1224 1203/543/1203
f 1224/564/1224 1225/565/1225 1204/544/1204
f 1225/565/1225 1226/566/1226 1205/545/1205
f 1226/566/1226 1227/567/1227 1206/546/1206
f 1227/567/1227 1228/568/1228 1207/547/1207
f 1228/568/1228 1229/569/1229 1208/548/1208
f 1229/569/1229 1230/570/1230 1209/549/1209
f 1230/570/1230 1231/571/1231 1210/550/1210
f 1231/571/1231 1232/572/1232 1211/551/1211
f 1232/572/1232 1233/573/1233 1212/552/1212
f 1233/573/1233 1234/574/1234 1213/553/1213
f 1256/596/1256 1255/595/1255 1235/575/1235
f 1257/597/1257 1256/596/1256 1236/576/1236
f 1258/598/1258 1257/597/1257 1237/577/1237
f 1259/599/1259 1258/598/1258 1238/578/1238
f 1260/600/1260 1259/599/1259 1239/579/1239
f 1261/601/1261 1260/600/1260 1240/580/1240
f 1262/602/1262 1261/601/1261 1241/581/1241
f 1263/603/1263 1262/602/1262 1242/582/1242
f 1264/604/1264 1263/603/1263 1243/583/1243
f 1265/605/1265 1264/604/1264 1244/584/1244
f 1266/606/1266 1265/605/1265 1245/585/1245
f 1267/607/1267 1266/606/1266 1246/586/1246
f 1268/608/1268 1267/607/1267 1247/587/1247
f 1269/609/1269 1268/608/1268 1248/588/1248
f 1270/610/1270 1269/609/1269 1249/589/1249
f 1271/611/1271 1270/610/1270 1250/590/1250
f 1272/612/1272 1271/611/1271 1251/591/1251
f 1273/613/1273 1272/612/1272 1252/592/1252
f 1274/614/1274 1273/613/1273 1253/593/1253
f 1275/615/1275 1274/614/1274 1254/594/1254
o hand_hour_back
usemtl glass
v 0.3378535509109497 8.168155670166016 -2.674999952316284
v 0.3378535509109497 8.168155670166016 -2.7249999046325684
v -0.06947644054889679 7.8492279052734375 -2.674999952316284
v -0.06947644054889679 7.8492279052734375 -2.7249999046325684
v 0.26947644352912903 8.253171920776367 -2.7249999046325684
v 0.26947644352912903 8.253171920776367 -2.674999952316284
v -0.13785353302955627 7.9342451095581055 -2.7249999046325684
v -0.13785353302955627 7.9342451095581055 -2.674999952316284
v 0.26947644352912903 8.253171920776367 -2.7249999046325684
v 0.3378535509109497 8.168155670166016 -2.7249999046325684
v 0.26947644352912903 8.253171920776367 -2.674999952316284
v 0.3378535509109497 8.168155670166016 -2.674999952316284
v -0.13785353302955627 7.9342451095581055 -2.674999952316284
v -0.06947644054889679 7.8492279052734375 -2.674999952316284
v -0.13785353302955627 7.9342451095581055 -2.7249999046325684
v -0.06947644054889679 7.8492279052734375 -2.7249999046325684
v 0.26947644352912903 8.253171920776367 -2.674999952316284
v 0.3378535509109497 8.168155670166016 -2.674999952316284
v -0.13785353302955627 7.9342451095581055 -2.674999952316284
v -0.06947644054889679 7.8492279052734375 -2.674999952316284
v 0.3378535509109497 8.168155670166016 -2.7249999046325684
v 0.26947644352912903 8.253171920776367 -2.7249999046325684
v -0.06947644054889679 7.8492279052734375 -2.7249999046325684
v -0.13785353302955627 7.9342451095581055 -2.7249999046325684
vt 0 1
vt 1 1
vt 0 0
vt 1 0
vt 0 1
vt 1 1
vt 0 0
vt 1 0
vt 0 1
vt 1 1
vt 0 0
vt 1 0
vt 0 1
vt 1 1
vt 0 0
vt 1 0
vt 0 1
vt 1 1
vt 0 0
vt 1 0
vt 0 1
vt 1 1
vt 0 0
vt 1 0
vn 0.616484945267777 -0.7873666949129775 0
vn 0.616484945267777 -0.7873666949129775 0
vn 0.616484945267777 -0.7873666949129775 0
vn 0.616484945267777 -0.7873666949129775 0
vn -0.616484945267777 0.7873666949129775 0
vn -0.616484945267777 0.7873666949129775 0
vn -0.616484945267777 0.7873666949129775 0
vn -0.616484945267777 0.7873666949129775 0
vn 0.7792412638088829 0.6267240643038489 0
vn 0.7792412638088829 0.6267240643038489 0
vn 0.7792412638088829 0.6267240643038489 0
vn 0.7792412638088829 0.6267240643038489 0
vn -0.7792412638088829 -0.6267240643038489 0
vn -0.7792412638088829 -0.6267240643038489 0
vn -0.7792412638088829 -0.6267240643038489 0
vn -0.7792412638088829 -0.6267240643038489 0
vn 0 0 1
vn 0 0 1
vn 0 0 1
vn 0 0 1
vn 0 0 -1
vn 0 0 -1
vn 0 0 -1
vn 0 0 -1
f 1276/616/1276 1278/618/1278 1277/617/1277
f 1278/618/1278 1279/619/1279 1277/617/1277
f 1280/620/1280 1282/622/1282 1281/621/1281
f 1282/622/1282 1283/623/1283 1281/621/1281
f 1284/624/1284 1286/626/1286 1285/625/1285
f 1286/626/1286 1287/627/1287 1285/625/1285
f 1288/628/1288 1290/630/1290 1289/629/1289
f 1290/630/1290 1291/631/1291 1289/629/1289
f 1292/632/1292 1294/634/1294 1293/633/1293
f 1294/634/1294 1295/635/1295 1293/633/1293
f 1296/636/1296 1298/638/1298 1297/637/1297
f 1298/638/1298 1299/639/1299 1297/637/1297
o hand_minute_back
usemtl glass
v -0.1695842146873474 8.632805824279785 -2.674999952316284
v -0.1695842146873474 8.632805824279785 -2.7249999046325684
v 0.10473402589559555 7.891327381134033 -2.674999952316284
v 0.10473402589559555 7.891327381134033 -2.7249999046325684
v -0.2447340190410614 8.60573959350586 -2.7249999046325684
v -0.2447340190410614 8.60573959350586 -2.674999952316284
v 0.029584215953946114 7.864261150360107 -2.7249999046325684
v 0.029584215953946114 7.864261150360107 -2.674999952316284
v -0.2447340190410614 8.60573959350586 -2.7249999046325684
v -0.1695842146873474 8.632805824279785 -2.7249999046325684
v -0.2447340190410614 8.60573959350586 -2.674999952316284
v -0.1695842146873474 8.632805824279785 -2.674999952316284
v 0.029584215953946114 7.864261150360107 -2.674999952316284
v 0.10473402589559555 7.891327381134033 -2.674999952316284
v 0.029584215953946114 7.864261150360107 -2.7249999046325684
v 0.10473402589559555 7.891327381134033 -2.7249999046325684
v -0.2447340190410614 8.60573959350586 -2.674999952316284
v -0.1695842146873474 8.632805824279785 -2.674999952316284
v 0.029584215953946114 7.864261150360107 -2.674999952316284
v 0.10473402589559555 7.891327381134033 -2.674999952316284
v -0.1695842146873474 8.632805824279785 -2.7249999046325684
v -0.2447340190410614 8.60573959350586 -2.7249999046325684
v 0.10473402589559555 7.891327381134033 -2.7249999046325684
v 0.029584215953946114 7.864261150360107 -2.7249999046325684
vt 0 1
vt 1 1
vt 0 0
vt 1 0
vt 0 1
vt 1 1
vt 0 0
vt 1 0
vt 0 1
vt 1 1
vt 0 0
vt 1 0
vt 0 1
vt 1 1
vt 0 0
vt 1 0
vt 0 1
vt 1 1
vt 0 0
vt 1 0
vt 0 1
vt 1 1
vt 0 0
vt 1 0
vn 0.9378736619914504 0.3469769360386173 0
vn 0.9378736619914504 0.3469769360386173 0
vn 0.9378736619914504 0.3469769360386173 0
vn 0.9378736619914504 0.3469769360386173 0
vn -0.9378736619914504 -0.3469769360386173 0
vn -0.9378736619914504 -0.3469769360386173 0
vn -0.9378736619914504 -0.3469769360386173 0
vn -0.9378736619914504 -0.3469769360386173 0
vn -0.3388539266876786 0.9408389959862109 0
vn -0.3388539266876786 0.9408389959862109 0
vn -0.3388539266876786 0.9408389959862109 0
vn -0.3388539266876786 0.9408389959862109 0
vn 0.3388539266876786 -0.9408389959862109 0
vn 0.3388539266876786 -0.9408389959862109 0
vn 0.3388539266876786 -0.9408389959862109 0
vn 0.3388539266876786 -0.9408389959862109 0
vn 0 0 1
vn 0 0 1
vn 0 0 1
vn 0 0 1
vn 0 0 -1
vn 0 0 -1
vn 0 0 -1
vn 0 0 -1
f 1300/640/1300 1302/642/1302 1301/641/1301
f 1302/642/1302 1303/643/1303 1301/641/1301
f 1304/644/1304 1306/646/1306 1305/645/1305
f 1306/646/1306 1307/647/1307 1305/645/1305
f 1308/648/1308 1310/650/1310 1309/649/1309
f 1310/650/1310 1311/651/1311 1309/649/1309
f 1312/652/1312 1314/654/1314 1313/653/1313
f 1314/654/1314 1315/655/1315 1313/653/1313
f 1316/656/1316 1318/658/1318 1317/657/1317
f 1318/658/1318 1319/659/1319 1317/657/1317
f 1320/660/1320 1322/662/1322 1321/661/1321
f 1322/662/1322 1323/663/1323 1321/661/1321
o slit_zp_r
usemtl glass
v 1.375 6.018666744232178 2.5399999618530273
v 1.375 6.018666744232178 2.4600000381469727
v 1.375 4.440000057220459 2.5399999618530273
v 1.375 4.440000057220459 2.4600000381469727
v 0.824999988079071 6.018666744232178 2.4600000381469727
v 0.824999988079071 6.018666744232178 2.5399999618530273
v 0.824999988079071 4.440000057220459 2.4600000381469727
v 0.824999988079071 4.440000057220459 2.5399999618530273
v 0.824999988079071 6.018666744232178 2.4600000381469727
v 1.375 6.018666744232178 2.4600000381469727
v 0.824999988079071 6.018666744232178 2.5399999618530273
v 1.375 6.018666744232178 2.5399999618530273
v 0.824999988079071 4.440000057220459 2.5399999618530273
v 1.375 4.440000057220459 2.5399999618530273
v 0.824999988079071 4.440000057220459 2.4600000381469727
v 1.375 4.440000057220459 2.4600000381469727
v 0.824999988079071 6.018666744232178 2.5399999618530273
v 1.375 6.018666744232178 2.5399999618530273
v 0.824999988079071 4.440000057220459 2.5399999618530273
v 1.375 4.440000057220459 2.5399999618530273
v 1.375 6.018666744232178 2.4600000381469727
v 0.824999988079071 6.018666744232178 2.4600000381469727
v 1.375 4.440000057220459 2.4600000381469727
v 0.824999988079071 4.440000057220459 2.4600000381469727
vt 0 1
vt 1 1
vt 0 0
vt 1 0
vt 0 1
vt 1 1
vt 0 0
vt 1 0
vt 0 1
vt 1 1
vt 0 0
vt 1 0
vt 0 1
vt 1 1
vt 0 0
vt 1 0
vt 0 1
vt 1 1
vt 0 0
vt 1 0
vt 0 1
vt 1 1
vt 0 0
vt 1 0
vn 1 0 0
vn 1 0 0
vn 1 0 0
vn 1 0 0
vn -1 0 0
vn -1 0 0
vn -1 0 0
vn -1 0 0
vn 0 1 0
vn 0 1 0
vn 0 1 0
vn 0 1 0
vn 0 -1 0
vn 0 -1 0
vn 0 -1 0
vn 0 -1 0
vn 0 0 1
vn 0 0 1
vn 0 0 1
vn 0 0 1
vn 0 0 -1
vn 0 0 -1
vn 0 0 -1
vn 0 0 -1
f 1324/664/1324 1326/666/1326 1325/665/1325
f 1326/666/1326 1327/667/1327 1325/665/1325
f 1328/668/1328 1330/670/1330 1329/669/1329
f 1330/670/1330 1331/671/1331 1329/669/1329
f 1332/672/1332 1334/674/1334 1333/673/1333
f 1334/674/1334 1335/675/1335 1333/673/1333
f 1336/676/1336 1338/678/1338 1337/677/1337
f 1338/678/1338 1339/679/1339 1337/677/1337
f 1340/680/1340 1342/682/1342 1341/681/1341
f 1342/682/1342 1343/683/1343 1341/681/1341
f 1344/684/1344 1346/686/1346 1345/685/1345
f 1346/686/1346 1347/687/1347 1345/685/1345
o slit_zm_r
usemtl glass
v 1.375 6.018666744232178 -2.4600000381469727
v 1.375 6.018666744232178 -2.5399999618530273
v 1.375 4.440000057220459 -2.4600000381469727
v 1.375 4.440000057220459 -2.5399999618530273
v 0.824999988079071 6.018666744232178 -2.5399999618530273
v 0.824999988079071 6.018666744232178 -2.4600000381469727
v 0.824999988079071 4.440000057220459 -2.5399999618530273
v 0.824999988079071 4.440000057220459 -2.4600000381469727
v 0.824999988079071 6.018666744232178 -2.5399999618530273
v 1.375 6.018666744232178 -2.5399999618530273
v 0.824999988079071 6.018666744232178 -2.4600000381469727
v 1.375 6.018666744232178 -2.4600000381469727
v 0.824999988079071 4.440000057220459 -2.4600000381469727
v 1.375 4.440000057220459 -2.4600000381469727
v 0.824999988079071 4.440000057220459 -2.5399999618530273
v 1.375 4.440000057220459 -2.5399999618530273
v 0.824999988079071 6.018666744232178 -2.4600000381469727
v 1.375 6.018666744232178 -2.4600000381469727
v 0.824999988079071 4.440000057220459 -2.4600000381469727
v 1.375 4.440000057220459 -2.4600000381469727
v 1.375 6.018666744232178 -2.5399999618530273
v 0.824999988079071 6.018666744232178 -2.5399999618530273
v 1.375 4.440000057220459 -2.5399999618530273
v 0.824999988079071 4.440000057220459 -2.5399999618530273
vt 0 1
vt 1 1
vt 0 0
vt 1 0
vt 0 1
vt 1 1
vt 0 0
vt 1 0
vt 0 1
vt 1 1
vt 0 0
vt 1 0
vt 0 1
vt 1 1
vt 0 0
vt 1 0
vt 0 1
vt 1 1
vt 0 0
vt 1 0
vt 0 1
vt 1 1
vt 0 0
vt 1 0
vn 1 0 0
vn 1 0 0
vn 1 0 0
vn 1 0 0
vn -1 0 0
vn -1 0 0
vn -1 0 0
vn -1 0 0
vn 0 1 0
vn 0 1 0
vn 0 1 0
vn 0 1 0
vn 0 -1 0
vn 0 -1 0
vn 0 -1 0
vn 0 -1 0
vn 0 0 1
vn 0 0 1
vn 0 0 1
vn 0 0 1
vn 0 0 -1
vn 0 0 -1
vn 0 0 -1
vn 0 0 -1
f 1348/688/1348 1350/690/1350 1349/689/1349
f 1350/690/1350 1351/691/1351 1349/689/1349
f 1352/692/1352 1354/694/1354 1353/693/1353
f 1354/694/1354 1355/695/1355 1353/693/1353
f 1356/696/1356 1358/698/1358 1357/697/1357
f 1358/698/1358 1359/699/1359 1357/697/1357
f 1360/700/1360 1362/702/1362 1361/701/1361
f 1362/702/1362 1363/703/1363 1361/701/1361
f 1364/704/1364 1366/706/1366 1365/705/1365
f 1366/706/1366 1367/707/1367 1365/705/1365
f 1368/708/1368 1370/710/1370 1369/709/1369
f 1370/710/1370 1371/711/1371 1369/709/1369
o slit_x_r
usemtl glass
v 2.359999895095825 6.018666744232178 0.2750000059604645
v 2.359999895095825 6.018666744232178 -0.2750000059604645
v 2.359999895095825 4.440000057220459 0.2750000059604645
v 2.359999895095825 4.440000057220459 -0.2750000059604645
v 2.2799999713897705 6.018666744232178 -0.2750000059604645
v 2.2799999713897705 6.018666744232178 0.2750000059604645
v 2.2799999713897705 4.440000057220459 -0.2750000059604645
v 2.2799999713897705 4.440000057220459 0.2750000059604645
v 2.2799999713897705 6.018666744232178 -0.2750000059604645
v 2.359999895095825 6.018666744232178 -0.2750000059604645
v 2.2799999713897705 6.018666744232178 0.2750000059604645
v 2.359999895095825 6.018666744232178 0.2750000059604645
v 2.2799999713897705 4.440000057220459 0.2750000059604645
v 2.359999895095825 4.440000057220459 0.2750000059604645
v 2.2799999713897705 4.440000057220459 -0.2750000059604645
v 2.359999895095825 4.440000057220459 -0.2750000059604645
v 2.2799999713897705 6.018666744232178 0.2750000059604645
v 2.359999895095825 6.018666744232178 0.2750000059604645
v 2.2799999713897705 4.440000057220459 0.2750000059604645
v 2.359999895095825 4.440000057220459 0.2750000059604645
v 2.359999895095825 6.018666744232178 -0.2750000059604645
v 2.2799999713897705 6.018666744232178 -0.2750000059604645
v 2.359999895095825 4.440000057220459 -0.2750000059604645
v 2.2799999713897705 4.440000057220459 -0.2750000059604645
vt 0 1
vt 1 1
vt 0 0
vt 1 0
vt 0 1
vt 1 1
vt 0 0
vt 1 0
vt 0 1
vt 1 1
vt 0 0
vt 1 0
vt 0 1
vt 1 1
vt 0 0
vt 1 0
vt 0 1
vt 1 1
vt 0 0
vt 1 0
vt 0 1
vt 1 1
vt 0 0
vt 1 0
vn 1 0 0
vn 1 0 0
vn 1 0 0
vn 1 0 0
vn -1 0 0
vn -1 0 0
vn -1 0 0
vn -1 0 0
vn 0 1 0
vn 0 1 0
vn 0 1 0
vn 0 1 0
vn 0 -1 0
vn 0 -1 0
vn 0 -1 0
vn 0 -1 0
vn 0 0 1
vn 0 0 1
vn 0 0 1
vn 0 0 1
vn 0 0 -1
vn 0 0 -1
vn 0 0 -1
vn 0 0 -1
f 1372/712/1372 1374/714/1374 1373/713/1373
f 1374/714/1374 1375/715/1375 1373/713/1373
f 1376/716/1376 1378/718/1378 1377/717/1377
f 1378/718/1378 1379/719/1379 1377/717/1377
f 1380/720/1380 1382/722/1382 1381/721/1381
f 1382/722/1382 1383/723/1383 1381/721/1381
f 1384/724/1384 1386/726/1386 1385/725/1385
f 1386/726/1386 1387/727/1387 1385/725/1385
f 1388/728/1388 1390/730/1390 1389/729/1389
f 1390/730/1390 1391/731/1391 1389/729/1389
f 1392/732/1392 1394/734/1394 1393/733/1393
f 1394/734/1394 1395/735/1395 1393/733/1393
o door_slit_r
usemtl glass
v 1.375 2.4666666984558105 2.5399999618530273
v 1.375 2.4666666984558105 2.4600000381469727
v 1.375 1.184000015258789 2.5399999618530273
v 1.375 1.184000015258789 2.4600000381469727
v 0.824999988079071 2.4666666984558105 2.4600000381469727
v 0.824999988079071 2.4666666984558105 2.5399999618530273
v 0.824999988079071 1.184000015258789 2.4600000381469727
v 0.824999988079071 1.184000015258789 2.5399999618530273
v 0.824999988079071 2.4666666984558105 2.4600000381469727
v 1.375 2.4666666984558105 2.4600000381469727
v 0.824999988079071 2.4666666984558105 2.5399999618530273
v 1.375 2.4666666984558105 2.5399999618530273
v 0.824999988079071 1.184000015258789 2.5399999618530273
v 1.375 1.184000015258789 2.5399999618530273
v 0.824999988079071 1.184000015258789 2.4600000381469727
v 1.375 1.184000015258789 2.4600000381469727
v 0.824999988079071 2.4666666984558105 2.5399999618530273
v 1.375 2.4666666984558105 2.5399999618530273
v 0.824999988079071 1.184000015258789 2.5399999618530273
v 1.375 1.184000015258789 2.5399999618530273
v 1.375 2.4666666984558105 2.4600000381469727
v 0.824999988079071 2.4666666984558105 2.4600000381469727
v 1.375 1.184000015258789 2.4600000381469727
v 0.824999988079071 1.184000015258789 2.4600000381469727
vt 0 1
vt 1 1
vt 0 0
vt 1 0
vt 0 1
vt 1 1
vt 0 0
vt 1 0
vt 0 1
vt 1 1
vt 0 0
vt 1 0
vt 0 1
vt 1 1
vt 0 0
vt 1 0
vt 0 1
vt 1 1
vt 0 0
vt 1 0
vt 0 1
vt 1 1
vt 0 0
vt 1 0
vn 1 0 0
vn 1 0 0
vn 1 0 0
vn 1 0 0
vn -1 0 0
vn -1 0 0
vn -1 0 0
vn -1 0 0
vn 0 1 0
vn 0 1 0
vn 0 1 0
vn 0 1 0
vn 0 -1 0
vn 0 -1 0
vn 0 -1 0
vn 0 -1 0
vn 0 0 1
vn 0 0 1
vn 0 0 1
vn 0 0 1
vn 0 0 -1
vn 0 0 -1
vn 0 0 -1
vn 0 0 -1
f 1396/736/1396 1398/738/1398 1397/737/1397
f 1398/738/1398 1399/739/1399 1397/737/1397
f 1400/740/1400 1402/742/1402 1401/741/1401
f 1402/742/1402 1403/743/1403 1401/741/1401
f 1404/744/1404 1406/746/1406 1405/745/1405
f 1406/746/1406 1407/747/1407 1405/745/1405
f 1408/748/1408 1410/750/1410 1409/749/1409
f 1410/750/1410 1411/751/1411 1409/749/1409
f 1412/752/1412 1414/754/1414 1413/753/1413
f 1414/754/1414 1415/755/1415 1413/753/1413
f 1416/756/1416 1418/758/1418 1417/757/1417
f 1418/758/1418 1419/759/1419 1417/757/1417
o slit_zp_l
usemtl glass
v -0.824999988079071 6.018666744232178 2.5399999618530273
v -0.824999988079071 6.018666744232178 2.4600000381469727
v -0.824999988079071 4.440000057220459 2.5399999618530273
v -0.824999988079071 4.440000057220459 2.4600000381469727
v -1.375 6.018666744232178 2.4600000381469727
v -1.375 6.018666744232178 2.5399999618530273
v -1.375 4.440000057220459 2.4600000381469727
v -1.375 4.440000057220459 2.5399999618530273
v -1.375 6.018666744232178 2.4600000381469727
v -0.824999988079071 6.018666744232178 2.4600000381469727
v -1.375 6.018666744232178 2.5399999618530273
v -0.824999988079071 6.018666744232178 2.5399999618530273
v -1.375 4.440000057220459 2.5399999618530273
v -0.824999988079071 4.440000057220459 2.5399999618530273
v -1.375 4.440000057220459 2.4600000381469727
v -0.824999988079071 4.440000057220459 2.4600000381469727
v -1.375 6.018666744232178 2.5399999618530273
v -0.824999988079071 6.018666744232178 2.5399999618530273
v -1.375 4.440000057220459 2.5399999618530273
v -0.824999988079071 4.440000057220459 2.5399999618530273
v -0.824999988079071 6.018666744232178 2.4600000381469727
v -1.375 6.018666744232178 2.4600000381469727
v -0.824999988079071 4.440000057220459 2.4600000381469727
v -1.375 4.440000057220459 2.4600000381469727
vt 0 1
vt 1 1
vt 0 0
vt 1 0
vt 0 1
vt 1 1
vt 0 0
vt 1 0
vt 0 1
vt 1 1
vt 0 0
vt 1 0
vt 0 1
vt 1 1
vt 0 0
vt 1 0
vt 0 1
vt 1 1
vt 0 0
vt 1 0
vt 0 1
vt 1 1
vt 0 0
vt 1 0
vn 1 0 0
vn 1 0 0
vn 1 0 0
vn 1 0 0
vn -1 0 0
vn -1 0 0
vn -1 0 0
vn -1 0 0
vn 0 1 0
vn 0 1 0
vn 0 1 0
vn 0 1 0
vn 0 -1 0
vn 0 -1 0
vn 0 -1 0
vn 0 -1 0
vn 0 0 1
vn 0 0 1
vn 0 0 1
vn 0 0 1
vn 0 0 -1
vn 0 0 -1
vn 0 0 -1
vn 0 0 -1
f 1420/760/1420 1422/762/1422 1421/761/1421
f 1422/762/1422 1423/763/1423 1421/761/1421
f 1424/764/1424 1426/766/1426 1425/765/1425
f 1426/766/1426 1427/767/1427 1425/765/1425
f 1428/768/1428 1430/770/1430 1429/769/1429
f 1430/770/1430 1431/771/1431 1429/769/1429
f 1432/772/1432 1434/774/1434 1433/773/1433
f 1434/774/1434 1435/775/1435 1433/773/1433
f 1436/776/1436 1438/778/1438 1437/777/1437
f 1438/778/1438 1439/779/1439 1437/777/1437
f 1440/780/1440 1442/782/1442 1441/781/1441
f 1442/782/1442 1443/783/1443 1441/781/1441
o slit_zm_l
usemtl glass
v -0.824999988079071 6.018666744232178 -2.4600000381469727
v -0.824999988079071 6.018666744232178 -2.5399999618530273
v -0.824999988079071 4.440000057220459 -2.4600000381469727
v -0.824999988079071 4.440000057220459 -2.5399999618530273
v -1.375 6.018666744232178 -2.5399999618530273
v -1.375 6.018666744232178 -2.4600000381469727
v -1.375 4.440000057220459 -2.5399999618530273
v -1.375 4.440000057220459 -2.4600000381469727
v -1.375 6.018666744232178 -2.5399999618530273
v -0.824999988079071 6.018666744232178 -2.5399999618530273
v -1.375 6.018666744232178 -2.4600000381469727
v -0.824999988079071 6.018666744232178 -2.4600000381469727
v -1.375 4.440000057220459 -2.4600000381469727
v -0.824999988079071 4.440000057220459 -2.4600000381469727
v -1.375 4.440000057220459 -2.5399999618530273
v -0.824999988079071 4.440000057220459 -2.5399999618530273
v -1.375 6.018666744232178 -2.4600000381469727
v -0.824999988079071 6.018666744232178 -2.4600000381469727
v -1.375 4.440000057220459 -2.4600000381469727
v -0.824999988079071 4.440000057220459 -2.4600000381469727
v -0.824999988079071 6.018666744232178 -2.5399999618530273
v -1.375 6.018666744232178 -2.5399999618530273
v -0.824999988079071 4.440000057220459 -2.5399999618530273
v -1.375 4.440000057220459 -2.5399999618530273
vt 0 1
vt 1 1
vt 0 0
vt 1 0
vt 0 1
vt 1 1
vt 0 0
vt 1 0
vt 0 1
vt 1 1
vt 0 0
vt 1 0
vt 0 1
vt 1 1
vt 0 0
vt 1 0
vt 0 1
vt 1 1
vt 0 0
vt 1 0
vt 0 1
vt 1 1
vt 0 0
vt 1 0
vn 1 0 0
vn 1 0 0
vn 1 0 0
vn 1 0 0
vn -1 0 0
vn -1 0 0
vn -1 0 0
vn -1 0 0
vn 0 1 0
vn 0 1 0
vn 0 1 0
vn 0 1 0
vn 0 -1 0
vn 0 -1 0
vn 0 -1 0
vn 0 -1 0
vn 0 0 1
vn 0 0 1
vn 0 0 1
vn 0 0 1
vn 0 0 -1
vn 0 0 -1
vn 0 0 -1
vn 0 0 -1
f 1444/784/1444 1446/786/1446 1445/785/1445
f 1446/786/1446 1447/787/1447 1445/785/1445
f 1448/788/1448 1450/790/1450 1449/789/1449
f 1450/790/1450 1451/791/1451 1449/789/1449
f 1452/792/1452 1454/794/1454 1453/793/1453
f 1454/794/1454 1455/795/1455 1453/793/1453
f 1456/796/1456 1458/798/1458 1457/797/1457
f 1458/798/1458 1459/799/1459 1457/797/1457
f 1460/800/1460 1462/802/1462 1461/801/1461
f 1462/802/1462 1463/803/1463 1461/801/1461
f 1464/804/1464 1466/806/1466 1465/805/1465
f 1466/806/1466 1467/807/1467 1465/805/1465
o slit_x_l
usemtl glass
v -2.2799999713897705 6.018666744232178 0.2750000059604645
v -2.2799999713897705 6.018666744232178 -0.2750000059604645
v -2.2799999713897705 4.440000057220459 0.2750000059604645
v -2.2799999713897705 4.440000057220459 -0.2750000059604645
v -2.359999895095825 6.018666744232178 -0.2750000059604645
v -2.359999895095825 6.018666744232178 0.2750000059604645
v -2.359999895095825 4.440000057220459 -0.2750000059604645
v -2.359999895095825 4.440000057220459 0.2750000059604645
v -2.359999895095825 6.018666744232178 -0.2750000059604645
v -2.2799999713897705 6.018666744232178 -0.2750000059604645
v -2.359999895095825 6.018666744232178 0.2750000059604645
v -2.2799999713897705 6.018666744232178 0.2750000059604645
v -2.359999895095825 4.440000057220459 0.2750000059604645
v -2.2799999713897705 4.440000057220459 0.2750000059604645
v -2.359999895095825 4.440000057220459 -0.2750000059604645
v -2.2799999713897705 4.440000057220459 -0.2750000059604645
v -2.359999895095825 6.018666744232178 0.2750000059604645
v -2.2799999713897705 6.018666744232178 0.2750000059604645
v -2.359999895095825 4.440000057220459 0.2750000059604645
v -2.2799999713897705 4.440000057220459 0.2750000059604645
v -2.2799999713897705 6.018666744232178 -0.2750000059604645
v -2.359999895095825 6.018666744232178 -0.2750000059604645
v -2.2799999713897705 4.440000057220459 -0.2750000059604645
v -2.359999895095825 4.440000057220459 -0.2750000059604645
vt 0 1
vt 1 1
vt 0 0
vt 1 0
vt 0 1
vt 1 1
vt 0 0
vt 1 0
vt 0 1
vt 1 1
vt 0 0
vt 1 0
vt 0 1
vt 1 1
vt 0 0
vt 1 0
vt 0 1
vt 1 1
vt 0 0
vt 1 0
vt 0 1
vt 1 1
vt 0 0
vt 1 0
vn 1 0 0
vn 1 0 0
vn 1 0 0
vn 1 0 0
vn -1 0 0
vn -1 0 0
vn -1 0 0
vn -1 0 0
vn 0 1 0
vn 0 1 0
vn 0 1 0
vn 0 1 0
vn 0 -1 0
vn 0 -1 0
vn 0 -1 0
vn 0 -1 0
vn 0 0 1
vn 0 0 1
vn 0 0 1
vn 0 0 1
vn 0 0 -1
vn 0 0 -1
vn 0 0 -1
vn 0 0 -1
f 1468/808/1468 1470/810/1470 1469/809/1469
f 1470/810/1470 1471/811/1471 1469/809/1469
f 1472/812/1472 1474/814/1474 1473/813/1473
f 1474/814/1474 1475/815/1475 1473/813/1473
f 1476/816/1476 1478/818/1478 1477/817/1477
f 1478/818/1478 1479/819/1479 1477/817/1477
f 1480/820/1480 1482/822/1482 1481/821/1481
f 1482/822/1482 1483/823/1483 1481/821/1481
f 1484/824/1484 1486/826/1486 1485/825/1485
f 1486/826/1486 1487/827/1487 1485/825/1485
f 1488/828/1488 1490/830/1490 1489/829/1489
f 1490/830/1490 1491/831/1491 1489/829/1489
o door_slit_l
usemtl glass
v -0.824999988079071 2.4666666984558105 2.5399999618530273
v -0.824999988079071 2.4666666984558105 2.4600000381469727
v -0.824999988079071 1.184000015258789 2.5399999618530273
v -0.824999988079071 1.184000015258789 2.4600000381469727
v -1.375 2.4666666984558105 2.4600000381469727
v -1.375 2.4666666984558105 2.5399999618530273
v -1.375 1.184000015258789 2.4600000381469727
v -1.375 1.184000015258789 2.5399999618530273
v -1.375 2.4666666984558105 2.4600000381469727
v -0.824999988079071 2.4666666984558105 2.4600000381469727
v -1.375 2.4666666984558105 2.5399999618530273
v -0.824999988079071 2.4666666984558105 2.5399999618530273
v -1.375 1.184000015258789 2.5399999618530273
v -0.824999988079071 1.184000015258789 2.5399999618530273
v -1.375 1.184000015258789 2.4600000381469727
v -0.824999988079071 1.184000015258789 2.4600000381469727
v -1.375 2.4666666984558105 2.5399999618530273
v -0.824999988079071 2.4666666984558105 2.5399999618530273
v -1.375 1.184000015258789 2.5399999618530273
v -0.824999988079071 1.184000015258789 2.5399999618530273
v -0.824999988079071 2.4666666984558105 2.4600000381469727
v -1.375 2.4666666984558105 2.4600000381469727
v -0.824999988079071 1.184000015258789 2.4600000381469727
v -1.375 1.184000015258789 2.4600000381469727
vt 0 1
vt 1 1
vt 0 0
vt 1 0
vt 0 1
vt 1 1
vt 0 0
vt 1 0
vt 0 1
vt 1 1
vt 0 0
vt 1 0
vt 0 1
vt 1 1
vt 0 0
vt 1 0
vt 0 1
vt 1 1
vt 0 0
vt 1 0
vt 0 1
vt 1 1
vt 0 0
vt 1 0
vn 1 0 0
vn 1 0 0
vn 1 0 0
vn 1 0 0
vn -1 0 0
vn -1 0 0
vn -1 0 0
vn -1 0 0
vn 0 1 0
vn 0 1 0
vn 0 1 0
vn 0 1 0
vn 0 -1 0
vn 0 -1 0
vn 0 -1 0
vn 0 -1 0
vn 0 0 1
vn 0 0 1
vn 0 0 1
vn 0 0 1
vn 0 0 -1
vn 0 0 -1
vn 0 0 -1
vn 0 0 -1
f 1492/832/1492 1494/834/1494 1493/833/1493
f 1494/834/1494 1495/835/1495 1493/833/1493
f 1496/836/1496 1498/838/1498 1497/837/1497
f 1498/838/1498 1499/839/1499 1497/837/1497
f 1500/840/1500 1502/842/1502 1501/841/1501
f 1502/842/1502 1503/843/1503 1501/841/1501
f 1504/844/1504 1506/846/1506 1505/845/1505
f 1506/846/1506 1507/847/1507 1505/845/1505
f 1508/848/1508 1510/850/1510 1509/849/1509
f 1510/850/1510 1511/851/1511 1509/849/1509
f 1512/852/1512 1514/854/1514 1513/853/1513
f 1514/854/1514 1515/855/1515 1513/853/1513
