mtllib locker.mtl
o plinth
usemtl metal
v -0.7300000190734863 0.029999997466802597 -0.4005494713783264
v -0.7300000190734863 0.12999999523162842 0.351098895072937
v -0.7300000190734863 0.12999999523162842 -0.4005494713783264
v -0.7300000190734863 0.029999997466802597 -0.4005494713783264
v -0.7300000190734863 0.029999997466802597 0.351098895072937
v -0.7300000190734863 0.12999999523162842 0.351098895072937
v 0.7300000190734863 0.029999997466802597 -0.4005494713783264
v 0.7300000190734863 0.12999999523162842 -0.4005494713783264
v 0.7300000190734863 0.12999999523162842 0.351098895072937
v 0.7300000190734863 0.029999997466802597 -0.4005494713783264
v 0.7300000190734863 0.12999999523162842 0.351098895072937
v 0.7300000190734863 0.029999997466802597 0.351098895072937
v -0.699999988079071 0 -0.4005494713783264
v 0.699999988079071 0 -0.4005494713783264
v 0.699999988079071 0 0.351098895072937
v -0.699999988079071 0 -0.4005494713783264
v 0.699999988079071 0 0.351098895072937
v -0.699999988079071 0 0.351098895072937
v -0.699999988079071 0.1599999964237213 -0.4005494713783264
v 0.699999988079071 0.1599999964237213 0.351098895072937
v 0.699999988079071 0.1599999964237213 -0.4005494713783264
v -0.699999988079071 0.1599999964237213 -0.4005494713783264
v -0.699999988079071 0.1599999964237213 0.351098895072937
v 0.699999988079071 0.1599999964237213 0.351098895072937
v -0.699999988079071 0.029999997466802597 -0.43021976947784424
v 0.699999988079071 0.12999999523162842 -0.43021976947784424
v 0.699999988079071 0.029999997466802597 -0.43021976947784424
v -0.699999988079071 0.029999997466802597 -0.43021976947784424
v -0.699999988079071 0.12999999523162842 -0.43021976947784424
v 0.699999988079071 0.12999999523162842 -0.43021976947784424
v -0.699999988079071 0.029999997466802597 0.3807692527770996
v 0.699999988079071 0.029999997466802597 0.3807692527770996
v 0.699999988079071 0.12999999523162842 0.3807692527770996
v -0.699999988079071 0.029999997466802597 0.3807692527770996
v 0.699999988079071 0.12999999523162842 0.3807692527770996
v -0.699999988079071 0.12999999523162842 0.3807692527770996
v -0.7300000190734863 0.029999997466802597 -0.4005494713783264
v -0.699999988079071 0 -0.4005494713783264
v -0.699999988079071 0 0.351098895072937
v -0.7300000190734863 0.029999997466802597 -0.4005494713783264
v -0.699999988079071 0 0.351098895072937
v -0.7300000190734863 0.029999997466802597 0.351098895072937
v -0.7300000190734863 0.12999999523162842 -0.4005494713783264
v -0.699999988079071 0.1599999964237213 0.351098895072937
v -0.699999988079071 0.1599999964237213 -0.4005494713783264
v -0.7300000190734863 0.12999999523162842 -0.4005494713783264
v -0.7300000190734863 0.12999999523162842 0.351098895072937
v -0.699999988079071 0.1599999964237213 0.351098895072937
v 0.7300000190734863 0.029999997466802597 -0.4005494713783264
v 0.699999988079071 0 0.351098895072937
v 0.699999988079071 0 -0.4005494713783264
v 0.7300000190734863 0.029999997466802597 -0.4005494713783264
v 0.7300000190734863 0.029999997466802597 0.351098895072937
v 0.699999988079071 0 0.351098895072937
v 0.7300000190734863 0.12999999523162842 -0.4005494713783264
v 0.699999988079071 0.1599999964237213 -0.4005494713783264
v 0.699999988079071 0.1599999964237213 0.351098895072937
v 0.7300000190734863 0.12999999523162842 -0.4005494713783264
v 0.699999988079071 0.1599999964237213 0.351098895072937
v 0.7300000190734863 0.12999999523162842 0.351098895072937
v -0.7300000190734863 0.029999997466802597 -0.4005494713783264
v -0.699999988079071 0.12999999523162842 -0.43021976947784424
v -0.699999988079071 0.029999997466802597 -0.43021976947784424
v -0.7300000190734863 0.029999997466802597 -0.4005494713783264
v -0.7300000190734863 0.12999999523162842 -0.4005494713783264
v -0.699999988079071 0.12999999523162842 -0.43021976947784424
v -0.7300000190734863 0.029999997466802597 0.351098895072937
v -0.699999988079071 0.029999997466802597 0.3807692527770996
v -0.699999988079071 0.12999999523162842 0.3807692527770996
v -0.7300000190734863 0.029999997466802597 0.351098895072937
v -0.699999988079071 0.12999999523162842 0.3807692527770996
v -0.7300000190734863 0.12999999523162842 0.351098895072937
v 0.7300000190734863 0.029999997466802597 -0.4005494713783264
v 0.699999988079071 0.029999997466802597 -0.43021976947784424
v 0.699999988079071 0.12999999523162842 -0.43021976947784424
v 0.7300000190734863 0.029999997466802597 -0.4005494713783264
v 0.699999988079071 0.12999999523162842 -0.43021976947784424
v 0.7300000190734863 0.12999999523162842 -0.4005494713783264
v 0.7300000190734863 0.029999997466802597 0.351098895072937
v 0.699999988079071 0.12999999523162842 0.3807692527770996
v 0.699999988079071 0.029999997466802597 0.3807692527770996
v 0.7300000190734863 0.029999997466802597 0.351098895072937
v 0.7300000190734863 0.12999999523162842 0.351098895072937
v 0.699999988079071 0.12999999523162842 0.3807692527770996
v -0.699999988079071 0 -0.4005494713783264
v -0.699999988079071 0.029999997466802597 -0.43021976947784424
v 0.699999988079071 0.029999997466802597 -0.43021976947784424
v -0.699999988079071 0 -0.4005494713783264
v 0.699999988079071 0.029999997466802597 -0.43021976947784424
v 0.699999988079071 0 -0.4005494713783264
v -0.699999988079071 0 0.351098895072937
v 0.699999988079071 0.029999997466802597 0.3807692527770996
v -0.699999988079071 0.029999997466802597 0.3807692527770996
v -0.699999988079071 0 0.351098895072937
v 0.699999988079071 0 0.351098895072937
v 0.699999988079071 0.029999997466802597 0.3807692527770996
v -0.699999988079071 0.1599999964237213 -0.4005494713783264
v 0.699999988079071 0.12999999523162842 -0.43021976947784424
v -0.699999988079071 0.12999999523162842 -0.43021976947784424
v -0.699999988079071 0.1599999964237213 -0.4005494713783264
v 0.699999988079071 0.1599999964237213 -0.4005494713783264
v 0.699999988079071 0.12999999523162842 -0.43021976947784424
v -0.699999988079071 0.1599999964237213 0.351098895072937
v -0.699999988079071 0.12999999523162842 0.3807692527770996
v 0.699999988079071 0.12999999523162842 0.3807692527770996
v -0.699999988079071 0.1599999964237213 0.351098895072937
v 0.699999988079071 0.12999999523162842 0.3807692527770996
v 0.699999988079071 0.1599999964237213 0.351098895072937
v -0.7300000190734863 0.029999997466802597 -0.4005494713783264
v -0.699999988079071 0.029999997466802597 -0.43021976947784424
v -0.699999988079071 0 -0.4005494713783264
v -0.7300000190734863 0.029999997466802597 0.351098895072937
v -0.699999988079071 0 0.351098895072937
v -0.699999988079071 0.029999997466802597 0.3807692527770996
v -0.7300000190734863 0.12999999523162842 -0.4005494713783264
v -0.699999988079071 0.1599999964237213 -0.4005494713783264
v -0.699999988079071 0.12999999523162842 -0.43021976947784424
v -0.7300000190734863 0.12999999523162842 0.351098895072937
v -0.699999988079071 0.12999999523162842 0.3807692527770996
v -0.699999988079071 0.1599999964237213 0.351098895072937
v 0.7300000190734863 0.029999997466802597 -0.4005494713783264
v 0.699999988079071 0 -0.4005494713783264
v 0.699999988079071 0.029999997466802597 -0.43021976947784424
v 0.7300000190734863 0.029999997466802597 0.351098895072937
v 0.699999988079071 0.029999997466802597 0.3807692527770996
v 0.699999988079071 0 0.351098895072937
v 0.7300000190734863 0.12999999523162842 -0.4005494713783264
v 0.699999988079071 0.12999999523162842 -0.43021976947784424
v 0.699999988079071 0.1599999964237213 -0.4005494713783264
v 0.7300000190734863 0.12999999523162842 0.351098895072937
v 0.699999988079071 0.1599999964237213 0.351098895072937
v 0.699999988079071 0.12999999523162842 0.3807692527770996
vn -1 0 0
vn -1 0 0
vn -1 0 0
vn -1 0 0
vn -1 0 0
vn -1 0 0
vn 1 0 0
vn 1 0 0
vn 1 0 0
vn 1 0 0
vn 1 0 0
vn 1 0 0
vn 0 -1 0
vn 0 -1 0
vn 0 -1 0
vn 0 -1 0
vn 0 -1 0
vn 0 -1 0
vn 0 1 0
vn 0 1 0
vn 0 1 0
vn 0 1 0
vn 0 1 0
vn 0 1 0
vn 0 0 -1
vn 0 0 -1
vn 0 0 -1
vn 0 0 -1
vn 0 0 -1
vn 0 0 -1
vn 0 0 1
vn 0 0 1
vn 0 0 1
vn 0 0 1
vn 0 0 1
vn 0 0 1
vn -0.70710639375626 -0.7071071686166227 0
vn -0.70710639375626 -0.7071071686166227 0
vn -0.70710639375626 -0.7071071686166227 0
vn -0.70710639375626 -0.7071071686166227 0
vn -0.70710639375626 -0.7071071686166227 0
vn -0.70710639375626 -0.7071071686166227 0
vn -0.70710639375626 0.7071071686166227 0
vn -0.70710639375626 0.7071071686166227 0
vn -0.70710639375626 0.7071071686166227 0
vn -0.70710639375626 0.7071071686166227 0
vn -0.70710639375626 0.7071071686166227 0
vn -0.70710639375626 0.7071071686166227 0
vn 0.70710639375626 -0.7071071686166227 0
vn 0.70710639375626 -0.7071071686166227 0
vn 0.70710639375626 -0.7071071686166227 0
vn 0.70710639375626 -0.7071071686166227 0
vn 0.70710639375626 -0.7071071686166227 0
vn 0.70710639375626 -0.7071071686166227 0
vn 0.70710639375626 0.7071071686166227 0
vn 0.70710639375626 0.7071071686166227 0
vn 0.70710639375626 0.7071071686166227 0
vn 0.70710639375626 0.7071071686166227 0
vn 0.70710639375626 0.7071071686166227 0
vn 0.70710639375626 0.7071071686166227 0
vn -0.7031890523968128 0 -0.7110029230525513
vn -0.7031890523968128 0 -0.7110029230525513
vn -0.7031890523968128 0 -0.7110029230525513
vn -0.7031890523968128 0 -0.7110029230525513
vn -0.7031890523968128 0 -0.7110029230525513
vn -0.7031890523968128 0 -0.7110029230525513
vn -0.7031890523968128 0 0.7110029230525513
vn -0.7031890523968128 0 0.7110029230525513
vn -0.7031890523968128 0 0.7110029230525513
vn -0.7031890523968128 0 0.7110029230525513
vn -0.7031890523968128 0 0.7110029230525513
vn -0.7031890523968128 0 0.7110029230525513
vn 0.7031890523968128 0 -0.7110029230525513
vn 0.7031890523968128 0 -0.7110029230525513
vn 0.7031890523968128 0 -0.7110029230525513
vn 0.7031890523968128 0 -0.7110029230525513
vn 0.7031890523968128 0 -0.7110029230525513
vn 0.7031890523968128 0 -0.7110029230525513
vn 0.7031890523968128 0 0.7110029230525513
vn 0.7031890523968128 0 0.7110029230525513
vn 0.7031890523968128 0 0.7110029230525513
vn 0.7031890523968128 0 0.7110029230525513
vn 0.7031890523968128 0 0.7110029230525513
vn 0.7031890523968128 0 0.7110029230525513
vn 0 -0.7031894119896134 -0.7110025674114699
vn 0 -0.7031894119896134 -0.7110025674114699
vn 0 -0.7031894119896134 -0.7110025674114699
vn 0 -0.7031894119896134 -0.7110025674114699
vn 0 -0.7031894119896134 -0.7110025674114699
vn 0 -0.7031894119896134 -0.7110025674114699
vn 0 -0.7031894119896134 0.7110025674114699
vn 0 -0.7031894119896134 0.7110025674114699
vn 0 -0.7031894119896134 0.7110025674114699
vn 0 -0.7031894119896134 0.7110025674114699
vn 0 -0.7031894119896134 0.7110025674114699
vn 0 -0.7031894119896134 0.7110025674114699
vn 0 0.7031894119896134 -0.7110025674114699
vn 0 0.7031894119896134 -0.7110025674114699
vn 0 0.7031894119896134 -0.7110025674114699
vn 0 0.7031894119896134 -0.7110025674114699
vn 0 0.7031894119896134 -0.7110025674114699
vn 0 0.7031894119896134 -0.7110025674114699
vn 0 0.7031894119896134 0.7110025674114699
vn 0 0.7031894119896134 0.7110025674114699
vn 0 0.7031894119896134 0.7110025674114699
vn 0 0.7031894119896134 0.7110025674114699
vn 0 0.7031894119896134 0.7110025674114699
vn 0 0.7031894119896134 0.7110025674114699
vn -0.5752115810151469 -0.5752122366662354 -0.5816034042674455
vn -0.5752115810151469 -0.5752122366662354 -0.5816034042674455
vn -0.5752115810151469 -0.5752122366662354 -0.5816034042674455
vn -0.5752115810151469 -0.5752122366662354 0.5816034042674455
vn -0.5752115810151469 -0.5752122366662354 0.5816034042674455
vn -0.5752115810151469 -0.5752122366662354 0.5816034042674455
vn -0.5752115810151469 0.5752122366662354 -0.5816034042674455
vn -0.5752115810151469 0.5752122366662354 -0.5816034042674455
vn -0.5752115810151469 0.5752122366662354 -0.5816034042674455
vn -0.5752115810151469 0.5752122366662354 0.5816034042674455
vn -0.5752115810151469 0.5752122366662354 0.5816034042674455
vn -0.5752115810151469 0.5752122366662354 0.5816034042674455
vn 0.5752115810151469 -0.5752122366662354 -0.5816034042674455
vn 0.5752115810151469 -0.5752122366662354 -0.5816034042674455
vn 0.5752115810151469 -0.5752122366662354 -0.5816034042674455
vn 0.5752115810151469 -0.5752122366662354 0.5816034042674455
vn 0.5752115810151469 -0.5752122366662354 0.5816034042674455
vn 0.5752115810151469 -0.5752122366662354 0.5816034042674455
vn 0.5752115810151469 0.5752122366662354 -0.5816034042674455
vn 0.5752115810151469 0.5752122366662354 -0.5816034042674455
vn 0.5752115810151469 0.5752122366662354 -0.5816034042674455
vn 0.5752115810151469 0.5752122366662354 0.5816034042674455
vn 0.5752115810151469 0.5752122366662354 0.5816034042674455
vn 0.5752115810151469 0.5752122366662354 0.5816034042674455
f 1//1 2//2 3//3
f 4//4 5//5 6//6
f 7//7 8//8 9//9
f 10//10 11//11 12//12
f 13//13 14//14 15//15
f 16//16 17//17 18//18
f 19//19 20//20 21//21
f 22//22 23//23 24//24
f 25//25 26//26 27//27
f 28//28 29//29 30//30
f 31//31 32//32 33//33
f 34//34 35//35 36//36
f 37//37 38//38 39//39
f 40//40 41//41 42//42
f 43//43 44//44 45//45
f 46//46 47//47 48//48
f 49//49 50//50 51//51
f 52//52 53//53 54//54
f 55//55 56//56 57//57
f 58//58 59//59 60//60
f 61//61 62//62 63//63
f 64//64 65//65 66//66
f 67//67 68//68 69//69
f 70//70 71//71 72//72
f 73//73 74//74 75//75
f 76//76 77//77 78//78
f 79//79 80//80 81//81
f 82//82 83//83 84//84
f 85//85 86//86 87//87
f 88//88 89//89 90//90
f 91//91 92//92 93//93
f 94//94 95//95 96//96
f 97//97 98//98 99//99
f 100//100 101//101 102//102
f 103//103 104//104 105//105
f 106//106 107//107 108//108
f 109//109 110//110 111//111
f 112//112 113//113 114//114
f 115//115 116//116 117//117
f 118//118 119//119 120//120
f 121//121 122//122 123//123
f 124//124 125//125 126//126
f 127//127 128//128 129//129
f 130//130 131//131 132//132
o cabinet
usemtl cobalt
v -0.75 0.18999993801116943 -0.41043955087661743
v -0.75 2.570000171661377 0.360988974571228
v -0.75 2.570000171661377 -0.41043955087661743
v -0.75 0.18999993801116943 -0.41043955087661743
v -0.75 0.18999993801116943 0.360988974571228
v -0.75 2.570000171661377 0.360988974571228
v 0.75 0.18999993801116943 -0.41043955087661743
v 0.75 2.570000171661377 -0.41043955087661743
v 0.75 2.570000171661377 0.360988974571228
v 0.75 0.18999993801116943 -0.41043955087661743
v 0.75 2.570000171661377 0.360988974571228
v 0.75 0.18999993801116943 0.360988974571228
v -0.7200000286102295 0.15999996662139893 -0.41043955087661743
v 0.7200000286102295 0.15999996662139893 -0.41043955087661743
v 0.7200000286102295 0.15999996662139893 0.360988974571228
v -0.7200000286102295 0.15999996662139893 -0.41043955087661743
v 0.7200000286102295 0.15999996662139893 0.360988974571228
v -0.7200000286102295 0.15999996662139893 0.360988974571228
v -0.7200000286102295 2.6000001430511475 -0.41043955087661743
v 0.7200000286102295 2.6000001430511475 0.360988974571228
v 0.7200000286102295 2.6000001430511475 -0.41043955087661743
v -0.7200000286102295 2.6000001430511475 -0.41043955087661743
v -0.7200000286102295 2.6000001430511475 0.360988974571228
v 0.7200000286102295 2.6000001430511475 0.360988974571228
v -0.7200000286102295 0.18999993801116943 -0.44010984897613525
v 0.7200000286102295 2.570000171661377 -0.44010984897613525
v 0.7200000286102295 0.18999993801116943 -0.44010984897613525
v -0.7200000286102295 0.18999993801116943 -0.44010984897613525
v -0.7200000286102295 2.570000171661377 -0.44010984897613525
v 0.7200000286102295 2.570000171661377 -0.44010984897613525
v -0.7200000286102295 0.18999993801116943 0.3906593322753906
v 0.7200000286102295 0.18999993801116943 0.3906593322753906
v 0.7200000286102295 2.570000171661377 0.3906593322753906
v -0.7200000286102295 0.18999993801116943 0.3906593322753906
v 0.7200000286102295 2.570000171661377 0.3906593322753906
v -0.7200000286102295 2.570000171661377 0.3906593322753906
v -0.75 0.18999993801116943 -0.41043955087661743
v -0.7200000286102295 0.15999996662139893 -0.41043955087661743
v -0.7200000286102295 0.15999996662139893 0.360988974571228
v -0.75 0.18999993801116943 -0.41043955087661743
v -0.7200000286102295 0.15999996662139893 0.360988974571228
v -0.75 0.18999993801116943 0.360988974571228
v -0.75 2.570000171661377 -0.41043955087661743
v -0.7200000286102295 2.6000001430511475 0.360988974571228
v -0.7200000286102295 2.6000001430511475 -0.41043955087661743
v -0.75 2.570000171661377 -0.41043955087661743
v -0.75 2.570000171661377 0.360988974571228
v -0.7200000286102295 2.6000001430511475 0.360988974571228
v 0.75 0.18999993801116943 -0.41043955087661743
v 0.7200000286102295 0.15999996662139893 0.360988974571228
v 0.7200000286102295 0.15999996662139893 -0.41043955087661743
v 0.75 0.18999993801116943 -0.41043955087661743
v 0.75 0.18999993801116943 0.360988974571228
v 0.7200000286102295 0.15999996662139893 0.360988974571228
v 0.75 2.570000171661377 -0.41043955087661743
v 0.7200000286102295 2.6000001430511475 -0.41043955087661743
v 0.7200000286102295 2.6000001430511475 0.360988974571228
v 0.75 2.570000171661377 -0.41043955087661743
v 0.7200000286102295 2.6000001430511475 0.360988974571228
v 0.75 2.570000171661377 0.360988974571228
v -0.75 0.18999993801116943 -0.41043955087661743
v -0.7200000286102295 2.570000171661377 -0.44010984897613525
v -0.7200000286102295 0.18999993801116943 -0.44010984897613525
v -0.75 0.18999993801116943 -0.41043955087661743
v -0.75 2.570000171661377 -0.41043955087661743
v -0.7200000286102295 2.570000171661377 -0.44010984897613525
v -0.75 0.18999993801116943 0.360988974571228
v -0.7200000286102295 0.18999993801116943 0.3906593322753906
v -0.7200000286102295 2.570000171661377 0.3906593322753906
v -0.75 0.18999993801116943 0.360988974571228
v -0.7200000286102295 2.570000171661377 0.3906593322753906
v -0.75 2.570000171661377 0.360988974571228
v 0.75 0.18999993801116943 -0.41043955087661743
v 0.7200000286102295 0.18999993801116943 -0.44010984897613525
v 0.7200000286102295 2.570000171661377 -0.44010984897613525
v 0.75 0.18999993801116943 -0.41043955087661743
v 0.7200000286102295 2.570000171661377 -0.44010984897613525
v 0.75 2.570000171661377 -0.41043955087661743
v 0.75 0.18999993801116943 0.360988974571228
v 0.7200000286102295 2.570000171661377 0.3906593322753906
v 0.7200000286102295 0.18999993801116943 0.3906593322753906
v 0.75 0.18999993801116943 0.360988974571228
v 0.75 2.570000171661377 0.360988974571228
v 0.7200000286102295 2.570000171661377 0.3906593322753906
v -0.7200000286102295 0.15999996662139893 -0.41043955087661743
v -0.7200000286102295 0.18999993801116943 -0.44010984897613525
v 0.7200000286102295 0.18999993801116943 -0.44010984897613525
v -0.7200000286102295 0.15999996662139893 -0.41043955087661743
v 0.7200000286102295 0.18999993801116943 -0.44010984897613525
v 0.7200000286102295 0.15999996662139893 -0.41043955087661743
v -0.7200000286102295 0.15999996662139893 0.360988974571228
v 0.7200000286102295 0.18999993801116943 0.3906593322753906
v -0.7200000286102295 0.18999993801116943 0.3906593322753906
v -0.7200000286102295 0.15999996662139893 0.360988974571228
v 0.7200000286102295 0.15999996662139893 0.360988974571228
v 0.7200000286102295 0.18999993801116943 0.3906593322753906
v -0.7200000286102295 2.6000001430511475 -0.41043955087661743
v 0.7200000286102295 2.570000171661377 -0.44010984897613525
v -0.7200000286102295 2.570000171661377 -0.44010984897613525
v -0.7200000286102295 2.6000001430511475 -0.41043955087661743
v 0.7200000286102295 2.6000001430511475 -0.41043955087661743
v 0.7200000286102295 2.570000171661377 -0.44010984897613525
v -0.7200000286102295 2.6000001430511475 0.360988974571228
v -0.7200000286102295 2.570000171661377 0.3906593322753906
v 0.7200000286102295 2.570000171661377 0.3906593322753906
v -0.7200000286102295 2.6000001430511475 0.360988974571228
v 0.7200000286102295 2.570000171661377 0.3906593322753906
v 0.7200000286102295 2.6000001430511475 0.360988974571228
v -0.75 0.18999993801116943 -0.41043955087661743
v -0.7200000286102295 0.18999993801116943 -0.44010984897613525
v -0.7200000286102295 0.15999996662139893 -0.41043955087661743
v -0.75 0.18999993801116943 0.360988974571228
v -0.7200000286102295 0.15999996662139893 0.360988974571228
v -0.7200000286102295 0.18999993801116943 0.3906593322753906
v -0.75 2.570000171661377 -0.41043955087661743
v -0.7200000286102295 2.6000001430511475 -0.41043955087661743
v -0.7200000286102295 2.570000171661377 -0.44010984897613525
v -0.75 2.570000171661377 0.360988974571228
v -0.7200000286102295 2.570000171661377 0.3906593322753906
v -0.7200000286102295 2.6000001430511475 0.360988974571228
v 0.75 0.18999993801116943 -0.41043955087661743
v 0.7200000286102295 0.15999996662139893 -0.41043955087661743
v 0.7200000286102295 0.18999993801116943 -0.44010984897613525
v 0.75 0.18999993801116943 0.360988974571228
v 0.7200000286102295 0.18999993801116943 0.3906593322753906
v 0.7200000286102295 0.15999996662139893 0.360988974571228
v 0.75 2.570000171661377 -0.41043955087661743
v 0.7200000286102295 2.570000171661377 -0.44010984897613525
v 0.7200000286102295 2.6000001430511475 -0.41043955087661743
v 0.75 2.570000171661377 0.360988974571228
v 0.7200000286102295 2.6000001430511475 0.360988974571228
v 0.7200000286102295 2.570000171661377 0.3906593322753906
vn -1 0 0
vn -1 0 0
vn -1 0 0
vn -1 0 0
vn -1 0 0
vn -1 0 0
vn 1 0 0
vn 1 0 0
vn 1 0 0
vn 1 0 0
vn 1 0 0
vn 1 0 0
vn 0 -1 0
vn 0 -1 0
vn 0 -1 0
vn 0 -1 0
vn 0 -1 0
vn 0 -1 0
vn 0 1 0
vn 0 1 0
vn 0 1 0
vn 0 1 0
vn 0 1 0
vn 0 1 0
vn 0 0 -1
vn 0 0 -1
vn 0 0 -1
vn 0 0 -1
vn 0 0 -1
vn 0 0 -1
vn 0 0 1
vn 0 0 1
vn 0 0 1
vn 0 0 1
vn 0 0 1
vn 0 0 1
vn -0.7071067811865476 -0.7071067811865476 0
vn -0.7071067811865476 -0.7071067811865476 0
vn -0.7071067811865476 -0.7071067811865476 0
vn -0.7071067811865476 -0.7071067811865476 0
vn -0.7071067811865476 -0.7071067811865476 0
vn -0.7071067811865476 -0.7071067811865476 0
vn -0.7071067811865476 0.7071067811865476 0
vn -0.7071067811865476 0.7071067811865476 0
vn -0.7071067811865476 0.7071067811865476 0
vn -0.7071067811865476 0.7071067811865476 0
vn -0.7071067811865476 0.7071067811865476 0
vn -0.7071067811865476 0.7071067811865476 0
vn 0.7071067811865476 -0.7071067811865476 0
vn 0.7071067811865476 -0.7071067811865476 0
vn 0.7071067811865476 -0.7071067811865476 0
vn 0.7071067811865476 -0.7071067811865476 0
vn 0.7071067811865476 -0.7071067811865476 0
vn 0.7071067811865476 -0.7071067811865476 0
vn 0.7071067811865476 0.7071067811865476 0
vn 0.7071067811865476 0.7071067811865476 0
vn 0.7071067811865476 0.7071067811865476 0
vn 0.7071067811865476 0.7071067811865476 0
vn 0.7071067811865476 0.7071067811865476 0
vn 0.7071067811865476 0.7071067811865476 0
vn -0.7031897414506477 0 -0.711002241570708
vn -0.7031897414506477 0 -0.711002241570708
vn -0.7031897414506477 0 -0.711002241570708
vn -0.7031897414506477 0 -0.711002241570708
vn -0.7031897414506477 0 -0.711002241570708
vn -0.7031897414506477 0 -0.711002241570708
vn -0.7031897414506477 0 0.711002241570708
vn -0.7031897414506477 0 0.711002241570708
vn -0.7031897414506477 0 0.711002241570708
vn -0.7031897414506477 0 0.711002241570708
vn -0.7031897414506477 0 0.711002241570708
vn -0.7031897414506477 0 0.711002241570708
vn 0.7031897414506477 0 -0.711002241570708
vn 0.7031897414506477 0 -0.711002241570708
vn 0.7031897414506477 0 -0.711002241570708
vn 0.7031897414506477 0 -0.711002241570708
vn 0.7031897414506477 0 -0.711002241570708
vn 0.7031897414506477 0 -0.711002241570708
vn 0.7031897414506477 0 0.711002241570708
vn 0.7031897414506477 0 0.711002241570708
vn 0.7031897414506477 0 0.711002241570708
vn 0.7031897414506477 0 0.711002241570708
vn 0.7031897414506477 0 0.711002241570708
vn 0.7031897414506477 0 0.711002241570708
vn 0 -0.7031897414506477 -0.711002241570708
vn 0 -0.7031897414506477 -0.711002241570708
vn 0 -0.7031897414506477 -0.711002241570708
vn 0 -0.7031897414506477 -0.711002241570708
vn 0 -0.7031897414506477 -0.711002241570708
vn 0 -0.7031897414506477 -0.711002241570708
vn 0 -0.7031897414506477 0.711002241570708
vn 0 -0.7031897414506477 0.711002241570708
vn 0 -0.7031897414506477 0.711002241570708
vn 0 -0.7031897414506477 0.711002241570708
vn 0 -0.7031897414506477 0.711002241570708
vn 0 -0.7031897414506477 0.711002241570708
vn 0 0.7031897414506477 -0.711002241570708
vn 0 0.7031897414506477 -0.711002241570708
vn 0 0.7031897414506477 -0.711002241570708
vn 0 0.7031897414506477 -0.711002241570708
vn 0 0.7031897414506477 -0.711002241570708
vn 0 0.7031897414506477 -0.711002241570708
vn 0 0.7031897414506477 0.711002241570708
vn 0 0.7031897414506477 0.711002241570708
vn 0 0.7031897414506477 0.711002241570708
vn 0 0.7031897414506477 0.711002241570708
vn 0 0.7031897414506477 0.711002241570708
vn 0 0.7031897414506477 0.711002241570708
vn -0.5752121790337388 -0.5752121790337388 -0.5816028698197044
vn -0.5752121790337388 -0.5752121790337388 -0.5816028698197044
vn -0.5752121790337388 -0.5752121790337388 -0.5816028698197044
vn -0.5752121790337388 -0.5752121790337388 0.5816028698197044
vn -0.5752121790337388 -0.5752121790337388 0.5816028698197044
vn -0.5752121790337388 -0.5752121790337388 0.5816028698197044
vn -0.5752121790337388 0.5752121790337388 -0.5816028698197044
vn -0.5752121790337388 0.5752121790337388 -0.5816028698197044
vn -0.5752121790337388 0.5752121790337388 -0.5816028698197044
vn -0.5752121790337388 0.5752121790337388 0.5816028698197044
vn -0.5752121790337388 0.5752121790337388 0.5816028698197044
vn -0.5752121790337388 0.5752121790337388 0.5816028698197044
vn 0.5752121790337388 -0.5752121790337388 -0.5816028698197044
vn 0.5752121790337388 -0.5752121790337388 -0.5816028698197044
vn 0.5752121790337388 -0.5752121790337388 -0.5816028698197044
vn 0.5752121790337388 -0.5752121790337388 0.5816028698197044
vn 0.5752121790337388 -0.5752121790337388 0.5816028698197044
vn 0.5752121790337388 -0.5752121790337388 0.5816028698197044
vn 0.5752121790337388 0.5752121790337388 -0.5816028698197044
vn 0.5752121790337388 0.5752121790337388 -0.5816028698197044
vn 0.5752121790337388 0.5752121790337388 -0.5816028698197044
vn 0.5752121790337388 0.5752121790337388 0.5816028698197044
vn 0.5752121790337388 0.5752121790337388 0.5816028698197044
vn 0.5752121790337388 0.5752121790337388 0.5816028698197044
f 133//133 134//134 135//135
f 136//136 137//137 138//138
f 139//139 140//140 141//141
f 142//142 143//143 144//144
f 145//145 146//146 147//147
f 148//148 149//149 150//150
f 151//151 152//152 153//153
f 154//154 155//155 156//156
f 157//157 158//158 159//159
f 160//160 161//161 162//162
f 163//163 164//164 165//165
f 166//166 167//167 168//168
f 169//169 170//170 171//171
f 172//172 173//173 174//174
f 175//175 176//176 177//177
f 178//178 179//179 180//180
f 181//181 182//182 183//183
f 184//184 185//185 186//186
f 187//187 188//188 189//189
f 190//190 191//191 192//192
f 193//193 194//194 195//195
f 196//196 197//197 198//198
f 199//199 200//200 201//201
f 202//202 203//203 204//204
f 205//205 206//206 207//207
f 208//208 209//209 210//210
f 211//211 212//212 213//213
f 214//214 215//215 216//216
f 217//217 218//218 219//219
f 220//220 221//221 222//222
f 223//223 224//224 225//225
f 226//226 227//227 228//228
f 229//229 230//230 231//231
f 232//232 233//233 234//234
f 235//235 236//236 237//237
f 238//238 239//239 240//240
f 241//241 242//242 243//243
f 244//244 245//245 246//246
f 247//247 248//248 249//249
f 250//250 251//251 252//252
f 253//253 254//254 255//255
f 256//256 257//257 258//258
f 259//259 260//260 261//261
f 262//262 263//263 264//264
o top_cap
usemtl cream
v -0.75 2.609999895095825 -0.4203296899795532
v -0.75 2.6700000762939453 0.3708791136741638
v -0.75 2.6700000762939453 -0.4203296899795532
v -0.75 2.609999895095825 -0.4203296899795532
v -0.75 2.609999895095825 0.3708791136741638
v -0.75 2.6700000762939453 0.3708791136741638
v 0.75 2.609999895095825 -0.4203296899795532
v 0.75 2.6700000762939453 -0.4203296899795532
v 0.75 2.6700000762939453 0.3708791136741638
v 0.75 2.609999895095825 -0.4203296899795532
v 0.75 2.6700000762939453 0.3708791136741638
v 0.75 2.609999895095825 0.3708791136741638
v -0.7200000286102295 2.5799999237060547 -0.4203296899795532
v 0.7200000286102295 2.5799999237060547 -0.4203296899795532
v 0.7200000286102295 2.5799999237060547 0.3708791136741638
v -0.7200000286102295 2.5799999237060547 -0.4203296899795532
v 0.7200000286102295 2.5799999237060547 0.3708791136741638
v -0.7200000286102295 2.5799999237060547 0.3708791136741638
v -0.7200000286102295 2.700000047683716 -0.4203296899795532
v 0.7200000286102295 2.700000047683716 0.3708791136741638
v 0.7200000286102295 2.700000047683716 -0.4203296899795532
v -0.7200000286102295 2.700000047683716 -0.4203296899795532
v -0.7200000286102295 2.700000047683716 0.3708791136741638
v 0.7200000286102295 2.700000047683716 0.3708791136741638
v -0.7200000286102295 2.609999895095825 -0.44999998807907104
v 0.7200000286102295 2.6700000762939453 -0.44999998807907104
v 0.7200000286102295 2.609999895095825 -0.44999998807907104
v -0.7200000286102295 2.609999895095825 -0.44999998807907104
v -0.7200000286102295 2.6700000762939453 -0.44999998807907104
v 0.7200000286102295 2.6700000762939453 -0.44999998807907104
v -0.7200000286102295 2.609999895095825 0.4005494713783264
v 0.7200000286102295 2.609999895095825 0.4005494713783264
v 0.7200000286102295 2.6700000762939453 0.4005494713783264
v -0.7200000286102295 2.609999895095825 0.4005494713783264
v 0.7200000286102295 2.6700000762939453 0.4005494713783264
v -0.7200000286102295 2.6700000762939453 0.4005494713783264
v -0.75 2.609999895095825 -0.4203296899795532
v -0.7200000286102295 2.5799999237060547 -0.4203296899795532
v -0.7200000286102295 2.5799999237060547 0.3708791136741638
v -0.75 2.609999895095825 -0.4203296899795532
v -0.7200000286102295 2.5799999237060547 0.3708791136741638
v -0.75 2.609999895095825 0.3708791136741638
v -0.75 2.6700000762939453 -0.4203296899795532
v -0.7200000286102295 2.700000047683716 0.3708791136741638
v -0.7200000286102295 2.700000047683716 -0.4203296899795532
v -0.75 2.6700000762939453 -0.4203296899795532
v -0.75 2.6700000762939453 0.3708791136741638
v -0.7200000286102295 2.700000047683716 0.3708791136741638
v 0.75 2.609999895095825 -0.4203296899795532
v 0.7200000286102295 2.5799999237060547 0.3708791136741638
v 0.7200000286102295 2.5799999237060547 -0.4203296899795532
v 0.75 2.609999895095825 -0.4203296899795532
v 0.75 2.609999895095825 0.3708791136741638
v 0.7200000286102295 2.5799999237060547 0.3708791136741638
v 0.75 2.6700000762939453 -0.4203296899795532
v 0.7200000286102295 2.700000047683716 -0.4203296899795532
v 0.7200000286102295 2.700000047683716 0.3708791136741638
v 0.75 2.6700000762939453 -0.4203296899795532
v 0.7200000286102295 2.700000047683716 0.3708791136741638
v 0.75 2.6700000762939453 0.3708791136741638
v -0.75 2.609999895095825 -0.4203296899795532
v -0.7200000286102295 2.6700000762939453 -0.44999998807907104
v -0.7200000286102295 2.609999895095825 -0.44999998807907104
v -0.75 2.609999895095825 -0.4203296899795532
v -0.75 2.6700000762939453 -0.4203296899795532
v -0.7200000286102295 2.6700000762939453 -0.44999998807907104
v -0.75 2.609999895095825 0.3708791136741638
v -0.7200000286102295 2.609999895095825 0.4005494713783264
v -0.7200000286102295 2.6700000762939453 0.4005494713783264
v -0.75 2.609999895095825 0.3708791136741638
v -0.7200000286102295 2.6700000762939453 0.4005494713783264
v -0.75 2.6700000762939453 0.3708791136741638
v 0.75 2.609999895095825 -0.4203296899795532
v 0.7200000286102295 2.609999895095825 -0.44999998807907104
v 0.7200000286102295 2.6700000762939453 -0.44999998807907104
v 0.75 2.609999895095825 -0.4203296899795532
v 0.7200000286102295 2.6700000762939453 -0.44999998807907104
v 0.75 2.6700000762939453 -0.4203296899795532
v 0.75 2.609999895095825 0.3708791136741638
v 0.7200000286102295 2.6700000762939453 0.4005494713783264
v 0.7200000286102295 2.609999895095825 0.4005494713783264
v 0.75 2.609999895095825 0.3708791136741638
v 0.75 2.6700000762939453 0.3708791136741638
v 0.7200000286102295 2.6700000762939453 0.4005494713783264
v -0.7200000286102295 2.5799999237060547 -0.4203296899795532
v -0.7200000286102295 2.609999895095825 -0.44999998807907104
v 0.7200000286102295 2.609999895095825 -0.44999998807907104
v -0.7200000286102295 2.5799999237060547 -0.4203296899795532
v 0.7200000286102295 2.609999895095825 -0.44999998807907104
v 0.7200000286102295 2.5799999237060547 -0.4203296899795532
v -0.7200000286102295 2.5799999237060547 0.3708791136741638
v 0.7200000286102295 2.609999895095825 0.4005494713783264
v -0.7200000286102295 2.609999895095825 0.4005494713783264
v -0.7200000286102295 2.5799999237060547 0.3708791136741638
v 0.7200000286102295 2.5799999237060547 0.3708791136741638
v 0.7200000286102295 2.609999895095825 0.4005494713783264
v -0.7200000286102295 2.700000047683716 -0.4203296899795532
v 0.7200000286102295 2.6700000762939453 -0.44999998807907104
v -0.7200000286102295 2.6700000762939453 -0.44999998807907104
v -0.7200000286102295 2.700000047683716 -0.4203296899795532
v 0.7200000286102295 2.700000047683716 -0.4203296899795532
v 0.7200000286102295 2.6700000762939453 -0.44999998807907104
v -0.7200000286102295 2.700000047683716 0.3708791136741638
v -0.7200000286102295 2.6700000762939453 0.4005494713783264
v 0.7200000286102295 2.6700000762939453 0.4005494713783264
v -0.7200000286102295 2.700000047683716 0.3708791136741638
v 0.7200000286102295 2.6700000762939453 0.4005494713783264
v 0.7200000286102295 2.700000047683716 0.3708791136741638
v -0.75 2.609999895095825 -0.4203296899795532
v -0.7200000286102295 2.609999895095825 -0.44999998807907104
v -0.7200000286102295 2.5799999237060547 -0.4203296899795532
v -0.75 2.609999895095825 0.3708791136741638
v -0.7200000286102295 2.5799999237060547 0.3708791136741638
v -0.7200000286102295 2.609999895095825 0.4005494713783264
v -0.75 2.6700000762939453 -0.4203296899795532
v -0.7200000286102295 2.700000047683716 -0.4203296899795532
v -0.7200000286102295 2.6700000762939453 -0.44999998807907104
v -0.75 2.6700000762939453 0.3708791136741638
v -0.7200000286102295 2.6700000762939453 0.4005494713783264
v -0.7200000286102295 2.700000047683716 0.3708791136741638
v 0.75 2.609999895095825 -0.4203296899795532
v 0.7200000286102295 2.5799999237060547 -0.4203296899795532
v 0.7200000286102295 2.609999895095825 -0.44999998807907104
v 0.75 2.609999895095825 0.3708791136741638
v 0.7200000286102295 2.609999895095825 0.4005494713783264
v 0.7200000286102295 2.5799999237060547 0.3708791136741638
v 0.75 2.6700000762939453 -0.4203296899795532
v 0.7200000286102295 2.6700000762939453 -0.44999998807907104
v 0.7200000286102295 2.700000047683716 -0.4203296899795532
v 0.75 2.6700000762939453 0.3708791136741638
v 0.7200000286102295 2.700000047683716 0.3708791136741638
v 0.7200000286102295 2.6700000762939453 0.4005494713783264
vn -1 0 0
vn -1 0 0
vn -1 0 0
vn -1 0 0
vn -1 0 0
vn -1 0 0
vn 1 0 0
vn 1 0 0
vn 1 0 0
vn 1 0 0
vn 1 0 0
vn 1 0 0
vn 0 -1 0
vn 0 -1 0
vn 0 -1 0
vn 0 -1 0
vn 0 -1 0
vn 0 -1 0
vn 0 1 0
vn 0 1 0
vn 0 1 0
vn 0 1 0
vn 0 1 0
vn 0 1 0
vn 0 0 -1
vn 0 0 -1
vn 0 0 -1
vn 0 0 -1
vn 0 0 -1
vn 0 0 -1
vn 0 0 1
vn 0 0 1
vn 0 0 1
vn 0 0 1
vn 0 0 1
vn 0 0 1
vn -0.7071071090120096 -0.7071064533609335 0
vn -0.7071071090120096 -0.7071064533609335 0
vn -0.7071071090120096 -0.7071064533609335 0
vn -0.7071071090120096 -0.7071064533609335 0
vn -0.7071071090120096 -0.7071064533609335 0
vn -0.7071071090120096 -0.7071064533609335 0
vn -0.7071071090120096 0.7071064533609335 0
vn -0.7071071090120096 0.7071064533609335 0
vn -0.7071071090120096 0.7071064533609335 0
vn -0.7071071090120096 0.7071064533609335 0
vn -0.7071071090120096 0.7071064533609335 0
vn -0.7071071090120096 0.7071064533609335 0
vn 0.7071071090120096 -0.7071064533609335 0
vn 0.7071071090120096 -0.7071064533609335 0
vn 0.7071071090120096 -0.7071064533609335 0
vn 0.7071071090120096 -0.7071064533609335 0
vn 0.7071071090120096 -0.7071064533609335 0
vn 0.7071071090120096 -0.7071064533609335 0
vn 0.7071071090120096 0.7071064533609335 0
vn 0.7071071090120096 0.7071064533609335 0
vn 0.7071071090120096 0.7071064533609335 0
vn 0.7071071090120096 0.7071064533609335 0
vn 0.7071071090120096 0.7071064533609335 0
vn 0.7071071090120096 0.7071064533609335 0
vn -0.7031897414506477 0 -0.711002241570708
vn -0.7031897414506477 0 -0.711002241570708
vn -0.7031897414506477 0 -0.711002241570708
vn -0.7031897414506477 0 -0.711002241570708
vn -0.7031897414506477 0 -0.711002241570708
vn -0.7031897414506477 0 -0.711002241570708
vn -0.7031897414506477 0 0.711002241570708
vn -0.7031897414506477 0 0.711002241570708
vn -0.7031897414506477 0 0.711002241570708
vn -0.7031897414506477 0 0.711002241570708
vn -0.7031897414506477 0 0.711002241570708
vn -0.7031897414506477 0 0.711002241570708
vn 0.7031897414506477 0 -0.711002241570708
vn 0.7031897414506477 0 -0.711002241570708
vn 0.7031897414506477 0 -0.711002241570708
vn 0.7031897414506477 0 -0.711002241570708
vn 0.7031897414506477 0 -0.711002241570708
vn 0.7031897414506477 0 -0.711002241570708
vn 0.7031897414506477 0 0.711002241570708
vn 0.7031897414506477 0 0.711002241570708
vn 0.7031897414506477 0 0.711002241570708
vn 0.7031897414506477 0 0.711002241570708
vn 0.7031897414506477 0 0.711002241570708
vn 0.7031897414506477 0 0.711002241570708
vn 0 -0.7031894119896134 -0.7110025674114699
vn 0 -0.7031894119896134 -0.7110025674114699
vn 0 -0.7031894119896134 -0.7110025674114699
vn 0 -0.7031894119896134 -0.7110025674114699
vn 0 -0.7031894119896134 -0.7110025674114699
vn 0 -0.7031894119896134 -0.7110025674114699
vn 0 -0.7031894119896134 0.7110025674114699
vn 0 -0.7031894119896134 0.7110025674114699
vn 0 -0.7031894119896134 0.7110025674114699
vn 0 -0.7031894119896134 0.7110025674114699
vn 0 -0.7031894119896134 0.7110025674114699
vn 0 -0.7031894119896134 0.7110025674114699
vn 0 0.7031894119896134 -0.7110025674114699
vn 0 0.7031894119896134 -0.7110025674114699
vn 0 0.7031894119896134 -0.7110025674114699
vn 0 0.7031894119896134 -0.7110025674114699
vn 0 0.7031894119896134 -0.7110025674114699
vn 0 0.7031894119896134 -0.7110025674114699
vn 0 0.7031894119896134 0.7110025674114699
vn 0 0.7031894119896134 0.7110025674114699
vn 0 0.7031894119896134 0.7110025674114699
vn 0 0.7031894119896134 0.7110025674114699
vn 0 0.7031894119896134 0.7110025674114699
vn 0 0.7031894119896134 0.7110025674114699
vn -0.5752123571902966 -0.5752118207484958 -0.5816030479689588
vn -0.5752123571902966 -0.5752118207484958 -0.5816030479689588
vn -0.5752123571902966 -0.5752118207484958 -0.5816030479689588
vn -0.5752123571902966 -0.5752118207484958 0.5816030479689588
vn -0.5752123571902966 -0.5752118207484958 0.5816030479689588
vn -0.5752123571902966 -0.5752118207484958 0.5816030479689588
vn -0.5752123571902966 0.5752118207484958 -0.5816030479689588
vn -0.5752123571902966 0.5752118207484958 -0.5816030479689588
vn -0.5752123571902966 0.5752118207484958 -0.5816030479689588
vn -0.5752123571902966 0.5752118207484958 0.5816030479689588
vn -0.5752123571902966 0.5752118207484958 0.5816030479689588
vn -0.5752123571902966 0.5752118207484958 0.5816030479689588
vn 0.5752123571902966 -0.5752118207484958 -0.5816030479689588
vn 0.5752123571902966 -0.5752118207484958 -0.5816030479689588
vn 0.5752123571902966 -0.5752118207484958 -0.5816030479689588
vn 0.5752123571902966 -0.5752118207484958 0.5816030479689588
vn 0.5752123571902966 -0.5752118207484958 0.5816030479689588
vn 0.5752123571902966 -0.5752118207484958 0.5816030479689588
vn 0.5752123571902966 0.5752118207484958 -0.5816030479689588
vn 0.5752123571902966 0.5752118207484958 -0.5816030479689588
vn 0.5752123571902966 0.5752118207484958 -0.5816030479689588
vn 0.5752123571902966 0.5752118207484958 0.5816030479689588
vn 0.5752123571902966 0.5752118207484958 0.5816030479689588
vn 0.5752123571902966 0.5752118207484958 0.5816030479689588
f 265//265 266//266 267//267
f 268//268 269//269 270//270
f 271//271 272//272 273//273
f 274//274 275//275 276//276
f 277//277 278//278 279//279
f 280//280 281//281 282//282
f 283//283 284//284 285//285
f 286//286 287//287 288//288
f 289//289 290//290 291//291
f 292//292 293//293 294//294
f 295//295 296//296 297//297
f 298//298 299//299 300//300
f 301//301 302//302 303//303
f 304//304 305//305 306//306
f 307//307 308//308 309//309
f 310//310 311//311 312//312
f 313//313 314//314 315//315
f 316//316 317//317 318//318
f 319//319 320//320 321//321
f 322//322 323//323 324//324
f 325//325 326//326 327//327
f 328//328 329//329 330//330
f 331//331 332//332 333//333
f 334//334 335//335 336//336
f 337//337 338//338 339//339
f 340//340 341//341 342//342
f 343//343 344//344 345//345
f 346//346 347//347 348//348
f 349//349 350//350 351//351
f 352//352 353//353 354//354
f 355//355 356//356 357//357
f 358//358 359//359 360//360
f 361//361 362//362 363//363
f 364//364 365//365 366//366
f 367//367 368//368 369//369
f 370//370 371//371 372//372
f 373//373 374//374 375//375
f 376//376 377//377 378//378
f 379//379 380//380 381//381
f 382//382 383//383 384//384
f 385//385 386//386 387//387
f 388//388 389//389 390//390
f 391//391 392//392 393//393
f 394//394 395//395 396//396
o door_0
usemtl cobalt
v -0.6949999928474426 0.31499993801116943 0.3956044316291809
v -0.6949999928474426 2.445000171661377 0.4054945111274719
v -0.6949999928474426 2.445000171661377 0.3956044316291809
v -0.6949999928474426 0.31499993801116943 0.3956044316291809
v -0.6949999928474426 0.31499993801116943 0.4054945111274719
v -0.6949999928474426 2.445000171661377 0.4054945111274719
v -0.26499998569488525 0.31499993801116943 0.3956044316291809
v -0.26499998569488525 2.445000171661377 0.3956044316291809
v -0.26499998569488525 2.445000171661377 0.4054945111274719
v -0.26499998569488525 0.31499993801116943 0.3956044316291809
v -0.26499998569488525 2.445000171661377 0.4054945111274719
v -0.26499998569488525 0.31499993801116943 0.4054945111274719
v -0.6800000071525574 0.2999999523162842 0.3956044316291809
v -0.2800000011920929 0.2999999523162842 0.3956044316291809
v -0.2800000011920929 0.2999999523162842 0.4054945111274719
v -0.6800000071525574 0.2999999523162842 0.3956044316291809
v -0.2800000011920929 0.2999999523162842 0.4054945111274719
v -0.6800000071525574 0.2999999523162842 0.4054945111274719
v -0.6800000071525574 2.4600000381469727 0.3956044316291809
v -0.2800000011920929 2.4600000381469727 0.4054945111274719
v -0.2800000011920929 2.4600000381469727 0.3956044316291809
v -0.6800000071525574 2.4600000381469727 0.3956044316291809
v -0.6800000071525574 2.4600000381469727 0.4054945111274719
v -0.2800000011920929 2.4600000381469727 0.4054945111274719
v -0.6800000071525574 0.31499993801116943 0.3807692527770996
v -0.2800000011920929 2.445000171661377 0.3807692527770996
v -0.2800000011920929 0.31499993801116943 0.3807692527770996
v -0.6800000071525574 0.31499993801116943 0.3807692527770996
v -0.6800000071525574 2.445000171661377 0.3807692527770996
v -0.2800000011920929 2.445000171661377 0.3807692527770996
v -0.6800000071525574 0.31499993801116943 0.4203296899795532
v -0.2800000011920929 0.31499993801116943 0.4203296899795532
v -0.2800000011920929 2.445000171661377 0.4203296899795532
v -0.6800000071525574 0.31499993801116943 0.4203296899795532
v -0.2800000011920929 2.445000171661377 0.4203296899795532
v -0.6800000071525574 2.445000171661377 0.4203296899795532
v -0.6949999928474426 0.31499993801116943 0.3956044316291809
v -0.6800000071525574 0.2999999523162842 0.3956044316291809
v -0.6800000071525574 0.2999999523162842 0.4054945111274719
v -0.6949999928474426 0.31499993801116943 0.3956044316291809
v -0.6800000071525574 0.2999999523162842 0.4054945111274719
v -0.6949999928474426 0.31499993801116943 0.4054945111274719
v -0.6949999928474426 2.445000171661377 0.3956044316291809
v -0.6800000071525574 2.4600000381469727 0.4054945111274719
v -0.6800000071525574 2.4600000381469727 0.3956044316291809
v -0.6949999928474426 2.445000171661377 0.3956044316291809
v -0.6949999928474426 2.445000171661377 0.4054945111274719
v -0.6800000071525574 2.4600000381469727 0.4054945111274719
v -0.26499998569488525 0.31499993801116943 0.3956044316291809
v -0.2800000011920929 0.2999999523162842 0.4054945111274719
v -0.2800000011920929 0.2999999523162842 0.3956044316291809
v -0.26499998569488525 0.31499993801116943 0.3956044316291809
v -0.26499998569488525 0.31499993801116943 0.4054945111274719
v -0.2800000011920929 0.2999999523162842 0.4054945111274719
v -0.26499998569488525 2.445000171661377 0.3956044316291809
v -0.2800000011920929 2.4600000381469727 0.3956044316291809
v -0.2800000011920929 2.4600000381469727 0.4054945111274719
v -0.26499998569488525 2.445000171661377 0.3956044316291809
v -0.2800000011920929 2.4600000381469727 0.4054945111274719
v -0.26499998569488525 2.445000171661377 0.4054945111274719
v -0.6949999928474426 0.31499993801116943 0.3956044316291809
v -0.6800000071525574 2.445000171661377 0.3807692527770996
v -0.6800000071525574 0.31499993801116943 0.3807692527770996
v -0.6949999928474426 0.31499993801116943 0.3956044316291809
v -0.6949999928474426 2.445000171661377 0.3956044316291809
v -0.6800000071525574 2.445000171661377 0.3807692527770996
v -0.6949999928474426 0.31499993801116943 0.4054945111274719
v -0.6800000071525574 0.31499993801116943 0.4203296899795532
v -0.6800000071525574 2.445000171661377 0.4203296899795532
v -0.6949999928474426 0.31499993801116943 0.4054945111274719
v -0.6800000071525574 2.445000171661377 0.4203296899795532
v -0.6949999928474426 2.445000171661377 0.4054945111274719
v -0.26499998569488525 0.31499993801116943 0.3956044316291809
v -0.2800000011920929 0.31499993801116943 0.3807692527770996
v -0.2800000011920929 2.445000171661377 0.3807692527770996
v -0.26499998569488525 0.31499993801116943 0.3956044316291809
v -0.2800000011920929 2.445000171661377 0.3807692527770996
v -0.26499998569488525 2.445000171661377 0.3956044316291809
v -0.26499998569488525 0.31499993801116943 0.4054945111274719
v -0.2800000011920929 2.445000171661377 0.4203296899795532
v -0.2800000011920929 0.31499993801116943 0.4203296899795532
v -0.26499998569488525 0.31499993801116943 0.4054945111274719
v -0.26499998569488525 2.445000171661377 0.4054945111274719
v -0.2800000011920929 2.445000171661377 0.4203296899795532
v -0.6800000071525574 0.2999999523162842 0.3956044316291809
v -0.6800000071525574 0.31499993801116943 0.3807692527770996
v -0.2800000011920929 0.31499993801116943 0.3807692527770996
v -0.6800000071525574 0.2999999523162842 0.3956044316291809
v -0.2800000011920929 0.31499993801116943 0.3807692527770996
v -0.2800000011920929 0.2999999523162842 0.3956044316291809
v -0.6800000071525574 0.2999999523162842 0.4054945111274719
v -0.2800000011920929 0.31499993801116943 0.4203296899795532
v -0.6800000071525574 0.31499993801116943 0.4203296899795532
v -0.6800000071525574 0.2999999523162842 0.4054945111274719
v -0.2800000011920929 0.2999999523162842 0.4054945111274719
v -0.2800000011920929 0.31499993801116943 0.4203296899795532
v -0.6800000071525574 2.4600000381469727 0.3956044316291809
v -0.2800000011920929 2.445000171661377 0.3807692527770996
v -0.6800000071525574 2.445000171661377 0.3807692527770996
v -0.6800000071525574 2.4600000381469727 0.3956044316291809
v -0.2800000011920929 2.4600000381469727 0.3956044316291809
v -0.2800000011920929 2.445000171661377 0.3807692527770996
v -0.6800000071525574 2.4600000381469727 0.4054945111274719
v -0.6800000071525574 2.445000171661377 0.4203296899795532
v -0.2800000011920929 2.445000171661377 0.4203296899795532
v -0.6800000071525574 2.4600000381469727 0.4054945111274719
v -0.2800000011920929 2.445000171661377 0.4203296899795532
v -0.2800000011920929 2.4600000381469727 0.4054945111274719
v -0.6949999928474426 0.31499993801116943 0.3956044316291809
v -0.6800000071525574 0.31499993801116943 0.3807692527770996
v -0.6800000071525574 0.2999999523162842 0.3956044316291809
v -0.6949999928474426 0.31499993801116943 0.4054945111274719
v -0.6800000071525574 0.2999999523162842 0.4054945111274719
v -0.6800000071525574 0.31499993801116943 0.4203296899795532
v -0.6949999928474426 2.445000171661377 0.3956044316291809
v -0.6800000071525574 2.4600000381469727 0.3956044316291809
v -0.6800000071525574 2.445000171661377 0.3807692527770996
v -0.6949999928474426 2.445000171661377 0.4054945111274719
v -0.6800000071525574 2.445000171661377 0.4203296899795532
v -0.6800000071525574 2.4600000381469727 0.4054945111274719
v -0.26499998569488525 0.31499993801116943 0.3956044316291809
v -0.2800000011920929 0.2999999523162842 0.3956044316291809
v -0.2800000011920929 0.31499993801116943 0.3807692527770996
v -0.26499998569488525 0.31499993801116943 0.4054945111274719
v -0.2800000011920929 0.31499993801116943 0.4203296899795532
v -0.2800000011920929 0.2999999523162842 0.4054945111274719
v -0.26499998569488525 2.445000171661377 0.3956044316291809
v -0.2800000011920929 2.445000171661377 0.3807692527770996
v -0.2800000011920929 2.4600000381469727 0.3956044316291809
v -0.26499998569488525 2.445000171661377 0.4054945111274719
v -0.2800000011920929 2.4600000381469727 0.4054945111274719
v -0.2800000011920929 2.445000171661377 0.4203296899795532
vn -1 0 0
vn -1 0 0
vn -1 0 0
vn -1 0 0
vn -1 0 0
vn -1 0 0
vn 1 0 0
vn 1 0 0
vn 1 0 0
vn 1 0 0
vn 1 0 0
vn 1 0 0
vn 0 -1 0
vn 0 -1 0
vn 0 -1 0
vn 0 -1 0
vn 0 -1 0
vn 0 -1 0
vn 0 1 0
vn 0 1 0
vn 0 1 0
vn 0 1 0
vn 0 1 0
vn 0 1 0
vn 0 0 -1
vn 0 0 -1
vn 0 0 -1
vn 0 0 -1
vn 0 0 -1
vn 0 0 -1
vn 0 0 1
vn 0 0 1
vn 0 0 1
vn 0 0 1
vn 0 0 1
vn 0 0 1
vn -0.70710639375626 -0.7071071686166227 0
vn -0.70710639375626 -0.7071071686166227 0
vn -0.70710639375626 -0.7071071686166227 0
vn -0.70710639375626 -0.7071071686166227 0
vn -0.70710639375626 -0.7071071686166227 0
vn -0.70710639375626 -0.7071071686166227 0
vn -0.70710639375626 0.7071071686166227 0
vn -0.70710639375626 0.7071071686166227 0
vn -0.70710639375626 0.7071071686166227 0
vn -0.70710639375626 0.7071071686166227 0
vn -0.70710639375626 0.7071071686166227 0
vn -0.70710639375626 0.7071071686166227 0
vn 0.70710639375626 -0.7071071686166227 0
vn 0.70710639375626 -0.7071071686166227 0
vn 0.70710639375626 -0.7071071686166227 0
vn 0.70710639375626 -0.7071071686166227 0
vn 0.70710639375626 -0.7071071686166227 0
vn 0.70710639375626 -0.7071071686166227 0
vn 0.70710639375626 0.7071071686166227 0
vn 0.70710639375626 0.7071071686166227 0
vn 0.70710639375626 0.7071071686166227 0
vn 0.70710639375626 0.7071071686166227 0
vn 0.70710639375626 0.7071071686166227 0
vn 0.70710639375626 0.7071071686166227 0
vn -0.7031893520574922 0 -0.7110026266849963
vn -0.7031893520574922 0 -0.7110026266849963
vn -0.7031893520574922 0 -0.7110026266849963
vn -0.7031893520574922 0 -0.7110026266849963
vn -0.7031893520574922 0 -0.7110026266849963
vn -0.7031893520574922 0 -0.7110026266849963
vn -0.7031893520574922 0 0.7110026266849963
vn -0.7031893520574922 0 0.7110026266849963
vn -0.7031893520574922 0 0.7110026266849963
vn -0.7031893520574922 0 0.7110026266849963
vn -0.7031893520574922 0 0.7110026266849963
vn -0.7031893520574922 0 0.7110026266849963
vn 0.7031893520574922 0 -0.7110026266849963
vn 0.7031893520574922 0 -0.7110026266849963
vn 0.7031893520574922 0 -0.7110026266849963
vn 0.7031893520574922 0 -0.7110026266849963
vn 0.7031893520574922 0 -0.7110026266849963
vn 0.7031893520574922 0 -0.7110026266849963
vn 0.7031893520574922 0 0.7110026266849963
vn 0.7031893520574922 0 0.7110026266849963
vn 0.7031893520574922 0 0.7110026266849963
vn 0.7031893520574922 0 0.7110026266849963
vn 0.7031893520574922 0 0.7110026266849963
vn 0.7031893520574922 0 0.7110026266849963
vn 0 -0.7031897116501445 -0.7110022710437618
vn 0 -0.7031897116501445 -0.7110022710437618
vn 0 -0.7031897116501445 -0.7110022710437618
vn 0 -0.7031897116501445 -0.7110022710437618
vn 0 -0.7031897116501445 -0.7110022710437618
vn 0 -0.7031897116501445 -0.7110022710437618
vn 0 -0.7031897116501445 0.7110022710437618
vn 0 -0.7031897116501445 0.7110022710437618
vn 0 -0.7031897116501445 0.7110022710437618
vn 0 -0.7031897116501445 0.7110022710437618
vn 0 -0.7031897116501445 0.7110022710437618
vn 0 -0.7031897116501445 0.7110022710437618
vn 0 0.7031897116501445 -0.7110022710437618
vn 0 0.7031897116501445 -0.7110022710437618
vn 0 0.7031897116501445 -0.7110022710437618
vn 0 0.7031897116501445 -0.7110022710437618
vn 0 0.7031897116501445 -0.7110022710437618
vn 0 0.7031897116501445 -0.7110022710437618
vn 0 0.7031897116501445 0.7110022710437618
vn 0 0.7031897116501445 0.7110022710437618
vn 0 0.7031897116501445 0.7110022710437618
vn 0 0.7031897116501445 0.7110022710437618
vn 0 0.7031897116501445 0.7110022710437618
vn 0 0.7031897116501445 0.7110022710437618
vn -0.5752118010271697 -0.5752123970735947 -0.5816030280285074
vn -0.5752118010271697 -0.5752123970735947 -0.5816030280285074
vn -0.5752118010271697 -0.5752123970735947 -0.5816030280285074
vn -0.5752118010271697 -0.5752123970735947 0.5816030280285074
vn -0.5752118010271697 -0.5752123970735947 0.5816030280285074
vn -0.5752118010271697 -0.5752123970735947 0.5816030280285074
vn -0.5752118010271697 0.5752123970735947 -0.5816030280285074
vn -0.5752118010271697 0.5752123970735947 -0.5816030280285074
vn -0.5752118010271697 0.5752123970735947 -0.5816030280285074
vn -0.5752118010271697 0.5752123970735947 0.5816030280285074
vn -0.5752118010271697 0.5752123970735947 0.5816030280285074
vn -0.5752118010271697 0.5752123970735947 0.5816030280285074
vn 0.5752118010271697 -0.5752123970735947 -0.5816030280285074
vn 0.5752118010271697 -0.5752123970735947 -0.5816030280285074
vn 0.5752118010271697 -0.5752123970735947 -0.5816030280285074
vn 0.5752118010271697 -0.5752123970735947 0.5816030280285074
vn 0.5752118010271697 -0.5752123970735947 0.5816030280285074
vn 0.5752118010271697 -0.5752123970735947 0.5816030280285074
vn 0.5752118010271697 0.5752123970735947 -0.5816030280285074
vn 0.5752118010271697 0.5752123970735947 -0.5816030280285074
vn 0.5752118010271697 0.5752123970735947 -0.5816030280285074
vn 0.5752118010271697 0.5752123970735947 0.5816030280285074
vn 0.5752118010271697 0.5752123970735947 0.5816030280285074
vn 0.5752118010271697 0.5752123970735947 0.5816030280285074
f 397//397 398//398 399//399
f 400//400 401//401 402//402
f 403//403 404//404 405//405
f 406//406 407//407 408//408
f 409//409 410//410 411//411
f 412//412 413//413 414//414
f 415//415 416//416 417//417
f 418//418 419//419 420//420
f 421//421 422//422 423//423
f 424//424 425//425 426//426
f 427//427 428//428 429//429
f 430//430 431//431 432//432
f 433//433 434//434 435//435
f 436//436 437//437 438//438
f 439//439 440//440 441//441
f 442//442 443//443 444//444
f 445//445 446//446 447//447
f 448//448 449//449 450//450
f 451//451 452//452 453//453
f 454//454 455//455 456//456
f 457//457 458//458 459//459
f 460//460 461//461 462//462
f 463//463 464//464 465//465
f 466//466 467//467 468//468
f 469//469 470//470 471//471
f 472//472 473//473 474//474
f 475//475 476//476 477//477
f 478//478 479//479 480//480
f 481//481 482//482 483//483
f 484//484 485//485 486//486
f 487//487 488//488 489//489
f 490//490 491//491 492//492
f 493//493 494//494 495//495
f 496//496 497//497 498//498
f 499//499 500//500 501//501
f 502//502 503//503 504//504
f 505//505 506//506 507//507
f 508//508 509//509 510//510
f 511//511 512//512 513//513
f 514//514 515//515 516//516
f 517//517 518//518 519//519
f 520//520 521//521 522//522
f 523//523 524//524 525//525
f 526//526 527//527 528//528
o handle_0
usemtl metal
v -0.3050000071525574 1.7100000381469727 0.44999998807907104
v -0.3050000071525574 1.7100000381469727 0.4005494713783264
v -0.3050000071525574 1.090000033378601 0.44999998807907104
v -0.3050000071525574 1.090000033378601 0.4005494713783264
v -0.35499998927116394 1.7100000381469727 0.4005494713783264
v -0.35499998927116394 1.7100000381469727 0.44999998807907104
v -0.35499998927116394 1.090000033378601 0.4005494713783264
v -0.35499998927116394 1.090000033378601 0.44999998807907104
v -0.35499998927116394 1.7100000381469727 0.4005494713783264
v -0.3050000071525574 1.7100000381469727 0.4005494713783264
v -0.35499998927116394 1.7100000381469727 0.44999998807907104
v -0.3050000071525574 1.7100000381469727 0.44999998807907104
v -0.35499998927116394 1.090000033378601 0.44999998807907104
v -0.3050000071525574 1.090000033378601 0.44999998807907104
v -0.35499998927116394 1.090000033378601 0.4005494713783264
v -0.3050000071525574 1.090000033378601 0.4005494713783264
v -0.35499998927116394 1.7100000381469727 0.44999998807907104
v -0.3050000071525574 1.7100000381469727 0.44999998807907104
v -0.35499998927116394 1.090000033378601 0.44999998807907104
v -0.3050000071525574 1.090000033378601 0.44999998807907104
v -0.3050000071525574 1.7100000381469727 0.4005494713783264
v -0.35499998927116394 1.7100000381469727 0.4005494713783264
v -0.3050000071525574 1.090000033378601 0.4005494713783264
v -0.35499998927116394 1.090000033378601 0.4005494713783264
vt 0 1
vt 1 1
vt 0 0
vt 1 0
vt 0 1
vt 1 1
vt 0 0
vt 1 0
vt 0 1
vt 1 1
vt 0 0
vt 1 0
vt 0 1
vt 1 1
vt 0 0
vt 1 0
vt 0 1
vt 1 1
vt 0 0
vt 1 0
vt 0 1
vt 1 1
vt 0 0
vt 1 0
vn 1 0 0
vn 1 0 0
vn 1 0 0
vn 1 0 0
vn -1 0 0
vn -1 0 0
vn -1 0 0
vn -1 0 0
vn 0 1 0
vn 0 1 0
vn 0 1 0
vn 0 1 0
vn 0 -1 0
vn 0 -1 0
vn 0 -1 0
vn 0 -1 0
vn 0 0 1
vn 0 0 1
vn 0 0 1
vn 0 0 1
vn 0 0 -1
vn 0 0 -1
vn 0 0 -1
vn 0 0 -1
f 529/1/529 531/3/531 530/2/530
f 531/3/531 532/4/532 530/2/530
f 533/5/533 535/7/535 534/6/534
f 535/7/535 536/8/536 534/6/534
f 537/9/537 539/11/539 538/10/538
f 539/11/539 540/12/540 538/10/538
f 541/13/541 543/15/543 542/14/542
f 543/15/543 544/16/544 542/14/542
f 545/17/545 547/19/547 546/18/546
f 547/19/547 548/20/548 546/18/546
f 549/21/549 551/23/551 550/22/550
f 551/23/551 552/24/552 550/22/550
o vent_0_0
usemtl cream
v -0.32999998331069946 2.305000066757202 0.44010990858078003
v -0.32999998331069946 2.305000066757202 0.41043955087661743
v -0.32999998331069946 2.255000114440918 0.44010990858078003
v -0.32999998331069946 2.255000114440918 0.41043955087661743
v -0.6299999952316284 2.305000066757202 0.41043955087661743
v -0.6299999952316284 2.305000066757202 0.44010990858078003
v -0.6299999952316284 2.255000114440918 0.41043955087661743
v -0.6299999952316284 2.255000114440918 0.44010990858078003
v -0.6299999952316284 2.305000066757202 0.41043955087661743
v -0.32999998331069946 2.305000066757202 0.41043955087661743
v -0.6299999952316284 2.305000066757202 0.44010990858078003
v -0.32999998331069946 2.305000066757202 0.44010990858078003
v -0.6299999952316284 2.255000114440918 0.44010990858078003
v -0.32999998331069946 2.255000114440918 0.44010990858078003
v -0.6299999952316284 2.255000114440918 0.41043955087661743
v -0.32999998331069946 2.255000114440918 0.41043955087661743
v -0.6299999952316284 2.305000066757202 0.44010990858078003
v -0.32999998331069946 2.305000066757202 0.44010990858078003
v -0.6299999952316284 2.255000114440918 0.44010990858078003
v -0.32999998331069946 2.255000114440918 0.44010990858078003
v -0.32999998331069946 2.305000066757202 0.41043955087661743
v -0.6299999952316284 2.305000066757202 0.41043955087661743
v -0.32999998331069946 2.255000114440918 0.41043955087661743
v -0.6299999952316284 2.255000114440918 0.41043955087661743
vt 0 1
vt 1 1
vt 0 0
vt 1 0
vt 0 1
vt 1 1
vt 0 0
vt 1 0
vt 0 1
vt 1 1
vt 0 0
vt 1 0
vt 0 1
vt 1 1
vt 0 0
vt 1 0
vt 0 1
vt 1 1
vt 0 0
vt 1 0
vt 0 1
vt 1 1
vt 0 0
vt 1 0
vn 1 0 0
vn 1 0 0
vn 1 0 0
vn 1 0 0
vn -1 0 0
vn -1 0 0
vn -1 0 0
vn -1 0 0
vn 0 1 0
vn 0 1 0
vn 0 1 0
vn 0 1 0
vn 0 -1 0
vn 0 -1 0
vn 0 -1 0
vn 0 -1 0
vn 0 0 1
vn 0 0 1
vn 0 0 1
vn 0 0 1
vn 0 0 -1
vn 0 0 -1
vn 0 0 -1
vn 0 0 -1
f 553/25/553 555/27/555 554/26/554
f 555/27/555 556/28/556 554/26/554
f 557/29/557 559/31/559 558/30/558
f 559/31/559 560/32/560 558/30/558
f 561/33/561 563/35/563 562/34/562
f 563/35/563 564/36/564 562/34/562
f 565/37/565 567/39/567 566/38/566
f 567/39/567 568/40/568 566/38/566
f 569/41/569 571/43/571 570/42/570
f 571/43/571 572/44/572 570/42/570
f 573/45/573 575/47/575 574/46/574
f 575/47/575 576/48/576 574/46/574
o vent_0_1
usemtl cream
v -0.32999998331069946 2.4149999618530273 0.44010990858078003
v -0.32999998331069946 2.4149999618530273 0.41043955087661743
v -0.32999998331069946 2.365000009536743 0.44010990858078003
v -0.32999998331069946 2.365000009536743 0.41043955087661743
v -0.6299999952316284 2.4149999618530273 0.41043955087661743
v -0.6299999952316284 2.4149999618530273 0.44010990858078003
v -0.6299999952316284 2.365000009536743 0.41043955087661743
v -0.6299999952316284 2.365000009536743 0.44010990858078003
v -0.6299999952316284 2.4149999618530273 0.41043955087661743
v -0.32999998331069946 2.4149999618530273 0.41043955087661743
v -0.6299999952316284 2.4149999618530273 0.44010990858078003
v -0.32999998331069946 2.4149999618530273 0.44010990858078003
v -0.6299999952316284 2.365000009536743 0.44010990858078003
v -0.32999998331069946 2.365000009536743 0.44010990858078003
v -0.6299999952316284 2.365000009536743 0.41043955087661743
v -0.32999998331069946 2.365000009536743 0.41043955087661743
v -0.6299999952316284 2.4149999618530273 0.44010990858078003
v -0.32999998331069946 2.4149999618530273 0.44010990858078003
v -0.6299999952316284 2.365000009536743 0.44010990858078003
v -0.32999998331069946 2.365000009536743 0.44010990858078003
v -0.32999998331069946 2.4149999618530273 0.41043955087661743
v -0.6299999952316284 2.4149999618530273 0.41043955087661743
v -0.32999998331069946 2.365000009536743 0.41043955087661743
v -0.6299999952316284 2.365000009536743 0.41043955087661743
vt 0 1
vt 1 1
vt 0 0
vt 1 0
vt 0 1
vt 1 1
vt 0 0
vt 1 0
vt 0 1
vt 1 1
vt 0 0
vt 1 0
vt 0 1
vt 1 1
vt 0 0
vt 1 0
vt 0 1
vt 1 1
vt 0 0
vt 1 0
vt 0 1
vt 1 1
vt 0 0
vt 1 0
vn 1 0 0
vn 1 0 0
vn 1 0 0
vn 1 0 0
vn -1 0 0
vn -1 0 0
vn -1 0 0
vn -1 0 0
vn 0 1 0
vn 0 1 0
vn 0 1 0
vn 0 1 0
vn 0 -1 0
vn 0 -1 0
vn 0 -1 0
vn 0 -1 0
vn 0 0 1
vn 0 0 1
vn 0 0 1
vn 0 0 1
vn 0 0 -1
vn 0 0 -1
vn 0 0 -1
vn 0 0 -1
f 577/49/577 579/51/579 578/50/578
f 579/51/579 580/52/580 578/50/578
f 581/53/581 583/55/583 582/54/582
f 583/55/583 584/56/584 582/54/582
f 585/57/585 587/59/587 586/58/586
f 587/59/587 588/60/588 586/58/586
f 589/61/589 591/63/591 590/62/590
f 591/63/591 592/64/592 590/62/590
f 593/65/593 595/67/595 594/66/594
f 595/67/595 596/68/596 594/66/594
f 597/69/597 599/71/599 598/70/598
f 599/71/599 600/72/600 598/70/598
o vent_0_2
usemtl cream
v -0.32999998331069946 2.5250000953674316 0.44010990858078003
v -0.32999998331069946 2.5250000953674316 0.41043955087661743
v -0.32999998331069946 2.4749999046325684 0.44010990858078003
v -0.32999998331069946 2.4749999046325684 0.41043955087661743
v -0.6299999952316284 2.5250000953674316 0.41043955087661743
v -0.6299999952316284 2.5250000953674316 0.44010990858078003
v -0.6299999952316284 2.4749999046325684 0.41043955087661743
v -0.6299999952316284 2.4749999046325684 0.44010990858078003
v -0.6299999952316284 2.5250000953674316 0.41043955087661743
v -0.32999998331069946 2.5250000953674316 0.41043955087661743
v -0.6299999952316284 2.5250000953674316 0.44010990858078003
v -0.32999998331069946 2.5250000953674316 0.44010990858078003
v -0.6299999952316284 2.4749999046325684 0.44010990858078003
v -0.32999998331069946 2.4749999046325684 0.44010990858078003
v -0.6299999952316284 2.4749999046325684 0.41043955087661743
v -0.32999998331069946 2.4749999046325684 0.41043955087661743
v -0.6299999952316284 2.5250000953674316 0.44010990858078003
v -0.32999998331069946 2.5250000953674316 0.44010990858078003
v -0.6299999952316284 2.4749999046325684 0.44010990858078003
v -0.32999998331069946 2.4749999046325684 0.44010990858078003
v -0.32999998331069946 2.5250000953674316 0.41043955087661743
v -0.6299999952316284 2.5250000953674316 0.41043955087661743
v -0.32999998331069946 2.4749999046325684 0.41043955087661743
v -0.6299999952316284 2.4749999046325684 0.41043955087661743
vt 0 1
vt 1 1
vt 0 0
vt 1 0
vt 0 1
vt 1 1
vt 0 0
vt 1 0
vt 0 1
vt 1 1
vt 0 0
vt 1 0
vt 0 1
vt 1 1
vt 0 0
vt 1 0
vt 0 1
vt 1 1
vt 0 0
vt 1 0
vt 0 1
vt 1 1
vt 0 0
vt 1 0
vn 1 0 0
vn 1 0 0
vn 1 0 0
vn 1 0 0
vn -1 0 0
vn -1 0 0
vn -1 0 0
vn -1 0 0
vn 0 1 0
vn 0 1 0
vn 0 1 0
vn 0 1 0
vn 0 -1 0
vn 0 -1 0
vn 0 -1 0
vn 0 -1 0
vn 0 0 1
vn 0 0 1
vn 0 0 1
vn 0 0 1
vn 0 0 -1
vn 0 0 -1
vn 0 0 -1
vn 0 0 -1
f 601/73/601 603/75/603 602/74/602
f 603/75/603 604/76/604 602/74/602
f 605/77/605 607/79/607 606/78/606
f 607/79/607 608/80/608 606/78/606
f 609/81/609 611/83/611 610/82/610
f 611/83/611 612/84/612 610/82/610
f 613/85/613 615/87/615 614/86/614
f 615/87/615 616/88/616 614/86/614
f 617/89/617 619/91/619 618/90/618
f 619/91/619 620/92/620 618/90/618
f 621/93/621 623/95/623 622/94/622
f 623/95/623 624/96/624 622/94/622
o plate_0
usemtl gold
v -0.4000000059604645 1.909999966621399 0.4351648688316345
v -0.4000000059604645 1.909999966621399 0.41538459062576294
v -0.4000000059604645 1.809999942779541 0.4351648688316345
v -0.4000000059604645 1.809999942779541 0.41538459062576294
v -0.5600000023841858 1.909999966621399 0.41538459062576294
v -0.5600000023841858 1.909999966621399 0.4351648688316345
v -0.5600000023841858 1.809999942779541 0.41538459062576294
v -0.5600000023841858 1.809999942779541 0.4351648688316345
v -0.5600000023841858 1.909999966621399 0.41538459062576294
v -0.4000000059604645 1.909999966621399 0.41538459062576294
v -0.5600000023841858 1.909999966621399 0.4351648688316345
v -0.4000000059604645 1.909999966621399 0.4351648688316345
v -0.5600000023841858 1.809999942779541 0.4351648688316345
v -0.4000000059604645 1.809999942779541 0.4351648688316345
v -0.5600000023841858 1.809999942779541 0.41538459062576294
v -0.4000000059604645 1.809999942779541 0.41538459062576294
v -0.5600000023841858 1.909999966621399 0.4351648688316345
v -0.4000000059604645 1.909999966621399 0.4351648688316345
v -0.5600000023841858 1.809999942779541 0.4351648688316345
v -0.4000000059604645 1.809999942779541 0.4351648688316345
v -0.4000000059604645 1.909999966621399 0.41538459062576294
v -0.5600000023841858 1.909999966621399 0.41538459062576294
v -0.4000000059604645 1.809999942779541 0.41538459062576294
v -0.5600000023841858 1.809999942779541 0.41538459062576294
vt 0 1
vt 1 1
vt 0 0
vt 1 0
vt 0 1
vt 1 1
vt 0 0
vt 1 0
vt 0 1
vt 1 1
vt 0 0
vt 1 0
vt 0 1
vt 1 1
vt 0 0
vt 1 0
vt 0 1
vt 1 1
vt 0 0
vt 1 0
vt 0 1
vt 1 1
vt 0 0
vt 1 0
vn 1 0 0
vn 1 0 0
vn 1 0 0
vn 1 0 0
vn -1 0 0
vn -1 0 0
vn -1 0 0
vn -1 0 0
vn 0 1 0
vn 0 1 0
vn 0 1 0
vn 0 1 0
vn 0 -1 0
vn 0 -1 0
vn 0 -1 0
vn 0 -1 0
vn 0 0 1
vn 0 0 1
vn 0 0 1
vn 0 0 1
vn 0 0 -1
vn 0 0 -1
vn 0 0 -1
vn 0 0 -1
f 625/97/625 627/99/627 626/98/626
f 627/99/627 628/100/628 626/98/626
f 629/101/629 631/103/631 630/102/630
f 631/103/631 632/104/632 630/102/630
f 633/105/633 635/107/635 634/106/634
f 635/107/635 636/108/636 634/106/634
f 637/109/637 639/111/639 638/110/638
f 639/111/639 640/112/640 638/110/638
f 641/113/641 643/115/643 642/114/642
f 643/115/643 644/116/644 642/114/642
f 645/117/645 647/119/647 646/118/646
f 647/119/647 648/120/648 646/118/646
o door_1
usemtl cobalt
v -0.2150000035762787 0.31499993801116943 0.3956044316291809
v -0.2150000035762787 2.445000171661377 0.4054945111274719
v -0.2150000035762787 2.445000171661377 0.3956044316291809
v -0.2150000035762787 0.31499993801116943 0.3956044316291809
v -0.2150000035762787 0.31499993801116943 0.4054945111274719
v -0.2150000035762787 2.445000171661377 0.4054945111274719
v 0.2150000035762787 0.31499993801116943 0.3956044316291809
v 0.2150000035762787 2.445000171661377 0.3956044316291809
v 0.2150000035762787 2.445000171661377 0.4054945111274719
v 0.2150000035762787 0.31499993801116943 0.3956044316291809
v 0.2150000035762787 2.445000171661377 0.4054945111274719
v 0.2150000035762787 0.31499993801116943 0.4054945111274719
v -0.20000000298023224 0.2999999523162842 0.3956044316291809
v 0.20000000298023224 0.2999999523162842 0.3956044316291809
v 0.20000000298023224 0.2999999523162842 0.4054945111274719
v -0.20000000298023224 0.2999999523162842 0.3956044316291809
v 0.20000000298023224 0.2999999523162842 0.4054945111274719
v -0.20000000298023224 0.2999999523162842 0.4054945111274719
v -0.20000000298023224 2.4600000381469727 0.3956044316291809
v 0.20000000298023224 2.4600000381469727 0.4054945111274719
v 0.20000000298023224 2.4600000381469727 0.3956044316291809
v -0.20000000298023224 2.4600000381469727 0.3956044316291809
v -0.20000000298023224 2.4600000381469727 0.4054945111274719
v 0.20000000298023224 2.4600000381469727 0.4054945111274719
v -0.20000000298023224 0.31499993801116943 0.3807692527770996
v 0.20000000298023224 2.445000171661377 0.3807692527770996
v 0.20000000298023224 0.31499993801116943 0.3807692527770996
v -0.20000000298023224 0.31499993801116943 0.3807692527770996
v -0.20000000298023224 2.445000171661377 0.3807692527770996
v 0.20000000298023224 2.445000171661377 0.3807692527770996
v -0.20000000298023224 0.31499993801116943 0.4203296899795532
v 0.20000000298023224 0.31499993801116943 0.4203296899795532
v 0.20000000298023224 2.445000171661377 0.4203296899795532
v -0.20000000298023224 0.31499993801116943 0.4203296899795532
v 0.20000000298023224 2.445000171661377 0.4203296899795532
v -0.20000000298023224 2.445000171661377 0.4203296899795532
v -0.2150000035762787 0.31499993801116943 0.3956044316291809
v -0.20000000298023224 0.2999999523162842 0.3956044316291809
v -0.20000000298023224 0.2999999523162842 0.4054945111274719
v -0.2150000035762787 0.31499993801116943 0.3956044316291809
v -0.20000000298023224 0.2999999523162842 0.4054945111274719
v -0.2150000035762787 0.31499993801116943 0.4054945111274719
v -0.2150000035762787 2.445000171661377 0.3956044316291809
v -0.20000000298023224 2.4600000381469727 0.4054945111274719
v -0.20000000298023224 2.4600000381469727 0.3956044316291809
v -0.2150000035762787 2.445000171661377 0.3956044316291809
v -0.2150000035762787 2.445000171661377 0.4054945111274719
v -0.20000000298023224 2.4600000381469727 0.4054945111274719
v 0.2150000035762787 0.31499993801116943 0.3956044316291809
v 0.20000000298023224 0.2999999523162842 0.4054945111274719
v 0.20000000298023224 0.2999999523162842 0.3956044316291809
v 0.2150000035762787 0.31499993801116943 0.3956044316291809
v 0.2150000035762787 0.31499993801116943 0.4054945111274719
v 0.20000000298023224 0.2999999523162842 0.4054945111274719
v 0.2150000035762787 2.445000171661377 0.3956044316291809
v 0.20000000298023224 2.4600000381469727 0.3956044316291809
v 0.20000000298023224 2.4600000381469727 0.4054945111274719
v 0.2150000035762787 2.445000171661377 0.3956044316291809
v 0.20000000298023224 2.4600000381469727 0.4054945111274719
v 0.2150000035762787 2.445000171661377 0.4054945111274719
v -0.2150000035762787 0.31499993801116943 0.3956044316291809
v -0.20000000298023224 2.445000171661377 0.3807692527770996
v -0.20000000298023224 0.31499993801116943 0.3807692527770996
v -0.2150000035762787 0.31499993801116943 0.3956044316291809
v -0.2150000035762787 2.445000171661377 0.3956044316291809
v -0.20000000298023224 2.445000171661377 0.3807692527770996
v -0.2150000035762787 0.31499993801116943 0.4054945111274719
v -0.20000000298023224 0.31499993801116943 0.4203296899795532
v -0.20000000298023224 2.445000171661377 0.4203296899795532
v -0.2150000035762787 0.31499993801116943 0.4054945111274719
v -0.20000000298023224 2.445000171661377 0.4203296899795532
v -0.2150000035762787 2.445000171661377 0.4054945111274719
v 0.2150000035762787 0.31499993801116943 0.3956044316291809
v 0.20000000298023224 0.31499993801116943 0.3807692527770996
v 0.20000000298023224 2.445000171661377 0.3807692527770996
v 0.2150000035762787 0.31499993801116943 0.3956044316291809
v 0.20000000298023224 2.445000171661377 0.3807692527770996
v 0.2150000035762787 2.445000171661377 0.3956044316291809
v 0.2150000035762787 0.31499993801116943 0.4054945111274719
v 0.20000000298023224 2.445000171661377 0.4203296899795532
v 0.20000000298023224 0.31499993801116943 0.4203296899795532
v 0.2150000035762787 0.31499993801116943 0.4054945111274719
v 0.2150000035762787 2.445000171661377 0.4054945111274719
v 0.20000000298023224 2.445000171661377 0.4203296899795532
v -0.20000000298023224 0.2999999523162842 0.3956044316291809
v -0.20000000298023224 0.31499993801116943 0.3807692527770996
v 0.20000000298023224 0.31499993801116943 0.3807692527770996
v -0.20000000298023224 0.2999999523162842 0.3956044316291809
v 0.20000000298023224 0.31499993801116943 0.3807692527770996
v 0.20000000298023224 0.2999999523162842 0.3956044316291809
v -0.20000000298023224 0.2999999523162842 0.4054945111274719
v 0.20000000298023224 0.31499993801116943 0.4203296899795532
v -0.20000000298023224 0.31499993801116943 0.4203296899795532
v -0.20000000298023224 0.2999999523162842 0.4054945111274719
v 0.20000000298023224 0.2999999523162842 0.4054945111274719
v 0.20000000298023224 0.31499993801116943 0.4203296899795532
v -0.20000000298023224 2.4600000381469727 0.3956044316291809
v 0.20000000298023224 2.445000171661377 0.3807692527770996
v -0.20000000298023224 2.445000171661377 0.3807692527770996
v -0.20000000298023224 2.4600000381469727 0.3956044316291809
v 0.20000000298023224 2.4600000381469727 0.3956044316291809
v 0.20000000298023224 2.445000171661377 0.3807692527770996
v -0.20000000298023224 2.4600000381469727 0.4054945111274719
v -0.20000000298023224 2.445000171661377 0.4203296899795532
v 0.20000000298023224 2.445000171661377 0.4203296899795532
v -0.20000000298023224 2.4600000381469727 0.4054945111274719
v 0.20000000298023224 2.445000171661377 0.4203296899795532
v 0.20000000298023224 2.4600000381469727 0.4054945111274719
v -0.2150000035762787 0.31499993801116943 0.3956044316291809
v -0.20000000298023224 0.31499993801116943 0.3807692527770996
v -0.20000000298023224 0.2999999523162842 0.3956044316291809
v -0.2150000035762787 0.31499993801116943 0.4054945111274719
v -0.20000000298023224 0.2999999523162842 0.4054945111274719
v -0.20000000298023224 0.31499993801116943 0.4203296899795532
v -0.2150000035762787 2.445000171661377 0.3956044316291809
v -0.20000000298023224 2.4600000381469727 0.3956044316291809
v -0.20000000298023224 2.445000171661377 0.3807692527770996
v -0.2150000035762787 2.445000171661377 0.4054945111274719
v -0.20000000298023224 2.445000171661377 0.4203296899795532
v -0.20000000298023224 2.4600000381469727 0.4054945111274719
v 0.2150000035762787 0.31499993801116943 0.3956044316291809
v 0.20000000298023224 0.2999999523162842 0.3956044316291809
v 0.20000000298023224 0.31499993801116943 0.3807692527770996
v 0.2150000035762787 0.31499993801116943 0.4054945111274719
v 0.20000000298023224 0.31499993801116943 0.4203296899795532
v 0.20000000298023224 0.2999999523162842 0.4054945111274719
v 0.2150000035762787 2.445000171661377 0.3956044316291809
v 0.20000000298023224 2.445000171661377 0.3807692527770996
v 0.20000000298023224 2.4600000381469727 0.3956044316291809
v 0.2150000035762787 2.445000171661377 0.4054945111274719
v 0.20000000298023224 2.4600000381469727 0.4054945111274719
v 0.20000000298023224 2.445000171661377 0.4203296899795532
vn -1 0 0
vn -1 0 0
vn -1 0 0
vn -1 0 0
vn -1 0 0
vn -1 0 0
vn 1 0 0
vn 1 0 0
vn 1 0 0
vn 1 0 0
vn 1 0 0
vn 1 0 0
vn 0 -1 0
vn 0 -1 0
vn 0 -1 0
vn 0 -1 0
vn 0 -1 0
vn 0 -1 0
vn 0 1 0
vn 0 1 0
vn 0 1 0
vn 0 1 0
vn 0 1 0
vn 0 1 0
vn 0 0 -1
vn 0 0 -1
vn 0 0 -1
vn 0 0 -1
vn 0 0 -1
vn 0 0 -1
vn 0 0 1
vn 0 0 1
vn 0 0 1
vn 0 0 1
vn 0 0 1
vn 0 0 1
vn -0.70710639375626 -0.7071071686166227 0
vn -0.70710639375626 -0.7071071686166227 0
vn -0.70710639375626 -0.7071071686166227 0
vn -0.70710639375626 -0.7071071686166227 0
vn -0.70710639375626 -0.7071071686166227 0
vn -0.70710639375626 -0.7071071686166227 0
vn -0.70710639375626 0.7071071686166227 0
vn -0.70710639375626 0.7071071686166227 0
vn -0.70710639375626 0.7071071686166227 0
vn -0.70710639375626 0.7071071686166227 0
vn -0.70710639375626 0.7071071686166227 0
vn -0.70710639375626 0.7071071686166227 0
vn 0.70710639375626 -0.7071071686166227 0
vn 0.70710639375626 -0.7071071686166227 0
vn 0.70710639375626 -0.7071071686166227 0
vn 0.70710639375626 -0.7071071686166227 0
vn 0.70710639375626 -0.7071071686166227 0
vn 0.70710639375626 -0.7071071686166227 0
vn 0.70710639375626 0.7071071686166227 0
vn 0.70710639375626 0.7071071686166227 0
vn 0.70710639375626 0.7071071686166227 0
vn 0.70710639375626 0.7071071686166227 0
vn 0.70710639375626 0.7071071686166227 0
vn 0.70710639375626 0.7071071686166227 0
vn -0.7031893520574922 0 -0.7110026266849963
vn -0.7031893520574922 0 -0.7110026266849963
vn -0.7031893520574922 0 -0.7110026266849963
vn -0.7031893520574922 0 -0.7110026266849963
vn -0.7031893520574922 0 -0.7110026266849963
vn -0.7031893520574922 0 -0.7110026266849963
vn -0.7031893520574922 0 0.7110026266849963
vn -0.7031893520574922 0 0.7110026266849963
vn -0.7031893520574922 0 0.7110026266849963
vn -0.7031893520574922 0 0.7110026266849963
vn -0.7031893520574922 0 0.7110026266849963
vn -0.7031893520574922 0 0.7110026266849963
vn 0.7031893520574922 0 -0.7110026266849963
vn 0.7031893520574922 0 -0.7110026266849963
vn 0.7031893520574922 0 -0.7110026266849963
vn 0.7031893520574922 0 -0.7110026266849963
vn 0.7031893520574922 0 -0.7110026266849963
vn 0.7031893520574922 0 -0.7110026266849963
vn 0.7031893520574922 0 0.7110026266849963
vn 0.7031893520574922 0 0.7110026266849963
vn 0.7031893520574922 0 0.7110026266849963
vn 0.7031893520574922 0 0.7110026266849963
vn 0.7031893520574922 0 0.7110026266849963
vn 0.7031893520574922 0 0.7110026266849963
vn 0 -0.7031897116501445 -0.7110022710437618
vn 0 -0.7031897116501445 -0.7110022710437618
vn 0 -0.7031897116501445 -0.7110022710437618
vn 0 -0.7031897116501445 -0.7110022710437618
vn 0 -0.7031897116501445 -0.7110022710437618
vn 0 -0.7031897116501445 -0.7110022710437618
vn 0 -0.7031897116501445 0.7110022710437618
vn 0 -0.7031897116501445 0.7110022710437618
vn 0 -0.7031897116501445 0.7110022710437618
vn 0 -0.7031897116501445 0.7110022710437618
vn 0 -0.7031897116501445 0.7110022710437618
vn 0 -0.7031897116501445 0.7110022710437618
vn 0 0.7031897116501445 -0.7110022710437618
vn 0 0.7031897116501445 -0.7110022710437618
vn 0 0.7031897116501445 -0.7110022710437618
vn 0 0.7031897116501445 -0.7110022710437618
vn 0 0.7031897116501445 -0.7110022710437618
vn 0 0.7031897116501445 -0.7110022710437618
vn 0 0.7031897116501445 0.7110022710437618
vn 0 0.7031897116501445 0.7110022710437618
vn 0 0.7031897116501445 0.7110022710437618
vn 0 0.7031897116501445 0.7110022710437618
vn 0 0.7031897116501445 0.7110022710437618
vn 0 0.7031897116501445 0.7110022710437618
vn -0.5752118010271697 -0.5752123970735947 -0.5816030280285074
vn -0.5752118010271697 -0.5752123970735947 -0.5816030280285074
vn -0.5752118010271697 -0.5752123970735947 -0.5816030280285074
vn -0.5752118010271697 -0.5752123970735947 0.5816030280285074
vn -0.5752118010271697 -0.5752123970735947 0.5816030280285074
vn -0.5752118010271697 -0.5752123970735947 0.5816030280285074
vn -0.5752118010271697 0.5752123970735947 -0.5816030280285074
vn -0.5752118010271697 0.5752123970735947 -0.5816030280285074
vn -0.5752118010271697 0.5752123970735947 -0.5816030280285074
vn -0.5752118010271697 0.5752123970735947 0.5816030280285074
vn -0.5752118010271697 0.5752123970735947 0.5816030280285074
vn -0.5752118010271697 0.5752123970735947 0.5816030280285074
vn 0.5752118010271697 -0.5752123970735947 -0.5816030280285074
vn 0.5752118010271697 -0.5752123970735947 -0.5816030280285074
vn 0.5752118010271697 -0.5752123970735947 -0.5816030280285074
vn 0.5752118010271697 -0.5752123970735947 0.5816030280285074
vn 0.5752118010271697 -0.5752123970735947 0.5816030280285074
vn 0.5752118010271697 -0.5752123970735947 0.5816030280285074
vn 0.5752118010271697 0.5752123970735947 -0.5816030280285074
vn 0.5752118010271697 0.5752123970735947 -0.5816030280285074
vn 0.5752118010271697 0.5752123970735947 -0.5816030280285074
vn 0.5752118010271697 0.5752123970735947 0.5816030280285074
vn 0.5752118010271697 0.5752123970735947 0.5816030280285074
vn 0.5752118010271697 0.5752123970735947 0.5816030280285074
f 649//649 650//650 651//651
f 652//652 653//653 654//654
f 655//655 656//656 657//657
f 658//658 659//659 660//660
f 661//661 662//662 663//663
f 664//664 665//665 666//666
f 667//667 668//668 669//669
f 670//670 671//671 672//672
f 673//673 674//674 675//675
f 676//676 677//677 678//678
f 679//679 680//680 681//681
f 682//682 683//683 684//684
f 685//685 686//686 687//687
f 688//688 689//689 690//690
f 691//691 692//692 693//693
f 694//694 695//695 696//696
f 697//697 698//698 699//699
f 700//700 701//701 702//702
f 703//703 704//704 705//705
f 706//706 707//707 708//708
f 709//709 710//710 711//711
f 712//712 713//713 714//714
f 715//715 716//716 717//717
f 718//718 719//719 720//720
f 721//721 722//722 723//723
f 724//724 725//725 726//726
f 727//727 728//728 729//729
f 730//730 731//731 732//732
f 733//733 734//734 735//735
f 736//736 737//737 738//738
f 739//739 740//740 741//741
f 742//742 743//743 744//744
f 745//745 746//746 747//747
f 748//748 749//749 750//750
f 751//751 752//752 753//753
f 754//754 755//755 756//756
f 757//757 758//758 759//759
f 760//760 761//761 762//762
f 763//763 764//764 765//765
f 766//766 767//767 768//768
f 769//769 770//770 771//771
f 772//772 773//773 774//774
f 775//775 776//776 777//777
f 778//778 779//779 780//780
o handle_1
usemtl metal
v 0.17499999701976776 1.7100000381469727 0.44999998807907104
v 0.17499999701976776 1.7100000381469727 0.4005494713783264
v 0.17499999701976776 1.090000033378601 0.44999998807907104
v 0.17499999701976776 1.090000033378601 0.4005494713783264
v 0.125 1.7100000381469727 0.4005494713783264
v 0.125 1.7100000381469727 0.44999998807907104
v 0.125 1.090000033378601 0.4005494713783264
v 0.125 1.090000033378601 0.44999998807907104
v 0.125 1.7100000381469727 0.4005494713783264
v 0.17499999701976776 1.7100000381469727 0.4005494713783264
v 0.125 1.7100000381469727 0.44999998807907104
v 0.17499999701976776 1.7100000381469727 0.44999998807907104
v 0.125 1.090000033378601 0.44999998807907104
v 0.17499999701976776 1.090000033378601 0.44999998807907104
v 0.125 1.090000033378601 0.4005494713783264
v 0.17499999701976776 1.090000033378601 0.4005494713783264
v 0.125 1.7100000381469727 0.44999998807907104
v 0.17499999701976776 1.7100000381469727 0.44999998807907104
v 0.125 1.090000033378601 0.44999998807907104
v 0.17499999701976776 1.090000033378601 0.44999998807907104
v 0.17499999701976776 1.7100000381469727 0.4005494713783264
v 0.125 1.7100000381469727 0.4005494713783264
v 0.17499999701976776 1.090000033378601 0.4005494713783264
v 0.125 1.090000033378601 0.4005494713783264
vt 0 1
vt 1 1
vt 0 0
vt 1 0
vt 0 1
vt 1 1
vt 0 0
vt 1 0
vt 0 1
vt 1 1
vt 0 0
vt 1 0
vt 0 1
vt 1 1
vt 0 0
vt 1 0
vt 0 1
vt 1 1
vt 0 0
vt 1 0
vt 0 1
vt 1 1
vt 0 0
vt 1 0
vn 1 0 0
vn 1 0 0
vn 1 0 0
vn 1 0 0
vn -1 0 0
vn -1 0 0
vn -1 0 0
vn -1 0 0
vn 0 1 0
vn 0 1 0
vn 0 1 0
vn 0 1 0
vn 0 -1 0
vn 0 -1 0
vn 0 -1 0
vn 0 -1 0
vn 0 0 1
vn 0 0 1
vn 0 0 1
vn 0 0 1
vn 0 0 -1
vn 0 0 -1
vn 0 0 -1
vn 0 0 -1
f 781/121/781 783/123/783 782/122/782
f 783/123/783 784/124/784 782/122/782
f 785/125/785 787/127/787 786/126/786
f 787/127/787 788/128/788 786/126/786
f 789/129/789 791/131/791 790/130/790
f 791/131/791 792/132/792 790/130/790
f 793/133/793 795/135/795 794/134/794
f 795/135/795 796/136/796 794/134/794
f 797/137/797 799/139/799 798/138/798
f 799/139/799 800/140/800 798/138/798
f 801/141/801 803/143/803 802/142/802
f 803/143/803 804/144/804 802/142/802
o vent_1_0
usemtl cream
v 0.15000000596046448 2.305000066757202 0.44010990858078003
v 0.15000000596046448 2.305000066757202 0.41043955087661743
v 0.15000000596046448 2.255000114440918 0.44010990858078003
v 0.15000000596046448 2.255000114440918 0.41043955087661743
v -0.15000000596046448 2.305000066757202 0.41043955087661743
v -0.15000000596046448 2.305000066757202 0.44010990858078003
v -0.15000000596046448 2.255000114440918 0.41043955087661743
v -0.15000000596046448 2.255000114440918 0.44010990858078003
v -0.15000000596046448 2.305000066757202 0.41043955087661743
v 0.15000000596046448 2.305000066757202 0.41043955087661743
v -0.15000000596046448 2.305000066757202 0.44010990858078003
v 0.15000000596046448 2.305000066757202 0.44010990858078003
v -0.15000000596046448 2.255000114440918 0.44010990858078003
v 0.15000000596046448 2.255000114440918 0.44010990858078003
v -0.15000000596046448 2.255000114440918 0.41043955087661743
v 0.15000000596046448 2.255000114440918 0.41043955087661743
v -0.15000000596046448 2.305000066757202 0.44010990858078003
v 0.15000000596046448 2.305000066757202 0.44010990858078003
v -0.15000000596046448 2.255000114440918 0.44010990858078003
v 0.15000000596046448 2.255000114440918 0.44010990858078003
v 0.15000000596046448 2.305000066757202 0.41043955087661743
v -0.15000000596046448 2.305000066757202 0.41043955087661743
v 0.15000000596046448 2.255000114440918 0.41043955087661743
v -0.15000000596046448 2.255000114440918 0.41043955087661743
vt 0 1
vt 1 1
vt 0 0
vt 1 0
vt 0 1
vt 1 1
vt 0 0
vt 1 0
vt 0 1
vt 1 1
vt 0 0
vt 1 0
vt 0 1
vt 1 1
vt 0 0
vt 1 0
vt 0 1
vt 1 1
vt 0 0
vt 1 0
vt 0 1
vt 1 1
vt 0 0
vt 1 0
vn 1 0 0
vn 1 0 0
vn 1 0 0
vn 1 0 0
vn -1 0 0
vn -1 0 0
vn -1 0 0
vn -1 0 0
vn 0 1 0
vn 0 1 0
vn 0 1 0
vn 0 1 0
vn 0 -1 0
vn 0 -1 0
vn 0 -1 0
vn 0 -1 0
vn 0 0 1
vn 0 0 1
vn 0 0 1
vn 0 0 1
vn 0 0 -1
vn 0 0 -1
vn 0 0 -1
vn 0 0 -1
f 805/145/805 807/147/807 806/146/806
f 807/147/807 808/148/808 806/146/806
f 809/149/809 811/151/811 810/150/810
f 811/151/811 812/152/812 810/150/810
f 813/153/813 815/155/815 814/154/814
f 815/155/815 816/156/816 814/154/814
f 817/157/817 819/159/819 818/158/818
f 819/159/819 820/160/820 818/158/818
f 821/161/821 823/163/823 822/162/822
f 823/163/823 824/164/824 822/162/822
f 825/165/825 827/167/827 826/166/826
f 827/167/827 828/168/828 826/166/826
o vent_1_1
usemtl cream
v 0.15000000596046448 2.4149999618530273 0.44010990858078003
v 0.15000000596046448 2.4149999618530273 0.41043955087661743
v 0.15000000596046448 2.365000009536743 0.44010990858078003
v 0.15000000596046448 2.365000009536743 0.41043955087661743
v -0.15000000596046448 2.4149999618530273 0.41043955087661743
v -0.15000000596046448 2.4149999618530273 0.44010990858078003
v -0.15000000596046448 2.365000009536743 0.41043955087661743
v -0.15000000596046448 2.365000009536743 0.44010990858078003
v -0.15000000596046448 2.4149999618530273 0.41043955087661743
v 0.15000000596046448 2.4149999618530273 0.41043955087661743
v -0.15000000596046448 2.4149999618530273 0.44010990858078003
v 0.15000000596046448 2.4149999618530273 0.44010990858078003
v -0.15000000596046448 2.365000009536743 0.44010990858078003
v 0.15000000596046448 2.365000009536743 0.44010990858078003
v -0.15000000596046448 2.365000009536743 0.41043955087661743
v 0.15000000596046448 2.365000009536743 0.41043955087661743
v -0.15000000596046448 2.4149999618530273 0.44010990858078003
v 0.15000000596046448 2.4149999618530273 0.44010990858078003
v -0.15000000596046448 2.365000009536743 0.44010990858078003
v 0.15000000596046448 2.365000009536743 0.44010990858078003
v 0.15000000596046448 2.4149999618530273 0.41043955087661743
v -0.15000000596046448 2.4149999618530273 0.41043955087661743
v 0.15000000596046448 2.365000009536743 0.41043955087661743
v -0.15000000596046448 2.365000009536743 0.41043955087661743
vt 0 1
vt 1 1
vt 0 0
vt 1 0
vt 0 1
vt 1 1
vt 0 0
vt 1 0
vt 0 1
vt 1 1
vt 0 0
vt 1 0
vt 0 1
vt 1 1
vt 0 0
vt 1 0
vt 0 1
vt 1 1
vt 0 0
vt 1 0
vt 0 1
vt 1 1
vt 0 0
vt 1 0
vn 1 0 0
vn 1 0 0
vn 1 0 0
vn 1 0 0
vn -1 0 0
vn -1 0 0
vn -1 0 0
vn -1 0 0
vn 0 1 0
vn 0 1 0
vn 0 1 0
vn 0 1 0
vn 0 -1 0
vn 0 -1 0
vn 0 -1 0
vn 0 -1 0
vn 0 0 1
vn 0 0 1
vn 0 0 1
vn 0 0 1
vn 0 0 -1
vn 0 0 -1
vn 0 0 -1
vn 0 0 -1
f 829/169/829 831/171/831 830/170/830
f 831/171/831 832/172/832 830/170/830
f 833/173/833 835/175/835 834/174/834
f 835/175/835 836/176/836 834/174/834
f 837/177/837 839/179/839 838/178/838
f 839/179/839 840/180/840 838/178/838
f 841/181/841 843/183/843 842/182/842
f 843/183/843 844/184/844 842/182/842
f 845/185/845 847/187/847 846/186/846
f 847/187/847 848/188/848 846/186/846
f 849/189/849 851/191/851 850/190/850
f 851/191/851 852/192/852 850/190/850
o vent_1_2
usemtl cream
v 0.15000000596046448 2.5250000953674316 0.44010990858078003
v 0.15000000596046448 2.5250000953674316 0.41043955087661743
v 0.15000000596046448 2.4749999046325684 0.44010990858078003
v 0.15000000596046448 2.4749999046325684 0.41043955087661743
v -0.15000000596046448 2.5250000953674316 0.41043955087661743
v -0.15000000596046448 2.5250000953674316 0.44010990858078003
v -0.15000000596046448 2.4749999046325684 0.41043955087661743
v -0.15000000596046448 2.4749999046325684 0.44010990858078003
v -0.15000000596046448 2.5250000953674316 0.41043955087661743
v 0.15000000596046448 2.5250000953674316 0.41043955087661743
v -0.15000000596046448 2.5250000953674316 0.44010990858078003
v 0.15000000596046448 2.5250000953674316 0.44010990858078003
v -0.15000000596046448 2.4749999046325684 0.44010990858078003
v 0.15000000596046448 2.4749999046325684 0.44010990858078003
v -0.15000000596046448 2.4749999046325684 0.41043955087661743
v 0.15000000596046448 2.4749999046325684 0.41043955087661743
v -0.15000000596046448 2.5250000953674316 0.44010990858078003
v 0.15000000596046448 2.5250000953674316 0.44010990858078003
v -0.15000000596046448 2.4749999046325684 0.44010990858078003
v 0.15000000596046448 2.4749999046325684 0.44010990858078003
v 0.15000000596046448 2.5250000953674316 0.41043955087661743
v -0.15000000596046448 2.5250000953674316 0.41043955087661743
v 0.15000000596046448 2.4749999046325684 0.41043955087661743
v -0.15000000596046448 2.4749999046325684 0.41043955087661743
vt 0 1
vt 1 1
vt 0 0
vt 1 0
vt 0 1
vt 1 1
vt 0 0
vt 1 0
vt 0 1
vt 1 1
vt 0 0
vt 1 0
vt 0 1
vt 1 1
vt 0 0
vt 1 0
vt 0 1
vt 1 1
vt 0 0
vt 1 0
vt 0 1
vt 1 1
vt 0 0
vt 1 0
vn 1 0 0
vn 1 0 0
vn 1 0 0
vn 1 0 0
vn -1 0 0
vn -1 0 0
vn -1 0 0
vn -1 0 0
vn 0 1 0
vn 0 1 0
vn 0 1 0
vn 0 1 0
vn 0 -1 0
vn 0 -1 0
vn 0 -1 0
vn 0 -1 0
vn 0 0 1
vn 0 0 1
vn 0 0 1
vn 0 0 1
vn 0 0 -1
vn 0 0 -1
vn 0 0 -1
vn 0 0 -1
f 853/193/853 855/195/855 854/194/854
f 855/195/855 856/196/856 854/194/854
f 857/197/857 859/199/859 858/198/858
f 859/199/859 860/200/860 858/198/858
f 861/201/861 863/203/863 862/202/862
f 863/203/863 864/204/864 862/202/862
f 865/205/865 867/207/867 866/206/866
f 867/207/867 868/208/868 866/206/866
f 869/209/869 871/211/871 870/210/870
f 871/211/871 872/212/872 870/210/870
f 873/213/873 875/215/875 874/214/874
f 875/215/875 876/216/876 874/214/874
o plate_1
usemtl gold
v 0.07999999821186066 1.909999966621399 0.4351648688316345
v 0.07999999821186066 1.909999966621399 0.41538459062576294
v 0.07999999821186066 1.809999942779541 0.4351648688316345
v 0.07999999821186066 1.809999942779541 0.41538459062576294
v -0.07999999821186066 1.909999966621399 0.41538459062576294
v -0.07999999821186066 1.909999966621399 0.4351648688316345
v -0.07999999821186066 1.809999942779541 0.41538459062576294
v -0.07999999821186066 1.809999942779541 0.4351648688316345
v -0.07999999821186066 1.909999966621399 0.41538459062576294
v 0.07999999821186066 1.909999966621399 0.41538459062576294
v -0.07999999821186066 1.909999966621399 0.4351648688316345
v 0.07999999821186066 1.909999966621399 0.4351648688316345
v -0.07999999821186066 1.809999942779541 0.4351648688316345
v 0.07999999821186066 1.809999942779541 0.4351648688316345
v -0.07999999821186066 1.809999942779541 0.41538459062576294
v 0.07999999821186066 1.809999942779541 0.41538459062576294
v -0.07999999821186066 1.909999966621399 0.4351648688316345
v 0.07999999821186066 1.909999966621399 0.4351648688316345
v -0.07999999821186066 1.809999942779541 0.4351648688316345
v 0.07999999821186066 1.809999942779541 0.4351648688316345
v 0.07999999821186066 1.909999966621399 0.41538459062576294
v -0.07999999821186066 1.909999966621399 0.41538459062576294
v 0.07999999821186066 1.809999942779541 0.41538459062576294
v -0.07999999821186066 1.809999942779541 0.41538459062576294
vt 0 1
vt 1 1
vt 0 0
vt 1 0
vt 0 1
vt 1 1
vt 0 0
vt 1 0
vt 0 1
vt 1 1
vt 0 0
vt 1 0
vt 0 1
vt 1 1
vt 0 0
vt 1 0
vt 0 1
vt 1 1
vt 0 0
vt 1 0
vt 0 1
vt 1 1
vt 0 0
vt 1 0
vn 1 0 0
vn 1 0 0
vn 1 0 0
vn 1 0 0
vn -1 0 0
vn -1 0 0
vn -1 0 0
vn -1 0 0
vn 0 1 0
vn 0 1 0
vn 0 1 0
vn 0 1 0
vn 0 -1 0
vn 0 -1 0
vn 0 -1 0
vn 0 -1 0
vn 0 0 1
vn 0 0 1
vn 0 0 1
vn 0 0 1
vn 0 0 -1
vn 0 0 -1
vn 0 0 -1
vn 0 0 -1
f 877/217/877 879/219/879 878/218/878
f 879/219/879 880/220/880 878/218/878
f 881/221/881 883/223/883 882/222/882
f 883/223/883 884/224/884 882/222/882
f 885/225/885 887/227/887 886/226/886
f 887/227/887 888/228/888 886/226/886
f 889/229/889 891/231/891 890/230/890
f 891/231/891 892/232/892 890/230/890
f 893/233/893 895/235/895 894/234/894
f 895/235/895 896/236/896 894/234/894
f 897/237/897 899/239/899 898/238/898
f 899/239/899 900/240/900 898/238/898
o door_2
usemtl cobalt
v 0.26499998569488525 0.31499993801116943 0.3956044316291809
v 0.26499998569488525 2.445000171661377 0.4054945111274719
v 0.26499998569488525 2.445000171661377 0.3956044316291809
v 0.26499998569488525 0.31499993801116943 0.3956044316291809
v 0.26499998569488525 0.31499993801116943 0.4054945111274719
v 0.26499998569488525 2.445000171661377 0.4054945111274719
v 0.6949999928474426 0.31499993801116943 0.3956044316291809
v 0.6949999928474426 2.445000171661377 0.3956044316291809
v 0.6949999928474426 2.445000171661377 0.4054945111274719
v 0.6949999928474426 0.31499993801116943 0.3956044316291809
v 0.6949999928474426 2.445000171661377 0.4054945111274719
v 0.6949999928474426 0.31499993801116943 0.4054945111274719
v 0.2800000011920929 0.2999999523162842 0.3956044316291809
v 0.6800000071525574 0.2999999523162842 0.3956044316291809
v 0.6800000071525574 0.2999999523162842 0.4054945111274719
v 0.2800000011920929 0.2999999523162842 0.3956044316291809
v 0.6800000071525574 0.2999999523162842 0.4054945111274719
v 0.2800000011920929 0.2999999523162842 0.4054945111274719
v 0.2800000011920929 2.4600000381469727 0.3956044316291809
v 0.6800000071525574 2.4600000381469727 0.4054945111274719
v 0.6800000071525574 2.4600000381469727 0.3956044316291809
v 0.2800000011920929 2.4600000381469727 0.3956044316291809
v 0.2800000011920929 2.4600000381469727 0.4054945111274719
v 0.6800000071525574 2.4600000381469727 0.4054945111274719
v 0.2800000011920929 0.31499993801116943 0.3807692527770996
v 0.6800000071525574 2.445000171661377 0.3807692527770996
v 0.6800000071525574 0.31499993801116943 0.3807692527770996
v 0.2800000011920929 0.31499993801116943 0.3807692527770996
v 0.2800000011920929 2.445000171661377 0.3807692527770996
v 0.6800000071525574 2.445000171661377 0.3807692527770996
v 0.2800000011920929 0.31499993801116943 0.4203296899795532
v 0.6800000071525574 0.31499993801116943 0.4203296899795532
v 0.6800000071525574 2.445000171661377 0.4203296899795532
v 0.2800000011920929 0.31499993801116943 0.4203296899795532
v 0.6800000071525574 2.445000171661377 0.4203296899795532
v 0.2800000011920929 2.445000171661377 0.4203296899795532
v 0.26499998569488525 0.31499993801116943 0.3956044316291809
v 0.2800000011920929 0.2999999523162842 0.3956044316291809
v 0.2800000011920929 0.2999999523162842 0.4054945111274719
v 0.26499998569488525 0.31499993801116943 0.3956044316291809
v 0.2800000011920929 0.2999999523162842 0.4054945111274719
v 0.26499998569488525 0.31499993801116943 0.4054945111274719
v 0.26499998569488525 2.445000171661377 0.3956044316291809
v 0.2800000011920929 2.4600000381469727 0.4054945111274719
v 0.2800000011920929 2.4600000381469727 0.3956044316291809
v 0.26499998569488525 2.445000171661377 0.3956044316291809
v 0.26499998569488525 2.445000171661377 0.4054945111274719
v 0.2800000011920929 2.4600000381469727 0.4054945111274719
v 0.6949999928474426 0.31499993801116943 0.3956044316291809
v 0.6800000071525574 0.2999999523162842 0.4054945111274719
v 0.6800000071525574 0.2999999523162842 0.3956044316291809
v 0.6949999928474426 0.31499993801116943 0.3956044316291809
v 0.6949999928474426 0.31499993801116943 0.4054945111274719
v 0.6800000071525574 0.2999999523162842 0.4054945111274719
v 0.6949999928474426 2.445000171661377 0.3956044316291809
v 0.6800000071525574 2.4600000381469727 0.3956044316291809
v 0.6800000071525574 2.4600000381469727 0.4054945111274719
v 0.6949999928474426 2.445000171661377 0.3956044316291809
v 0.6800000071525574 2.4600000381469727 0.4054945111274719
v 0.6949999928474426 2.445000171661377 0.4054945111274719
v 0.26499998569488525 0.31499993801116943 0.3956044316291809
v 0.2800000011920929 2.445000171661377 0.3807692527770996
v 0.2800000011920929 0.31499993801116943 0.3807692527770996
v 0.26499998569488525 0.31499993801116943 0.3956044316291809
v 0.26499998569488525 2.445000171661377 0.3956044316291809
v 0.2800000011920929 2.445000171661377 0.3807692527770996
v 0.26499998569488525 0.31499993801116943 0.4054945111274719
v 0.2800000011920929 0.31499993801116943 0.4203296899795532
v 0.2800000011920929 2.445000171661377 0.4203296899795532
v 0.26499998569488525 0.31499993801116943 0.4054945111274719
v 0.2800000011920929 2.445000171661377 0.4203296899795532
v 0.26499998569488525 2.445000171661377 0.4054945111274719
v 0.6949999928474426 0.31499993801116943 0.3956044316291809
v 0.6800000071525574 0.31499993801116943 0.3807692527770996
v 0.6800000071525574 2.445000171661377 0.3807692527770996
v 0.6949999928474426 0.31499993801116943 0.3956044316291809
v 0.6800000071525574 2.445000171661377 0.3807692527770996
v 0.6949999928474426 2.445000171661377 0.3956044316291809
v 0.6949999928474426 0.31499993801116943 0.4054945111274719
v 0.6800000071525574 2.445000171661377 0.4203296899795532
v 0.6800000071525574 0.31499993801116943 0.4203296899795532
v 0.6949999928474426 0.31499993801116943 0.4054945111274719
v 0.6949999928474426 2.445000171661377 0.4054945111274719
v 0.6800000071525574 2.445000171661377 0.4203296899795532
v 0.2800000011920929 0.2999999523162842 0.3956044316291809
v 0.2800000011920929 0.31499993801116943 0.3807692527770996
v 0.6800000071525574 0.31499993801116943 0.3807692527770996
v 0.2800000011920929 0.2999999523162842 0.3956044316291809
v 0.6800000071525574 0.31499993801116943 0.3807692527770996
v 0.6800000071525574 0.2999999523162842 0.3956044316291809
v 0.2800000011920929 0.2999999523162842 0.4054945111274719
v 0.6800000071525574 0.31499993801116943 0.4203296899795532
v 0.2800000011920929 0.31499993801116943 0.4203296899795532
v 0.2800000011920929 0.2999999523162842 0.4054945111274719
v 0.6800000071525574 0.2999999523162842 0.4054945111274719
v 0.6800000071525574 0.31499993801116943 0.4203296899795532
v 0.2800000011920929 2.4600000381469727 0.3956044316291809
v 0.6800000071525574 2.445000171661377 0.3807692527770996
v 0.2800000011920929 2.445000171661377 0.3807692527770996
v 0.2800000011920929 2.4600000381469727 0.3956044316291809
v 0.6800000071525574 2.4600000381469727 0.3956044316291809
v 0.6800000071525574 2.445000171661377 0.3807692527770996
v 0.2800000011920929 2.4600000381469727 0.4054945111274719
v 0.2800000011920929 2.445000171661377 0.4203296899795532
v 0.6800000071525574 2.445000171661377 0.4203296899795532
v 0.2800000011920929 2.4600000381469727 0.4054945111274719
v 0.6800000071525574 2.445000171661377 0.4203296899795532
v 0.6800000071525574 2.4600000381469727 0.4054945111274719
v 0.26499998569488525 0.31499993801116943 0.3956044316291809
v 0.2800000011920929 0.31499993801116943 0.3807692527770996
v 0.2800000011920929 0.2999999523162842 0.3956044316291809
v 0.26499998569488525 0.31499993801116943 0.4054945111274719
v 0.2800000011920929 0.2999999523162842 0.4054945111274719
v 0.2800000011920929 0.31499993801116943 0.4203296899795532
v 0.26499998569488525 2.445000171661377 0.3956044316291809
v 0.2800000011920929 2.4600000381469727 0.3956044316291809
v 0.2800000011920929 2.445000171661377 0.3807692527770996
v 0.26499998569488525 2.445000171661377 0.4054945111274719
v 0.2800000011920929 2.445000171661377 0.4203296899795532
v 0.2800000011920929 2.4600000381469727 0.4054945111274719
v 0.6949999928474426 0.31499993801116943 0.3956044316291809
v 0.6800000071525574 0.2999999523162842 0.3956044316291809
v 0.6800000071525574 0.31499993801116943 0.3807692527770996
v 0.6949999928474426 0.31499993801116943 0.4054945111274719
v 0.6800000071525574 0.31499993801116943 0.4203296899795532
v 0.6800000071525574 0.2999999523162842 0.4054945111274719
v 0.6949999928474426 2.445000171661377 0.3956044316291809
v 0.6800000071525574 2.445000171661377 0.3807692527770996
v 0.6800000071525574 2.4600000381469727 0.3956044316291809
v 0.6949999928474426 2.445000171661377 0.4054945111274719
v 0.6800000071525574 2.4600000381469727 0.4054945111274719
v 0.6800000071525574 2.445000171661377 0.4203296899795532
vn -1 0 0
vn -1 0 0
vn -1 0 0
vn -1 0 0
vn -1 0 0
vn -1 0 0
vn 1 0 0
vn 1 0 0
vn 1 0 0
vn 1 0 0
vn 1 0 0
vn 1 0 0
vn 0 -1 0
vn 0 -1 0
vn 0 -1 0
vn 0 -1 0
vn 0 -1 0
vn 0 -1 0
vn 0 1 0
vn 0 1 0
vn 0 1 0
vn 0 1 0
vn 0 1 0
vn 0 1 0
vn 0 0 -1
vn 0 0 -1
vn 0 0 -1
vn 0 0 -1
vn 0 0 -1
vn 0 0 -1
vn 0 0 1
vn 0 0 1
vn 0 0 1
vn 0 0 1
vn 0 0 1
vn 0 0 1
vn -0.70710639375626 -0.7071071686166227 0
vn -0.70710639375626 -0.7071071686166227 0
vn -0.70710639375626 -0.7071071686166227 0
vn -0.70710639375626 -0.7071071686166227 0
vn -0.70710639375626 -0.7071071686166227 0
vn -0.70710639375626 -0.7071071686166227 0
vn -0.70710639375626 0.7071071686166227 0
vn -0.70710639375626 0.7071071686166227 0
vn -0.70710639375626 0.7071071686166227 0
vn -0.70710639375626 0.7071071686166227 0
vn -0.70710639375626 0.7071071686166227 0
vn -0.70710639375626 0.7071071686166227 0
vn 0.70710639375626 -0.7071071686166227 0
vn 0.70710639375626 -0.7071071686166227 0
vn 0.70710639375626 -0.7071071686166227 0
vn 0.70710639375626 -0.7071071686166227 0
vn 0.70710639375626 -0.7071071686166227 0
vn 0.70710639375626 -0.7071071686166227 0
vn 0.70710639375626 0.7071071686166227 0
vn 0.70710639375626 0.7071071686166227 0
vn 0.70710639375626 0.7071071686166227 0
vn 0.70710639375626 0.7071071686166227 0
vn 0.70710639375626 0.7071071686166227 0
vn 0.70710639375626 0.7071071686166227 0
vn -0.7031893520574922 0 -0.7110026266849963
vn -0.7031893520574922 0 -0.7110026266849963
vn -0.7031893520574922 0 -0.7110026266849963
vn -0.7031893520574922 0 -0.7110026266849963
vn -0.7031893520574922 0 -0.7110026266849963
vn -0.7031893520574922 0 -0.7110026266849963
vn -0.7031893520574922 0 0.7110026266849963
vn -0.7031893520574922 0 0.7110026266849963
vn -0.7031893520574922 0 0.7110026266849963
vn -0.7031893520574922 0 0.7110026266849963
vn -0.7031893520574922 0 0.7110026266849963
vn -0.7031893520574922 0 0.7110026266849963
vn 0.7031893520574922 0 -0.7110026266849963
vn 0.7031893520574922 0 -0.7110026266849963
vn 0.7031893520574922 0 -0.7110026266849963
vn 0.7031893520574922 0 -0.7110026266849963
vn 0.7031893520574922 0 -0.7110026266849963
vn 0.7031893520574922 0 -0.7110026266849963
vn 0.7031893520574922 0 0.7110026266849963
vn 0.7031893520574922 0 0.7110026266849963
vn 0.7031893520574922 0 0.7110026266849963
vn 0.7031893520574922 0 0.7110026266849963
vn 0.7031893520574922 0 0.7110026266849963
vn 0.7031893520574922 0 0.7110026266849963
vn 0 -0.7031897116501445 -0.7110022710437618
vn 0 -0.7031897116501445 -0.7110022710437618
vn 0 -0.7031897116501445 -0.7110022710437618
vn 0 -0.7031897116501445 -0.7110022710437618
vn 0 -0.7031897116501445 -0.7110022710437618
vn 0 -0.7031897116501445 -0.7110022710437618
vn 0 -0.7031897116501445 0.7110022710437618
vn 0 -0.7031897116501445 0.7110022710437618
vn 0 -0.7031897116501445 0.7110022710437618
vn 0 -0.7031897116501445 0.7110022710437618
vn 0 -0.7031897116501445 0.7110022710437618
vn 0 -0.7031897116501445 0.7110022710437618
vn 0 0.7031897116501445 -0.7110022710437618
vn 0 0.7031897116501445 -0.7110022710437618
vn 0 0.7031897116501445 -0.7110022710437618
vn 0 0.7031897116501445 -0.7110022710437618
vn 0 0.7031897116501445 -0.7110022710437618
vn 0 0.7031897116501445 -0.7110022710437618
vn 0 0.7031897116501445 0.7110022710437618
vn 0 0.7031897116501445 0.7110022710437618
vn 0 0.7031897116501445 0.7110022710437618
vn 0 0.7031897116501445 0.7110022710437618
vn 0 0.7031897116501445 0.7110022710437618
vn 0 0.7031897116501445 0.7110022710437618
vn -0.5752118010271697 -0.5752123970735947 -0.5816030280285074
vn -0.5752118010271697 -0.5752123970735947 -0.5816030280285074
vn -0.5752118010271697 -0.5752123970735947 -0.5816030280285074
vn -0.5752118010271697 -0.5752123970735947 0.5816030280285074
vn -0.5752118010271697 -0.5752123970735947 0.5816030280285074
vn -0.5752118010271697 -0.5752123970735947 0.5816030280285074
vn -0.5752118010271697 0.5752123970735947 -0.5816030280285074
vn -0.5752118010271697 0.5752123970735947 -0.5816030280285074
vn -0.5752118010271697 0.5752123970735947 -0.5816030280285074
vn -0.5752118010271697 0.5752123970735947 0.5816030280285074
vn -0.5752118010271697 0.5752123970735947 0.5816030280285074
vn -0.5752118010271697 0.5752123970735947 0.5816030280285074
vn 0.5752118010271697 -0.5752123970735947 -0.5816030280285074
vn 0.5752118010271697 -0.5752123970735947 -0.5816030280285074
vn 0.5752118010271697 -0.5752123970735947 -0.5816030280285074
vn 0.5752118010271697 -0.5752123970735947 0.5816030280285074
vn 0.5752118010271697 -0.5752123970735947 0.5816030280285074
vn 0.5752118010271697 -0.5752123970735947 0.5816030280285074
vn 0.5752118010271697 0.5752123970735947 -0.5816030280285074
vn 0.5752118010271697 0.5752123970735947 -0.5816030280285074
vn 0.5752118010271697 0.5752123970735947 -0.5816030280285074
vn 0.5752118010271697 0.5752123970735947 0.5816030280285074
vn 0.5752118010271697 0.5752123970735947 0.5816030280285074
vn 0.5752118010271697 0.5752123970735947 0.5816030280285074
f 901//901 902//902 903//903
f 904//904 905//905 906//906
f 907//907 908//908 909//909
f 910//910 911//911 912//912
f 913//913 914//914 915//915
f 916//916 917//917 918//918
f 919//919 920//920 921//921
f 922//922 923//923 924//924
f 925//925 926//926 927//927
f 928//928 929//929 930//930
f 931//931 932//932 933//933
f 934//934 935//935 936//936
f 937//937 938//938 939//939
f 940//940 941//941 942//942
f 943//943 944//944 945//945
f 946//946 947//947 948//948
f 949//949 950//950 951//951
f 952//952 953//953 954//954
f 955//955 956//956 957//957
f 958//958 959//959 960//960
f 961//961 962//962 963//963
f 964//964 965//965 966//966
f 967//967 968//968 969//969
f 970//970 971//971 972//972
f 973//973 974//974 975//975
f 976//976 977//977 978//978
f 979//979 980//980 981//981
f 982//982 983//983 984//984
f 985//985 986//986 987//987
f 988//988 989//989 990//990
f 991//991 992//992 993//993
f 994//994 995//995 996//996
f 997//997 998//998 999//999
f 1000//1000 1001//1001 1002//1002
f 1003//1003 1004//1004 1005//1005
f 1006//1006 1007//1007 1008//1008
f 1009//1009 1010//1010 1011//1011
f 1012//1012 1013//1013 1014//1014
f 1015//1015 1016//1016 1017//1017
f 1018//1018 1019//1019 1020//1020
f 1021//1021 1022//1022 1023//1023
f 1024//1024 1025//1025 1026//1026
f 1027//1027 1028//1028 1029//1029
f 1030//1030 1031//1031 1032//1032
o handle_2
usemtl metal
v 0.6549999713897705 1.7100000381469727 0.44999998807907104
v 0.6549999713897705 1.7100000381469727 0.4005494713783264
v 0.6549999713897705 1.090000033378601 0.44999998807907104
v 0.6549999713897705 1.090000033378601 0.4005494713783264
v 0.6050000190734863 1.7100000381469727 0.4005494713783264
v 0.6050000190734863 1.7100000381469727 0.44999998807907104
v 0.6050000190734863 1.090000033378601 0.4005494713783264
v 0.6050000190734863 1.090000033378601 0.44999998807907104
v 0.6050000190734863 1.7100000381469727 0.4005494713783264
v 0.6549999713897705 1.7100000381469727 0.4005494713783264
v 0.6050000190734863 1.7100000381469727 0.44999998807907104
v 0.6549999713897705 1.7100000381469727 0.44999998807907104
v 0.6050000190734863 1.090000033378601 0.44999998807907104
v 0.6549999713897705 1.090000033378601 0.44999998807907104
v 0.6050000190734863 1.090000033378601 0.4005494713783264
v 0.6549999713897705 1.090000033378601 0.4005494713783264
v 0.6050000190734863 1.7100000381469727 0.44999998807907104
v 0.6549999713897705 1.7100000381469727 0.44999998807907104
v 0.6050000190734863 1.090000033378601 0.44999998807907104
v 0.6549999713897705 1.090000033378601 0.44999998807907104
v 0.6549999713897705 1.7100000381469727 0.4005494713783264
v 0.6050000190734863 1.7100000381469727 0.4005494713783264
v 0.6549999713897705 1.090000033378601 0.4005494713783264
v 0.6050000190734863 1.090000033378601 0.4005494713783264
vt 0 1
vt 1 1
vt 0 0
vt 1 0
vt 0 1
vt 1 1
vt 0 0
vt 1 0
vt 0 1
vt 1 1
vt 0 0
vt 1 0
vt 0 1
vt 1 1
vt 0 0
vt 1 0
vt 0 1
vt 1 1
vt 0 0
vt 1 0
vt 0 1
vt 1 1
vt 0 0
vt 1 0
vn 1 0 0
vn 1 0 0
vn 1 0 0
vn 1 0 0
vn -1 0 0
vn -1 0 0
vn -1 0 0
vn -1 0 0
vn 0 1 0
vn 0 1 0
vn 0 1 0
vn 0 1 0
vn 0 -1 0
vn 0 -1 0
vn 0 -1 0
vn 0 -1 0
vn 0 0 1
vn 0 0 1
vn 0 0 1
vn 0 0 1
vn 0 0 -1
vn 0 0 -1
vn 0 0 -1
vn 0 0 -1
f 1033/241/1033 1035/243/1035 1034/242/1034
f 1035/243/1035 1036/244/1036 1034/242/1034
f 1037/245/1037 1039/247/1039 1038/246/1038
f 1039/247/1039 1040/248/1040 1038/246/1038
f 1041/249/1041 1043/251/1043 1042/250/1042
f 1043/251/1043 1044/252/1044 1042/250/1042
f 1045/253/1045 1047/255/1047 1046/254/1046
f 1047/255/1047 1048/256/1048 1046/254/1046
f 1049/257/1049 1051/259/1051 1050/258/1050
f 1051/259/1051 1052/260/1052 1050/258/1050
f 1053/261/1053 1055/263/1055 1054/262/1054
f 1055/263/1055 1056/264/1056 1054/262/1054
o vent_2_0
usemtl cream
v 0.6299999952316284 2.305000066757202 0.44010990858078003
v 0.6299999952316284 2.305000066757202 0.41043955087661743
v 0.6299999952316284 2.255000114440918 0.44010990858078003
v 0.6299999952316284 2.255000114440918 0.41043955087661743
v 0.32999998331069946 2.305000066757202 0.41043955087661743
v 0.32999998331069946 2.305000066757202 0.44010990858078003
v 0.32999998331069946 2.255000114440918 0.41043955087661743
v 0.32999998331069946 2.255000114440918 0.44010990858078003
v 0.32999998331069946 2.305000066757202 0.41043955087661743
v 0.6299999952316284 2.305000066757202 0.41043955087661743
v 0.32999998331069946 2.305000066757202 0.44010990858078003
v 0.6299999952316284 2.305000066757202 0.44010990858078003
v 0.32999998331069946 2.255000114440918 0.44010990858078003
v 0.6299999952316284 2.255000114440918 0.44010990858078003
v 0.32999998331069946 2.255000114440918 0.41043955087661743
v 0.6299999952316284 2.255000114440918 0.41043955087661743
v 0.32999998331069946 2.305000066757202 0.44010990858078003
v 0.6299999952316284 2.305000066757202 0.44010990858078003
v 0.32999998331069946 2.255000114440918 0.44010990858078003
v 0.6299999952316284 2.255000114440918 0.44010990858078003
v 0.6299999952316284 2.305000066757202 0.41043955087661743
v 0.32999998331069946 2.305000066757202 0.41043955087661743
v 0.6299999952316284 2.255000114440918 0.41043955087661743
v 0.32999998331069946 2.255000114440918 0.41043955087661743
vt 0 1
vt 1 1
vt 0 0
vt 1 0
vt 0 1
vt 1 1
vt 0 0
vt 1 0
vt 0 1
vt 1 1
vt 0 0
vt 1 0
vt 0 1
vt 1 1
vt 0 0
vt 1 0
vt 0 1
vt 1 1
vt 0 0
vt 1 0
vt 0 1
vt 1 1
vt 0 0
vt 1 0
vn 1 0 0
vn 1 0 0
vn 1 0 0
vn 1 0 0
vn -1 0 0
vn -1 0 0
vn -1 0 0
vn -1 0 0
vn 0 1 0
vn 0 1 0
vn 0 1 0
vn 0 1 0
vn 0 -1 0
vn 0 -1 0
vn 0 -1 0
vn 0 -1 0
vn 0 0 1
vn 0 0 1
vn 0 0 1
vn 0 0 1
vn 0 0 -1
vn 0 0 -1
vn 0 0 -1
vn 0 0 -1
f 1057/265/1057 1059/267/1059 1058/266/1058
f 1059/267/1059 1060/268/1060 1058/266/1058
f 1061/269/1061 1063/271/1063 1062/270/1062
f 1063/271/1063 1064/272/1064 1062/270/1062
f 1065/273/1065 1067/275/1067 1066/274/1066
f 1067/275/1067 1068/276/1068 1066/274/1066
f 1069/277/1069 1071/279/1071 1070/278/1070
f 1071/279/1071 1072/280/1072 1070/278/1070
f 1073/281/1073 1075/283/1075 1074/282/1074
f 1075/283/1075 1076/284/1076 1074/282/1074
f 1077/285/1077 1079/287/1079 1078/286/1078
f 1079/287/1079 1080/288/1080 1078/286/1078
o vent_2_1
usemtl cream
v 0.6299999952316284 2.4149999618530273 0.44010990858078003
v 0.6299999952316284 2.4149999618530273 0.41043955087661743
v 0.6299999952316284 2.365000009536743 0.44010990858078003
v 0.6299999952316284 2.365000009536743 0.41043955087661743
v 0.32999998331069946 2.4149999618530273 0.41043955087661743
v 0.32999998331069946 2.4149999618530273 0.44010990858078003
v 0.32999998331069946 2.365000009536743 0.41043955087661743
v 0.32999998331069946 2.365000009536743 0.44010990858078003
v 0.32999998331069946 2.4149999618530273 0.41043955087661743
v 0.6299999952316284 2.4149999618530273 0.41043955087661743
v 0.32999998331069946 2.4149999618530273 0.44010990858078003
v 0.6299999952316284 2.4149999618530273 0.44010990858078003
v 0.32999998331069946 2.365000009536743 0.44010990858078003
v 0.6299999952316284 2.365000009536743 0.44010990858078003
v 0.32999998331069946 2.365000009536743 0.41043955087661743
v 0.6299999952316284 2.365000009536743 0.41043955087661743
v 0.32999998331069946 2.4149999618530273 0.44010990858078003
v 0.6299999952316284 2.4149999618530273 0.44010990858078003
v 0.32999998331069946 2.365000009536743 0.44010990858078003
v 0.6299999952316284 2.365000009536743 0.44010990858078003
v 0.6299999952316284 2.4149999618530273 0.41043955087661743
v 0.32999998331069946 2.4149999618530273 0.41043955087661743
v 0.6299999952316284 2.365000009536743 0.41043955087661743
v 0.32999998331069946 2.365000009536743 0.41043955087661743
vt 0 1
vt 1 1
vt 0 0
vt 1 0
vt 0 1
vt 1 1
vt 0 0
vt 1 0
vt 0 1
vt 1 1
vt 0 0
vt 1 0
vt 0 1
vt 1 1
vt 0 0
vt 1 0
vt 0 1
vt 1 1
vt 0 0
vt 1 0
vt 0 1
vt 1 1
vt 0 0
vt 1 0
vn 1 0 0
vn 1 0 0
vn 1 0 0
vn 1 0 0
vn -1 0 0
vn -1 0 0
vn -1 0 0
vn -1 0 0
vn 0 1 0
vn 0 1 0
vn 0 1 0
vn 0 1 0
vn 0 -1 0
vn 0 -1 0
vn 0 -1 0
vn 0 -1 0
vn 0 0 1
vn 0 0 1
vn 0 0 1
vn 0 0 1
vn 0 0 -1
vn 0 0 -1
vn 0 0 -1
vn 0 0 -1
f 1081/289/1081 1083/291/1083 1082/290/1082
f 1083/291/1083 1084/292/1084 1082/290/1082
f 1085/293/1085 1087/295/1087 1086/294/1086
f 1087/295/1087 1088/296/1088 1086/294/1086
f 1089/297/1089 1091/299/1091 1090/298/1090
f 1091/299/1091 1092/300/1092 1090/298/1090
f 1093/301/1093 1095/303/1095 1094/302/1094
f 1095/303/1095 1096/304/1096 1094/302/1094
f 1097/305/1097 1099/307/1099 1098/306/1098
f 1099/307/1099 1100/308/1100 1098/306/1098
f 1101/309/1101 1103/311/1103 1102/310/1102
f 1103/311/1103 1104/312/1104 1102/310/1102
o vent_2_2
usemtl cream
v 0.6299999952316284 2.5250000953674316 0.44010990858078003
v 0.6299999952316284 2.5250000953674316 0.41043955087661743
v 0.6299999952316284 2.4749999046325684 0.44010990858078003
v 0.6299999952316284 2.4749999046325684 0.41043955087661743
v 0.32999998331069946 2.5250000953674316 0.41043955087661743
v 0.32999998331069946 2.5250000953674316 0.44010990858078003
v 0.32999998331069946 2.4749999046325684 0.41043955087661743
v 0.32999998331069946 2.4749999046325684 0.44010990858078003
v 0.32999998331069946 2.5250000953674316 0.41043955087661743
v 0.6299999952316284 2.5250000953674316 0.41043955087661743
v 0.32999998331069946 2.5250000953674316 0.44010990858078003
v 0.6299999952316284 2.5250000953674316 0.44010990858078003
v 0.32999998331069946 2.4749999046325684 0.44010990858078003
v 0.6299999952316284 2.4749999046325684 0.44010990858078003
v 0.32999998331069946 2.4749999046325684 0.41043955087661743
v 0.6299999952316284 2.4749999046325684 0.41043955087661743
v 0.32999998331069946 2.5250000953674316 0.44010990858078003
v 0.6299999952316284 2.5250000953674316 0.44010990858078003
v 0.32999998331069946 2.4749999046325684 0.44010990858078003
v 0.6299999952316284 2.4749999046325684 0.44010990858078003
v 0.6299999952316284 2.5250000953674316 0.41043955087661743
v 0.32999998331069946 2.5250000953674316 0.41043955087661743
v 0.6299999952316284 2.4749999046325684 0.41043955087661743
v 0.32999998331069946 2.4749999046325684 0.41043955087661743
vt 0 1
vt 1 1
vt 0 0
vt 1 0
vt 0 1
vt 1 1
vt 0 0
vt 1 0
vt 0 1
vt 1 1
vt 0 0
vt 1 0
vt 0 1
vt 1 1
vt 0 0
vt 1 0
vt 0 1
vt 1 1
vt 0 0
vt 1 0
vt 0 1
vt 1 1
vt 0 0
vt 1 0
vn 1 0 0
vn 1 0 0
vn 1 0 0
vn 1 0 0
vn -1 0 0
vn -1 0 0
vn -1 0 0
vn -1 0 0
vn 0 1 0
vn 0 1 0
vn 0 1 0
vn 0 1 0
vn 0 -1 0
vn 0 -1 0
vn 0 -1 0
vn 0 -1 0
vn 0 0 1
vn 0 0 1
vn 0 0 1
vn 0 0 1
vn 0 0 -1
vn 0 0 -1
vn 0 0 -1
vn 0 0 -1
f 1105/313/1105 1107/315/1107 1106/314/1106
f 1107/315/1107 1108/316/1108 1106/314/1106
f 1109/317/1109 1111/319/1111 1110/318/1110
f 1111/319/1111 1112/320/1112 1110/318/1110
f 1113/321/1113 1115/323/1115 1114/322/1114
f 1115/323/1115 1116/324/1116 1114/322/1114
f 1117/325/1117 1119/327/1119 1118/326/1118
f 1119/327/1119 1120/328/1120 1118/326/1118
f 1121/329/1121 1123/331/1123 1122/330/1122
f 1123/331/1123 1124/332/1124 1122/330/1122
f 1125/333/1125 1127/335/1127 1126/334/1126
f 1127/335/1127 1128/336/1128 1126/334/1126
o plate_2
usemtl gold
v 0.5600000023841858 1.909999966621399 0.4351648688316345
v 0.5600000023841858 1.909999966621399 0.41538459062576294
v 0.5600000023841858 1.809999942779541 0.4351648688316345
v 0.5600000023841858 1.809999942779541 0.41538459062576294
v 0.4000000059604645 1.909999966621399 0.41538459062576294
v 0.4000000059604645 1.909999966621399 0.4351648688316345
v 0.4000000059604645 1.809999942779541 0.41538459062576294
v 0.4000000059604645 1.809999942779541 0.4351648688316345
v 0.4000000059604645 1.909999966621399 0.41538459062576294
v 0.5600000023841858 1.909999966621399 0.41538459062576294
v 0.4000000059604645 1.909999966621399 0.4351648688316345
v 0.5600000023841858 1.909999966621399 0.4351648688316345
v 0.4000000059604645 1.809999942779541 0.4351648688316345
v 0.5600000023841858 1.809999942779541 0.4351648688316345
v 0.4000000059604645 1.809999942779541 0.41538459062576294
v 0.5600000023841858 1.809999942779541 0.41538459062576294
v 0.4000000059604645 1.909999966621399 0.4351648688316345
v 0.5600000023841858 1.909999966621399 0.4351648688316345
v 0.4000000059604645 1.809999942779541 0.4351648688316345
v 0.5600000023841858 1.809999942779541 0.4351648688316345
v 0.5600000023841858 1.909999966621399 0.41538459062576294
v 0.4000000059604645 1.909999966621399 0.41538459062576294
v 0.5600000023841858 1.809999942779541 0.41538459062576294
v 0.4000000059604645 1.809999942779541 0.41538459062576294
vt 0 1
vt 1 1
vt 0 0
vt 1 0
vt 0 1
vt 1 1
vt 0 0
vt 1 0
vt 0 1
vt 1 1
vt 0 0
vt 1 0
vt 0 1
vt 1 1
vt 0 0
vt 1 0
vt 0 1
vt 1 1
vt 0 0
vt 1 0
vt 0 1
vt 1 1
vt 0 0
vt 1 0
vn 1 0 0
vn 1 0 0
vn 1 0 0
vn 1 0 0
vn -1 0 0
vn -1 0 0
vn -1 0 0
vn -1 0 0
vn 0 1 0
vn 0 1 0
vn 0 1 0
vn 0 1 0
vn 0 -1 0
vn 0 -1 0
vn 0 -1 0
vn 0 -1 0
vn 0 0 1
vn 0 0 1
vn 0 0 1
vn 0 0 1
vn 0 0 -1
vn 0 0 -1
vn 0 0 -1
vn 0 0 -1
f 1129/337/1129 1131/339/1131 1130/338/1130
f 1131/339/1131 1132/340/1132 1130/338/1130
f 1133/341/1133 1135/343/1135 1134/342/1134
f 1135/343/1135 1136/344/1136 1134/342/1134
f 1137/345/1137 1139/347/1139 1138/346/1138
f 1139/347/1139 1140/348/1140 1138/346/1138
f 1141/349/1141 1143/351/1143 1142/350/1142
f 1143/351/1143 1144/352/1144 1142/350/1142
f 1145/353/1145 1147/355/1147 1146/354/1146
f 1147/355/1147 1148/356/1148 1146/354/1146
f 1149/357/1149 1151/359/1151 1150/358/1150
f 1151/359/1151 1152/360/1152 1150/358/1150
