mtllib planter.mtl
o pot
usemtl cream
v -0.699999988079071 0.039104171097278595 -0.5099999904632568
v -0.699999988079071 0.6647705435752869 0.5099999904632568
v -0.699999988079071 0.6647705435752869 -0.5099999904632568
v -0.699999988079071 0.039104171097278595 -0.5099999904632568
v -0.699999988079071 0.039104171097278595 0.5099999904632568
v -0.699999988079071 0.6647705435752869 0.5099999904632568
v 0.699999988079071 0.039104171097278595 -0.5099999904632568
v 0.699999988079071 0.6647705435752869 -0.5099999904632568
v 0.699999988079071 0.6647705435752869 0.5099999904632568
v 0.699999988079071 0.039104171097278595 -0.5099999904632568
v 0.699999988079071 0.6647705435752869 0.5099999904632568
v 0.699999988079071 0.039104171097278595 0.5099999904632568
v -0.6600000262260437 0 -0.5099999904632568
v 0.6600000262260437 0 -0.5099999904632568
v 0.6600000262260437 0 0.5099999904632568
v -0.6600000262260437 0 -0.5099999904632568
v 0.6600000262260437 0 0.5099999904632568
v -0.6600000262260437 0 0.5099999904632568
v -0.6600000262260437 0.7038747072219849 -0.5099999904632568
v 0.6600000262260437 0.7038747072219849 0.5099999904632568
v 0.6600000262260437 0.7038747072219849 -0.5099999904632568
v -0.6600000262260437 0.7038747072219849 -0.5099999904632568
v -0.6600000262260437 0.7038747072219849 0.5099999904632568
v 0.6600000262260437 0.7038747072219849 0.5099999904632568
v -0.6600000262260437 0.039104171097278595 -0.550000011920929
v 0.6600000262260437 0.6647705435752869 -0.550000011920929
v 0.6600000262260437 0.039104171097278595 -0.550000011920929
v -0.6600000262260437 0.039104171097278595 -0.550000011920929
v -0.6600000262260437 0.6647705435752869 -0.550000011920929
v 0.6600000262260437 0.6647705435752869 -0.550000011920929
v -0.6600000262260437 0.039104171097278595 0.550000011920929
v 0.6600000262260437 0.039104171097278595 0.550000011920929
v 0.6600000262260437 0.6647705435752869 0.550000011920929
v -0.6600000262260437 0.039104171097278595 0.550000011920929
v 0.6600000262260437 0.6647705435752869 0.550000011920929
v -0.6600000262260437 0.6647705435752869 0.550000011920929
v -0.699999988079071 0.039104171097278595 -0.5099999904632568
v -0.6600000262260437 0 -0.5099999904632568
v -0.6600000262260437 0 0.5099999904632568
v -0.699999988079071 0.039104171097278595 -0.5099999904632568
v -0.6600000262260437 0 0.5099999904632568
v -0.699999988079071 0.039104171097278595 0.5099999904632568
v -0.699999988079071 0.6647705435752869 -0.5099999904632568
v -0.6600000262260437 0.7038747072219849 0.5099999904632568
v -0.6600000262260437 0.7038747072219849 -0.5099999904632568
v -0.699999988079071 0.6647705435752869 -0.5099999904632568
v -0.699999988079071 0.6647705435752869 0.5099999904632568
v -0.6600000262260437 0.7038747072219849 0.5099999904632568
v 0.699999988079071 0.039104171097278595 -0.5099999904632568
v 0.6600000262260437 0 0.5099999904632568
v 0.6600000262260437 0 -0.5099999904632568
v 0.699999988079071 0.039104171097278595 -0.5099999904632568
v 0.699999988079071 0.039104171097278595 0.5099999904632568
v 0.6600000262260437 0 0.5099999904632568
v 0.699999988079071 0.6647705435752869 -0.5099999904632568
v 0.6600000262260437 0.7038747072219849 -0.5099999904632568
v 0.6600000262260437 0.7038747072219849 0.5099999904632568
v 0.699999988079071 0.6647705435752869 -0.5099999904632568
v 0.6600000262260437 0.7038747072219849 0.5099999904632568
v 0.699999988079071 0.6647705435752869 0.5099999904632568
v -0.699999988079071 0.039104171097278595 -0.5099999904632568
v -0.6600000262260437 0.6647705435752869 -0.550000011920929
v -0.6600000262260437 0.039104171097278595 -0.550000011920929
v -0.699999988079071 0.039104171097278595 -0.5099999904632568
v -0.699999988079071 0.6647705435752869 -0.5099999904632568
v -0.6600000262260437 0.6647705435752869 -0.550000011920929
v -0.699999988079071 0.039104171097278595 0.5099999904632568
v -0.6600000262260437 0.039104171097278595 0.550000011920929
v -0.6600000262260437 0.6647705435752869 0.550000011920929
v -0.699999988079071 0.039104171097278595 0.5099999904632568
v -0.6600000262260437 0.6647705435752869 0.550000011920929
v -0.699999988079071 0.6647705435752869 0.5099999904632568
v 0.699999988079071 0.039104171097278595 -0.5099999904632568
v 0.6600000262260437 0.039104171097278595 -0.550000011920929
v 0.6600000262260437 0.6647705435752869 -0.550000011920929
v 0.699999988079071 0.039104171097278595 -0.5099999904632568
v 0.6600000262260437 0.6647705435752869 -0.550000011920929
v 0.699999988079071 0.6647705435752869 -0.5099999904632568
v 0.699999988079071 0.039104171097278595 0.5099999904632568
v 0.6600000262260437 0.6647705435752869 0.550000011920929
v 0.6600000262260437 0.039104171097278595 0.550000011920929
v 0.699999988079071 0.039104171097278595 0.5099999904632568
v 0.699999988079071 0.6647705435752869 0.5099999904632568
v 0.6600000262260437 0.6647705435752869 0.550000011920929
v -0.6600000262260437 0 -0.5099999904632568
v -0.6600000262260437 0.039104171097278595 -0.550000011920929
v 0.6600000262260437 0.039104171097278595 -0.550000011920929
v -0.6600000262260437 0 -0.5099999904632568
v 0.6600000262260437 0.039104171097278595 -0.550000011920929
v 0.6600000262260437 0 -0.5099999904632568
v -0.6600000262260437 0 0.5099999904632568
v 0.6600000262260437 0.039104171097278595 0.550000011920929
v -0.6600000262260437 0.039104171097278595 0.550000011920929
v -0.6600000262260437 0 0.5099999904632568
v 0.6600000262260437 0 0.5099999904632568
v 0.6600000262260437 0.039104171097278595 0.550000011920929
v -0.6600000262260437 0.7038747072219849 -0.5099999904632568
v 0.6600000262260437 0.6647705435752869 -0.550000011920929
v -0.6600000262260437 0.6647705435752869 -0.550000011920929
v -0.6600000262260437 0.7038747072219849 -0.5099999904632568
v 0.6600000262260437 0.7038747072219849 -0.5099999904632568
v 0.6600000262260437 0.6647705435752869 -0.550000011920929
v -0.6600000262260437 0.7038747072219849 0.5099999904632568
v -0.6600000262260437 0.6647705435752869 0.550000011920929
v 0.6600000262260437 0.6647705435752869 0.550000011920929
v -0.6600000262260437 0.7038747072219849 0.5099999904632568
v 0.6600000262260437 0.6647705435752869 0.550000011920929
v 0.6600000262260437 0.7038747072219849 0.5099999904632568
v -0.699999988079071 0.039104171097278595 -0.5099999904632568
v -0.6600000262260437 0.039104171097278595 -0.550000011920929
v -0.6600000262260437 0 -0.5099999904632568
v -0.699999988079071 0.039104171097278595 0.5099999904632568
v -0.6600000262260437 0 0.5099999904632568
v -0.6600000262260437 0.039104171097278595 0.550000011920929
v -0.699999988079071 0.6647705435752869 -0.5099999904632568
v -0.6600000262260437 0.7038747072219849 -0.5099999904632568
v -0.6600000262260437 0.6647705435752869 -0.550000011920929
v -0.699999988079071 0.6647705435752869 0.5099999904632568
v -0.6600000262260437 0.6647705435752869 0.550000011920929
v -0.6600000262260437 0.7038747072219849 0.5099999904632568
v 0.699999988079071 0.039104171097278595 -0.5099999904632568
v 0.6600000262260437 0 -0.5099999904632568
v 0.6600000262260437 0.039104171097278595 -0.550000011920929
v 0.699999988079071 0.039104171097278595 0.5099999904632568
v 0.6600000262260437 0.039104171097278595 0.550000011920929
v 0.6600000262260437 0 0.5099999904632568
v 0.699999988079071 0.6647705435752869 -0.5099999904632568
v 0.6600000262260437 0.6647705435752869 -0.550000011920929
v 0.6600000262260437 0.7038747072219849 -0.5099999904632568
v 0.699999988079071 0.6647705435752869 0.5099999904632568
v 0.6600000262260437 0.7038747072219849 0.5099999904632568
v 0.6600000262260437 0.6647705435752869 0.550000011920929
vn -1 0 0
vn -1 0 0
vn -1 0 0
vn -1 0 0
vn -1 0 0
vn -1 0 0
vn 1 0 0
vn 1 0 0
vn 1 0 0
vn 1 0 0
vn 1 0 0
vn 1 0 0
vn 0 -1 0
vn 0 -1 0
vn 0 -1 0
vn 0 -1 0
vn 0 -1 0
vn 0 -1 0
vn 0 1 0
vn 0 1 0
vn 0 1 0
vn 0 1 0
vn 0 1 0
vn 0 1 0
vn 0 0 -1
vn 0 0 -1
vn 0 0 -1
vn 0 0 -1
vn 0 0 -1
vn 0 0 -1
vn 0 0 1
vn 0 0 1
vn 0 0 1
vn 0 0 1
vn 0 0 1
vn 0 0 1
vn -0.6990545163705759 -0.7150683765500333 0
vn -0.6990545163705759 -0.7150683765500333 0
vn -0.6990545163705759 -0.7150683765500333 0
vn -0.6990545163705759 -0.7150683765500333 0
vn -0.6990545163705759 -0.7150683765500333 0
vn -0.6990545163705759 -0.7150683765500333 0
vn -0.6990545163705759 0.7150683765500333 0
vn -0.6990545163705759 0.7150683765500333 0
vn -0.6990545163705759 0.7150683765500333 0
vn -0.6990545163705759 0.7150683765500333 0
vn -0.6990545163705759 0.7150683765500333 0
vn -0.6990545163705759 0.7150683765500333 0
vn 0.6990545163705759 -0.7150683765500333 0
vn 0.6990545163705759 -0.7150683765500333 0
vn 0.6990545163705759 -0.7150683765500333 0
vn 0.6990545163705759 -0.7150683765500333 0
vn 0.6990545163705759 -0.7150683765500333 0
vn 0.6990545163705759 -0.7150683765500333 0
vn 0.6990545163705759 0.7150683765500333 0
vn 0.6990545163705759 0.7150683765500333 0
vn 0.6990545163705759 0.7150683765500333 0
vn 0.6990545163705759 0.7150683765500333 0
vn 0.6990545163705759 0.7150683765500333 0
vn 0.6990545163705759 0.7150683765500333 0
vn -0.7071072580235531 0 -0.7071063043492204
vn -0.7071072580235531 0 -0.7071063043492204
vn -0.7071072580235531 0 -0.7071063043492204
vn -0.7071072580235531 0 -0.7071063043492204
vn -0.7071072580235531 0 -0.7071063043492204
vn -0.7071072580235531 0 -0.7071063043492204
vn -0.7071072580235531 0 0.7071063043492204
vn -0.7071072580235531 0 0.7071063043492204
vn -0.7071072580235531 0 0.7071063043492204
vn -0.7071072580235531 0 0.7071063043492204
vn -0.7071072580235531 0 0.7071063043492204
vn -0.7071072580235531 0 0.7071063043492204
vn 0.7071072580235531 0 -0.7071063043492204
vn 0.7071072580235531 0 -0.7071063043492204
vn 0.7071072580235531 0 -0.7071063043492204
vn 0.7071072580235531 0 -0.7071063043492204
vn 0.7071072580235531 0 -0.7071063043492204
vn 0.7071072580235531 0 -0.7071063043492204
vn 0.7071072580235531 0 0.7071063043492204
vn 0.7071072580235531 0 0.7071063043492204
vn 0.7071072580235531 0 0.7071063043492204
vn 0.7071072580235531 0 0.7071063043492204
vn 0.7071072580235531 0 0.7071063043492204
vn 0.7071072580235531 0 0.7071063043492204
vn 0 -0.7150688777214235 -0.6990540037180417
vn 0 -0.7150688777214235 -0.6990540037180417
vn 0 -0.7150688777214235 -0.6990540037180417
vn 0 -0.7150688777214235 -0.6990540037180417
vn 0 -0.7150688777214235 -0.6990540037180417
vn 0 -0.7150688777214235 -0.6990540037180417
vn 0 -0.7150688777214235 0.6990540037180417
vn 0 -0.7150688777214235 0.6990540037180417
vn 0 -0.7150688777214235 0.6990540037180417
vn 0 -0.7150688777214235 0.6990540037180417
vn 0 -0.7150688777214235 0.6990540037180417
vn 0 -0.7150688777214235 0.6990540037180417
vn 0 0.7150688777214235 -0.6990540037180417
vn 0 0.7150688777214235 -0.6990540037180417
vn 0 0.7150688777214235 -0.6990540037180417
vn 0 0.7150688777214235 -0.6990540037180417
vn 0 0.7150688777214235 -0.6990540037180417
vn 0 0.7150688777214235 -0.6990540037180417
vn 0 0.7150688777214235 0.6990540037180417
vn 0 0.7150688777214235 0.6990540037180417
vn 0 0.7150688777214235 0.6990540037180417
vn 0 0.7150688777214235 0.6990540037180417
vn 0 0.7150688777214235 0.6990540037180417
vn 0 0.7150688777214235 0.6990540037180417
vn -0.5729424313159475 -0.5860673143894655 -0.572941596850927
vn -0.5729424313159475 -0.5860673143894655 -0.572941596850927
vn -0.5729424313159475 -0.5860673143894655 -0.572941596850927
vn -0.5729424313159475 -0.5860673143894655 0.572941596850927
vn -0.5729424313159475 -0.5860673143894655 0.572941596850927
vn -0.5729424313159475 -0.5860673143894655 0.572941596850927
vn -0.5729424313159475 0.5860673143894655 -0.572941596850927
vn -0.5729424313159475 0.5860673143894655 -0.572941596850927
vn -0.5729424313159475 0.5860673143894655 -0.572941596850927
vn -0.5729424313159475 0.5860673143894655 0.572941596850927
vn -0.5729424313159475 0.5860673143894655 0.572941596850927
vn -0.5729424313159475 0.5860673143894655 0.572941596850927
vn 0.5729424313159475 -0.5860673143894655 -0.572941596850927
vn 0.5729424313159475 -0.5860673143894655 -0.572941596850927
vn 0.5729424313159475 -0.5860673143894655 -0.572941596850927
vn 0.5729424313159475 -0.5860673143894655 0.572941596850927
vn 0.5729424313159475 -0.5860673143894655 0.572941596850927
vn 0.5729424313159475 -0.5860673143894655 0.572941596850927
vn 0.5729424313159475 0.5860673143894655 -0.572941596850927
vn 0.5729424313159475 0.5860673143894655 -0.572941596850927
vn 0.5729424313159475 0.5860673143894655 -0.572941596850927
vn 0.5729424313159475 0.5860673143894655 0.572941596850927
vn 0.5729424313159475 0.5860673143894655 0.572941596850927
vn 0.5729424313159475 0.5860673143894655 0.572941596850927
f 1//1 2//2 3//3
f 4//4 5//5 6//6
f 7//7 8//8 9//9
f 10//10 11//11 12//12
f 13//13 14//14 15//15
f 16//16 17//17 18//18
f 19//19 20//20 21//21
f 22//22 23//23 24//24
f 25//25 26//26 27//27
f 28//28 29//29 30//30
f 31//31 32//32 33//33
f 34//34 35//35 36//36
f 37//37 38//38 39//39
f 40//40 41//41 42//42
f 43//43 44//44 45//45
f 46//46 47//47 48//48
f 49//49 50//50 51//51
f 52//52 53//53 54//54
f 55//55 56//56 57//57
f 58//58 59//59 60//60
f 61//61 62//62 63//63
f 64//64 65//65 66//66
f 67//67 68//68 69//69
f 70//70 71//71 72//72
f 73//73 74//74 75//75
f 76//76 77//77 78//78
f 79//79 80//80 81//81
f 82//82 83//83 84//84
f 85//85 86//86 87//87
f 88//88 89//89 90//90
f 91//91 92//92 93//93
f 94//94 95//95 96//96
f 97//97 98//98 99//99
f 100//100 101//101 102//102
f 103//103 104//104 105//105
f 106//106 107//107 108//108
f 109//109 110//110 111//111
f 112//112 113//113 114//114
f 115//115 116//116 117//117
f 118//118 119//119 120//120
f 121//121 122//122 123//123
f 124//124 125//125 126//126
f 127//127 128//128 129//129
f 130//130 131//131 132//132
o pot_rim
usemtl brick
v -0.75 0.7136507630348206 -0.5699999928474426
v -0.75 0.8114110827445984 0.5699999928474426
v -0.75 0.8114110827445984 -0.5699999928474426
v -0.75 0.7136507630348206 -0.5699999928474426
v -0.75 0.7136507630348206 0.5699999928474426
v -0.75 0.8114110827445984 0.5699999928474426
v 0.75 0.7136507630348206 -0.5699999928474426
v 0.75 0.8114110827445984 -0.5699999928474426
v 0.75 0.8114110827445984 0.5699999928474426
v 0.75 0.7136507630348206 -0.5699999928474426
v 0.75 0.8114110827445984 0.5699999928474426
v 0.75 0.7136507630348206 0.5699999928474426
v -0.7200000286102295 0.6843225955963135 -0.5699999928474426
v 0.7200000286102295 0.6843225955963135 -0.5699999928474426
v 0.7200000286102295 0.6843225955963135 0.5699999928474426
v -0.7200000286102295 0.6843225955963135 -0.5699999928474426
v 0.7200000286102295 0.6843225955963135 0.5699999928474426
v -0.7200000286102295 0.6843225955963135 0.5699999928474426
v -0.7200000286102295 0.8407391905784607 -0.5699999928474426
v 0.7200000286102295 0.8407391905784607 0.5699999928474426
v 0.7200000286102295 0.8407391905784607 -0.5699999928474426
v -0.7200000286102295 0.8407391905784607 -0.5699999928474426
v -0.7200000286102295 0.8407391905784607 0.5699999928474426
v 0.7200000286102295 0.8407391905784607 0.5699999928474426
v -0.7200000286102295 0.7136507630348206 -0.6000000238418579
v 0.7200000286102295 0.8114110827445984 -0.6000000238418579
v 0.7200000286102295 0.7136507630348206 -0.6000000238418579
v -0.7200000286102295 0.7136507630348206 -0.6000000238418579
v -0.7200000286102295 0.8114110827445984 -0.6000000238418579
v 0.7200000286102295 0.8114110827445984 -0.6000000238418579
v -0.7200000286102295 0.7136507630348206 0.6000000238418579
v 0.7200000286102295 0.7136507630348206 0.6000000238418579
v 0.7200000286102295 0.8114110827445984 0.6000000238418579
v -0.7200000286102295 0.7136507630348206 0.6000000238418579
v 0.7200000286102295 0.8114110827445984 0.6000000238418579
v -0.7200000286102295 0.8114110827445984 0.6000000238418579
v -0.75 0.7136507630348206 -0.5699999928474426
v -0.7200000286102295 0.6843225955963135 -0.5699999928474426
v -0.7200000286102295 0.6843225955963135 0.5699999928474426
v -0.75 0.7136507630348206 -0.5699999928474426
v -0.7200000286102295 0.6843225955963135 0.5699999928474426
v -0.75 0.7136507630348206 0.5699999928474426
v -0.75 0.8114110827445984 -0.5699999928474426
v -0.7200000286102295 0.8407391905784607 0.5699999928474426
v -0.7200000286102295 0.8407391905784607 -0.5699999928474426
v -0.75 0.8114110827445984 -0.5699999928474426
v -0.75 0.8114110827445984 0.5699999928474426
v -0.7200000286102295 0.8407391905784607 0.5699999928474426
v 0.75 0.7136507630348206 -0.5699999928474426
v 0.7200000286102295 0.6843225955963135 0.5699999928474426
v 0.7200000286102295 0.6843225955963135 -0.5699999928474426
v 0.75 0.7136507630348206 -0.5699999928474426
v 0.75 0.7136507630348206 0.5699999928474426
v 0.7200000286102295 0.6843225955963135 0.5699999928474426
v 0.75 0.8114110827445984 -0.5699999928474426
v 0.7200000286102295 0.8407391905784607 -0.5699999928474426
v 0.7200000286102295 0.8407391905784607 0.5699999928474426
v 0.75 0.8114110827445984 -0.5699999928474426
v 0.7200000286102295 0.8407391905784607 0.5699999928474426
v 0.75 0.8114110827445984 0.5699999928474426
v -0.75 0.7136507630348206 -0.5699999928474426
v -0.7200000286102295 0.8114110827445984 -0.6000000238418579
v -0.7200000286102295 0.7136507630348206 -0.6000000238418579
v -0.75 0.7136507630348206 -0.5699999928474426
v -0.75 0.8114110827445984 -0.5699999928474426
v -0.7200000286102295 0.8114110827445984 -0.6000000238418579
v -0.75 0.7136507630348206 0.5699999928474426
v -0.7200000286102295 0.7136507630348206 0.6000000238418579
v -0.7200000286102295 0.8114110827445984 0.6000000238418579
v -0.75 0.7136507630348206 0.5699999928474426
v -0.7200000286102295 0.8114110827445984 0.6000000238418579
v -0.75 0.8114110827445984 0.5699999928474426
v 0.75 0.7136507630348206 -0.5699999928474426
v 0.7200000286102295 0.7136507630348206 -0.6000000238418579
v 0.7200000286102295 0.8114110827445984 -0.6000000238418579
v 0.75 0.7136507630348206 -0.5699999928474426
v 0.7200000286102295 0.8114110827445984 -0.6000000238418579
v 0.75 0.8114110827445984 -0.5699999928474426
v 0.75 0.7136507630348206 0.5699999928474426
v 0.7200000286102295 0.8114110827445984 0.6000000238418579
v 0.7200000286102295 0.7136507630348206 0.6000000238418579
v 0.75 0.7136507630348206 0.5699999928474426
v 0.75 0.8114110827445984 0.5699999928474426
v 0.7200000286102295 0.8114110827445984 0.6000000238418579
v -0.7200000286102295 0.6843225955963135 -0.5699999928474426
v -0.7200000286102295 0.7136507630348206 -0.6000000238418579
v 0.7200000286102295 0.7136507630348206 -0.6000000238418579
v -0.7200000286102295 0.6843225955963135 -0.5699999928474426
v 0.7200000286102295 0.7136507630348206 -0.6000000238418579
v 0.7200000286102295 0.6843225955963135 -0.5699999928474426
v -0.7200000286102295 0.6843225955963135 0.5699999928474426
v 0.7200000286102295 0.7136507630348206 0.6000000238418579
v -0.7200000286102295 0.7136507630348206 0.6000000238418579
v -0.7200000286102295 0.6843225955963135 0.5699999928474426
v 0.7200000286102295 0.6843225955963135 0.5699999928474426
v 0.7200000286102295 0.7136507630348206 0.6000000238418579
v -0.7200000286102295 0.8407391905784607 -0.5699999928474426
v 0.7200000286102295 0.8114110827445984 -0.6000000238418579
v -0.7200000286102295 0.8114110827445984 -0.6000000238418579
v -0.7200000286102295 0.8407391905784607 -0.5699999928474426
v 0.7200000286102295 0.8407391905784607 -0.5699999928474426
v 0.7200000286102295 0.8114110827445984 -0.6000000238418579
v -0.7200000286102295 0.8407391905784607 0.5699999928474426
v -0.7200000286102295 0.8114110827445984 0.6000000238418579
v 0.7200000286102295 0.8114110827445984 0.6000000238418579
v -0.7200000286102295 0.8407391905784607 0.5699999928474426
v 0.7200000286102295 0.8114110827445984 0.6000000238418579
v 0.7200000286102295 0.8407391905784607 0.5699999928474426
v -0.75 0.7136507630348206 -0.5699999928474426
v -0.7200000286102295 0.7136507630348206 -0.6000000238418579
v -0.7200000286102295 0.6843225955963135 -0.5699999928474426
v -0.75 0.7136507630348206 0.5699999928474426
v -0.7200000286102295 0.6843225955963135 0.5699999928474426
v -0.7200000286102295 0.7136507630348206 0.6000000238418579
v -0.75 0.8114110827445984 -0.5699999928474426
v -0.7200000286102295 0.8407391905784607 -0.5699999928474426
v -0.7200000286102295 0.8114110827445984 -0.6000000238418579
v -0.75 0.8114110827445984 0.5699999928474426
v -0.7200000286102295 0.8114110827445984 0.6000000238418579
v -0.7200000286102295 0.8407391905784607 0.5699999928474426
v 0.75 0.7136507630348206 -0.5699999928474426
v 0.7200000286102295 0.6843225955963135 -0.5699999928474426
v 0.7200000286102295 0.7136507630348206 -0.6000000238418579
v 0.75 0.7136507630348206 0.5699999928474426
v 0.7200000286102295 0.7136507630348206 0.6000000238418579
v 0.7200000286102295 0.6843225955963135 0.5699999928474426
v 0.75 0.8114110827445984 -0.5699999928474426
v 0.7200000286102295 0.8114110827445984 -0.6000000238418579
v 0.7200000286102295 0.8407391905784607 -0.5699999928474426
v 0.75 0.8114110827445984 0.5699999928474426
v 0.7200000286102295 0.8407391905784607 0.5699999928474426
v 0.7200000286102295 0.8114110827445984 0.6000000238418579
vn -1 0 0
vn -1 0 0
vn -1 0 0
vn -1 0 0
vn -1 0 0
vn -1 0 0
vn 1 0 0
vn 1 0 0
vn 1 0 0
vn 1 0 0
vn 1 0 0
vn 1 0 0
vn 0 -1 0
vn 0 -1 0
vn 0 -1 0
vn 0 -1 0
vn 0 -1 0
vn 0 -1 0
vn 0 1 0
vn 0 1 0
vn 0 1 0
vn 0 1 0
vn 0 1 0
vn 0 1 0
vn 0 0 -1
vn 0 0 -1
vn 0 0 -1
vn 0 0 -1
vn 0 0 -1
vn 0 0 -1
vn 0 0 1
vn 0 0 1
vn 0 0 1
vn 0 0 1
vn 0 0 1
vn 0 0 1
vn -0.6990543050776533 -0.7150685831110182 0
vn -0.6990543050776533 -0.7150685831110182 0
vn -0.6990543050776533 -0.7150685831110182 0
vn -0.6990543050776533 -0.7150685831110182 0
vn -0.6990543050776533 -0.7150685831110182 0
vn -0.6990543050776533 -0.7150685831110182 0
vn -0.6990543050776533 0.7150685831110182 0
vn -0.6990543050776533 0.7150685831110182 0
vn -0.6990543050776533 0.7150685831110182 0
vn -0.6990543050776533 0.7150685831110182 0
vn -0.6990543050776533 0.7150685831110182 0
vn -0.6990543050776533 0.7150685831110182 0
vn 0.6990543050776533 -0.7150685831110182 0
vn 0.6990543050776533 -0.7150685831110182 0
vn 0.6990543050776533 -0.7150685831110182 0
vn 0.6990543050776533 -0.7150685831110182 0
vn 0.6990543050776533 -0.7150685831110182 0
vn 0.6990543050776533 -0.7150685831110182 0
vn 0.6990543050776533 0.7150685831110182 0
vn 0.6990543050776533 0.7150685831110182 0
vn 0.6990543050776533 0.7150685831110182 0
vn 0.6990543050776533 0.7150685831110182 0
vn 0.6990543050776533 0.7150685831110182 0
vn 0.6990543050776533 0.7150685831110182 0
vn -0.7071074368373473 0 -0.7071061255351399
vn -0.7071074368373473 0 -0.7071061255351399
vn -0.7071074368373473 0 -0.7071061255351399
vn -0.7071074368373473 0 -0.7071061255351399
vn -0.7071074368373473 0 -0.7071061255351399
vn -0.7071074368373473 0 -0.7071061255351399
vn -0.7071074368373473 0 0.7071061255351399
vn -0.7071074368373473 0 0.7071061255351399
vn -0.7071074368373473 0 0.7071061255351399
vn -0.7071074368373473 0 0.7071061255351399
vn -0.7071074368373473 0 0.7071061255351399
vn -0.7071074368373473 0 0.7071061255351399
vn 0.7071074368373473 0 -0.7071061255351399
vn 0.7071074368373473 0 -0.7071061255351399
vn 0.7071074368373473 0 -0.7071061255351399
vn 0.7071074368373473 0 -0.7071061255351399
vn 0.7071074368373473 0 -0.7071061255351399
vn 0.7071074368373473 0 -0.7071061255351399
vn 0.7071074368373473 0 0.7071061255351399
vn 0.7071074368373473 0 0.7071061255351399
vn 0.7071074368373473 0 0.7071061255351399
vn 0.7071074368373473 0 0.7071061255351399
vn 0.7071074368373473 0 0.7071061255351399
vn 0.7071074368373473 0 0.7071061255351399
vn 0 -0.7150692312537384 -0.6990536420863476
vn 0 -0.7150692312537384 -0.6990536420863476
vn 0 -0.7150692312537384 -0.6990536420863476
vn 0 -0.7150692312537384 -0.6990536420863476
vn 0 -0.7150692312537384 -0.6990536420863476
vn 0 -0.7150692312537384 -0.6990536420863476
vn 0 -0.7150692312537384 0.6990536420863476
vn 0 -0.7150692312537384 0.6990536420863476
vn 0 -0.7150692312537384 0.6990536420863476
vn 0 -0.7150692312537384 0.6990536420863476
vn 0 -0.7150692312537384 0.6990536420863476
vn 0 -0.7150692312537384 0.6990536420863476
vn 0 0.7150692312537384 -0.6990536420863476
vn 0 0.7150692312537384 -0.6990536420863476
vn 0 0.7150692312537384 -0.6990536420863476
vn 0 0.7150692312537384 -0.6990536420863476
vn 0 0.7150692312537384 -0.6990536420863476
vn 0 0.7150692312537384 -0.6990536420863476
vn 0 0.7150692312537384 0.6990536420863476
vn 0 0.7150692312537384 0.6990536420863476
vn 0 0.7150692312537384 0.6990536420863476
vn 0 0.7150692312537384 0.6990536420863476
vn 0 0.7150692312537384 0.6990536420863476
vn 0 0.7150692312537384 0.6990536420863476
vn -0.5729424486406405 -0.5860676301342608 -0.5729412565477182
vn -0.5729424486406405 -0.5860676301342608 -0.5729412565477182
vn -0.5729424486406405 -0.5860676301342608 -0.5729412565477182
vn -0.5729424486406405 -0.5860676301342608 0.5729412565477182
vn -0.5729424486406405 -0.5860676301342608 0.5729412565477182
vn -0.5729424486406405 -0.5860676301342608 0.5729412565477182
vn -0.5729424486406405 0.5860676301342608 -0.5729412565477182
vn -0.5729424486406405 0.5860676301342608 -0.5729412565477182
vn -0.5729424486406405 0.5860676301342608 -0.5729412565477182
vn -0.5729424486406405 0.5860676301342608 0.5729412565477182
vn -0.5729424486406405 0.5860676301342608 0.5729412565477182
vn -0.5729424486406405 0.5860676301342608 0.5729412565477182
vn 0.5729424486406405 -0.5860676301342608 -0.5729412565477182
vn 0.5729424486406405 -0.5860676301342608 -0.5729412565477182
vn 0.5729424486406405 -0.5860676301342608 -0.5729412565477182
vn 0.5729424486406405 -0.5860676301342608 0.5729412565477182
vn 0.5729424486406405 -0.5860676301342608 0.5729412565477182
vn 0.5729424486406405 -0.5860676301342608 0.5729412565477182
vn 0.5729424486406405 0.5860676301342608 -0.5729412565477182
vn 0.5729424486406405 0.5860676301342608 -0.5729412565477182
vn 0.5729424486406405 0.5860676301342608 -0.5729412565477182
vn 0.5729424486406405 0.5860676301342608 0.5729412565477182
vn 0.5729424486406405 0.5860676301342608 0.5729412565477182
vn 0.5729424486406405 0.5860676301342608 0.5729412565477182
f 133//133 134//134 135//135
f 136//136 137//137 138//138
f 139//139 140//140 141//141
f 142//142 143//143 144//144
f 145//145 146//146 147//147
f 148//148 149//149 150//150
f 151//151 152//152 153//153
f 154//154 155//155 156//156
f 157//157 158//158 159//159
f 160//160 161//161 162//162
f 163//163 164//164 165//165
f 166//166 167//167 168//168
f 169//169 170//170 171//171
f 172//172 173//173 174//174
f 175//175 176//176 177//177
f 178//178 179//179 180//180
f 181//181 182//182 183//183
f 184//184 185//185 186//186
f 187//187 188//188 189//189
f 190//190 191//191 192//192
f 193//193 194//194 195//195
f 196//196 197//197 198//198
f 199//199 200//200 201//201
f 202//202 203//203 204//204
f 205//205 206//206 207//207
f 208//208 209//209 210//210
f 211//211 212//212 213//213
f 214//214 215//215 216//216
f 217//217 218//218 219//219
f 220//220 221//221 222//222
f 223//223 224//224 225//225
f 226//226 227//227 228//228
f 229//229 230//230 231//231
f 232//232 233//233 234//234
f 235//235 236//236 237//237
f 238//238 239//239 240//240
f 241//241 242//242 243//243
f 244//244 245//245 246//246
f 247//247 248//248 249//249
f 250//250 251//251 252//252
f 253//253 254//254 255//255
f 256//256 257//257 258//258
f 259//259 260//260 261//261
f 262//262 263//263 264//264
o soil
usemtl wood
v 0.6399999856948853 0.8505152463912964 0.4899999797344208
v 0.6399999856948853 0.8505152463912964 -0.4899999797344208
v 0.6399999856948853 0.7918590307235718 0.4899999797344208
v 0.6399999856948853 0.7918590307235718 -0.4899999797344208
v -0.6399999856948853 0.8505152463912964 -0.4899999797344208
v -0.6399999856948853 0.8505152463912964 0.4899999797344208
v -0.6399999856948853 0.7918590307235718 -0.4899999797344208
v -0.6399999856948853 0.7918590307235718 0.4899999797344208
v -0.6399999856948853 0.8505152463912964 -0.4899999797344208
v 0.6399999856948853 0.8505152463912964 -0.4899999797344208
v -0.6399999856948853 0.8505152463912964 0.4899999797344208
v 0.6399999856948853 0.8505152463912964 0.4899999797344208
v -0.6399999856948853 0.7918590307235718 0.4899999797344208
v 0.6399999856948853 0.7918590307235718 0.4899999797344208
v -0.6399999856948853 0.7918590307235718 -0.4899999797344208
v 0.6399999856948853 0.7918590307235718 -0.4899999797344208
v -0.6399999856948853 0.8505152463912964 0.4899999797344208
v 0.6399999856948853 0.8505152463912964 0.4899999797344208
v -0.6399999856948853 0.7918590307235718 0.4899999797344208
v 0.6399999856948853 0.7918590307235718 0.4899999797344208
v 0.6399999856948853 0.8505152463912964 -0.4899999797344208
v -0.6399999856948853 0.8505152463912964 -0.4899999797344208
v 0.6399999856948853 0.7918590307235718 -0.4899999797344208
v -0.6399999856948853 0.7918590307235718 -0.4899999797344208
vt 0 1
vt 1 1
vt 0 0
vt 1 0
vt 0 1
vt 1 1
vt 0 0
vt 1 0
vt 0 1
vt 1 1
vt 0 0
vt 1 0
vt 0 1
vt 1 1
vt 0 0
vt 1 0
vt 0 1
vt 1 1
vt 0 0
vt 1 0
vt 0 1
vt 1 1
vt 0 0
vt 1 0
vn 1 0 0
vn 1 0 0
vn 1 0 0
vn 1 0 0
vn -1 0 0
vn -1 0 0
vn -1 0 0
vn -1 0 0
vn 0 1 0
vn 0 1 0
vn 0 1 0
vn 0 1 0
vn 0 -1 0
vn 0 -1 0
vn 0 -1 0
vn 0 -1 0
vn 0 0 1
vn 0 0 1
vn 0 0 1
vn 0 0 1
vn 0 0 -1
vn 0 0 -1
vn 0 0 -1
vn 0 0 -1
f 265/1/265 267/3/267 266/2/266
f 267/3/267 268/4/268 266/2/266
f 269/5/269 271/7/271 270/6/270
f 271/7/271 272/8/272 270/6/270
f 273/9/273 275/11/275 274/10/274
f 275/11/275 276/12/276 274/10/274
f 277/13/277 279/15/279 278/14/278
f 279/15/279 280/16/280 278/14/278
f 281/17/281 283/19/283 282/18/282
f 283/19/283 284/20/284 282/18/282
f 285/21/285 287/23/287 286/22/286
f 287/23/287 288/24/288 286/22/286
o stem
usemtl wood
v 0 1.5641659498214722 0.07999999821186066
v 0.05656854063272476 1.5641659498214722 0.056568536907434464
v 0.07999999821186066 1.5641659498214722 4.898587162186488e-18
v 0.05656854063272476 1.5641659498214722 -0.056568536907434464
v 9.797174324372975e-18 1.5641659498214722 -0.07999999821186066
v -0.05656854063272476 1.5641659498214722 -0.056568536907434464
v -0.07999999821186066 1.5641659498214722 -1.469576190014977e-17
v -0.05656854063272476 1.5641659498214722 0.056568536907434464
v -1.959434864874595e-17 1.5641659498214722 0.07999999821186066
v 0 0.7820829749107361 0.09999999403953552
v 0.0707106813788414 0.7820829749107361 0.0707106813788414
v 0.10000000149011612 0.7820829749107361 6.123233435745227e-18
v 0.0707106813788414 0.7820829749107361 -0.0707106813788414
v 1.2246467698671066e-17 0.7820829749107361 -0.09999999403953552
v -0.0707106813788414 0.7820829749107361 -0.0707106813788414
v -0.10000000149011612 0.7820829749107361 -1.8369702788777518e-17
v -0.0707106813788414 0.7820829749107361 0.0707106813788414
v -2.4492935397342132e-17 0.7820829749107361 0.09999999403953552
v 0 1.5641659498214722 0
v 0 1.5641659498214722 0
v 0 1.5641659498214722 0
v 0 1.5641659498214722 0
v 0 1.5641659498214722 0
v 0 1.5641659498214722 0
v 0 1.5641659498214722 0
v 0 1.5641659498214722 0
v 0 1.5641659498214722 0.07999999821186066
v 0.05656854063272476 1.5641659498214722 0.056568536907434464
v 0.07999999821186066 1.5641659498214722 4.898587162186488e-18
v 0.05656854063272476 1.5641659498214722 -0.056568536907434464
v 9.797174324372975e-18 1.5641659498214722 -0.07999999821186066
v -0.05656854063272476 1.5641659498214722 -0.056568536907434464
v -0.07999999821186066 1.5641659498214722 -1.469576190014977e-17
v -0.05656854063272476 1.5641659498214722 0.056568536907434464
v -1.959434864874595e-17 1.5641659498214722 0.07999999821186066
v 0 0.7820829749107361 0
v 0 0.7820829749107361 0
v 0 0.7820829749107361 0
v 0 0.7820829749107361 0
v 0 0.7820829749107361 0
v 0 0.7820829749107361 0
v 0 0.7820829749107361 0
v 0 0.7820829749107361 0
v 0 0.7820829749107361 0.09999999403953552
v 0.0707106813788414 0.7820829749107361 0.0707106813788414
v 0.10000000149011612 0.7820829749107361 6.123233435745227e-18
v 0.0707106813788414 0.7820829749107361 -0.0707106813788414
v 1.2246467698671066e-17 0.7820829749107361 -0.09999999403953552
v -0.0707106813788414 0.7820829749107361 -0.0707106813788414
v -0.10000000149011612 0.7820829749107361 -1.8369702788777518e-17
v -0.0707106813788414 0.7820829749107361 0.0707106813788414
v -2.4492935397342132e-17 0.7820829749107361 0.09999999403953552
vt 0 1
vt 0.125 1
vt 0.25 1
vt 0.375 1
vt 0.5 1
vt 0.625 1
vt 0.75 1
vt 0.875 1
vt 1 1
vt 0 0
vt 0.125 0
vt 0.25 0
vt 0.375 0
vt 0.5 0
vt 0.625 0
vt 0.75 0
vt 0.875 0
vt 1 0
vt 0.5 0.5
vt 0.5 0.5
vt 0.5 0.5
vt 0.5 0.5
vt 0.5 0.5
vt 0.5 0.5
vt 0.5 0.5
vt 0.5 0.5
vt 1 0.5
vt 0.8535534143447876 0.8535534143447876
vt 0.5 1
vt 0.1464466154575348 0.8535534143447876
vt 0 0.5
vt 0.1464466154575348 0.1464466154575348
vt 0.5 0
vt 0.8535534143447876 0.1464466154575348
vt 1 0.5
vt 0.5 0.5
vt 0.5 0.5
vt 0.5 0.5
vt 0.5 0.5
vt 0.5 0.5
vt 0.5 0.5
vt 0.5 0.5
vt 0.5 0.5
vt 1 0.5
vt 0.8535534143447876 0.1464466154575348
vt 0.5 0
vt 0.1464466154575348 0.1464466154575348
vt 0 0.5
vt 0.1464466154575348 0.8535534143447876
vt 0.5 1
vt 0.8535534143447876 0.8535534143447876
vt 1 0.5
vn 0 0.02556437415278207 0.9996731779807723
vn 0.7068756831151913 0.025564374446940055 0.7068756831151913
vn 0.9996731779807723 0.02556437415278207 6.12123242613015e-17
vn 0.7068756831151913 0.025564374446940055 -0.7068756831151913
vn 1.22424648522603e-16 0.02556437415278207 -0.9996731779807723
vn -0.7068756831151913 0.025564374446940055 -0.7068756831151913
vn -0.9996731779807723 0.02556437415278207 -1.8363697940134935e-16
vn -0.7068756831151913 0.025564374446940055 0.7068756831151913
vn -2.44849297045206e-16 0.02556437415278207 0.9996731779807723
vn 0 0.02556437415278207 0.9996731779807723
vn 0.7068756831151913 0.025564374446940055 0.7068756831151913
vn 0.9996731779807723 0.02556437415278207 6.12123242613015e-17
vn 0.7068756831151913 0.025564374446940055 -0.7068756831151913
vn 1.22424648522603e-16 0.02556437415278207 -0.9996731779807723
vn -0.7068756831151913 0.025564374446940055 -0.7068756831151913
vn -0.9996731779807723 0.02556437415278207 -1.8363697940134935e-16
vn -0.7068756831151913 0.025564374446940055 0.7068756831151913
vn -2.44849297045206e-16 0.02556437415278207 0.9996731779807723
vn 0 1 0
vn 0 1 0
vn 0 1 0
vn 0 1 0
vn 0 1 0
vn 0 1 0
vn 0 1 0
vn 0 1 0
vn 0 1 0
vn 0 1 0
vn 0 1 0
vn 0 1 0
vn 0 1 0
vn 0 1 0
vn 0 1 0
vn 0 1 0
vn 0 1 0
vn 0 -1 0
vn 0 -1 0
vn 0 -1 0
vn 0 -1 0
vn 0 -1 0
vn 0 -1 0
vn 0 -1 0
vn 0 -1 0
vn 0 -1 0
vn 0 -1 0
vn 0 -1 0
vn 0 -1 0
vn 0 -1 0
vn 0 -1 0
vn 0 -1 0
vn 0 -1 0
vn 0 -1 0
f 289/25/289 298/34/298 290/26/290
f 298/34/298 299/35/299 290/26/290
f 290/26/290 299/35/299 291/27/291
f 299/35/299 300/36/300 291/27/291
f 291/27/291 300/36/300 292/28/292
f 300/36/300 301/37/301 292/28/292
f 292/28/292 301/37/301 293/29/293
f 301/37/301 302/38/302 293/29/293
f 293/29/293 302/38/302 294/30/294
f 302/38/302 303/39/303 294/30/294
f 294/30/294 303/39/303 295/31/295
f 303/39/303 304/40/304 295/31/295
f 295/31/295 304/40/304 296/32/296
f 304/40/304 305/41/305 296/32/296
f 296/32/296 305/41/305 297/33/297
f 305/41/305 306/42/306 297/33/297
f 315/51/315 316/52/316 307/43/307
f 316/52/316 317/53/317 308/44/308
f 317/53/317 318/54/318 309/45/309
f 318/54/318 319/55/319 310/46/310
f 319/55/319 320/56/320 311/47/311
f 320/56/320 321/57/321 312/48/312
f 321/57/321 322/58/322 313/49/313
f 322/58/322 323/59/323 314/50/314
f 333/69/333 332/68/332 324/60/324
f 334/70/334 333/69/333 325/61/325
f 335/71/335 334/70/334 326/62/326
f 336/72/336 335/71/335 327/63/327
f 337/73/337 336/72/336 328/64/328
f 338/74/338 337/73/337 329/65/329
f 339/75/339 338/74/338 330/66/330
f 340/76/340 339/75/339 331/67/331
o bush_main
usemtl leaf
v -0.5266700983047485 1.984535574913025 0.17626328766345978
v -0.20117005705833435 2.17183518409729 0.28519999980926514
v -0.3422509431838989 2.1970698833465576 0
v -0.5266700983047485 1.984535574913025 0.17626328766345978
v -0.3255000114440918 1.868778109550476 0.4614632725715637
v -0.20117005705833435 2.17183518409729 0.28519999980926514
v -0.5537736415863037 1.6814783811569214 0.29987701773643494
v -0.3255000114440918 1.868778109550476 0.4614632725715637
v -0.5266700983047485 1.984535574913025 0.17626328766345978
v -0.3255000114440918 1.868778109550476 0.4614632725715637
v 0 2.000131607055664 0.48521116375923157
v -0.20117005705833435 2.17183518409729 0.28519999980926514
v -0.20117005705833435 2.17183518409729 0.28519999980926514
v 0 2.287592649459839 0
v -0.3422509431838989 2.1970698833465576 0
v -0.20117005705833435 2.17183518409729 0.28519999980926514
v 0.20117005705833435 2.17183518409729 0.28519999980926514
v 0 2.287592649459839 0
v 0 2.000131607055664 0.48521116375923157
v 0.20117005705833435 2.17183518409729 0.28519999980926514
v -0.20117005705833435 2.17183518409729 0.28519999980926514
v 0.20117005705833435 2.17183518409729 0.28519999980926514
v 0.3422509431838989 2.1970698833465576 0
v 0 2.287592649459839 0
v 0 2.287592649459839 0
v -0.20117005705833435 2.17183518409729 -0.28519999980926514
v -0.3422509431838989 2.1970698833465576 0
v 0 2.287592649459839 0
v 0.20117005705833435 2.17183518409729 -0.28519999980926514
v -0.20117005705833435 2.17183518409729 -0.28519999980926514
v 0.3422509431838989 2.1970698833465576 0
v 0.20117005705833435 2.17183518409729 -0.28519999980926514
v 0 2.287592649459839 0
v 0.20117005705833435 2.17183518409729 -0.28519999980926514
v 0 2.000131607055664 -0.48521116375923157
v -0.20117005705833435 2.17183518409729 -0.28519999980926514
v -0.20117005705833435 2.17183518409729 -0.28519999980926514
v -0.5266700983047485 1.984535574913025 -0.17626328766345978
v -0.3422509431838989 2.1970698833465576 0
v -0.20117005705833435 2.17183518409729 -0.28519999980926514
v -0.3255000114440918 1.868778109550476 -0.4614632725715637
v -0.5266700983047485 1.984535574913025 -0.17626328766345978
v 0 2.000131607055664 -0.48521116375923157
v -0.3255000114440918 1.868778109550476 -0.4614632725715637
v -0.20117005705833435 2.17183518409729 -0.28519999980926514
v -0.3255000114440918 1.868778109550476 -0.4614632725715637
v -0.5537736415863037 1.6814783811569214 -0.29987701773643494
v -0.5266700983047485 1.984535574913025 -0.17626328766345978
v -0.5266700983047485 1.984535574913025 -0.17626328766345978
v -0.5266700983047485 1.984535574913025 0.17626328766345978
v -0.3422509431838989 2.1970698833465576 0
v -0.5266700983047485 1.984535574913025 -0.17626328766345978
v -0.6510000228881836 1.6814783811569214 0
v -0.5266700983047485 1.984535574913025 0.17626328766345978
v -0.5537736415863037 1.6814783811569214 -0.29987701773643494
v -0.6510000228881836 1.6814783811569214 0
v -0.5266700983047485 1.984535574913025 -0.17626328766345978
v -0.6510000228881836 1.6814783811569214 0
v -0.5537736415863037 1.6814783811569214 0.29987701773643494
v -0.5266700983047485 1.984535574913025 0.17626328766345978
v 0.20117005705833435 2.17183518409729 0.28519999980926514
v 0.5266700983047485 1.984535574913025 0.17626328766345978
v 0.3422509431838989 2.1970698833465576 0
v 0.20117005705833435 2.17183518409729 0.28519999980926514
v 0.3255000114440918 1.868778109550476 0.4614632725715637
v 0.5266700983047485 1.984535574913025 0.17626328766345978
v 0 2.000131607055664 0.48521116375923157
v 0.3255000114440918 1.868778109550476 0.4614632725715637
v 0.20117005705833435 2.17183518409729 0.28519999980926514
v 0.3255000114440918 1.868778109550476 0.4614632725715637
v 0.5537736415863037 1.6814783811569214 0.29987701773643494
v 0.5266700983047485 1.984535574913025 0.17626328766345978
v -0.3255000114440918 1.868778109550476 0.4614632725715637
v 0 1.6814783811569214 0.5703999996185303
v 0 2.000131607055664 0.48521116375923157
v -0.3255000114440918 1.868778109550476 0.4614632725715637
v -0.3255000114440918 1.4941787719726562 0.4614632725715637
v 0 1.6814783811569214 0.5703999996185303
v -0.5537736415863037 1.6814783811569214 0.29987701773643494
v -0.3255000114440918 1.4941787719726562 0.4614632725715637
v -0.3255000114440918 1.868778109550476 0.4614632725715637
v -0.3255000114440918 1.4941787719726562 0.4614632725715637
v 0 1.3628252744674683 0.48521116375923157
v 0 1.6814783811569214 0.5703999996185303
v -0.6510000228881836 1.6814783811569214 0
v -0.5266700983047485 1.3784211874008179 0.17626328766345978
v -0.5537736415863037 1.6814783811569214 0.29987701773643494
v -0.6510000228881836 1.6814783811569214 0
v -0.5266700983047485 1.3784211874008179 -0.17626328766345978
v -0.5266700983047485 1.3784211874008179 0.17626328766345978
v -0.5537736415863037 1.6814783811569214 -0.29987701773643494
v -0.5266700983047485 1.3784211874008179 -0.17626328766345978
v -0.6510000228881836 1.6814783811569214 0
v -0.5266700983047485 1.3784211874008179 -0.17626328766345978
v -0.3422509431838989 1.1658868789672852 0
v -0.5266700983047485 1.3784211874008179 0.17626328766345978
v -0.3255000114440918 1.868778109550476 -0.4614632725715637
v -0.3255000114440918 1.4941787719726562 -0.4614632725715637
v -0.5537736415863037 1.6814783811569214 -0.29987701773643494
v -0.3255000114440918 1.868778109550476 -0.4614632725715637
v 0 1.6814783811569214 -0.5703999996185303
v -0.3255000114440918 1.4941787719726562 -0.4614632725715637
v 0 2.000131607055664 -0.48521116375923157
v 0 1.6814783811569214 -0.5703999996185303
v -0.3255000114440918 1.868778109550476 -0.4614632725715637
v 0 1.6814783811569214 -0.5703999996185303
v 0 1.3628252744674683 -0.48521116375923157
v -0.3255000114440918 1.4941787719726562 -0.4614632725715637
v 0.20117005705833435 2.17183518409729 -0.28519999980926514
v 0.3255000114440918 1.868778109550476 -0.4614632725715637
v 0 2.000131607055664 -0.48521116375923157
v 0.20117005705833435 2.17183518409729 -0.28519999980926514
v 0.5266700983047485 1.984535574913025 -0.17626328766345978
v 0.3255000114440918 1.868778109550476 -0.4614632725715637
v 0.3422509431838989 2.1970698833465576 0
v 0.5266700983047485 1.984535574913025 -0.17626328766345978
v 0.20117005705833435 2.17183518409729 -0.28519999980926514
v 0.5266700983047485 1.984535574913025 -0.17626328766345978
v 0.5537736415863037 1.6814783811569214 -0.29987701773643494
v 0.3255000114440918 1.868778109550476 -0.4614632725715637
v 0.5266700983047485 1.3784211874008179 0.17626328766345978
v 0.20117005705833435 1.1911215782165527 0.28519999980926514
v 0.3422509431838989 1.1658868789672852 0
v 0.5266700983047485 1.3784211874008179 0.17626328766345978
v 0.3255000114440918 1.4941787719726562 0.4614632725715637
v 0.20117005705833435 1.1911215782165527 0.28519999980926514
v 0.5537736415863037 1.6814783811569214 0.29987701773643494
v 0.3255000114440918 1.4941787719726562 0.4614632725715637
v 0.5266700983047485 1.3784211874008179 0.17626328766345978
v 0.3255000114440918 1.4941787719726562 0.4614632725715637
v 0 1.3628252744674683 0.48521116375923157
v 0.20117005705833435 1.1911215782165527 0.28519999980926514
v 0.20117005705833435 1.1911215782165527 0.28519999980926514
v 0 1.075364112854004 0
v 0.3422509431838989 1.1658868789672852 0
v 0.20117005705833435 1.1911215782165527 0.28519999980926514
v -0.20117005705833435 1.1911215782165527 0.28519999980926514
v 0 1.075364112854004 0
v 0 1.3628252744674683 0.48521116375923157
v -0.20117005705833435 1.1911215782165527 0.28519999980926514
v 0.20117005705833435 1.1911215782165527 0.28519999980926514
v -0.20117005705833435 1.1911215782165527 0.28519999980926514
v -0.3422509431838989 1.1658868789672852 0
v 0 1.075364112854004 0
v 0 1.075364112854004 0
v 0.20117005705833435 1.1911215782165527 -0.28519999980926514
v 0.3422509431838989 1.1658868789672852 0
v 0 1.075364112854004 0
v -0.20117005705833435 1.1911215782165527 -0.28519999980926514
v 0.20117005705833435 1.1911215782165527 -0.28519999980926514
v -0.3422509431838989 1.1658868789672852 0
v -0.20117005705833435 1.1911215782165527 -0.28519999980926514
v 0 1.075364112854004 0
v -0.20117005705833435 1.1911215782165527 -0.28519999980926514
v 0 1.3628252744674683 -0.48521116375923157
v 0.20117005705833435 1.1911215782165527 -0.28519999980926514
v 0.20117005705833435 1.1911215782165527 -0.28519999980926514
v 0.5266700983047485 1.3784211874008179 -0.17626328766345978
v 0.3422509431838989 1.1658868789672852 0
v 0.20117005705833435 1.1911215782165527 -0.28519999980926514
v 0.3255000114440918 1.4941787719726562 -0.4614632725715637
v 0.5266700983047485 1.3784211874008179 -0.17626328766345978
v 0 1.3628252744674683 -0.48521116375923157
v 0.3255000114440918 1.4941787719726562 -0.4614632725715637
v 0.20117005705833435 1.1911215782165527 -0.28519999980926514
v 0.3255000114440918 1.4941787719726562 -0.4614632725715637
v 0.5537736415863037 1.6814783811569214 -0.29987701773643494
v 0.5266700983047485 1.3784211874008179 -0.17626328766345978
v 0.5266700983047485 1.3784211874008179 -0.17626328766345978
v 0.5266700983047485 1.3784211874008179 0.17626328766345978
v 0.3422509431838989 1.1658868789672852 0
v 0.5266700983047485 1.3784211874008179 -0.17626328766345978
v 0.6510000228881836 1.6814783811569214 0
v 0.5266700983047485 1.3784211874008179 0.17626328766345978
v 0.5537736415863037 1.6814783811569214 -0.29987701773643494
v 0.6510000228881836 1.6814783811569214 0
v 0.5266700983047485 1.3784211874008179 -0.17626328766345978
v 0.6510000228881836 1.6814783811569214 0
v 0.5537736415863037 1.6814783811569214 0.29987701773643494
v 0.5266700983047485 1.3784211874008179 0.17626328766345978
v 0.3255000114440918 1.4941787719726562 0.4614632725715637
v 0 1.6814783811569214 0.5703999996185303
v 0 1.3628252744674683 0.48521116375923157
v 0.3255000114440918 1.4941787719726562 0.4614632725715637
v 0.3255000114440918 1.868778109550476 0.4614632725715637
v 0 1.6814783811569214 0.5703999996185303
v 0.5537736415863037 1.6814783811569214 0.29987701773643494
v 0.3255000114440918 1.868778109550476 0.4614632725715637
v 0.3255000114440918 1.4941787719726562 0.4614632725715637
v 0.3255000114440918 1.868778109550476 0.4614632725715637
v 0 2.000131607055664 0.48521116375923157
v 0 1.6814783811569214 0.5703999996185303
v -0.20117005705833435 1.1911215782165527 0.28519999980926514
v -0.5266700983047485 1.3784211874008179 0.17626328766345978
v -0.3422509431838989 1.1658868789672852 0
v -0.20117005705833435 1.1911215782165527 0.28519999980926514
v -0.3255000114440918 1.4941787719726562 0.4614632725715637
v -0.5266700983047485 1.3784211874008179 0.17626328766345978
v 0 1.3628252744674683 0.48521116375923157
v -0.3255000114440918 1.4941787719726562 0.4614632725715637
v -0.20117005705833435 1.1911215782165527 0.28519999980926514
v -0.3255000114440918 1.4941787719726562 0.4614632725715637
v -0.5537736415863037 1.6814783811569214 0.29987701773643494
v -0.5266700983047485 1.3784211874008179 0.17626328766345978
v -0.20117005705833435 1.1911215782165527 -0.28519999980926514
v -0.3255000114440918 1.4941787719726562 -0.4614632725715637
v 0 1.3628252744674683 -0.48521116375923157
v -0.20117005705833435 1.1911215782165527 -0.28519999980926514
v -0.5266700983047485 1.3784211874008179 -0.17626328766345978
v -0.3255000114440918 1.4941787719726562 -0.4614632725715637
v -0.3422509431838989 1.1658868789672852 0
v -0.5266700983047485 1.3784211874008179 -0.17626328766345978
v -0.20117005705833435 1.1911215782165527 -0.28519999980926514
v -0.5266700983047485 1.3784211874008179 -0.17626328766345978
v -0.5537736415863037 1.6814783811569214 -0.29987701773643494
v -0.3255000114440918 1.4941787719726562 -0.4614632725715637
v 0.3255000114440918 1.4941787719726562 -0.4614632725715637
v 0.3255000114440918 1.868778109550476 -0.4614632725715637
v 0.5537736415863037 1.6814783811569214 -0.29987701773643494
v 0.3255000114440918 1.4941787719726562 -0.4614632725715637
v 0 1.6814783811569214 -0.5703999996185303
v 0.3255000114440918 1.868778109550476 -0.4614632725715637
v 0 1.3628252744674683 -0.48521116375923157
v 0 1.6814783811569214 -0.5703999996185303
v 0.3255000114440918 1.4941787719726562 -0.4614632725715637
v 0 1.6814783811569214 -0.5703999996185303
v 0 2.000131607055664 -0.48521116375923157
v 0.3255000114440918 1.868778109550476 -0.4614632725715637
v 0.6510000228881836 1.6814783811569214 0
v 0.5266700983047485 1.984535574913025 0.17626328766345978
v 0.5537736415863037 1.6814783811569214 0.29987701773643494
v 0.6510000228881836 1.6814783811569214 0
v 0.5266700983047485 1.984535574913025 -0.17626328766345978
v 0.5266700983047485 1.984535574913025 0.17626328766345978
v 0.5537736415863037 1.6814783811569214 -0.29987701773643494
v 0.5266700983047485 1.984535574913025 -0.17626328766345978
v 0.6510000228881836 1.6814783811569214 0
v 0.5266700983047485 1.984535574913025 -0.17626328766345978
v 0.3422509431838989 2.1970698833465576 0
v 0.5266700983047485 1.984535574913025 0.17626328766345978
vt 0.5580698847770691 0.6666666865348816
vt 0.6618959307670593 0.800000011920929
vt 0.5 0.8237918019294739
vt 0.5580698847770691 0.6666666865348816
vt 0.6618959307670593 0.6000000238418579
vt 0.6618959307670593 0.800000011920929
vt 0.5881040692329407 0.5
vt 0.6618959307670593 0.6000000238418579
vt 0.5580698847770691 0.6666666865348816
vt 0.6618959307670593 0.6000000238418579
vt 0.75 0.6762081980705261
vt 0.6618959307670593 0.800000011920929
vt 0.6618959307670593 0.800000011920929
vt 0.5858913660049438 1
vt 0.5 0.8237918019294739
vt 0.6618959307670593 0.800000011920929
vt 0.8381040692329407 0.800000011920929
vt 0.75 1
vt 0.75 0.6762081980705261
vt 0.8381040692329407 0.800000011920929
vt 0.6618959307670593 0.800000011920929
vt 0.8381040692329407 0.800000011920929
vt 1 0.8237918019294739
vt 0.9141086339950562 1
vt 0.41410863399505615 1
vt 0.33810409903526306 0.800000011920929
vt 0.5 0.8237918019294739
vt 0.25 1
vt 0.16189590096473694 0.800000011920929
vt 0.33810409903526306 0.800000011920929
vt 0 0.8237918019294739
vt 0.16189590096473694 0.800000011920929
vt 0.08589137345552444 1
vt 0.16189590096473694 0.800000011920929
vt 0.25 0.6762081980705261
vt 0.33810409903526306 0.800000011920929
vt 0.33810409903526306 0.800000011920929
vt 0.4419301152229309 0.6666666865348816
vt 0.5 0.8237918019294739
vt 0.33810409903526306 0.800000011920929
vt 0.33810409903526306 0.6000000238418579
vt 0.4419301152229309 0.6666666865348816
vt 0.25 0.6762081980705261
vt 0.33810409903526306 0.6000000238418579
vt 0.33810409903526306 0.800000011920929
vt 0.33810409903526306 0.6000000238418579
vt 0.41189590096473694 0.5
vt 0.4419301152229309 0.6666666865348816
vt 0.4419301152229309 0.6666666865348816
vt 0.5580698847770691 0.6666666865348816
vt 0.5 0.8237918019294739
vt 0.4419301152229309 0.6666666865348816
vt 0.5 0.5
vt 0.5580698847770691 0.6666666865348816
vt 0.41189590096473694 0.5
vt 0.5 0.5
vt 0.4419301152229309 0.6666666865348816
vt 0.5 0.5
vt 0.5881040692329407 0.5
vt 0.5580698847770691 0.6666666865348816
vt 0.8381040692329407 0.800000011920929
vt 0.9419301152229309 0.6666666865348816
vt 1 0.8237918019294739
vt 0.8381040692329407 0.800000011920929
vt 0.8381040692329407 0.6000000238418579
vt 0.9419301152229309 0.6666666865348816
vt 0.75 0.6762081980705261
vt 0.8381040692329407 0.6000000238418579
vt 0.8381040692329407 0.800000011920929
vt 0.8381040692329407 0.6000000238418579
vt 0.9118959307670593 0.5
vt 0.9419301152229309 0.6666666865348816
vt 0.6618959307670593 0.6000000238418579
vt 0.75 0.5
vt 0.75 0.6762081980705261
vt 0.6618959307670593 0.6000000238418579
vt 0.6618959307670593 0.4000000059604645
vt 0.75 0.5
vt 0.5881040692329407 0.5
vt 0.6618959307670593 0.4000000059604645
vt 0.6618959307670593 0.6000000238418579
vt 0.6618959307670593 0.4000000059604645
vt 0.75 0.3237918019294739
vt 0.75 0.5
vt 0.5 0.5
vt 0.5580698847770691 0.3333333432674408
vt 0.5881040692329407 0.5
vt 0.5 0.5
vt 0.4419301152229309 0.3333333432674408
vt 0.5580698847770691 0.3333333432674408
vt 0.41189590096473694 0.5
vt 0.4419301152229309 0.3333333432674408
vt 0.5 0.5
vt 0.4419301152229309 0.3333333432674408
vt 0.5 0.17620819807052612
vt 0.5580698847770691 0.3333333432674408
vt 0.33810409903526306 0.6000000238418579
vt 0.33810409903526306 0.4000000059604645
vt 0.41189590096473694 0.5
vt 0.33810409903526306 0.6000000238418579
vt 0.25 0.5
vt 0.33810409903526306 0.4000000059604645
vt 0.25 0.6762081980705261
vt 0.25 0.5
vt 0.33810409903526306 0.6000000238418579
vt 0.25 0.5
vt 0.25 0.3237918019294739
vt 0.33810409903526306 0.4000000059604645
vt 0.16189590096473694 0.800000011920929
vt 0.16189590096473694 0.6000000238418579
vt 0.25 0.6762081980705261
vt 0.16189590096473694 0.800000011920929
vt 0.05806988105177879 0.6666666865348816
vt 0.16189590096473694 0.6000000238418579
vt 0 0.8237918019294739
vt 0.05806988105177879 0.6666666865348816
vt 0.16189590096473694 0.800000011920929
vt 0.05806988105177879 0.6666666865348816
vt 0.08810409903526306 0.5
vt 0.16189590096473694 0.6000000238418579
vt 0.9419301152229309 0.3333333432674408
vt 0.8381040692329407 0.20000000298023224
vt 1 0.17620819807052612
vt 0.9419301152229309 0.3333333432674408
vt 0.8381040692329407 0.4000000059604645
vt 0.8381040692329407 0.20000000298023224
vt 0.9118959307670593 0.5
vt 0.8381040692329407 0.4000000059604645
vt 0.9419301152229309 0.3333333432674408
vt 0.8381040692329407 0.4000000059604645
vt 0.75 0.3237918019294739
vt 0.8381040692329407 0.20000000298023224
vt 0.8381040692329407 0.20000000298023224
vt 0.9141086339950562 0
vt 1 0.17620819807052612
vt 0.8381040692329407 0.20000000298023224
vt 0.6618959307670593 0.20000000298023224
vt 0.75 0
vt 0.75 0.3237918019294739
vt 0.6618959307670593 0.20000000298023224
vt 0.8381040692329407 0.20000000298023224
vt 0.6618959307670593 0.20000000298023224
vt 0.5 0.17620819807052612
vt 0.5858913660049438 0
vt 0.08589137345552444 0
vt 0.16189590096473694 0.20000000298023224
vt 0 0.17620819807052612
vt 0.25 0
vt 0.33810409903526306 0.20000000298023224
vt 0.16189590096473694 0.20000000298023224
vt 0.5 0.17620819807052612
vt 0.33810409903526306 0.20000000298023224
vt 0.41410863399505615 0
vt 0.33810409903526306 0.20000000298023224
vt 0.25 0.3237918019294739
vt 0.16189590096473694 0.20000000298023224
vt 0.16189590096473694 0.20000000298023224
vt 0.05806988105177879 0.3333333432674408
vt 0 0.17620819807052612
vt 0.16189590096473694 0.20000000298023224
vt 0.16189590096473694 0.4000000059604645
vt 0.05806988105177879 0.3333333432674408
vt 0.25 0.3237918019294739
vt 0.16189590096473694 0.4000000059604645
vt 0.16189590096473694 0.20000000298023224
vt 0.16189590096473694 0.4000000059604645
vt 0.08810409903526306 0.5
vt 0.05806988105177879 0.3333333432674408
vt 1.0580698251724243 0.3333333432674408
vt 0.9419301152229309 0.3333333432674408
vt 1 0.17620819807052612
vt 1.0580698251724243 0.3333333432674408
vt 1 0.5
vt 0.9419301152229309 0.3333333432674408
vt 0.08810409903526306 0.5
vt 0 0.5
vt 0.05806988105177879 0.3333333432674408
vt 1 0.5
vt 0.9118959307670593 0.5
vt 0.9419301152229309 0.3333333432674408
vt 0.8381040692329407 0.4000000059604645
vt 0.75 0.5
vt 0.75 0.3237918019294739
vt 0.8381040692329407 0.4000000059604645
vt 0.8381040692329407 0.6000000238418579
vt 0.75 0.5
vt 0.9118959307670593 0.5
vt 0.8381040692329407 0.6000000238418579
vt 0.8381040692329407 0.4000000059604645
vt 0.8381040692329407 0.6000000238418579
vt 0.75 0.6762081980705261
vt 0.75 0.5
vt 0.6618959307670593 0.20000000298023224
vt 0.5580698847770691 0.3333333432674408
vt 0.5 0.17620819807052612
vt 0.6618959307670593 0.20000000298023224
vt 0.6618959307670593 0.4000000059604645
vt 0.5580698847770691 0.3333333432674408
vt 0.75 0.3237918019294739
vt 0.6618959307670593 0.4000000059604645
vt 0.6618959307670593 0.20000000298023224
vt 0.6618959307670593 0.4000000059604645
vt 0.5881040692329407 0.5
vt 0.5580698847770691 0.3333333432674408
vt 0.33810409903526306 0.20000000298023224
vt 0.33810409903526306 0.4000000059604645
vt 0.25 0.3237918019294739
vt 0.33810409903526306 0.20000000298023224
vt 0.4419301152229309 0.3333333432674408
vt 0.33810409903526306 0.4000000059604645
vt 0.5 0.17620819807052612
vt 0.4419301152229309 0.3333333432674408
vt 0.33810409903526306 0.20000000298023224
vt 0.4419301152229309 0.3333333432674408
vt 0.41189590096473694 0.5
vt 0.33810409903526306 0.4000000059604645
vt 0.16189590096473694 0.4000000059604645
vt 0.16189590096473694 0.6000000238418579
vt 0.08810409903526306 0.5
vt 0.16189590096473694 0.4000000059604645
vt 0.25 0.5
vt 0.16189590096473694 0.6000000238418579
vt 0.25 0.3237918019294739
vt 0.25 0.5
vt 0.16189590096473694 0.4000000059604645
vt 0.25 0.5
vt 0.25 0.6762081980705261
vt 0.16189590096473694 0.6000000238418579
vt 1 0.5
vt 0.9419301152229309 0.6666666865348816
vt 0.9118959307670593 0.5
vt 1 0.5
vt 1.0580698251724243 0.6666666865348816
vt 0.9419301152229309 0.6666666865348816
vt 0.08810409903526306 0.5
vt 0.05806988105177879 0.6666666865348816
vt 0 0.5
vt 1.0580698251724243 0.6666666865348816
vt 1 0.8237918019294739
vt 0.9419301152229309 0.6666666865348816
vn -0.7830979070739184 0.5198222294354748 0.34138324171110296
vn -0.28493568813133074 0.8012141729300886 0.5261820053223781
vn -0.49874546431305844 0.8667484997547741 0
vn -0.7830979070739184 0.5198222294354748 0.34138324171110296
vn -0.45403817338167796 0.30139163164454646 0.8384583600196657
vn -0.28493568813133074 0.8012141729300886 0.5261820053223781
vn -0.8171670371876282 0 0.5764009310662098
vn -0.45403817338167796 0.30139163164454646 0.8384583600196657
vn -0.7830979070739184 0.5198222294354748 0.34138324171110296
vn -0.45403817338167796 0.30139163164454646 0.8384583600196657
vn 0 0.5027638593043147 0.8644237975538569
vn -0.28493568813133074 0.8012141729300886 0.5261820053223781
vn -0.28493568813133074 0.8012141729300886 0.5261820053223781
vn 0 1 0
vn -0.49874546431305844 0.8667484997547741 0
vn -0.28493568813133074 0.8012141729300886 0.5261820053223781
vn 0.28493568813133074 0.8012141729300886 0.5261820053223781
vn 0 1 0
vn 0 0.5027638593043147 0.8644237975538569
vn 0.28493568813133074 0.8012141729300886 0.5261820053223781
vn -0.28493568813133074 0.8012141729300886 0.5261820053223781
vn 0.28493568813133074 0.8012141729300886 0.5261820053223781
vn 0.49874546431305844 0.8667484997547741 0
vn 0 1 0
vn 0 1 0
vn -0.28493568813133074 0.8012141729300886 -0.5261820053223781
vn -0.49874546431305844 0.8667484997547741 0
vn 0 1 0
vn 0.28493568813133074 0.8012141729300886 -0.5261820053223781
vn -0.28493568813133074 0.8012141729300886 -0.5261820053223781
vn 0.49874546431305844 0.8667484997547741 0
vn 0.28493568813133074 0.8012141729300886 -0.5261820053223781
vn 0 1 0
vn 0.28493568813133074 0.8012141729300886 -0.5261820053223781
vn 0 0.5027638593043147 -0.8644237975538569
vn -0.28493568813133074 0.8012141729300886 -0.5261820053223781
vn -0.28493568813133074 0.8012141729300886 -0.5261820053223781
vn -0.7830979070739184 0.5198222294354748 -0.34138324171110296
vn -0.49874546431305844 0.8667484997547741 0
vn -0.28493568813133074 0.8012141729300886 -0.5261820053223781
vn -0.45403817338167796 0.30139163164454646 -0.8384583600196657
vn -0.7830979070739184 0.5198222294354748 -0.34138324171110296
vn 0 0.5027638593043147 -0.8644237975538569
vn -0.45403817338167796 0.30139163164454646 -0.8384583600196657
vn -0.28493568813133074 0.8012141729300886 -0.5261820053223781
vn -0.45403817338167796 0.30139163164454646 -0.8384583600196657
vn -0.8171670371876282 0 -0.5764009310662098
vn -0.7830979070739184 0.5198222294354748 -0.34138324171110296
vn -0.7830979070739184 0.5198222294354748 -0.34138324171110296
vn -0.7830979070739184 0.5198222294354748 0.34138324171110296
vn -0.49874546431305844 0.8667484997547741 0
vn -0.7830979070739184 0.5198222294354748 -0.34138324171110296
vn -1 0 0
vn -0.7830979070739184 0.5198222294354748 0.34138324171110296
vn -0.8171670371876282 0 -0.5764009310662098
vn -1 0 0
vn -0.7830979070739184 0.5198222294354748 -0.34138324171110296
vn -1 0 0
vn -0.8171670371876282 0 0.5764009310662098
vn -0.7830979070739184 0.5198222294354748 0.34138324171110296
vn 0.28493568813133074 0.8012141729300886 0.5261820053223781
vn 0.7830979070739184 0.5198222294354748 0.34138324171110296
vn 0.49874546431305844 0.8667484997547741 0
vn 0.28493568813133074 0.8012141729300886 0.5261820053223781
vn 0.45403817338167796 0.30139163164454646 0.8384583600196657
vn 0.7830979070739184 0.5198222294354748 0.34138324171110296
vn 0 0.5027638593043147 0.8644237975538569
vn 0.45403817338167796 0.30139163164454646 0.8384583600196657
vn 0.28493568813133074 0.8012141729300886 0.5261820053223781
vn 0.45403817338167796 0.30139163164454646 0.8384583600196657
vn 0.8171670371876282 0 0.5764009310662098
vn 0.7830979070739184 0.5198222294354748 0.34138324171110296
vn -0.45403817338167796 0.30139163164454646 0.8384583600196657
vn 0 0 1
vn 0 0.5027638593043147 0.8644237975538569
vn -0.45403817338167796 0.30139163164454646 0.8384583600196657
vn -0.45403817338167796 -0.30139163164454646 0.8384583600196657
vn 0 0 1
vn -0.8171670371876282 0 0.5764009310662098
vn -0.45403817338167796 -0.30139163164454646 0.8384583600196657
vn -0.45403817338167796 0.30139163164454646 0.8384583600196657
vn -0.45403817338167796 -0.30139163164454646 0.8384583600196657
vn 0 -0.5027638593043147 0.8644237975538569
vn 0 0 1
vn -1 0 0
vn -0.7830979070739184 -0.5198222294354748 0.34138324171110296
vn -0.8171670371876282 0 0.5764009310662098
vn -1 0 0
vn -0.7830979070739184 -0.5198222294354748 -0.34138324171110296
vn -0.7830979070739184 -0.5198222294354748 0.34138324171110296
vn -0.8171670371876282 0 -0.5764009310662098
vn -0.7830979070739184 -0.5198222294354748 -0.34138324171110296
vn -1 0 0
vn -0.7830979070739184 -0.5198222294354748 -0.34138324171110296
vn -0.49874546431305844 -0.8667484997547741 0
vn -0.7830979070739184 -0.5198222294354748 0.34138324171110296
vn -0.45403817338167796 0.30139163164454646 -0.8384583600196657
vn -0.45403817338167796 -0.30139163164454646 -0.8384583600196657
vn -0.8171670371876282 0 -0.5764009310662098
vn -0.45403817338167796 0.30139163164454646 -0.8384583600196657
vn 0 0 -1
vn -0.45403817338167796 -0.30139163164454646 -0.8384583600196657
vn 0 0.5027638593043147 -0.8644237975538569
vn 0 0 -1
vn -0.45403817338167796 0.30139163164454646 -0.8384583600196657
vn 0 0 -1
vn 0 -0.5027638593043147 -0.8644237975538569
vn -0.45403817338167796 -0.30139163164454646 -0.8384583600196657
vn 0.28493568813133074 0.8012141729300886 -0.5261820053223781
vn 0.45403817338167796 0.30139163164454646 -0.8384583600196657
vn 0 0.5027638593043147 -0.8644237975538569
vn 0.28493568813133074 0.8012141729300886 -0.5261820053223781
vn 0.7830979070739184 0.5198222294354748 -0.34138324171110296
vn 0.45403817338167796 0.30139163164454646 -0.8384583600196657
vn 0.49874546431305844 0.8667484997547741 0
vn 0.7830979070739184 0.5198222294354748 -0.34138324171110296
vn 0.28493568813133074 0.8012141729300886 -0.5261820053223781
vn 0.7830979070739184 0.5198222294354748 -0.34138324171110296
vn 0.8171670371876282 0 -0.5764009310662098
vn 0.45403817338167796 0.30139163164454646 -0.8384583600196657
vn 0.7830979070739184 -0.5198222294354748 0.34138324171110296
vn 0.28493568813133074 -0.8012141729300886 0.5261820053223781
vn 0.49874546431305844 -0.8667484997547741 0
vn 0.7830979070739184 -0.5198222294354748 0.34138324171110296
vn 0.45403817338167796 -0.30139163164454646 0.8384583600196657
vn 0.28493568813133074 -0.8012141729300886 0.5261820053223781
vn 0.8171670371876282 0 0.5764009310662098
vn 0.45403817338167796 -0.30139163164454646 0.8384583600196657
vn 0.7830979070739184 -0.5198222294354748 0.34138324171110296
vn 0.45403817338167796 -0.30139163164454646 0.8384583600196657
vn 0 -0.5027638593043147 0.8644237975538569
vn 0.28493568813133074 -0.8012141729300886 0.5261820053223781
vn 0.28493568813133074 -0.8012141729300886 0.5261820053223781
vn 0 -1 0
vn 0.49874546431305844 -0.8667484997547741 0
vn 0.28493568813133074 -0.8012141729300886 0.5261820053223781
vn -0.28493568813133074 -0.8012141729300886 0.5261820053223781
vn 0 -1 0
vn 0 -0.5027638593043147 0.8644237975538569
vn -0.28493568813133074 -0.8012141729300886 0.5261820053223781
vn 0.28493568813133074 -0.8012141729300886 0.5261820053223781
vn -0.28493568813133074 -0.8012141729300886 0.5261820053223781
vn -0.49874546431305844 -0.8667484997547741 0
vn 0 -1 0
vn 0 -1 0
vn 0.28493568813133074 -0.8012141729300886 -0.5261820053223781
vn 0.49874546431305844 -0.8667484997547741 0
vn 0 -1 0
vn -0.28493568813133074 -0.8012141729300886 -0.5261820053223781
vn 0.28493568813133074 -0.8012141729300886 -0.5261820053223781
vn -0.49874546431305844 -0.8667484997547741 0
vn -0.28493568813133074 -0.8012141729300886 -0.5261820053223781
vn 0 -1 0
vn -0.28493568813133074 -0.8012141729300886 -0.5261820053223781
vn 0 -0.5027638593043147 -0.8644237975538569
vn 0.28493568813133074 -0.8012141729300886 -0.5261820053223781
vn 0.28493568813133074 -0.8012141729300886 -0.5261820053223781
vn 0.7830979070739184 -0.5198222294354748 -0.34138324171110296
vn 0.49874546431305844 -0.8667484997547741 0
vn 0.28493568813133074 -0.8012141729300886 -0.5261820053223781
vn 0.45403817338167796 -0.30139163164454646 -0.8384583600196657
vn 0.7830979070739184 -0.5198222294354748 -0.34138324171110296
vn 0 -0.5027638593043147 -0.8644237975538569
vn 0.45403817338167796 -0.30139163164454646 -0.8384583600196657
vn 0.28493568813133074 -0.8012141729300886 -0.5261820053223781
vn 0.45403817338167796 -0.30139163164454646 -0.8384583600196657
vn 0.8171670371876282 0 -0.5764009310662098
vn 0.7830979070739184 -0.5198222294354748 -0.34138324171110296
vn 0.7830979070739184 -0.5198222294354748 -0.34138324171110296
vn 0.7830979070739184 -0.5198222294354748 0.34138324171110296
vn 0.49874546431305844 -0.8667484997547741 0
vn 0.7830979070739184 -0.5198222294354748 -0.34138324171110296
vn 1 0 0
vn 0.7830979070739184 -0.5198222294354748 0.34138324171110296
vn 0.8171670371876282 0 -0.5764009310662098
vn 1 0 0
vn 0.7830979070739184 -0.5198222294354748 -0.34138324171110296
vn 1 0 0
vn 0.8171670371876282 0 0.5764009310662098
vn 0.7830979070739184 -0.5198222294354748 0.34138324171110296
vn 0.45403817338167796 -0.30139163164454646 0.8384583600196657
vn 0 0 1
vn 0 -0.5027638593043147 0.8644237975538569
vn 0.45403817338167796 -0.30139163164454646 0.8384583600196657
vn 0.45403817338167796 0.30139163164454646 0.8384583600196657
vn 0 0 1
vn 0.8171670371876282 0 0.5764009310662098
vn 0.45403817338167796 0.30139163164454646 0.8384583600196657
vn 0.45403817338167796 -0.30139163164454646 0.8384583600196657
vn 0.45403817338167796 0.30139163164454646 0.8384583600196657
vn 0 0.5027638593043147 0.8644237975538569
vn 0 0 1
vn -0.28493568813133074 -0.8012141729300886 0.5261820053223781
vn -0.7830979070739184 -0.5198222294354748 0.34138324171110296
vn -0.49874546431305844 -0.8667484997547741 0
vn -0.28493568813133074 -0.8012141729300886 0.5261820053223781
vn -0.45403817338167796 -0.30139163164454646 0.8384583600196657
vn -0.7830979070739184 -0.5198222294354748 0.34138324171110296
vn 0 -0.5027638593043147 0.8644237975538569
vn -0.45403817338167796 -0.30139163164454646 0.8384583600196657
vn -0.28493568813133074 -0.8012141729300886 0.5261820053223781
vn -0.45403817338167796 -0.30139163164454646 0.8384583600196657
vn -0.8171670371876282 0 0.5764009310662098
vn -0.7830979070739184 -0.5198222294354748 0.34138324171110296
vn -0.28493568813133074 -0.8012141729300886 -0.5261820053223781
vn -0.45403817338167796 -0.30139163164454646 -0.8384583600196657
vn 0 -0.5027638593043147 -0.8644237975538569
vn -0.28493568813133074 -0.8012141729300886 -0.5261820053223781
vn -0.7830979070739184 -0.5198222294354748 -0.34138324171110296
vn -0.45403817338167796 -0.30139163164454646 -0.8384583600196657
vn -0.49874546431305844 -0.8667484997547741 0
vn -0.7830979070739184 -0.5198222294354748 -0.34138324171110296
vn -0.28493568813133074 -0.8012141729300886 -0.5261820053223781
vn -0.7830979070739184 -0.5198222294354748 -0.34138324171110296
vn -0.8171670371876282 0 -0.5764009310662098
vn -0.45403817338167796 -0.30139163164454646 -0.8384583600196657
vn 0.45403817338167796 -0.30139163164454646 -0.8384583600196657
vn 0.45403817338167796 0.30139163164454646 -0.8384583600196657
vn 0.8171670371876282 0 -0.5764009310662098
vn 0.45403817338167796 -0.30139163164454646 -0.8384583600196657
vn 0 0 -1
vn 0.45403817338167796 0.30139163164454646 -0.8384583600196657
vn 0 -0.5027638593043147 -0.8644237975538569
vn 0 0 -1
vn 0.45403817338167796 -0.30139163164454646 -0.8384583600196657
vn 0 0 -1
vn 0 0.5027638593043147 -0.8644237975538569
vn 0.45403817338167796 0.30139163164454646 -0.8384583600196657
vn 1 0 0
vn 0.7830979070739184 0.5198222294354748 0.34138324171110296
vn 0.8171670371876282 0 0.5764009310662098
vn 1 0 0
vn 0.7830979070739184 0.5198222294354748 -0.34138324171110296
vn 0.7830979070739184 0.5198222294354748 0.34138324171110296
vn 0.8171670371876282 0 -0.5764009310662098
vn 0.7830979070739184 0.5198222294354748 -0.34138324171110296
vn 1 0 0
vn 0.7830979070739184 0.5198222294354748 -0.34138324171110296
vn 0.49874546431305844 0.8667484997547741 0
vn 0.7830979070739184 0.5198222294354748 0.34138324171110296
f 341/77/341 342/78/342 343/79/343
f 344/80/344 345/81/345 346/82/346
f 347/83/347 348/84/348 349/85/349
f 350/86/350 351/87/351 352/88/352
f 353/89/353 354/90/354 355/91/355
f 356/92/356 357/93/357 358/94/358
f 359/95/359 360/96/360 361/97/361
f 362/98/362 363/99/363 364/100/364
f 365/101/365 366/102/366 367/103/367
f 368/104/368 369/105/369 370/106/370
f 371/107/371 372/108/372 373/109/373
f 374/110/374 375/111/375 376/112/376
f 377/113/377 378/114/378 379/115/379
f 380/116/380 381/117/381 382/118/382
f 383/119/383 384/120/384 385/121/385
f 386/122/386 387/123/387 388/124/388
f 389/125/389 390/126/390 391/127/391
f 392/128/392 393/129/393 394/130/394
f 395/131/395 396/132/396 397/133/397
f 398/134/398 399/135/399 400/136/400
f 401/137/401 402/138/402 403/139/403
f 404/140/404 405/141/405 406/142/406
f 407/143/407 408/144/408 409/145/409
f 410/146/410 411/147/411 412/148/412
f 413/149/413 414/150/414 415/151/415
f 416/152/416 417/153/417 418/154/418
f 419/155/419 420/156/420 421/157/421
f 422/158/422 423/159/423 424/160/424
f 425/161/425 426/162/426 427/163/427
f 428/164/428 429/165/429 430/166/430
f 431/167/431 432/168/432 433/169/433
f 434/170/434 435/171/435 436/172/436
f 437/173/437 438/174/438 439/175/439
f 440/176/440 441/177/441 442/178/442
f 443/179/443 444/180/444 445/181/445
f 446/182/446 447/183/447 448/184/448
f 449/185/449 450/186/450 451/187/451
f 452/188/452 453/189/453 454/190/454
f 455/191/455 456/192/456 457/193/457
f 458/194/458 459/195/459 460/196/460
f 461/197/461 462/198/462 463/199/463
f 464/200/464 465/201/465 466/202/466
f 467/203/467 468/204/468 469/205/469
f 470/206/470 471/207/471 472/208/472
f 473/209/473 474/210/474 475/211/475
f 476/212/476 477/213/477 478/214/478
f 479/215/479 480/216/480 481/217/481
f 482/218/482 483/219/483 484/220/484
f 485/221/485 486/222/486 487/223/487
f 488/224/488 489/225/489 490/226/490
f 491/227/491 492/228/492 493/229/493
f 494/230/494 495/231/495 496/232/496
f 497/233/497 498/234/498 499/235/499
f 500/236/500 501/237/501 502/238/502
f 503/239/503 504/240/504 505/241/505
f 506/242/506 507/243/507 508/244/508
f 509/245/509 510/246/510 511/247/511
f 512/248/512 513/249/513 514/250/514
f 515/251/515 516/252/516 517/253/517
f 518/254/518 519/255/519 520/256/520
f 521/257/521 522/258/522 523/259/523
f 524/260/524 525/261/525 526/262/526
f 527/263/527 528/264/528 529/265/529
f 530/266/530 531/267/531 532/268/532
f 533/269/533 534/270/534 535/271/535
f 536/272/536 537/273/537 538/274/538
f 539/275/539 540/276/540 541/277/541
f 542/278/542 543/279/543 544/280/544
f 545/281/545 546/282/546 547/283/547
f 548/284/548 549/285/549 550/286/550
f 551/287/551 552/288/552 553/289/553
f 554/290/554 555/291/555 556/292/556
f 557/293/557 558/294/558 559/295/559
f 560/296/560 561/297/561 562/298/562
f 563/299/563 564/300/564 565/301/565
f 566/302/566 567/303/567 568/304/568
f 569/305/569 570/306/570 571/307/571
f 572/308/572 573/309/573 574/310/574
f 575/311/575 576/312/576 577/313/577
f 578/314/578 579/315/579 580/316/580
o bush_top
usemtl leaf
v -0.23727333545684814 2.150728225708008 0.17080706357955933
v 0.11999999731779099 2.3665900230407715 0.30727332830429077
v -0.1008070632815361 2.5 -0.04999999701976776
v 0.11999999731779099 2.3665900230407715 0.30727332830429077
v 0.3408070504665375 2.5 -0.04999999701976776
v -0.1008070632815361 2.5 -0.04999999701976776
v 0.3408070504665375 2.5 -0.04999999701976776
v 0.11999999731779099 2.3665900230407715 -0.4072733223438263
v -0.1008070632815361 2.5 -0.04999999701976776
v 0.11999999731779099 2.3665900230407715 -0.4072733223438263
v -0.23727333545684814 2.150728225708008 -0.27080705761909485
v -0.1008070632815361 2.5 -0.04999999701976776
v -0.23727333545684814 2.150728225708008 -0.27080705761909485
v -0.23727333545684814 2.150728225708008 0.17080706357955933
v -0.1008070632815361 2.5 -0.04999999701976776
v 0.11999999731779099 2.3665900230407715 0.30727332830429077
v 0.4772733449935913 2.150728225708008 0.17080706357955933
v 0.3408070504665375 2.5 -0.04999999701976776
v -0.23727333545684814 2.150728225708008 0.17080706357955933
v 0.11999999731779099 1.9348664283752441 0.30727332830429077
v 0.11999999731779099 2.3665900230407715 0.30727332830429077
v -0.23727333545684814 2.150728225708008 -0.27080705761909485
v -0.1008070632815361 1.8014564514160156 -0.04999999701976776
v -0.23727333545684814 2.150728225708008 0.17080706357955933
v 0.11999999731779099 2.3665900230407715 -0.4072733223438263
v 0.11999999731779099 1.9348664283752441 -0.4072733223438263
v -0.23727333545684814 2.150728225708008 -0.27080705761909485
v 0.3408070504665375 2.5 -0.04999999701976776
v 0.4772733449935913 2.150728225708008 -0.27080705761909485
v 0.11999999731779099 2.3665900230407715 -0.4072733223438263
v 0.4772733449935913 2.150728225708008 0.17080706357955933
v 0.11999999731779099 1.9348664283752441 0.30727332830429077
v 0.3408070504665375 1.8014564514160156 -0.04999999701976776
v 0.11999999731779099 1.9348664283752441 0.30727332830429077
v -0.1008070632815361 1.8014564514160156 -0.04999999701976776
v 0.3408070504665375 1.8014564514160156 -0.04999999701976776
v -0.1008070632815361 1.8014564514160156 -0.04999999701976776
v 0.11999999731779099 1.9348664283752441 -0.4072733223438263
v 0.3408070504665375 1.8014564514160156 -0.04999999701976776
v 0.11999999731779099 1.9348664283752441 -0.4072733223438263
v 0.4772733449935913 2.150728225708008 -0.27080705761909485
v 0.3408070504665375 1.8014564514160156 -0.04999999701976776
v 0.4772733449935913 2.150728225708008 -0.27080705761909485
v 0.4772733449935913 2.150728225708008 0.17080706357955933
v 0.3408070504665375 1.8014564514160156 -0.04999999701976776
v 0.4772733449935913 2.150728225708008 0.17080706357955933
v 0.11999999731779099 2.3665900230407715 0.30727332830429077
v 0.11999999731779099 1.9348664283752441 0.30727332830429077
v 0.11999999731779099 1.9348664283752441 0.30727332830429077
v -0.23727333545684814 2.150728225708008 0.17080706357955933
v -0.1008070632815361 1.8014564514160156 -0.04999999701976776
v -0.1008070632815361 1.8014564514160156 -0.04999999701976776
v -0.23727333545684814 2.150728225708008 -0.27080705761909485
v 0.11999999731779099 1.9348664283752441 -0.4072733223438263
v 0.11999999731779099 1.9348664283752441 -0.4072733223438263
v 0.11999999731779099 2.3665900230407715 -0.4072733223438263
v 0.4772733449935913 2.150728225708008 -0.27080705761909485
v 0.4772733449935913 2.150728225708008 -0.27080705761909485
v 0.3408070504665375 2.5 -0.04999999701976776
v 0.4772733449935913 2.150728225708008 0.17080706357955933
vt 0.5881040692329407 0.5
vt 0.75 0.6762081980705261
vt 0.5 0.8237918019294739
vt 0.75 0.6762081980705261
vt 1 0.8237918019294739
vt 0.5 0.8237918019294739
vt 0 0.8237918019294739
vt 0.25 0.6762081980705261
vt 0.5 0.8237918019294739
vt 0.25 0.6762081980705261
vt 0.41189590096473694 0.5
vt 0.5 0.8237918019294739
vt 0.41189590096473694 0.5
vt 0.5881040692329407 0.5
vt 0.5 0.8237918019294739
vt 0.75 0.6762081980705261
vt 0.9118959307670593 0.5
vt 1 0.8237918019294739
vt 0.5881040692329407 0.5
vt 0.75 0.3237918019294739
vt 0.75 0.6762081980705261
vt 0.41189590096473694 0.5
vt 0.5 0.17620819807052612
vt 0.5881040692329407 0.5
vt 0.25 0.6762081980705261
vt 0.25 0.3237918019294739
vt 0.41189590096473694 0.5
vt 0 0.8237918019294739
vt 0.08810409903526306 0.5
vt 0.25 0.6762081980705261
vt 0.9118959307670593 0.5
vt 0.75 0.3237918019294739
vt 1 0.17620819807052612
vt 0.75 0.3237918019294739
vt 0.5 0.17620819807052612
vt 1 0.17620819807052612
vt 0.5 0.17620819807052612
vt 0.25 0.3237918019294739
vt 0 0.17620819807052612
vt 0.25 0.3237918019294739
vt 0.08810409903526306 0.5
vt 0 0.17620819807052612
vt 1.0881041288375854 0.5
vt 0.9118959307670593 0.5
vt 1 0.17620819807052612
vt 0.9118959307670593 0.5
vt 0.75 0.6762081980705261
vt 0.75 0.3237918019294739
vt 0.75 0.3237918019294739
vt 0.5881040692329407 0.5
vt 0.5 0.17620819807052612
vt 0.5 0.17620819807052612
vt 0.41189590096473694 0.5
vt 0.25 0.3237918019294739
vt 0.25 0.3237918019294739
vt 0.25 0.6762081980705261
vt 0.08810409903526306 0.5
vt 1.0881041288375854 0.5
vt 1 0.8237918019294739
vt 0.9118959307670593 0.5
vn -0.5729418330284207 0.5860676101202614 0.5729418926330647
vn -0.5729418330284207 0.5860676101202614 0.5729418926330647
vn -0.5729418330284207 0.5860676101202614 0.5729418926330647
vn 0 0.9368175377690663 0.3498183827764116
vn 0 0.9368175377690663 0.3498183827764116
vn 0 0.9368175377690663 0.3498183827764116
vn 0 0.9368175377690663 -0.3498183827764116
vn 0 0.9368175377690663 -0.3498183827764116
vn 0 0.9368175377690663 -0.3498183827764116
vn -0.5729418330284207 0.5860676101202614 -0.5729418926330647
vn -0.5729418330284207 0.5860676101202614 -0.5729418926330647
vn -0.5729418330284207 0.5860676101202614 -0.5729418926330647
vn -0.9314284267325775 0.3639245606914645 0
vn -0.9314284267325775 0.3639245606914645 0
vn -0.9314284267325775 0.3639245606914645 0
vn 0.5729418330284207 0.5860676101202614 0.5729418926330647
vn 0.5729418330284207 0.5860676101202614 0.5729418926330647
vn 0.5729418330284207 0.5860676101202614 0.5729418926330647
vn -0.35682211043647993 0 0.9341723510700028
vn -0.35682211043647993 0 0.9341723510700028
vn -0.35682211043647993 0 0.9341723510700028
vn -0.9314284267325775 -0.3639245606914645 0
vn -0.9314284267325775 -0.3639245606914645 0
vn -0.9314284267325775 -0.3639245606914645 0
vn -0.35682211043647993 0 -0.9341723510700028
vn -0.35682211043647993 0 -0.9341723510700028
vn -0.35682211043647993 0 -0.9341723510700028
vn 0.5729418330284207 0.5860676101202614 -0.5729418926330647
vn 0.5729418330284207 0.5860676101202614 -0.5729418926330647
vn 0.5729418330284207 0.5860676101202614 -0.5729418926330647
vn 0.5729418330284207 -0.5860676101202614 0.5729418926330647
vn 0.5729418330284207 -0.5860676101202614 0.5729418926330647
vn 0.5729418330284207 -0.5860676101202614 0.5729418926330647
vn 0 -0.9368175377690663 0.3498183827764116
vn 0 -0.9368175377690663 0.3498183827764116
vn 0 -0.9368175377690663 0.3498183827764116
vn 0 -0.9368175377690663 -0.3498183827764116
vn 0 -0.9368175377690663 -0.3498183827764116
vn 0 -0.9368175377690663 -0.3498183827764116
vn 0.5729418330284207 -0.5860676101202614 -0.5729418926330647
vn 0.5729418330284207 -0.5860676101202614 -0.5729418926330647
vn 0.5729418330284207 -0.5860676101202614 -0.5729418926330647
vn 0.9314284267325775 -0.3639245606914645 0
vn 0.9314284267325775 -0.3639245606914645 0
vn 0.9314284267325775 -0.3639245606914645 0
vn 0.35682211043647993 0 0.9341723510700028
vn 0.35682211043647993 0 0.9341723510700028
vn 0.35682211043647993 0 0.9341723510700028
vn -0.5729418330284207 -0.5860676101202614 0.5729418926330647
vn -0.5729418330284207 -0.5860676101202614 0.5729418926330647
vn -0.5729418330284207 -0.5860676101202614 0.5729418926330647
vn -0.5729418330284207 -0.5860676101202614 -0.5729418926330647
vn -0.5729418330284207 -0.5860676101202614 -0.5729418926330647
vn -0.5729418330284207 -0.5860676101202614 -0.5729418926330647
vn 0.35682211043647993 0 -0.9341723510700028
vn 0.35682211043647993 0 -0.9341723510700028
vn 0.35682211043647993 0 -0.9341723510700028
vn 0.9314284267325775 0.3639245606914645 0
vn 0.9314284267325775 0.3639245606914645 0
vn 0.9314284267325775 0.3639245606914645 0
f 581/317/581 582/318/582 583/319/583
f 584/320/584 585/321/585 586/322/586
f 587/323/587 588/324/588 589/325/589
f 590/326/590 591/327/591 592/328/592
f 593/329/593 594/330/594 595/331/595
f 596/332/596 597/333/597 598/334/598
f 599/335/599 600/336/600 601/337/601
f 602/338/602 603/339/603 604/340/604
f 605/341/605 606/342/606 607/343/607
f 608/344/608 609/345/609 610/346/610
f 611/347/611 612/348/612 613/349/613
f 614/350/614 615/351/615 616/352/616
f 617/353/617 618/354/618 619/355/619
f 620/356/620 621/357/621 622/358/622
f 623/359/623 624/360/624 625/361/625
f 626/362/626 627/363/627 628/364/628
f 629/365/629 630/366/630 631/367/631
f 632/368/632 633/369/633 634/370/634
f 635/371/635 636/372/636 637/373/637
f 638/374/638 639/375/639 640/376/640
o bush_side
usemtl leaf
v -0.7292212843894958 1.2708847522735596 0.338748574256897
v -0.4399999976158142 1.4456300735473633 0.44922125339508057
v -0.6187486052513123 1.5536285638809204 0.1599999964237213
v -0.4399999976158142 1.4456300735473633 0.44922125339508057
v -0.26125141978263855 1.5536285638809204 0.1599999964237213
v -0.6187486052513123 1.5536285638809204 0.1599999964237213
v -0.26125141978263855 1.5536285638809204 0.1599999964237213
v -0.4399999976158142 1.4456300735473633 -0.12922129034996033
v -0.6187486052513123 1.5536285638809204 0.1599999964237213
v -0.4399999976158142 1.4456300735473633 -0.12922129034996033
v -0.7292212843894958 1.2708847522735596 -0.018748577684164047
v -0.6187486052513123 1.5536285638809204 0.1599999964237213
v -0.7292212843894958 1.2708847522735596 -0.018748577684164047
v -0.7292212843894958 1.2708847522735596 0.338748574256897
v -0.6187486052513123 1.5536285638809204 0.1599999964237213
v -0.4399999976158142 1.4456300735473633 0.44922125339508057
v -0.15077871084213257 1.2708847522735596 0.338748574256897
v -0.26125141978263855 1.5536285638809204 0.1599999964237213
v -0.7292212843894958 1.2708847522735596 0.338748574256897
v -0.4399999976158142 1.0961395502090454 0.44922125339508057
v -0.4399999976158142 1.4456300735473633 0.44922125339508057
v -0.7292212843894958 1.2708847522735596 -0.018748577684164047
v -0.6187486052513123 0.9881410002708435 0.1599999964237213
v -0.7292212843894958 1.2708847522735596 0.338748574256897
v -0.4399999976158142 1.4456300735473633 -0.12922129034996033
v -0.4399999976158142 1.0961395502090454 -0.12922129034996033
v -0.7292212843894958 1.2708847522735596 -0.018748577684164047
v -0.26125141978263855 1.5536285638809204 0.1599999964237213
v -0.15077871084213257 1.2708847522735596 -0.018748577684164047
v -0.4399999976158142 1.4456300735473633 -0.12922129034996033
v -0.15077871084213257 1.2708847522735596 0.338748574256897
v -0.4399999976158142 1.0961395502090454 0.44922125339508057
v -0.26125141978263855 0.9881410002708435 0.1599999964237213
v -0.4399999976158142 1.0961395502090454 0.44922125339508057
v -0.6187486052513123 0.9881410002708435 0.1599999964237213
v -0.26125141978263855 0.9881410002708435 0.1599999964237213
v -0.6187486052513123 0.9881410002708435 0.1599999964237213
v -0.4399999976158142 1.0961395502090454 -0.12922129034996033
v -0.26125141978263855 0.9881410002708435 0.1599999964237213
v -0.4399999976158142 1.0961395502090454 -0.12922129034996033
v -0.15077871084213257 1.2708847522735596 -0.018748577684164047
v -0.26125141978263855 0.9881410002708435 0.1599999964237213
v -0.15077871084213257 1.2708847522735596 -0.018748577684164047
v -0.15077871084213257 1.2708847522735596 0.338748574256897
v -0.26125141978263855 0.9881410002708435 0.1599999964237213
v -0.15077871084213257 1.2708847522735596 0.338748574256897
v -0.4399999976158142 1.4456300735473633 0.44922125339508057
v -0.4399999976158142 1.0961395502090454 0.44922125339508057
v -0.4399999976158142 1.0961395502090454 0.44922125339508057
v -0.7292212843894958 1.2708847522735596 0.338748574256897
v -0.6187486052513123 0.9881410002708435 0.1599999964237213
v -0.6187486052513123 0.9881410002708435 0.1599999964237213
v -0.7292212843894958 1.2708847522735596 -0.018748577684164047
v -0.4399999976158142 1.0961395502090454 -0.12922129034996033
v -0.4399999976158142 1.0961395502090454 -0.12922129034996033
v -0.4399999976158142 1.4456300735473633 -0.12922129034996033
v -0.15077871084213257 1.2708847522735596 -0.018748577684164047
v -0.15077871084213257 1.2708847522735596 -0.018748577684164047
v -0.26125141978263855 1.5536285638809204 0.1599999964237213
v -0.15077871084213257 1.2708847522735596 0.338748574256897
vt 0.5881040692329407 0.5
vt 0.75 0.6762081980705261
vt 0.5 0.8237918019294739
vt 0.75 0.6762081980705261
vt 1 0.8237918019294739
vt 0.5 0.8237918019294739
vt 0 0.8237918019294739
vt 0.25 0.6762081980705261
vt 0.5 0.8237918019294739
vt 0.25 0.6762081980705261
vt 0.41189590096473694 0.5
vt 0.5 0.8237918019294739
vt 0.41189590096473694 0.5
vt 0.5881040692329407 0.5
vt 0.5 0.8237918019294739
vt 0.75 0.6762081980705261
vt 0.9118959307670593 0.5
vt 1 0.8237918019294739
vt 0.5881040692329407 0.5
vt 0.75 0.3237918019294739
vt 0.75 0.6762081980705261
vt 0.41189590096473694 0.5
vt 0.5 0.17620819807052612
vt 0.5881040692329407 0.5
vt 0.25 0.6762081980705261
vt 0.25 0.3237918019294739
vt 0.41189590096473694 0.5
vt 0 0.8237918019294739
vt 0.08810409903526306 0.5
vt 0.25 0.6762081980705261
vt 0.9118959307670593 0.5
vt 0.75 0.3237918019294739
vt 1 0.17620819807052612
vt 0.75 0.3237918019294739
vt 0.5 0.17620819807052612
vt 1 0.17620819807052612
vt 0.5 0.17620819807052612
vt 0.25 0.3237918019294739
vt 0 0.17620819807052612
vt 0.25 0.3237918019294739
vt 0.08810409903526306 0.5
vt 0 0.17620819807052612
vt 1.0881041288375854 0.5
vt 0.9118959307670593 0.5
vt 1 0.17620819807052612
vt 0.9118959307670593 0.5
vt 0.75 0.6762081980705261
vt 0.75 0.3237918019294739
vt 0.75 0.3237918019294739
vt 0.5881040692329407 0.5
vt 0.5 0.17620819807052612
vt 0.5 0.17620819807052612
vt 0.41189590096473694 0.5
vt 0.25 0.3237918019294739
vt 0.25 0.3237918019294739
vt 0.25 0.6762081980705261
vt 0.08810409903526306 0.5
vt 1.0881041288375854 0.5
vt 1 0.8237918019294739
vt 0.9118959307670593 0.5
vn -0.5729418330284207 0.5860676101202614 0.5729418926330647
vn -0.5729418330284207 0.5860676101202614 0.5729418926330647
vn -0.5729418330284207 0.5860676101202614 0.5729418926330647
vn 0 0.9368175377690663 0.3498183827764116
vn 0 0.9368175377690663 0.3498183827764116
vn 0 0.9368175377690663 0.3498183827764116
vn 0 0.9368175377690663 -0.3498183827764116
vn 0 0.9368175377690663 -0.3498183827764116
vn 0 0.9368175377690663 -0.3498183827764116
vn -0.5729418330284207 0.5860676101202614 -0.5729418926330647
vn -0.5729418330284207 0.5860676101202614 -0.5729418926330647
vn -0.5729418330284207 0.5860676101202614 -0.5729418926330647
vn -0.9314284267325775 0.3639245606914645 0
vn -0.9314284267325775 0.3639245606914645 0
vn -0.9314284267325775 0.3639245606914645 0
vn 0.5729418330284207 0.5860676101202614 0.5729418926330647
vn 0.5729418330284207 0.5860676101202614 0.5729418926330647
vn 0.5729418330284207 0.5860676101202614 0.5729418926330647
vn -0.35682211043647993 0 0.9341723510700028
vn -0.35682211043647993 0 0.9341723510700028
vn -0.35682211043647993 0 0.9341723510700028
vn -0.9314284267325775 -0.3639245606914645 0
vn -0.9314284267325775 -0.3639245606914645 0
vn -0.9314284267325775 -0.3639245606914645 0
vn -0.35682211043647993 0 -0.9341723510700028
vn -0.35682211043647993 0 -0.9341723510700028
vn -0.35682211043647993 0 -0.9341723510700028
vn 0.5729418330284207 0.5860676101202614 -0.5729418926330647
vn 0.5729418330284207 0.5860676101202614 -0.5729418926330647
vn 0.5729418330284207 0.5860676101202614 -0.5729418926330647
vn 0.5729418330284207 -0.5860676101202614 0.5729418926330647
vn 0.5729418330284207 -0.5860676101202614 0.5729418926330647
vn 0.5729418330284207 -0.5860676101202614 0.5729418926330647
vn 0 -0.9368175377690663 0.3498183827764116
vn 0 -0.9368175377690663 0.3498183827764116
vn 0 -0.9368175377690663 0.3498183827764116
vn 0 -0.9368175377690663 -0.3498183827764116
vn 0 -0.9368175377690663 -0.3498183827764116
vn 0 -0.9368175377690663 -0.3498183827764116
vn 0.5729418330284207 -0.5860676101202614 -0.5729418926330647
vn 0.5729418330284207 -0.5860676101202614 -0.5729418926330647
vn 0.5729418330284207 -0.5860676101202614 -0.5729418926330647
vn 0.9314284267325775 -0.3639245606914645 0
vn 0.9314284267325775 -0.3639245606914645 0
vn 0.9314284267325775 -0.3639245606914645 0
vn 0.35682211043647993 0 0.9341723510700028
vn 0.35682211043647993 0 0.9341723510700028
vn 0.35682211043647993 0 0.9341723510700028
vn -0.5729418330284207 -0.5860676101202614 0.5729418926330647
vn -0.5729418330284207 -0.5860676101202614 0.5729418926330647
vn -0.5729418330284207 -0.5860676101202614 0.5729418926330647
vn -0.5729418330284207 -0.5860676101202614 -0.5729418926330647
vn -0.5729418330284207 -0.5860676101202614 -0.5729418926330647
vn -0.5729418330284207 -0.5860676101202614 -0.5729418926330647
vn 0.35682211043647993 0 -0.9341723510700028
vn 0.35682211043647993 0 -0.9341723510700028
vn 0.35682211043647993 0 -0.9341723510700028
vn 0.9314284267325775 0.3639245606914645 0
vn 0.9314284267325775 0.3639245606914645 0
vn 0.9314284267325775 0.3639245606914645 0
f 641/377/641 642/378/642 643/379/643
f 644/380/644 645/381/645 646/382/646
f 647/383/647 648/384/648 649/385/649
f 650/386/650 651/387/651 652/388/652
f 653/389/653 654/390/654 655/391/655
f 656/392/656 657/393/657 658/394/658
f 659/395/659 660/396/660 661/397/661
f 662/398/662 663/399/663 664/400/664
f 665/401/665 666/402/666 667/403/667
f 668/404/668 669/405/669 670/406/670
f 671/407/671 672/408/672 673/409/673
f 674/410/674 675/411/675 676/412/676
f 677/413/677 678/414/678 679/415/679
f 680/416/680 681/417/681 682/418/682
f 683/419/683 684/420/684 685/421/685
f 686/422/686 687/423/687 688/424/688
f 689/425/689 690/426/690 691/427/691
f 692/428/692 693/429/693 694/430/694
f 695/431/695 696/432/696 697/433/697
f 698/434/698 699/435/699 700/436/700
o flower_0
usemtl gold
v 0.40642839670181274 1.8574470281600952 0.05783041939139366
v 0.5 1.9139822721481323 0.09357158839702606
v 0.44216957688331604 1.948923110961914 0
v 0.5 1.9139822721481323 0.09357158839702606
v 0.5578304529190063 1.948923110961914 0
v 0.44216957688331604 1.948923110961914 0
v 0.5578304529190063 1.948923110961914 0
v 0.5 1.9139822721481323 -0.09357158839702606
v 0.44216957688331604 1.948923110961914 0
v 0.5 1.9139822721481323 -0.09357158839702606
v 0.40642839670181274 1.8574470281600952 -0.05783041939139366
v 0.44216957688331604 1.948923110961914 0
v 0.40642839670181274 1.8574470281600952 -0.05783041939139366
v 0.40642839670181274 1.8574470281600952 0.05783041939139366
v 0.44216957688331604 1.948923110961914 0
v 0.5 1.9139822721481323 0.09357158839702606
v 0.5935716032981873 1.8574470281600952 0.05783041939139366
v 0.5578304529190063 1.948923110961914 0
v 0.40642839670181274 1.8574470281600952 0.05783041939139366
v 0.5 1.800911784172058 0.09357158839702606
v 0.5 1.9139822721481323 0.09357158839702606
v 0.40642839670181274 1.8574470281600952 -0.05783041939139366
v 0.44216957688331604 1.7659711837768555 0
v 0.40642839670181274 1.8574470281600952 0.05783041939139366
v 0.5 1.9139822721481323 -0.09357158839702606
v 0.5 1.800911784172058 -0.09357158839702606
v 0.40642839670181274 1.8574470281600952 -0.05783041939139366
v 0.5578304529190063 1.948923110961914 0
v 0.5935716032981873 1.8574470281600952 -0.05783041939139366
v 0.5 1.9139822721481323 -0.09357158839702606
v 0.5935716032981873 1.8574470281600952 0.05783041939139366
v 0.5 1.800911784172058 0.09357158839702606
v 0.5578304529190063 1.7659711837768555 0
v 0.5 1.800911784172058 0.09357158839702606
v 0.44216957688331604 1.7659711837768555 0
v 0.5578304529190063 1.7659711837768555 0
v 0.44216957688331604 1.7659711837768555 0
v 0.5 1.800911784172058 -0.09357158839702606
v 0.5578304529190063 1.7659711837768555 0
v 0.5 1.800911784172058 -0.09357158839702606
v 0.5935716032981873 1.8574470281600952 -0.05783041939139366
v 0.5578304529190063 1.7659711837768555 0
v 0.5935716032981873 1.8574470281600952 -0.05783041939139366
v 0.5935716032981873 1.8574470281600952 0.05783041939139366
v 0.5578304529190063 1.7659711837768555 0
v 0.5935716032981873 1.8574470281600952 0.05783041939139366
v 0.5 1.9139822721481323 0.09357158839702606
v 0.5 1.800911784172058 0.09357158839702606
v 0.5 1.800911784172058 0.09357158839702606
v 0.40642839670181274 1.8574470281600952 0.05783041939139366
v 0.44216957688331604 1.7659711837768555 0
v 0.44216957688331604 1.7659711837768555 0
v 0.40642839670181274 1.8574470281600952 -0.05783041939139366
v 0.5 1.800911784172058 -0.09357158839702606
v 0.5 1.800911784172058 -0.09357158839702606
v 0.5 1.9139822721481323 -0.09357158839702606
v 0.5935716032981873 1.8574470281600952 -0.05783041939139366
v 0.5935716032981873 1.8574470281600952 -0.05783041939139366
v 0.5578304529190063 1.948923110961914 0
v 0.5935716032981873 1.8574470281600952 0.05783041939139366
vt 0.5881040692329407 0.5
vt 0.75 0.6762081980705261
vt 0.5 0.8237918019294739
vt 0.75 0.6762081980705261
vt 1 0.8237918019294739
vt 0.5 0.8237918019294739
vt 0 0.8237918019294739
vt 0.25 0.6762081980705261
vt 0.5 0.8237918019294739
vt 0.25 0.6762081980705261
vt 0.41189590096473694 0.5
vt 0.5 0.8237918019294739
vt 0.41189590096473694 0.5
vt 0.5881040692329407 0.5
vt 0.5 0.8237918019294739
vt 0.75 0.6762081980705261
vt 0.9118959307670593 0.5
vt 1 0.8237918019294739
vt 0.5881040692329407 0.5
vt 0.75 0.3237918019294739
vt 0.75 0.6762081980705261
vt 0.41189590096473694 0.5
vt 0.5 0.17620819807052612
vt 0.5881040692329407 0.5
vt 0.25 0.6762081980705261
vt 0.25 0.3237918019294739
vt 0.41189590096473694 0.5
vt 0 0.8237918019294739
vt 0.08810409903526306 0.5
vt 0.25 0.6762081980705261
vt 0.9118959307670593 0.5
vt 0.75 0.3237918019294739
vt 1 0.17620819807052612
vt 0.75 0.3237918019294739
vt 0.5 0.17620819807052612
vt 1 0.17620819807052612
vt 0.5 0.17620819807052612
vt 0.25 0.3237918019294739
vt 0 0.17620819807052612
vt 0.25 0.3237918019294739
vt 0.08810409903526306 0.5
vt 0 0.17620819807052612
vt 1.0881041288375854 0.5
vt 0.9118959307670593 0.5
vt 1 0.17620819807052612
vt 0.9118959307670593 0.5
vt 0.75 0.6762081980705261
vt 0.75 0.3237918019294739
vt 0.75 0.3237918019294739
vt 0.5881040692329407 0.5
vt 0.5 0.17620819807052612
vt 0.5 0.17620819807052612
vt 0.41189590096473694 0.5
vt 0.25 0.3237918019294739
vt 0.25 0.3237918019294739
vt 0.25 0.6762081980705261
vt 0.08810409903526306 0.5
vt 1.0881041288375854 0.5
vt 1 0.8237918019294739
vt 0.9118959307670593 0.5
vn -0.5729418330284207 0.5860676101202614 0.5729418926330647
vn -0.5729418330284207 0.5860676101202614 0.5729418926330647
vn -0.5729418330284207 0.5860676101202614 0.5729418926330647
vn 0 0.9368175377690663 0.3498183827764116
vn 0 0.9368175377690663 0.3498183827764116
vn 0 0.9368175377690663 0.3498183827764116
vn 0 0.9368175377690663 -0.3498183827764116
vn 0 0.9368175377690663 -0.3498183827764116
vn 0 0.9368175377690663 -0.3498183827764116
vn -0.5729418330284207 0.5860676101202614 -0.5729418926330647
vn -0.5729418330284207 0.5860676101202614 -0.5729418926330647
vn -0.5729418330284207 0.5860676101202614 -0.5729418926330647
vn -0.9314284267325775 0.3639245606914645 0
vn -0.9314284267325775 0.3639245606914645 0
vn -0.9314284267325775 0.3639245606914645 0
vn 0.5729418330284207 0.5860676101202614 0.5729418926330647
vn 0.5729418330284207 0.5860676101202614 0.5729418926330647
vn 0.5729418330284207 0.5860676101202614 0.5729418926330647
vn -0.35682211043647993 0 0.9341723510700028
vn -0.35682211043647993 0 0.9341723510700028
vn -0.35682211043647993 0 0.9341723510700028
vn -0.9314284267325775 -0.3639245606914645 0
vn -0.9314284267325775 -0.3639245606914645 0
vn -0.9314284267325775 -0.3639245606914645 0
vn -0.35682211043647993 0 -0.9341723510700028
vn -0.35682211043647993 0 -0.9341723510700028
vn -0.35682211043647993 0 -0.9341723510700028
vn 0.5729418330284207 0.5860676101202614 -0.5729418926330647
vn 0.5729418330284207 0.5860676101202614 -0.5729418926330647
vn 0.5729418330284207 0.5860676101202614 -0.5729418926330647
vn 0.5729418330284207 -0.5860676101202614 0.5729418926330647
vn 0.5729418330284207 -0.5860676101202614 0.5729418926330647
vn 0.5729418330284207 -0.5860676101202614 0.5729418926330647
vn 0 -0.9368175377690663 0.3498183827764116
vn 0 -0.9368175377690663 0.3498183827764116
vn 0 -0.9368175377690663 0.3498183827764116
vn 0 -0.9368175377690663 -0.3498183827764116
vn 0 -0.9368175377690663 -0.3498183827764116
vn 0 -0.9368175377690663 -0.3498183827764116
vn 0.5729418330284207 -0.5860676101202614 -0.5729418926330647
vn 0.5729418330284207 -0.5860676101202614 -0.5729418926330647
vn 0.5729418330284207 -0.5860676101202614 -0.5729418926330647
vn 0.9314284267325775 -0.3639245606914645 0
vn 0.9314284267325775 -0.3639245606914645 0
vn 0.9314284267325775 -0.3639245606914645 0
vn 0.35682211043647993 0 0.9341723510700028
vn 0.35682211043647993 0 0.9341723510700028
vn 0.35682211043647993 0 0.9341723510700028
vn -0.5729418330284207 -0.5860676101202614 0.5729418926330647
vn -0.5729418330284207 -0.5860676101202614 0.5729418926330647
vn -0.5729418330284207 -0.5860676101202614 0.5729418926330647
vn -0.5729418330284207 -0.5860676101202614 -0.5729418926330647
vn -0.5729418330284207 -0.5860676101202614 -0.5729418926330647
vn -0.5729418330284207 -0.5860676101202614 -0.5729418926330647
vn 0.35682211043647993 0 -0.9341723510700028
vn 0.35682211043647993 0 -0.9341723510700028
vn 0.35682211043647993 0 -0.9341723510700028
vn 0.9314284267325775 0.3639245606914645 0
vn 0.9314284267325775 0.3639245606914645 0
vn 0.9314284267325775 0.3639245606914645 0
f 701/437/701 702/438/702 703/439/703
f 704/440/704 705/441/705 706/442/706
f 707/443/707 708/444/708 709/445/709
f 710/446/710 711/447/711 712/448/712
f 713/449/713 714/450/714 715/451/715
f 716/452/716 717/453/717 718/454/718
f 719/455/719 720/456/720 721/457/721
f 722/458/722 723/459/723 724/460/724
f 725/461/725 726/462/726 727/463/727
f 728/464/728 729/465/729 730/466/730
f 731/467/731 732/468/732 733/469/733
f 734/470/734 735/471/735 736/472/736
f 737/473/737 738/474/738 739/475/739
f 740/476/740 741/477/741 742/478/742
f 743/479/743 744/480/744 745/481/745
f 746/482/746 747/483/747 748/484/748
f 749/485/749 750/486/750 751/487/751
f 752/488/752 753/489/753 754/490/754
f 755/491/755 756/492/756 757/493/757
f 758/494/758 759/495/759 760/496/760
o flower_1
usemtl gold
v -0.34599465131759644 2.068416118621826 0.3858499526977539
v -0.2524230480194092 2.1249516010284424 0.4215911030769348
v -0.31025347113609314 2.1598920822143555 0.32801955938339233
v -0.2524230480194092 2.1249516010284424 0.4215911030769348
v -0.19459262490272522 2.1598920822143555 0.32801955938339233
v -0.31025347113609314 2.1598920822143555 0.32801955938339233
v -0.19459262490272522 2.1598920822143555 0.32801955938339233
v -0.2524230480194092 2.1249516010284424 0.23444795608520508
v -0.31025347113609314 2.1598920822143555 0.32801955938339233
v -0.2524230480194092 2.1249516010284424 0.23444795608520508
v -0.34599465131759644 2.068416118621826 0.2701891362667084
v -0.31025347113609314 2.1598920822143555 0.32801955938339233
v -0.34599465131759644 2.068416118621826 0.2701891362667084
v -0.34599465131759644 2.068416118621826 0.3858499526977539
v -0.31025347113609314 2.1598920822143555 0.32801955938339233
v -0.2524230480194092 2.1249516010284424 0.4215911030769348
v -0.15885145962238312 2.068416118621826 0.3858499526977539
v -0.19459262490272522 2.1598920822143555 0.32801955938339233
v -0.34599465131759644 2.068416118621826 0.3858499526977539
v -0.2524230480194092 2.011881113052368 0.4215911030769348
v -0.2524230480194092 2.1249516010284424 0.4215911030769348
v -0.34599465131759644 2.068416118621826 0.2701891362667084
v -0.31025347113609314 1.976940393447876 0.32801955938339233
v -0.34599465131759644 2.068416118621826 0.3858499526977539
v -0.2524230480194092 2.1249516010284424 0.23444795608520508
v -0.2524230480194092 2.011881113052368 0.23444795608520508
v -0.34599465131759644 2.068416118621826 0.2701891362667084
v -0.19459262490272522 2.1598920822143555 0.32801955938339233
v -0.15885145962238312 2.068416118621826 0.2701891362667084
v -0.2524230480194092 2.1249516010284424 0.23444795608520508
v -0.15885145962238312 2.068416118621826 0.3858499526977539
v -0.2524230480194092 2.011881113052368 0.4215911030769348
v -0.19459262490272522 1.976940393447876 0.32801955938339233
v -0.2524230480194092 2.011881113052368 0.4215911030769348
v -0.31025347113609314 1.976940393447876 0.32801955938339233
v -0.19459262490272522 1.976940393447876 0.32801955938339233
v -0.31025347113609314 1.976940393447876 0.32801955938339233
v -0.2524230480194092 2.011881113052368 0.23444795608520508
v -0.19459262490272522 1.976940393447876 0.32801955938339233
v -0.2524230480194092 2.011881113052368 0.23444795608520508
v -0.15885145962238312 2.068416118621826 0.2701891362667084
v -0.19459262490272522 1.976940393447876 0.32801955938339233
v -0.15885145962238312 2.068416118621826 0.2701891362667084
v -0.15885145962238312 2.068416118621826 0.3858499526977539
v -0.19459262490272522 1.976940393447876 0.32801955938339233
v -0.15885145962238312 2.068416118621826 0.3858499526977539
v -0.2524230480194092 2.1249516010284424 0.4215911030769348
v -0.2524230480194092 2.011881113052368 0.4215911030769348
v -0.2524230480194092 2.011881113052368 0.4215911030769348
v -0.34599465131759644 2.068416118621826 0.3858499526977539
v -0.31025347113609314 1.976940393447876 0.32801955938339233
v -0.31025347113609314 1.976940393447876 0.32801955938339233
v -0.34599465131759644 2.068416118621826 0.2701891362667084
v -0.2524230480194092 2.011881113052368 0.23444795608520508
v -0.2524230480194092 2.011881113052368 0.23444795608520508
v -0.2524230480194092 2.1249516010284424 0.23444795608520508
v -0.15885145962238312 2.068416118621826 0.2701891362667084
v -0.15885145962238312 2.068416118621826 0.2701891362667084
v -0.19459262490272522 2.1598920822143555 0.32801955938339233
v -0.15885145962238312 2.068416118621826 0.3858499526977539
vt 0.5881040692329407 0.5
vt 0.75 0.6762081980705261
vt 0.5 0.8237918019294739
vt 0.75 0.6762081980705261
vt 1 0.8237918019294739
vt 0.5 0.8237918019294739
vt 0 0.8237918019294739
vt 0.25 0.6762081980705261
vt 0.5 0.8237918019294739
vt 0.25 0.6762081980705261
vt 0.41189590096473694 0.5
vt 0.5 0.8237918019294739
vt 0.41189590096473694 0.5
vt 0.5881040692329407 0.5
vt 0.5 0.8237918019294739
vt 0.75 0.6762081980705261
vt 0.9118959307670593 0.5
vt 1 0.8237918019294739
vt 0.5881040692329407 0.5
vt 0.75 0.3237918019294739
vt 0.75 0.6762081980705261
vt 0.41189590096473694 0.5
vt 0.5 0.17620819807052612
vt 0.5881040692329407 0.5
vt 0.25 0.6762081980705261
vt 0.25 0.3237918019294739
vt 0.41189590096473694 0.5
vt 0 0.8237918019294739
vt 0.08810409903526306 0.5
vt 0.25 0.6762081980705261
vt 0.9118959307670593 0.5
vt 0.75 0.3237918019294739
vt 1 0.17620819807052612
vt 0.75 0.3237918019294739
vt 0.5 0.17620819807052612
vt 1 0.17620819807052612
vt 0.5 0.17620819807052612
vt 0.25 0.3237918019294739
vt 0 0.17620819807052612
vt 0.25 0.3237918019294739
vt 0.08810409903526306 0.5
vt 0 0.17620819807052612
vt 1.0881041288375854 0.5
vt 0.9118959307670593 0.5
vt 1 0.17620819807052612
vt 0.9118959307670593 0.5
vt 0.75 0.6762081980705261
vt 0.75 0.3237918019294739
vt 0.75 0.3237918019294739
vt 0.5881040692329407 0.5
vt 0.5 0.17620819807052612
vt 0.5 0.17620819807052612
vt 0.41189590096473694 0.5
vt 0.25 0.3237918019294739
vt 0.25 0.3237918019294739
vt 0.25 0.6762081980705261
vt 0.08810409903526306 0.5
vt 1.0881041288375854 0.5
vt 1 0.8237918019294739
vt 0.9118959307670593 0.5
vn -0.5729418330284207 0.5860676101202614 0.5729418926330647
vn -0.5729418330284207 0.5860676101202614 0.5729418926330647
vn -0.5729418330284207 0.5860676101202614 0.5729418926330647
vn 0 0.9368175377690663 0.3498183827764116
vn 0 0.9368175377690663 0.3498183827764116
vn 0 0.9368175377690663 0.3498183827764116
vn 0 0.9368175377690663 -0.3498183827764116
vn 0 0.9368175377690663 -0.3498183827764116
vn 0 0.9368175377690663 -0.3498183827764116
vn -0.5729418330284207 0.5860676101202614 -0.5729418926330647
vn -0.5729418330284207 0.5860676101202614 -0.5729418926330647
vn -0.5729418330284207 0.5860676101202614 -0.5729418926330647
vn -0.9314284267325775 0.3639245606914645 0
vn -0.9314284267325775 0.3639245606914645 0
vn -0.9314284267325775 0.3639245606914645 0
vn 0.5729418330284207 0.5860676101202614 0.5729418926330647
vn 0.5729418330284207 0.5860676101202614 0.5729418926330647
vn 0.5729418330284207 0.5860676101202614 0.5729418926330647
vn -0.35682211043647993 0 0.9341723510700028
vn -0.35682211043647993 0 0.9341723510700028
vn -0.35682211043647993 0 0.9341723510700028
vn -0.9314284267325775 -0.3639245606914645 0
vn -0.9314284267325775 -0.3639245606914645 0
vn -0.9314284267325775 -0.3639245606914645 0
vn -0.35682211043647993 0 -0.9341723510700028
vn -0.35682211043647993 0 -0.9341723510700028
vn -0.35682211043647993 0 -0.9341723510700028
vn 0.5729418330284207 0.5860676101202614 -0.5729418926330647
vn 0.5729418330284207 0.5860676101202614 -0.5729418926330647
vn 0.5729418330284207 0.5860676101202614 -0.5729418926330647
vn 0.5729418330284207 -0.5860676101202614 0.5729418926330647
vn 0.5729418330284207 -0.5860676101202614 0.5729418926330647
vn 0.5729418330284207 -0.5860676101202614 0.5729418926330647
vn 0 -0.9368175377690663 0.3498183827764116
vn 0 -0.9368175377690663 0.3498183827764116
vn 0 -0.9368175377690663 0.3498183827764116
vn 0 -0.9368175377690663 -0.3498183827764116
vn 0 -0.9368175377690663 -0.3498183827764116
vn 0 -0.9368175377690663 -0.3498183827764116
vn 0.5729418330284207 -0.5860676101202614 -0.5729418926330647
vn 0.5729418330284207 -0.5860676101202614 -0.5729418926330647
vn 0.5729418330284207 -0.5860676101202614 -0.5729418926330647
vn 0.9314284267325775 -0.3639245606914645 0
vn 0.9314284267325775 -0.3639245606914645 0
vn 0.9314284267325775 -0.3639245606914645 0
vn 0.35682211043647993 0 0.9341723510700028
vn 0.35682211043647993 0 0.9341723510700028
vn 0.35682211043647993 0 0.9341723510700028
vn -0.5729418330284207 -0.5860676101202614 0.5729418926330647
vn -0.5729418330284207 -0.5860676101202614 0.5729418926330647
vn -0.5729418330284207 -0.5860676101202614 0.5729418926330647
vn -0.5729418330284207 -0.5860676101202614 -0.5729418926330647
vn -0.5729418330284207 -0.5860676101202614 -0.5729418926330647
vn -0.5729418330284207 -0.5860676101202614 -0.5729418926330647
vn 0.35682211043647993 0 -0.9341723510700028
vn 0.35682211043647993 0 -0.9341723510700028
vn 0.35682211043647993 0 -0.9341723510700028
vn 0.9314284267325775 0.3639245606914645 0
vn 0.9314284267325775 0.3639245606914645 0
vn 0.9314284267325775 0.3639245606914645 0
f 761/497/761 762/498/762 763/499/763
f 764/500/764 765/501/765 766/502/766
f 767/503/767 768/504/768 769/505/769
f 770/506/770 771/507/771 772/508/772
f 773/509/773 774/510/774 775/511/775
f 776/512/776 777/513/777 778/514/778
f 779/515/779 780/516/780 781/517/781
f 782/518/782 783/519/783 784/520/784
f 785/521/785 786/522/786 787/523/787
f 788/524/788 789/525/789 790/526/790
f 791/527/791 792/528/792 793/529/793
f 794/530/794 795/531/795 796/532/796
f 797/533/797 798/534/798 799/535/799
f 800/536/800 801/537/801 802/538/802
f 803/539/803 804/540/804 805/541/805
f 806/542/806 807/543/807 808/544/808
f 809/545/809 810/546/810 811/547/811
f 812/548/812 813/549/813 814/550/814
f 815/551/815 816/552/816 817/553/817
f 818/554/818 819/555/819 820/556/820
o flower_2
usemtl gold
v -0.338701993227005 1.6444331407546997 -0.27336835861206055
v -0.24513040482997894 1.7009683847427368 -0.23762719333171844
v -0.3029608428478241 1.735909104347229 -0.3311987817287445
v -0.24513040482997894 1.7009683847427368 -0.23762719333171844
v -0.18729998171329498 1.735909104347229 -0.3311987817287445
v -0.3029608428478241 1.735909104347229 -0.3311987817287445
v -0.18729998171329498 1.735909104347229 -0.3311987817287445
v -0.24513040482997894 1.7009683847427368 -0.4247703552246094
v -0.3029608428478241 1.735909104347229 -0.3311987817287445
v -0.24513040482997894 1.7009683847427368 -0.4247703552246094
v -0.338701993227005 1.6444331407546997 -0.3890291750431061
v -0.3029608428478241 1.735909104347229 -0.3311987817287445
v -0.338701993227005 1.6444331407546997 -0.3890291750431061
v -0.338701993227005 1.6444331407546997 -0.27336835861206055
v -0.3029608428478241 1.735909104347229 -0.3311987817287445
v -0.24513040482997894 1.7009683847427368 -0.23762719333171844
v -0.15155881643295288 1.6444331407546997 -0.27336835861206055
v -0.18729998171329498 1.735909104347229 -0.3311987817287445
v -0.338701993227005 1.6444331407546997 -0.27336835861206055
v -0.24513040482997894 1.5878980159759521 -0.23762719333171844
v -0.24513040482997894 1.7009683847427368 -0.23762719333171844
v -0.338701993227005 1.6444331407546997 -0.3890291750431061
v -0.3029608428478241 1.5529571771621704 -0.3311987817287445
v -0.338701993227005 1.6444331407546997 -0.27336835861206055
v -0.24513040482997894 1.7009683847427368 -0.4247703552246094
v -0.24513040482997894 1.5878980159759521 -0.4247703552246094
v -0.338701993227005 1.6444331407546997 -0.3890291750431061
v -0.18729998171329498 1.735909104347229 -0.3311987817287445
v -0.15155881643295288 1.6444331407546997 -0.3890291750431061
v -0.24513040482997894 1.7009683847427368 -0.4247703552246094
v -0.15155881643295288 1.6444331407546997 -0.27336835861206055
v -0.24513040482997894 1.5878980159759521 -0.23762719333171844
v -0.18729998171329498 1.5529571771621704 -0.3311987817287445
v -0.24513040482997894 1.5878980159759521 -0.23762719333171844
v -0.3029608428478241 1.5529571771621704 -0.3311987817287445
v -0.18729998171329498 1.5529571771621704 -0.3311987817287445
v -0.3029608428478241 1.5529571771621704 -0.3311987817287445
v -0.24513040482997894 1.5878980159759521 -0.4247703552246094
v -0.18729998171329498 1.5529571771621704 -0.3311987817287445
v -0.24513040482997894 1.5878980159759521 -0.4247703552246094
v -0.15155881643295288 1.6444331407546997 -0.3890291750431061
v -0.18729998171329498 1.5529571771621704 -0.3311987817287445
v -0.15155881643295288 1.6444331407546997 -0.3890291750431061
v -0.15155881643295288 1.6444331407546997 -0.27336835861206055
v -0.18729998171329498 1.5529571771621704 -0.3311987817287445
v -0.15155881643295288 1.6444331407546997 -0.27336835861206055
v -0.24513040482997894 1.7009683847427368 -0.23762719333171844
v -0.24513040482997894 1.5878980159759521 -0.23762719333171844
v -0.24513040482997894 1.5878980159759521 -0.23762719333171844
v -0.338701993227005 1.6444331407546997 -0.27336835861206055
v -0.3029608428478241 1.5529571771621704 -0.3311987817287445
v -0.3029608428478241 1.5529571771621704 -0.3311987817287445
v -0.338701993227005 1.6444331407546997 -0.3890291750431061
v -0.24513040482997894 1.5878980159759521 -0.4247703552246094
v -0.24513040482997894 1.5878980159759521 -0.4247703552246094
v -0.24513040482997894 1.7009683847427368 -0.4247703552246094
v -0.15155881643295288 1.6444331407546997 -0.3890291750431061
v -0.15155881643295288 1.6444331407546997 -0.3890291750431061
v -0.18729998171329498 1.735909104347229 -0.3311987817287445
v -0.15155881643295288 1.6444331407546997 -0.27336835861206055
vt 0.5881040692329407 0.5
vt 0.75 0.6762081980705261
vt 0.5 0.8237918019294739
vt 0.75 0.6762081980705261
vt 1 0.8237918019294739
vt 0.5 0.8237918019294739
vt 0 0.8237918019294739
vt 0.25 0.6762081980705261
vt 0.5 0.8237918019294739
vt 0.25 0.6762081980705261
vt 0.41189590096473694 0.5
vt 0.5 0.8237918019294739
vt 0.41189590096473694 0.5
vt 0.5881040692329407 0.5
vt 0.5 0.8237918019294739
vt 0.75 0.6762081980705261
vt 0.9118959307670593 0.5
vt 1 0.8237918019294739
vt 0.5881040692329407 0.5
vt 0.75 0.3237918019294739
vt 0.75 0.6762081980705261
vt 0.41189590096473694 0.5
vt 0.5 0.17620819807052612
vt 0.5881040692329407 0.5
vt 0.25 0.6762081980705261
vt 0.25 0.3237918019294739
vt 0.41189590096473694 0.5
vt 0 0.8237918019294739
vt 0.08810409903526306 0.5
vt 0.25 0.6762081980705261
vt 0.9118959307670593 0.5
vt 0.75 0.3237918019294739
vt 1 0.17620819807052612
vt 0.75 0.3237918019294739
vt 0.5 0.17620819807052612
vt 1 0.17620819807052612
vt 0.5 0.17620819807052612
vt 0.25 0.3237918019294739
vt 0 0.17620819807052612
vt 0.25 0.3237918019294739
vt 0.08810409903526306 0.5
vt 0 0.17620819807052612
vt 1.0881041288375854 0.5
vt 0.9118959307670593 0.5
vt 1 0.17620819807052612
vt 0.9118959307670593 0.5
vt 0.75 0.6762081980705261
vt 0.75 0.3237918019294739
vt 0.75 0.3237918019294739
vt 0.5881040692329407 0.5
vt 0.5 0.17620819807052612
vt 0.5 0.17620819807052612
vt 0.41189590096473694 0.5
vt 0.25 0.3237918019294739
vt 0.25 0.3237918019294739
vt 0.25 0.6762081980705261
vt 0.08810409903526306 0.5
vt 1.0881041288375854 0.5
vt 1 0.8237918019294739
vt 0.9118959307670593 0.5
vn -0.5729418330284207 0.5860676101202614 0.5729418926330647
vn -0.5729418330284207 0.5860676101202614 0.5729418926330647
vn -0.5729418330284207 0.5860676101202614 0.5729418926330647
vn 0 0.9368175377690663 0.3498183827764116
vn 0 0.9368175377690663 0.3498183827764116
vn 0 0.9368175377690663 0.3498183827764116
vn 0 0.9368175377690663 -0.3498183827764116
vn 0 0.9368175377690663 -0.3498183827764116
vn 0 0.9368175377690663 -0.3498183827764116
vn -0.5729418330284207 0.5860676101202614 -0.5729418926330647
vn -0.5729418330284207 0.5860676101202614 -0.5729418926330647
vn -0.5729418330284207 0.5860676101202614 -0.5729418926330647
vn -0.9314284267325775 0.3639245606914645 0
vn -0.9314284267325775 0.3639245606914645 0
vn -0.9314284267325775 0.3639245606914645 0
vn 0.5729418330284207 0.5860676101202614 0.5729418926330647
vn 0.5729418330284207 0.5860676101202614 0.5729418926330647
vn 0.5729418330284207 0.5860676101202614 0.5729418926330647
vn -0.35682211043647993 0 0.9341723510700028
vn -0.35682211043647993 0 0.9341723510700028
vn -0.35682211043647993 0 0.9341723510700028
vn -0.9314284267325775 -0.3639245606914645 0
vn -0.9314284267325775 -0.3639245606914645 0
vn -0.9314284267325775 -0.3639245606914645 0
vn -0.35682211043647993 0 -0.9341723510700028
vn -0.35682211043647993 0 -0.9341723510700028
vn -0.35682211043647993 0 -0.9341723510700028
vn 0.5729418330284207 0.5860676101202614 -0.5729418926330647
vn 0.5729418330284207 0.5860676101202614 -0.5729418926330647
vn 0.5729418330284207 0.5860676101202614 -0.5729418926330647
vn 0.5729418330284207 -0.5860676101202614 0.5729418926330647
vn 0.5729418330284207 -0.5860676101202614 0.5729418926330647
vn 0.5729418330284207 -0.5860676101202614 0.5729418926330647
vn 0 -0.9368175377690663 0.3498183827764116
vn 0 -0.9368175377690663 0.3498183827764116
vn 0 -0.9368175377690663 0.3498183827764116
vn 0 -0.9368175377690663 -0.3498183827764116
vn 0 -0.9368175377690663 -0.3498183827764116
vn 0 -0.9368175377690663 -0.3498183827764116
vn 0.5729418330284207 -0.5860676101202614 -0.5729418926330647
vn 0.5729418330284207 -0.5860676101202614 -0.5729418926330647
vn 0.5729418330284207 -0.5860676101202614 -0.5729418926330647
vn 0.9314284267325775 -0.3639245606914645 0
vn 0.9314284267325775 -0.3639245606914645 0
vn 0.9314284267325775 -0.3639245606914645 0
vn 0.35682211043647993 0 0.9341723510700028
vn 0.35682211043647993 0 0.9341723510700028
vn 0.35682211043647993 0 0.9341723510700028
vn -0.5729418330284207 -0.5860676101202614 0.5729418926330647
vn -0.5729418330284207 -0.5860676101202614 0.5729418926330647
vn -0.5729418330284207 -0.5860676101202614 0.5729418926330647
vn -0.5729418330284207 -0.5860676101202614 -0.5729418926330647
vn -0.5729418330284207 -0.5860676101202614 -0.5729418926330647
vn -0.5729418330284207 -0.5860676101202614 -0.5729418926330647
vn 0.35682211043647993 0 -0.9341723510700028
vn 0.35682211043647993 0 -0.9341723510700028
vn 0.35682211043647993 0 -0.9341723510700028
vn 0.9314284267325775 0.3639245606914645 0
vn 0.9314284267325775 0.3639245606914645 0
vn 0.9314284267325775 0.3639245606914645 0
f 821/557/821 822/558/822 823/559/823
f 824/560/824 825/561/825 826/562/826
f 827/563/827 828/564/828 829/565/829
f 830/566/830 831/567/831 832/568/832
f 833/569/833 834/570/834 835/571/835
f 836/572/836 837/573/837 838/574/838
f 839/575/839 840/576/840 841/577/841
f 842/578/842 843/579/843 844/580/844
f 845/581/845 846/582/846 847/583/847
f 848/584/848 849/585/849 850/586/850
f 851/587/851 852/588/852 853/589/853
f 854/590/854 855/591/855 856/592/856
f 857/593/857 858/594/858 859/595/859
f 860/596/860 861/597/861 862/598/862
f 863/599/863 864/600/864 865/601/865
f 866/602/866 867/603/867 868/604/868
f 869/605/869 870/606/870 871/607/871
f 872/608/872 873/609/873 874/610/874
f 875/611/875 876/612/876 877/613/877
f 878/614/878 879/615/879 880/616/880
