mtllib slide_gate.mtl
o base_l
usemtl metal
v -1.0499999523162842 0.030000001192092896 -0.21875
v -1.0499999523162842 0.10999999940395355 0.21875
v -1.0499999523162842 0.10999999940395355 -0.21875
v -1.0499999523162842 0.030000001192092896 -0.21875
v -1.0499999523162842 0.030000001192092896 0.21875
v -1.0499999523162842 0.10999999940395355 0.21875
v -0.6937500238418579 0.030000001192092896 -0.21875
v -0.6937500238418579 0.10999999940395355 -0.21875
v -0.6937500238418579 0.10999999940395355 0.21875
v -0.6937500238418579 0.030000001192092896 -0.21875
v -0.6937500238418579 0.10999999940395355 0.21875
v -0.6937500238418579 0.030000001192092896 0.21875
v -1.021875023841858 0 -0.21875
v -0.7218749523162842 0 -0.21875
v -0.7218749523162842 0 0.21875
v -1.021875023841858 0 -0.21875
v -0.7218749523162842 0 0.21875
v -1.021875023841858 0 0.21875
v -1.021875023841858 0.14000000059604645 -0.21875
v -0.7218749523162842 0.14000000059604645 0.21875
v -0.7218749523162842 0.14000000059604645 -0.21875
v -1.021875023841858 0.14000000059604645 -0.21875
v -1.021875023841858 0.14000000059604645 0.21875
v -0.7218749523162842 0.14000000059604645 0.21875
v -1.021875023841858 0.030000001192092896 -0.25
v -0.7218749523162842 0.10999999940395355 -0.25
v -0.7218749523162842 0.030000001192092896 -0.25
v -1.021875023841858 0.030000001192092896 -0.25
v -1.021875023841858 0.10999999940395355 -0.25
v -0.7218749523162842 0.10999999940395355 -0.25
v -1.021875023841858 0.030000001192092896 0.25
v -0.7218749523162842 0.030000001192092896 0.25
v -0.7218749523162842 0.10999999940395355 0.25
v -1.021875023841858 0.030000001192092896 0.25
v -0.7218749523162842 0.10999999940395355 0.25
v -1.021875023841858 0.10999999940395355 0.25
v -1.0499999523162842 0.030000001192092896 -0.21875
v -1.021875023841858 0 -0.21875
v -1.021875023841858 0 0.21875
v -1.0499999523162842 0.030000001192092896 -0.21875
v -1.021875023841858 0 0.21875
v -1.0499999523162842 0.030000001192092896 0.21875
v -1.0499999523162842 0.10999999940395355 -0.21875
v -1.021875023841858 0.14000000059604645 0.21875
v -1.021875023841858 0.14000000059604645 -0.21875
v -1.0499999523162842 0.10999999940395355 -0.21875
v -1.0499999523162842 0.10999999940395355 0.21875
v -1.021875023841858 0.14000000059604645 0.21875
v -0.6937500238418579 0.030000001192092896 -0.21875
v -0.7218749523162842 0 0.21875
v -0.7218749523162842 0 -0.21875
v -0.6937500238418579 0.030000001192092896 -0.21875
v -0.6937500238418579 0.030000001192092896 0.21875
v -0.7218749523162842 0 0.21875
v -0.6937500238418579 0.10999999940395355 -0.21875
v -0.7218749523162842 0.14000000059604645 -0.21875
v -0.7218749523162842 0.14000000059604645 0.21875
v -0.6937500238418579 0.10999999940395355 -0.21875
v -0.7218749523162842 0.14000000059604645 0.21875
v -0.6937500238418579 0.10999999940395355 0.21875
v -1.0499999523162842 0.030000001192092896 -0.21875
v -1.021875023841858 0.10999999940395355 -0.25
v -1.021875023841858 0.030000001192092896 -0.25
v -1.0499999523162842 0.030000001192092896 -0.21875
v -1.0499999523162842 0.10999999940395355 -0.21875
v -1.021875023841858 0.10999999940395355 -0.25
v -1.0499999523162842 0.030000001192092896 0.21875
v -1.021875023841858 0.030000001192092896 0.25
v -1.021875023841858 0.10999999940395355 0.25
v -1.0499999523162842 0.030000001192092896 0.21875
v -1.021875023841858 0.10999999940395355 0.25
v -1.0499999523162842 0.10999999940395355 0.21875
v -0.6937500238418579 0.030000001192092896 -0.21875
v -0.7218749523162842 0.030000001192092896 -0.25
v -0.7218749523162842 0.10999999940395355 -0.25
v -0.6937500238418579 0.030000001192092896 -0.21875
v -0.7218749523162842 0.10999999940395355 -0.25
v -0.6937500238418579 0.10999999940395355 -0.21875
v -0.6937500238418579 0.030000001192092896 0.21875
v -0.7218749523162842 0.10999999940395355 0.25
v -0.7218749523162842 0.030000001192092896 0.25
v -0.6937500238418579 0.030000001192092896 0.21875
v -0.6937500238418579 0.10999999940395355 0.21875
v -0.7218749523162842 0.10999999940395355 0.25
v -1.021875023841858 0 -0.21875
v -1.021875023841858 0.030000001192092896 -0.25
v -0.7218749523162842 0.030000001192092896 -0.25
v -1.021875023841858 0 -0.21875
v -0.7218749523162842 0.030000001192092896 -0.25
v -0.7218749523162842 0 -0.21875
v -1.021875023841858 0 0.21875
v -0.7218749523162842 0.030000001192092896 0.25
v -1.021875023841858 0.030000001192092896 0.25
v -1.021875023841858 0 0.21875
v -0.7218749523162842 0 0.21875
v -0.7218749523162842 0.030000001192092896 0.25
v -1.021875023841858 0.14000000059604645 -0.21875
v -0.7218749523162842 0.10999999940395355 -0.25
v -1.021875023841858 0.10999999940395355 -0.25
v -1.021875023841858 0.14000000059604645 -0.21875
v -0.7218749523162842 0.14000000059604645 -0.21875
v -0.7218749523162842 0.10999999940395355 -0.25
v -1.021875023841858 0.14000000059604645 0.21875
v -1.021875023841858 0.10999999940395355 0.25
v -0.7218749523162842 0.10999999940395355 0.25
v -1.021875023841858 0.14000000059604645 0.21875
v -0.7218749523162842 0.10999999940395355 0.25
v -0.7218749523162842 0.14000000059604645 0.21875
v -1.0499999523162842 0.030000001192092896 -0.21875
v -1.021875023841858 0.030000001192092896 -0.25
v -1.021875023841858 0 -0.21875
v -1.0499999523162842 0.030000001192092896 0.21875
v -1.021875023841858 0 0.21875
v -1.021875023841858 0.030000001192092896 0.25
v -1.0499999523162842 0.10999999940395355 -0.21875
v -1.021875023841858 0.14000000059604645 -0.21875
v -1.021875023841858 0.10999999940395355 -0.25
v -1.0499999523162842 0.10999999940395355 0.21875
v -1.021875023841858 0.10999999940395355 0.25
v -1.021875023841858 0.14000000059604645 0.21875
v -0.6937500238418579 0.030000001192092896 -0.21875
v -0.7218749523162842 0 -0.21875
v -0.7218749523162842 0.030000001192092896 -0.25
v -0.6937500238418579 0.030000001192092896 0.21875
v -0.7218749523162842 0.030000001192092896 0.25
v -0.7218749523162842 0 0.21875
v -0.6937500238418579 0.10999999940395355 -0.21875
v -0.7218749523162842 0.10999999940395355 -0.25
v -0.7218749523162842 0.14000000059604645 -0.21875
v -0.6937500238418579 0.10999999940395355 0.21875
v -0.7218749523162842 0.14000000059604645 0.21875
v -0.7218749523162842 0.10999999940395355 0.25
vn -1 0 0
vn -1 0 0
vn -1 0 0
vn -1 0 0
vn -1 0 0
vn -1 0 0
vn 1 0 0
vn 1 0 0
vn 1 0 0
vn 1 0 0
vn 1 0 0
vn 1 0 0
vn 0 -1 0
vn 0 -1 0
vn 0 -1 0
vn 0 -1 0
vn 0 -1 0
vn 0 -1 0
vn 0 1 0
vn 0 1 0
vn 0 1 0
vn 0 1 0
vn 0 1 0
vn 0 1 0
vn 0 0 -1
vn 0 0 -1
vn 0 0 -1
vn 0 0 -1
vn 0 0 -1
vn 0 0 -1
vn 0 0 1
vn 0 0 1
vn 0 0 1
vn 0 0 1
vn 0 0 1
vn 0 0 1
vn -0.7295371985637669 -0.6839411348294024 0
vn -0.7295371985637669 -0.6839411348294024 0
vn -0.7295371985637669 -0.6839411348294024 0
vn -0.7295371985637669 -0.6839411348294024 0
vn -0.7295371985637669 -0.6839411348294024 0
vn -0.7295371985637669 -0.6839411348294024 0
vn -0.7295371985637669 0.6839411348294024 0
vn -0.7295371985637669 0.6839411348294024 0
vn -0.7295371985637669 0.6839411348294024 0
vn -0.7295371985637669 0.6839411348294024 0
vn -0.7295371985637669 0.6839411348294024 0
vn -0.7295371985637669 0.6839411348294024 0
vn 0.7295371985637669 -0.6839411348294024 0
vn 0.7295371985637669 -0.6839411348294024 0
vn 0.7295371985637669 -0.6839411348294024 0
vn 0.7295371985637669 -0.6839411348294024 0
vn 0.7295371985637669 -0.6839411348294024 0
vn 0.7295371985637669 -0.6839411348294024 0
vn 0.7295371985637669 0.6839411348294024 0
vn 0.7295371985637669 0.6839411348294024 0
vn 0.7295371985637669 0.6839411348294024 0
vn 0.7295371985637669 0.6839411348294024 0
vn 0.7295371985637669 0.6839411348294024 0
vn 0.7295371985637669 0.6839411348294024 0
vn -0.7432941551384665 0 -0.6689647217432271
vn -0.7432941551384665 0 -0.6689647217432271
vn -0.7432941551384665 0 -0.6689647217432271
vn -0.7432941551384665 0 -0.6689647217432271
vn -0.7432941551384665 0 -0.6689647217432271
vn -0.7432941551384665 0 -0.6689647217432271
vn -0.7432941551384665 0 0.6689647217432271
vn -0.7432941551384665 0 0.6689647217432271
vn -0.7432941551384665 0 0.6689647217432271
vn -0.7432941551384665 0 0.6689647217432271
vn -0.7432941551384665 0 0.6689647217432271
vn -0.7432941551384665 0 0.6689647217432271
vn 0.7432941551384665 0 -0.6689647217432271
vn 0.7432941551384665 0 -0.6689647217432271
vn 0.7432941551384665 0 -0.6689647217432271
vn 0.7432941551384665 0 -0.6689647217432271
vn 0.7432941551384665 0 -0.6689647217432271
vn 0.7432941551384665 0 -0.6689647217432271
vn 0.7432941551384665 0 0.6689647217432271
vn 0.7432941551384665 0 0.6689647217432271
vn 0.7432941551384665 0 0.6689647217432271
vn 0.7432941551384665 0 0.6689647217432271
vn 0.7432941551384665 0 0.6689647217432271
vn 0.7432941551384665 0 0.6689647217432271
vn 0 -0.7213873257953528 -0.6925318232267955
vn 0 -0.7213873257953528 -0.6925318232267955
vn 0 -0.7213873257953528 -0.6925318232267955
vn 0 -0.7213873257953528 -0.6925318232267955
vn 0 -0.7213873257953528 -0.6925318232267955
vn 0 -0.7213873257953528 -0.6925318232267955
vn 0 -0.7213873257953528 0.6925318232267955
vn 0 -0.7213873257953528 0.6925318232267955
vn 0 -0.7213873257953528 0.6925318232267955
vn 0 -0.7213873257953528 0.6925318232267955
vn 0 -0.7213873257953528 0.6925318232267955
vn 0 -0.7213873257953528 0.6925318232267955
vn 0 0.7213873257953528 -0.6925318232267955
vn 0 0.7213873257953528 -0.6925318232267955
vn 0 0.7213873257953528 -0.6925318232267955
vn 0 0.7213873257953528 -0.6925318232267955
vn 0 0.7213873257953528 -0.6925318232267955
vn 0 0.7213873257953528 -0.6925318232267955
vn 0 0.7213873257953528 0.6925318232267955
vn 0 0.7213873257953528 0.6925318232267955
vn 0 0.7213873257953528 0.6925318232267955
vn 0 0.7213873257953528 0.6925318232267955
vn 0 0.7213873257953528 0.6925318232267955
vn 0 0.7213873257953528 0.6925318232267955
vn -0.6098347905403738 -0.5717200639775363 -0.5488512518816917
vn -0.6098347905403738 -0.5717200639775363 -0.5488512518816917
vn -0.6098347905403738 -0.5717200639775363 -0.5488512518816917
vn -0.6098347905403738 -0.5717200639775363 0.5488512518816917
vn -0.6098347905403738 -0.5717200639775363 0.5488512518816917
vn -0.6098347905403738 -0.5717200639775363 0.5488512518816917
vn -0.6098347905403738 0.5717200639775363 -0.5488512518816917
vn -0.6098347905403738 0.5717200639775363 -0.5488512518816917
vn -0.6098347905403738 0.5717200639775363 -0.5488512518816917
vn -0.6098347905403738 0.5717200639775363 0.5488512518816917
vn -0.6098347905403738 0.5717200639775363 0.5488512518816917
vn -0.6098347905403738 0.5717200639775363 0.5488512518816917
vn 0.6098347905403738 -0.5717200639775363 -0.5488512518816917
vn 0.6098347905403738 -0.5717200639775363 -0.5488512518816917
vn 0.6098347905403738 -0.5717200639775363 -0.5488512518816917
vn 0.6098347905403738 -0.5717200639775363 0.5488512518816917
vn 0.6098347905403738 -0.5717200639775363 0.5488512518816917
vn 0.6098347905403738 -0.5717200639775363 0.5488512518816917
vn 0.6098347905403738 0.5717200639775363 -0.5488512518816917
vn 0.6098347905403738 0.5717200639775363 -0.5488512518816917
vn 0.6098347905403738 0.5717200639775363 -0.5488512518816917
vn 0.6098347905403738 0.5717200639775363 0.5488512518816917
vn 0.6098347905403738 0.5717200639775363 0.5488512518816917
vn 0.6098347905403738 0.5717200639775363 0.5488512518816917
f 1//1 2//2 3//3
f 4//4 5//5 6//6
f 7//7 8//8 9//9
f 10//10 11//11 12//12
f 13//13 14//14 15//15
f 16//16 17//17 18//18
f 19//19 20//20 21//21
f 22//22 23//23 24//24
f 25//25 26//26 27//27
f 28//28 29//29 30//30
f 31//31 32//32 33//33
f 34//34 35//35 36//36
f 37//37 38//38 39//39
f 40//40 41//41 42//42
f 43//43 44//44 45//45
f 46//46 47//47 48//48
f 49//49 50//50 51//51
f 52//52 53//53 54//54
f 55//55 56//56 57//57
f 58//58 59//59 60//60
f 61//61 62//62 63//63
f 64//64 65//65 66//66
f 67//67 68//68 69//69
f 70//70 71//71 72//72
f 73//73 74//74 75//75
f 76//76 77//77 78//78
f 79//79 80//80 81//81
f 82//82 83//83 84//84
f 85//85 86//86 87//87
f 88//88 89//89 90//90
f 91//91 92//92 93//93
f 94//94 95//95 96//96
f 97//97 98//98 99//99
f 100//100 101//101 102//102
f 103//103 104//104 105//105
f 106//106 107//107 108//108
f 109//109 110//110 111//111
f 112//112 113//113 114//114
f 115//115 116//116 117//117
f 118//118 119//119 120//120
f 121//121 122//122 123//123
f 124//124 125//125 126//126
f 127//127 128//128 129//129
f 130//130 131//131 132//132
o post_l
usemtl cobalt
v -0.9843749403953552 0.029999982565641403 -0.1875000149011612
v -0.9843749403953552 1.8700000047683716 0.1875000149011612
v -0.9843749403953552 1.8700000047683716 -0.1875000149011612
v -0.9843749403953552 0.029999982565641403 -0.1875000149011612
v -0.9843749403953552 0.029999982565641403 0.1875000149011612
v -0.9843749403953552 1.8700000047683716 0.1875000149011612
v -0.7593749761581421 0.029999982565641403 -0.1875000149011612
v -0.7593749761581421 1.8700000047683716 -0.1875000149011612
v -0.7593749761581421 1.8700000047683716 0.1875000149011612
v -0.7593749761581421 0.029999982565641403 -0.1875000149011612
v -0.7593749761581421 1.8700000047683716 0.1875000149011612
v -0.7593749761581421 0.029999982565641403 0.1875000149011612
v -0.9562499523162842 1.2218952072373668e-8 -0.1875000149011612
v -0.7874999642372131 1.2218952072373668e-8 -0.1875000149011612
v -0.7874999642372131 1.2218952072373668e-8 0.1875000149011612
v -0.9562499523162842 1.2218952072373668e-8 -0.1875000149011612
v -0.7874999642372131 1.2218952072373668e-8 0.1875000149011612
v -0.9562499523162842 1.2218952072373668e-8 0.1875000149011612
v -0.9562499523162842 1.899999976158142 -0.1875000149011612
v -0.7874999642372131 1.899999976158142 0.1875000149011612
v -0.7874999642372131 1.899999976158142 -0.1875000149011612
v -0.9562499523162842 1.899999976158142 -0.1875000149011612
v -0.9562499523162842 1.899999976158142 0.1875000149011612
v -0.7874999642372131 1.899999976158142 0.1875000149011612
v -0.9562499523162842 0.029999982565641403 -0.21875
v -0.7874999642372131 1.8700000047683716 -0.21875
v -0.7874999642372131 0.029999982565641403 -0.21875
v -0.9562499523162842 0.029999982565641403 -0.21875
v -0.9562499523162842 1.8700000047683716 -0.21875
v -0.7874999642372131 1.8700000047683716 -0.21875
v -0.9562499523162842 0.029999982565641403 0.21875
v -0.7874999642372131 0.029999982565641403 0.21875
v -0.7874999642372131 1.8700000047683716 0.21875
v -0.9562499523162842 0.029999982565641403 0.21875
v -0.7874999642372131 1.8700000047683716 0.21875
v -0.9562499523162842 1.8700000047683716 0.21875
v -0.9843749403953552 0.029999982565641403 -0.1875000149011612
v -0.9562499523162842 1.2218952072373668e-8 -0.1875000149011612
v -0.9562499523162842 1.2218952072373668e-8 0.1875000149011612
v -0.9843749403953552 0.029999982565641403 -0.1875000149011612
v -0.9562499523162842 1.2218952072373668e-8 0.1875000149011612
v -0.9843749403953552 0.029999982565641403 0.1875000149011612
v -0.9843749403953552 1.8700000047683716 -0.1875000149011612
v -0.9562499523162842 1.899999976158142 0.1875000149011612
v -0.9562499523162842 1.899999976158142 -0.1875000149011612
v -0.9843749403953552 1.8700000047683716 -0.1875000149011612
v -0.9843749403953552 1.8700000047683716 0.1875000149011612
v -0.9562499523162842 1.899999976158142 0.1875000149011612
v -0.7593749761581421 0.029999982565641403 -0.1875000149011612
v -0.7874999642372131 1.2218952072373668e-8 0.1875000149011612
v -0.7874999642372131 1.2218952072373668e-8 -0.1875000149011612
v -0.7593749761581421 0.029999982565641403 -0.1875000149011612
v -0.7593749761581421 0.029999982565641403 0.1875000149011612
v -0.7874999642372131 1.2218952072373668e-8 0.1875000149011612
v -0.7593749761581421 1.8700000047683716 -0.1875000149011612
v -0.7874999642372131 1.899999976158142 -0.1875000149011612
v -0.7874999642372131 1.899999976158142 0.1875000149011612
v -0.7593749761581421 1.8700000047683716 -0.1875000149011612
v -0.7874999642372131 1.899999976158142 0.1875000149011612
v -0.7593749761581421 1.8700000047683716 0.1875000149011612
v -0.9843749403953552 0.029999982565641403 -0.1875000149011612
v -0.9562499523162842 1.8700000047683716 -0.21875
v -0.9562499523162842 0.029999982565641403 -0.21875
v -0.9843749403953552 0.029999982565641403 -0.1875000149011612
v -0.9843749403953552 1.8700000047683716 -0.1875000149011612
v -0.9562499523162842 1.8700000047683716 -0.21875
v -0.9843749403953552 0.029999982565641403 0.1875000149011612
v -0.9562499523162842 0.029999982565641403 0.21875
v -0.9562499523162842 1.8700000047683716 0.21875
v -0.9843749403953552 0.029999982565641403 0.1875000149011612
v -0.9562499523162842 1.8700000047683716 0.21875
v -0.9843749403953552 1.8700000047683716 0.1875000149011612
v -0.7593749761581421 0.029999982565641403 -0.1875000149011612
v -0.7874999642372131 0.029999982565641403 -0.21875
v -0.7874999642372131 1.8700000047683716 -0.21875
v -0.7593749761581421 0.029999982565641403 -0.1875000149011612
v -0.7874999642372131 1.8700000047683716 -0.21875
v -0.7593749761581421 1.8700000047683716 -0.1875000149011612
v -0.7593749761581421 0.029999982565641403 0.1875000149011612
v -0.7874999642372131 1.8700000047683716 0.21875
v -0.7874999642372131 0.029999982565641403 0.21875
v -0.7593749761581421 0.029999982565641403 0.1875000149011612
v -0.7593749761581421 1.8700000047683716 0.1875000149011612
v -0.7874999642372131 1.8700000047683716 0.21875
v -0.9562499523162842 1.2218952072373668e-8 -0.1875000149011612
v -0.9562499523162842 0.029999982565641403 -0.21875
v -0.7874999642372131 0.029999982565641403 -0.21875
v -0.9562499523162842 1.2218952072373668e-8 -0.1875000149011612
v -0.7874999642372131 0.029999982565641403 -0.21875
v -0.7874999642372131 1.2218952072373668e-8 -0.1875000149011612
v -0.9562499523162842 1.2218952072373668e-8 0.1875000149011612
v -0.7874999642372131 0.029999982565641403 0.21875
v -0.9562499523162842 0.029999982565641403 0.21875
v -0.9562499523162842 1.2218952072373668e-8 0.1875000149011612
v -0.7874999642372131 1.2218952072373668e-8 0.1875000149011612
v -0.7874999642372131 0.029999982565641403 0.21875
v -0.9562499523162842 1.899999976158142 -0.1875000149011612
v -0.7874999642372131 1.8700000047683716 -0.21875
v -0.9562499523162842 1.8700000047683716 -0.21875
v -0.9562499523162842 1.899999976158142 -0.1875000149011612
v -0.7874999642372131 1.899999976158142 -0.1875000149011612
v -0.7874999642372131 1.8700000047683716 -0.21875
v -0.9562499523162842 1.899999976158142 0.1875000149011612
v -0.9562499523162842 1.8700000047683716 0.21875
v -0.7874999642372131 1.8700000047683716 0.21875
v -0.9562499523162842 1.899999976158142 0.1875000149011612
v -0.7874999642372131 1.8700000047683716 0.21875
v -0.7874999642372131 1.899999976158142 0.1875000149011612
v -0.9843749403953552 0.029999982565641403 -0.1875000149011612
v -0.9562499523162842 0.029999982565641403 -0.21875
v -0.9562499523162842 1.2218952072373668e-8 -0.1875000149011612
v -0.9843749403953552 0.029999982565641403 0.1875000149011612
v -0.9562499523162842 1.2218952072373668e-8 0.1875000149011612
v -0.9562499523162842 0.029999982565641403 0.21875
v -0.9843749403953552 1.8700000047683716 -0.1875000149011612
v -0.9562499523162842 1.899999976158142 -0.1875000149011612
v -0.9562499523162842 1.8700000047683716 -0.21875
v -0.9843749403953552 1.8700000047683716 0.1875000149011612
v -0.9562499523162842 1.8700000047683716 0.21875
v -0.9562499523162842 1.899999976158142 0.1875000149011612
v -0.7593749761581421 0.029999982565641403 -0.1875000149011612
v -0.7874999642372131 1.2218952072373668e-8 -0.1875000149011612
v -0.7874999642372131 0.029999982565641403 -0.21875
v -0.7593749761581421 0.029999982565641403 0.1875000149011612
v -0.7874999642372131 0.029999982565641403 0.21875
v -0.7874999642372131 1.2218952072373668e-8 0.1875000149011612
v -0.7593749761581421 1.8700000047683716 -0.1875000149011612
v -0.7874999642372131 1.8700000047683716 -0.21875
v -0.7874999642372131 1.899999976158142 -0.1875000149011612
v -0.7593749761581421 1.8700000047683716 0.1875000149011612
v -0.7874999642372131 1.899999976158142 0.1875000149011612
v -0.7874999642372131 1.8700000047683716 0.21875
vn -1 0 0
vn -1 0 0
vn -1 0 0
vn -1 0 0
vn -1 0 0
vn -1 0 0
vn 1 0 0
vn 1 0 0
vn 1 0 0
vn 1 0 0
vn 1 0 0
vn 1 0 0
vn 0 -1 0
vn 0 -1 0
vn 0 -1 0
vn 0 -1 0
vn 0 -1 0
vn 0 -1 0
vn 0 1 0
vn 0 1 0
vn 0 1 0
vn 0 1 0
vn 0 1 0
vn 0 1 0
vn 0 0 -1
vn 0 0 -1
vn 0 0 -1
vn 0 0 -1
vn 0 0 -1
vn 0 0 -1
vn 0 0 1
vn 0 0 1
vn 0 0 1
vn 0 0 1
vn 0 0 1
vn 0 0 1
vn -0.7295369383355376 -0.6839414124060702 0
vn -0.7295369383355376 -0.6839414124060702 0
vn -0.7295369383355376 -0.6839414124060702 0
vn -0.7295369383355376 -0.6839414124060702 0
vn -0.7295369383355376 -0.6839414124060702 0
vn -0.7295369383355376 -0.6839414124060702 0
vn -0.7295369383355376 0.6839414124060702 0
vn -0.7295369383355376 0.6839414124060702 0
vn -0.7295369383355376 0.6839414124060702 0
vn -0.7295369383355376 0.6839414124060702 0
vn -0.7295369383355376 0.6839414124060702 0
vn -0.7295369383355376 0.6839414124060702 0
vn 0.7295369383355376 -0.6839414124060702 0
vn 0.7295369383355376 -0.6839414124060702 0
vn 0.7295369383355376 -0.6839414124060702 0
vn 0.7295369383355376 -0.6839414124060702 0
vn 0.7295369383355376 -0.6839414124060702 0
vn 0.7295369383355376 -0.6839414124060702 0
vn 0.7295369383355376 0.6839414124060702 0
vn 0.7295369383355376 0.6839414124060702 0
vn 0.7295369383355376 0.6839414124060702 0
vn 0.7295369383355376 0.6839414124060702 0
vn 0.7295369383355376 0.6839414124060702 0
vn 0.7295369383355376 0.6839414124060702 0
vn -0.7432940988268959 0 -0.6689647843116353
vn -0.7432940988268959 0 -0.6689647843116353
vn -0.7432940988268959 0 -0.6689647843116353
vn -0.7432940988268959 0 -0.6689647843116353
vn -0.7432940988268959 0 -0.6689647843116353
vn -0.7432940988268959 0 -0.6689647843116353
vn -0.7432940988268959 0 0.6689647843116353
vn -0.7432940988268959 0 0.6689647843116353
vn -0.7432940988268959 0 0.6689647843116353
vn -0.7432940988268959 0 0.6689647843116353
vn -0.7432940988268959 0 0.6689647843116353
vn -0.7432940988268959 0 0.6689647843116353
vn 0.7432940988268959 0 -0.6689647843116353
vn 0.7432940988268959 0 -0.6689647843116353
vn 0.7432940988268959 0 -0.6689647843116353
vn 0.7432940988268959 0 -0.6689647843116353
vn 0.7432940988268959 0 -0.6689647843116353
vn 0.7432940988268959 0 -0.6689647843116353
vn 0.7432940988268959 0 0.6689647843116353
vn 0.7432940988268959 0 0.6689647843116353
vn 0.7432940988268959 0 0.6689647843116353
vn 0.7432940988268959 0 0.6689647843116353
vn 0.7432940988268959 0 0.6689647843116353
vn 0.7432940988268959 0 0.6689647843116353
vn 0 -0.7213875008870732 -0.6925316408395381
vn 0 -0.7213875008870732 -0.6925316408395381
vn 0 -0.7213875008870732 -0.6925316408395381
vn 0 -0.7213875008870732 -0.6925316408395381
vn 0 -0.7213875008870732 -0.6925316408395381
vn 0 -0.7213875008870732 -0.6925316408395381
vn 0 -0.7213875008870732 0.6925316408395381
vn 0 -0.7213875008870732 0.6925316408395381
vn 0 -0.7213875008870732 0.6925316408395381
vn 0 -0.7213875008870732 0.6925316408395381
vn 0 -0.7213875008870732 0.6925316408395381
vn 0 -0.7213875008870732 0.6925316408395381
vn 0 0.7213875008870732 -0.6925316408395381
vn 0 0.7213875008870732 -0.6925316408395381
vn 0 0.7213875008870732 -0.6925316408395381
vn 0 0.7213875008870732 -0.6925316408395381
vn 0 0.7213875008870732 -0.6925316408395381
vn 0 0.7213875008870732 -0.6925316408395381
vn 0 0.7213875008870732 0.6925316408395381
vn 0 0.7213875008870732 0.6925316408395381
vn 0 0.7213875008870732 0.6925316408395381
vn 0 0.7213875008870732 0.6925316408395381
vn 0 0.7213875008870732 0.6925316408395381
vn 0 0.7213875008870732 0.6925316408395381
vn -0.6098345776136637 -0.5717203262947599 -0.548851215219733
vn -0.6098345776136637 -0.5717203262947599 -0.548851215219733
vn -0.6098345776136637 -0.5717203262947599 -0.548851215219733
vn -0.6098345776136637 -0.5717203262947599 0.548851215219733
vn -0.6098345776136637 -0.5717203262947599 0.548851215219733
vn -0.6098345776136637 -0.5717203262947599 0.548851215219733
vn -0.6098345776136637 0.5717203262947599 -0.548851215219733
vn -0.6098345776136637 0.5717203262947599 -0.548851215219733
vn -0.6098345776136637 0.5717203262947599 -0.548851215219733
vn -0.6098345776136637 0.5717203262947599 0.548851215219733
vn -0.6098345776136637 0.5717203262947599 0.548851215219733
vn -0.6098345776136637 0.5717203262947599 0.548851215219733
vn 0.6098345776136637 -0.5717203262947599 -0.548851215219733
vn 0.6098345776136637 -0.5717203262947599 -0.548851215219733
vn 0.6098345776136637 -0.5717203262947599 -0.548851215219733
vn 0.6098345776136637 -0.5717203262947599 0.548851215219733
vn 0.6098345776136637 -0.5717203262947599 0.548851215219733
vn 0.6098345776136637 -0.5717203262947599 0.548851215219733
vn 0.6098345776136637 0.5717203262947599 -0.548851215219733
vn 0.6098345776136637 0.5717203262947599 -0.548851215219733
vn 0.6098345776136637 0.5717203262947599 -0.548851215219733
vn 0.6098345776136637 0.5717203262947599 0.548851215219733
vn 0.6098345776136637 0.5717203262947599 0.548851215219733
vn 0.6098345776136637 0.5717203262947599 0.548851215219733
f 133//133 134//134 135//135
f 136//136 137//137 138//138
f 139//139 140//140 141//141
f 142//142 143//143 144//144
f 145//145 146//146 147//147
f 148//148 149//149 150//150
f 151//151 152//152 153//153
f 154//154 155//155 156//156
f 157//157 158//158 159//159
f 160//160 161//161 162//162
f 163//163 164//164 165//165
f 166//166 167//167 168//168
f 169//169 170//170 171//171
f 172//172 173//173 174//174
f 175//175 176//176 177//177
f 178//178 179//179 180//180
f 181//181 182//182 183//183
f 184//184 185//185 186//186
f 187//187 188//188 189//189
f 190//190 191//191 192//192
f 193//193 194//194 195//195
f 196//196 197//197 198//198
f 199//199 200//200 201//201
f 202//202 203//203 204//204
f 205//205 206//206 207//207
f 208//208 209//209 210//210
f 211//211 212//212 213//213
f 214//214 215//215 216//216
f 217//217 218//218 219//219
f 220//220 221//221 222//222
f 223//223 224//224 225//225
f 226//226 227//227 228//228
f 229//229 230//230 231//231
f 232//232 233//233 234//234
f 235//235 236//236 237//237
f 238//238 239//239 240//240
f 241//241 242//242 243//243
f 244//244 245//245 246//246
f 247//247 248//248 249//249
f 250//250 251//251 252//252
f 253//253 254//254 255//255
f 256//256 257//257 258//258
f 259//259 260//260 261//261
f 262//262 263//263 264//264
o post_light_l
usemtl gold
v -0.8062500357627869 1.3700000047683716 0.2291666716337204
v -0.8062500357627869 1.3700000047683716 -0.2291666716337204
v -0.8062500357627869 1.2300000190734863 0.2291666716337204
v -0.8062500357627869 1.2300000190734863 -0.2291666716337204
v -0.9375 1.3700000047683716 -0.2291666716337204
v -0.9375 1.3700000047683716 0.2291666716337204
v -0.9375 1.2300000190734863 -0.2291666716337204
v -0.9375 1.2300000190734863 0.2291666716337204
v -0.9375 1.3700000047683716 -0.2291666716337204
v -0.8062500357627869 1.3700000047683716 -0.2291666716337204
v -0.9375 1.3700000047683716 0.2291666716337204
v -0.8062500357627869 1.3700000047683716 0.2291666716337204
v -0.9375 1.2300000190734863 0.2291666716337204
v -0.8062500357627869 1.2300000190734863 0.2291666716337204
v -0.9375 1.2300000190734863 -0.2291666716337204
v -0.8062500357627869 1.2300000190734863 -0.2291666716337204
v -0.9375 1.3700000047683716 0.2291666716337204
v -0.8062500357627869 1.3700000047683716 0.2291666716337204
v -0.9375 1.2300000190734863 0.2291666716337204
v -0.8062500357627869 1.2300000190734863 0.2291666716337204
v -0.8062500357627869 1.3700000047683716 -0.2291666716337204
v -0.9375 1.3700000047683716 -0.2291666716337204
v -0.8062500357627869 1.2300000190734863 -0.2291666716337204
v -0.9375 1.2300000190734863 -0.2291666716337204
vt 0 1
vt 1 1
vt 0 0
vt 1 0
vt 0 1
vt 1 1
vt 0 0
vt 1 0
vt 0 1
vt 1 1
vt 0 0
vt 1 0
vt 0 1
vt 1 1
vt 0 0
vt 1 0
vt 0 1
vt 1 1
vt 0 0
vt 1 0
vt 0 1
vt 1 1
vt 0 0
vt 1 0
vn 1 0 0
vn 1 0 0
vn 1 0 0
vn 1 0 0
vn -1 0 0
vn -1 0 0
vn -1 0 0
vn -1 0 0
vn 0 1 0
vn 0 1 0
vn 0 1 0
vn 0 1 0
vn 0 -1 0
vn 0 -1 0
vn 0 -1 0
vn 0 -1 0
vn 0 0 1
vn 0 0 1
vn 0 0 1
vn 0 0 1
vn 0 0 -1
vn 0 0 -1
vn 0 0 -1
vn 0 0 -1
f 265/1/265 267/3/267 266/2/266
f 267/3/267 268/4/268 266/2/266
f 269/5/269 271/7/271 270/6/270
f 271/7/271 272/8/272 270/6/270
f 273/9/273 275/11/275 274/10/274
f 275/11/275 276/12/276 274/10/274
f 277/13/277 279/15/279 278/14/278
f 279/15/279 280/16/280 278/14/278
f 281/17/281 283/19/283 282/18/282
f 283/19/283 284/20/284 282/18/282
f 285/21/285 287/23/287 286/22/286
f 287/23/287 288/24/288 286/22/286
o base_r
usemtl metal
v 0.6937500238418579 0.030000001192092896 -0.21875
v 0.6937500238418579 0.10999999940395355 0.21875
v 0.6937500238418579 0.10999999940395355 -0.21875
v 0.6937500238418579 0.030000001192092896 -0.21875
v 0.6937500238418579 0.030000001192092896 0.21875
v 0.6937500238418579 0.10999999940395355 0.21875
v 1.0499999523162842 0.030000001192092896 -0.21875
v 1.0499999523162842 0.10999999940395355 -0.21875
v 1.0499999523162842 0.10999999940395355 0.21875
v 1.0499999523162842 0.030000001192092896 -0.21875
v 1.0499999523162842 0.10999999940395355 0.21875
v 1.0499999523162842 0.030000001192092896 0.21875
v 0.7218749523162842 0 -0.21875
v 1.021875023841858 0 -0.21875
v 1.021875023841858 0 0.21875
v 0.7218749523162842 0 -0.21875
v 1.021875023841858 0 0.21875
v 0.7218749523162842 0 0.21875
v 0.7218749523162842 0.14000000059604645 -0.21875
v 1.021875023841858 0.14000000059604645 0.21875
v 1.021875023841858 0.14000000059604645 -0.21875
v 0.7218749523162842 0.14000000059604645 -0.21875
v 0.7218749523162842 0.14000000059604645 0.21875
v 1.021875023841858 0.14000000059604645 0.21875
v 0.7218749523162842 0.030000001192092896 -0.25
v 1.021875023841858 0.10999999940395355 -0.25
v 1.021875023841858 0.030000001192092896 -0.25
v 0.7218749523162842 0.030000001192092896 -0.25
v 0.7218749523162842 0.10999999940395355 -0.25
v 1.021875023841858 0.10999999940395355 -0.25
v 0.7218749523162842 0.030000001192092896 0.25
v 1.021875023841858 0.030000001192092896 0.25
v 1.021875023841858 0.10999999940395355 0.25
v 0.7218749523162842 0.030000001192092896 0.25
v 1.021875023841858 0.10999999940395355 0.25
v 0.7218749523162842 0.10999999940395355 0.25
v 0.6937500238418579 0.030000001192092896 -0.21875
v 0.7218749523162842 0 -0.21875
v 0.7218749523162842 0 0.21875
v 0.6937500238418579 0.030000001192092896 -0.21875
v 0.7218749523162842 0 0.21875
v 0.6937500238418579 0.030000001192092896 0.21875
v 0.6937500238418579 0.10999999940395355 -0.21875
v 0.7218749523162842 0.14000000059604645 0.21875
v 0.7218749523162842 0.14000000059604645 -0.21875
v 0.6937500238418579 0.10999999940395355 -0.21875
v 0.6937500238418579 0.10999999940395355 0.21875
v 0.7218749523162842 0.14000000059604645 0.21875
v 1.0499999523162842 0.030000001192092896 -0.21875
v 1.021875023841858 0 0.21875
v 1.021875023841858 0 -0.21875
v 1.0499999523162842 0.030000001192092896 -0.21875
v 1.0499999523162842 0.030000001192092896 0.21875
v 1.021875023841858 0 0.21875
v 1.0499999523162842 0.10999999940395355 -0.21875
v 1.021875023841858 0.14000000059604645 -0.21875
v 1.021875023841858 0.14000000059604645 0.21875
v 1.0499999523162842 0.10999999940395355 -0.21875
v 1.021875023841858 0.14000000059604645 0.21875
v 1.0499999523162842 0.10999999940395355 0.21875
v 0.6937500238418579 0.030000001192092896 -0.21875
v 0.7218749523162842 0.10999999940395355 -0.25
v 0.7218749523162842 0.030000001192092896 -0.25
v 0.6937500238418579 0.030000001192092896 -0.21875
v 0.6937500238418579 0.10999999940395355 -0.21875
v 0.7218749523162842 0.10999999940395355 -0.25
v 0.6937500238418579 0.030000001192092896 0.21875
v 0.7218749523162842 0.030000001192092896 0.25
v 0.7218749523162842 0.10999999940395355 0.25
v 0.6937500238418579 0.030000001192092896 0.21875
v 0.7218749523162842 0.10999999940395355 0.25
v 0.6937500238418579 0.10999999940395355 0.21875
v 1.0499999523162842 0.030000001192092896 -0.21875
v 1.021875023841858 0.030000001192092896 -0.25
v 1.021875023841858 0.10999999940395355 -0.25
v 1.0499999523162842 0.030000001192092896 -0.21875
v 1.021875023841858 0.10999999940395355 -0.25
v 1.0499999523162842 0.10999999940395355 -0.21875
v 1.0499999523162842 0.030000001192092896 0.21875
v 1.021875023841858 0.10999999940395355 0.25
v 1.021875023841858 0.030000001192092896 0.25
v 1.0499999523162842 0.030000001192092896 0.21875
v 1.0499999523162842 0.10999999940395355 0.21875
v 1.021875023841858 0.10999999940395355 0.25
v 0.7218749523162842 0 -0.21875
v 0.7218749523162842 0.030000001192092896 -0.25
v 1.021875023841858 0.030000001192092896 -0.25
v 0.7218749523162842 0 -0.21875
v 1.021875023841858 0.030000001192092896 -0.25
v 1.021875023841858 0 -0.21875
v 0.7218749523162842 0 0.21875
v 1.021875023841858 0.030000001192092896 0.25
v 0.7218749523162842 0.030000001192092896 0.25
v 0.7218749523162842 0 0.21875
v 1.021875023841858 0 0.21875
v 1.021875023841858 0.030000001192092896 0.25
v 0.7218749523162842 0.14000000059604645 -0.21875
v 1.021875023841858 0.10999999940395355 -0.25
v 0.7218749523162842 0.10999999940395355 -0.25
v 0.7218749523162842 0.14000000059604645 -0.21875
v 1.021875023841858 0.14000000059604645 -0.21875
v 1.021875023841858 0.10999999940395355 -0.25
v 0.7218749523162842 0.14000000059604645 0.21875
v 0.7218749523162842 0.10999999940395355 0.25
v 1.021875023841858 0.10999999940395355 0.25
v 0.7218749523162842 0.14000000059604645 0.21875
v 1.021875023841858 0.10999999940395355 0.25
v 1.021875023841858 0.14000000059604645 0.21875
v 0.6937500238418579 0.030000001192092896 -0.21875
v 0.7218749523162842 0.030000001192092896 -0.25
v 0.7218749523162842 0 -0.21875
v 0.6937500238418579 0.030000001192092896 0.21875
v 0.7218749523162842 0 0.21875
v 0.7218749523162842 0.030000001192092896 0.25
v 0.6937500238418579 0.10999999940395355 -0.21875
v 0.7218749523162842 0.14000000059604645 -0.21875
v 0.7218749523162842 0.10999999940395355 -0.25
v 0.6937500238418579 0.10999999940395355 0.21875
v 0.7218749523162842 0.10999999940395355 0.25
v 0.7218749523162842 0.14000000059604645 0.21875
v 1.0499999523162842 0.030000001192092896 -0.21875
v 1.021875023841858 0 -0.21875
v 1.021875023841858 0.030000001192092896 -0.25
v 1.0499999523162842 0.030000001192092896 0.21875
v 1.021875023841858 0.030000001192092896 0.25
v 1.021875023841858 0 0.21875
v 1.0499999523162842 0.10999999940395355 -0.21875
v 1.021875023841858 0.10999999940395355 -0.25
v 1.021875023841858 0.14000000059604645 -0.21875
v 1.0499999523162842 0.10999999940395355 0.21875
v 1.021875023841858 0.14000000059604645 0.21875
v 1.021875023841858 0.10999999940395355 0.25
vn -1 0 0
vn -1 0 0
vn -1 0 0
vn -1 0 0
vn -1 0 0
vn -1 0 0
vn 1 0 0
vn 1 0 0
vn 1 0 0
vn 1 0 0
vn 1 0 0
vn 1 0 0
vn 0 -1 0
vn 0 -1 0
vn 0 -1 0
vn 0 -1 0
vn 0 -1 0
vn 0 -1 0
vn 0 1 0
vn 0 1 0
vn 0 1 0
vn 0 1 0
vn 0 1 0
vn 0 1 0
vn 0 0 -1
vn 0 0 -1
vn 0 0 -1
vn 0 0 -1
vn 0 0 -1
vn 0 0 -1
vn 0 0 1
vn 0 0 1
vn 0 0 1
vn 0 0 1
vn 0 0 1
vn 0 0 1
vn -0.7295371985637669 -0.6839411348294024 0
vn -0.7295371985637669 -0.6839411348294024 0
vn -0.7295371985637669 -0.6839411348294024 0
vn -0.7295371985637669 -0.6839411348294024 0
vn -0.7295371985637669 -0.6839411348294024 0
vn -0.7295371985637669 -0.6839411348294024 0
vn -0.7295371985637669 0.6839411348294024 0
vn -0.7295371985637669 0.6839411348294024 0
vn -0.7295371985637669 0.6839411348294024 0
vn -0.7295371985637669 0.6839411348294024 0
vn -0.7295371985637669 0.6839411348294024 0
vn -0.7295371985637669 0.6839411348294024 0
vn 0.7295371985637669 -0.6839411348294024 0
vn 0.7295371985637669 -0.6839411348294024 0
vn 0.7295371985637669 -0.6839411348294024 0
vn 0.7295371985637669 -0.6839411348294024 0
vn 0.7295371985637669 -0.6839411348294024 0
vn 0.7295371985637669 -0.6839411348294024 0
vn 0.7295371985637669 0.6839411348294024 0
vn 0.7295371985637669 0.6839411348294024 0
vn 0.7295371985637669 0.6839411348294024 0
vn 0.7295371985637669 0.6839411348294024 0
vn 0.7295371985637669 0.6839411348294024 0
vn 0.7295371985637669 0.6839411348294024 0
vn -0.7432941551384665 0 -0.6689647217432271
vn -0.7432941551384665 0 -0.6689647217432271
vn -0.7432941551384665 0 -0.6689647217432271
vn -0.7432941551384665 0 -0.6689647217432271
vn -0.7432941551384665 0 -0.6689647217432271
vn -0.7432941551384665 0 -0.6689647217432271
vn -0.7432941551384665 0 0.6689647217432271
vn -0.7432941551384665 0 0.6689647217432271
vn -0.7432941551384665 0 0.6689647217432271
vn -0.7432941551384665 0 0.6689647217432271
vn -0.7432941551384665 0 0.6689647217432271
vn -0.7432941551384665 0 0.6689647217432271
vn 0.7432941551384665 0 -0.6689647217432271
vn 0.7432941551384665 0 -0.6689647217432271
vn 0.7432941551384665 0 -0.6689647217432271
vn 0.7432941551384665 0 -0.6689647217432271
vn 0.7432941551384665 0 -0.6689647217432271
vn 0.7432941551384665 0 -0.6689647217432271
vn 0.7432941551384665 0 0.6689647217432271
vn 0.7432941551384665 0 0.6689647217432271
vn 0.7432941551384665 0 0.6689647217432271
vn 0.7432941551384665 0 0.6689647217432271
vn 0.7432941551384665 0 0.6689647217432271
vn 0.7432941551384665 0 0.6689647217432271
vn 0 -0.7213873257953528 -0.6925318232267955
vn 0 -0.7213873257953528 -0.6925318232267955
vn 0 -0.7213873257953528 -0.6925318232267955
vn 0 -0.7213873257953528 -0.6925318232267955
vn 0 -0.7213873257953528 -0.6925318232267955
vn 0 -0.7213873257953528 -0.6925318232267955
vn 0 -0.7213873257953528 0.6925318232267955
vn 0 -0.7213873257953528 0.6925318232267955
vn 0 -0.7213873257953528 0.6925318232267955
vn 0 -0.7213873257953528 0.6925318232267955
vn 0 -0.7213873257953528 0.6925318232267955
vn 0 -0.7213873257953528 0.6925318232267955
vn 0 0.7213873257953528 -0.6925318232267955
vn 0 0.7213873257953528 -0.6925318232267955
vn 0 0.7213873257953528 -0.6925318232267955
vn 0 0.7213873257953528 -0.6925318232267955
vn 0 0.7213873257953528 -0.6925318232267955
vn 0 0.7213873257953528 -0.6925318232267955
vn 0 0.7213873257953528 0.6925318232267955
vn 0 0.7213873257953528 0.6925318232267955
vn 0 0.7213873257953528 0.6925318232267955
vn 0 0.7213873257953528 0.6925318232267955
vn 0 0.7213873257953528 0.6925318232267955
vn 0 0.7213873257953528 0.6925318232267955
vn -0.6098347905403738 -0.5717200639775363 -0.5488512518816917
vn -0.6098347905403738 -0.5717200639775363 -0.5488512518816917
vn -0.6098347905403738 -0.5717200639775363 -0.5488512518816917
vn -0.6098347905403738 -0.5717200639775363 0.5488512518816917
vn -0.6098347905403738 -0.5717200639775363 0.5488512518816917
vn -0.6098347905403738 -0.5717200639775363 0.5488512518816917
vn -0.6098347905403738 0.5717200639775363 -0.5488512518816917
vn -0.6098347905403738 0.5717200639775363 -0.5488512518816917
vn -0.6098347905403738 0.5717200639775363 -0.5488512518816917
vn -0.6098347905403738 0.5717200639775363 0.5488512518816917
vn -0.6098347905403738 0.5717200639775363 0.5488512518816917
vn -0.6098347905403738 0.5717200639775363 0.5488512518816917
vn 0.6098347905403738 -0.5717200639775363 -0.5488512518816917
vn 0.6098347905403738 -0.5717200639775363 -0.5488512518816917
vn 0.6098347905403738 -0.5717200639775363 -0.5488512518816917
vn 0.6098347905403738 -0.5717200639775363 0.5488512518816917
vn 0.6098347905403738 -0.5717200639775363 0.5488512518816917
vn 0.6098347905403738 -0.5717200639775363 0.5488512518816917
vn 0.6098347905403738 0.5717200639775363 -0.5488512518816917
vn 0.6098347905403738 0.5717200639775363 -0.5488512518816917
vn 0.6098347905403738 0.5717200639775363 -0.5488512518816917
vn 0.6098347905403738 0.5717200639775363 0.5488512518816917
vn 0.6098347905403738 0.5717200639775363 0.5488512518816917
vn 0.6098347905403738 0.5717200639775363 0.5488512518816917
f 289//289 290//290 291//291
f 292//292 293//293 294//294
f 295//295 296//296 297//297
f 298//298 299//299 300//300
f 301//301 302//302 303//303
f 304//304 305//305 306//306
f 307//307 308//308 309//309
f 310//310 311//311 312//312
f 313//313 314//314 315//315
f 316//316 317//317 318//318
f 319//319 320//320 321//321
f 322//322 323//323 324//324
f 325//325 326//326 327//327
f 328//328 329//329 330//330
f 331//331 332//332 333//333
f 334//334 335//335 336//336
f 337//337 338//338 339//339
f 340//340 341//341 342//342
f 343//343 344//344 345//345
f 346//346 347//347 348//348
f 349//349 350//350 351//351
f 352//352 353//353 354//354
f 355//355 356//356 357//357
f 358//358 359//359 360//360
f 361//361 362//362 363//363
f 364//364 365//365 366//366
f 367//367 368//368 369//369
f 370//370 371//371 372//372
f 373//373 374//374 375//375
f 376//376 377//377 378//378
f 379//379 380//380 381//381
f 382//382 383//383 384//384
f 385//385 386//386 387//387
f 388//388 389//389 390//390
f 391//391 392//392 393//393
f 394//394 395//395 396//396
f 397//397 398//398 399//399
f 400//400 401//401 402//402
f 403//403 404//404 405//405
f 406//406 407//407 408//408
f 409//409 410//410 411//411
f 412//412 413//413 414//414
f 415//415 416//416 417//417
f 418//418 419//419 420//420
o post_r
usemtl cobalt
v 0.7593749761581421 0.029999982565641403 -0.1875000149011612
v 0.7593749761581421 1.8700000047683716 0.1875000149011612
v 0.7593749761581421 1.8700000047683716 -0.1875000149011612
v 0.7593749761581421 0.029999982565641403 -0.1875000149011612
v 0.7593749761581421 0.029999982565641403 0.1875000149011612
v 0.7593749761581421 1.8700000047683716 0.1875000149011612
v 0.9843749403953552 0.029999982565641403 -0.1875000149011612
v 0.9843749403953552 1.8700000047683716 -0.1875000149011612
v 0.9843749403953552 1.8700000047683716 0.1875000149011612
v 0.9843749403953552 0.029999982565641403 -0.1875000149011612
v 0.9843749403953552 1.8700000047683716 0.1875000149011612
v 0.9843749403953552 0.029999982565641403 0.1875000149011612
v 0.7874999642372131 1.2218952072373668e-8 -0.1875000149011612
v 0.9562499523162842 1.2218952072373668e-8 -0.1875000149011612
v 0.9562499523162842 1.2218952072373668e-8 0.1875000149011612
v 0.7874999642372131 1.2218952072373668e-8 -0.1875000149011612
v 0.9562499523162842 1.2218952072373668e-8 0.1875000149011612
v 0.7874999642372131 1.2218952072373668e-8 0.1875000149011612
v 0.7874999642372131 1.899999976158142 -0.1875000149011612
v 0.9562499523162842 1.899999976158142 0.1875000149011612
v 0.9562499523162842 1.899999976158142 -0.1875000149011612
v 0.7874999642372131 1.899999976158142 -0.1875000149011612
v 0.7874999642372131 1.899999976158142 0.1875000149011612
v 0.9562499523162842 1.899999976158142 0.1875000149011612
v 0.7874999642372131 0.029999982565641403 -0.21875
v 0.9562499523162842 1.8700000047683716 -0.21875
v 0.9562499523162842 0.029999982565641403 -0.21875
v 0.7874999642372131 0.029999982565641403 -0.21875
v 0.7874999642372131 1.8700000047683716 -0.21875
v 0.9562499523162842 1.8700000047683716 -0.21875
v 0.7874999642372131 0.029999982565641403 0.21875
v 0.9562499523162842 0.029999982565641403 0.21875
v 0.9562499523162842 1.8700000047683716 0.21875
v 0.7874999642372131 0.029999982565641403 0.21875
v 0.9562499523162842 1.8700000047683716 0.21875
v 0.7874999642372131 1.8700000047683716 0.21875
v 0.7593749761581421 0.029999982565641403 -0.1875000149011612
v 0.7874999642372131 1.2218952072373668e-8 -0.1875000149011612
v 0.7874999642372131 1.2218952072373668e-8 0.1875000149011612
v 0.7593749761581421 0.029999982565641403 -0.1875000149011612
v 0.7874999642372131 1.2218952072373668e-8 0.1875000149011612
v 0.7593749761581421 0.029999982565641403 0.1875000149011612
v 0.7593749761581421 1.8700000047683716 -0.1875000149011612
v 0.7874999642372131 1.899999976158142 0.1875000149011612
v 0.7874999642372131 1.899999976158142 -0.1875000149011612
v 0.7593749761581421 1.8700000047683716 -0.1875000149011612
v 0.7593749761581421 1.8700000047683716 0.1875000149011612
v 0.7874999642372131 1.899999976158142 0.1875000149011612
v 0.9843749403953552 0.029999982565641403 -0.1875000149011612
v 0.9562499523162842 1.2218952072373668e-8 0.1875000149011612
v 0.9562499523162842 1.2218952072373668e-8 -0.1875000149011612
v 0.9843749403953552 0.029999982565641403 -0.1875000149011612
v 0.9843749403953552 0.029999982565641403 0.1875000149011612
v 0.9562499523162842 1.2218952072373668e-8 0.1875000149011612
v 0.9843749403953552 1.8700000047683716 -0.1875000149011612
v 0.9562499523162842 1.899999976158142 -0.1875000149011612
v 0.9562499523162842 1.899999976158142 0.1875000149011612
v 0.9843749403953552 1.8700000047683716 -0.1875000149011612
v 0.9562499523162842 1.899999976158142 0.1875000149011612
v 0.9843749403953552 1.8700000047683716 0.1875000149011612
v 0.7593749761581421 0.029999982565641403 -0.1875000149011612
v 0.7874999642372131 1.8700000047683716 -0.21875
v 0.7874999642372131 0.029999982565641403 -0.21875
v 0.7593749761581421 0.029999982565641403 -0.1875000149011612
v 0.7593749761581421 1.8700000047683716 -0.1875000149011612
v 0.7874999642372131 1.8700000047683716 -0.21875
v 0.7593749761581421 0.029999982565641403 0.1875000149011612
v 0.7874999642372131 0.029999982565641403 0.21875
v 0.7874999642372131 1.8700000047683716 0.21875
v 0.7593749761581421 0.029999982565641403 0.1875000149011612
v 0.7874999642372131 1.8700000047683716 0.21875
v 0.7593749761581421 1.8700000047683716 0.1875000149011612
v 0.9843749403953552 0.029999982565641403 -0.1875000149011612
v 0.9562499523162842 0.029999982565641403 -0.21875
v 0.9562499523162842 1.8700000047683716 -0.21875
v 0.9843749403953552 0.029999982565641403 -0.1875000149011612
v 0.9562499523162842 1.8700000047683716 -0.21875
v 0.9843749403953552 1.8700000047683716 -0.1875000149011612
v 0.9843749403953552 0.029999982565641403 0.1875000149011612
v 0.9562499523162842 1.8700000047683716 0.21875
v 0.9562499523162842 0.029999982565641403 0.21875
v 0.9843749403953552 0.029999982565641403 0.1875000149011612
v 0.9843749403953552 1.8700000047683716 0.1875000149011612
v 0.9562499523162842 1.8700000047683716 0.21875
v 0.7874999642372131 1.2218952072373668e-8 -0.1875000149011612
v 0.7874999642372131 0.029999982565641403 -0.21875
v 0.9562499523162842 0.029999982565641403 -0.21875
v 0.7874999642372131 1.2218952072373668e-8 -0.1875000149011612
v 0.9562499523162842 0.029999982565641403 -0.21875
v 0.9562499523162842 1.2218952072373668e-8 -0.1875000149011612
v 0.7874999642372131 1.2218952072373668e-8 0.1875000149011612
v 0.9562499523162842 0.029999982565641403 0.21875
v 0.7874999642372131 0.029999982565641403 0.21875
v 0.7874999642372131 1.2218952072373668e-8 0.1875000149011612
v 0.9562499523162842 1.2218952072373668e-8 0.1875000149011612
v 0.9562499523162842 0.029999982565641403 0.21875
v 0.7874999642372131 1.899999976158142 -0.1875000149011612
v 0.9562499523162842 1.8700000047683716 -0.21875
v 0.7874999642372131 1.8700000047683716 -0.21875
v 0.7874999642372131 1.899999976158142 -0.1875000149011612
v 0.9562499523162842 1.899999976158142 -0.1875000149011612
v 0.9562499523162842 1.8700000047683716 -0.21875
v 0.7874999642372131 1.899999976158142 0.1875000149011612
v 0.7874999642372131 1.8700000047683716 0.21875
v 0.9562499523162842 1.8700000047683716 0.21875
v 0.7874999642372131 1.899999976158142 0.1875000149011612
v 0.9562499523162842 1.8700000047683716 0.21875
v 0.9562499523162842 1.899999976158142 0.1875000149011612
v 0.7593749761581421 0.029999982565641403 -0.1875000149011612
v 0.7874999642372131 0.029999982565641403 -0.21875
v 0.7874999642372131 1.2218952072373668e-8 -0.1875000149011612
v 0.7593749761581421 0.029999982565641403 0.1875000149011612
v 0.7874999642372131 1.2218952072373668e-8 0.1875000149011612
v 0.7874999642372131 0.029999982565641403 0.21875
v 0.7593749761581421 1.8700000047683716 -0.1875000149011612
v 0.7874999642372131 1.899999976158142 -0.1875000149011612
v 0.7874999642372131 1.8700000047683716 -0.21875
v 0.7593749761581421 1.8700000047683716 0.1875000149011612
v 0.7874999642372131 1.8700000047683716 0.21875
v 0.7874999642372131 1.899999976158142 0.1875000149011612
v 0.9843749403953552 0.029999982565641403 -0.1875000149011612
v 0.9562499523162842 1.2218952072373668e-8 -0.1875000149011612
v 0.9562499523162842 0.029999982565641403 -0.21875
v 0.9843749403953552 0.029999982565641403 0.1875000149011612
v 0.9562499523162842 0.029999982565641403 0.21875
v 0.9562499523162842 1.2218952072373668e-8 0.1875000149011612
v 0.9843749403953552 1.8700000047683716 -0.1875000149011612
v 0.9562499523162842 1.8700000047683716 -0.21875
v 0.9562499523162842 1.899999976158142 -0.1875000149011612
v 0.9843749403953552 1.8700000047683716 0.1875000149011612
v 0.9562499523162842 1.899999976158142 0.1875000149011612
v 0.9562499523162842 1.8700000047683716 0.21875
vn -1 0 0
vn -1 0 0
vn -1 0 0
vn -1 0 0
vn -1 0 0
vn -1 0 0
vn 1 0 0
vn 1 0 0
vn 1 0 0
vn 1 0 0
vn 1 0 0
vn 1 0 0
vn 0 -1 0
vn 0 -1 0
vn 0 -1 0
vn 0 -1 0
vn 0 -1 0
vn 0 -1 0
vn 0 1 0
vn 0 1 0
vn 0 1 0
vn 0 1 0
vn 0 1 0
vn 0 1 0
vn 0 0 -1
vn 0 0 -1
vn 0 0 -1
vn 0 0 -1
vn 0 0 -1
vn 0 0 -1
vn 0 0 1
vn 0 0 1
vn 0 0 1
vn 0 0 1
vn 0 0 1
vn 0 0 1
vn -0.7295369383355376 -0.6839414124060702 0
vn -0.7295369383355376 -0.6839414124060702 0
vn -0.7295369383355376 -0.6839414124060702 0
vn -0.7295369383355376 -0.6839414124060702 0
vn -0.7295369383355376 -0.6839414124060702 0
vn -0.7295369383355376 -0.6839414124060702 0
vn -0.7295369383355376 0.6839414124060702 0
vn -0.7295369383355376 0.6839414124060702 0
vn -0.7295369383355376 0.6839414124060702 0
vn -0.7295369383355376 0.6839414124060702 0
vn -0.7295369383355376 0.6839414124060702 0
vn -0.7295369383355376 0.6839414124060702 0
vn 0.7295369383355376 -0.6839414124060702 0
vn 0.7295369383355376 -0.6839414124060702 0
vn 0.7295369383355376 -0.6839414124060702 0
vn 0.7295369383355376 -0.6839414124060702 0
vn 0.7295369383355376 -0.6839414124060702 0
vn 0.7295369383355376 -0.6839414124060702 0
vn 0.7295369383355376 0.6839414124060702 0
vn 0.7295369383355376 0.6839414124060702 0
vn 0.7295369383355376 0.6839414124060702 0
vn 0.7295369383355376 0.6839414124060702 0
vn 0.7295369383355376 0.6839414124060702 0
vn 0.7295369383355376 0.6839414124060702 0
vn -0.7432940988268959 0 -0.6689647843116353
vn -0.7432940988268959 0 -0.6689647843116353
vn -0.7432940988268959 0 -0.6689647843116353
vn -0.7432940988268959 0 -0.6689647843116353
vn -0.7432940988268959 0 -0.6689647843116353
vn -0.7432940988268959 0 -0.6689647843116353
vn -0.7432940988268959 0 0.6689647843116353
vn -0.7432940988268959 0 0.6689647843116353
vn -0.7432940988268959 0 0.6689647843116353
vn -0.7432940988268959 0 0.6689647843116353
vn -0.7432940988268959 0 0.6689647843116353
vn -0.7432940988268959 0 0.6689647843116353
vn 0.7432940988268959 0 -0.6689647843116353
vn 0.7432940988268959 0 -0.6689647843116353
vn 0.7432940988268959 0 -0.6689647843116353
vn 0.7432940988268959 0 -0.6689647843116353
vn 0.7432940988268959 0 -0.6689647843116353
vn 0.7432940988268959 0 -0.6689647843116353
vn 0.7432940988268959 0 0.6689647843116353
vn 0.7432940988268959 0 0.6689647843116353
vn 0.7432940988268959 0 0.6689647843116353
vn 0.7432940988268959 0 0.6689647843116353
vn 0.7432940988268959 0 0.6689647843116353
vn 0.7432940988268959 0 0.6689647843116353
vn 0 -0.7213875008870732 -0.6925316408395381
vn 0 -0.7213875008870732 -0.6925316408395381
vn 0 -0.7213875008870732 -0.6925316408395381
vn 0 -0.7213875008870732 -0.6925316408395381
vn 0 -0.7213875008870732 -0.6925316408395381
vn 0 -0.7213875008870732 -0.6925316408395381
vn 0 -0.7213875008870732 0.6925316408395381
vn 0 -0.7213875008870732 0.6925316408395381
vn 0 -0.7213875008870732 0.6925316408395381
vn 0 -0.7213875008870732 0.6925316408395381
vn 0 -0.7213875008870732 0.6925316408395381
vn 0 -0.7213875008870732 0.6925316408395381
vn 0 0.7213875008870732 -0.6925316408395381
vn 0 0.7213875008870732 -0.6925316408395381
vn 0 0.7213875008870732 -0.6925316408395381
vn 0 0.7213875008870732 -0.6925316408395381
vn 0 0.7213875008870732 -0.6925316408395381
vn 0 0.7213875008870732 -0.6925316408395381
vn 0 0.7213875008870732 0.6925316408395381
vn 0 0.7213875008870732 0.6925316408395381
vn 0 0.7213875008870732 0.6925316408395381
vn 0 0.7213875008870732 0.6925316408395381
vn 0 0.7213875008870732 0.6925316408395381
vn 0 0.7213875008870732 0.6925316408395381
vn -0.6098345776136637 -0.5717203262947599 -0.548851215219733
vn -0.6098345776136637 -0.5717203262947599 -0.548851215219733
vn -0.6098345776136637 -0.5717203262947599 -0.548851215219733
vn -0.6098345776136637 -0.5717203262947599 0.548851215219733
vn -0.6098345776136637 -0.5717203262947599 0.548851215219733
vn -0.6098345776136637 -0.5717203262947599 0.548851215219733
vn -0.6098345776136637 0.5717203262947599 -0.548851215219733
vn -0.6098345776136637 0.5717203262947599 -0.548851215219733
vn -0.6098345776136637 0.5717203262947599 -0.548851215219733
vn -0.6098345776136637 0.5717203262947599 0.548851215219733
vn -0.6098345776136637 0.5717203262947599 0.548851215219733
vn -0.6098345776136637 0.5717203262947599 0.548851215219733
vn 0.6098345776136637 -0.5717203262947599 -0.548851215219733
vn 0.6098345776136637 -0.5717203262947599 -0.548851215219733
vn 0.6098345776136637 -0.5717203262947599 -0.548851215219733
vn 0.6098345776136637 -0.5717203262947599 0.548851215219733
vn 0.6098345776136637 -0.5717203262947599 0.548851215219733
vn 0.6098345776136637 -0.5717203262947599 0.548851215219733
vn 0.6098345776136637 0.5717203262947599 -0.548851215219733
vn 0.6098345776136637 0.5717203262947599 -0.548851215219733
vn 0.6098345776136637 0.5717203262947599 -0.548851215219733
vn 0.6098345776136637 0.5717203262947599 0.548851215219733
vn 0.6098345776136637 0.5717203262947599 0.548851215219733
vn 0.6098345776136637 0.5717203262947599 0.548851215219733
f 421//421 422//422 423//423
f 424//424 425//425 426//426
f 427//427 428//428 429//429
f 430//430 431//431 432//432
f 433//433 434//434 435//435
f 436//436 437//437 438//438
f 439//439 440//440 441//441
f 442//442 443//443 444//444
f 445//445 446//446 447//447
f 448//448 449//449 450//450
f 451//451 452//452 453//453
f 454//454 455//455 456//456
f 457//457 458//458 459//459
f 460//460 461//461 462//462
f 463//463 464//464 465//465
f 466//466 467//467 468//468
f 469//469 470//470 471//471
f 472//472 473//473 474//474
f 475//475 476//476 477//477
f 478//478 479//479 480//480
f 481//481 482//482 483//483
f 484//484 485//485 486//486
f 487//487 488//488 489//489
f 490//490 491//491 492//492
f 493//493 494//494 495//495
f 496//496 497//497 498//498
f 499//499 500//500 501//501
f 502//502 503//503 504//504
f 505//505 506//506 507//507
f 508//508 509//509 510//510
f 511//511 512//512 513//513
f 514//514 515//515 516//516
f 517//517 518//518 519//519
f 520//520 521//521 522//522
f 523//523 524//524 525//525
f 526//526 527//527 528//528
f 529//529 530//530 531//531
f 532//532 533//533 534//534
f 535//535 536//536 537//537
f 538//538 539//539 540//540
f 541//541 542//542 543//543
f 544//544 545//545 546//546
f 547//547 548//548 549//549
f 550//550 551//551 552//552
o post_light_r
usemtl gold
v 0.9375 1.3700000047683716 0.2291666716337204
v 0.9375 1.3700000047683716 -0.2291666716337204
v 0.9375 1.2300000190734863 0.2291666716337204
v 0.9375 1.2300000190734863 -0.2291666716337204
v 0.8062500357627869 1.3700000047683716 -0.2291666716337204
v 0.8062500357627869 1.3700000047683716 0.2291666716337204
v 0.8062500357627869 1.2300000190734863 -0.2291666716337204
v 0.8062500357627869 1.2300000190734863 0.2291666716337204
v 0.8062500357627869 1.3700000047683716 -0.2291666716337204
v 0.9375 1.3700000047683716 -0.2291666716337204
v 0.8062500357627869 1.3700000047683716 0.2291666716337204
v 0.9375 1.3700000047683716 0.2291666716337204
v 0.8062500357627869 1.2300000190734863 0.2291666716337204
v 0.9375 1.2300000190734863 0.2291666716337204
v 0.8062500357627869 1.2300000190734863 -0.2291666716337204
v 0.9375 1.2300000190734863 -0.2291666716337204
v 0.8062500357627869 1.3700000047683716 0.2291666716337204
v 0.9375 1.3700000047683716 0.2291666716337204
v 0.8062500357627869 1.2300000190734863 0.2291666716337204
v 0.9375 1.2300000190734863 0.2291666716337204
v 0.9375 1.3700000047683716 -0.2291666716337204
v 0.8062500357627869 1.3700000047683716 -0.2291666716337204
v 0.9375 1.2300000190734863 -0.2291666716337204
v 0.8062500357627869 1.2300000190734863 -0.2291666716337204
vt 0 1
vt 1 1
vt 0 0
vt 1 0
vt 0 1
vt 1 1
vt 0 0
vt 1 0
vt 0 1
vt 1 1
vt 0 0
vt 1 0
vt 0 1
vt 1 1
vt 0 0
vt 1 0
vt 0 1
vt 1 1
vt 0 0
vt 1 0
vt 0 1
vt 1 1
vt 0 0
vt 1 0
vn 1 0 0
vn 1 0 0
vn 1 0 0
vn 1 0 0
vn -1 0 0
vn -1 0 0
vn -1 0 0
vn -1 0 0
vn 0 1 0
vn 0 1 0
vn 0 1 0
vn 0 1 0
vn 0 -1 0
vn 0 -1 0
vn 0 -1 0
vn 0 -1 0
vn 0 0 1
vn 0 0 1
vn 0 0 1
vn 0 0 1
vn 0 0 -1
vn 0 0 -1
vn 0 0 -1
vn 0 0 -1
f 553/25/553 555/27/555 554/26/554
f 555/27/555 556/28/556 554/26/554
f 557/29/557 559/31/559 558/30/558
f 559/31/559 560/32/560 558/30/558
f 561/33/561 563/35/563 562/34/562
f 563/35/563 564/36/564 562/34/562
f 565/37/565 567/39/567 566/38/566
f 567/39/567 568/40/568 566/38/566
f 569/41/569 571/43/571 570/42/570
f 571/43/571 572/44/572 570/42/570
f 573/45/573 575/47/575 574/46/574
f 575/47/575 576/48/576 574/46/574
o crossbar
usemtl cream
v -0.9843749403953552 1.5800000429153442 -0.1562500149011612
v -0.9843749403953552 1.8600000143051147 0.1562500149011612
v -0.9843749403953552 1.8600000143051147 -0.1562500149011612
v -0.9843749403953552 1.5800000429153442 -0.1562500149011612
v -0.9843749403953552 1.5800000429153442 0.1562500149011612
v -0.9843749403953552 1.8600000143051147 0.1562500149011612
v 0.9843749403953552 1.5800000429153442 -0.1562500149011612
v 0.9843749403953552 1.8600000143051147 -0.1562500149011612
v 0.9843749403953552 1.8600000143051147 0.1562500149011612
v 0.9843749403953552 1.5800000429153442 -0.1562500149011612
v 0.9843749403953552 1.8600000143051147 0.1562500149011612
v 0.9843749403953552 1.5800000429153442 0.1562500149011612
v -0.9562499523162842 1.5499999523162842 -0.1562500149011612
v 0.9562499523162842 1.5499999523162842 -0.1562500149011612
v 0.9562499523162842 1.5499999523162842 0.1562500149011612
v -0.9562499523162842 1.5499999523162842 -0.1562500149011612
v 0.9562499523162842 1.5499999523162842 0.1562500149011612
v -0.9562499523162842 1.5499999523162842 0.1562500149011612
v -0.9562499523162842 1.8899999856948853 -0.1562500149011612
v 0.9562499523162842 1.8899999856948853 0.1562500149011612
v 0.9562499523162842 1.8899999856948853 -0.1562500149011612
v -0.9562499523162842 1.8899999856948853 -0.1562500149011612
v -0.9562499523162842 1.8899999856948853 0.1562500149011612
v 0.9562499523162842 1.8899999856948853 0.1562500149011612
v -0.9562499523162842 1.5800000429153442 -0.1875000149011612
v 0.9562499523162842 1.8600000143051147 -0.1875000149011612
v 0.9562499523162842 1.5800000429153442 -0.1875000149011612
v -0.9562499523162842 1.5800000429153442 -0.1875000149011612
v -0.9562499523162842 1.8600000143051147 -0.1875000149011612
v 0.9562499523162842 1.8600000143051147 -0.1875000149011612
v -0.9562499523162842 1.5800000429153442 0.1875000149011612
v 0.9562499523162842 1.5800000429153442 0.1875000149011612
v 0.9562499523162842 1.8600000143051147 0.1875000149011612
v -0.9562499523162842 1.5800000429153442 0.1875000149011612
v 0.9562499523162842 1.8600000143051147 0.1875000149011612
v -0.9562499523162842 1.8600000143051147 0.1875000149011612
v -0.9843749403953552 1.5800000429153442 -0.1562500149011612
v -0.9562499523162842 1.5499999523162842 -0.1562500149011612
v -0.9562499523162842 1.5499999523162842 0.1562500149011612
v -0.9843749403953552 1.5800000429153442 -0.1562500149011612
v -0.9562499523162842 1.5499999523162842 0.1562500149011612
v -0.9843749403953552 1.5800000429153442 0.1562500149011612
v -0.9843749403953552 1.8600000143051147 -0.1562500149011612
v -0.9562499523162842 1.8899999856948853 0.1562500149011612
v -0.9562499523162842 1.8899999856948853 -0.1562500149011612
v -0.9843749403953552 1.8600000143051147 -0.1562500149011612
v -0.9843749403953552 1.8600000143051147 0.1562500149011612
v -0.9562499523162842 1.8899999856948853 0.1562500149011612
v 0.9843749403953552 1.5800000429153442 -0.1562500149011612
v 0.9562499523162842 1.5499999523162842 0.1562500149011612
v 0.9562499523162842 1.5499999523162842 -0.1562500149011612
v 0.9843749403953552 1.5800000429153442 -0.1562500149011612
v 0.9843749403953552 1.5800000429153442 0.1562500149011612
v 0.9562499523162842 1.5499999523162842 0.1562500149011612
v 0.9843749403953552 1.8600000143051147 -0.1562500149011612
v 0.9562499523162842 1.8899999856948853 -0.1562500149011612
v 0.9562499523162842 1.8899999856948853 0.1562500149011612
v 0.9843749403953552 1.8600000143051147 -0.1562500149011612
v 0.9562499523162842 1.8899999856948853 0.1562500149011612
v 0.9843749403953552 1.8600000143051147 0.1562500149011612
v -0.9843749403953552 1.5800000429153442 -0.1562500149011612
v -0.9562499523162842 1.8600000143051147 -0.1875000149011612
v -0.9562499523162842 1.5800000429153442 -0.1875000149011612
v -0.9843749403953552 1.5800000429153442 -0.1562500149011612
v -0.9843749403953552 1.8600000143051147 -0.1562500149011612
v -0.9562499523162842 1.8600000143051147 -0.1875000149011612
v -0.9843749403953552 1.5800000429153442 0.1562500149011612
v -0.9562499523162842 1.5800000429153442 0.1875000149011612
v -0.9562499523162842 1.8600000143051147 0.1875000149011612
v -0.9843749403953552 1.5800000429153442 0.1562500149011612
v -0.9562499523162842 1.8600000143051147 0.1875000149011612
v -0.9843749403953552 1.8600000143051147 0.1562500149011612
v 0.9843749403953552 1.5800000429153442 -0.1562500149011612
v 0.9562499523162842 1.5800000429153442 -0.1875000149011612
v 0.9562499523162842 1.8600000143051147 -0.1875000149011612
v 0.9843749403953552 1.5800000429153442 -0.1562500149011612
v 0.9562499523162842 1.8600000143051147 -0.1875000149011612
v 0.9843749403953552 1.8600000143051147 -0.1562500149011612
v 0.9843749403953552 1.5800000429153442 0.1562500149011612
v 0.9562499523162842 1.8600000143051147 0.1875000149011612
v 0.9562499523162842 1.5800000429153442 0.1875000149011612
v 0.9843749403953552 1.5800000429153442 0.1562500149011612
v 0.9843749403953552 1.8600000143051147 0.1562500149011612
v 0.9562499523162842 1.8600000143051147 0.1875000149011612
v -0.9562499523162842 1.5499999523162842 -0.1562500149011612
v -0.9562499523162842 1.5800000429153442 -0.1875000149011612
v 0.9562499523162842 1.5800000429153442 -0.1875000149011612
v -0.9562499523162842 1.5499999523162842 -0.1562500149011612
v 0.9562499523162842 1.5800000429153442 -0.1875000149011612
v 0.9562499523162842 1.5499999523162842 -0.1562500149011612
v -0.9562499523162842 1.5499999523162842 0.1562500149011612
v 0.9562499523162842 1.5800000429153442 0.1875000149011612
v -0.9562499523162842 1.5800000429153442 0.1875000149011612
v -0.9562499523162842 1.5499999523162842 0.1562500149011612
v 0.9562499523162842 1.5499999523162842 0.1562500149011612
v 0.9562499523162842 1.5800000429153442 0.1875000149011612
v -0.9562499523162842 1.8899999856948853 -0.1562500149011612
v 0.9562499523162842 1.8600000143051147 -0.1875000149011612
v -0.9562499523162842 1.8600000143051147 -0.1875000149011612
v -0.9562499523162842 1.8899999856948853 -0.1562500149011612
v 0.9562499523162842 1.8899999856948853 -0.1562500149011612
v 0.9562499523162842 1.8600000143051147 -0.1875000149011612
v -0.9562499523162842 1.8899999856948853 0.1562500149011612
v -0.9562499523162842 1.8600000143051147 0.1875000149011612
v 0.9562499523162842 1.8600000143051147 0.1875000149011612
v -0.9562499523162842 1.8899999856948853 0.1562500149011612
v 0.9562499523162842 1.8600000143051147 0.1875000149011612
v 0.9562499523162842 1.8899999856948853 0.1562500149011612
v -0.9843749403953552 1.5800000429153442 -0.1562500149011612
v -0.9562499523162842 1.5800000429153442 -0.1875000149011612
v -0.9562499523162842 1.5499999523162842 -0.1562500149011612
v -0.9843749403953552 1.5800000429153442 0.1562500149011612
v -0.9562499523162842 1.5499999523162842 0.1562500149011612
v -0.9562499523162842 1.5800000429153442 0.1875000149011612
v -0.9843749403953552 1.8600000143051147 -0.1562500149011612
v -0.9562499523162842 1.8899999856948853 -0.1562500149011612
v -0.9562499523162842 1.8600000143051147 -0.1875000149011612
v -0.9843749403953552 1.8600000143051147 0.1562500149011612
v -0.9562499523162842 1.8600000143051147 0.1875000149011612
v -0.9562499523162842 1.8899999856948853 0.1562500149011612
v 0.9843749403953552 1.5800000429153442 -0.1562500149011612
v 0.9562499523162842 1.5499999523162842 -0.1562500149011612
v 0.9562499523162842 1.5800000429153442 -0.1875000149011612
v 0.9843749403953552 1.5800000429153442 0.1562500149011612
v 0.9562499523162842 1.5800000429153442 0.1875000149011612
v 0.9562499523162842 1.5499999523162842 0.1562500149011612
v 0.9843749403953552 1.8600000143051147 -0.1562500149011612
v 0.9562499523162842 1.8600000143051147 -0.1875000149011612
v 0.9562499523162842 1.8899999856948853 -0.1562500149011612
v 0.9843749403953552 1.8600000143051147 0.1562500149011612
v 0.9562499523162842 1.8899999856948853 0.1562500149011612
v 0.9562499523162842 1.8600000143051147 0.1875000149011612
vn -1 0 0
vn -1 0 0
vn -1 0 0
vn -1 0 0
vn -1 0 0
vn -1 0 0
vn 1 0 0
vn 1 0 0
vn 1 0 0
vn 1 0 0
vn 1 0 0
vn 1 0 0
vn 0 -1 0
vn 0 -1 0
vn 0 -1 0
vn 0 -1 0
vn 0 -1 0
vn 0 -1 0
vn 0 1 0
vn 0 1 0
vn 0 1 0
vn 0 1 0
vn 0 1 0
vn 0 1 0
vn 0 0 -1
vn 0 0 -1
vn 0 0 -1
vn 0 0 -1
vn 0 0 -1
vn 0 0 -1
vn 0 0 1
vn 0 0 1
vn 0 0 1
vn 0 0 1
vn 0 0 1
vn 0 0 1
vn -0.729537544295399 -0.6839407660488142 0
vn -0.729537544295399 -0.6839407660488142 0
vn -0.729537544295399 -0.6839407660488142 0
vn -0.729537544295399 -0.6839407660488142 0
vn -0.729537544295399 -0.6839407660488142 0
vn -0.729537544295399 -0.6839407660488142 0
vn -0.729537544295399 0.6839407660488142 0
vn -0.729537544295399 0.6839407660488142 0
vn -0.729537544295399 0.6839407660488142 0
vn -0.729537544295399 0.6839407660488142 0
vn -0.729537544295399 0.6839407660488142 0
vn -0.729537544295399 0.6839407660488142 0
vn 0.729537544295399 -0.6839407660488142 0
vn 0.729537544295399 -0.6839407660488142 0
vn 0.729537544295399 -0.6839407660488142 0
vn 0.729537544295399 -0.6839407660488142 0
vn 0.729537544295399 -0.6839407660488142 0
vn 0.729537544295399 -0.6839407660488142 0
vn 0.729537544295399 0.6839407660488142 0
vn 0.729537544295399 0.6839407660488142 0
vn 0.729537544295399 0.6839407660488142 0
vn 0.729537544295399 0.6839407660488142 0
vn 0.729537544295399 0.6839407660488142 0
vn 0.729537544295399 0.6839407660488142 0
vn -0.7432944959715637 0 -0.6689643430395815
vn -0.7432944959715637 0 -0.6689643430395815
vn -0.7432944959715637 0 -0.6689643430395815
vn -0.7432944959715637 0 -0.6689643430395815
vn -0.7432944959715637 0 -0.6689643430395815
vn -0.7432944959715637 0 -0.6689643430395815
vn -0.7432944959715637 0 0.6689643430395815
vn -0.7432944959715637 0 0.6689643430395815
vn -0.7432944959715637 0 0.6689643430395815
vn -0.7432944959715637 0 0.6689643430395815
vn -0.7432944959715637 0 0.6689643430395815
vn -0.7432944959715637 0 0.6689643430395815
vn 0.7432944959715637 0 -0.6689643430395815
vn 0.7432944959715637 0 -0.6689643430395815
vn 0.7432944959715637 0 -0.6689643430395815
vn 0.7432944959715637 0 -0.6689643430395815
vn 0.7432944959715637 0 -0.6689643430395815
vn 0.7432944959715637 0 -0.6689643430395815
vn 0.7432944959715637 0 0.6689643430395815
vn 0.7432944959715637 0 0.6689643430395815
vn 0.7432944959715637 0 0.6689643430395815
vn 0.7432944959715637 0 0.6689643430395815
vn 0.7432944959715637 0 0.6689643430395815
vn 0.7432944959715637 0 0.6689643430395815
vn 0 -0.7213873257953528 -0.6925318232267955
vn 0 -0.7213873257953528 -0.6925318232267955
vn 0 -0.7213873257953528 -0.6925318232267955
vn 0 -0.7213873257953528 -0.6925318232267955
vn 0 -0.7213873257953528 -0.6925318232267955
vn 0 -0.7213873257953528 -0.6925318232267955
vn 0 -0.7213873257953528 0.6925318232267955
vn 0 -0.7213873257953528 0.6925318232267955
vn 0 -0.7213873257953528 0.6925318232267955
vn 0 -0.7213873257953528 0.6925318232267955
vn 0 -0.7213873257953528 0.6925318232267955
vn 0 -0.7213873257953528 0.6925318232267955
vn 0 0.7213873257953528 -0.6925318232267955
vn 0 0.7213873257953528 -0.6925318232267955
vn 0 0.7213873257953528 -0.6925318232267955
vn 0 0.7213873257953528 -0.6925318232267955
vn 0 0.7213873257953528 -0.6925318232267955
vn 0 0.7213873257953528 -0.6925318232267955
vn 0 0.7213873257953528 0.6925318232267955
vn 0 0.7213873257953528 0.6925318232267955
vn 0 0.7213873257953528 0.6925318232267955
vn 0 0.7213873257953528 0.6925318232267955
vn 0 0.7213873257953528 0.6925318232267955
vn 0 0.7213873257953528 0.6925318232267955
vn -0.6098350999240691 -0.5717198958140342 -0.5488510832921719
vn -0.6098350999240691 -0.5717198958140342 -0.5488510832921719
vn -0.6098350999240691 -0.5717198958140342 -0.5488510832921719
vn -0.6098350999240691 -0.5717198958140342 0.5488510832921719
vn -0.6098350999240691 -0.5717198958140342 0.5488510832921719
vn -0.6098350999240691 -0.5717198958140342 0.5488510832921719
vn -0.6098350999240691 0.5717198958140342 -0.5488510832921719
vn -0.6098350999240691 0.5717198958140342 -0.5488510832921719
vn -0.6098350999240691 0.5717198958140342 -0.5488510832921719
vn -0.6098350999240691 0.5717198958140342 0.5488510832921719
vn -0.6098350999240691 0.5717198958140342 0.5488510832921719
vn -0.6098350999240691 0.5717198958140342 0.5488510832921719
vn 0.6098350999240691 -0.5717198958140342 -0.5488510832921719
vn 0.6098350999240691 -0.5717198958140342 -0.5488510832921719
vn 0.6098350999240691 -0.5717198958140342 -0.5488510832921719
vn 0.6098350999240691 -0.5717198958140342 0.5488510832921719
vn 0.6098350999240691 -0.5717198958140342 0.5488510832921719
vn 0.6098350999240691 -0.5717198958140342 0.5488510832921719
vn 0.6098350999240691 0.5717198958140342 -0.5488510832921719
vn 0.6098350999240691 0.5717198958140342 -0.5488510832921719
vn 0.6098350999240691 0.5717198958140342 -0.5488510832921719
vn 0.6098350999240691 0.5717198958140342 0.5488510832921719
vn 0.6098350999240691 0.5717198958140342 0.5488510832921719
vn 0.6098350999240691 0.5717198958140342 0.5488510832921719
f 577//577 578//578 579//579
f 580//580 581//581 582//582
f 583//583 584//584 585//585
f 586//586 587//587 588//588
f 589//589 590//590 591//591
f 592//592 593//593 594//594
f 595//595 596//596 597//597
f 598//598 599//599 600//600
f 601//601 602//602 603//603
f 604//604 605//605 606//606
f 607//607 608//608 609//609
f 610//610 611//611 612//612
f 613//613 614//614 615//615
f 616//616 617//617 618//618
f 619//619 620//620 621//621
f 622//622 623//623 624//624
f 625//625 626//626 627//627
f 628//628 629//629 630//630
f 631//631 632//632 633//633
f 634//634 635//635 636//636
f 637//637 638//638 639//639
f 640//640 641//641 642//642
f 643//643 644//644 645//645
f 646//646 647//647 648//648
f 649//649 650//650 651//651
f 652//652 653//653 654//654
f 655//655 656//656 657//657
f 658//658 659//659 660//660
f 661//661 662//662 663//663
f 664//664 665//665 666//666
f 667//667 668//668 669//669
f 670//670 671//671 672//672
f 673//673 674//674 675//675
f 676//676 677//677 678//678
f 679//679 680//680 681//681
f 682//682 683//683 684//684
f 685//685 686//686 687//687
f 688//688 689//689 690//690
f 691//691 692//692 693//693
f 694//694 695//695 696//696
f 697//697 698//698 699//699
f 700//700 701//701 702//702
f 703//703 704//704 705//705
f 706//706 707//707 708//708
o crossbar_lip
usemtl cobalt
v -0.9843749403953552 1.5199999809265137 -0.1770833432674408
v -0.9843749403953552 1.5399999618530273 0.1770833432674408
v -0.9843749403953552 1.5399999618530273 -0.1770833432674408
v -0.9843749403953552 1.5199999809265137 -0.1770833432674408
v -0.9843749403953552 1.5199999809265137 0.1770833432674408
v -0.9843749403953552 1.5399999618530273 0.1770833432674408
v 0.9843749403953552 1.5199999809265137 -0.1770833432674408
v 0.9843749403953552 1.5399999618530273 -0.1770833432674408
v 0.9843749403953552 1.5399999618530273 0.1770833432674408
v 0.9843749403953552 1.5199999809265137 -0.1770833432674408
v 0.9843749403953552 1.5399999618530273 0.1770833432674408
v 0.9843749403953552 1.5199999809265137 0.1770833432674408
v -0.9562499523162842 1.4900000095367432 -0.1770833432674408
v 0.9562499523162842 1.4900000095367432 -0.1770833432674408
v 0.9562499523162842 1.4900000095367432 0.1770833432674408
v -0.9562499523162842 1.4900000095367432 -0.1770833432674408
v 0.9562499523162842 1.4900000095367432 0.1770833432674408
v -0.9562499523162842 1.4900000095367432 0.1770833432674408
v -0.9562499523162842 1.5700000524520874 -0.1770833432674408
v 0.9562499523162842 1.5700000524520874 0.1770833432674408
v 0.9562499523162842 1.5700000524520874 -0.1770833432674408
v -0.9562499523162842 1.5700000524520874 -0.1770833432674408
v -0.9562499523162842 1.5700000524520874 0.1770833432674408
v 0.9562499523162842 1.5700000524520874 0.1770833432674408
v -0.9562499523162842 1.5199999809265137 -0.2083333432674408
v 0.9562499523162842 1.5399999618530273 -0.2083333432674408
v 0.9562499523162842 1.5199999809265137 -0.2083333432674408
v -0.9562499523162842 1.5199999809265137 -0.2083333432674408
v -0.9562499523162842 1.5399999618530273 -0.2083333432674408
v 0.9562499523162842 1.5399999618530273 -0.2083333432674408
v -0.9562499523162842 1.5199999809265137 0.2083333432674408
v 0.9562499523162842 1.5199999809265137 0.2083333432674408
v 0.9562499523162842 1.5399999618530273 0.2083333432674408
v -0.9562499523162842 1.5199999809265137 0.2083333432674408
v 0.9562499523162842 1.5399999618530273 0.2083333432674408
v -0.9562499523162842 1.5399999618530273 0.2083333432674408
v -0.9843749403953552 1.5199999809265137 -0.1770833432674408
v -0.9562499523162842 1.4900000095367432 -0.1770833432674408
v -0.9562499523162842 1.4900000095367432 0.1770833432674408
v -0.9843749403953552 1.5199999809265137 -0.1770833432674408
v -0.9562499523162842 1.4900000095367432 0.1770833432674408
v -0.9843749403953552 1.5199999809265137 0.1770833432674408
v -0.9843749403953552 1.5399999618530273 -0.1770833432674408
v -0.9562499523162842 1.5700000524520874 0.1770833432674408
v -0.9562499523162842 1.5700000524520874 -0.1770833432674408
v -0.9843749403953552 1.5399999618530273 -0.1770833432674408
v -0.9843749403953552 1.5399999618530273 0.1770833432674408
v -0.9562499523162842 1.5700000524520874 0.1770833432674408
v 0.9843749403953552 1.5199999809265137 -0.1770833432674408
v 0.9562499523162842 1.4900000095367432 0.1770833432674408
v 0.9562499523162842 1.4900000095367432 -0.1770833432674408
v 0.9843749403953552 1.5199999809265137 -0.1770833432674408
v 0.9843749403953552 1.5199999809265137 0.1770833432674408
v 0.9562499523162842 1.4900000095367432 0.1770833432674408
v 0.9843749403953552 1.5399999618530273 -0.1770833432674408
v 0.9562499523162842 1.5700000524520874 -0.1770833432674408
v 0.9562499523162842 1.5700000524520874 0.1770833432674408
v 0.9843749403953552 1.5399999618530273 -0.1770833432674408
v 0.9562499523162842 1.5700000524520874 0.1770833432674408
v 0.9843749403953552 1.5399999618530273 0.1770833432674408
v -0.9843749403953552 1.5199999809265137 -0.1770833432674408
v -0.9562499523162842 1.5399999618530273 -0.2083333432674408
v -0.9562499523162842 1.5199999809265137 -0.2083333432674408
v -0.9843749403953552 1.5199999809265137 -0.1770833432674408
v -0.9843749403953552 1.5399999618530273 -0.1770833432674408
v -0.9562499523162842 1.5399999618530273 -0.2083333432674408
v -0.9843749403953552 1.5199999809265137 0.1770833432674408
v -0.9562499523162842 1.5199999809265137 0.2083333432674408
v -0.9562499523162842 1.5399999618530273 0.2083333432674408
v -0.9843749403953552 1.5199999809265137 0.1770833432674408
v -0.9562499523162842 1.5399999618530273 0.2083333432674408
v -0.9843749403953552 1.5399999618530273 0.1770833432674408
v 0.9843749403953552 1.5199999809265137 -0.1770833432674408
v 0.9562499523162842 1.5199999809265137 -0.2083333432674408
v 0.9562499523162842 1.5399999618530273 -0.2083333432674408
v 0.9843749403953552 1.5199999809265137 -0.1770833432674408
v 0.9562499523162842 1.5399999618530273 -0.2083333432674408
v 0.9843749403953552 1.5399999618530273 -0.1770833432674408
v 0.9843749403953552 1.5199999809265137 0.1770833432674408
v 0.9562499523162842 1.5399999618530273 0.2083333432674408
v 0.9562499523162842 1.5199999809265137 0.2083333432674408
v 0.9843749403953552 1.5199999809265137 0.1770833432674408
v 0.9843749403953552 1.5399999618530273 0.1770833432674408
v 0.9562499523162842 1.5399999618530273 0.2083333432674408
v -0.9562499523162842 1.4900000095367432 -0.1770833432674408
v -0.9562499523162842 1.5199999809265137 -0.2083333432674408
v 0.9562499523162842 1.5199999809265137 -0.2083333432674408
v -0.9562499523162842 1.4900000095367432 -0.1770833432674408
v 0.9562499523162842 1.5199999809265137 -0.2083333432674408
v 0.9562499523162842 1.4900000095367432 -0.1770833432674408
v -0.9562499523162842 1.4900000095367432 0.1770833432674408
v 0.9562499523162842 1.5199999809265137 0.2083333432674408
v -0.9562499523162842 1.5199999809265137 0.2083333432674408
v -0.9562499523162842 1.4900000095367432 0.1770833432674408
v 0.9562499523162842 1.4900000095367432 0.1770833432674408
v 0.9562499523162842 1.5199999809265137 0.2083333432674408
v -0.9562499523162842 1.5700000524520874 -0.1770833432674408
v 0.9562499523162842 1.5399999618530273 -0.2083333432674408
v -0.9562499523162842 1.5399999618530273 -0.2083333432674408
v -0.9562499523162842 1.5700000524520874 -0.1770833432674408
v 0.9562499523162842 1.5700000524520874 -0.1770833432674408
v 0.9562499523162842 1.5399999618530273 -0.2083333432674408
v -0.9562499523162842 1.5700000524520874 0.1770833432674408
v -0.9562499523162842 1.5399999618530273 0.2083333432674408
v 0.9562499523162842 1.5399999618530273 0.2083333432674408
v -0.9562499523162842 1.5700000524520874 0.1770833432674408
v 0.9562499523162842 1.5399999618530273 0.2083333432674408
v 0.9562499523162842 1.5700000524520874 0.1770833432674408
v -0.9843749403953552 1.5199999809265137 -0.1770833432674408
v -0.9562499523162842 1.5199999809265137 -0.2083333432674408
v -0.9562499523162842 1.4900000095367432 -0.1770833432674408
v -0.9843749403953552 1.5199999809265137 0.1770833432674408
v -0.9562499523162842 1.4900000095367432 0.1770833432674408
v -0.9562499523162842 1.5199999809265137 0.2083333432674408
v -0.9843749403953552 1.5399999618530273 -0.1770833432674408
v -0.9562499523162842 1.5700000524520874 -0.1770833432674408
v -0.9562499523162842 1.5399999618530273 -0.2083333432674408
v -0.9843749403953552 1.5399999618530273 0.1770833432674408
v -0.9562499523162842 1.5399999618530273 0.2083333432674408
v -0.9562499523162842 1.5700000524520874 0.1770833432674408
v 0.9843749403953552 1.5199999809265137 -0.1770833432674408
v 0.9562499523162842 1.4900000095367432 -0.1770833432674408
v 0.9562499523162842 1.5199999809265137 -0.2083333432674408
v 0.9843749403953552 1.5199999809265137 0.1770833432674408
v 0.9562499523162842 1.5199999809265137 0.2083333432674408
v 0.9562499523162842 1.4900000095367432 0.1770833432674408
v 0.9843749403953552 1.5399999618530273 -0.1770833432674408
v 0.9562499523162842 1.5399999618530273 -0.2083333432674408
v 0.9562499523162842 1.5700000524520874 -0.1770833432674408
v 0.9843749403953552 1.5399999618530273 0.1770833432674408
v 0.9562499523162842 1.5700000524520874 0.1770833432674408
v 0.9562499523162842 1.5399999618530273 0.2083333432674408
vn -1 0 0
vn -1 0 0
vn -1 0 0
vn -1 0 0
vn -1 0 0
vn -1 0 0
vn 1 0 0
vn 1 0 0
vn 1 0 0
vn 1 0 0
vn 1 0 0
vn 1 0 0
vn 0 -1 0
vn 0 -1 0
vn 0 -1 0
vn 0 -1 0
vn 0 -1 0
vn 0 -1 0
vn 0 1 0
vn 0 1 0
vn 0 1 0
vn 0 1 0
vn 0 1 0
vn 0 1 0
vn 0 0 -1
vn 0 0 -1
vn 0 0 -1
vn 0 0 -1
vn 0 0 -1
vn 0 0 -1
vn 0 0 1
vn 0 0 1
vn 0 0 1
vn 0 0 1
vn 0 0 1
vn 0 0 1
vn -0.729537544295399 -0.6839407660488142 0
vn -0.729537544295399 -0.6839407660488142 0
vn -0.729537544295399 -0.6839407660488142 0
vn -0.729537544295399 -0.6839407660488142 0
vn -0.729537544295399 -0.6839407660488142 0
vn -0.729537544295399 -0.6839407660488142 0
vn -0.729537544295399 0.6839407660488142 0
vn -0.729537544295399 0.6839407660488142 0
vn -0.729537544295399 0.6839407660488142 0
vn -0.729537544295399 0.6839407660488142 0
vn -0.729537544295399 0.6839407660488142 0
vn -0.729537544295399 0.6839407660488142 0
vn 0.729537544295399 -0.6839407660488142 0
vn 0.729537544295399 -0.6839407660488142 0
vn 0.729537544295399 -0.6839407660488142 0
vn 0.729537544295399 -0.6839407660488142 0
vn 0.729537544295399 -0.6839407660488142 0
vn 0.729537544295399 -0.6839407660488142 0
vn 0.729537544295399 0.6839407660488142 0
vn 0.729537544295399 0.6839407660488142 0
vn 0.729537544295399 0.6839407660488142 0
vn 0.729537544295399 0.6839407660488142 0
vn 0.729537544295399 0.6839407660488142 0
vn 0.729537544295399 0.6839407660488142 0
vn -0.7432945226454335 0 -0.6689643134019162
vn -0.7432945226454335 0 -0.6689643134019162
vn -0.7432945226454335 0 -0.6689643134019162
vn -0.7432945226454335 0 -0.6689643134019162
vn -0.7432945226454335 0 -0.6689643134019162
vn -0.7432945226454335 0 -0.6689643134019162
vn -0.7432945226454335 0 0.6689643134019162
vn -0.7432945226454335 0 0.6689643134019162
vn -0.7432945226454335 0 0.6689643134019162
vn -0.7432945226454335 0 0.6689643134019162
vn -0.7432945226454335 0 0.6689643134019162
vn -0.7432945226454335 0 0.6689643134019162
vn 0.7432945226454335 0 -0.6689643134019162
vn 0.7432945226454335 0 -0.6689643134019162
vn 0.7432945226454335 0 -0.6689643134019162
vn 0.7432945226454335 0 -0.6689643134019162
vn 0.7432945226454335 0 -0.6689643134019162
vn 0.7432945226454335 0 -0.6689643134019162
vn 0.7432945226454335 0 0.6689643134019162
vn 0.7432945226454335 0 0.6689643134019162
vn 0.7432945226454335 0 0.6689643134019162
vn 0.7432945226454335 0 0.6689643134019162
vn 0.7432945226454335 0 0.6689643134019162
vn 0.7432945226454335 0 0.6689643134019162
vn 0 -0.7213873555728612 -0.692531792208556
vn 0 -0.7213873555728612 -0.692531792208556
vn 0 -0.7213873555728612 -0.692531792208556
vn 0 -0.7213873555728612 -0.692531792208556
vn 0 -0.7213873555728612 -0.692531792208556
vn 0 -0.7213873555728612 -0.692531792208556
vn 0 -0.7213873555728612 0.692531792208556
vn 0 -0.7213873555728612 0.692531792208556
vn 0 -0.7213873555728612 0.692531792208556
vn 0 -0.7213873555728612 0.692531792208556
vn 0 -0.7213873555728612 0.692531792208556
vn 0 -0.7213873555728612 0.692531792208556
vn 0 0.7213873555728612 -0.692531792208556
vn 0 0.7213873555728612 -0.692531792208556
vn 0 0.7213873555728612 -0.692531792208556
vn 0 0.7213873555728612 -0.692531792208556
vn 0 0.7213873555728612 -0.692531792208556
vn 0 0.7213873555728612 -0.692531792208556
vn 0 0.7213873555728612 0.692531792208556
vn 0 0.7213873555728612 0.692531792208556
vn 0 0.7213873555728612 0.692531792208556
vn 0 0.7213873555728612 0.692531792208556
vn 0 0.7213873555728612 0.692531792208556
vn 0 0.7213873555728612 0.692531792208556
vn -0.6098351373618138 -0.5717198750325848 -0.5488510633419812
vn -0.6098351373618138 -0.5717198750325848 -0.5488510633419812
vn -0.6098351373618138 -0.5717198750325848 -0.5488510633419812
vn -0.6098351373618138 -0.5717198750325848 0.5488510633419812
vn -0.6098351373618138 -0.5717198750325848 0.5488510633419812
vn -0.6098351373618138 -0.5717198750325848 0.5488510633419812
vn -0.6098351373618138 0.5717198750325848 -0.5488510633419812
vn -0.6098351373618138 0.5717198750325848 -0.5488510633419812
vn -0.6098351373618138 0.5717198750325848 -0.5488510633419812
vn -0.6098351373618138 0.5717198750325848 0.5488510633419812
vn -0.6098351373618138 0.5717198750325848 0.5488510633419812
vn -0.6098351373618138 0.5717198750325848 0.5488510633419812
vn 0.6098351373618138 -0.5717198750325848 -0.5488510633419812
vn 0.6098351373618138 -0.5717198750325848 -0.5488510633419812
vn 0.6098351373618138 -0.5717198750325848 -0.5488510633419812
vn 0.6098351373618138 -0.5717198750325848 0.5488510633419812
vn 0.6098351373618138 -0.5717198750325848 0.5488510633419812
vn 0.6098351373618138 -0.5717198750325848 0.5488510633419812
vn 0.6098351373618138 0.5717198750325848 -0.5488510633419812
vn 0.6098351373618138 0.5717198750325848 -0.5488510633419812
vn 0.6098351373618138 0.5717198750325848 -0.5488510633419812
vn 0.6098351373618138 0.5717198750325848 0.5488510633419812
vn 0.6098351373618138 0.5717198750325848 0.5488510633419812
vn 0.6098351373618138 0.5717198750325848 0.5488510633419812
f 709//709 710//710 711//711
f 712//712 713//713 714//714
f 715//715 716//716 717//717
f 718//718 719//719 720//720
f 721//721 722//722 723//723
f 724//724 725//725 726//726
f 727//727 728//728 729//729
f 730//730 731//731 732//732
f 733//733 734//734 735//735
f 736//736 737//737 738//738
f 739//739 740//740 741//741
f 742//742 743//743 744//744
f 745//745 746//746 747//747
f 748//748 749//749 750//750
f 751//751 752//752 753//753
f 754//754 755//755 756//756
f 757//757 758//758 759//759
f 760//760 761//761 762//762
f 763//763 764//764 765//765
f 766//766 767//767 768//768
f 769//769 770//770 771//771
f 772//772 773//773 774//774
f 775//775 776//776 777//777
f 778//778 779//779 780//780
f 781//781 782//782 783//783
f 784//784 785//785 786//786
f 787//787 788//788 789//789
f 790//790 791//791 792//792
f 793//793 794//794 795//795
f 796//796 797//797 798//798
f 799//799 800//800 801//801
f 802//802 803//803 804//804
f 805//805 806//806 807//807
f 808//808 809//809 810//810
f 811//811 812//812 813//813
f 814//814 815//815 816//816
f 817//817 818//818 819//819
f 820//820 821//821 822//822
f 823//823 824//824 825//825
f 826//826 827//827 828//828
f 829//829 830//830 831//831
f 832//832 833//833 834//834
f 835//835 836//836 837//837
f 838//838 839//839 840//840
o chevron_0_f
usemtl hazard
v -0.4781249761581421 1.8700000047683716 0.2135416716337204
v -0.4781249761581421 1.8700000047683716 0.1822916716337204
v -0.4781249761581421 1.5700000524520874 0.2135416716337204
v -0.4781249761581421 1.5700000524520874 0.1822916716337204
v -0.7593749761581421 1.8700000047683716 0.1822916716337204
v -0.7593749761581421 1.8700000047683716 0.2135416716337204
v -0.7593749761581421 1.5700000524520874 0.1822916716337204
v -0.7593749761581421 1.5700000524520874 0.2135416716337204
v -0.7593749761581421 1.8700000047683716 0.1822916716337204
v -0.4781249761581421 1.8700000047683716 0.1822916716337204
v -0.7593749761581421 1.8700000047683716 0.2135416716337204
v -0.4781249761581421 1.8700000047683716 0.2135416716337204
v -0.7593749761581421 1.5700000524520874 0.2135416716337204
v -0.4781249761581421 1.5700000524520874 0.2135416716337204
v -0.7593749761581421 1.5700000524520874 0.1822916716337204
v -0.4781249761581421 1.5700000524520874 0.1822916716337204
v -0.7593749761581421 1.8700000047683716 0.2135416716337204
v -0.4781249761581421 1.8700000047683716 0.2135416716337204
v -0.7593749761581421 1.5700000524520874 0.2135416716337204
v -0.4781249761581421 1.5700000524520874 0.2135416716337204
v -0.4781249761581421 1.8700000047683716 0.1822916716337204
v -0.7593749761581421 1.8700000047683716 0.1822916716337204
v -0.4781249761581421 1.5700000524520874 0.1822916716337204
v -0.7593749761581421 1.5700000524520874 0.1822916716337204
vt 0 1
vt 1 1
vt 0 0
vt 1 0
vt 0 1
vt 1 1
vt 0 0
vt 1 0
vt 0 1
vt 1 1
vt 0 0
vt 1 0
vt 0 1
vt 1 1
vt 0 0
vt 1 0
vt 0 1
vt 1 1
vt 0 0
vt 1 0
vt 0 1
vt 1 1
vt 0 0
vt 1 0
vn 1 0 0
vn 1 0 0
vn 1 0 0
vn 1 0 0
vn -1 0 0
vn -1 0 0
vn -1 0 0
vn -1 0 0
vn 0 1 0
vn 0 1 0
vn 0 1 0
vn 0 1 0
vn 0 -1 0
vn 0 -1 0
vn 0 -1 0
vn 0 -1 0
vn 0 0 1
vn 0 0 1
vn 0 0 1
vn 0 0 1
vn 0 0 -1
vn 0 0 -1
vn 0 0 -1
vn 0 0 -1
f 841/49/841 843/51/843 842/50/842
f 843/51/843 844/52/844 842/50/842
f 845/53/845 847/55/847 846/54/846
f 847/55/847 848/56/848 846/54/846
f 849/57/849 851/59/851 850/58/850
f 851/59/851 852/60/852 850/58/850
f 853/61/853 855/63/855 854/62/854
f 855/63/855 856/64/856 854/62/854
f 857/65/857 859/67/859 858/66/858
f 859/67/859 860/68/860 858/66/858
f 861/69/861 863/71/863 862/70/862
f 863/71/863 864/72/864 862/70/862
o chevron_0_b
usemtl hazard
v -0.4781249761581421 1.8700000047683716 -0.1822916716337204
v -0.4781249761581421 1.8700000047683716 -0.2135416716337204
v -0.4781249761581421 1.5700000524520874 -0.1822916716337204
v -0.4781249761581421 1.5700000524520874 -0.2135416716337204
v -0.7593749761581421 1.8700000047683716 -0.2135416716337204
v -0.7593749761581421 1.8700000047683716 -0.1822916716337204
v -0.7593749761581421 1.5700000524520874 -0.2135416716337204
v -0.7593749761581421 1.5700000524520874 -0.1822916716337204
v -0.7593749761581421 1.8700000047683716 -0.2135416716337204
v -0.4781249761581421 1.8700000047683716 -0.2135416716337204
v -0.7593749761581421 1.8700000047683716 -0.1822916716337204
v -0.4781249761581421 1.8700000047683716 -0.1822916716337204
v -0.7593749761581421 1.5700000524520874 -0.1822916716337204
v -0.4781249761581421 1.5700000524520874 -0.1822916716337204
v -0.7593749761581421 1.5700000524520874 -0.2135416716337204
v -0.4781249761581421 1.5700000524520874 -0.2135416716337204
v -0.7593749761581421 1.8700000047683716 -0.1822916716337204
v -0.4781249761581421 1.8700000047683716 -0.1822916716337204
v -0.7593749761581421 1.5700000524520874 -0.1822916716337204
v -0.4781249761581421 1.5700000524520874 -0.1822916716337204
v -0.4781249761581421 1.8700000047683716 -0.2135416716337204
v -0.7593749761581421 1.8700000047683716 -0.2135416716337204
v -0.4781249761581421 1.5700000524520874 -0.2135416716337204
v -0.7593749761581421 1.5700000524520874 -0.2135416716337204
vt 0 1
vt 1 1
vt 0 0
vt 1 0
vt 0 1
vt 1 1
vt 0 0
vt 1 0
vt 0 1
vt 1 1
vt 0 0
vt 1 0
vt 0 1
vt 1 1
vt 0 0
vt 1 0
vt 0 1
vt 1 1
vt 0 0
vt 1 0
vt 0 1
vt 1 1
vt 0 0
vt 1 0
vn 1 0 0
vn 1 0 0
vn 1 0 0
vn 1 0 0
vn -1 0 0
vn -1 0 0
vn -1 0 0
vn -1 0 0
vn 0 1 0
vn 0 1 0
vn 0 1 0
vn 0 1 0
vn 0 -1 0
vn 0 -1 0
vn 0 -1 0
vn 0 -1 0
vn 0 0 1
vn 0 0 1
vn 0 0 1
vn 0 0 1
vn 0 0 -1
vn 0 0 -1
vn 0 0 -1
vn 0 0 -1
f 865/73/865 867/75/867 866/74/866
f 867/75/867 868/76/868 866/74/866
f 869/77/869 871/79/871 870/78/870
f 871/79/871 872/80/872 870/78/870
f 873/81/873 875/83/875 874/82/874
f 875/83/875 876/84/876 874/82/874
f 877/85/877 879/87/879 878/86/878
f 879/87/879 880/88/880 878/86/878
f 881/89/881 883/91/883 882/90/882
f 883/91/883 884/92/884 882/90/882
f 885/93/885 887/95/887 886/94/886
f 887/95/887 888/96/888 886/94/886
o chevron_1_f
usemtl hazard
v -0.06562498956918716 1.8700000047683716 0.2135416716337204
v -0.06562498956918716 1.8700000047683716 0.1822916716337204
v -0.06562498956918716 1.5700000524520874 0.2135416716337204
v -0.06562498956918716 1.5700000524520874 0.1822916716337204
v -0.34687501192092896 1.8700000047683716 0.1822916716337204
v -0.34687501192092896 1.8700000047683716 0.2135416716337204
v -0.34687501192092896 1.5700000524520874 0.1822916716337204
v -0.34687501192092896 1.5700000524520874 0.2135416716337204
v -0.34687501192092896 1.8700000047683716 0.1822916716337204
v -0.06562498956918716 1.8700000047683716 0.1822916716337204
v -0.34687501192092896 1.8700000047683716 0.2135416716337204
v -0.06562498956918716 1.8700000047683716 0.2135416716337204
v -0.34687501192092896 1.5700000524520874 0.2135416716337204
v -0.06562498956918716 1.5700000524520874 0.2135416716337204
v -0.34687501192092896 1.5700000524520874 0.1822916716337204
v -0.06562498956918716 1.5700000524520874 0.1822916716337204
v -0.34687501192092896 1.8700000047683716 0.2135416716337204
v -0.06562498956918716 1.8700000047683716 0.2135416716337204
v -0.34687501192092896 1.5700000524520874 0.2135416716337204
v -0.06562498956918716 1.5700000524520874 0.2135416716337204
v -0.06562498956918716 1.8700000047683716 0.1822916716337204
v -0.34687501192092896 1.8700000047683716 0.1822916716337204
v -0.06562498956918716 1.5700000524520874 0.1822916716337204
v -0.34687501192092896 1.5700000524520874 0.1822916716337204
vt 0 1
vt 1 1
vt 0 0
vt 1 0
vt 0 1
vt 1 1
vt 0 0
vt 1 0
vt 0 1
vt 1 1
vt 0 0
vt 1 0
vt 0 1
vt 1 1
vt 0 0
vt 1 0
vt 0 1
vt 1 1
vt 0 0
vt 1 0
vt 0 1
vt 1 1
vt 0 0
vt 1 0
vn 1 0 0
vn 1 0 0
vn 1 0 0
vn 1 0 0
vn -1 0 0
vn -1 0 0
vn -1 0 0
vn -1 0 0
vn 0 1 0
vn 0 1 0
vn 0 1 0
vn 0 1 0
vn 0 -1 0
vn 0 -1 0
vn 0 -1 0
vn 0 -1 0
vn 0 0 1
vn 0 0 1
vn 0 0 1
vn 0 0 1
vn 0 0 -1
vn 0 0 -1
vn 0 0 -1
vn 0 0 -1
f 889/97/889 891/99/891 890/98/890
f 891/99/891 892/100/892 890/98/890
f 893/101/893 895/103/895 894/102/894
f 895/103/895 896/104/896 894/102/894
f 897/105/897 899/107/899 898/106/898
f 899/107/899 900/108/900 898/106/898
f 901/109/901 903/111/903 902/110/902
f 903/111/903 904/112/904 902/110/902
f 905/113/905 907/115/907 906/114/906
f 907/115/907 908/116/908 906/114/906
f 909/117/909 911/119/911 910/118/910
f 911/119/911 912/120/912 910/118/910
o chevron_1_b
usemtl hazard
v -0.06562498956918716 1.8700000047683716 -0.1822916716337204
v -0.06562498956918716 1.8700000047683716 -0.2135416716337204
v -0.06562498956918716 1.5700000524520874 -0.1822916716337204
v -0.06562498956918716 1.5700000524520874 -0.2135416716337204
v -0.34687501192092896 1.8700000047683716 -0.2135416716337204
v -0.34687501192092896 1.8700000047683716 -0.1822916716337204
v -0.34687501192092896 1.5700000524520874 -0.2135416716337204
v -0.34687501192092896 1.5700000524520874 -0.1822916716337204
v -0.34687501192092896 1.8700000047683716 -0.2135416716337204
v -0.06562498956918716 1.8700000047683716 -0.2135416716337204
v -0.34687501192092896 1.8700000047683716 -0.1822916716337204
v -0.06562498956918716 1.8700000047683716 -0.1822916716337204
v -0.34687501192092896 1.5700000524520874 -0.1822916716337204
v -0.06562498956918716 1.5700000524520874 -0.1822916716337204
v -0.34687501192092896 1.5700000524520874 -0.2135416716337204
v -0.06562498956918716 1.5700000524520874 -0.2135416716337204
v -0.34687501192092896 1.8700000047683716 -0.1822916716337204
v -0.06562498956918716 1.8700000047683716 -0.1822916716337204
v -0.34687501192092896 1.5700000524520874 -0.1822916716337204
v -0.06562498956918716 1.5700000524520874 -0.1822916716337204
v -0.06562498956918716 1.8700000047683716 -0.2135416716337204
v -0.34687501192092896 1.8700000047683716 -0.2135416716337204
v -0.06562498956918716 1.5700000524520874 -0.2135416716337204
v -0.34687501192092896 1.5700000524520874 -0.2135416716337204
vt 0 1
vt 1 1
vt 0 0
vt 1 0
vt 0 1
vt 1 1
vt 0 0
vt 1 0
vt 0 1
vt 1 1
vt 0 0
vt 1 0
vt 0 1
vt 1 1
vt 0 0
vt 1 0
vt 0 1
vt 1 1
vt 0 0
vt 1 0
vt 0 1
vt 1 1
vt 0 0
vt 1 0
vn 1 0 0
vn 1 0 0
vn 1 0 0
vn 1 0 0
vn -1 0 0
vn -1 0 0
vn -1 0 0
vn -1 0 0
vn 0 1 0
vn 0 1 0
vn 0 1 0
vn 0 1 0
vn 0 -1 0
vn 0 -1 0
vn 0 -1 0
vn 0 -1 0
vn 0 0 1
vn 0 0 1
vn 0 0 1
vn 0 0 1
vn 0 0 -1
vn 0 0 -1
vn 0 0 -1
vn 0 0 -1
f 913/121/913 915/123/915 914/122/914
f 915/123/915 916/124/916 914/122/914
f 917/125/917 919/127/919 918/126/918
f 919/127/919 920/128/920 918/126/918
f 921/129/921 923/131/923 922/130/922
f 923/131/923 924/132/924 922/130/922
f 925/133/925 927/135/927 926/134/926
f 927/135/927 928/136/928 926/134/926
f 929/137/929 931/139/931 930/138/930
f 931/139/931 932/140/932 930/138/930
f 933/141/933 935/143/935 934/142/934
f 935/143/935 936/144/936 934/142/934
o chevron_2_f
usemtl hazard
v 0.34687501192092896 1.8700000047683716 0.2135416716337204
v 0.34687501192092896 1.8700000047683716 0.1822916716337204
v 0.34687501192092896 1.5700000524520874 0.2135416716337204
v 0.34687501192092896 1.5700000524520874 0.1822916716337204
v 0.06562498956918716 1.8700000047683716 0.1822916716337204
v 0.06562498956918716 1.8700000047683716 0.2135416716337204
v 0.06562498956918716 1.5700000524520874 0.1822916716337204
v 0.06562498956918716 1.5700000524520874 0.2135416716337204
v 0.06562498956918716 1.8700000047683716 0.1822916716337204
v 0.34687501192092896 1.8700000047683716 0.1822916716337204
v 0.06562498956918716 1.8700000047683716 0.2135416716337204
v 0.34687501192092896 1.8700000047683716 0.2135416716337204
v 0.06562498956918716 1.5700000524520874 0.2135416716337204
v 0.34687501192092896 1.5700000524520874 0.2135416716337204
v 0.06562498956918716 1.5700000524520874 0.1822916716337204
v 0.34687501192092896 1.5700000524520874 0.1822916716337204
v 0.06562498956918716 1.8700000047683716 0.2135416716337204
v 0.34687501192092896 1.8700000047683716 0.2135416716337204
v 0.06562498956918716 1.5700000524520874 0.2135416716337204
v 0.34687501192092896 1.5700000524520874 0.2135416716337204
v 0.34687501192092896 1.8700000047683716 0.1822916716337204
v 0.06562498956918716 1.8700000047683716 0.1822916716337204
v 0.34687501192092896 1.5700000524520874 0.1822916716337204
v 0.06562498956918716 1.5700000524520874 0.1822916716337204
vt 0 1
vt 1 1
vt 0 0
vt 1 0
vt 0 1
vt 1 1
vt 0 0
vt 1 0
vt 0 1
vt 1 1
vt 0 0
vt 1 0
vt 0 1
vt 1 1
vt 0 0
vt 1 0
vt 0 1
vt 1 1
vt 0 0
vt 1 0
vt 0 1
vt 1 1
vt 0 0
vt 1 0
vn 1 0 0
vn 1 0 0
vn 1 0 0
vn 1 0 0
vn -1 0 0
vn -1 0 0
vn -1 0 0
vn -1 0 0
vn 0 1 0
vn 0 1 0
vn 0 1 0
vn 0 1 0
vn 0 -1 0
vn 0 -1 0
vn 0 -1 0
vn 0 -1 0
vn 0 0 1
vn 0 0 1
vn 0 0 1
vn 0 0 1
vn 0 0 -1
vn 0 0 -1
vn 0 0 -1
vn 0 0 -1
f 937/145/937 939/147/939 938/146/938
f 939/147/939 940/148/940 938/146/938
f 941/149/941 943/151/943 942/150/942
f 943/151/943 944/152/944 942/150/942
f 945/153/945 947/155/947 946/154/946
f 947/155/947 948/156/948 946/154/946
f 949/157/949 951/159/951 950/158/950
f 951/159/951 952/160/952 950/158/950
f 953/161/953 955/163/955 954/162/954
f 955/163/955 956/164/956 954/162/954
f 957/165/957 959/167/959 958/166/958
f 959/167/959 960/168/960 958/166/958
o chevron_2_b
usemtl hazard
v 0.34687501192092896 1.8700000047683716 -0.1822916716337204
v 0.34687501192092896 1.8700000047683716 -0.2135416716337204
v 0.34687501192092896 1.5700000524520874 -0.1822916716337204
v 0.34687501192092896 1.5700000524520874 -0.2135416716337204
v 0.06562498956918716 1.8700000047683716 -0.2135416716337204
v 0.06562498956918716 1.8700000047683716 -0.1822916716337204
v 0.06562498956918716 1.5700000524520874 -0.2135416716337204
v 0.06562498956918716 1.5700000524520874 -0.1822916716337204
v 0.06562498956918716 1.8700000047683716 -0.2135416716337204
v 0.34687501192092896 1.8700000047683716 -0.2135416716337204
v 0.06562498956918716 1.8700000047683716 -0.1822916716337204
v 0.34687501192092896 1.8700000047683716 -0.1822916716337204
v 0.06562498956918716 1.5700000524520874 -0.1822916716337204
v 0.34687501192092896 1.5700000524520874 -0.1822916716337204
v 0.06562498956918716 1.5700000524520874 -0.2135416716337204
v 0.34687501192092896 1.5700000524520874 -0.2135416716337204
v 0.06562498956918716 1.8700000047683716 -0.1822916716337204
v 0.34687501192092896 1.8700000047683716 -0.1822916716337204
v 0.06562498956918716 1.5700000524520874 -0.1822916716337204
v 0.34687501192092896 1.5700000524520874 -0.1822916716337204
v 0.34687501192092896 1.8700000047683716 -0.2135416716337204
v 0.06562498956918716 1.8700000047683716 -0.2135416716337204
v 0.34687501192092896 1.5700000524520874 -0.2135416716337204
v 0.06562498956918716 1.5700000524520874 -0.2135416716337204
vt 0 1
vt 1 1
vt 0 0
vt 1 0
vt 0 1
vt 1 1
vt 0 0
vt 1 0
vt 0 1
vt 1 1
vt 0 0
vt 1 0
vt 0 1
vt 1 1
vt 0 0
vt 1 0
vt 0 1
vt 1 1
vt 0 0
vt 1 0
vt 0 1
vt 1 1
vt 0 0
vt 1 0
vn 1 0 0
vn 1 0 0
vn 1 0 0
vn 1 0 0
vn -1 0 0
vn -1 0 0
vn -1 0 0
vn -1 0 0
vn 0 1 0
vn 0 1 0
vn 0 1 0
vn 0 1 0
vn 0 -1 0
vn 0 -1 0
vn 0 -1 0
vn 0 -1 0
vn 0 0 1
vn 0 0 1
vn 0 0 1
vn 0 0 1
vn 0 0 -1
vn 0 0 -1
vn 0 0 -1
vn 0 0 -1
f 961/169/961 963/171/963 962/170/962
f 963/171/963 964/172/964 962/170/962
f 965/173/965 967/175/967 966/174/966
f 967/175/967 968/176/968 966/174/966
f 969/177/969 971/179/971 970/178/970
f 971/179/971 972/180/972 970/178/970
f 973/181/973 975/183/975 974/182/974
f 975/183/975 976/184/976 974/182/974
f 977/185/977 979/187/979 978/186/978
f 979/187/979 980/188/980 978/186/978
f 981/189/981 983/191/983 982/190/982
f 983/191/983 984/192/984 982/190/982
o chevron_3_f
usemtl hazard
v 0.7593749761581421 1.8700000047683716 0.2135416716337204
v 0.7593749761581421 1.8700000047683716 0.1822916716337204
v 0.7593749761581421 1.5700000524520874 0.2135416716337204
v 0.7593749761581421 1.5700000524520874 0.1822916716337204
v 0.4781249761581421 1.8700000047683716 0.1822916716337204
v 0.4781249761581421 1.8700000047683716 0.2135416716337204
v 0.4781249761581421 1.5700000524520874 0.1822916716337204
v 0.4781249761581421 1.5700000524520874 0.2135416716337204
v 0.4781249761581421 1.8700000047683716 0.1822916716337204
v 0.7593749761581421 1.8700000047683716 0.1822916716337204
v 0.4781249761581421 1.8700000047683716 0.2135416716337204
v 0.7593749761581421 1.8700000047683716 0.2135416716337204
v 0.4781249761581421 1.5700000524520874 0.2135416716337204
v 0.7593749761581421 1.5700000524520874 0.2135416716337204
v 0.4781249761581421 1.5700000524520874 0.1822916716337204
v 0.7593749761581421 1.5700000524520874 0.1822916716337204
v 0.4781249761581421 1.8700000047683716 0.2135416716337204
v 0.7593749761581421 1.8700000047683716 0.2135416716337204
v 0.4781249761581421 1.5700000524520874 0.2135416716337204
v 0.7593749761581421 1.5700000524520874 0.2135416716337204
v 0.7593749761581421 1.8700000047683716 0.1822916716337204
v 0.4781249761581421 1.8700000047683716 0.1822916716337204
v 0.7593749761581421 1.5700000524520874 0.1822916716337204
v 0.4781249761581421 1.5700000524520874 0.1822916716337204
vt 0 1
vt 1 1
vt 0 0
vt 1 0
vt 0 1
vt 1 1
vt 0 0
vt 1 0
vt 0 1
vt 1 1
vt 0 0
vt 1 0
vt 0 1
vt 1 1
vt 0 0
vt 1 0
vt 0 1
vt 1 1
vt 0 0
vt 1 0
vt 0 1
vt 1 1
vt 0 0
vt 1 0
vn 1 0 0
vn 1 0 0
vn 1 0 0
vn 1 0 0
vn -1 0 0
vn -1 0 0
vn -1 0 0
vn -1 0 0
vn 0 1 0
vn 0 1 0
vn 0 1 0
vn 0 1 0
vn 0 -1 0
vn 0 -1 0
vn 0 -1 0
vn 0 -1 0
vn 0 0 1
vn 0 0 1
vn 0 0 1
vn 0 0 1
vn 0 0 -1
vn 0 0 -1
vn 0 0 -1
vn 0 0 -1
f 985/193/985 987/195/987 986/194/986
f 987/195/987 988/196/988 986/194/986
f 989/197/989 991/199/991 990/198/990
f 991/199/991 992/200/992 990/198/990
f 993/201/993 995/203/995 994/202/994
f 995/203/995 996/204/996 994/202/994
f 997/205/997 999/207/999 998/206/998
f 999/207/999 1000/208/1000 998/206/998
f 1001/209/1001 1003/211/1003 1002/210/1002
f 1003/211/1003 1004/212/1004 1002/210/1002
f 1005/213/1005 1007/215/1007 1006/214/1006
f 1007/215/1007 1008/216/1008 1006/214/1006
o chevron_3_b
usemtl hazard
v 0.7593749761581421 1.8700000047683716 -0.1822916716337204
v 0.7593749761581421 1.8700000047683716 -0.2135416716337204
v 0.7593749761581421 1.5700000524520874 -0.1822916716337204
v 0.7593749761581421 1.5700000524520874 -0.2135416716337204
v 0.4781249761581421 1.8700000047683716 -0.2135416716337204
v 0.4781249761581421 1.8700000047683716 -0.1822916716337204
v 0.4781249761581421 1.5700000524520874 -0.2135416716337204
v 0.4781249761581421 1.5700000524520874 -0.1822916716337204
v 0.4781249761581421 1.8700000047683716 -0.2135416716337204
v 0.7593749761581421 1.8700000047683716 -0.2135416716337204
v 0.4781249761581421 1.8700000047683716 -0.1822916716337204
v 0.7593749761581421 1.8700000047683716 -0.1822916716337204
v 0.4781249761581421 1.5700000524520874 -0.1822916716337204
v 0.7593749761581421 1.5700000524520874 -0.1822916716337204
v 0.4781249761581421 1.5700000524520874 -0.2135416716337204
v 0.7593749761581421 1.5700000524520874 -0.2135416716337204
v 0.4781249761581421 1.8700000047683716 -0.1822916716337204
v 0.7593749761581421 1.8700000047683716 -0.1822916716337204
v 0.4781249761581421 1.5700000524520874 -0.1822916716337204
v 0.7593749761581421 1.5700000524520874 -0.1822916716337204
v 0.7593749761581421 1.8700000047683716 -0.2135416716337204
v 0.4781249761581421 1.8700000047683716 -0.2135416716337204
v 0.7593749761581421 1.5700000524520874 -0.2135416716337204
v 0.4781249761581421 1.5700000524520874 -0.2135416716337204
vt 0 1
vt 1 1
vt 0 0
vt 1 0
vt 0 1
vt 1 1
vt 0 0
vt 1 0
vt 0 1
vt 1 1
vt 0 0
vt 1 0
vt 0 1
vt 1 1
vt 0 0
vt 1 0
vt 0 1
vt 1 1
vt 0 0
vt 1 0
vt 0 1
vt 1 1
vt 0 0
vt 1 0
vn 1 0 0
vn 1 0 0
vn 1 0 0
vn 1 0 0
vn -1 0 0
vn -1 0 0
vn -1 0 0
vn -1 0 0
vn 0 1 0
vn 0 1 0
vn 0 1 0
vn 0 1 0
vn 0 -1 0
vn 0 -1 0
vn 0 -1 0
vn 0 -1 0
vn 0 0 1
vn 0 0 1
vn 0 0 1
vn 0 0 1
vn 0 0 -1
vn 0 0 -1
vn 0 0 -1
vn 0 0 -1
f 1009/217/1009 1011/219/1011 1010/218/1010
f 1011/219/1011 1012/220/1012 1010/218/1010
f 1013/221/1013 1015/223/1015 1014/222/1014
f 1015/223/1015 1016/224/1016 1014/222/1014
f 1017/225/1017 1019/227/1019 1018/226/1018
f 1019/227/1019 1020/228/1020 1018/226/1018
f 1021/229/1021 1023/231/1023 1022/230/1022
f 1023/231/1023 1024/232/1024 1022/230/1022
f 1025/233/1025 1027/235/1027 1026/234/1026
f 1027/235/1027 1028/236/1028 1026/234/1026
f 1029/237/1029 1031/239/1031 1030/238/1030
f 1031/239/1031 1032/240/1032 1030/238/1030
