mtllib train_car.mtl
o nose_shell
usemtl gold
v 0.8681671619415283 0.3400000035762787 3.29660701751709
v 0.8681671619415283 2.440000057220459 3.29660701751709
v 0.8681671619415283 2.440000057220459 3.942450761795044
v 0.8681671619415283 0.5600000023841858 4.936056137084961
v 0.8681671619415283 0.3400000035762787 4.836695671081543
v 0.8681671619415283 0.3400000035762787 3.29660701751709
v 0.8681671619415283 2.3399999141693115 4.09149169921875
v 0.8681671619415283 1.2999999523162842 4.936056137084961
v 0.8681671619415283 0.5600000023841858 4.936056137084961
v 0.8681671619415283 0.3400000035762787 3.29660701751709
v 0.8681671619415283 2.440000057220459 3.942450761795044
v 0.8681671619415283 2.3399999141693115 4.09149169921875
v 0.8681671619415283 2.3399999141693115 4.09149169921875
v 0.8681671619415283 0.5600000023841858 4.936056137084961
v 0.8681671619415283 0.3400000035762787 3.29660701751709
v -0.8681671619415283 2.440000057220459 3.942450761795044
v -0.8681671619415283 2.440000057220459 3.29660701751709
v -0.8681671619415283 0.3400000035762787 3.29660701751709
v -0.8681671619415283 0.3400000035762787 3.29660701751709
v -0.8681671619415283 0.3400000035762787 4.836695671081543
v -0.8681671619415283 0.5600000023841858 4.936056137084961
v -0.8681671619415283 0.5600000023841858 4.936056137084961
v -0.8681671619415283 1.2999999523162842 4.936056137084961
v -0.8681671619415283 2.3399999141693115 4.09149169921875
v -0.8681671619415283 2.3399999141693115 4.09149169921875
v -0.8681671619415283 2.440000057220459 3.942450761795044
v -0.8681671619415283 0.3400000035762787 3.29660701751709
v -0.8681671619415283 0.3400000035762787 3.29660701751709
v -0.8681671619415283 0.5600000023841858 4.936056137084961
v -0.8681671619415283 2.3399999141693115 4.09149169921875
v 0.8681671619415283 0.3400000035762787 3.29660701751709
v 0.8681671619415283 0.3400000035762787 4.836695671081543
v 0.8392282724380493 0.3100000023841858 3.266798734664917
v 0.8681671619415283 0.3400000035762787 4.836695671081543
v 0.8392282724380493 0.3100000023841858 4.855889320373535
v 0.8392282724380493 0.3100000023841858 3.266798734664917
v 0.8392282724380493 0.3100000023841858 3.266798734664917
v 0.8392282724380493 0.3100000023841858 4.855889320373535
v -0.8392282724380493 0.3100000023841858 3.266798734664917
v 0.8392282724380493 0.3100000023841858 4.855889320373535
v -0.8392282724380493 0.3100000023841858 4.855889320373535
v -0.8392282724380493 0.3100000023841858 3.266798734664917
v -0.8392282724380493 0.3100000023841858 3.266798734664917
v -0.8392282724380493 0.3100000023841858 4.855889320373535
v -0.8681671619415283 0.3400000035762787 3.29660701751709
v -0.8392282724380493 0.3100000023841858 4.855889320373535
v -0.8681671619415283 0.3400000035762787 4.836695671081543
v -0.8681671619415283 0.3400000035762787 3.29660701751709
v 0.8681671619415283 0.3400000035762787 4.836695671081543
v 0.8681671619415283 0.5600000023841858 4.936056137084961
v 0.8392282724380493 0.3100000023841858 4.855889320373535
v 0.8681671619415283 0.5600000023841858 4.936056137084961
v 0.8392282724380493 0.5535017251968384 4.965864658355713
v 0.8392282724380493 0.3100000023841858 4.855889320373535
v 0.8392282724380493 0.3100000023841858 4.855889320373535
v 0.8392282724380493 0.5535017251968384 4.965864658355713
v -0.8392282724380493 0.3100000023841858 4.855889320373535
v 0.8392282724380493 0.5535017251968384 4.965864658355713
v -0.8392282724380493 0.5535017251968384 4.965864658355713
v -0.8392282724380493 0.3100000023841858 4.855889320373535
v -0.8392282724380493 0.3100000023841858 4.855889320373535
v -0.8392282724380493 0.5535017251968384 4.965864658355713
v -0.8681671619415283 0.3400000035762787 4.836695671081543
v -0.8392282724380493 0.5535017251968384 4.965864658355713
v -0.8681671619415283 0.5600000023841858 4.936056137084961
v -0.8681671619415283 0.3400000035762787 4.836695671081543
v 0.8681671619415283 0.5600000023841858 4.936056137084961
v 0.8681671619415283 1.2999999523162842 4.936056137084961
v 0.8392282724380493 0.5535017251968384 4.965864658355713
v 0.8681671619415283 1.2999999523162842 4.936056137084961
v 0.8392282724380493 1.3107000589370728 4.965864658355713
v 0.8392282724380493 0.5535017251968384 4.965864658355713
v 0.8392282724380493 0.5535017251968384 4.965864658355713
v 0.8392282724380493 1.3107000589370728 4.965864658355713
v -0.8392282724380493 0.5535017251968384 4.965864658355713
v 0.8392282724380493 1.3107000589370728 4.965864658355713
v -0.8392282724380493 1.3107000589370728 4.965864658355713
v -0.8392282724380493 0.5535017251968384 4.965864658355713
v -0.8392282724380493 0.5535017251968384 4.965864658355713
v -0.8392282724380493 1.3107000589370728 4.965864658355713
v -0.8681671619415283 0.5600000023841858 4.936056137084961
v -0.8392282724380493 1.3107000589370728 4.965864658355713
v -0.8681671619415283 1.2999999523162842 4.936056137084961
v -0.8681671619415283 0.5600000023841858 4.936056137084961
v 0.8681671619415283 1.2999999523162842 4.936056137084961
v 0.8681671619415283 2.3399999141693115 4.09149169921875
v 0.8392282724380493 1.3107000589370728 4.965864658355713
v 0.8681671619415283 2.3399999141693115 4.09149169921875
v 0.8392282724380493 2.362467050552368 4.111744403839111
v 0.8392282724380493 1.3107000589370728 4.965864658355713
v 0.8392282724380493 1.3107000589370728 4.965864658355713
v 0.8392282724380493 2.362467050552368 4.111744403839111
v -0.8392282724380493 1.3107000589370728 4.965864658355713
v 0.8392282724380493 2.362467050552368 4.111744403839111
v -0.8392282724380493 2.362467050552368 4.111744403839111
v -0.8392282724380493 1.3107000589370728 4.965864658355713
v -0.8392282724380493 1.3107000589370728 4.965864658355713
v -0.8392282724380493 2.362467050552368 4.111744403839111
v -0.8681671619415283 1.2999999523162842 4.936056137084961
v -0.8392282724380493 2.362467050552368 4.111744403839111
v -0.8681671619415283 2.3399999141693115 4.09149169921875
v -0.8681671619415283 1.2999999523162842 4.936056137084961
v 0.8681671619415283 2.3399999141693115 4.09149169921875
v 0.8681671619415283 2.440000057220459 3.942450761795044
v 0.8392282724380493 2.362467050552368 4.111744403839111
v 0.8681671619415283 2.440000057220459 3.942450761795044
v 0.8392282724380493 2.4700000286102295 3.9514758586883545
v 0.8392282724380493 2.362467050552368 4.111744403839111
v 0.8392282724380493 2.362467050552368 4.111744403839111
v 0.8392282724380493 2.4700000286102295 3.9514758586883545
v -0.8392282724380493 2.362467050552368 4.111744403839111
v 0.8392282724380493 2.4700000286102295 3.9514758586883545
v -0.8392282724380493 2.4700000286102295 3.9514758586883545
v -0.8392282724380493 2.362467050552368 4.111744403839111
v -0.8392282724380493 2.362467050552368 4.111744403839111
v -0.8392282724380493 2.4700000286102295 3.9514758586883545
v -0.8681671619415283 2.3399999141693115 4.09149169921875
v -0.8392282724380493 2.4700000286102295 3.9514758586883545
v -0.8681671619415283 2.440000057220459 3.942450761795044
v -0.8681671619415283 2.3399999141693115 4.09149169921875
v 0.8681671619415283 2.440000057220459 3.942450761795044
v 0.8681671619415283 2.440000057220459 3.29660701751709
v 0.8392282724380493 2.4700000286102295 3.9514758586883545
v 0.8681671619415283 2.440000057220459 3.29660701751709
v 0.8392282724380493 2.4700000286102295 3.266798734664917
v 0.8392282724380493 2.4700000286102295 3.9514758586883545
v 0.8392282724380493 2.4700000286102295 3.9514758586883545
v 0.8392282724380493 2.4700000286102295 3.266798734664917
v -0.8392282724380493 2.4700000286102295 3.9514758586883545
v 0.8392282724380493 2.4700000286102295 3.266798734664917
v -0.8392282724380493 2.4700000286102295 3.266798734664917
v -0.8392282724380493 2.4700000286102295 3.9514758586883545
v -0.8392282724380493 2.4700000286102295 3.9514758586883545
v -0.8392282724380493 2.4700000286102295 3.266798734664917
v -0.8681671619415283 2.440000057220459 3.942450761795044
v -0.8392282724380493 2.4700000286102295 3.266798734664917
v -0.8681671619415283 2.440000057220459 3.29660701751709
v -0.8681671619415283 2.440000057220459 3.942450761795044
v 0.8681671619415283 2.440000057220459 3.29660701751709
v 0.8681671619415283 0.3400000035762787 3.29660701751709
v 0.8392282724380493 2.4700000286102295 3.266798734664917
v 0.8681671619415283 0.3400000035762787 3.29660701751709
v 0.8392282724380493 0.3100000023841858 3.266798734664917
v 0.8392282724380493 2.4700000286102295 3.266798734664917
v 0.8392282724380493 2.4700000286102295 3.266798734664917
v 0.8392282724380493 0.3100000023841858 3.266798734664917
v -0.8392282724380493 2.4700000286102295 3.266798734664917
v 0.8392282724380493 0.3100000023841858 3.266798734664917
v -0.8392282724380493 0.3100000023841858 3.266798734664917
v -0.8392282724380493 2.4700000286102295 3.266798734664917
v -0.8392282724380493 2.4700000286102295 3.266798734664917
v -0.8392282724380493 0.3100000023841858 3.266798734664917
v -0.8681671619415283 2.440000057220459 3.29660701751709
v -0.8392282724380493 0.3100000023841858 3.266798734664917
v -0.8681671619415283 0.3400000035762787 3.29660701751709
v -0.8681671619415283 2.440000057220459 3.29660701751709
vt 3.3499999046325684 0.3400000035762787
vt 3.3499999046325684 2.440000057220459
vt 4 2.440000057220459
vt 5 0.5600000023841858
vt 4.900000095367432 0.3400000035762787
vt 3.3499999046325684 0.3400000035762787
vt 4.150000095367432 2.3399999141693115
vt 5 1.2999999523162842
vt 5 0.5600000023841858
vt 3.3499999046325684 0.3400000035762787
vt 4 2.440000057220459
vt 4.150000095367432 2.3399999141693115
vt 4.150000095367432 2.3399999141693115
vt 5 0.5600000023841858
vt 3.3499999046325684 0.3400000035762787
vt 4 2.440000057220459
vt 3.3499999046325684 2.440000057220459
vt 3.3499999046325684 0.3400000035762787
vt 3.3499999046325684 0.3400000035762787
vt 4.900000095367432 0.3400000035762787
vt 5 0.5600000023841858
vt 5 0.5600000023841858
vt 5 1.2999999523162842
vt 4.150000095367432 2.3399999141693115
vt 4.150000095367432 2.3399999141693115
vt 4 2.440000057220459
vt 3.3499999046325684 0.3400000035762787
vt 3.3499999046325684 0.3400000035762787
vt 5 0.5600000023841858
vt 4.150000095367432 2.3399999141693115
vt 3.3499999046325684 1.0299999713897705
vt 4.900000095367432 1.0299999713897705
vt 3.319999933242798 1
vt 4.900000095367432 1.0299999713897705
vt 4.919317245483398 1
vt 3.319999933242798 1
vt 3.319999933242798 1
vt 4.919317245483398 1
vt 3.319999933242798 -0.7400000095367432
vt 4.919317245483398 1
vt 4.919317245483398 -0.7400000095367432
vt 3.319999933242798 -0.7400000095367432
vt 3.319999933242798 -0.7400000095367432
vt 4.919317245483398 -0.7400000095367432
vt 3.3499999046325684 -0.7699999809265137
vt 4.919317245483398 -0.7400000095367432
vt 4.900000095367432 -0.7699999809265137
vt 3.3499999046325684 -0.7699999809265137
vt 0.3400000035762787 1.0299999713897705
vt 0.5600000023841858 1.0299999713897705
vt 0.3100000023841858 1
vt 0.5600000023841858 1.0299999713897705
vt 0.5535017251968384 1
vt 0.3100000023841858 1
vt 0.3100000023841858 1
vt 0.5535017251968384 1
vt 0.3100000023841858 -0.7400000095367432
vt 0.5535017251968384 1
vt 0.5535017251968384 -0.7400000095367432
vt 0.3100000023841858 -0.7400000095367432
vt 0.3100000023841858 -0.7400000095367432
vt 0.5535017251968384 -0.7400000095367432
vt 0.3400000035762787 -0.7699999809265137
vt 0.5535017251968384 -0.7400000095367432
vt 0.5600000023841858 -0.7699999809265137
vt 0.3400000035762787 -0.7699999809265137
vt 0.5600000023841858 1.0299999713897705
vt 1.2999999523162842 1.0299999713897705
vt 0.5535017251968384 1
vt 1.2999999523162842 1.0299999713897705
vt 1.3107000589370728 1
vt 0.5535017251968384 1
vt 0.5535017251968384 1
vt 1.3107000589370728 1
vt 0.5535017251968384 -0.7400000095367432
vt 1.3107000589370728 1
vt 1.3107000589370728 -0.7400000095367432
vt 0.5535017251968384 -0.7400000095367432
vt 0.5535017251968384 -0.7400000095367432
vt 1.3107000589370728 -0.7400000095367432
vt 0.5600000023841858 -0.7699999809265137
vt 1.3107000589370728 -0.7400000095367432
vt 1.2999999523162842 -0.7699999809265137
vt 0.5600000023841858 -0.7699999809265137
vt 1.2999999523162842 1.0299999713897705
vt 2.3399999141693115 1.0299999713897705
vt 1.3107000589370728 1
vt 2.3399999141693115 1.0299999713897705
vt 2.362467050552368 1
vt 1.3107000589370728 1
vt 1.3107000589370728 1
vt 2.362467050552368 1
vt 1.3107000589370728 -0.7400000095367432
vt 2.362467050552368 1
vt 2.362467050552368 -0.7400000095367432
vt 1.3107000589370728 -0.7400000095367432
vt 1.3107000589370728 -0.7400000095367432
vt 2.362467050552368 -0.7400000095367432
vt 1.2999999523162842 -0.7699999809265137
vt 2.362467050552368 -0.7400000095367432
vt 2.3399999141693115 -0.7699999809265137
vt 1.2999999523162842 -0.7699999809265137
vt 4.150000095367432 1.0299999713897705
vt 4 1.0299999713897705
vt 4.170382976531982 1
vt 4 1.0299999713897705
vt 4.009083271026611 1
vt 4.170382976531982 1
vt 4.170382976531982 1
vt 4.009083271026611 1
vt 4.170382976531982 -0.7400000095367432
vt 4.009083271026611 1
vt 4.009083271026611 -0.7400000095367432
vt 4.170382976531982 -0.7400000095367432
vt 4.170382976531982 -0.7400000095367432
vt 4.009083271026611 -0.7400000095367432
vt 4.150000095367432 -0.7699999809265137
vt 4.009083271026611 -0.7400000095367432
vt 4 -0.7699999809265137
vt 4.150000095367432 -0.7699999809265137
vt 4 1.0299999713897705
vt 3.3499999046325684 1.0299999713897705
vt 4.009083271026611 1
vt 3.3499999046325684 1.0299999713897705
vt 3.319999933242798 1
vt 4.009083271026611 1
vt 4.009083271026611 1
vt 3.319999933242798 1
vt 4.009083271026611 -0.7400000095367432
vt 3.319999933242798 1
vt 3.319999933242798 -0.7400000095367432
vt 4.009083271026611 -0.7400000095367432
vt 4.009083271026611 -0.7400000095367432
vt 3.319999933242798 -0.7400000095367432
vt 4 -0.7699999809265137
vt 3.319999933242798 -0.7400000095367432
vt 3.3499999046325684 -0.7699999809265137
vt 4 -0.7699999809265137
vt 2.440000057220459 1.0299999713897705
vt 0.3400000035762787 1.0299999713897705
vt 2.4700000286102295 1
vt 0.3400000035762787 1.0299999713897705
vt 0.3100000023841858 1
vt 2.4700000286102295 1
vt 2.4700000286102295 1
vt 0.3100000023841858 1
vt 2.4700000286102295 -0.7400000095367432
vt 0.3100000023841858 1
vt 0.3100000023841858 -0.7400000095367432
vt 2.4700000286102295 -0.7400000095367432
vt 2.4700000286102295 -0.7400000095367432
vt 0.3100000023841858 -0.7400000095367432
vt 2.440000057220459 -0.7699999809265137
vt 0.3100000023841858 -0.7400000095367432
vt 0.3400000035762787 -0.7699999809265137
vt 2.440000057220459 -0.7699999809265137
vn 1 0 0
vn 1 0 0
vn 1 0 0
vn 1 0 0
vn 1 0 0
vn 1 0 0
vn 1 0 0
vn 1 0 0
vn 1 0 0
vn 1 0 0
vn 1 0 0
vn 1 0 0
vn 1 0 0
vn 1 0 0
vn 1 0 0
vn -1 0 0
vn -1 0 0
vn -1 0 0
vn -1 0 0
vn -1 0 0
vn -1 0 0
vn -1 0 0
vn -1 0 0
vn -1 0 0
vn -1 0 0
vn -1 0 0
vn -1 0 0
vn -1 0 0
vn -1 0 0
vn -1 0 0
vn 0.7197207807996139 -0.6942636370178076 0
vn 0.7197207807996139 -0.6942636370178076 0
vn 0.7197207807996139 -0.6942636370178076 0
vn 0.7197207807996139 -0.6942636370178076 0
vn 0.7197207807996139 -0.6942636370178076 0
vn 0.7197207807996139 -0.6942636370178076 0
vn 0 -1 0
vn 0 -1 0
vn 0 -1 0
vn 0 -1 0
vn 0 -1 0
vn 0 -1 0
vn -0.7197207807996139 -0.6942636370178076 0
vn -0.7197207807996139 -0.6942636370178076 0
vn -0.7197207807996139 -0.6942636370178076 0
vn -0.7197207807996139 -0.6942636370178076 0
vn -0.7197207807996139 -0.6942636370178076 0
vn -0.7197207807996139 -0.6942636370178076 0
vn 0.7178689789030223 -0.2865512053710028 0.6344702797051706
vn 0.7178689789030223 -0.2865512053710028 0.6344702797051706
vn 0.7178689789030223 -0.2865512053710028 0.6344702797051706
vn 0.7178738138258347 -0.28655016506257375 0.6344652790545457
vn 0.7178738138258347 -0.28655016506257375 0.6344652790545457
vn 0.7178738138258347 -0.28655016506257375 0.6344652790545457
vn 0 -0.41160752740519585 0.9113612035759373
vn 0 -0.41160752740519585 0.9113612035759373
vn 0 -0.41160752740519585 0.9113612035759373
vn 0 -0.41160752740519585 0.9113612035759373
vn 0 -0.41160752740519585 0.9113612035759373
vn 0 -0.41160752740519585 0.9113612035759373
vn -0.717869360648131 -0.28655204946290835 0.6344694665555235
vn -0.717869360648131 -0.28655204946290835 0.6344694665555235
vn -0.717869360648131 -0.28655204946290835 0.6344694665555235
vn -0.7178739294131885 -0.2865490907332199 0.6344656334813047
vn -0.7178739294131885 -0.2865490907332199 0.6344656334813047
vn -0.7178739294131885 -0.2865490907332199 0.6344656334813047
vn 0.7174938343286422 0 0.6965648553439822
vn 0.7174938343286422 0 0.6965648553439822
vn 0.7174938343286422 0 0.6965648553439822
vn 0.7174938343286422 0 0.6965648553439822
vn 0.7174938343286422 0 0.6965648553439822
vn 0.7174938343286422 0 0.6965648553439822
vn 0 0 1
vn 0 0 1
vn 0 0 1
vn 0 0 1
vn 0 0 1
vn 0 0 1
vn -0.7174938343286422 0 0.6965648553439822
vn -0.7174938343286422 0 0.6965648553439822
vn -0.7174938343286422 0 0.6965648553439822
vn -0.7174938343286422 0 0.6965648553439822
vn -0.7174938343286422 0 0.6965648553439822
vn -0.7174938343286422 0 0.6965648553439822
vn 0.7183840846835785 0.4385335430740291 0.5400117021623474
vn 0.7183840846835785 0.4385335430740291 0.5400117021623474
vn 0.7183840846835785 0.4385335430740291 0.5400117021623474
vn 0.7183836826615042 0.43853382058006735 0.5400120116193199
vn 0.7183836826615042 0.43853382058006735 0.5400120116193199
vn 0.7183836826615042 0.43853382058006735 0.5400120116193199
vn 0 0.6303969537251745 0.7762729421627551
vn 0 0.6303969537251745 0.7762729421627551
vn 0 0.6303969537251745 0.7762729421627551
vn 0 0.6303969537251745 0.7762729421627551
vn 0 0.6303969537251745 0.7762729421627551
vn 0 0.6303969537251745 0.7762729421627551
vn -0.7183840846835785 0.4385335430740291 0.5400117021623474
vn -0.7183840846835785 0.4385335430740291 0.5400117021623474
vn -0.7183840846835785 0.4385335430740291 0.5400117021623474
vn -0.7183836689275169 0.43853378239389934 0.540012060900069
vn -0.7183836689275169 0.43853378239389934 0.540012060900069
vn -0.7183836689275169 0.43853378239389934 0.540012060900069
vn 0.7190346337060447 0.5771080428289316 0.38721505966758857
vn 0.7190346337060447 0.5771080428289316 0.38721505966758857
vn 0.7190346337060447 0.5771080428289316 0.38721505966758857
vn 0.7190324213745667 0.5771103618242638 0.3872157115708181
vn 0.7190324213745667 0.5771103618242638 0.3872157115708181
vn 0.7190324213745667 0.5771103618242638 0.3872157115708181
vn 0 0.8304027167667827 0.5571636456072369
vn 0 0.8304027167667827 0.5571636456072369
vn 0 0.8304027167667827 0.5571636456072369
vn 0 0.8304027167667827 0.5571636456072369
vn 0 0.8304027167667827 0.5571636456072369
vn 0 0.8304027167667827 0.5571636456072369
vn -0.7190346017890407 0.577108494049014 0.3872144464331809
vn -0.7190346017890407 0.577108494049014 0.3872144464331809
vn -0.7190346017890407 0.577108494049014 0.3872144464331809
vn -0.7190322966208283 0.5771100593509476 0.38721639403842756
vn -0.7190322966208283 0.5771100593509476 0.38721639403842756
vn -0.7190322966208283 0.5771100593509476 0.38721639403842756
vn 0.7197204297241204 0.6942640009662946 0
vn 0.7197204297241204 0.6942640009662946 0
vn 0.7197204297241204 0.6942640009662946 0
vn 0.7197204297241204 0.6942640009662946 0
vn 0.7197204297241204 0.6942640009662946 0
vn 0.7197204297241204 0.6942640009662946 0
vn 0 1 0
vn 0 1 0
vn 0 1 0
vn 0 1 0
vn 0 1 0
vn 0 1 0
vn -0.7197204297241204 0.6942640009662946 0
vn -0.7197204297241204 0.6942640009662946 0
vn -0.7197204297241204 0.6942640009662946 0
vn -0.7197204297241204 0.6942640009662946 0
vn -0.7197204297241204 0.6942640009662946 0
vn -0.7197204297241204 0.6942640009662946 0
vn 0.7174911038923577 0 -0.6965676678078923
vn 0.7174911038923577 0 -0.6965676678078923
vn 0.7174911038923577 0 -0.6965676678078923
vn 0.7174911038923577 0 -0.6965676678078923
vn 0.7174911038923577 0 -0.6965676678078923
vn 0.7174911038923577 0 -0.6965676678078923
vn 0 0 -1
vn 0 0 -1
vn 0 0 -1
vn 0 0 -1
vn 0 0 -1
vn 0 0 -1
vn -0.7174911038923577 0 -0.6965676678078923
vn -0.7174911038923577 0 -0.6965676678078923
vn -0.7174911038923577 0 -0.6965676678078923
vn -0.7174911038923577 0 -0.6965676678078923
vn -0.7174911038923577 0 -0.6965676678078923
vn -0.7174911038923577 0 -0.6965676678078923
f 1/1/1 2/2/2 3/3/3
f 4/4/4 5/5/5 6/6/6
f 7/7/7 8/8/8 9/9/9
f 10/10/10 11/11/11 12/12/12
f 13/13/13 14/14/14 15/15/15
f 16/16/16 17/17/17 18/18/18
f 19/19/19 20/20/20 21/21/21
f 22/22/22 23/23/23 24/24/24
f 25/25/25 26/26/26 27/27/27
f 28/28/28 29/29/29 30/30/30
f 31/31/31 32/32/32 33/33/33
f 34/34/34 35/35/35 36/36/36
f 37/37/37 38/38/38 39/39/39
f 40/40/40 41/41/41 42/42/42
f 43/43/43 44/44/44 45/45/45
f 46/46/46 47/47/47 48/48/48
f 49/49/49 50/50/50 51/51/51
f 52/52/52 53/53/53 54/54/54
f 55/55/55 56/56/56 57/57/57
f 58/58/58 59/59/59 60/60/60
f 61/61/61 62/62/62 63/63/63
f 64/64/64 65/65/65 66/66/66
f 67/67/67 68/68/68 69/69/69
f 70/70/70 71/71/71 72/72/72
f 73/73/73 74/74/74 75/75/75
f 76/76/76 77/77/77 78/78/78
f 79/79/79 80/80/80 81/81/81
f 82/82/82 83/83/83 84/84/84
f 85/85/85 86/86/86 87/87/87
f 88/88/88 89/89/89 90/90/90
f 91/91/91 92/92/92 93/93/93
f 94/94/94 95/95/95 96/96/96
f 97/97/97 98/98/98 99/99/99
f 100/100/100 101/101/101 102/102/102
f 103/103/103 104/104/104 105/105/105
f 106/106/106 107/107/107 108/108/108
f 109/109/109 110/110/110 111/111/111
f 112/112/112 113/113/113 114/114/114
f 115/115/115 116/116/116 117/117/117
f 118/118/118 119/119/119 120/120/120
f 121/121/121 122/122/122 123/123/123
f 124/124/124 125/125/125 126/126/126
f 127/127/127 128/128/128 129/129/129
f 130/130/130 131/131/131 132/132/132
f 133/133/133 134/134/134 135/135/135
f 136/136/136 137/137/137 138/138/138
f 139/139/139 140/140/140 141/141/141
f 142/142/142 143/143/143 144/144/144
f 145/145/145 146/146/146 147/147/147
f 148/148/148 149/149/149 150/150/150
f 151/151/151 152/152/152 153/153/153
f 154/154/154 155/155/155 156/156/156
o body_shell
usemtl cobalt
v -0.8681671619415283 0.3700000047683716 -4.970191955566406
v -0.8681671619415283 2.4100000858306885 3.266798734664917
v -0.8681671619415283 2.4100000858306885 -4.970191955566406
v -0.8681671619415283 0.3700000047683716 -4.970191955566406
v -0.8681671619415283 0.3700000047683716 3.266798734664917
v -0.8681671619415283 2.4100000858306885 3.266798734664917
v 0.8681671619415283 0.3700000047683716 -4.970191955566406
v 0.8681671619415283 2.4100000858306885 -4.970191955566406
v 0.8681671619415283 2.4100000858306885 3.266798734664917
v 0.8681671619415283 0.3700000047683716 -4.970191955566406
v 0.8681671619415283 2.4100000858306885 3.266798734664917
v 0.8681671619415283 0.3700000047683716 3.266798734664917
v -0.8392282724380493 0.3400000333786011 -4.970191955566406
v 0.8392282724380493 0.3400000333786011 -4.970191955566406
v 0.8392282724380493 0.3400000333786011 3.266798734664917
v -0.8392282724380493 0.3400000333786011 -4.970191955566406
v 0.8392282724380493 0.3400000333786011 3.266798734664917
v -0.8392282724380493 0.3400000333786011 3.266798734664917
v -0.8392282724380493 2.440000057220459 -4.970191955566406
v 0.8392282724380493 2.440000057220459 3.266798734664917
v 0.8392282724380493 2.440000057220459 -4.970191955566406
v -0.8392282724380493 2.440000057220459 -4.970191955566406
v -0.8392282724380493 2.440000057220459 3.266798734664917
v 0.8392282724380493 2.440000057220459 3.266798734664917
v -0.8392282724380493 0.3700000047683716 -5
v 0.8392282724380493 2.4100000858306885 -5
v 0.8392282724380493 0.3700000047683716 -5
v -0.8392282724380493 0.3700000047683716 -5
v -0.8392282724380493 2.4100000858306885 -5
v 0.8392282724380493 2.4100000858306885 -5
v -0.8392282724380493 0.3700000047683716 3.296607255935669
v 0.8392282724380493 0.3700000047683716 3.296607255935669
v 0.8392282724380493 2.4100000858306885 3.296607255935669
v -0.8392282724380493 0.3700000047683716 3.296607255935669
v 0.8392282724380493 2.4100000858306885 3.296607255935669
v -0.8392282724380493 2.4100000858306885 3.296607255935669
v -0.8681671619415283 0.3700000047683716 -4.970191955566406
v -0.8392282724380493 0.3400000333786011 -4.970191955566406
v -0.8392282724380493 0.3400000333786011 3.266798734664917
v -0.8681671619415283 0.3700000047683716 -4.970191955566406
v -0.8392282724380493 0.3400000333786011 3.266798734664917
v -0.8681671619415283 0.3700000047683716 3.266798734664917
v -0.8681671619415283 2.4100000858306885 -4.970191955566406
v -0.8392282724380493 2.440000057220459 3.266798734664917
v -0.8392282724380493 2.440000057220459 -4.970191955566406
v -0.8681671619415283 2.4100000858306885 -4.970191955566406
v -0.8681671619415283 2.4100000858306885 3.266798734664917
v -0.8392282724380493 2.440000057220459 3.266798734664917
v 0.8681671619415283 0.3700000047683716 -4.970191955566406
v 0.8392282724380493 0.3400000333786011 3.266798734664917
v 0.8392282724380493 0.3400000333786011 -4.970191955566406
v 0.8681671619415283 0.3700000047683716 -4.970191955566406
v 0.8681671619415283 0.3700000047683716 3.266798734664917
v 0.8392282724380493 0.3400000333786011 3.266798734664917
v 0.8681671619415283 2.4100000858306885 -4.970191955566406
v 0.8392282724380493 2.440000057220459 -4.970191955566406
v 0.8392282724380493 2.440000057220459 3.266798734664917
v 0.8681671619415283 2.4100000858306885 -4.970191955566406
v 0.8392282724380493 2.440000057220459 3.266798734664917
v 0.8681671619415283 2.4100000858306885 3.266798734664917
v -0.8681671619415283 0.3700000047683716 -4.970191955566406
v -0.8392282724380493 2.4100000858306885 -5
v -0.8392282724380493 0.3700000047683716 -5
v -0.8681671619415283 0.3700000047683716 -4.970191955566406
v -0.8681671619415283 2.4100000858306885 -4.970191955566406
v -0.8392282724380493 2.4100000858306885 -5
v -0.8681671619415283 0.3700000047683716 3.266798734664917
v -0.8392282724380493 0.3700000047683716 3.296607255935669
v -0.8392282724380493 2.4100000858306885 3.296607255935669
v -0.8681671619415283 0.3700000047683716 3.266798734664917
v -0.8392282724380493 2.4100000858306885 3.296607255935669
v -0.8681671619415283 2.4100000858306885 3.266798734664917
v 0.8681671619415283 0.3700000047683716 -4.970191955566406
v 0.8392282724380493 0.3700000047683716 -5
v 0.8392282724380493 2.4100000858306885 -5
v 0.8681671619415283 0.3700000047683716 -4.970191955566406
v 0.8392282724380493 2.4100000858306885 -5
v 0.8681671619415283 2.4100000858306885 -4.970191955566406
v 0.8681671619415283 0.3700000047683716 3.266798734664917
v 0.8392282724380493 2.4100000858306885 3.296607255935669
v 0.8392282724380493 0.3700000047683716 3.296607255935669
v 0.8681671619415283 0.3700000047683716 3.266798734664917
v 0.8681671619415283 2.4100000858306885 3.266798734664917
v 0.8392282724380493 2.4100000858306885 3.296607255935669
v -0.8392282724380493 0.3400000333786011 -4.970191955566406
v -0.8392282724380493 0.3700000047683716 -5
v 0.8392282724380493 0.3700000047683716 -5
v -0.8392282724380493 0.3400000333786011 -4.970191955566406
v 0.8392282724380493 0.3700000047683716 -5
v 0.8392282724380493 0.3400000333786011 -4.970191955566406
v -0.8392282724380493 0.3400000333786011 3.266798734664917
v 0.8392282724380493 0.3700000047683716 3.296607255935669
v -0.8392282724380493 0.3700000047683716 3.296607255935669
v -0.8392282724380493 0.3400000333786011 3.266798734664917
v 0.8392282724380493 0.3400000333786011 3.266798734664917
v 0.8392282724380493 0.3700000047683716 3.296607255935669
v -0.8392282724380493 2.440000057220459 -4.970191955566406
v 0.8392282724380493 2.4100000858306885 -5
v -0.8392282724380493 2.4100000858306885 -5
v -0.8392282724380493 2.440000057220459 -4.970191955566406
v 0.8392282724380493 2.440000057220459 -4.970191955566406
v 0.8392282724380493 2.4100000858306885 -5
v -0.8392282724380493 2.440000057220459 3.266798734664917
v -0.8392282724380493 2.4100000858306885 3.296607255935669
v 0.8392282724380493 2.4100000858306885 3.296607255935669
v -0.8392282724380493 2.440000057220459 3.266798734664917
v 0.8392282724380493 2.4100000858306885 3.296607255935669
v 0.8392282724380493 2.440000057220459 3.266798734664917
v -0.8681671619415283 0.3700000047683716 -4.970191955566406
v -0.8392282724380493 0.3700000047683716 -5
v -0.8392282724380493 0.3400000333786011 -4.970191955566406
v -0.8681671619415283 0.3700000047683716 3.266798734664917
v -0.8392282724380493 0.3400000333786011 3.266798734664917
v -0.8392282724380493 0.3700000047683716 3.296607255935669
v -0.8681671619415283 2.4100000858306885 -4.970191955566406
v -0.8392282724380493 2.440000057220459 -4.970191955566406
v -0.8392282724380493 2.4100000858306885 -5
v -0.8681671619415283 2.4100000858306885 3.266798734664917
v -0.8392282724380493 2.4100000858306885 3.296607255935669
v -0.8392282724380493 2.440000057220459 3.266798734664917
v 0.8681671619415283 0.3700000047683716 -4.970191955566406
v 0.8392282724380493 0.3400000333786011 -4.970191955566406
v 0.8392282724380493 0.3700000047683716 -5
v 0.8681671619415283 0.3700000047683716 3.266798734664917
v 0.8392282724380493 0.3700000047683716 3.296607255935669
v 0.8392282724380493 0.3400000333786011 3.266798734664917
v 0.8681671619415283 2.4100000858306885 -4.970191955566406
v 0.8392282724380493 2.4100000858306885 -5
v 0.8392282724380493 2.440000057220459 -4.970191955566406
v 0.8681671619415283 2.4100000858306885 3.266798734664917
v 0.8392282724380493 2.440000057220459 3.266798734664917
v 0.8392282724380493 2.4100000858306885 3.296607255935669
vn -1 0 0
vn -1 0 0
vn -1 0 0
vn -1 0 0
vn -1 0 0
vn -1 0 0
vn 1 0 0
vn 1 0 0
vn 1 0 0
vn 1 0 0
vn 1 0 0
vn 1 0 0
vn 0 -1 0
vn 0 -1 0
vn 0 -1 0
vn 0 -1 0
vn 0 -1 0
vn 0 -1 0
vn 0 1 0
vn 0 1 0
vn 0 1 0
vn 0 1 0
vn 0 1 0
vn 0 1 0
vn 0 0 -1
vn 0 0 -1
vn 0 0 -1
vn 0 0 -1
vn 0 0 -1
vn 0 0 -1
vn 0 0 1
vn 0 0 1
vn 0 0 1
vn 0 0 1
vn 0 0 1
vn 0 0 1
vn -0.7197204297241204 -0.6942640009662946 0
vn -0.7197204297241204 -0.6942640009662946 0
vn -0.7197204297241204 -0.6942640009662946 0
vn -0.7197204297241204 -0.6942640009662946 0
vn -0.7197204297241204 -0.6942640009662946 0
vn -0.7197204297241204 -0.6942640009662946 0
vn -0.7197204297241204 0.6942640009662946 0
vn -0.7197204297241204 0.6942640009662946 0
vn -0.7197204297241204 0.6942640009662946 0
vn -0.7197204297241204 0.6942640009662946 0
vn -0.7197204297241204 0.6942640009662946 0
vn -0.7197204297241204 0.6942640009662946 0
vn 0.7197204297241204 -0.6942640009662946 0
vn 0.7197204297241204 -0.6942640009662946 0
vn 0.7197204297241204 -0.6942640009662946 0
vn 0.7197204297241204 -0.6942640009662946 0
vn 0.7197204297241204 -0.6942640009662946 0
vn 0.7197204297241204 -0.6942640009662946 0
vn 0.7197204297241204 0.6942640009662946 0
vn 0.7197204297241204 0.6942640009662946 0
vn 0.7197204297241204 0.6942640009662946 0
vn 0.7197204297241204 0.6942640009662946 0
vn 0.7197204297241204 0.6942640009662946 0
vn 0.7197204297241204 0.6942640009662946 0
vn -0.7174938343286422 0 -0.6965648553439822
vn -0.7174938343286422 0 -0.6965648553439822
vn -0.7174938343286422 0 -0.6965648553439822
vn -0.7174938343286422 0 -0.6965648553439822
vn -0.7174938343286422 0 -0.6965648553439822
vn -0.7174938343286422 0 -0.6965648553439822
vn -0.7174938343286422 0 0.6965648553439822
vn -0.7174938343286422 0 0.6965648553439822
vn -0.7174938343286422 0 0.6965648553439822
vn -0.7174938343286422 0 0.6965648553439822
vn -0.7174938343286422 0 0.6965648553439822
vn -0.7174938343286422 0 0.6965648553439822
vn 0.7174938343286422 0 -0.6965648553439822
vn 0.7174938343286422 0 -0.6965648553439822
vn 0.7174938343286422 0 -0.6965648553439822
vn 0.7174938343286422 0 -0.6965648553439822
vn 0.7174938343286422 0 -0.6965648553439822
vn 0.7174938343286422 0 -0.6965648553439822
vn 0.7174938343286422 0 0.6965648553439822
vn 0.7174938343286422 0 0.6965648553439822
vn 0.7174938343286422 0 0.6965648553439822
vn 0.7174938343286422 0 0.6965648553439822
vn 0.7174938343286422 0 0.6965648553439822
vn 0.7174938343286422 0 0.6965648553439822
vn 0 -0.7048379678818935 -0.7093683380530335
vn 0 -0.7048379678818935 -0.7093683380530335
vn 0 -0.7048379678818935 -0.7093683380530335
vn 0 -0.7048379678818935 -0.7093683380530335
vn 0 -0.7048379678818935 -0.7093683380530335
vn 0 -0.7048379678818935 -0.7093683380530335
vn 0 -0.7048379678818935 0.7093683380530335
vn 0 -0.7048379678818935 0.7093683380530335
vn 0 -0.7048379678818935 0.7093683380530335
vn 0 -0.7048379678818935 0.7093683380530335
vn 0 -0.7048379678818935 0.7093683380530335
vn 0 -0.7048379678818935 0.7093683380530335
vn 0 0.7048379678818935 -0.7093683380530335
vn 0 0.7048379678818935 -0.7093683380530335
vn 0 0.7048379678818935 -0.7093683380530335
vn 0 0.7048379678818935 -0.7093683380530335
vn 0 0.7048379678818935 -0.7093683380530335
vn 0 0.7048379678818935 -0.7093683380530335
vn 0 0.7048379678818935 0.7093683380530335
vn 0 0.7048379678818935 0.7093683380530335
vn 0 0.7048379678818935 0.7093683380530335
vn 0 0.7048379678818935 0.7093683380530335
vn 0 0.7048379678818935 0.7093683380530335
vn 0 0.7048379678818935 0.7093683380530335
vn -0.5899707129970425 -0.5691035439131757 -0.5727614809946852
vn -0.5899707129970425 -0.5691035439131757 -0.5727614809946852
vn -0.5899707129970425 -0.5691035439131757 -0.5727614809946852
vn -0.5899707129970425 -0.5691035439131757 0.5727614809946852
vn -0.5899707129970425 -0.5691035439131757 0.5727614809946852
vn -0.5899707129970425 -0.5691035439131757 0.5727614809946852
vn -0.5899707129970425 0.5691035439131757 -0.5727614809946852
vn -0.5899707129970425 0.5691035439131757 -0.5727614809946852
vn -0.5899707129970425 0.5691035439131757 -0.5727614809946852
vn -0.5899707129970425 0.5691035439131757 0.5727614809946852
vn -0.5899707129970425 0.5691035439131757 0.5727614809946852
vn -0.5899707129970425 0.5691035439131757 0.5727614809946852
vn 0.5899707129970425 -0.5691035439131757 -0.5727614809946852
vn 0.5899707129970425 -0.5691035439131757 -0.5727614809946852
vn 0.5899707129970425 -0.5691035439131757 -0.5727614809946852
vn 0.5899707129970425 -0.5691035439131757 0.5727614809946852
vn 0.5899707129970425 -0.5691035439131757 0.5727614809946852
vn 0.5899707129970425 -0.5691035439131757 0.5727614809946852
vn 0.5899707129970425 0.5691035439131757 -0.5727614809946852
vn 0.5899707129970425 0.5691035439131757 -0.5727614809946852
vn 0.5899707129970425 0.5691035439131757 -0.5727614809946852
vn 0.5899707129970425 0.5691035439131757 0.5727614809946852
vn 0.5899707129970425 0.5691035439131757 0.5727614809946852
vn 0.5899707129970425 0.5691035439131757 0.5727614809946852
f 157//157 158//158 159//159
f 160//160 161//161 162//162
f 163//163 164//164 165//165
f 166//166 167//167 168//168
f 169//169 170//170 171//171
f 172//172 173//173 174//174
f 175//175 176//176 177//177
f 178//178 179//179 180//180
f 181//181 182//182 183//183
f 184//184 185//185 186//186
f 187//187 188//188 189//189
f 190//190 191//191 192//192
f 193//193 194//194 195//195
f 196//196 197//197 198//198
f 199//199 200//200 201//201
f 202//202 203//203 204//204
f 205//205 206//206 207//207
f 208//208 209//209 210//210
f 211//211 212//212 213//213
f 214//214 215//215 216//216
f 217//217 218//218 219//219
f 220//220 221//221 222//222
f 223//223 224//224 225//225
f 226//226 227//227 228//228
f 229//229 230//230 231//231
f 232//232 233//233 234//234
f 235//235 236//236 237//237
f 238//238 239//239 240//240
f 241//241 242//242 243//243
f 244//244 245//245 246//246
f 247//247 248//248 249//249
f 250//250 251//251 252//252
f 253//253 254//254 255//255
f 256//256 257//257 258//258
f 259//259 260//260 261//261
f 262//262 263//263 264//264
f 265//265 266//266 267//267
f 268//268 269//269 270//270
f 271//271 272//272 273//273
f 274//274 275//275 276//276
f 277//277 278//278 279//279
f 280//280 281//281 282//282
f 283//283 284//284 285//285
f 286//286 287//287 288//288
o chassis
usemtl metal
v -0.7524115443229675 0.02999998815357685 -4.920511722564697
v -0.7524115443229675 0.39000004529953003 4.260404109954834
v -0.7524115443229675 0.39000004529953003 -4.920511722564697
v -0.7524115443229675 0.02999998815357685 -4.920511722564697
v -0.7524115443229675 0.02999998815357685 4.260404109954834
v -0.7524115443229675 0.39000004529953003 4.260404109954834
v 0.7524115443229675 0.02999998815357685 -4.920511722564697
v 0.7524115443229675 0.39000004529953003 -4.920511722564697
v 0.7524115443229675 0.39000004529953003 4.260404109954834
v 0.7524115443229675 0.02999998815357685 -4.920511722564697
v 0.7524115443229675 0.39000004529953003 4.260404109954834
v 0.7524115443229675 0.02999998815357685 4.260404109954834
v -0.7234726548194885 0 -4.920511722564697
v 0.7234726548194885 0 -4.920511722564697
v 0.7234726548194885 0 4.260404109954834
v -0.7234726548194885 0 -4.920511722564697
v 0.7234726548194885 0 4.260404109954834
v -0.7234726548194885 0 4.260404109954834
v -0.7234726548194885 0.42000001668930054 -4.920511722564697
v 0.7234726548194885 0.42000001668930054 4.260404109954834
v 0.7234726548194885 0.42000001668930054 -4.920511722564697
v -0.7234726548194885 0.42000001668930054 -4.920511722564697
v -0.7234726548194885 0.42000001668930054 4.260404109954834
v 0.7234726548194885 0.42000001668930054 4.260404109954834
v -0.7234726548194885 0.02999998815357685 -4.950320243835449
v 0.7234726548194885 0.39000004529953003 -4.950320243835449
v 0.7234726548194885 0.02999998815357685 -4.950320243835449
v -0.7234726548194885 0.02999998815357685 -4.950320243835449
v -0.7234726548194885 0.39000004529953003 -4.950320243835449
v 0.7234726548194885 0.39000004529953003 -4.950320243835449
v -0.7234726548194885 0.02999998815357685 4.290212631225586
v 0.7234726548194885 0.02999998815357685 4.290212631225586
v 0.7234726548194885 0.39000004529953003 4.290212631225586
v -0.7234726548194885 0.02999998815357685 4.290212631225586
v 0.7234726548194885 0.39000004529953003 4.290212631225586
v -0.7234726548194885 0.39000004529953003 4.290212631225586
v -0.7524115443229675 0.02999998815357685 -4.920511722564697
v -0.7234726548194885 0 -4.920511722564697
v -0.7234726548194885 0 4.260404109954834
v -0.7524115443229675 0.02999998815357685 -4.920511722564697
v -0.7234726548194885 0 4.260404109954834
v -0.7524115443229675 0.02999998815357685 4.260404109954834
v -0.7524115443229675 0.39000004529953003 -4.920511722564697
v -0.7234726548194885 0.42000001668930054 4.260404109954834
v -0.7234726548194885 0.42000001668930054 -4.920511722564697
v -0.7524115443229675 0.39000004529953003 -4.920511722564697
v -0.7524115443229675 0.39000004529953003 4.260404109954834
v -0.7234726548194885 0.42000001668930054 4.260404109954834
v 0.7524115443229675 0.02999998815357685 -4.920511722564697
v 0.7234726548194885 0 4.260404109954834
v 0.7234726548194885 0 -4.920511722564697
v 0.7524115443229675 0.02999998815357685 -4.920511722564697
v 0.7524115443229675 0.02999998815357685 4.260404109954834
v 0.7234726548194885 0 4.260404109954834
v 0.7524115443229675 0.39000004529953003 -4.920511722564697
v 0.7234726548194885 0.42000001668930054 -4.920511722564697
v 0.7234726548194885 0.42000001668930054 4.260404109954834
v 0.7524115443229675 0.39000004529953003 -4.920511722564697
v 0.7234726548194885 0.42000001668930054 4.260404109954834
v 0.7524115443229675 0.39000004529953003 4.260404109954834
v -0.7524115443229675 0.02999998815357685 -4.920511722564697
v -0.7234726548194885 0.39000004529953003 -4.950320243835449
v -0.7234726548194885 0.02999998815357685 -4.950320243835449
v -0.7524115443229675 0.02999998815357685 -4.920511722564697
v -0.7524115443229675 0.39000004529953003 -4.920511722564697
v -0.7234726548194885 0.39000004529953003 -4.950320243835449
v -0.7524115443229675 0.02999998815357685 4.260404109954834
v -0.7234726548194885 0.02999998815357685 4.290212631225586
v -0.7234726548194885 0.39000004529953003 4.290212631225586
v -0.7524115443229675 0.02999998815357685 4.260404109954834
v -0.7234726548194885 0.39000004529953003 4.290212631225586
v -0.7524115443229675 0.39000004529953003 4.260404109954834
v 0.7524115443229675 0.02999998815357685 -4.920511722564697
v 0.7234726548194885 0.02999998815357685 -4.950320243835449
v 0.7234726548194885 0.39000004529953003 -4.950320243835449
v 0.7524115443229675 0.02999998815357685 -4.920511722564697
v 0.7234726548194885 0.39000004529953003 -4.950320243835449
v 0.7524115443229675 0.39000004529953003 -4.920511722564697
v 0.7524115443229675 0.02999998815357685 4.260404109954834
v 0.7234726548194885 0.39000004529953003 4.290212631225586
v 0.7234726548194885 0.02999998815357685 4.290212631225586
v 0.7524115443229675 0.02999998815357685 4.260404109954834
v 0.7524115443229675 0.39000004529953003 4.260404109954834
v 0.7234726548194885 0.39000004529953003 4.290212631225586
v -0.7234726548194885 0 -4.920511722564697
v -0.7234726548194885 0.02999998815357685 -4.950320243835449
v 0.7234726548194885 0.02999998815357685 -4.950320243835449
v -0.7234726548194885 0 -4.920511722564697
v 0.7234726548194885 0.02999998815357685 -4.950320243835449
v 0.7234726548194885 0 -4.920511722564697
v -0.7234726548194885 0 4.260404109954834
v 0.7234726548194885 0.02999998815357685 4.290212631225586
v -0.7234726548194885 0.02999998815357685 4.290212631225586
v -0.7234726548194885 0 4.260404109954834
v 0.7234726548194885 0 4.260404109954834
v 0.7234726548194885 0.02999998815357685 4.290212631225586
v -0.7234726548194885 0.42000001668930054 -4.920511722564697
v 0.7234726548194885 0.39000004529953003 -4.950320243835449
v -0.7234726548194885 0.39000004529953003 -4.950320243835449
v -0.7234726548194885 0.42000001668930054 -4.920511722564697
v 0.7234726548194885 0.42000001668930054 -4.920511722564697
v 0.7234726548194885 0.39000004529953003 -4.950320243835449
v -0.7234726548194885 0.42000001668930054 4.260404109954834
v -0.7234726548194885 0.39000004529953003 4.290212631225586
v 0.7234726548194885 0.39000004529953003 4.290212631225586
v -0.7234726548194885 0.42000001668930054 4.260404109954834
v 0.7234726548194885 0.39000004529953003 4.290212631225586
v 0.7234726548194885 0.42000001668930054 4.260404109954834
v -0.7524115443229675 0.02999998815357685 -4.920511722564697
v -0.7234726548194885 0.02999998815357685 -4.950320243835449
v -0.7234726548194885 0 -4.920511722564697
v -0.7524115443229675 0.02999998815357685 4.260404109954834
v -0.7234726548194885 0 4.260404109954834
v -0.7234726548194885 0.02999998815357685 4.290212631225586
v -0.7524115443229675 0.39000004529953003 -4.920511722564697
v -0.7234726548194885 0.42000001668930054 -4.920511722564697
v -0.7234726548194885 0.39000004529953003 -4.950320243835449
v -0.7524115443229675 0.39000004529953003 4.260404109954834
v -0.7234726548194885 0.39000004529953003 4.290212631225586
v -0.7234726548194885 0.42000001668930054 4.260404109954834
v 0.7524115443229675 0.02999998815357685 -4.920511722564697
v 0.7234726548194885 0 -4.920511722564697
v 0.7234726548194885 0.02999998815357685 -4.950320243835449
v 0.7524115443229675 0.02999998815357685 4.260404109954834
v 0.7234726548194885 0.02999998815357685 4.290212631225586
v 0.7234726548194885 0 4.260404109954834
v 0.7524115443229675 0.39000004529953003 -4.920511722564697
v 0.7234726548194885 0.39000004529953003 -4.950320243835449
v 0.7234726548194885 0.42000001668930054 -4.920511722564697
v 0.7524115443229675 0.39000004529953003 4.260404109954834
v 0.7234726548194885 0.42000001668930054 4.260404109954834
v 0.7234726548194885 0.39000004529953003 4.290212631225586
vn -1 0 0
vn -1 0 0
vn -1 0 0
vn -1 0 0
vn -1 0 0
vn -1 0 0
vn 1 0 0
vn 1 0 0
vn 1 0 0
vn 1 0 0
vn 1 0 0
vn 1 0 0
vn 0 -1 0
vn 0 -1 0
vn 0 -1 0
vn 0 -1 0
vn 0 -1 0
vn 0 -1 0
vn 0 1 0
vn 0 1 0
vn 0 1 0
vn 0 1 0
vn 0 1 0
vn 0 1 0
vn 0 0 -1
vn 0 0 -1
vn 0 0 -1
vn 0 0 -1
vn 0 0 -1
vn 0 0 -1
vn 0 0 1
vn 0 0 1
vn 0 0 1
vn 0 0 1
vn 0 0 1
vn 0 0 1
vn -0.7197206052618911 -0.6942638189920725 0
vn -0.7197206052618911 -0.6942638189920725 0
vn -0.7197206052618911 -0.6942638189920725 0
vn -0.7197206052618911 -0.6942638189920725 0
vn -0.7197206052618911 -0.6942638189920725 0
vn -0.7197206052618911 -0.6942638189920725 0
vn -0.7197206052618911 0.6942638189920725 0
vn -0.7197206052618911 0.6942638189920725 0
vn -0.7197206052618911 0.6942638189920725 0
vn -0.7197206052618911 0.6942638189920725 0
vn -0.7197206052618911 0.6942638189920725 0
vn -0.7197206052618911 0.6942638189920725 0
vn 0.7197206052618911 -0.6942638189920725 0
vn 0.7197206052618911 -0.6942638189920725 0
vn 0.7197206052618911 -0.6942638189920725 0
vn 0.7197206052618911 -0.6942638189920725 0
vn 0.7197206052618911 -0.6942638189920725 0
vn 0.7197206052618911 -0.6942638189920725 0
vn 0.7197206052618911 0.6942638189920725 0
vn 0.7197206052618911 0.6942638189920725 0
vn 0.7197206052618911 0.6942638189920725 0
vn 0.7197206052618911 0.6942638189920725 0
vn 0.7197206052618911 0.6942638189920725 0
vn 0.7197206052618911 0.6942638189920725 0
vn -0.7174938343286422 0 -0.6965648553439822
vn -0.7174938343286422 0 -0.6965648553439822
vn -0.7174938343286422 0 -0.6965648553439822
vn -0.7174938343286422 0 -0.6965648553439822
vn -0.7174938343286422 0 -0.6965648553439822
vn -0.7174938343286422 0 -0.6965648553439822
vn -0.7174938343286422 0 0.6965648553439822
vn -0.7174938343286422 0 0.6965648553439822
vn -0.7174938343286422 0 0.6965648553439822
vn -0.7174938343286422 0 0.6965648553439822
vn -0.7174938343286422 0 0.6965648553439822
vn -0.7174938343286422 0 0.6965648553439822
vn 0.7174938343286422 0 -0.6965648553439822
vn 0.7174938343286422 0 -0.6965648553439822
vn 0.7174938343286422 0 -0.6965648553439822
vn 0.7174938343286422 0 -0.6965648553439822
vn 0.7174938343286422 0 -0.6965648553439822
vn 0.7174938343286422 0 -0.6965648553439822
vn 0.7174938343286422 0 0.6965648553439822
vn 0.7174938343286422 0 0.6965648553439822
vn 0.7174938343286422 0 0.6965648553439822
vn 0.7174938343286422 0 0.6965648553439822
vn 0.7174938343286422 0 0.6965648553439822
vn 0.7174938343286422 0 0.6965648553439822
vn 0 -0.7048377884969549 -0.709368516292288
vn 0 -0.7048377884969549 -0.709368516292288
vn 0 -0.7048377884969549 -0.709368516292288
vn 0 -0.7048377884969549 -0.709368516292288
vn 0 -0.7048377884969549 -0.709368516292288
vn 0 -0.7048377884969549 -0.709368516292288
vn 0 -0.7048377884969549 0.709368516292288
vn 0 -0.7048377884969549 0.709368516292288
vn 0 -0.7048377884969549 0.709368516292288
vn 0 -0.7048377884969549 0.709368516292288
vn 0 -0.7048377884969549 0.709368516292288
vn 0 -0.7048377884969549 0.709368516292288
vn 0 0.7048377884969549 -0.709368516292288
vn 0 0.7048377884969549 -0.709368516292288
vn 0 0.7048377884969549 -0.709368516292288
vn 0 0.7048377884969549 -0.709368516292288
vn 0 0.7048377884969549 -0.709368516292288
vn 0 0.7048377884969549 -0.709368516292288
vn 0 0.7048377884969549 0.709368516292288
vn 0 0.7048377884969549 0.709368516292288
vn 0 0.7048377884969549 0.709368516292288
vn 0 0.7048377884969549 0.709368516292288
vn 0 0.7048377884969549 0.709368516292288
vn 0 0.7048377884969549 0.709368516292288
vn -0.5899707917517774 -0.5691033835719861 -0.572761559190819
vn -0.5899707917517774 -0.5691033835719861 -0.572761559190819
vn -0.5899707917517774 -0.5691033835719861 -0.572761559190819
vn -0.5899707917517774 -0.5691033835719861 0.572761559190819
vn -0.5899707917517774 -0.5691033835719861 0.572761559190819
vn -0.5899707917517774 -0.5691033835719861 0.572761559190819
vn -0.5899707917517774 0.5691033835719861 -0.572761559190819
vn -0.5899707917517774 0.5691033835719861 -0.572761559190819
vn -0.5899707917517774 0.5691033835719861 -0.572761559190819
vn -0.5899707917517774 0.5691033835719861 0.572761559190819
vn -0.5899707917517774 0.5691033835719861 0.572761559190819
vn -0.5899707917517774 0.5691033835719861 0.572761559190819
vn 0.5899707917517774 -0.5691033835719861 -0.572761559190819
vn 0.5899707917517774 -0.5691033835719861 -0.572761559190819
vn 0.5899707917517774 -0.5691033835719861 -0.572761559190819
vn 0.5899707917517774 -0.5691033835719861 0.572761559190819
vn 0.5899707917517774 -0.5691033835719861 0.572761559190819
vn 0.5899707917517774 -0.5691033835719861 0.572761559190819
vn 0.5899707917517774 0.5691033835719861 -0.572761559190819
vn 0.5899707917517774 0.5691033835719861 -0.572761559190819
vn 0.5899707917517774 0.5691033835719861 -0.572761559190819
vn 0.5899707917517774 0.5691033835719861 0.572761559190819
vn 0.5899707917517774 0.5691033835719861 0.572761559190819
vn 0.5899707917517774 0.5691033835719861 0.572761559190819
f 289//289 290//290 291//291
f 292//292 293//293 294//294
f 295//295 296//296 297//297
f 298//298 299//299 300//300
f 301//301 302//302 303//303
f 304//304 305//305 306//306
f 307//307 308//308 309//309
f 310//310 311//311 312//312
f 313//313 314//314 315//315
f 316//316 317//317 318//318
f 319//319 320//320 321//321
f 322//322 323//323 324//324
f 325//325 326//326 327//327
f 328//328 329//329 330//330
f 331//331 332//332 333//333
f 334//334 335//335 336//336
f 337//337 338//338 339//339
f 340//340 341//341 342//342
f 343//343 344//344 345//345
f 346//346 347//347 348//348
f 349//349 350//350 351//351
f 352//352 353//353 354//354
f 355//355 356//356 357//357
f 358//358 359//359 360//360
f 361//361 362//362 363//363
f 364//364 365//365 366//366
f 367//367 368//368 369//369
f 370//370 371//371 372//372
f 373//373 374//374 375//375
f 376//376 377//377 378//378
f 379//379 380//380 381//381
f 382//382 383//383 384//384
f 385//385 386//386 387//387
f 388//388 389//389 390//390
f 391//391 392//392 393//393
f 394//394 395//395 396//396
f 397//397 398//398 399//399
f 400//400 401//401 402//402
f 403//403 404//404 405//405
f 406//406 407//407 408//408
f 409//409 410//410 411//411
f 412//412 413//413 414//414
f 415//415 416//416 417//417
f 418//418 419//419 420//420
o roof_panel
usemtl metal
v -0.8102893233299255 2.4100000858306885 -4.920511722564697
v -0.8102893233299255 2.569999933242798 4.35976505279541
v -0.8102893233299255 2.569999933242798 -4.920511722564697
v -0.8102893233299255 2.4100000858306885 -4.920511722564697
v -0.8102893233299255 2.4100000858306885 4.35976505279541
v -0.8102893233299255 2.569999933242798 4.35976505279541
v 0.8102893233299255 2.4100000858306885 -4.920511722564697
v 0.8102893233299255 2.569999933242798 -4.920511722564697
v 0.8102893233299255 2.569999933242798 4.35976505279541
v 0.8102893233299255 2.4100000858306885 -4.920511722564697
v 0.8102893233299255 2.569999933242798 4.35976505279541
v 0.8102893233299255 2.4100000858306885 4.35976505279541
v -0.7813504338264465 2.380000114440918 -4.920511722564697
v 0.7813504338264465 2.380000114440918 -4.920511722564697
v 0.7813504338264465 2.380000114440918 4.35976505279541
v -0.7813504338264465 2.380000114440918 -4.920511722564697
v 0.7813504338264465 2.380000114440918 4.35976505279541
v -0.7813504338264465 2.380000114440918 4.35976505279541
v -0.7813504338264465 2.5999999046325684 -4.920511722564697
v 0.7813504338264465 2.5999999046325684 4.35976505279541
v 0.7813504338264465 2.5999999046325684 -4.920511722564697
v -0.7813504338264465 2.5999999046325684 -4.920511722564697
v -0.7813504338264465 2.5999999046325684 4.35976505279541
v 0.7813504338264465 2.5999999046325684 4.35976505279541
v -0.7813504338264465 2.4100000858306885 -4.950319766998291
v 0.7813504338264465 2.569999933242798 -4.950319766998291
v 0.7813504338264465 2.4100000858306885 -4.950319766998291
v -0.7813504338264465 2.4100000858306885 -4.950319766998291
v -0.7813504338264465 2.569999933242798 -4.950319766998291
v 0.7813504338264465 2.569999933242798 -4.950319766998291
v -0.7813504338264465 2.4100000858306885 4.389573097229004
v 0.7813504338264465 2.4100000858306885 4.389573097229004
v 0.7813504338264465 2.569999933242798 4.389573097229004
v -0.7813504338264465 2.4100000858306885 4.389573097229004
v 0.7813504338264465 2.569999933242798 4.389573097229004
v -0.7813504338264465 2.569999933242798 4.389573097229004
v -0.8102893233299255 2.4100000858306885 -4.920511722564697
v -0.7813504338264465 2.380000114440918 -4.920511722564697
v -0.7813504338264465 2.380000114440918 4.35976505279541
v -0.8102893233299255 2.4100000858306885 -4.920511722564697
v -0.7813504338264465 2.380000114440918 4.35976505279541
v -0.8102893233299255 2.4100000858306885 4.35976505279541
v -0.8102893233299255 2.569999933242798 -4.920511722564697
v -0.7813504338264465 2.5999999046325684 4.35976505279541
v -0.7813504338264465 2.5999999046325684 -4.920511722564697
v -0.8102893233299255 2.569999933242798 -4.920511722564697
v -0.8102893233299255 2.569999933242798 4.35976505279541
v -0.7813504338264465 2.5999999046325684 4.35976505279541
v 0.8102893233299255 2.4100000858306885 -4.920511722564697
v 0.7813504338264465 2.380000114440918 4.35976505279541
v 0.7813504338264465 2.380000114440918 -4.920511722564697
v 0.8102893233299255 2.4100000858306885 -4.920511722564697
v 0.8102893233299255 2.4100000858306885 4.35976505279541
v 0.7813504338264465 2.380000114440918 4.35976505279541
v 0.8102893233299255 2.569999933242798 -4.920511722564697
v 0.7813504338264465 2.5999999046325684 -4.920511722564697
v 0.7813504338264465 2.5999999046325684 4.35976505279541
v 0.8102893233299255 2.569999933242798 -4.920511722564697
v 0.7813504338264465 2.5999999046325684 4.35976505279541
v 0.8102893233299255 2.569999933242798 4.35976505279541
v -0.8102893233299255 2.4100000858306885 -4.920511722564697
v -0.7813504338264465 2.569999933242798 -4.950319766998291
v -0.7813504338264465 2.4100000858306885 -4.950319766998291
v -0.8102893233299255 2.4100000858306885 -4.920511722564697
v -0.8102893233299255 2.569999933242798 -4.920511722564697
v -0.7813504338264465 2.569999933242798 -4.950319766998291
v -0.8102893233299255 2.4100000858306885 4.35976505279541
v -0.7813504338264465 2.4100000858306885 4.389573097229004
v -0.7813504338264465 2.569999933242798 4.389573097229004
v -0.8102893233299255 2.4100000858306885 4.35976505279541
v -0.7813504338264465 2.569999933242798 4.389573097229004
v -0.8102893233299255 2.569999933242798 4.35976505279541
v 0.8102893233299255 2.4100000858306885 -4.920511722564697
v 0.7813504338264465 2.4100000858306885 -4.950319766998291
v 0.7813504338264465 2.569999933242798 -4.950319766998291
v 0.8102893233299255 2.4100000858306885 -4.920511722564697
v 0.7813504338264465 2.569999933242798 -4.950319766998291
v 0.8102893233299255 2.569999933242798 -4.920511722564697
v 0.8102893233299255 2.4100000858306885 4.35976505279541
v 0.7813504338264465 2.569999933242798 4.389573097229004
v 0.7813504338264465 2.4100000858306885 4.389573097229004
v 0.8102893233299255 2.4100000858306885 4.35976505279541
v 0.8102893233299255 2.569999933242798 4.35976505279541
v 0.7813504338264465 2.569999933242798 4.389573097229004
v -0.7813504338264465 2.380000114440918 -4.920511722564697
v -0.7813504338264465 2.4100000858306885 -4.950319766998291
v 0.7813504338264465 2.4100000858306885 -4.950319766998291
v -0.7813504338264465 2.380000114440918 -4.920511722564697
v 0.7813504338264465 2.4100000858306885 -4.950319766998291
v 0.7813504338264465 2.380000114440918 -4.920511722564697
v -0.7813504338264465 2.380000114440918 4.35976505279541
v 0.7813504338264465 2.4100000858306885 4.389573097229004
v -0.7813504338264465 2.4100000858306885 4.389573097229004
v -0.7813504338264465 2.380000114440918 4.35976505279541
v 0.7813504338264465 2.380000114440918 4.35976505279541
v 0.7813504338264465 2.4100000858306885 4.389573097229004
v -0.7813504338264465 2.5999999046325684 -4.920511722564697
v 0.7813504338264465 2.569999933242798 -4.950319766998291
v -0.7813504338264465 2.569999933242798 -4.950319766998291
v -0.7813504338264465 2.5999999046325684 -4.920511722564697
v 0.7813504338264465 2.5999999046325684 -4.920511722564697
v 0.7813504338264465 2.569999933242798 -4.950319766998291
v -0.7813504338264465 2.5999999046325684 4.35976505279541
v -0.7813504338264465 2.569999933242798 4.389573097229004
v 0.7813504338264465 2.569999933242798 4.389573097229004
v -0.7813504338264465 2.5999999046325684 4.35976505279541
v 0.7813504338264465 2.569999933242798 4.389573097229004
v 0.7813504338264465 2.5999999046325684 4.35976505279541
v -0.8102893233299255 2.4100000858306885 -4.920511722564697
v -0.7813504338264465 2.4100000858306885 -4.950319766998291
v -0.7813504338264465 2.380000114440918 -4.920511722564697
v -0.8102893233299255 2.4100000858306885 4.35976505279541
v -0.7813504338264465 2.380000114440918 4.35976505279541
v -0.7813504338264465 2.4100000858306885 4.389573097229004
v -0.8102893233299255 2.569999933242798 -4.920511722564697
v -0.7813504338264465 2.5999999046325684 -4.920511722564697
v -0.7813504338264465 2.569999933242798 -4.950319766998291
v -0.8102893233299255 2.569999933242798 4.35976505279541
v -0.7813504338264465 2.569999933242798 4.389573097229004
v -0.7813504338264465 2.5999999046325684 4.35976505279541
v 0.8102893233299255 2.4100000858306885 -4.920511722564697
v 0.7813504338264465 2.380000114440918 -4.920511722564697
v 0.7813504338264465 2.4100000858306885 -4.950319766998291
v 0.8102893233299255 2.4100000858306885 4.35976505279541
v 0.7813504338264465 2.4100000858306885 4.389573097229004
v 0.7813504338264465 2.380000114440918 4.35976505279541
v 0.8102893233299255 2.569999933242798 -4.920511722564697
v 0.7813504338264465 2.569999933242798 -4.950319766998291
v 0.7813504338264465 2.5999999046325684 -4.920511722564697
v 0.8102893233299255 2.569999933242798 4.35976505279541
v 0.7813504338264465 2.5999999046325684 4.35976505279541
v 0.7813504338264465 2.569999933242798 4.389573097229004
vn -1 0 0
vn -1 0 0
vn -1 0 0
vn -1 0 0
vn -1 0 0
vn -1 0 0
vn 1 0 0
vn 1 0 0
vn 1 0 0
vn 1 0 0
vn 1 0 0
vn 1 0 0
vn 0 -1 0
vn 0 -1 0
vn 0 -1 0
vn 0 -1 0
vn 0 -1 0
vn 0 -1 0
vn 0 1 0
vn 0 1 0
vn 0 1 0
vn 0 1 0
vn 0 1 0
vn 0 1 0
vn 0 0 -1
vn 0 0 -1
vn 0 0 -1
vn 0 0 -1
vn 0 0 -1
vn 0 0 -1
vn 0 0 1
vn 0 0 1
vn 0 0 1
vn 0 0 1
vn 0 0 1
vn 0 0 1
vn -0.7197207222870449 -0.6942636976759007 0
vn -0.7197207222870449 -0.6942636976759007 0
vn -0.7197207222870449 -0.6942636976759007 0
vn -0.7197207222870449 -0.6942636976759007 0
vn -0.7197207222870449 -0.6942636976759007 0
vn -0.7197207222870449 -0.6942636976759007 0
vn -0.7197207222870449 0.6942636976759007 0
vn -0.7197207222870449 0.6942636976759007 0
vn -0.7197207222870449 0.6942636976759007 0
vn -0.7197207222870449 0.6942636976759007 0
vn -0.7197207222870449 0.6942636976759007 0
vn -0.7197207222870449 0.6942636976759007 0
vn 0.7197207222870449 -0.6942636976759007 0
vn 0.7197207222870449 -0.6942636976759007 0
vn 0.7197207222870449 -0.6942636976759007 0
vn 0.7197207222870449 -0.6942636976759007 0
vn 0.7197207222870449 -0.6942636976759007 0
vn 0.7197207222870449 -0.6942636976759007 0
vn 0.7197207222870449 0.6942636976759007 0
vn 0.7197207222870449 0.6942636976759007 0
vn 0.7197207222870449 0.6942636976759007 0
vn 0.7197207222870449 0.6942636976759007 0
vn 0.7197207222870449 0.6942636976759007 0
vn 0.7197207222870449 0.6942636976759007 0
vn -0.7174883734449621 0 -0.6965704802611884
vn -0.7174883734449621 0 -0.6965704802611884
vn -0.7174883734449621 0 -0.6965704802611884
vn -0.7174883734449621 0 -0.6965704802611884
vn -0.7174883734449621 0 -0.6965704802611884
vn -0.7174883734449621 0 -0.6965704802611884
vn -0.7174883734449621 0 0.6965704802611884
vn -0.7174883734449621 0 0.6965704802611884
vn -0.7174883734449621 0 0.6965704802611884
vn -0.7174883734449621 0 0.6965704802611884
vn -0.7174883734449621 0 0.6965704802611884
vn -0.7174883734449621 0 0.6965704802611884
vn 0.7174883734449621 0 -0.6965704802611884
vn 0.7174883734449621 0 -0.6965704802611884
vn 0.7174883734449621 0 -0.6965704802611884
vn 0.7174883734449621 0 -0.6965704802611884
vn 0.7174883734449621 0 -0.6965704802611884
vn 0.7174883734449621 0 -0.6965704802611884
vn 0.7174883734449621 0 0.6965704802611884
vn 0.7174883734449621 0 0.6965704802611884
vn 0.7174883734449621 0 0.6965704802611884
vn 0.7174883734449621 0 0.6965704802611884
vn 0.7174883734449621 0 0.6965704802611884
vn 0.7174883734449621 0 0.6965704802611884
vn 0 -0.7048319583660391 -0.7093743091386199
vn 0 -0.7048319583660391 -0.7093743091386199
vn 0 -0.7048319583660391 -0.7093743091386199
vn 0 -0.7048319583660391 -0.7093743091386199
vn 0 -0.7048319583660391 -0.7093743091386199
vn 0 -0.7048319583660391 -0.7093743091386199
vn 0 -0.7048319583660391 0.7093743091386199
vn 0 -0.7048319583660391 0.7093743091386199
vn 0 -0.7048319583660391 0.7093743091386199
vn 0 -0.7048319583660391 0.7093743091386199
vn 0 -0.7048319583660391 0.7093743091386199
vn 0 -0.7048319583660391 0.7093743091386199
vn 0 0.7048319583660391 -0.7093743091386199
vn 0 0.7048319583660391 -0.7093743091386199
vn 0 0.7048319583660391 -0.7093743091386199
vn 0 0.7048319583660391 -0.7093743091386199
vn 0 0.7048319583660391 -0.7093743091386199
vn 0 0.7048319583660391 -0.7093743091386199
vn 0 0.7048319583660391 0.7093743091386199
vn 0 0.7048319583660391 0.7093743091386199
vn 0 0.7048319583660391 0.7093743091386199
vn 0 0.7048319583660391 0.7093743091386199
vn 0 0.7048319583660391 0.7093743091386199
vn 0 0.7048319583660391 0.7093743091386199
vn -0.5899678335188211 -0.5691001882505691 -0.5727677811698869
vn -0.5899678335188211 -0.5691001882505691 -0.5727677811698869
vn -0.5899678335188211 -0.5691001882505691 -0.5727677811698869
vn -0.5899678335188211 -0.5691001882505691 0.5727677811698869
vn -0.5899678335188211 -0.5691001882505691 0.5727677811698869
vn -0.5899678335188211 -0.5691001882505691 0.5727677811698869
vn -0.5899678335188211 0.5691001882505691 -0.5727677811698869
vn -0.5899678335188211 0.5691001882505691 -0.5727677811698869
vn -0.5899678335188211 0.5691001882505691 -0.5727677811698869
vn -0.5899678335188211 0.5691001882505691 0.5727677811698869
vn -0.5899678335188211 0.5691001882505691 0.5727677811698869
vn -0.5899678335188211 0.5691001882505691 0.5727677811698869
vn 0.5899678335188211 -0.5691001882505691 -0.5727677811698869
vn 0.5899678335188211 -0.5691001882505691 -0.5727677811698869
vn 0.5899678335188211 -0.5691001882505691 -0.5727677811698869
vn 0.5899678335188211 -0.5691001882505691 0.5727677811698869
vn 0.5899678335188211 -0.5691001882505691 0.5727677811698869
vn 0.5899678335188211 -0.5691001882505691 0.5727677811698869
vn 0.5899678335188211 0.5691001882505691 -0.5727677811698869
vn 0.5899678335188211 0.5691001882505691 -0.5727677811698869
vn 0.5899678335188211 0.5691001882505691 -0.5727677811698869
vn 0.5899678335188211 0.5691001882505691 0.5727677811698869
vn 0.5899678335188211 0.5691001882505691 0.5727677811698869
vn 0.5899678335188211 0.5691001882505691 0.5727677811698869
f 421//421 422//422 423//423
f 424//424 425//425 426//426
f 427//427 428//428 429//429
f 430//430 431//431 432//432
f 433//433 434//434 435//435
f 436//436 437//437 438//438
f 439//439 440//440 441//441
f 442//442 443//443 444//444
f 445//445 446//446 447//447
f 448//448 449//449 450//450
f 451//451 452//452 453//453
f 454//454 455//455 456//456
f 457//457 458//458 459//459
f 460//460 461//461 462//462
f 463//463 464//464 465//465
f 466//466 467//467 468//468
f 469//469 470//470 471//471
f 472//472 473//473 474//474
f 475//475 476//476 477//477
f 478//478 479//479 480//480
f 481//481 482//482 483//483
f 484//484 485//485 486//486
f 487//487 488//488 489//489
f 490//490 491//491 492//492
f 493//493 494//494 495//495
f 496//496 497//497 498//498
f 499//499 500//500 501//501
f 502//502 503//503 504//504
f 505//505 506//506 507//507
f 508//508 509//509 510//510
f 511//511 512//512 513//513
f 514//514 515//515 516//516
f 517//517 518//518 519//519
f 520//520 521//521 522//522
f 523//523 524//524 525//525
f 526//526 527//527 528//528
f 529//529 530//530 531//531
f 532//532 533//533 534//534
f 535//535 536//536 537//537
f 538//538 539//539 540//540
f 541//541 542//542 543//543
f 544//544 545//545 546//546
f 547//547 548//548 549//549
f 550//550 551//551 552//552
o windshield
usemtl glass
v -0.7234726548194885 1.4705926179885864 4.953132629394531
v -0.7234726548194885 2.219407320022583 4.124095916748047
v -0.7234726548194885 2.1807432174682617 4.092595100402832
v -0.7234726548194885 1.4705926179885864 4.953132629394531
v -0.7234726548194885 1.5092567205429077 4.984632968902588
v -0.7234726548194885 2.219407320022583 4.124095916748047
v 0.7234726548194885 1.4705926179885864 4.953132629394531
v 0.7234726548194885 2.1807432174682617 4.092595100402832
v 0.7234726548194885 2.219407320022583 4.124095916748047
v 0.7234726548194885 1.4705926179885864 4.953132629394531
v 0.7234726548194885 2.219407320022583 4.124095916748047
v 0.7234726548194885 1.5092567205429077 4.984632968902588
v -0.7041800618171692 1.4579113721847534 4.968499183654785
v 0.7041800618171692 1.4579113721847534 4.968499183654785
v 0.7041800618171692 1.4965754747390747 5
v -0.7041800618171692 1.4579113721847534 4.968499183654785
v 0.7041800618171692 1.4965754747390747 5
v -0.7041800618171692 1.4965754747390747 5
v -0.7041800618171692 2.1934244632720947 4.077228546142578
v 0.7041800618171692 2.232088565826416 4.108728885650635
v 0.7041800618171692 2.1934244632720947 4.077228546142578
v -0.7041800618171692 2.1934244632720947 4.077228546142578
v -0.7041800618171692 2.232088565826416 4.108728885650635
v 0.7041800618171692 2.232088565826416 4.108728885650635
v -0.7041800618171692 1.4551270008087158 4.940532207489014
v 0.7041800618171692 2.1652777194976807 4.079995155334473
v 0.7041800618171692 1.4551270008087158 4.940532207489014
v -0.7041800618171692 1.4551270008087158 4.940532207489014
v -0.7041800618171692 2.1652777194976807 4.079995155334473
v 0.7041800618171692 2.1652777194976807 4.079995155334473
v -0.7041800618171692 1.5247224569320679 4.997232913970947
v 0.7041800618171692 1.5247224569320679 4.997232913970947
v 0.7041800618171692 2.234873056411743 4.136695861816406
v -0.7041800618171692 1.5247224569320679 4.997232913970947
v 0.7041800618171692 2.234873056411743 4.136695861816406
v -0.7041800618171692 2.234873056411743 4.136695861816406
v -0.7234726548194885 1.4705926179885864 4.953132629394531
v -0.7041800618171692 1.4579113721847534 4.968499183654785
v -0.7041800618171692 1.4965754747390747 5
v -0.7234726548194885 1.4705926179885864 4.953132629394531
v -0.7041800618171692 1.4965754747390747 5
v -0.7234726548194885 1.5092567205429077 4.984632968902588
v -0.7234726548194885 2.1807432174682617 4.092595100402832
v -0.7041800618171692 2.232088565826416 4.108728885650635
v -0.7041800618171692 2.1934244632720947 4.077228546142578
v -0.7234726548194885 2.1807432174682617 4.092595100402832
v -0.7234726548194885 2.219407320022583 4.124095916748047
v -0.7041800618171692 2.232088565826416 4.108728885650635
v 0.7234726548194885 1.4705926179885864 4.953132629394531
v 0.7041800618171692 1.4965754747390747 5
v 0.7041800618171692 1.4579113721847534 4.968499183654785
v 0.7234726548194885 1.4705926179885864 4.953132629394531
v 0.7234726548194885 1.5092567205429077 4.984632968902588
v 0.7041800618171692 1.4965754747390747 5
v 0.7234726548194885 2.1807432174682617 4.092595100402832
v 0.7041800618171692 2.1934244632720947 4.077228546142578
v 0.7041800618171692 2.232088565826416 4.108728885650635
v 0.7234726548194885 2.1807432174682617 4.092595100402832
v 0.7041800618171692 2.232088565826416 4.108728885650635
v 0.7234726548194885 2.219407320022583 4.124095916748047
v -0.7234726548194885 1.4705926179885864 4.953132629394531
v -0.7041800618171692 2.1652777194976807 4.079995155334473
v -0.7041800618171692 1.4551270008087158 4.940532207489014
v -0.7234726548194885 1.4705926179885864 4.953132629394531
v -0.7234726548194885 2.1807432174682617 4.092595100402832
v -0.7041800618171692 2.1652777194976807 4.079995155334473
v -0.7234726548194885 1.5092567205429077 4.984632968902588
v -0.7041800618171692 1.5247224569320679 4.997232913970947
v -0.7041800618171692 2.234873056411743 4.136695861816406
v -0.7234726548194885 1.5092567205429077 4.984632968902588
v -0.7041800618171692 2.234873056411743 4.136695861816406
v -0.7234726548194885 2.219407320022583 4.124095916748047
v 0.7234726548194885 1.4705926179885864 4.953132629394531
v 0.7041800618171692 1.4551270008087158 4.940532207489014
v 0.7041800618171692 2.1652777194976807 4.079995155334473
v 0.7234726548194885 1.4705926179885864 4.953132629394531
v 0.7041800618171692 2.1652777194976807 4.079995155334473
v 0.7234726548194885 2.1807432174682617 4.092595100402832
v 0.7234726548194885 1.5092567205429077 4.984632968902588
v 0.7041800618171692 2.234873056411743 4.136695861816406
v 0.7041800618171692 1.5247224569320679 4.997232913970947
v 0.7234726548194885 1.5092567205429077 4.984632968902588
v 0.7234726548194885 2.219407320022583 4.124095916748047
v 0.7041800618171692 2.234873056411743 4.136695861816406
v -0.7041800618171692 1.4579113721847534 4.968499183654785
v -0.7041800618171692 1.4551270008087158 4.940532207489014
v 0.7041800618171692 1.4551270008087158 4.940532207489014
v -0.7041800618171692 1.4579113721847534 4.968499183654785
v 0.7041800618171692 1.4551270008087158 4.940532207489014
v 0.7041800618171692 1.4579113721847534 4.968499183654785
v -0.7041800618171692 1.4965754747390747 5
v 0.7041800618171692 1.5247224569320679 4.997232913970947
v -0.7041800618171692 1.5247224569320679 4.997232913970947
v -0.7041800618171692 1.4965754747390747 5
v 0.7041800618171692 1.4965754747390747 5
v 0.7041800618171692 1.5247224569320679 4.997232913970947
v -0.7041800618171692 2.1934244632720947 4.077228546142578
v 0.7041800618171692 2.1652777194976807 4.079995155334473
v -0.7041800618171692 2.1652777194976807 4.079995155334473
v -0.7041800618171692 2.1934244632720947 4.077228546142578
v 0.7041800618171692 2.1934244632720947 4.077228546142578
v 0.7041800618171692 2.1652777194976807 4.079995155334473
v -0.7041800618171692 2.232088565826416 4.108728885650635
v -0.7041800618171692 2.234873056411743 4.136695861816406
v 0.7041800618171692 2.234873056411743 4.136695861816406
v -0.7041800618171692 2.232088565826416 4.108728885650635
v 0.7041800618171692 2.234873056411743 4.136695861816406
v 0.7041800618171692 2.232088565826416 4.108728885650635
v -0.7234726548194885 1.4705926179885864 4.953132629394531
v -0.7041800618171692 1.4551270008087158 4.940532207489014
v -0.7041800618171692 1.4579113721847534 4.968499183654785
v -0.7234726548194885 1.5092567205429077 4.984632968902588
v -0.7041800618171692 1.4965754747390747 5
v -0.7041800618171692 1.5247224569320679 4.997232913970947
v -0.7234726548194885 2.1807432174682617 4.092595100402832
v -0.7041800618171692 2.1934244632720947 4.077228546142578
v -0.7041800618171692 2.1652777194976807 4.079995155334473
v -0.7234726548194885 2.219407320022583 4.124095916748047
v -0.7041800618171692 2.234873056411743 4.136695861816406
v -0.7041800618171692 2.232088565826416 4.108728885650635
v 0.7234726548194885 1.4705926179885864 4.953132629394531
v 0.7041800618171692 1.4579113721847534 4.968499183654785
v 0.7041800618171692 1.4551270008087158 4.940532207489014
v 0.7234726548194885 1.5092567205429077 4.984632968902588
v 0.7041800618171692 1.5247224569320679 4.997232913970947
v 0.7041800618171692 1.4965754747390747 5
v 0.7234726548194885 2.1807432174682617 4.092595100402832
v 0.7041800618171692 2.1652777194976807 4.079995155334473
v 0.7041800618171692 2.1934244632720947 4.077228546142578
v 0.7234726548194885 2.219407320022583 4.124095916748047
v 0.7041800618171692 2.232088565826416 4.108728885650635
v 0.7041800618171692 2.234873056411743 4.136695861816406
vn -1 0 0
vn -1 0 0
vn -1 0 0
vn -1 0 0
vn -1 0 0
vn -1 0 0
vn 1 0 0
vn 1 0 0
vn 1 0 0
vn 1 0 0
vn 1 0 0
vn 1 0 0
vn 0 -0.6316293431495921 0.7752705159313198
vn 0 -0.6316293431495921 0.7752705159313198
vn 0 -0.6316293431495921 0.7752705159313198
vn 0 -0.6316293431495921 0.7752705159313198
vn 0 -0.6316293431495921 0.7752705159313198
vn 0 -0.6316293431495921 0.7752705159313198
vn 0 0.6316293431495921 -0.7752705159313198
vn 0 0.6316293431495921 -0.7752705159313198
vn 0 0.6316293431495921 -0.7752705159313198
vn 0 0.6316293431495921 -0.7752705159313198
vn 0 0.6316293431495921 -0.7752705159313198
vn 0 0.6316293431495921 -0.7752705159313198
vn 0 -0.7712819319880445 -0.6364936617035469
vn 0 -0.7712819319880445 -0.6364936617035469
vn 0 -0.7712819319880445 -0.6364936617035469
vn 0 -0.7712819319880445 -0.6364936617035469
vn 0 -0.7712819319880445 -0.6364936617035469
vn 0 -0.7712819319880445 -0.6364936617035469
vn 0 0.7712819319880445 0.6364936617035469
vn 0 0.7712819319880445 0.6364936617035469
vn 0 0.7712819319880445 0.6364936617035469
vn 0 0.7712819319880445 0.6364936617035469
vn 0 0.7712819319880445 0.6364936617035469
vn 0 0.7712819319880445 0.6364936617035469
vn -0.7183848703797763 -0.43939033666506894 0.5393137399091454
vn -0.7183848703797763 -0.43939033666506894 0.5393137399091454
vn -0.7183848703797763 -0.43939033666506894 0.5393137399091454
vn -0.7183848703797763 -0.43939033666506894 0.5393137399091454
vn -0.7183848703797763 -0.43939033666506894 0.5393137399091454
vn -0.7183848703797763 -0.43939033666506894 0.5393137399091454
vn -0.7183848703797763 0.43939033666506894 -0.5393137399091454
vn -0.7183848703797763 0.43939033666506894 -0.5393137399091454
vn -0.7183848703797763 0.43939033666506894 -0.5393137399091454
vn -0.7183848703797763 0.43939033666506894 -0.5393137399091454
vn -0.7183848703797763 0.43939033666506894 -0.5393137399091454
vn -0.7183848703797763 0.43939033666506894 -0.5393137399091454
vn 0.7183848703797763 -0.43939033666506894 0.5393137399091454
vn 0.7183848703797763 -0.43939033666506894 0.5393137399091454
vn 0.7183848703797763 -0.43939033666506894 0.5393137399091454
vn 0.7183848703797763 -0.43939033666506894 0.5393137399091454
vn 0.7183848703797763 -0.43939033666506894 0.5393137399091454
vn 0.7183848703797763 -0.43939033666506894 0.5393137399091454
vn 0.7183848703797763 0.43939033666506894 -0.5393137399091454
vn 0.7183848703797763 0.43939033666506894 -0.5393137399091454
vn 0.7183848703797763 0.43939033666506894 -0.5393137399091454
vn 0.7183848703797763 0.43939033666506894 -0.5393137399091454
vn 0.7183848703797763 0.43939033666506894 -0.5393137399091454
vn 0.7183848703797763 0.43939033666506894 -0.5393137399091454
vn -0.7188220088766899 -0.5361906934331102 -0.4424866775736871
vn -0.7188220088766899 -0.5361906934331102 -0.4424866775736871
vn -0.7188220088766899 -0.5361906934331102 -0.4424866775736871
vn -0.7188220088766899 -0.5361906934331102 -0.4424866775736871
vn -0.7188220088766899 -0.5361906934331102 -0.4424866775736871
vn -0.7188220088766899 -0.5361906934331102 -0.4424866775736871
vn -0.7188220088766899 0.5361906934331102 0.4424866775736871
vn -0.7188220088766899 0.5361906934331102 0.4424866775736871
vn -0.7188220088766899 0.5361906934331102 0.4424866775736871
vn -0.7188220088766899 0.5361906934331102 0.4424866775736871
vn -0.7188220088766899 0.5361906934331102 0.4424866775736871
vn -0.7188220088766899 0.5361906934331102 0.4424866775736871
vn 0.7188220088766899 -0.5361906934331102 -0.4424866775736871
vn 0.7188220088766899 -0.5361906934331102 -0.4424866775736871
vn 0.7188220088766899 -0.5361906934331102 -0.4424866775736871
vn 0.7188220088766899 -0.5361906934331102 -0.4424866775736871
vn 0.7188220088766899 -0.5361906934331102 -0.4424866775736871
vn 0.7188220088766899 -0.5361906934331102 -0.4424866775736871
vn 0.7188220088766899 0.5361906934331102 0.4424866775736871
vn 0.7188220088766899 0.5361906934331102 0.4424866775736871
vn 0.7188220088766899 0.5361906934331102 0.4424866775736871
vn 0.7188220088766899 0.5361906934331102 0.4424866775736871
vn 0.7188220088766899 0.5361906934331102 0.4424866775736871
vn 0.7188220088766899 0.5361906934331102 0.4424866775736871
vn 0 -0.9950804691222669 0.0990699751257131
vn 0 -0.9950804691222669 0.0990699751257131
vn 0 -0.9950804691222669 0.0990699751257131
vn 0 -0.9950804691222669 0.0990699751257131
vn 0 -0.9950804691222669 0.0990699751257131
vn 0 -0.9950804691222669 0.0990699751257131
vn 0 0.09781820779695496 0.9952042997412099
vn 0 0.09781820779695496 0.9952042997412099
vn 0 0.09781820779695496 0.9952042997412099
vn 0 0.09781820779695496 0.9952042997412099
vn 0 0.09781820779695496 0.9952042997412099
vn 0 0.09781820779695496 0.9952042997412099
vn 0 -0.09781820779695496 -0.9952042997412099
vn 0 -0.09781820779695496 -0.9952042997412099
vn 0 -0.09781820779695496 -0.9952042997412099
vn 0 -0.09781820779695496 -0.9952042997412099
vn 0 -0.09781820779695496 -0.9952042997412099
vn 0 -0.09781820779695496 -0.9952042997412099
vn 0 0.9950804691222669 -0.0990699751257131
vn 0 0.9950804691222669 -0.0990699751257131
vn 0 0.9950804691222669 -0.0990699751257131
vn 0 0.9950804691222669 -0.0990699751257131
vn 0 0.9950804691222669 -0.0990699751257131
vn 0 0.9950804691222669 -0.0990699751257131
vn -0.591182822105706 -0.8025697986424057 0.07990362416199541
vn -0.591182822105706 -0.8025697986424057 0.07990362416199541
vn -0.591182822105706 -0.8025697986424057 0.07990362416199541
vn -0.5887633600774729 0.07906702212788964 0.804429059546031
vn -0.5887633600774729 0.07906702212788964 0.804429059546031
vn -0.5887633600774729 0.07906702212788964 0.804429059546031
vn -0.5887633600774729 -0.07906702212788964 -0.804429059546031
vn -0.5887633600774729 -0.07906702212788964 -0.804429059546031
vn -0.5887633600774729 -0.07906702212788964 -0.804429059546031
vn -0.591182822105706 0.8025697986424057 -0.07990362416199541
vn -0.591182822105706 0.8025697986424057 -0.07990362416199541
vn -0.591182822105706 0.8025697986424057 -0.07990362416199541
vn 0.591182822105706 -0.8025697986424057 0.07990362416199541
vn 0.591182822105706 -0.8025697986424057 0.07990362416199541
vn 0.591182822105706 -0.8025697986424057 0.07990362416199541
vn 0.5887633600774729 0.07906702212788964 0.804429059546031
vn 0.5887633600774729 0.07906702212788964 0.804429059546031
vn 0.5887633600774729 0.07906702212788964 0.804429059546031
vn 0.5887633600774729 -0.07906702212788964 -0.804429059546031
vn 0.5887633600774729 -0.07906702212788964 -0.804429059546031
vn 0.5887633600774729 -0.07906702212788964 -0.804429059546031
vn 0.591182822105706 0.8025697986424057 -0.07990362416199541
vn 0.591182822105706 0.8025697986424057 -0.07990362416199541
vn 0.591182822105706 0.8025697986424057 -0.07990362416199541
f 553//553 554//554 555//555
f 556//556 557//557 558//558
f 559//559 560//560 561//561
f 562//562 563//563 564//564
f 565//565 566//566 567//567
f 568//568 569//569 570//570
f 571//571 572//572 573//573
f 574//574 575//575 576//576
f 577//577 578//578 579//579
f 580//580 581//581 582//582
f 583//583 584//584 585//585
f 586//586 587//587 588//588
f 589//589 590//590 591//591
f 592//592 593//593 594//594
f 595//595 596//596 597//597
f 598//598 599//599 600//600
f 601//601 602//602 603//603
f 604//604 605//605 606//606
f 607//607 608//608 609//609
f 610//610 611//611 612//612
f 613//613 614//614 615//615
f 616//616 617//617 618//618
f 619//619 620//620 621//621
f 622//622 623//623 624//624
f 625//625 626//626 627//627
f 628//628 629//629 630//630
f 631//631 632//632 633//633
f 634//634 635//635 636//636
f 637//637 638//638 639//639
f 640//640 641//641 642//642
f 643//643 644//644 645//645
f 646//646 647//647 648//648
f 649//649 650//650 651//651
f 652//652 653//653 654//654
f 655//655 656//656 657//657
f 658//658 659//659 660//660
f 661//661 662//662 663//663
f 664//664 665//665 666//666
f 667//667 668//668 669//669
f 670//670 671//671 672//672
f 673//673 674//674 675//675
f 676//676 677//677 678//678
f 679//679 680//680 681//681
f 682//682 683//683 684//684
o window_band_l
usemtl glass
v -0.81993567943573 2.0399999618530273 2.2036406993865967
v -0.81993567943573 2.0399999618530273 -4.354156494140625
v -0.81993567943573 1.2799999713897705 2.2036406993865967
v -0.81993567943573 1.2799999713897705 -4.354156494140625
v -0.8874598145484924 2.0399999618530273 -4.354156494140625
v -0.8874598145484924 2.0399999618530273 2.2036406993865967
v -0.8874598145484924 1.2799999713897705 -4.354156494140625
v -0.8874598145484924 1.2799999713897705 2.2036406993865967
v -0.8874598145484924 2.0399999618530273 -4.354156494140625
v -0.81993567943573 2.0399999618530273 -4.354156494140625
v -0.8874598145484924 2.0399999618530273 2.2036406993865967
v -0.81993567943573 2.0399999618530273 2.2036406993865967
v -0.8874598145484924 1.2799999713897705 2.2036406993865967
v -0.81993567943573 1.2799999713897705 2.2036406993865967
v -0.8874598145484924 1.2799999713897705 -4.354156494140625
v -0.81993567943573 1.2799999713897705 -4.354156494140625
v -0.8874598145484924 2.0399999618530273 2.2036406993865967
v -0.81993567943573 2.0399999618530273 2.2036406993865967
v -0.8874598145484924 1.2799999713897705 2.2036406993865967
v -0.81993567943573 1.2799999713897705 2.2036406993865967
v -0.81993567943573 2.0399999618530273 -4.354156494140625
v -0.8874598145484924 2.0399999618530273 -4.354156494140625
v -0.81993567943573 1.2799999713897705 -4.354156494140625
v -0.8874598145484924 1.2799999713897705 -4.354156494140625
vt 0 1
vt 1 1
vt 0 0
vt 1 0
vt 0 1
vt 1 1
vt 0 0
vt 1 0
vt 0 1
vt 1 1
vt 0 0
vt 1 0
vt 0 1
vt 1 1
vt 0 0
vt 1 0
vt 0 1
vt 1 1
vt 0 0
vt 1 0
vt 0 1
vt 1 1
vt 0 0
vt 1 0
vn 1 0 0
vn 1 0 0
vn 1 0 0
vn 1 0 0
vn -1 0 0
vn -1 0 0
vn -1 0 0
vn -1 0 0
vn 0 1 0
vn 0 1 0
vn 0 1 0
vn 0 1 0
vn 0 -1 0
vn 0 -1 0
vn 0 -1 0
vn 0 -1 0
vn 0 0 1
vn 0 0 1
vn 0 0 1
vn 0 0 1
vn 0 0 -1
vn 0 0 -1
vn 0 0 -1
vn 0 0 -1
f 685/157/685 687/159/687 686/158/686
f 687/159/687 688/160/688 686/158/686
f 689/161/689 691/163/691 690/162/690
f 691/163/691 692/164/692 690/162/690
f 693/165/693 695/167/695 694/166/694
f 695/167/695 696/168/696 694/166/694
f 697/169/697 699/171/699 698/170/698
f 699/171/699 700/172/700 698/170/698
f 701/173/701 703/175/703 702/174/702
f 703/175/703 704/176/704 702/174/702
f 705/177/705 707/179/707 706/178/706
f 707/179/707 708/180/708 706/178/706
o mullion_l_0
usemtl cream
v -0.8131832480430603 2.0799999237060547 -4.1007866859436035
v -0.8131832480430603 2.0799999237060547 -4.210083484649658
v -0.8131832480430603 1.2400000095367432 -4.1007866859436035
v -0.8131832480430603 1.2400000095367432 -4.210083484649658
v -0.8999999761581421 2.0799999237060547 -4.210083484649658
v -0.8999999761581421 2.0799999237060547 -4.1007866859436035
v -0.8999999761581421 1.2400000095367432 -4.210083484649658
v -0.8999999761581421 1.2400000095367432 -4.1007866859436035
v -0.8999999761581421 2.0799999237060547 -4.210083484649658
v -0.8131832480430603 2.0799999237060547 -4.210083484649658
v -0.8999999761581421 2.0799999237060547 -4.1007866859436035
v -0.8131832480430603 2.0799999237060547 -4.1007866859436035
v -0.8999999761581421 1.2400000095367432 -4.1007866859436035
v -0.8131832480430603 1.2400000095367432 -4.1007866859436035
v -0.8999999761581421 1.2400000095367432 -4.210083484649658
v -0.8131832480430603 1.2400000095367432 -4.210083484649658
v -0.8999999761581421 2.0799999237060547 -4.1007866859436035
v -0.8131832480430603 2.0799999237060547 -4.1007866859436035
v -0.8999999761581421 1.2400000095367432 -4.1007866859436035
v -0.8131832480430603 1.2400000095367432 -4.1007866859436035
v -0.8131832480430603 2.0799999237060547 -4.210083484649658
v -0.8999999761581421 2.0799999237060547 -4.210083484649658
v -0.8131832480430603 1.2400000095367432 -4.210083484649658
v -0.8999999761581421 1.2400000095367432 -4.210083484649658
vt 0 1
vt 1 1
vt 0 0
vt 1 0
vt 0 1
vt 1 1
vt 0 0
vt 1 0
vt 0 1
vt 1 1
vt 0 0
vt 1 0
vt 0 1
vt 1 1
vt 0 0
vt 1 0
vt 0 1
vt 1 1
vt 0 0
vt 1 0
vt 0 1
vt 1 1
vt 0 0
vt 1 0
vn 1 0 0
vn 1 0 0
vn 1 0 0
vn 1 0 0
vn -1 0 0
vn -1 0 0
vn -1 0 0
vn -1 0 0
vn 0 1 0
vn 0 1 0
vn 0 1 0
vn 0 1 0
vn 0 -1 0
vn 0 -1 0
vn 0 -1 0
vn 0 -1 0
vn 0 0 1
vn 0 0 1
vn 0 0 1
vn 0 0 1
vn 0 0 -1
vn 0 0 -1
vn 0 0 -1
vn 0 0 -1
f 709/181/709 711/183/711 710/182/710
f 711/183/711 712/184/712 710/182/710
f 713/185/713 715/187/715 714/186/714
f 715/187/715 716/188/716 714/186/714
f 717/189/717 719/191/719 718/190/718
f 719/191/719 720/192/720 718/190/718
f 721/193/721 723/195/723 722/194/722
f 723/195/723 724/196/724 722/194/722
f 725/197/725 727/199/727 726/198/726
f 727/199/727 728/200/728 726/198/726
f 729/201/729 731/203/731 730/202/730
f 731/203/731 732/204/732 730/202/730
o mullion_l_1
usemtl cream
v -0.8131832480430603 2.0799999237060547 -2.5606985092163086
v -0.8131832480430603 2.0799999237060547 -2.669994831085205
v -0.8131832480430603 1.2400000095367432 -2.5606985092163086
v -0.8131832480430603 1.2400000095367432 -2.669994831085205
v -0.8999999761581421 2.0799999237060547 -2.669994831085205
v -0.8999999761581421 2.0799999237060547 -2.5606985092163086
v -0.8999999761581421 1.2400000095367432 -2.669994831085205
v -0.8999999761581421 1.2400000095367432 -2.5606985092163086
v -0.8999999761581421 2.0799999237060547 -2.669994831085205
v -0.8131832480430603 2.0799999237060547 -2.669994831085205
v -0.8999999761581421 2.0799999237060547 -2.5606985092163086
v -0.8131832480430603 2.0799999237060547 -2.5606985092163086
v -0.8999999761581421 1.2400000095367432 -2.5606985092163086
v -0.8131832480430603 1.2400000095367432 -2.5606985092163086
v -0.8999999761581421 1.2400000095367432 -2.669994831085205
v -0.8131832480430603 1.2400000095367432 -2.669994831085205
v -0.8999999761581421 2.0799999237060547 -2.5606985092163086
v -0.8131832480430603 2.0799999237060547 -2.5606985092163086
v -0.8999999761581421 1.2400000095367432 -2.5606985092163086
v -0.8131832480430603 1.2400000095367432 -2.5606985092163086
v -0.8131832480430603 2.0799999237060547 -2.669994831085205
v -0.8999999761581421 2.0799999237060547 -2.669994831085205
v -0.8131832480430603 1.2400000095367432 -2.669994831085205
v -0.8999999761581421 1.2400000095367432 -2.669994831085205
vt 0 1
vt 1 1
vt 0 0
vt 1 0
vt 0 1
vt 1 1
vt 0 0
vt 1 0
vt 0 1
vt 1 1
vt 0 0
vt 1 0
vt 0 1
vt 1 1
vt 0 0
vt 1 0
vt 0 1
vt 1 1
vt 0 0
vt 1 0
vt 0 1
vt 1 1
vt 0 0
vt 1 0
vn 1 0 0
vn 1 0 0
vn 1 0 0
vn 1 0 0
vn -1 0 0
vn -1 0 0
vn -1 0 0
vn -1 0 0
vn 0 1 0
vn 0 1 0
vn 0 1 0
vn 0 1 0
vn 0 -1 0
vn 0 -1 0
vn 0 -1 0
vn 0 -1 0
vn 0 0 1
vn 0 0 1
vn 0 0 1
vn 0 0 1
vn 0 0 -1
vn 0 0 -1
vn 0 0 -1
vn 0 0 -1
f 733/205/733 735/207/735 734/206/734
f 735/207/735 736/208/736 734/206/734
f 737/209/737 739/211/739 738/210/738
f 739/211/739 740/212/740 738/210/738
f 741/213/741 743/215/743 742/214/742
f 743/215/743 744/216/744 742/214/742
f 745/217/745 747/219/747 746/218/746
f 747/219/747 748/220/748 746/218/746
f 749/221/749 751/223/751 750/222/750
f 751/223/751 752/224/752 750/222/750
f 753/225/753 755/227/755 754/226/754
f 755/227/755 756/228/756 754/226/754
o mullion_l_2
usemtl cream
v -0.8131832480430603 2.0799999237060547 -1.0206096172332764
v -0.8131832480430603 2.0799999237060547 -1.129906177520752
v -0.8131832480430603 1.2400000095367432 -1.0206096172332764
v -0.8131832480430603 1.2400000095367432 -1.129906177520752
v -0.8999999761581421 2.0799999237060547 -1.129906177520752
v -0.8999999761581421 2.0799999237060547 -1.0206096172332764
v -0.8999999761581421 1.2400000095367432 -1.129906177520752
v -0.8999999761581421 1.2400000095367432 -1.0206096172332764
v -0.8999999761581421 2.0799999237060547 -1.129906177520752
v -0.8131832480430603 2.0799999237060547 -1.129906177520752
v -0.8999999761581421 2.0799999237060547 -1.0206096172332764
v -0.8131832480430603 2.0799999237060547 -1.0206096172332764
v -0.8999999761581421 1.2400000095367432 -1.0206096172332764
v -0.8131832480430603 1.2400000095367432 -1.0206096172332764
v -0.8999999761581421 1.2400000095367432 -1.129906177520752
v -0.8131832480430603 1.2400000095367432 -1.129906177520752
v -0.8999999761581421 2.0799999237060547 -1.0206096172332764
v -0.8131832480430603 2.0799999237060547 -1.0206096172332764
v -0.8999999761581421 1.2400000095367432 -1.0206096172332764
v -0.8131832480430603 1.2400000095367432 -1.0206096172332764
v -0.8131832480430603 2.0799999237060547 -1.129906177520752
v -0.8999999761581421 2.0799999237060547 -1.129906177520752
v -0.8131832480430603 1.2400000095367432 -1.129906177520752
v -0.8999999761581421 1.2400000095367432 -1.129906177520752
vt 0 1
vt 1 1
vt 0 0
vt 1 0
vt 0 1
vt 1 1
vt 0 0
vt 1 0
vt 0 1
vt 1 1
vt 0 0
vt 1 0
vt 0 1
vt 1 1
vt 0 0
vt 1 0
vt 0 1
vt 1 1
vt 0 0
vt 1 0
vt 0 1
vt 1 1
vt 0 0
vt 1 0
vn 1 0 0
vn 1 0 0
vn 1 0 0
vn 1 0 0
vn -1 0 0
vn -1 0 0
vn -1 0 0
vn -1 0 0
vn 0 1 0
vn 0 1 0
vn 0 1 0
vn 0 1 0
vn 0 -1 0
vn 0 -1 0
vn 0 -1 0
vn 0 -1 0
vn 0 0 1
vn 0 0 1
vn 0 0 1
vn 0 0 1
vn 0 0 -1
vn 0 0 -1
vn 0 0 -1
vn 0 0 -1
f 757/229/757 759/231/759 758/230/758
f 759/231/759 760/232/760 758/230/758
f 761/233/761 763/235/763 762/234/762
f 763/235/763 764/236/764 762/234/762
f 765/237/765 767/239/767 766/238/766
f 767/239/767 768/240/768 766/238/766
f 769/241/769 771/243/771 770/242/770
f 771/243/771 772/244/772 770/242/770
f 773/245/773 775/247/775 774/246/774
f 775/247/775 776/248/776 774/246/774
f 777/249/777 779/251/779 778/250/778
f 779/251/779 780/252/780 778/250/778
o mullion_l_3
usemtl cream
v -0.8131832480430603 2.0799999237060547 0.5194792151451111
v -0.8131832480430603 2.0799999237060547 0.4101825952529907
v -0.8131832480430603 1.2400000095367432 0.5194792151451111
v -0.8131832480430603 1.2400000095367432 0.4101825952529907
v -0.8999999761581421 2.0799999237060547 0.4101825952529907
v -0.8999999761581421 2.0799999237060547 0.5194792151451111
v -0.8999999761581421 1.2400000095367432 0.4101825952529907
v -0.8999999761581421 1.2400000095367432 0.5194792151451111
v -0.8999999761581421 2.0799999237060547 0.4101825952529907
v -0.8131832480430603 2.0799999237060547 0.4101825952529907
v -0.8999999761581421 2.0799999237060547 0.5194792151451111
v -0.8131832480430603 2.0799999237060547 0.5194792151451111
v -0.8999999761581421 1.2400000095367432 0.5194792151451111
v -0.8131832480430603 1.2400000095367432 0.5194792151451111
v -0.8999999761581421 1.2400000095367432 0.4101825952529907
v -0.8131832480430603 1.2400000095367432 0.4101825952529907
v -0.8999999761581421 2.0799999237060547 0.5194792151451111
v -0.8131832480430603 2.0799999237060547 0.5194792151451111
v -0.8999999761581421 1.2400000095367432 0.5194792151451111
v -0.8131832480430603 1.2400000095367432 0.5194792151451111
v -0.8131832480430603 2.0799999237060547 0.4101825952529907
v -0.8999999761581421 2.0799999237060547 0.4101825952529907
v -0.8131832480430603 1.2400000095367432 0.4101825952529907
v -0.8999999761581421 1.2400000095367432 0.4101825952529907
vt 0 1
vt 1 1
vt 0 0
vt 1 0
vt 0 1
vt 1 1
vt 0 0
vt 1 0
vt 0 1
vt 1 1
vt 0 0
vt 1 0
vt 0 1
vt 1 1
vt 0 0
vt 1 0
vt 0 1
vt 1 1
vt 0 0
vt 1 0
vt 0 1
vt 1 1
vt 0 0
vt 1 0
vn 1 0 0
vn 1 0 0
vn 1 0 0
vn 1 0 0
vn -1 0 0
vn -1 0 0
vn -1 0 0
vn -1 0 0
vn 0 1 0
vn 0 1 0
vn 0 1 0
vn 0 1 0
vn 0 -1 0
vn 0 -1 0
vn 0 -1 0
vn 0 -1 0
vn 0 0 1
vn 0 0 1
vn 0 0 1
vn 0 0 1
vn 0 0 -1
vn 0 0 -1
vn 0 0 -1
vn 0 0 -1
f 781/253/781 783/255/783 782/254/782
f 783/255/783 784/256/784 782/254/782
f 785/257/785 787/259/787 786/258/786
f 787/259/787 788/260/788 786/258/786
f 789/261/789 791/263/791 790/262/790
f 791/263/791 792/264/792 790/262/790
f 793/265/793 795/267/795 794/266/794
f 795/267/795 796/268/796 794/266/794
f 797/269/797 799/271/799 798/270/798
f 799/271/799 800/272/800 798/270/798
f 801/273/801 803/275/803 802/274/802
f 803/275/803 804/276/804 802/274/802
o mullion_l_4
usemtl cream
v -0.8131832480430603 2.0799999237060547 2.059567928314209
v -0.8131832480430603 2.0799999237060547 1.9502713680267334
v -0.8131832480430603 1.2400000095367432 2.059567928314209
v -0.8131832480430603 1.2400000095367432 1.9502713680267334
v -0.8999999761581421 2.0799999237060547 1.9502713680267334
v -0.8999999761581421 2.0799999237060547 2.059567928314209
v -0.8999999761581421 1.2400000095367432 1.9502713680267334
v -0.8999999761581421 1.2400000095367432 2.059567928314209
v -0.8999999761581421 2.0799999237060547 1.9502713680267334
v -0.8131832480430603 2.0799999237060547 1.9502713680267334
v -0.8999999761581421 2.0799999237060547 2.059567928314209
v -0.8131832480430603 2.0799999237060547 2.059567928314209
v -0.8999999761581421 1.2400000095367432 2.059567928314209
v -0.8131832480430603 1.2400000095367432 2.059567928314209
v -0.8999999761581421 1.2400000095367432 1.9502713680267334
v -0.8131832480430603 1.2400000095367432 1.9502713680267334
v -0.8999999761581421 2.0799999237060547 2.059567928314209
v -0.8131832480430603 2.0799999237060547 2.059567928314209
v -0.8999999761581421 1.2400000095367432 2.059567928314209
v -0.8131832480430603 1.2400000095367432 2.059567928314209
v -0.8131832480430603 2.0799999237060547 1.9502713680267334
v -0.8999999761581421 2.0799999237060547 1.9502713680267334
v -0.8131832480430603 1.2400000095367432 1.9502713680267334
v -0.8999999761581421 1.2400000095367432 1.9502713680267334
vt 0 1
vt 1 1
vt 0 0
vt 1 0
vt 0 1
vt 1 1
vt 0 0
vt 1 0
vt 0 1
vt 1 1
vt 0 0
vt 1 0
vt 0 1
vt 1 1
vt 0 0
vt 1 0
vt 0 1
vt 1 1
vt 0 0
vt 1 0
vt 0 1
vt 1 1
vt 0 0
vt 1 0
vn 1 0 0
vn 1 0 0
vn 1 0 0
vn 1 0 0
vn -1 0 0
vn -1 0 0
vn -1 0 0
vn -1 0 0
vn 0 1 0
vn 0 1 0
vn 0 1 0
vn 0 1 0
vn 0 -1 0
vn 0 -1 0
vn 0 -1 0
vn 0 -1 0
vn 0 0 1
vn 0 0 1
vn 0 0 1
vn 0 0 1
vn 0 0 -1
vn 0 0 -1
vn 0 0 -1
vn 0 0 -1
f 805/277/805 807/279/807 806/278/806
f 807/279/807 808/280/808 806/278/806
f 809/281/809 811/283/811 810/282/810
f 811/283/811 812/284/812 810/282/810
f 813/285/813 815/287/815 814/286/814
f 815/287/815 816/288/816 814/286/814
f 817/289/817 819/291/819 818/290/818
f 819/291/819 820/292/820 818/290/818
f 821/293/821 823/295/823 822/294/822
f 823/295/823 824/296/824 822/294/822
f 825/297/825 827/299/827 826/298/826
f 827/299/827 828/300/828 826/298/826
o stripe_l
usemtl gold
v -0.8247588276863098 0.9700000882148743 3.395967721939087
v -0.8247588276863098 0.9700000882148743 -4.850959300994873
v -0.8247588276863098 0.75 3.395967721939087
v -0.8247588276863098 0.75 -4.850959300994873
v -0.8826366662979126 0.9700000882148743 -4.850959300994873
v -0.8826366662979126 0.9700000882148743 3.395967721939087
v -0.8826366662979126 0.75 -4.850959300994873
v -0.8826366662979126 0.75 3.395967721939087
v -0.8826366662979126 0.9700000882148743 -4.850959300994873
v -0.8247588276863098 0.9700000882148743 -4.850959300994873
v -0.8826366662979126 0.9700000882148743 3.395967721939087
v -0.8247588276863098 0.9700000882148743 3.395967721939087
v -0.8826366662979126 0.75 3.395967721939087
v -0.8247588276863098 0.75 3.395967721939087
v -0.8826366662979126 0.75 -4.850959300994873
v -0.8247588276863098 0.75 -4.850959300994873
v -0.8826366662979126 0.9700000882148743 3.395967721939087
v -0.8247588276863098 0.9700000882148743 3.395967721939087
v -0.8826366662979126 0.75 3.395967721939087
v -0.8247588276863098 0.75 3.395967721939087
v -0.8247588276863098 0.9700000882148743 -4.850959300994873
v -0.8826366662979126 0.9700000882148743 -4.850959300994873
v -0.8247588276863098 0.75 -4.850959300994873
v -0.8826366662979126 0.75 -4.850959300994873
vt 0 1
vt 1 1
vt 0 0
vt 1 0
vt 0 1
vt 1 1
vt 0 0
vt 1 0
vt 0 1
vt 1 1
vt 0 0
vt 1 0
vt 0 1
vt 1 1
vt 0 0
vt 1 0
vt 0 1
vt 1 1
vt 0 0
vt 1 0
vt 0 1
vt 1 1
vt 0 0
vt 1 0
vn 1 0 0
vn 1 0 0
vn 1 0 0
vn 1 0 0
vn -1 0 0
vn -1 0 0
vn -1 0 0
vn -1 0 0
vn 0 1 0
vn 0 1 0
vn 0 1 0
vn 0 1 0
vn 0 -1 0
vn 0 -1 0
vn 0 -1 0
vn 0 -1 0
vn 0 0 1
vn 0 0 1
vn 0 0 1
vn 0 0 1
vn 0 0 -1
vn 0 0 -1
vn 0 0 -1
vn 0 0 -1
f 829/301/829 831/303/831 830/302/830
f 831/303/831 832/304/832 830/302/830
f 833/305/833 835/307/835 834/306/834
f 835/307/835 836/308/836 834/306/834
f 837/309/837 839/311/839 838/310/838
f 839/311/839 840/312/840 838/310/838
f 841/313/841 843/315/843 842/314/842
f 843/315/843 844/316/844 842/314/842
f 845/317/845 847/319/847 846/318/846
f 847/319/847 848/320/848 846/318/846
f 849/321/849 851/323/851 850/322/850
f 851/323/851 852/324/852 850/322/850
o headlight_l
usemtl cream
v -0.5016076564788818 0.7200000286102295 4.9608964920043945
v -0.43408358097076416 0.7387564182281494 4.9608964920043945
v -0.3846524953842163 0.7900000810623169 4.9608964920043945
v -0.3665594756603241 0.8600000739097595 4.9608964920043945
v -0.3846524953842163 0.9300000667572021 4.9608964920043945
v -0.43408358097076416 0.9812436103820801 4.9608964920043945
v -0.5016076564788818 1 4.9608964920043945
v -0.5691317915916443 0.9812436103820801 4.9608964920043945
v -0.6185629367828369 0.9300000667572021 4.9608964920043945
v -0.6366559267044067 0.8600000739097595 4.9608964920043945
v -0.6185629367828369 0.7900000810623169 4.9608964920043945
v -0.5691317915916443 0.7387564182281494 4.9608964920043945
v -0.5016076564788818 0.7200000286102295 4.9608964920043945
v -0.5016076564788818 0.7200000286102295 4.871471881866455
v -0.43408358097076416 0.7387564182281494 4.871471881866455
v -0.3846524953842163 0.7900000810623169 4.871471881866455
v -0.3665594756603241 0.8600000739097595 4.871471881866455
v -0.3846524953842163 0.9300000667572021 4.871471881866455
v -0.43408358097076416 0.9812436103820801 4.871471881866455
v -0.5016076564788818 1 4.871471881866455
v -0.5691317915916443 0.9812436103820801 4.871471881866455
v -0.6185629367828369 0.9300000667572021 4.871471881866455
v -0.6366559267044067 0.8600000739097595 4.871471881866455
v -0.6185629367828369 0.7900000810623169 4.871471881866455
v -0.5691317915916443 0.7387564182281494 4.871471881866455
v -0.5016076564788818 0.7200000286102295 4.871471881866455
v -0.5016076564788818 0.8600000739097595 4.9608964920043945
v -0.5016076564788818 0.8600000739097595 4.9608964920043945
v -0.5016076564788818 0.8600000739097595 4.9608964920043945
v -0.5016076564788818 0.8600000739097595 4.9608964920043945
v -0.5016076564788818 0.8600000739097595 4.9608964920043945
v -0.5016076564788818 0.8600000739097595 4.9608964920043945
v -0.5016076564788818 0.8600000739097595 4.9608964920043945
v -0.5016076564788818 0.8600000739097595 4.9608964920043945
v -0.5016076564788818 0.8600000739097595 4.9608964920043945
v -0.5016076564788818 0.8600000739097595 4.9608964920043945
v -0.5016076564788818 0.8600000739097595 4.9608964920043945
v -0.5016076564788818 0.8600000739097595 4.9608964920043945
v -0.5016076564788818 0.7200000286102295 4.9608964920043945
v -0.43408358097076416 0.7387564182281494 4.9608964920043945
v -0.3846524953842163 0.7900000810623169 4.9608964920043945
v -0.3665594756603241 0.8600000739097595 4.9608964920043945
v -0.3846524953842163 0.9300000667572021 4.9608964920043945
v -0.43408358097076416 0.9812436103820801 4.9608964920043945
v -0.5016076564788818 1 4.9608964920043945
v -0.5691317915916443 0.9812436103820801 4.9608964920043945
v -0.6185629367828369 0.9300000667572021 4.9608964920043945
v -0.6366559267044067 0.8600000739097595 4.9608964920043945
v -0.6185629367828369 0.7900000810623169 4.9608964920043945
v -0.5691317915916443 0.7387564182281494 4.9608964920043945
v -0.5016076564788818 0.7200000286102295 4.9608964920043945
v -0.5016076564788818 0.8600000739097595 4.871471881866455
v -0.5016076564788818 0.8600000739097595 4.871471881866455
v -0.5016076564788818 0.8600000739097595 4.871471881866455
v -0.5016076564788818 0.8600000739097595 4.871471881866455
v -0.5016076564788818 0.8600000739097595 4.871471881866455
v -0.5016076564788818 0.8600000739097595 4.871471881866455
v -0.5016076564788818 0.8600000739097595 4.871471881866455
v -0.5016076564788818 0.8600000739097595 4.871471881866455
v -0.5016076564788818 0.8600000739097595 4.871471881866455
v -0.5016076564788818 0.8600000739097595 4.871471881866455
v -0.5016076564788818 0.8600000739097595 4.871471881866455
v -0.5016076564788818 0.8600000739097595 4.871471881866455
v -0.5016076564788818 0.7200000286102295 4.871471881866455
v -0.43408358097076416 0.7387564182281494 4.871471881866455
v -0.3846524953842163 0.7900000810623169 4.871471881866455
v -0.3665594756603241 0.8600000739097595 4.871471881866455
v -0.3846524953842163 0.9300000667572021 4.871471881866455
v -0.43408358097076416 0.9812436103820801 4.871471881866455
v -0.5016076564788818 1 4.871471881866455
v -0.5691317915916443 0.9812436103820801 4.871471881866455
v -0.6185629367828369 0.9300000667572021 4.871471881866455
v -0.6366559267044067 0.8600000739097595 4.871471881866455
v -0.6185629367828369 0.7900000810623169 4.871471881866455
v -0.5691317915916443 0.7387564182281494 4.871471881866455
v -0.5016076564788818 0.7200000286102295 4.871471881866455
vt 0 1
vt 0.0833333358168602 1
vt 0.1666666716337204 1
vt 0.25 1
vt 0.3333333432674408 1
vt 0.4166666567325592 1
vt 0.5 1
vt 0.5833333134651184 1
vt 0.6666666865348816 1
vt 0.75 1
vt 0.8333333134651184 1
vt 0.9166666865348816 1
vt 1 1
vt 0 0
vt 0.0833333358168602 0
vt 0.1666666716337204 0
vt 0.25 0
vt 0.3333333432674408 0
vt 0.4166666567325592 0
vt 0.5 0
vt 0.5833333134651184 0
vt 0.6666666865348816 0
vt 0.75 0
vt 0.8333333134651184 0
vt 0.9166666865348816 0
vt 1 0
vt 0.5 0.5
vt 0.5 0.5
vt 0.5 0.5
vt 0.5 0.5
vt 0.5 0.5
vt 0.5 0.5
vt 0.5 0.5
vt 0.5 0.5
vt 0.5 0.5
vt 0.5 0.5
vt 0.5 0.5
vt 0.5 0.5
vt 1 0.5
vt 0.9330127239227295 0.75
vt 0.75 0.9330127239227295
vt 0.5 1
vt 0.25 0.9330127239227295
vt 0.0669872984290123 0.75
vt 0 0.5
vt 0.0669872984290123 0.25
vt 0.25 0.0669872984290123
vt 0.5 0
vt 0.75 0.0669872984290123
vt 0.9330127239227295 0.25
vt 1 0.5
vt 0.5 0.5
vt 0.5 0.5
vt 0.5 0.5
vt 0.5 0.5
vt 0.5 0.5
vt 0.5 0.5
vt 0.5 0.5
vt 0.5 0.5
vt 0.5 0.5
vt 0.5 0.5
vt 0.5 0.5
vt 0.5 0.5
vt 1 0.5
vt 0.9330127239227295 0.25
vt 0.75 0.0669872984290123
vt 0.5 0
vt 0.25 0.0669872984290123
vt 0.0669872984290123 0.25
vt 0 0.5
vt 0.0669872984290123 0.75
vt 0.25 0.9330127239227295
vt 0.5 1
vt 0.75 0.9330127239227295
vt 0.9330127239227295 0.75
vt 1 0.5
vn 0 -1 2.234735759768289e-16
vn 0.5135616033264379 -0.858052725413059 1.917521115425436e-16
vn 0.8736472187641441 -0.4865599008813567 1.0873328266896251e-16
vn 1 -5.906656540991285e-17 1.3199817083215475e-32
vn 0.8736472187641441 0.4865599008813567 -1.0873328266896251e-16
vn 0.5135616033264379 0.858052725413059 -1.917521115425436e-16
vn 1.2695507160970785e-16 1 -2.234735759768289e-16
vn -0.5135616033264379 0.858052725413059 -1.917521115425436e-16
vn -0.8736472187641441 0.4865599008813567 -1.0873328266896251e-16
vn -1 1.7719967637740386e-16 -3.959944537217467e-32
vn -0.8736472187641441 -0.4865599008813567 1.0873328266896251e-16
vn -0.5135616033264379 -0.858052725413059 1.917521115425436e-16
vn -2.539101432194157e-16 -1 2.234735759768289e-16
vn 0 -1 2.234735759768289e-16
vn 0.5135616033264379 -0.858052725413059 1.917521115425436e-16
vn 0.8736472187641441 -0.4865599008813567 1.0873328266896251e-16
vn 1 -5.906656540991285e-17 1.3199817083215475e-32
vn 0.8736472187641441 0.4865599008813567 -1.0873328266896251e-16
vn 0.5135616033264379 0.858052725413059 -1.917521115425436e-16
vn 1.2695507160970785e-16 1 -2.234735759768289e-16
vn -0.5135616033264379 0.858052725413059 -1.917521115425436e-16
vn -0.8736472187641441 0.4865599008813567 -1.0873328266896251e-16
vn -1 1.7719967637740386e-16 -3.959944537217467e-32
vn -0.8736472187641441 -0.4865599008813567 1.0873328266896251e-16
vn -0.5135616033264379 -0.858052725413059 1.917521115425436e-16
vn -2.539101432194157e-16 -1 2.234735759768289e-16
vn 0 2.2062476594719629e-16 1
vn 0 2.2062476594719629e-16 1
vn 0 2.2062476594719629e-16 1
vn 0 2.2062476594719629e-16 1
vn 0 2.2062476594719629e-16 1
vn 0 2.2062476594719629e-16 1
vn 0 2.2062476594719629e-16 1
vn 0 2.2062476594719629e-16 1
vn 0 2.2062476594719629e-16 1
vn 0 2.2062476594719629e-16 1
vn 0 2.2062476594719629e-16 1
vn 0 2.2062476594719629e-16 1
vn 0 2.2062476594719629e-16 1
vn 0 2.2062476594719629e-16 1
vn 0 2.2062476594719629e-16 1
vn 0 2.2062476594719629e-16 1
vn 0 2.2062476594719629e-16 1
vn 0 2.2062476594719629e-16 1
vn 0 2.2062476594719629e-16 1
vn 0 2.2062476594719629e-16 1
vn 0 2.2062476594719629e-16 1
vn 0 2.2062476594719629e-16 1
vn 0 2.2062476594719629e-16 1
vn 0 2.2062476594719629e-16 1
vn 0 2.2062476594719629e-16 1
vn 0 -2.2062476594719629e-16 -1
vn 0 -2.2062476594719629e-16 -1
vn 0 -2.2062476594719629e-16 -1
vn 0 -2.2062476594719629e-16 -1
vn 0 -2.2062476594719629e-16 -1
vn 0 -2.2062476594719629e-16 -1
vn 0 -2.2062476594719629e-16 -1
vn 0 -2.2062476594719629e-16 -1
vn 0 -2.2062476594719629e-16 -1
vn 0 -2.2062476594719629e-16 -1
vn 0 -2.2062476594719629e-16 -1
vn 0 -2.2062476594719629e-16 -1
vn 0 -2.2062476594719629e-16 -1
vn 0 -2.2062476594719629e-16 -1
vn 0 -2.2062476594719629e-16 -1
vn 0 -2.2062476594719629e-16 -1
vn 0 -2.2062476594719629e-16 -1
vn 0 -2.2062476594719629e-16 -1
vn 0 -2.2062476594719629e-16 -1
vn 0 -2.2062476594719629e-16 -1
vn 0 -2.2062476594719629e-16 -1
vn 0 -2.2062476594719629e-16 -1
vn 0 -2.2062476594719629e-16 -1
vn 0 -2.2062476594719629e-16 -1
vn 0 -2.2062476594719629e-16 -1
f 853/325/853 866/338/866 854/326/854
f 866/338/866 867/339/867 854/326/854
f 854/326/854 867/339/867 855/327/855
f 867/339/867 868/340/868 855/327/855
f 855/327/855 868/340/868 856/328/856
f 868/340/868 869/341/869 856/328/856
f 856/328/856 869/341/869 857/329/857
f 869/341/869 870/342/870 857/329/857
f 857/329/857 870/342/870 858/330/858
f 870/342/870 871/343/871 858/330/858
f 858/330/858 871/343/871 859/331/859
f 871/343/871 872/344/872 859/331/859
f 859/331/859 872/344/872 860/332/860
f 872/344/872 873/345/873 860/332/860
f 860/332/860 873/345/873 861/333/861
f 873/345/873 874/346/874 861/333/861
f 861/333/861 874/346/874 862/334/862
f 874/346/874 875/347/875 862/334/862
f 862/334/862 875/347/875 863/335/863
f 875/347/875 876/348/876 863/335/863
f 863/335/863 876/348/876 864/336/864
f 876/348/876 877/349/877 864/336/864
f 864/336/864 877/349/877 865/337/865
f 877/349/877 878/350/878 865/337/865
f 891/363/891 892/364/892 879/351/879
f 892/364/892 893/365/893 880/352/880
f 893/365/893 894/366/894 881/353/881
f 894/366/894 895/367/895 882/354/882
f 895/367/895 896/368/896 883/355/883
f 896/368/896 897/369/897 884/356/884
f 897/369/897 898/370/898 885/357/885
f 898/370/898 899/371/899 886/358/886
f 899/371/899 900/372/900 887/359/887
f 900/372/900 901/373/901 888/360/888
f 901/373/901 902/374/902 889/361/889
f 902/374/902 903/375/903 890/362/890
f 917/389/917 916/388/916 904/376/904
f 918/390/918 917/389/917 905/377/905
f 919/391/919 918/390/918 906/378/906
f 920/392/920 919/391/919 907/379/907
f 921/393/921 920/392/920 908/380/908
f 922/394/922 921/393/921 909/381/909
f 923/395/923 922/394/922 910/382/910
f 924/396/924 923/395/923 911/383/911
f 925/397/925 924/396/924 912/384/912
f 926/398/926 925/397/925 913/385/913
f 927/399/927 926/398/926 914/386/914
f 928/400/928 927/399/927 915/387/915
o doorline_l
usemtl cream
v -0.8295819759368896 2.1500000953674316 -4.523069381713867
v -0.8295819759368896 2.1500000953674316 -4.582685947418213
v -0.8295819759368896 0.45000001788139343 -4.523069381713867
v -0.8295819759368896 0.45000001788139343 -4.582685947418213
v -0.8778135180473328 2.1500000953674316 -4.582685947418213
v -0.8778135180473328 2.1500000953674316 -4.523069381713867
v -0.8778135180473328 0.45000001788139343 -4.582685947418213
v -0.8778135180473328 0.45000001788139343 -4.523069381713867
v -0.8778135180473328 2.1500000953674316 -4.582685947418213
v -0.8295819759368896 2.1500000953674316 -4.582685947418213
v -0.8778135180473328 2.1500000953674316 -4.523069381713867
v -0.8295819759368896 2.1500000953674316 -4.523069381713867
v -0.8778135180473328 0.45000001788139343 -4.523069381713867
v -0.8295819759368896 0.45000001788139343 -4.523069381713867
v -0.8778135180473328 0.45000001788139343 -4.582685947418213
v -0.8295819759368896 0.45000001788139343 -4.582685947418213
v -0.8778135180473328 2.1500000953674316 -4.523069381713867
v -0.8295819759368896 2.1500000953674316 -4.523069381713867
v -0.8778135180473328 0.45000001788139343 -4.523069381713867
v -0.8295819759368896 0.45000001788139343 -4.523069381713867
v -0.8295819759368896 2.1500000953674316 -4.582685947418213
v -0.8778135180473328 2.1500000953674316 -4.582685947418213
v -0.8295819759368896 0.45000001788139343 -4.582685947418213
v -0.8778135180473328 0.45000001788139343 -4.582685947418213
vt 0 1
vt 1 1
vt 0 0
vt 1 0
vt 0 1
vt 1 1
vt 0 0
vt 1 0
vt 0 1
vt 1 1
vt 0 0
vt 1 0
vt 0 1
vt 1 1
vt 0 0
vt 1 0
vt 0 1
vt 1 1
vt 0 0
vt 1 0
vt 0 1
vt 1 1
vt 0 0
vt 1 0
vn 1 0 0
vn 1 0 0
vn 1 0 0
vn 1 0 0
vn -1 0 0
vn -1 0 0
vn -1 0 0
vn -1 0 0
vn 0 1 0
vn 0 1 0
vn 0 1 0
vn 0 1 0
vn 0 -1 0
vn 0 -1 0
vn 0 -1 0
vn 0 -1 0
vn 0 0 1
vn 0 0 1
vn 0 0 1
vn 0 0 1
vn 0 0 -1
vn 0 0 -1
vn 0 0 -1
vn 0 0 -1
f 929/401/929 931/403/931 930/402/930
f 931/403/931 932/404/932 930/402/930
f 933/405/933 935/407/935 934/406/934
f 935/407/935 936/408/936 934/406/934
f 937/409/937 939/411/939 938/410/938
f 939/411/939 940/412/940 938/410/938
f 941/413/941 943/415/943 942/414/942
f 943/415/943 944/416/944 942/414/942
f 945/417/945 947/419/947 946/418/946
f 947/419/947 948/420/948 946/418/946
f 949/421/949 951/423/951 950/422/950
f 951/423/951 952/424/952 950/422/950
o window_band_r
usemtl glass
v 0.8874598145484924 2.0399999618530273 2.2036406993865967
v 0.8874598145484924 2.0399999618530273 -4.354156494140625
v 0.8874598145484924 1.2799999713897705 2.2036406993865967
v 0.8874598145484924 1.2799999713897705 -4.354156494140625
v 0.81993567943573 2.0399999618530273 -4.354156494140625
v 0.81993567943573 2.0399999618530273 2.2036406993865967
v 0.81993567943573 1.2799999713897705 -4.354156494140625
v 0.81993567943573 1.2799999713897705 2.2036406993865967
v 0.81993567943573 2.0399999618530273 -4.354156494140625
v 0.8874598145484924 2.0399999618530273 -4.354156494140625
v 0.81993567943573 2.0399999618530273 2.2036406993865967
v 0.8874598145484924 2.0399999618530273 2.2036406993865967
v 0.81993567943573 1.2799999713897705 2.2036406993865967
v 0.8874598145484924 1.2799999713897705 2.2036406993865967
v 0.81993567943573 1.2799999713897705 -4.354156494140625
v 0.8874598145484924 1.2799999713897705 -4.354156494140625
v 0.81993567943573 2.0399999618530273 2.2036406993865967
v 0.8874598145484924 2.0399999618530273 2.2036406993865967
v 0.81993567943573 1.2799999713897705 2.2036406993865967
v 0.8874598145484924 1.2799999713897705 2.2036406993865967
v 0.8874598145484924 2.0399999618530273 -4.354156494140625
v 0.81993567943573 2.0399999618530273 -4.354156494140625
v 0.8874598145484924 1.2799999713897705 -4.354156494140625
v 0.81993567943573 1.2799999713897705 -4.354156494140625
vt 0 1
vt 1 1
vt 0 0
vt 1 0
vt 0 1
vt 1 1
vt 0 0
vt 1 0
vt 0 1
vt 1 1
vt 0 0
vt 1 0
vt 0 1
vt 1 1
vt 0 0
vt 1 0
vt 0 1
vt 1 1
vt 0 0
vt 1 0
vt 0 1
vt 1 1
vt 0 0
vt 1 0
vn 1 0 0
vn 1 0 0
vn 1 0 0
vn 1 0 0
vn -1 0 0
vn -1 0 0
vn -1 0 0
vn -1 0 0
vn 0 1 0
vn 0 1 0
vn 0 1 0
vn 0 1 0
vn 0 -1 0
vn 0 -1 0
vn 0 -1 0
vn 0 -1 0
vn 0 0 1
vn 0 0 1
vn 0 0 1
vn 0 0 1
vn 0 0 -1
vn 0 0 -1
vn 0 0 -1
vn 0 0 -1
f 953/425/953 955/427/955 954/426/954
f 955/427/955 956/428/956 954/426/954
f 957/429/957 959/431/959 958/430/958
f 959/431/959 960/432/960 958/430/958
f 961/433/961 963/435/963 962/434/962
f 963/435/963 964/436/964 962/434/962
f 965/437/965 967/439/967 966/438/966
f 967/439/967 968/440/968 966/438/966
f 969/441/969 971/443/971 970/442/970
f 971/443/971 972/444/972 970/442/970
f 973/445/973 975/447/975 974/446/974
f 975/447/975 976/448/976 974/446/974
o mullion_r_0
usemtl cream
v 0.8999999761581421 2.0799999237060547 -4.1007866859436035
v 0.8999999761581421 2.0799999237060547 -4.210083484649658
v 0.8999999761581421 1.2400000095367432 -4.1007866859436035
v 0.8999999761581421 1.2400000095367432 -4.210083484649658
v 0.8131832480430603 2.0799999237060547 -4.210083484649658
v 0.8131832480430603 2.0799999237060547 -4.1007866859436035
v 0.8131832480430603 1.2400000095367432 -4.210083484649658
v 0.8131832480430603 1.2400000095367432 -4.1007866859436035
v 0.8131832480430603 2.0799999237060547 -4.210083484649658
v 0.8999999761581421 2.0799999237060547 -4.210083484649658
v 0.8131832480430603 2.0799999237060547 -4.1007866859436035
v 0.8999999761581421 2.0799999237060547 -4.1007866859436035
v 0.8131832480430603 1.2400000095367432 -4.1007866859436035
v 0.8999999761581421 1.2400000095367432 -4.1007866859436035
v 0.8131832480430603 1.2400000095367432 -4.210083484649658
v 0.8999999761581421 1.2400000095367432 -4.210083484649658
v 0.8131832480430603 2.0799999237060547 -4.1007866859436035
v 0.8999999761581421 2.0799999237060547 -4.1007866859436035
v 0.8131832480430603 1.2400000095367432 -4.1007866859436035
v 0.8999999761581421 1.2400000095367432 -4.1007866859436035
v 0.8999999761581421 2.0799999237060547 -4.210083484649658
v 0.8131832480430603 2.0799999237060547 -4.210083484649658
v 0.8999999761581421 1.2400000095367432 -4.210083484649658
v 0.8131832480430603 1.2400000095367432 -4.210083484649658
vt 0 1
vt 1 1
vt 0 0
vt 1 0
vt 0 1
vt 1 1
vt 0 0
vt 1 0
vt 0 1
vt 1 1
vt 0 0
vt 1 0
vt 0 1
vt 1 1
vt 0 0
vt 1 0
vt 0 1
vt 1 1
vt 0 0
vt 1 0
vt 0 1
vt 1 1
vt 0 0
vt 1 0
vn 1 0 0
vn 1 0 0
vn 1 0 0
vn 1 0 0
vn -1 0 0
vn -1 0 0
vn -1 0 0
vn -1 0 0
vn 0 1 0
vn 0 1 0
vn 0 1 0
vn 0 1 0
vn 0 -1 0
vn 0 -1 0
vn 0 -1 0
vn 0 -1 0
vn 0 0 1
vn 0 0 1
vn 0 0 1
vn 0 0 1
vn 0 0 -1
vn 0 0 -1
vn 0 0 -1
vn 0 0 -1
f 977/449/977 979/451/979 978/450/978
f 979/451/979 980/452/980 978/450/978
f 981/453/981 983/455/983 982/454/982
f 983/455/983 984/456/984 982/454/982
f 985/457/985 987/459/987 986/458/986
f 987/459/987 988/460/988 986/458/986
f 989/461/989 991/463/991 990/462/990
f 991/463/991 992/464/992 990/462/990
f 993/465/993 995/467/995 994/466/994
f 995/467/995 996/468/996 994/466/994
f 997/469/997 999/471/999 998/470/998
f 999/471/999 1000/472/1000 998/470/998
o mullion_r_1
usemtl cream
v 0.8999999761581421 2.0799999237060547 -2.5606985092163086
v 0.8999999761581421 2.0799999237060547 -2.669994831085205
v 0.8999999761581421 1.2400000095367432 -2.5606985092163086
v 0.8999999761581421 1.2400000095367432 -2.669994831085205
v 0.8131832480430603 2.0799999237060547 -2.669994831085205
v 0.8131832480430603 2.0799999237060547 -2.5606985092163086
v 0.8131832480430603 1.2400000095367432 -2.669994831085205
v 0.8131832480430603 1.2400000095367432 -2.5606985092163086
v 0.8131832480430603 2.0799999237060547 -2.669994831085205
v 0.8999999761581421 2.0799999237060547 -2.669994831085205
v 0.8131832480430603 2.0799999237060547 -2.5606985092163086
v 0.8999999761581421 2.0799999237060547 -2.5606985092163086
v 0.8131832480430603 1.2400000095367432 -2.5606985092163086
v 0.8999999761581421 1.2400000095367432 -2.5606985092163086
v 0.8131832480430603 1.2400000095367432 -2.669994831085205
v 0.8999999761581421 1.2400000095367432 -2.669994831085205
v 0.8131832480430603 2.0799999237060547 -2.5606985092163086
v 0.8999999761581421 2.0799999237060547 -2.5606985092163086
v 0.8131832480430603 1.2400000095367432 -2.5606985092163086
v 0.8999999761581421 1.2400000095367432 -2.5606985092163086
v 0.8999999761581421 2.0799999237060547 -2.669994831085205
v 0.8131832480430603 2.0799999237060547 -2.669994831085205
v 0.8999999761581421 1.2400000095367432 -2.669994831085205
v 0.8131832480430603 1.2400000095367432 -2.669994831085205
vt 0 1
vt 1 1
vt 0 0
vt 1 0
vt 0 1
vt 1 1
vt 0 0
vt 1 0
vt 0 1
vt 1 1
vt 0 0
vt 1 0
vt 0 1
vt 1 1
vt 0 0
vt 1 0
vt 0 1
vt 1 1
vt 0 0
vt 1 0
vt 0 1
vt 1 1
vt 0 0
vt 1 0
vn 1 0 0
vn 1 0 0
vn 1 0 0
vn 1 0 0
vn -1 0 0
vn -1 0 0
vn -1 0 0
vn -1 0 0
vn 0 1 0
vn 0 1 0
vn 0 1 0
vn 0 1 0
vn 0 -1 0
vn 0 -1 0
vn 0 -1 0
vn 0 -1 0
vn 0 0 1
vn 0 0 1
vn 0 0 1
vn 0 0 1
vn 0 0 -1
vn 0 0 -1
vn 0 0 -1
vn 0 0 -1
f 1001/473/1001 1003/475/1003 1002/474/1002
f 1003/475/1003 1004/476/1004 1002/474/1002
f 1005/477/1005 1007/479/1007 1006/478/1006
f 1007/479/1007 1008/480/1008 1006/478/1006
f 1009/481/1009 1011/483/1011 1010/482/1010
f 1011/483/1011 1012/484/1012 1010/482/1010
f 1013/485/1013 1015/487/1015 1014/486/1014
f 1015/487/1015 1016/488/1016 1014/486/1014
f 1017/489/1017 1019/491/1019 1018/490/1018
f 1019/491/1019 1020/492/1020 1018/490/1018
f 1021/493/1021 1023/495/1023 1022/494/1022
f 1023/495/1023 1024/496/1024 1022/494/1022
o mullion_r_2
usemtl cream
v 0.8999999761581421 2.0799999237060547 -1.0206096172332764
v 0.8999999761581421 2.0799999237060547 -1.129906177520752
v 0.8999999761581421 1.2400000095367432 -1.0206096172332764
v 0.8999999761581421 1.2400000095367432 -1.129906177520752
v 0.8131832480430603 2.0799999237060547 -1.129906177520752
v 0.8131832480430603 2.0799999237060547 -1.0206096172332764
v 0.8131832480430603 1.2400000095367432 -1.129906177520752
v 0.8131832480430603 1.2400000095367432 -1.0206096172332764
v 0.8131832480430603 2.0799999237060547 -1.129906177520752
v 0.8999999761581421 2.0799999237060547 -1.129906177520752
v 0.8131832480430603 2.0799999237060547 -1.0206096172332764
v 0.8999999761581421 2.0799999237060547 -1.0206096172332764
v 0.8131832480430603 1.2400000095367432 -1.0206096172332764
v 0.8999999761581421 1.2400000095367432 -1.0206096172332764
v 0.8131832480430603 1.2400000095367432 -1.129906177520752
v 0.8999999761581421 1.2400000095367432 -1.129906177520752
v 0.8131832480430603 2.0799999237060547 -1.0206096172332764
v 0.8999999761581421 2.0799999237060547 -1.0206096172332764
v 0.8131832480430603 1.2400000095367432 -1.0206096172332764
v 0.8999999761581421 1.2400000095367432 -1.0206096172332764
v 0.8999999761581421 2.0799999237060547 -1.129906177520752
v 0.8131832480430603 2.0799999237060547 -1.129906177520752
v 0.8999999761581421 1.2400000095367432 -1.129906177520752
v 0.8131832480430603 1.2400000095367432 -1.129906177520752
vt 0 1
vt 1 1
vt 0 0
vt 1 0
vt 0 1
vt 1 1
vt 0 0
vt 1 0
vt 0 1
vt 1 1
vt 0 0
vt 1 0
vt 0 1
vt 1 1
vt 0 0
vt 1 0
vt 0 1
vt 1 1
vt 0 0
vt 1 0
vt 0 1
vt 1 1
vt 0 0
vt 1 0
vn 1 0 0
vn 1 0 0
vn 1 0 0
vn 1 0 0
vn -1 0 0
vn -1 0 0
vn -1 0 0
vn -1 0 0
vn 0 1 0
vn 0 1 0
vn 0 1 0
vn 0 1 0
vn 0 -1 0
vn 0 -1 0
vn 0 -1 0
vn 0 -1 0
vn 0 0 1
vn 0 0 1
vn 0 0 1
vn 0 0 1
vn 0 0 -1
vn 0 0 -1
vn 0 0 -1
vn 0 0 -1
f 1025/497/1025 1027/499/1027 1026/498/1026
f 1027/499/1027 1028/500/1028 1026/498/1026
f 1029/501/1029 1031/503/1031 1030/502/1030
f 1031/503/1031 1032/504/1032 1030/502/1030
f 1033/505/1033 1035/507/1035 1034/506/1034
f 1035/507/1035 1036/508/1036 1034/506/1034
f 1037/509/1037 1039/511/1039 1038/510/1038
f 1039/511/1039 1040/512/1040 1038/510/1038
f 1041/513/1041 1043/515/1043 1042/514/1042
f 1043/515/1043 1044/516/1044 1042/514/1042
f 1045/517/1045 1047/519/1047 1046/518/1046
f 1047/519/1047 1048/520/1048 1046/518/1046
o mullion_r_3
usemtl cream
v 0.8999999761581421 2.0799999237060547 0.5194792151451111
v 0.8999999761581421 2.0799999237060547 0.4101825952529907
v 0.8999999761581421 1.2400000095367432 0.5194792151451111
v 0.8999999761581421 1.2400000095367432 0.4101825952529907
v 0.8131832480430603 2.0799999237060547 0.4101825952529907
v 0.8131832480430603 2.0799999237060547 0.5194792151451111
v 0.8131832480430603 1.2400000095367432 0.4101825952529907
v 0.8131832480430603 1.2400000095367432 0.5194792151451111
v 0.8131832480430603 2.0799999237060547 0.4101825952529907
v 0.8999999761581421 2.0799999237060547 0.4101825952529907
v 0.8131832480430603 2.0799999237060547 0.5194792151451111
v 0.8999999761581421 2.0799999237060547 0.5194792151451111
v 0.8131832480430603 1.2400000095367432 0.5194792151451111
v 0.8999999761581421 1.2400000095367432 0.5194792151451111
v 0.8131832480430603 1.2400000095367432 0.4101825952529907
v 0.8999999761581421 1.2400000095367432 0.4101825952529907
v 0.8131832480430603 2.0799999237060547 0.5194792151451111
v 0.8999999761581421 2.0799999237060547 0.5194792151451111
v 0.8131832480430603 1.2400000095367432 0.5194792151451111
v 0.8999999761581421 1.2400000095367432 0.5194792151451111
v 0.8999999761581421 2.0799999237060547 0.4101825952529907
v 0.8131832480430603 2.0799999237060547 0.4101825952529907
v 0.8999999761581421 1.2400000095367432 0.4101825952529907
v 0.8131832480430603 1.2400000095367432 0.4101825952529907
vt 0 1
vt 1 1
vt 0 0
vt 1 0
vt 0 1
vt 1 1
vt 0 0
vt 1 0
vt 0 1
vt 1 1
vt 0 0
vt 1 0
vt 0 1
vt 1 1
vt 0 0
vt 1 0
vt 0 1
vt 1 1
vt 0 0
vt 1 0
vt 0 1
vt 1 1
vt 0 0
vt 1 0
vn 1 0 0
vn 1 0 0
vn 1 0 0
vn 1 0 0
vn -1 0 0
vn -1 0 0
vn -1 0 0
vn -1 0 0
vn 0 1 0
vn 0 1 0
vn 0 1 0
vn 0 1 0
vn 0 -1 0
vn 0 -1 0
vn 0 -1 0
vn 0 -1 0
vn 0 0 1
vn 0 0 1
vn 0 0 1
vn 0 0 1
vn 0 0 -1
vn 0 0 -1
vn 0 0 -1
vn 0 0 -1
f 1049/521/1049 1051/523/1051 1050/522/1050
f 1051/523/1051 1052/524/1052 1050/522/1050
f 1053/525/1053 1055/527/1055 1054/526/1054
f 1055/527/1055 1056/528/1056 1054/526/1054
f 1057/529/1057 1059/531/1059 1058/530/1058
f 1059/531/1059 1060/532/1060 1058/530/1058
f 1061/533/1061 1063/535/1063 1062/534/1062
f 1063/535/1063 1064/536/1064 1062/534/1062
f 1065/537/1065 1067/539/1067 1066/538/1066
f 1067/539/1067 1068/540/1068 1066/538/1066
f 1069/541/1069 1071/543/1071 1070/542/1070
f 1071/543/1071 1072/544/1072 1070/542/1070
o mullion_r_4
usemtl cream
v 0.8999999761581421 2.0799999237060547 2.059567928314209
v 0.8999999761581421 2.0799999237060547 1.9502713680267334
v 0.8999999761581421 1.2400000095367432 2.059567928314209
v 0.8999999761581421 1.2400000095367432 1.9502713680267334
v 0.8131832480430603 2.0799999237060547 1.9502713680267334
v 0.8131832480430603 2.0799999237060547 2.059567928314209
v 0.8131832480430603 1.2400000095367432 1.9502713680267334
v 0.8131832480430603 1.2400000095367432 2.059567928314209
v 0.8131832480430603 2.0799999237060547 1.9502713680267334
v 0.8999999761581421 2.0799999237060547 1.9502713680267334
v 0.8131832480430603 2.0799999237060547 2.059567928314209
v 0.8999999761581421 2.0799999237060547 2.059567928314209
v 0.8131832480430603 1.2400000095367432 2.059567928314209
v 0.8999999761581421 1.2400000095367432 2.059567928314209
v 0.8131832480430603 1.2400000095367432 1.9502713680267334
v 0.8999999761581421 1.2400000095367432 1.9502713680267334
v 0.8131832480430603 2.0799999237060547 2.059567928314209
v 0.8999999761581421 2.0799999237060547 2.059567928314209
v 0.8131832480430603 1.2400000095367432 2.059567928314209
v 0.8999999761581421 1.2400000095367432 2.059567928314209
v 0.8999999761581421 2.0799999237060547 1.9502713680267334
v 0.8131832480430603 2.0799999237060547 1.9502713680267334
v 0.8999999761581421 1.2400000095367432 1.9502713680267334
v 0.8131832480430603 1.2400000095367432 1.9502713680267334
vt 0 1
vt 1 1
vt 0 0
vt 1 0
vt 0 1
vt 1 1
vt 0 0
vt 1 0
vt 0 1
vt 1 1
vt 0 0
vt 1 0
vt 0 1
vt 1 1
vt 0 0
vt 1 0
vt 0 1
vt 1 1
vt 0 0
vt 1 0
vt 0 1
vt 1 1
vt 0 0
vt 1 0
vn 1 0 0
vn 1 0 0
vn 1 0 0
vn 1 0 0
vn -1 0 0
vn -1 0 0
vn -1 0 0
vn -1 0 0
vn 0 1 0
vn 0 1 0
vn 0 1 0
vn 0 1 0
vn 0 -1 0
vn 0 -1 0
vn 0 -1 0
vn 0 -1 0
vn 0 0 1
vn 0 0 1
vn 0 0 1
vn 0 0 1
vn 0 0 -1
vn 0 0 -1
vn 0 0 -1
vn 0 0 -1
f 1073/545/1073 1075/547/1075 1074/546/1074
f 1075/547/1075 1076/548/1076 1074/546/1074
f 1077/549/1077 1079/551/1079 1078/550/1078
f 1079/551/1079 1080/552/1080 1078/550/1078
f 1081/553/1081 1083/555/1083 1082/554/1082
f 1083/555/1083 1084/556/1084 1082/554/1082
f 1085/557/1085 1087/559/1087 1086/558/1086
f 1087/559/1087 1088/560/1088 1086/558/1086
f 1089/561/1089 1091/563/1091 1090/562/1090
f 1091/563/1091 1092/564/1092 1090/562/1090
f 1093/565/1093 1095/567/1095 1094/566/1094
f 1095/567/1095 1096/568/1096 1094/566/1094
o stripe_r
usemtl gold
v 0.8826366662979126 0.9700000882148743 3.395967721939087
v 0.8826366662979126 0.9700000882148743 -4.850959300994873
v 0.8826366662979126 0.75 3.395967721939087
v 0.8826366662979126 0.75 -4.850959300994873
v 0.8247588276863098 0.9700000882148743 -4.850959300994873
v 0.8247588276863098 0.9700000882148743 3.395967721939087
v 0.8247588276863098 0.75 -4.850959300994873
v 0.8247588276863098 0.75 3.395967721939087
v 0.8247588276863098 0.9700000882148743 -4.850959300994873
v 0.8826366662979126 0.9700000882148743 -4.850959300994873
v 0.8247588276863098 0.9700000882148743 3.395967721939087
v 0.8826366662979126 0.9700000882148743 3.395967721939087
v 0.8247588276863098 0.75 3.395967721939087
v 0.8826366662979126 0.75 3.395967721939087
v 0.8247588276863098 0.75 -4.850959300994873
v 0.8826366662979126 0.75 -4.850959300994873
v 0.8247588276863098 0.9700000882148743 3.395967721939087
v 0.8826366662979126 0.9700000882148743 3.395967721939087
v 0.8247588276863098 0.75 3.395967721939087
v 0.8826366662979126 0.75 3.395967721939087
v 0.8826366662979126 0.9700000882148743 -4.850959300994873
v 0.8247588276863098 0.9700000882148743 -4.850959300994873
v 0.8826366662979126 0.75 -4.850959300994873
v 0.8247588276863098 0.75 -4.850959300994873
vt 0 1
vt 1 1
vt 0 0
vt 1 0
vt 0 1
vt 1 1
vt 0 0
vt 1 0
vt 0 1
vt 1 1
vt 0 0
vt 1 0
vt 0 1
vt 1 1
vt 0 0
vt 1 0
vt 0 1
vt 1 1
vt 0 0
vt 1 0
vt 0 1
vt 1 1
vt 0 0
vt 1 0
vn 1 0 0
vn 1 0 0
vn 1 0 0
vn 1 0 0
vn -1 0 0
vn -1 0 0
vn -1 0 0
vn -1 0 0
vn 0 1 0
vn 0 1 0
vn 0 1 0
vn 0 1 0
vn 0 -1 0
vn 0 -1 0
vn 0 -1 0
vn 0 -1 0
vn 0 0 1
vn 0 0 1
vn 0 0 1
vn 0 0 1
vn 0 0 -1
vn 0 0 -1
vn 0 0 -1
vn 0 0 -1
f 1097/569/1097 1099/571/1099 1098/570/1098
f 1099/571/1099 1100/572/1100 1098/570/1098
f 1101/573/1101 1103/575/1103 1102/574/1102
f 1103/575/1103 1104/576/1104 1102/574/1102
f 1105/577/1105 1107/579/1107 1106/578/1106
f 1107/579/1107 1108/580/1108 1106/578/1106
f 1109/581/1109 1111/583/1111 1110/582/1110
f 1111/583/1111 1112/584/1112 1110/582/1110
f 1113/585/1113 1115/587/1115 1114/586/1114
f 1115/587/1115 1116/588/1116 1114/586/1114
f 1117/589/1117 1119/591/1119 1118/590/1118
f 1119/591/1119 1120/592/1120 1118/590/1118
o headlight_r
usemtl cream
v 0.5016076564788818 0.7200000286102295 4.9608964920043945
v 0.5691317915916443 0.7387564182281494 4.9608964920043945
v 0.6185629367828369 0.7900000810623169 4.9608964920043945
v 0.6366559267044067 0.8600000739097595 4.9608964920043945
v 0.6185629367828369 0.9300000667572021 4.9608964920043945
v 0.5691317915916443 0.9812436103820801 4.9608964920043945
v 0.5016076564788818 1 4.9608964920043945
v 0.43408358097076416 0.9812436103820801 4.9608964920043945
v 0.3846524953842163 0.9300000667572021 4.9608964920043945
v 0.3665594756603241 0.8600000739097595 4.9608964920043945
v 0.3846524953842163 0.7900000810623169 4.9608964920043945
v 0.43408358097076416 0.7387564182281494 4.9608964920043945
v 0.5016076564788818 0.7200000286102295 4.9608964920043945
v 0.5016076564788818 0.7200000286102295 4.871471881866455
v 0.5691317915916443 0.7387564182281494 4.871471881866455
v 0.6185629367828369 0.7900000810623169 4.871471881866455
v 0.6366559267044067 0.8600000739097595 4.871471881866455
v 0.6185629367828369 0.9300000667572021 4.871471881866455
v 0.5691317915916443 0.9812436103820801 4.871471881866455
v 0.5016076564788818 1 4.871471881866455
v 0.43408358097076416 0.9812436103820801 4.871471881866455
v 0.3846524953842163 0.9300000667572021 4.871471881866455
v 0.3665594756603241 0.8600000739097595 4.871471881866455
v 0.3846524953842163 0.7900000810623169 4.871471881866455
v 0.43408358097076416 0.7387564182281494 4.871471881866455
v 0.5016076564788818 0.7200000286102295 4.871471881866455
v 0.5016076564788818 0.8600000739097595 4.9608964920043945
v 0.5016076564788818 0.8600000739097595 4.9608964920043945
v 0.5016076564788818 0.8600000739097595 4.9608964920043945
v 0.5016076564788818 0.8600000739097595 4.9608964920043945
v 0.5016076564788818 0.8600000739097595 4.9608964920043945
v 0.5016076564788818 0.8600000739097595 4.9608964920043945
v 0.5016076564788818 0.8600000739097595 4.9608964920043945
v 0.5016076564788818 0.8600000739097595 4.9608964920043945
v 0.5016076564788818 0.8600000739097595 4.9608964920043945
v 0.5016076564788818 0.8600000739097595 4.9608964920043945
v 0.5016076564788818 0.8600000739097595 4.9608964920043945
v 0.5016076564788818 0.8600000739097595 4.9608964920043945
v 0.5016076564788818 0.7200000286102295 4.9608964920043945
v 0.5691317915916443 0.7387564182281494 4.9608964920043945
v 0.6185629367828369 0.7900000810623169 4.9608964920043945
v 0.6366559267044067 0.8600000739097595 4.9608964920043945
v 0.6185629367828369 0.9300000667572021 4.9608964920043945
v 0.5691317915916443 0.9812436103820801 4.9608964920043945
v 0.5016076564788818 1 4.9608964920043945
v 0.43408358097076416 0.9812436103820801 4.9608964920043945
v 0.3846524953842163 0.9300000667572021 4.9608964920043945
v 0.3665594756603241 0.8600000739097595 4.9608964920043945
v 0.3846524953842163 0.7900000810623169 4.9608964920043945
v 0.43408358097076416 0.7387564182281494 4.9608964920043945
v 0.5016076564788818 0.7200000286102295 4.9608964920043945
v 0.5016076564788818 0.8600000739097595 4.871471881866455
v 0.5016076564788818 0.8600000739097595 4.871471881866455
v 0.5016076564788818 0.8600000739097595 4.871471881866455
v 0.5016076564788818 0.8600000739097595 4.871471881866455
v 0.5016076564788818 0.8600000739097595 4.871471881866455
v 0.5016076564788818 0.8600000739097595 4.871471881866455
v 0.5016076564788818 0.8600000739097595 4.871471881866455
v 0.5016076564788818 0.8600000739097595 4.871471881866455
v 0.5016076564788818 0.8600000739097595 4.871471881866455
v 0.5016076564788818 0.8600000739097595 4.871471881866455
v 0.5016076564788818 0.8600000739097595 4.871471881866455
v 0.5016076564788818 0.8600000739097595 4.871471881866455
v 0.5016076564788818 0.7200000286102295 4.871471881866455
v 0.5691317915916443 0.7387564182281494 4.871471881866455
v 0.6185629367828369 0.7900000810623169 4.871471881866455
v 0.6366559267044067 0.8600000739097595 4.871471881866455
v 0.6185629367828369 0.9300000667572021 4.871471881866455
v 0.5691317915916443 0.9812436103820801 4.871471881866455
v 0.5016076564788818 1 4.871471881866455
v 0.43408358097076416 0.9812436103820801 4.871471881866455
v 0.3846524953842163 0.9300000667572021 4.871471881866455
v 0.3665594756603241 0.8600000739097595 4.871471881866455
v 0.3846524953842163 0.7900000810623169 4.871471881866455
v 0.43408358097076416 0.7387564182281494 4.871471881866455
v 0.5016076564788818 0.7200000286102295 4.871471881866455
vt 0 1
vt 0.0833333358168602 1
vt 0.1666666716337204 1
vt 0.25 1
vt 0.3333333432674408 1
vt 0.4166666567325592 1
vt 0.5 1
vt 0.5833333134651184 1
vt 0.6666666865348816 1
vt 0.75 1
vt 0.8333333134651184 1
vt 0.9166666865348816 1
vt 1 1
vt 0 0
vt 0.0833333358168602 0
vt 0.1666666716337204 0
vt 0.25 0
vt 0.3333333432674408 0
vt 0.4166666567325592 0
vt 0.5 0
vt 0.5833333134651184 0
vt 0.6666666865348816 0
vt 0.75 0
vt 0.8333333134651184 0
vt 0.9166666865348816 0
vt 1 0
vt 0.5 0.5
vt 0.5 0.5
vt 0.5 0.5
vt 0.5 0.5
vt 0.5 0.5
vt 0.5 0.5
vt 0.5 0.5
vt 0.5 0.5
vt 0.5 0.5
vt 0.5 0.5
vt 0.5 0.5
vt 0.5 0.5
vt 1 0.5
vt 0.9330127239227295 0.75
vt 0.75 0.9330127239227295
vt 0.5 1
vt 0.25 0.9330127239227295
vt 0.0669872984290123 0.75
vt 0 0.5
vt 0.0669872984290123 0.25
vt 0.25 0.0669872984290123
vt 0.5 0
vt 0.75 0.0669872984290123
vt 0.9330127239227295 0.25
vt 1 0.5
vt 0.5 0.5
vt 0.5 0.5
vt 0.5 0.5
vt 0.5 0.5
vt 0.5 0.5
vt 0.5 0.5
vt 0.5 0.5
vt 0.5 0.5
vt 0.5 0.5
vt 0.5 0.5
vt 0.5 0.5
vt 0.5 0.5
vt 1 0.5
vt 0.9330127239227295 0.25
vt 0.75 0.0669872984290123
vt 0.5 0
vt 0.25 0.0669872984290123
vt 0.0669872984290123 0.25
vt 0 0.5
vt 0.0669872984290123 0.75
vt 0.25 0.9330127239227295
vt 0.5 1
vt 0.75 0.9330127239227295
vt 0.9330127239227295 0.75
vt 1 0.5
vn 0 -1 2.234735759768289e-16
vn 0.5135616033264379 -0.858052725413059 1.917521115425436e-16
vn 0.8736472187641441 -0.4865599008813567 1.0873328266896251e-16
vn 1 -5.906656540991285e-17 1.3199817083215475e-32
vn 0.8736472187641441 0.4865599008813567 -1.0873328266896251e-16
vn 0.5135616033264379 0.858052725413059 -1.917521115425436e-16
vn 1.2695507160970785e-16 1 -2.234735759768289e-16
vn -0.5135616033264379 0.858052725413059 -1.917521115425436e-16
vn -0.8736472187641441 0.4865599008813567 -1.0873328266896251e-16
vn -1 1.7719967637740386e-16 -3.959944537217467e-32
vn -0.8736472187641441 -0.4865599008813567 1.0873328266896251e-16
vn -0.5135616033264379 -0.858052725413059 1.917521115425436e-16
vn -2.539101432194157e-16 -1 2.234735759768289e-16
vn 0 -1 2.234735759768289e-16
vn 0.5135616033264379 -0.858052725413059 1.917521115425436e-16
vn 0.8736472187641441 -0.4865599008813567 1.0873328266896251e-16
vn 1 -5.906656540991285e-17 1.3199817083215475e-32
vn 0.8736472187641441 0.4865599008813567 -1.0873328266896251e-16
vn 0.5135616033264379 0.858052725413059 -1.917521115425436e-16
vn 1.2695507160970785e-16 1 -2.234735759768289e-16
vn -0.5135616033264379 0.858052725413059 -1.917521115425436e-16
vn -0.8736472187641441 0.4865599008813567 -1.0873328266896251e-16
vn -1 1.7719967637740386e-16 -3.959944537217467e-32
vn -0.8736472187641441 -0.4865599008813567 1.0873328266896251e-16
vn -0.5135616033264379 -0.858052725413059 1.917521115425436e-16
vn -2.539101432194157e-16 -1 2.234735759768289e-16
vn 0 2.2062476594719629e-16 1
vn 0 2.2062476594719629e-16 1
vn 0 2.2062476594719629e-16 1
vn 0 2.2062476594719629e-16 1
vn 0 2.2062476594719629e-16 1
vn 0 2.2062476594719629e-16 1
vn 0 2.2062476594719629e-16 1
vn 0 2.2062476594719629e-16 1
vn 0 2.2062476594719629e-16 1
vn 0 2.2062476594719629e-16 1
vn 0 2.2062476594719629e-16 1
vn 0 2.2062476594719629e-16 1
vn 0 2.2062476594719629e-16 1
vn 0 2.2062476594719629e-16 1
vn 0 2.2062476594719629e-16 1
vn 0 2.2062476594719629e-16 1
vn 0 2.2062476594719629e-16 1
vn 0 2.2062476594719629e-16 1
vn 0 2.2062476594719629e-16 1
vn 0 2.2062476594719629e-16 1
vn 0 2.2062476594719629e-16 1
vn 0 2.2062476594719629e-16 1
vn 0 2.2062476594719629e-16 1
vn 0 2.2062476594719629e-16 1
vn 0 2.2062476594719629e-16 1
vn 0 -2.2062476594719629e-16 -1
vn 0 -2.2062476594719629e-16 -1
vn 0 -2.2062476594719629e-16 -1
vn 0 -2.2062476594719629e-16 -1
vn 0 -2.2062476594719629e-16 -1
vn 0 -2.2062476594719629e-16 -1
vn 0 -2.2062476594719629e-16 -1
vn 0 -2.2062476594719629e-16 -1
vn 0 -2.2062476594719629e-16 -1
vn 0 -2.2062476594719629e-16 -1
vn 0 -2.2062476594719629e-16 -1
vn 0 -2.2062476594719629e-16 -1
vn 0 -2.2062476594719629e-16 -1
vn 0 -2.2062476594719629e-16 -1
vn 0 -2.2062476594719629e-16 -1
vn 0 -2.2062476594719629e-16 -1
vn 0 -2.2062476594719629e-16 -1
vn 0 -2.2062476594719629e-16 -1
vn 0 -2.2062476594719629e-16 -1
vn 0 -2.2062476594719629e-16 -1
vn 0 -2.2062476594719629e-16 -1
vn 0 -2.2062476594719629e-16 -1
vn 0 -2.2062476594719629e-16 -1
vn 0 -2.2062476594719629e-16 -1
vn 0 -2.2062476594719629e-16 -1
f 1121/593/1121 1134/606/1134 1122/594/1122
f 1134/606/1134 1135/607/1135 1122/594/1122
f 1122/594/1122 1135/607/1135 1123/595/1123
f 1135/607/1135 1136/608/1136 1123/595/1123
f 1123/595/1123 1136/608/1136 1124/596/1124
f 1136/608/1136 1137/609/1137 1124/596/1124
f 1124/596/1124 1137/609/1137 1125/597/1125
f 1137/609/1137 1138/610/1138 1125/597/1125
f 1125/597/1125 1138/610/1138 1126/598/1126
f 1138/610/1138 1139/611/1139 1126/598/1126
f 1126/598/1126 1139/611/1139 1127/599/1127
f 1139/611/1139 1140/612/1140 1127/599/1127
f 1127/599/1127 1140/612/1140 1128/600/1128
f 1140/612/1140 1141/613/1141 1128/600/1128
f 1128/600/1128 1141/613/1141 1129/601/1129
f 1141/613/1141 1142/614/1142 1129/601/1129
f 1129/601/1129 1142/614/1142 1130/602/1130
f 1142/614/1142 1143/615/1143 1130/602/1130
f 1130/602/1130 1143/615/1143 1131/603/1131
f 1143/615/1143 1144/616/1144 1131/603/1131
f 1131/603/1131 1144/616/1144 1132/604/1132
f 1144/616/1144 1145/617/1145 1132/604/1132
f 1132/604/1132 1145/617/1145 1133/605/1133
f 1145/617/1145 1146/618/1146 1133/605/1133
f 1159/631/1159 1160/632/1160 1147/619/1147
f 1160/632/1160 1161/633/1161 1148/620/1148
f 1161/633/1161 1162/634/1162 1149/621/1149
f 1162/634/1162 1163/635/1163 1150/622/1150
f 1163/635/1163 1164/636/1164 1151/623/1151
f 1164/636/1164 1165/637/1165 1152/624/1152
f 1165/637/1165 1166/638/1166 1153/625/1153
f 1166/638/1166 1167/639/1167 1154/626/1154
f 1167/639/1167 1168/640/1168 1155/627/1155
f 1168/640/1168 1169/641/1169 1156/628/1156
f 1169/641/1169 1170/642/1170 1157/629/1157
f 1170/642/1170 1171/643/1171 1158/630/1158
f 1185/657/1185 1184/656/1184 1172/644/1172
f 1186/658/1186 1185/657/1185 1173/645/1173
f 1187/659/1187 1186/658/1186 1174/646/1174
f 1188/660/1188 1187/659/1187 1175/647/1175
f 1189/661/1189 1188/660/1188 1176/648/1176
f 1190/662/1190 1189/661/1189 1177/649/1177
f 1191/663/1191 1190/662/1190 1178/650/1178
f 1192/664/1192 1191/663/1191 1179/651/1179
f 1193/665/1193 1192/664/1192 1180/652/1180
f 1194/666/1194 1193/665/1193 1181/653/1181
f 1195/667/1195 1194/666/1194 1182/654/1182
f 1196/668/1196 1195/667/1195 1183/655/1183
o doorline_r
usemtl cream
v 0.8778135180473328 2.1500000953674316 -4.523069381713867
v 0.8778135180473328 2.1500000953674316 -4.582685947418213
v 0.8778135180473328 0.45000001788139343 -4.523069381713867
v 0.8778135180473328 0.45000001788139343 -4.582685947418213
v 0.8295819759368896 2.1500000953674316 -4.582685947418213
v 0.8295819759368896 2.1500000953674316 -4.523069381713867
v 0.8295819759368896 0.45000001788139343 -4.582685947418213
v 0.8295819759368896 0.45000001788139343 -4.523069381713867
v 0.8295819759368896 2.1500000953674316 -4.582685947418213
v 0.8778135180473328 2.1500000953674316 -4.582685947418213
v 0.8295819759368896 2.1500000953674316 -4.523069381713867
v 0.8778135180473328 2.1500000953674316 -4.523069381713867
v 0.8295819759368896 0.45000001788139343 -4.523069381713867
v 0.8778135180473328 0.45000001788139343 -4.523069381713867
v 0.8295819759368896 0.45000001788139343 -4.582685947418213
v 0.8778135180473328 0.45000001788139343 -4.582685947418213
v 0.8295819759368896 2.1500000953674316 -4.523069381713867
v 0.8778135180473328 2.1500000953674316 -4.523069381713867
v 0.8295819759368896 0.45000001788139343 -4.523069381713867
v 0.8778135180473328 0.45000001788139343 -4.523069381713867
v 0.8778135180473328 2.1500000953674316 -4.582685947418213
v 0.8295819759368896 2.1500000953674316 -4.582685947418213
v 0.8778135180473328 0.45000001788139343 -4.582685947418213
v 0.8295819759368896 0.45000001788139343 -4.582685947418213
vt 0 1
vt 1 1
vt 0 0
vt 1 0
vt 0 1
vt 1 1
vt 0 0
vt 1 0
vt 0 1
vt 1 1
vt 0 0
vt 1 0
vt 0 1
vt 1 1
vt 0 0
vt 1 0
vt 0 1
vt 1 1
vt 0 0
vt 1 0
vt 0 1
vt 1 1
vt 0 0
vt 1 0
vn 1 0 0
vn 1 0 0
vn 1 0 0
vn 1 0 0
vn -1 0 0
vn -1 0 0
vn -1 0 0
vn -1 0 0
vn 0 1 0
vn 0 1 0
vn 0 1 0
vn 0 1 0
vn 0 -1 0
vn 0 -1 0
vn 0 -1 0
vn 0 -1 0
vn 0 0 1
vn 0 0 1
vn 0 0 1
vn 0 0 1
vn 0 0 -1
vn 0 0 -1
vn 0 0 -1
vn 0 0 -1
f 1197/669/1197 1199/671/1199 1198/670/1198
f 1199/671/1199 1200/672/1200 1198/670/1198
f 1201/673/1201 1203/675/1203 1202/674/1202
f 1203/675/1203 1204/676/1204 1202/674/1202
f 1205/677/1205 1207/679/1207 1206/678/1206
f 1207/679/1207 1208/680/1208 1206/678/1206
f 1209/681/1209 1211/683/1211 1210/682/1210
f 1211/683/1211 1212/684/1212 1210/682/1210
f 1213/685/1213 1215/687/1215 1214/686/1214
f 1215/687/1215 1216/688/1216 1214/686/1214
f 1217/689/1217 1219/691/1219 1218/690/1218
f 1219/691/1219 1220/692/1220 1218/690/1218
o nose_lip
usemtl cream
v 0.6752411127090454 0.5799999833106995 4.985736846923828
v 0.6752411127090454 0.5799999833106995 4.886375904083252
v 0.6752411127090454 0.46000003814697266 4.985736846923828
v 0.6752411127090454 0.46000003814697266 4.886375904083252
v -0.6752411127090454 0.5799999833106995 4.886375904083252
v -0.6752411127090454 0.5799999833106995 4.985736846923828
v -0.6752411127090454 0.46000003814697266 4.886375904083252
v -0.6752411127090454 0.46000003814697266 4.985736846923828
v -0.6752411127090454 0.5799999833106995 4.886375904083252
v 0.6752411127090454 0.5799999833106995 4.886375904083252
v -0.6752411127090454 0.5799999833106995 4.985736846923828
v 0.6752411127090454 0.5799999833106995 4.985736846923828
v -0.6752411127090454 0.46000003814697266 4.985736846923828
v 0.6752411127090454 0.46000003814697266 4.985736846923828
v -0.6752411127090454 0.46000003814697266 4.886375904083252
v 0.6752411127090454 0.46000003814697266 4.886375904083252
v -0.6752411127090454 0.5799999833106995 4.985736846923828
v 0.6752411127090454 0.5799999833106995 4.985736846923828
v -0.6752411127090454 0.46000003814697266 4.985736846923828
v 0.6752411127090454 0.46000003814697266 4.985736846923828
v 0.6752411127090454 0.5799999833106995 4.886375904083252
v -0.6752411127090454 0.5799999833106995 4.886375904083252
v 0.6752411127090454 0.46000003814697266 4.886375904083252
v -0.6752411127090454 0.46000003814697266 4.886375904083252
vt 0 1
vt 1 1
vt 0 0
vt 1 0
vt 0 1
vt 1 1
vt 0 0
vt 1 0
vt 0 1
vt 1 1
vt 0 0
vt 1 0
vt 0 1
vt 1 1
vt 0 0
vt 1 0
vt 0 1
vt 1 1
vt 0 0
vt 1 0
vt 0 1
vt 1 1
vt 0 0
vt 1 0
vn 1 0 0
vn 1 0 0
vn 1 0 0
vn 1 0 0
vn -1 0 0
vn -1 0 0
vn -1 0 0
vn -1 0 0
vn 0 1 0
vn 0 1 0
vn 0 1 0
vn 0 1 0
vn 0 -1 0
vn 0 -1 0
vn 0 -1 0
vn 0 -1 0
vn 0 0 1
vn 0 0 1
vn 0 0 1
vn 0 0 1
vn 0 0 -1
vn 0 0 -1
vn 0 0 -1
vn 0 0 -1
f 1221/693/1221 1223/695/1223 1222/694/1222
f 1223/695/1223 1224/696/1224 1222/694/1222
f 1225/697/1225 1227/699/1227 1226/698/1226
f 1227/699/1227 1228/700/1228 1226/698/1226
f 1229/701/1229 1231/703/1231 1230/702/1230
f 1231/703/1231 1232/704/1232 1230/702/1230
f 1233/705/1233 1235/707/1235 1234/706/1234
f 1235/707/1235 1236/708/1236 1234/706/1234
f 1237/709/1237 1239/711/1239 1238/710/1238
f 1239/711/1239 1240/712/1240 1238/710/1238
f 1241/713/1241 1243/715/1243 1242/714/1242
f 1243/715/1243 1244/716/1244 1242/714/1242
