mtllib coin.mtl
o coin_body
usemtl gold
v 0 0 0.059999998658895604
v 0.06526309251785278 0.004277557134628296 0.059999998658895604
v 0.129409521818161 0.01703709363937378 0.0599999986588956
v 0.19134171307086945 0.03806024789810181 0.0599999986588956
v 0.25 0.0669873058795929 0.05999999865889559
v 0.30438071489334106 0.10332334041595459 0.05999999865889558
v 0.3535533845424652 0.1464466154575348 0.05999999865889557
v 0.3966766595840454 0.19561928510665894 0.05999999865889556
v 0.4330126941204071 0.25 0.05999999865889555
v 0.4619397521018982 0.30865828692913055 0.059999998658895534
v 0.4829629063606262 0.370590478181839 0.05999999865889552
v 0.4957224428653717 0.4347369074821472 0.059999998658895506
v 0.5 0.5 0.05999999865889549
v 0.4957224428653717 0.5652630925178528 0.05999999865889548
v 0.4829629063606262 0.629409521818161 0.059999998658895465
v 0.4619397521018982 0.6913417130708694 0.05999999865889545
v 0.4330126941204071 0.75 0.05999999865889544
v 0.3966766595840454 0.8043807148933411 0.05999999865889542
v 0.3535533845424652 0.8535533845424652 0.059999998658895416
v 0.30438071489334106 0.8966766595840454 0.0599999986588954
v 0.25 0.9330126941204071 0.059999998658895395
v 0.19134171307086945 0.9619397521018982 0.05999999865889539
v 0.129409521818161 0.9829629063606262 0.05999999865889539
v 0.06526309251785278 0.9957224428653717 0.05999999865889538
v 6.123234262925839e-17 1 0.05999999865889538
v -0.06526309251785278 0.9957224428653717 0.05999999865889538
v -0.129409521818161 0.9829629063606262 0.05999999865889539
v -0.19134171307086945 0.9619397521018982 0.05999999865889539
v -0.25 0.9330126941204071 0.059999998658895395
v -0.30438071489334106 0.8966766595840454 0.0599999986588954
v -0.3535533845424652 0.8535533845424652 0.059999998658895416
v -0.3966766595840454 0.8043807148933411 0.05999999865889542
v -0.4330126941204071 0.75 0.05999999865889544
v -0.4619397521018982 0.6913417130708694 0.05999999865889545
v -0.4829629063606262 0.629409521818161 0.059999998658895465
v -0.4957224428653717 0.5652630925178528 0.05999999865889548
v -0.5 0.5000000000000001 0.05999999865889549
v -0.4957224428653717 0.4347369074821472 0.059999998658895506
v -0.4829629063606262 0.370590478181839 0.05999999865889552
v -0.4619397521018982 0.30865828692913055 0.059999998658895534
v -0.4330126941204071 0.25 0.05999999865889555
v -0.3966766595840454 0.19561928510665894 0.05999999865889556
v -0.3535533845424652 0.1464466154575348 0.05999999865889557
v -0.30438071489334106 0.10332334041595459 0.05999999865889558
v -0.25 0.0669873058795929 0.05999999865889559
v -0.19134171307086945 0.03806024789810181 0.0599999986588956
v -0.129409521818161 0.01703709363937378 0.0599999986588956
v -0.06526309251785278 0.004277557134628296 0.059999998658895604
v -1.2246468525851679e-16 0 0.059999998658895604
v 0 0 -0.05999999865889538
v 0.06526309251785278 0.004277557134628296 -0.05999999865889538
v 0.129409521818161 0.01703709363937378 -0.05999999865889539
v 0.19134171307086945 0.03806024789810181 -0.05999999865889539
v 0.25 0.0669873058795929 -0.059999998658895395
v 0.30438071489334106 0.10332334041595459 -0.0599999986588954
v 0.3535533845424652 0.1464466154575348 -0.059999998658895416
v 0.3966766595840454 0.19561928510665894 -0.05999999865889542
v 0.4330126941204071 0.25 -0.05999999865889544
v 0.4619397521018982 0.30865828692913055 -0.05999999865889545
v 0.4829629063606262 0.370590478181839 -0.059999998658895465
v 0.4957224428653717 0.4347369074821472 -0.05999999865889548
v 0.5 0.49999999999999994 -0.05999999865889549
v 0.4957224428653717 0.5652630925178528 -0.059999998658895506
v 0.4829629063606262 0.629409521818161 -0.05999999865889552
v 0.4619397521018982 0.6913417130708694 -0.059999998658895534
v 0.4330126941204071 0.75 -0.05999999865889555
v 0.3966766595840454 0.8043807148933411 -0.05999999865889556
v 0.3535533845424652 0.8535533845424652 -0.05999999865889557
v 0.30438071489334106 0.8966766595840454 -0.05999999865889558
v 0.25 0.9330126941204071 -0.05999999865889559
v 0.19134171307086945 0.9619397521018982 -0.0599999986588956
v 0.129409521818161 0.9829629063606262 -0.0599999986588956
v 0.06526309251785278 0.9957224428653717 -0.059999998658895604
v 6.123234262925839e-17 1 -0.059999998658895604
v -0.06526309251785278 0.9957224428653717 -0.059999998658895604
v -0.129409521818161 0.9829629063606262 -0.0599999986588956
v -0.19134171307086945 0.9619397521018982 -0.0599999986588956
v -0.25 0.9330126941204071 -0.05999999865889559
v -0.30438071489334106 0.8966766595840454 -0.05999999865889558
v -0.3535533845424652 0.8535533845424652 -0.05999999865889557
v -0.3966766595840454 0.8043807148933411 -0.05999999865889556
v -0.4330126941204071 0.75 -0.05999999865889555
v -0.4619397521018982 0.6913417130708694 -0.059999998658895534
v -0.4829629063606262 0.629409521818161 -0.05999999865889552
v -0.4957224428653717 0.5652630925178528 -0.059999998658895506
v -0.5 0.5000000000000001 -0.05999999865889549
v -0.4957224428653717 0.4347369074821472 -0.05999999865889548
v -0.4829629063606262 0.370590478181839 -0.059999998658895465
v -0.4619397521018982 0.30865828692913055 -0.05999999865889545
v -0.4330126941204071 0.25 -0.05999999865889544
v -0.3966766595840454 0.19561928510665894 -0.05999999865889542
v -0.3535533845424652 0.1464466154575348 -0.059999998658895416
v -0.30438071489334106 0.10332334041595459 -0.0599999986588954
v -0.25 0.0669873058795929 -0.059999998658895395
v -0.19134171307086945 0.03806024789810181 -0.05999999865889539
v -0.129409521818161 0.01703709363937378 -0.05999999865889539
v -0.06526309251785278 0.004277557134628296 -0.05999999865889538
v -1.2246468525851679e-16 0 -0.05999999865889538
v 0 0.5 0.05999999865889549
v 0 0.5 0.05999999865889549
v 0 0.5 0.05999999865889549
v 0 0.5 0.05999999865889549
v 0 0.5 0.05999999865889549
v 0 0.5 0.05999999865889549
v 0 0.5 0.05999999865889549
v 0 0.5 0.05999999865889549
v 0 0.5 0.05999999865889549
v 0 0.5 0.05999999865889549
v 0 0.5 0.05999999865889549
v 0 0.5 0.05999999865889549
v 0 0.5 0.05999999865889549
v 0 0.5 0.05999999865889549
v 0 0.5 0.05999999865889549
v 0 0.5 0.05999999865889549
v 0 0.5 0.05999999865889549
v 0 0.5 0.05999999865889549
v 0 0.5 0.05999999865889549
v 0 0.5 0.05999999865889549
v 0 0.5 0.05999999865889549
v 0 0.5 0.05999999865889549
v 0 0.5 0.05999999865889549
v 0 0.5 0.05999999865889549
v 0 0.5 0.05999999865889549
v 0 0.5 0.05999999865889549
v 0 0.5 0.05999999865889549
v 0 0.5 0.05999999865889549
v 0 0.5 0.05999999865889549
v 0 0.5 0.05999999865889549
v 0 0.5 0.05999999865889549
v 0 0.5 0.05999999865889549
v 0 0.5 0.05999999865889549
v 0 0.5 0.05999999865889549
v 0 0.5 0.05999999865889549
v 0 0.5 0.05999999865889549
v 0 0.5 0.05999999865889549
v 0 0.5 0.05999999865889549
v 0 0.5 0.05999999865889549
v 0 0.5 0.05999999865889549
v 0 0.5 0.05999999865889549
v 0 0.5 0.05999999865889549
v 0 0.5 0.05999999865889549
v 0 0.5 0.05999999865889549
v 0 0.5 0.05999999865889549
v 0 0.5 0.05999999865889549
v 0 0.5 0.05999999865889549
v 0 0.5 0.05999999865889549
v 0 0 0.059999998658895604
v 0.06526309251785278 0.004277557134628296 0.059999998658895604
v 0.129409521818161 0.01703709363937378 0.0599999986588956
v 0.19134171307086945 0.03806024789810181 0.0599999986588956
v 0.25 0.0669873058795929 0.05999999865889559
v 0.30438071489334106 0.10332334041595459 0.05999999865889558
v 0.3535533845424652 0.1464466154575348 0.05999999865889557
v 0.3966766595840454 0.19561928510665894 0.05999999865889556
v 0.4330126941204071 0.25 0.05999999865889555
v 0.4619397521018982 0.30865828692913055 0.059999998658895534
v 0.4829629063606262 0.370590478181839 0.05999999865889552
v 0.4957224428653717 0.4347369074821472 0.059999998658895506
v 0.5 0.5 0.05999999865889549
v 0.4957224428653717 0.5652630925178528 0.05999999865889548
v 0.4829629063606262 0.629409521818161 0.059999998658895465
v 0.4619397521018982 0.6913417130708694 0.05999999865889545
v 0.4330126941204071 0.75 0.05999999865889544
v 0.3966766595840454 0.8043807148933411 0.05999999865889542
v 0.3535533845424652 0.8535533845424652 0.059999998658895416
v 0.30438071489334106 0.8966766595840454 0.0599999986588954
v 0.25 0.9330126941204071 0.059999998658895395
v 0.19134171307086945 0.9619397521018982 0.05999999865889539
v 0.129409521818161 0.9829629063606262 0.05999999865889539
v 0.06526309251785278 0.9957224428653717 0.05999999865889538
v 6.123234262925839e-17 1 0.05999999865889538
v -0.06526309251785278 0.9957224428653717 0.05999999865889538
v -0.129409521818161 0.9829629063606262 0.05999999865889539
v -0.19134171307086945 0.9619397521018982 0.05999999865889539
v -0.25 0.9330126941204071 0.059999998658895395
v -0.30438071489334106 0.8966766595840454 0.0599999986588954
v -0.3535533845424652 0.8535533845424652 0.059999998658895416
v -0.3966766595840454 0.8043807148933411 0.05999999865889542
v -0.4330126941204071 0.75 0.05999999865889544
v -0.4619397521018982 0.6913417130708694 0.05999999865889545
v -0.4829629063606262 0.629409521818161 0.059999998658895465
v -0.4957224428653717 0.5652630925178528 0.05999999865889548
v -0.5 0.5000000000000001 0.05999999865889549
v -0.4957224428653717 0.4347369074821472 0.059999998658895506
v -0.4829629063606262 0.370590478181839 0.05999999865889552
v -0.4619397521018982 0.30865828692913055 0.059999998658895534
v -0.4330126941204071 0.25 0.05999999865889555
v -0.3966766595840454 0.19561928510665894 0.05999999865889556
v -0.3535533845424652 0.1464466154575348 0.05999999865889557
v -0.30438071489334106 0.10332334041595459 0.05999999865889558
v -0.25 0.0669873058795929 0.05999999865889559
v -0.19134171307086945 0.03806024789810181 0.0599999986588956
v -0.129409521818161 0.01703709363937378 0.0599999986588956
v -0.06526309251785278 0.004277557134628296 0.059999998658895604
v -1.2246468525851679e-16 0 0.059999998658895604
v 0 0.5 -0.05999999865889549
v 0 0.5 -0.05999999865889549
v 0 0.5 -0.05999999865889549
v 0 0.5 -0.05999999865889549
v 0 0.5 -0.05999999865889549
v 0 0.5 -0.05999999865889549
v 0 0.5 -0.05999999865889549
v 0 0.5 -0.05999999865889549
v 0 0.5 -0.05999999865889549
v 0 0.5 -0.05999999865889549
v 0 0.5 -0.05999999865889549
v 0 0.5 -0.05999999865889549
v 0 0.5 -0.05999999865889549
v 0 0.5 -0.05999999865889549
v 0 0.5 -0.05999999865889549
v 0 0.5 -0.05999999865889549
v 0 0.5 -0.05999999865889549
v 0 0.5 -0.05999999865889549
v 0 0.5 -0.05999999865889549
v 0 0.5 -0.05999999865889549
v 0 0.5 -0.05999999865889549
v 0 0.5 -0.05999999865889549
v 0 0.5 -0.05999999865889549
v 0 0.5 -0.05999999865889549
v 0 0.5 -0.05999999865889549
v 0 0.5 -0.05999999865889549
v 0 0.5 -0.05999999865889549
v 0 0.5 -0.05999999865889549
v 0 0.5 -0.05999999865889549
v 0 0.5 -0.05999999865889549
v 0 0.5 -0.05999999865889549
v 0 0.5 -0.05999999865889549
v 0 0.5 -0.05999999865889549
v 0 0.5 -0.05999999865889549
v 0 0.5 -0.05999999865889549
v 0 0.5 -0.05999999865889549
v 0 0.5 -0.05999999865889549
v 0 0.5 -0.05999999865889549
v 0 0.5 -0.05999999865889549
v 0 0.5 -0.05999999865889549
v 0 0.5 -0.05999999865889549
v 0 0.5 -0.05999999865889549
v 0 0.5 -0.05999999865889549
v 0 0.5 -0.05999999865889549
v 0 0.5 -0.05999999865889549
v 0 0.5 -0.05999999865889549
v 0 0.5 -0.05999999865889549
v 0 0.5 -0.05999999865889549
v 0 0 -0.05999999865889538
v 0.06526309251785278 0.004277557134628296 -0.05999999865889538
v 0.129409521818161 0.01703709363937378 -0.05999999865889539
v 0.19134171307086945 0.03806024789810181 -0.05999999865889539
v 0.25 0.0669873058795929 -0.059999998658895395
v 0.30438071489334106 0.10332334041595459 -0.0599999986588954
v 0.3535533845424652 0.1464466154575348 -0.059999998658895416
v 0.3966766595840454 0.19561928510665894 -0.05999999865889542
v 0.4330126941204071 0.25 -0.05999999865889544
v 0.4619397521018982 0.30865828692913055 -0.05999999865889545
v 0.4829629063606262 0.370590478181839 -0.059999998658895465
v 0.4957224428653717 0.4347369074821472 -0.05999999865889548
v 0.5 0.49999999999999994 -0.05999999865889549
v 0.4957224428653717 0.5652630925178528 -0.059999998658895506
v 0.4829629063606262 0.629409521818161 -0.05999999865889552
v 0.4619397521018982 0.6913417130708694 -0.059999998658895534
v 0.4330126941204071 0.75 -0.05999999865889555
v 0.3966766595840454 0.8043807148933411 -0.05999999865889556
v 0.3535533845424652 0.8535533845424652 -0.05999999865889557
v 0.30438071489334106 0.8966766595840454 -0.05999999865889558
v 0.25 0.9330126941204071 -0.05999999865889559
v 0.19134171307086945 0.9619397521018982 -0.0599999986588956
v 0.129409521818161 0.9829629063606262 -0.0599999986588956
v 0.06526309251785278 0.9957224428653717 -0.059999998658895604
v 6.123234262925839e-17 1 -0.059999998658895604
v -0.06526309251785278 0.9957224428653717 -0.059999998658895604
v -0.129409521818161 0.9829629063606262 -0.0599999986588956
v -0.19134171307086945 0.9619397521018982 -0.0599999986588956
v -0.25 0.9330126941204071 -0.05999999865889559
v -0.30438071489334106 0.8966766595840454 -0.05999999865889558
v -0.3535533845424652 0.8535533845424652 -0.05999999865889557
v -0.3966766595840454 0.8043807148933411 -0.05999999865889556
v -0.4330126941204071 0.75 -0.05999999865889555
v -0.4619397521018982 0.6913417130708694 -0.059999998658895534
v -0.4829629063606262 0.629409521818161 -0.05999999865889552
v -0.4957224428653717 0.5652630925178528 -0.059999998658895506
v -0.5 0.5000000000000001 -0.05999999865889549
v -0.4957224428653717 0.4347369074821472 -0.05999999865889548
v -0.4829629063606262 0.370590478181839 -0.059999998658895465
v -0.4619397521018982 0.30865828692913055 -0.05999999865889545
v -0.4330126941204071 0.25 -0.05999999865889544
v -0.3966766595840454 0.19561928510665894 -0.05999999865889542
v -0.3535533845424652 0.1464466154575348 -0.059999998658895416
v -0.30438071489334106 0.10332334041595459 -0.0599999986588954
v -0.25 0.0669873058795929 -0.059999998658895395
v -0.19134171307086945 0.03806024789810181 -0.05999999865889539
v -0.129409521818161 0.01703709363937378 -0.05999999865889539
v -0.06526309251785278 0.004277557134628296 -0.05999999865889538
v -1.2246468525851679e-16 0 -0.05999999865889538
vt 0 1
vt 0.02083333395421505 1
vt 0.0416666679084301 1
vt 0.0625 1
vt 0.0833333358168602 1
vt 0.1041666641831398 1
vt 0.125 1
vt 0.1458333283662796 1
vt 0.1666666716337204 1
vt 0.1875 1
vt 0.2083333283662796 1
vt 0.2291666716337204 1
vt 0.25 1
vt 0.2708333432674408 1
vt 0.2916666567325592 1
vt 0.3125 1
vt 0.3333333432674408 1
vt 0.3541666567325592 1
vt 0.375 1
vt 0.3958333432674408 1
vt 0.4166666567325592 1
vt 0.4375 1
vt 0.4583333432674408 1
vt 0.4791666567325592 1
vt 0.5 1
vt 0.5208333134651184 1
vt 0.5416666865348816 1
vt 0.5625 1
vt 0.5833333134651184 1
vt 0.6041666865348816 1
vt 0.625 1
vt 0.6458333134651184 1
vt 0.6666666865348816 1
vt 0.6875 1
vt 0.7083333134651184 1
vt 0.7291666865348816 1
vt 0.75 1
vt 0.7708333134651184 1
vt 0.7916666865348816 1
vt 0.8125 1
vt 0.8333333134651184 1
vt 0.8541666865348816 1
vt 0.875 1
vt 0.8958333134651184 1
vt 0.9166666865348816 1
vt 0.9375 1
vt 0.9583333134651184 1
vt 0.9791666865348816 1
vt 1 1
vt 0 0
vt 0.02083333395421505 0
vt 0.0416666679084301 0
vt 0.0625 0
vt 0.0833333358168602 0
vt 0.1041666641831398 0
vt 0.125 0
vt 0.1458333283662796 0
vt 0.1666666716337204 0
vt 0.1875 0
vt 0.2083333283662796 0
vt 0.2291666716337204 0
vt 0.25 0
vt 0.2708333432674408 0
vt 0.2916666567325592 0
vt 0.3125 0
vt 0.3333333432674408 0
vt 0.3541666567325592 0
vt 0.375 0
vt 0.3958333432674408 0
vt 0.4166666567325592 0
vt 0.4375 0
vt 0.4583333432674408 0
vt 0.4791666567325592 0
vt 0.5 0
vt 0.5208333134651184 0
vt 0.5416666865348816 0
vt 0.5625 0
vt 0.5833333134651184 0
vt 0.6041666865348816 0
vt 0.625 0
vt 0.6458333134651184 0
vt 0.6666666865348816 0
vt 0.6875 0
vt 0.7083333134651184 0
vt 0.7291666865348816 0
vt 0.75 0
vt 0.7708333134651184 0
vt 0.7916666865348816 0
vt 0.8125 0
vt 0.8333333134651184 0
vt 0.8541666865348816 0
vt 0.875 0
vt 0.8958333134651184 0
vt 0.9166666865348816 0
vt 0.9375 0
vt 0.9583333134651184 0
vt 0.9791666865348816 0
vt 1 0
vt 0.5 0.5
vt 0.5 0.5
vt 0.5 0.5
vt 0.5 0.5
vt 0.5 0.5
vt 0.5 0.5
vt 0.5 0.5
vt 0.5 0.5
vt 0.5 0.5
vt 0.5 0.5
vt 0.5 0.5
vt 0.5 0.5
vt 0.5 0.5
vt 0.5 0.5
vt 0.5 0.5
vt 0.5 0.5
vt 0.5 0.5
vt 0.5 0.5
vt 0.5 0.5
vt 0.5 0.5
vt 0.5 0.5
vt 0.5 0.5
vt 0.5 0.5
vt 0.5 0.5
vt 0.5 0.5
vt 0.5 0.5
vt 0.5 0.5
vt 0.5 0.5
vt 0.5 0.5
vt 0.5 0.5
vt 0.5 0.5
vt 0.5 0.5
vt 0.5 0.5
vt 0.5 0.5
vt 0.5 0.5
vt 0.5 0.5
vt 0.5 0.5
vt 0.5 0.5
vt 0.5 0.5
vt 0.5 0.5
vt 0.5 0.5
vt 0.5 0.5
vt 0.5 0.5
vt 0.5 0.5
vt 0.5 0.5
vt 0.5 0.5
vt 0.5 0.5
vt 0.5 0.5
vt 1 0.5
vt 0.9957224130630493 0.5652630925178528
vt 0.9829629063606262 0.6294095516204834
vt 0.9619397521018982 0.6913416981697083
vt 0.9330127239227295 0.75
vt 0.8966766595840454 0.8043807148933411
vt 0.8535534143447876 0.8535534143447876
vt 0.8043807148933411 0.8966766595840454
vt 0.75 0.9330127239227295
vt 0.6913416981697083 0.9619397521018982
vt 0.6294095516204834 0.9829629063606262
vt 0.5652630925178528 0.9957224130630493
vt 0.5 1
vt 0.4347369074821472 0.9957224130630493
vt 0.370590478181839 0.9829629063606262
vt 0.30865827202796936 0.9619397521018982
vt 0.25 0.9330127239227295
vt 0.19561928510665894 0.8966766595840454
vt 0.1464466154575348 0.8535534143447876
vt 0.10332333296537399 0.8043807148933411
vt 0.0669872984290123 0.75
vt 0.03806023299694061 0.6913416981697083
vt 0.017037086188793182 0.6294095516204834
vt 0.004277569241821766 0.5652630925178528
vt 0 0.5
vt 0.004277569241821766 0.4347369074821472
vt 0.017037086188793182 0.370590478181839
vt 0.03806023299694061 0.30865827202796936
vt 0.0669872984290123 0.25
vt 0.10332333296537399 0.19561928510665894
vt 0.1464466154575348 0.1464466154575348
vt 0.19561928510665894 0.10332333296537399
vt 0.25 0.0669872984290123
vt 0.30865827202796936 0.03806023299694061
vt 0.370590478181839 0.017037086188793182
vt 0.4347369074821472 0.004277569241821766
vt 0.5 0
vt 0.5652630925178528 0.004277569241821766
vt 0.6294095516204834 0.017037086188793182
vt 0.6913416981697083 0.03806023299694061
vt 0.75 0.0669872984290123
vt 0.8043807148933411 0.10332333296537399
vt 0.8535534143447876 0.1464466154575348
vt 0.8966766595840454 0.19561928510665894
vt 0.9330127239227295 0.25
vt 0.9619397521018982 0.30865827202796936
vt 0.9829629063606262 0.370590478181839
vt 0.9957224130630493 0.4347369074821472
vt 1 0.5
vt 0.5 0.5
vt 0.5 0.5
vt 0.5 0.5
vt 0.5 0.5
vt 0.5 0.5
vt 0.5 0.5
vt 0.5 0.5
vt 0.5 0.5
vt 0.5 0.5
vt 0.5 0.5
vt 0.5 0.5
vt 0.5 0.5
vt 0.5 0.5
vt 0.5 0.5
vt 0.5 0.5
vt 0.5 0.5
vt 0.5 0.5
vt 0.5 0.5
vt 0.5 0.5
vt 0.5 0.5
vt 0.5 0.5
vt 0.5 0.5
vt 0.5 0.5
vt 0.5 0.5
vt 0.5 0.5
vt 0.5 0.5
vt 0.5 0.5
vt 0.5 0.5
vt 0.5 0.5
vt 0.5 0.5
vt 0.5 0.5
vt 0.5 0.5
vt 0.5 0.5
vt 0.5 0.5
vt 0.5 0.5
vt 0.5 0.5
vt 0.5 0.5
vt 0.5 0.5
vt 0.5 0.5
vt 0.5 0.5
vt 0.5 0.5
vt 0.5 0.5
vt 0.5 0.5
vt 0.5 0.5
vt 0.5 0.5
vt 0.5 0.5
vt 0.5 0.5
vt 0.5 0.5
vt 1 0.5
vt 0.9957224130630493 0.4347369074821472
vt 0.9829629063606262 0.370590478181839
vt 0.9619397521018982 0.30865827202796936
vt 0.9330127239227295 0.25
vt 0.8966766595840454 0.19561928510665894
vt 0.8535534143447876 0.1464466154575348
vt 0.8043807148933411 0.10332333296537399
vt 0.75 0.0669872984290123
vt 0.6913416981697083 0.03806023299694061
vt 0.6294095516204834 0.017037086188793182
vt 0.5652630925178528 0.004277569241821766
vt 0.5 0
vt 0.4347369074821472 0.004277569241821766
vt 0.370590478181839 0.017037086188793182
vt 0.30865827202796936 0.03806023299694061
vt 0.25 0.0669872984290123
vt 0.19561928510665894 0.10332333296537399
vt 0.1464466154575348 0.1464466154575348
vt 0.10332333296537399 0.19561928510665894
vt 0.0669872984290123 0.25
vt 0.03806023299694061 0.30865827202796936
vt 0.017037086188793182 0.370590478181839
vt 0.004277569241821766 0.4347369074821472
vt 0 0.5
vt 0.004277569241821766 0.5652630925178528
vt 0.017037086188793182 0.6294095516204834
vt 0.03806023299694061 0.6913416981697083
vt 0.0669872984290123 0.75
vt 0.10332333296537399 0.8043807148933411
vt 0.1464466154575348 0.8535534143447876
vt 0.19561928510665894 0.8966766595840454
vt 0.25 0.9330127239227295
vt 0.30865827202796936 0.9619397521018982
vt 0.370590478181839 0.9829629063606262
vt 0.4347369074821472 0.9957224130630493
vt 0.5 1
vt 0.5652630925178528 0.9957224130630493
vt 0.6294095516204834 0.9829629063606262
vt 0.6913416981697083 0.9619397521018982
vt 0.75 0.9330127239227295
vt 0.8043807148933411 0.8966766595840454
vt 0.8535534143447876 0.8535534143447876
vt 0.8966766595840454 0.8043807148933411
vt 0.9330127239227295 0.75
vt 0.9619397521018982 0.6913416981697083
vt 0.9829629063606262 0.6294095516204834
vt 0.9957224130630493 0.5652630925178528
vt 1 0.5
vn 0 -1 2.220446049250313e-16
vn 0.13052618200608704 -0.9914448627185043 2.2014498284728219e-16
vn 0.2588190471264927 -0.9659258257467466 2.1447861836482098e-16
vn 0.3826834370613369 -0.9238795305660377 2.0514246536285922e-16
vn 0.5000000067305869 -0.8660253998985324 1.9229626777551189e-16
vn 0.6087614397000725 -0.7933533320874723 1.7615982718931994e-16
vn 0.7071067811865476 -0.7071067811865476 1.5700924586837752e-16
vn 0.7933533320874723 -0.6087614397000725 1.3517219337179586e-16
vn 0.8660253998985324 -0.5000000067305869 1.1102230395700616e-16
vn 0.9238795305660377 -0.3826834370613369 8.497279259363763e-17
vn 0.9659258257467466 -0.2588190471264927 5.746937306627513e-17
vn 0.9914448627185043 -0.13052618200608704 2.8982634515914327e-17
vn 1 -6.123234262925839e-17 1.3596311327747833e-32
vn 0.9914448627185043 0.13052618200608704 -2.8982634515914327e-17
vn 0.9659258257467466 0.2588190471264927 -5.746937306627513e-17
vn 0.9238795305660377 0.3826834370613369 -8.497279259363763e-17
vn 0.8660253998985324 0.5000000067305869 -1.1102230395700616e-16
vn 0.7933533320874723 0.6087614397000725 -1.3517219337179586e-16
vn 0.7071067811865476 0.7071067811865476 -1.5700924586837752e-16
vn 0.6087614397000725 0.7933533320874723 -1.7615982718931994e-16
vn 0.5000000067305869 0.8660253998985324 -1.9229626777551189e-16
vn 0.3826834370613369 0.9238795305660377 -2.0514246536285922e-16
vn 0.2588190471264927 0.9659258257467466 -2.1447861836482098e-16
vn 0.13052618200608704 0.9914448627185043 -2.2014498284728219e-16
vn 1.2246468525851679e-16 1 -2.220446049250313e-16
vn -0.13052618200608704 0.9914448627185043 -2.2014498284728219e-16
vn -0.2588190471264927 0.9659258257467466 -2.1447861836482098e-16
vn -0.3826834370613369 0.9238795305660377 -2.0514246536285922e-16
vn -0.5000000067305869 0.8660253998985324 -1.9229626777551189e-16
vn -0.6087614397000725 0.7933533320874723 -1.7615982718931994e-16
vn -0.7071067811865476 0.7071067811865476 -1.5700924586837752e-16
vn -0.7933533320874723 0.6087614397000725 -1.3517219337179586e-16
vn -0.8660253998985324 0.5000000067305869 -1.1102230395700616e-16
vn -0.9238795305660377 0.3826834370613369 -8.497279259363763e-17
vn -0.9659258257467466 0.2588190471264927 -5.746937306627513e-17
vn -0.9914448627185043 0.13052618200608704 -2.8982634515914327e-17
vn -1 1.8369701465288538e-16 -4.078893104450762e-32
vn -0.9914448627185043 -0.13052618200608704 2.8982634515914327e-17
vn -0.9659258257467466 -0.2588190471264927 5.746937306627513e-17
vn -0.9238795305660377 -0.3826834370613369 8.497279259363763e-17
vn -0.8660253998985324 -0.5000000067305869 1.1102230395700616e-16
vn -0.7933533320874723 -0.6087614397000725 1.3517219337179586e-16
vn -0.7071067811865476 -0.7071067811865476 1.5700924586837752e-16
vn -0.6087614397000725 -0.7933533320874723 1.7615982718931994e-16
vn -0.5000000067305869 -0.8660253998985324 1.9229626777551189e-16
vn -0.3826834370613369 -0.9238795305660377 2.0514246536285922e-16
vn -0.2588190471264927 -0.9659258257467466 2.1447861836482098e-16
vn -0.13052618200608704 -0.9914448627185043 2.2014498284728219e-16
vn -2.4492937051703357e-16 -1 2.220446049250313e-16
vn 0 -1 2.220446049250313e-16
vn 0.13052618200608704 -0.9914448627185043 2.2014498284728219e-16
vn 0.2588190471264927 -0.9659258257467466 2.1447861836482098e-16
vn 0.3826834370613369 -0.9238795305660377 2.0514246536285922e-16
vn 0.5000000067305869 -0.8660253998985324 1.9229626777551189e-16
vn 0.6087614397000725 -0.7933533320874723 1.7615982718931994e-16
vn 0.7071067811865476 -0.7071067811865476 1.5700924586837752e-16
vn 0.7933533320874723 -0.6087614397000725 1.3517219337179586e-16
vn 0.8660253998985324 -0.5000000067305869 1.1102230395700616e-16
vn 0.9238795305660377 -0.3826834370613369 8.497279259363763e-17
vn 0.9659258257467466 -0.2588190471264927 5.746937306627513e-17
vn 0.9914448627185043 -0.13052618200608704 2.8982634515914327e-17
vn 1 -6.123234262925839e-17 1.3596311327747833e-32
vn 0.9914448627185043 0.13052618200608704 -2.8982634515914327e-17
vn 0.9659258257467466 0.2588190471264927 -5.746937306627513e-17
vn 0.9238795305660377 0.3826834370613369 -8.497279259363763e-17
vn 0.8660253998985324 0.5000000067305869 -1.1102230395700616e-16
vn 0.7933533320874723 0.6087614397000725 -1.3517219337179586e-16
vn 0.7071067811865476 0.7071067811865476 -1.5700924586837752e-16
vn 0.6087614397000725 0.7933533320874723 -1.7615982718931994e-16
vn 0.5000000067305869 0.8660253998985324 -1.9229626777551189e-16
vn 0.3826834370613369 0.9238795305660377 -2.0514246536285922e-16
vn 0.2588190471264927 0.9659258257467466 -2.1447861836482098e-16
vn 0.13052618200608704 0.9914448627185043 -2.2014498284728219e-16
vn 1.2246468525851679e-16 1 -2.220446049250313e-16
vn -0.13052618200608704 0.9914448627185043 -2.2014498284728219e-16
vn -0.2588190471264927 0.9659258257467466 -2.1447861836482098e-16
vn -0.3826834370613369 0.9238795305660377 -2.0514246536285922e-16
vn -0.5000000067305869 0.8660253998985324 -1.9229626777551189e-16
vn -0.6087614397000725 0.7933533320874723 -1.7615982718931994e-16
vn -0.7071067811865476 0.7071067811865476 -1.5700924586837752e-16
vn -0.7933533320874723 0.6087614397000725 -1.3517219337179586e-16
vn -0.8660253998985324 0.5000000067305869 -1.1102230395700616e-16
vn -0.9238795305660377 0.3826834370613369 -8.497279259363763e-17
vn -0.9659258257467466 0.2588190471264927 -5.746937306627513e-17
vn -0.9914448627185043 0.13052618200608704 -2.8982634515914327e-17
vn -1 1.8369701465288538e-16 -4.078893104450762e-32
vn -0.9914448627185043 -0.13052618200608704 2.8982634515914327e-17
vn -0.9659258257467466 -0.2588190471264927 5.746937306627513e-17
vn -0.9238795305660377 -0.3826834370613369 8.497279259363763e-17
vn -0.8660253998985324 -0.5000000067305869 1.1102230395700616e-16
vn -0.7933533320874723 -0.6087614397000725 1.3517219337179586e-16
vn -0.7071067811865476 -0.7071067811865476 1.5700924586837752e-16
vn -0.6087614397000725 -0.7933533320874723 1.7615982718931994e-16
vn -0.5000000067305869 -0.8660253998985324 1.9229626777551189e-16
vn -0.3826834370613369 -0.9238795305660377 2.0514246536285922e-16
vn -0.2588190471264927 -0.9659258257467466 2.1447861836482098e-16
vn -0.13052618200608704 -0.9914448627185043 2.2014498284728219e-16
vn -2.4492937051703357e-16 -1 2.220446049250313e-16
vn 0 2.220446049250313e-16 1
vn 0 2.220446049250313e-16 1
vn 0 2.220446049250313e-16 1
vn 0 2.220446049250313e-16 1
vn 0 2.220446049250313e-16 1
vn 0 2.220446049250313e-16 1
vn 0 2.220446049250313e-16 1
vn 0 2.220446049250313e-16 1
vn 0 2.220446049250313e-16 1
vn 0 2.220446049250313e-16 1
vn 0 2.220446049250313e-16 1
vn 0 2.220446049250313e-16 1
vn 0 2.220446049250313e-16 1
vn 0 2.220446049250313e-16 1
vn 0 2.220446049250313e-16 1
vn 0 2.220446049250313e-16 1
vn 0 2.220446049250313e-16 1
vn 0 2.220446049250313e-16 1
vn 0 2.220446049250313e-16 1
vn 0 2.220446049250313e-16 1
vn 0 2.220446049250313e-16 1
vn 0 2.220446049250313e-16 1
vn 0 2.220446049250313e-16 1
vn 0 2.220446049250313e-16 1
vn 0 2.220446049250313e-16 1
vn 0 2.220446049250313e-16 1
vn 0 2.220446049250313e-16 1
vn 0 2.220446049250313e-16 1
vn 0 2.220446049250313e-16 1
vn 0 2.220446049250313e-16 1
vn 0 2.220446049250313e-16 1
vn 0 2.220446049250313e-16 1
vn 0 2.220446049250313e-16 1
vn 0 2.220446049250313e-16 1
vn 0 2.220446049250313e-16 1
vn 0 2.220446049250313e-16 1
vn 0 2.220446049250313e-16 1
vn 0 2.220446049250313e-16 1
vn 0 2.220446049250313e-16 1
vn 0 2.220446049250313e-16 1
vn 0 2.220446049250313e-16 1
vn 0 2.220446049250313e-16 1
vn 0 2.220446049250313e-16 1
vn 0 2.220446049250313e-16 1
vn 0 2.220446049250313e-16 1
vn 0 2.220446049250313e-16 1
vn 0 2.220446049250313e-16 1
vn 0 2.220446049250313e-16 1
vn 0 2.220446049250313e-16 1
vn 0 2.220446049250313e-16 1
vn 0 2.220446049250313e-16 1
vn 0 2.220446049250313e-16 1
vn 0 2.220446049250313e-16 1
vn 0 2.220446049250313e-16 1
vn 0 2.220446049250313e-16 1
vn 0 2.220446049250313e-16 1
vn 0 2.220446049250313e-16 1
vn 0 2.220446049250313e-16 1
vn 0 2.220446049250313e-16 1
vn 0 2.220446049250313e-16 1
vn 0 2.220446049250313e-16 1
vn 0 2.220446049250313e-16 1
vn 0 2.220446049250313e-16 1
vn 0 2.220446049250313e-16 1
vn 0 2.220446049250313e-16 1
vn 0 2.220446049250313e-16 1
vn 0 2.220446049250313e-16 1
vn 0 2.220446049250313e-16 1
vn 0 2.220446049250313e-16 1
vn 0 2.220446049250313e-16 1
vn 0 2.220446049250313e-16 1
vn 0 2.220446049250313e-16 1
vn 0 2.220446049250313e-16 1
vn 0 2.220446049250313e-16 1
vn 0 2.220446049250313e-16 1
vn 0 2.220446049250313e-16 1
vn 0 2.220446049250313e-16 1
vn 0 2.220446049250313e-16 1
vn 0 2.220446049250313e-16 1
vn 0 2.220446049250313e-16 1
vn 0 2.220446049250313e-16 1
vn 0 2.220446049250313e-16 1
vn 0 2.220446049250313e-16 1
vn 0 2.220446049250313e-16 1
vn 0 2.220446049250313e-16 1
vn 0 2.220446049250313e-16 1
vn 0 2.220446049250313e-16 1
vn 0 2.220446049250313e-16 1
vn 0 2.220446049250313e-16 1
vn 0 2.220446049250313e-16 1
vn 0 2.220446049250313e-16 1
vn 0 2.220446049250313e-16 1
vn 0 2.220446049250313e-16 1
vn 0 2.220446049250313e-16 1
vn 0 2.220446049250313e-16 1
vn 0 2.220446049250313e-16 1
vn 0 2.220446049250313e-16 1
vn 0 -2.220446049250313e-16 -1
vn 0 -2.220446049250313e-16 -1
vn 0 -2.220446049250313e-16 -1
vn 0 -2.220446049250313e-16 -1
vn 0 -2.220446049250313e-16 -1
vn 0 -2.220446049250313e-16 -1
vn 0 -2.220446049250313e-16 -1
vn 0 -2.220446049250313e-16 -1
vn 0 -2.220446049250313e-16 -1
vn 0 -2.220446049250313e-16 -1
vn 0 -2.220446049250313e-16 -1
vn 0 -2.220446049250313e-16 -1
vn 0 -2.220446049250313e-16 -1
vn 0 -2.220446049250313e-16 -1
vn 0 -2.220446049250313e-16 -1
vn 0 -2.220446049250313e-16 -1
vn 0 -2.220446049250313e-16 -1
vn 0 -2.220446049250313e-16 -1
vn 0 -2.220446049250313e-16 -1
vn 0 -2.220446049250313e-16 -1
vn 0 -2.220446049250313e-16 -1
vn 0 -2.220446049250313e-16 -1
vn 0 -2.220446049250313e-16 -1
vn 0 -2.220446049250313e-16 -1
vn 0 -2.220446049250313e-16 -1
vn 0 -2.220446049250313e-16 -1
vn 0 -2.220446049250313e-16 -1
vn 0 -2.220446049250313e-16 -1
vn 0 -2.220446049250313e-16 -1
vn 0 -2.220446049250313e-16 -1
vn 0 -2.220446049250313e-16 -1
vn 0 -2.220446049250313e-16 -1
vn 0 -2.220446049250313e-16 -1
vn 0 -2.220446049250313e-16 -1
vn 0 -2.220446049250313e-16 -1
vn 0 -2.220446049250313e-16 -1
vn 0 -2.220446049250313e-16 -1
vn 0 -2.220446049250313e-16 -1
vn 0 -2.220446049250313e-16 -1
vn 0 -2.220446049250313e-16 -1
vn 0 -2.220446049250313e-16 -1
vn 0 -2.220446049250313e-16 -1
vn 0 -2.220446049250313e-16 -1
vn 0 -2.220446049250313e-16 -1
vn 0 -2.220446049250313e-16 -1
vn 0 -2.220446049250313e-16 -1
vn 0 -2.220446049250313e-16 -1
vn 0 -2.220446049250313e-16 -1
vn 0 -2.220446049250313e-16 -1
vn 0 -2.220446049250313e-16 -1
vn 0 -2.220446049250313e-16 -1
vn 0 -2.220446049250313e-16 -1
vn 0 -2.220446049250313e-16 -1
vn 0 -2.220446049250313e-16 -1
vn 0 -2.220446049250313e-16 -1
vn 0 -2.220446049250313e-16 -1
vn 0 -2.220446049250313e-16 -1
vn 0 -2.220446049250313e-16 -1
vn 0 -2.220446049250313e-16 -1
vn 0 -2.220446049250313e-16 -1
vn 0 -2.220446049250313e-16 -1
vn 0 -2.220446049250313e-16 -1
vn 0 -2.220446049250313e-16 -1
vn 0 -2.220446049250313e-16 -1
vn 0 -2.220446049250313e-16 -1
vn 0 -2.220446049250313e-16 -1
vn 0 -2.220446049250313e-16 -1
vn 0 -2.220446049250313e-16 -1
vn 0 -2.220446049250313e-16 -1
vn 0 -2.220446049250313e-16 -1
vn 0 -2.220446049250313e-16 -1
vn 0 -2.220446049250313e-16 -1
vn 0 -2.220446049250313e-16 -1
vn 0 -2.220446049250313e-16 -1
vn 0 -2.220446049250313e-16 -1
vn 0 -2.220446049250313e-16 -1
vn 0 -2.220446049250313e-16 -1
vn 0 -2.220446049250313e-16 -1
vn 0 -2.220446049250313e-16 -1
vn 0 -2.220446049250313e-16 -1
vn 0 -2.220446049250313e-16 -1
vn 0 -2.220446049250313e-16 -1
vn 0 -2.220446049250313e-16 -1
vn 0 -2.220446049250313e-16 -1
vn 0 -2.220446049250313e-16 -1
vn 0 -2.220446049250313e-16 -1
vn 0 -2.220446049250313e-16 -1
vn 0 -2.220446049250313e-16 -1
vn 0 -2.220446049250313e-16 -1
vn 0 -2.220446049250313e-16 -1
vn 0 -2.220446049250313e-16 -1
vn 0 -2.220446049250313e-16 -1
vn 0 -2.220446049250313e-16 -1
vn 0 -2.220446049250313e-16 -1
vn 0 -2.220446049250313e-16 -1
vn 0 -2.220446049250313e-16 -1
vn 0 -2.220446049250313e-16 -1
f 1/1/1 50/50/50 2/2/2
f 50/50/50 51/51/51 2/2/2
f 2/2/2 51/51/51 3/3/3
f 51/51/51 52/52/52 3/3/3
f 3/3/3 52/52/52 4/4/4
f 52/52/52 53/53/53 4/4/4
f 4/4/4 53/53/53 5/5/5
f 53/53/53 54/54/54 5/5/5
f 5/5/5 54/54/54 6/6/6
f 54/54/54 55/55/55 6/6/6
f 6/6/6 55/55/55 7/7/7
f 55/55/55 56/56/56 7/7/7
f 7/7/7 56/56/56 8/8/8
f 56/56/56 57/57/57 8/8/8
f 8/8/8 57/57/57 9/9/9
f 57/57/57 58/58/58 9/9/9
f 9/9/9 58/58/58 10/10/10
f 58/58/58 59/59/59 10/10/10
f 10/10/10 59/59/59 11/11/11
f 59/59/59 60/60/60 11/11/11
f 11/11/11 60/60/60 12/12/12
f 60/60/60 61/61/61 12/12/12
f 12/12/12 61/61/61 13/13/13
f 61/61/61 62/62/62 13/13/13
f 13/13/13 62/62/62 14/14/14
f 62/62/62 63/63/63 14/14/14
f 14/14/14 63/63/63 15/15/15
f 63/63/63 64/64/64 15/15/15
f 15/15/15 64/64/64 16/16/16
f 64/64/64 65/65/65 16/16/16
f 16/16/16 65/65/65 17/17/17
f 65/65/65 66/66/66 17/17/17
f 17/17/17 66/66/66 18/18/18
f 66/66/66 67/67/67 18/18/18
f 18/18/18 67/67/67 19/19/19
f 67/67/67 68/68/68 19/19/19
f 19/19/19 68/68/68 20/20/20
f 68/68/68 69/69/69 20/20/20
f 20/20/20 69/69/69 21/21/21
f 69/69/69 70/70/70 21/21/21
f 21/21/21 70/70/70 22/22/22
f 70/70/70 71/71/71 22/22/22
f 22/22/22 71/71/71 23/23/23
f 71/71/71 72/72/72 23/23/23
f 23/23/23 72/72/72 24/24/24
f 72/72/72 73/73/73 24/24/24
f 24/24/24 73/73/73 25/25/25
f 73/73/73 74/74/74 25/25/25
f 25/25/25 74/74/74 26/26/26
f 74/74/74 75/75/75 26/26/26
f 26/26/26 75/75/75 27/27/27
f 75/75/75 76/76/76 27/27/27
f 27/27/27 76/76/76 28/28/28
f 76/76/76 77/77/77 28/28/28
f 28/28/28 77/77/77 29/29/29
f 77/77/77 78/78/78 29/29/29
f 29/29/29 78/78/78 30/30/30
f 78/78/78 79/79/79 30/30/30
f 30/30/30 79/79/79 31/31/31
f 79/79/79 80/80/80 31/31/31
f 31/31/31 80/80/80 32/32/32
f 80/80/80 81/81/81 32/32/32
f 32/32/32 81/81/81 33/33/33
f 81/81/81 82/82/82 33/33/33
f 33/33/33 82/82/82 34/34/34
f 82/82/82 83/83/83 34/34/34
f 34/34/34 83/83/83 35/35/35
f 83/83/83 84/84/84 35/35/35
f 35/35/35 84/84/84 36/36/36
f 84/84/84 85/85/85 36/36/36
f 36/36/36 85/85/85 37/37/37
f 85/85/85 86/86/86 37/37/37
f 37/37/37 86/86/86 38/38/38
f 86/86/86 87/87/87 38/38/38
f 38/38/38 87/87/87 39/39/39
f 87/87/87 88/88/88 39/39/39
f 39/39/39 88/88/88 40/40/40
f 88/88/88 89/89/89 40/40/40
f 40/40/40 89/89/89 41/41/41
f 89/89/89 90/90/90 41/41/41
f 41/41/41 90/90/90 42/42/42
f 90/90/90 91/91/91 42/42/42
f 42/42/42 91/91/91 43/43/43
f 91/91/91 92/92/92 43/43/43
f 43/43/43 92/92/92 44/44/44
f 92/92/92 93/93/93 44/44/44
f 44/44/44 93/93/93 45/45/45
f 93/93/93 94/94/94 45/45/45
f 45/45/45 94/94/94 46/46/46
f 94/94/94 95/95/95 46/46/46
f 46/46/46 95/95/95 47/47/47
f 95/95/95 96/96/96 47/47/47
f 47/47/47 96/96/96 48/48/48
f 96/96/96 97/97/97 48/48/48
f 48/48/48 97/97/97 49/49/49
f 97/97/97 98/98/98 49/49/49
f 147/147/147 148/148/148 99/99/99
f 148/148/148 149/149/149 100/100/100
f 149/149/149 150/150/150 101/101/101
f 150/150/150 151/151/151 102/102/102
f 151/151/151 152/152/152 103/103/103
f 152/152/152 153/153/153 104/104/104
f 153/153/153 154/154/154 105/105/105
f 154/154/154 155/155/155 106/106/106
f 155/155/155 156/156/156 107/107/107
f 156/156/156 157/157/157 108/108/108
f 157/157/157 158/158/158 109/109/109
f 158/158/158 159/159/159 110/110/110
f 159/159/159 160/160/160 111/111/111
f 160/160/160 161/161/161 112/112/112
f 161/161/161 162/162/162 113/113/113
f 162/162/162 163/163/163 114/114/114
f 163/163/163 164/164/164 115/115/115
f 164/164/164 165/165/165 116/116/116
f 165/165/165 166/166/166 117/117/117
f 166/166/166 167/167/167 118/118/118
f 167/167/167 168/168/168 119/119/119
f 168/168/168 169/169/169 120/120/120
f 169/169/169 170/170/170 121/121/121
f 170/170/170 171/171/171 122/122/122
f 171/171/171 172/172/172 123/123/123
f 172/172/172 173/173/173 124/124/124
f 173/173/173 174/174/174 125/125/125
f 174/174/174 175/175/175 126/126/126
f 175/175/175 176/176/176 127/127/127
f 176/176/176 177/177/177 128/128/128
f 177/177/177 178/178/178 129/129/129
f 178/178/178 179/179/179 130/130/130
f 179/179/179 180/180/180 131/131/131
f 180/180/180 181/181/181 132/132/132
f 181/181/181 182/182/182 133/133/133
f 182/182/182 183/183/183 134/134/134
f 183/183/183 184/184/184 135/135/135
f 184/184/184 185/185/185 136/136/136
f 185/185/185 186/186/186 137/137/137
f 186/186/186 187/187/187 138/138/138
f 187/187/187 188/188/188 139/139/139
f 188/188/188 189/189/189 140/140/140
f 189/189/189 190/190/190 141/141/141
f 190/190/190 191/191/191 142/142/142
f 191/191/191 192/192/192 143/143/143
f 192/192/192 193/193/193 144/144/144
f 193/193/193 194/194/194 145/145/145
f 194/194/194 195/195/195 146/146/146
f 245/245/245 244/244/244 196/196/196
f 246/246/246 245/245/245 197/197/197
f 247/247/247 246/246/246 198/198/198
f 248/248/248 247/247/247 199/199/199
f 249/249/249 248/248/248 200/200/200
f 250/250/250 249/249/249 201/201/201
f 251/251/251 250/250/250 202/202/202
f 252/252/252 251/251/251 203/203/203
f 253/253/253 252/252/252 204/204/204
f 254/254/254 253/253/253 205/205/205
f 255/255/255 254/254/254 206/206/206
f 256/256/256 255/255/255 207/207/207
f 257/257/257 256/256/256 208/208/208
f 258/258/258 257/257/257 209/209/209
f 259/259/259 258/258/258 210/210/210
f 260/260/260 259/259/259 211/211/211
f 261/261/261 260/260/260 212/212/212
f 262/262/262 261/261/261 213/213/213
f 263/263/263 262/262/262 214/214/214
f 264/264/264 263/263/263 215/215/215
f 265/265/265 264/264/264 216/216/216
f 266/266/266 265/265/265 217/217/217
f 267/267/267 266/266/266 218/218/218
f 268/268/268 267/267/267 219/219/219
f 269/269/269 268/268/268 220/220/220
f 270/270/270 269/269/269 221/221/221
f 271/271/271 270/270/270 222/222/222
f 272/272/272 271/271/271 223/223/223
f 273/273/273 272/272/272 224/224/224
f 274/274/274 273/273/273 225/225/225
f 275/275/275 274/274/274 226/226/226
f 276/276/276 275/275/275 227/227/227
f 277/277/277 276/276/276 228/228/228
f 278/278/278 277/277/277 229/229/229
f 279/279/279 278/278/278 230/230/230
f 280/280/280 279/279/279 231/231/231
f 281/281/281 280/280/280 232/232/232
f 282/282/282 281/281/281 233/233/233
f 283/283/283 282/282/282 234/234/234
f 284/284/284 283/283/283 235/235/235
f 285/285/285 284/284/284 236/236/236
f 286/286/286 285/285/285 237/237/237
f 287/287/287 286/286/286 238/238/238
f 288/288/288 287/287/287 239/239/239
f 289/289/289 288/288/288 240/240/240
f 290/290/290 289/289/289 241/241/241
f 291/291/291 290/290/290 242/242/242
f 292/292/292 291/291/291 243/243/243
o coin_rim
usemtl goldDark
v 0.5199999809265137 0.5 0
v 0.5155513286590576 0.43212638050317764 3.0141942052007645e-17
v 0.5022814273834229 0.365414097905159 5.976814691825583e-17
v 0.4804173707962036 0.3010046184062958 8.83717017757598e-17
v 0.45033320784568787 0.24000000953674316 1.1546319032585154e-16
v 0.41254374384880066 0.1834440529346466 1.4057908040559104e-16
v 0.36769554018974304 0.13230445981025696 1.6328962190825493e-16
v 0.3165559470653534 0.08745625615119934 1.8320622523440051e-16
v 0.25999999046325684 0.049666792154312134 1.9998811844143554e-16
v 0.19899538159370422 0.019582629203796387 2.133481705951306e-16
v 0.134585902094841 -0.0022814273834228516 2.2305776220906586e-16
v 0.06787361949682236 -0.015551328659057617 2.2895078218135084e-16
v 3.1840815520236404e-17 -0.019999980926513672 2.309263806517031e-16
v -0.06787361949682236 -0.015551328659057617 2.2895078218135084e-16
v -0.134585902094841 -0.0022814273834228516 2.2305776220906586e-16
v -0.19899538159370422 0.019582629203796387 2.133481705951306e-16
v -0.25999999046325684 0.049666792154312134 1.9998811844143554e-16
v -0.3165559470653534 0.08745625615119934 1.8320622523440051e-16
v -0.36769554018974304 0.13230445981025696 1.6328962190825493e-16
v -0.41254374384880066 0.1834440529346466 1.4057908040559104e-16
v -0.45033320784568787 0.24000000953674316 1.1546319032585154e-16
v -0.4804173707962036 0.3010046184062958 8.83717017757598e-17
v -0.5022814273834229 0.365414097905159 5.976814691825583e-17
v -0.5155513286590576 0.43212638050317764 3.0141942052007645e-17
v -0.5199999809265137 0.49999999999999994 2.828032521072679e-32
v -0.5155513286590576 0.5678736194968224 -3.0141942052007645e-17
v -0.5022814273834229 0.634585902094841 -5.976814691825583e-17
v -0.4804173707962036 0.6989953815937042 -8.83717017757598e-17
v -0.45033320784568787 0.7599999904632568 -1.1546319032585154e-16
v -0.41254374384880066 0.8165559470653534 -1.4057908040559104e-16
v -0.36769554018974304 0.867695540189743 -1.6328962190825493e-16
v -0.3165559470653534 0.9125437438488007 -1.8320622523440051e-16
v -0.25999999046325684 0.9503332078456879 -1.9998811844143554e-16
v -0.19899538159370422 0.9804173707962036 -2.133481705951306e-16
v -0.134585902094841 1.0022814273834229 -2.2305776220906586e-16
v -0.06787361949682236 1.0155513286590576 -2.2895078218135084e-16
v -9.552245317815411e-17 1.0199999809265137 -2.309263806517031e-16
v 0.06787361949682236 1.0155513286590576 -2.2895078218135084e-16
v 0.134585902094841 1.0022814273834229 -2.2305776220906586e-16
v 0.19899538159370422 0.9804173707962036 -2.133481705951306e-16
v 0.25999999046325684 0.9503332078456879 -1.9998811844143554e-16
v 0.3165559470653534 0.9125437438488007 -1.8320622523440051e-16
v 0.36769554018974304 0.867695540189743 -1.6328962190825493e-16
v 0.41254374384880066 0.8165559470653534 -1.4057908040559104e-16
v 0.45033320784568787 0.7599999904632568 -1.1546319032585154e-16
v 0.4804173707962036 0.6989953815937042 -8.83717017757598e-17
v 0.5022814273834229 0.634585902094841 -5.976814691825583e-17
v 0.5155513286590576 0.5678736194968224 -3.0141942052007645e-17
v 0.5199999809265137 0.5000000000000001 -5.656065042145358e-32
v 0.5154327750205994 0.5 -0.022961005568504333
v 0.5110231637954712 0.4327225238084793 -0.022961005568504302
v 0.4978698194026947 0.36659617722034454 -0.022961005568504275
v 0.4761977791786194 0.30275242030620575 -0.022961005568504247
v 0.44637787342071533 0.24228361248970032 -0.02296100556850422
v 0.4089203178882599 0.18622440099716187 -0.022961005568504195
v 0.36446601152420044 0.13553398847579956 -0.02296100556850417
v 0.31377559900283813 0.09107968211174011 -0.022961005568504153
v 0.2577163875102997 0.05362212657928467 -0.022961005568504136
v 0.19724757969379425 0.023802220821380615 -0.022961005568504122
v 0.13340382277965546 0.002130180597305298 -0.02296100556850411
v 0.06727747619152069 -0.011023163795471191 -0.022961005568504108
v 3.1561155681299576e-17 -0.015432775020599365 -0.022961005568504105
v -0.06727747619152069 -0.011023163795471191 -0.022961005568504108
v -0.13340382277965546 0.002130180597305298 -0.02296100556850411
v -0.19724757969379425 0.023802220821380615 -0.022961005568504122
v -0.2577163875102997 0.05362212657928467 -0.022961005568504136
v -0.31377559900283813 0.09107968211174011 -0.022961005568504153
v -0.36446601152420044 0.13553398847579956 -0.02296100556850417
v -0.4089203178882599 0.18622440099716187 -0.022961005568504195
v -0.44637787342071533 0.24228361248970032 -0.02296100556850422
v -0.4761977791786194 0.30275242030620575 -0.022961005568504247
v -0.4978698194026947 0.36659617722034454 -0.022961005568504275
v -0.5110231637954712 0.4327225238084793 -0.022961005568504302
v -0.5154327750205994 0.49999999999999994 -0.022961005568504333
v -0.5110231637954712 0.5672774761915207 -0.022961005568504365
v -0.4978698194026947 0.6334038227796555 -0.022961005568504392
v -0.4761977791786194 0.6972475796937943 -0.02296100556850442
v -0.44637787342071533 0.7577163875102997 -0.022961005568504448
v -0.4089203178882599 0.8137755990028381 -0.022961005568504472
v -0.36446601152420044 0.8644660115242004 -0.022961005568504497
v -0.31377559900283813 0.9089203178882599 -0.022961005568504514
v -0.2577163875102997 0.9463778734207153 -0.02296100556850453
v -0.19724757969379425 0.9761977791786194 -0.022961005568504545
v -0.13340382277965546 0.9978698194026947 -0.022961005568504556
v -0.06727747619152069 1.0110231637954712 -0.02296100556850456
v -9.468346704389873e-17 1.0154327750205994 -0.022961005568504562
v 0.06727747619152069 1.0110231637954712 -0.02296100556850456
v 0.13340382277965546 0.9978698194026947 -0.022961005568504556
v 0.19724757969379425 0.9761977791786194 -0.022961005568504545
v 0.2577163875102997 0.9463778734207153 -0.02296100556850453
v 0.31377559900283813 0.9089203178882599 -0.022961005568504514
v 0.36446601152420044 0.8644660115242004 -0.022961005568504497
v 0.4089203178882599 0.8137755990028381 -0.022961005568504472
v 0.44637787342071533 0.7577163875102997 -0.022961005568504448
v 0.4761977791786194 0.6972475796937943 -0.02296100556850442
v 0.4978698194026947 0.6334038227796555 -0.022961005568504392
v 0.5110231637954712 0.5672774761915207 -0.022961005568504365
v 0.5154327750205994 0.5000000000000001 -0.022961005568504333
v 0.5024263858795166 0.5 -0.04242640733718872
v 0.49812808632850647 0.4344201907515526 -0.04242640733718869
v 0.48530665040016174 0.3699624836444855 -0.042426407337188665
v 0.46418148279190063 0.30772973597049713 -0.04242640733718864
v 0.4351140260696411 0.2487868070602417 -0.04242640733718861
v 0.3986016809940338 0.1941421926021576 -0.04242640733718858
v 0.3552691340446472 0.14473086595535278 -0.04242640733718856
v 0.3058578073978424 0.10139831900596619 -0.04242640733718854
v 0.2512131929397583 0.06488597393035889 -0.042426407337188526
v 0.19227026402950287 0.035818517208099365 -0.04242640733718851
v 0.13003751635551453 0.014693349599838257 -0.042426407337188506
v 0.06557980924844742 0.0018719136714935303 -0.0424264073371885
v 3.076474618753352e-17 -0.0024263858795166016 -0.0424264073371885
v -0.06557980924844742 0.0018719136714935303 -0.0424264073371885
v -0.13003751635551453 0.014693349599838257 -0.042426407337188506
v -0.19227026402950287 0.035818517208099365 -0.04242640733718851
v -0.2512131929397583 0.06488597393035889 -0.042426407337188526
v -0.3058578073978424 0.10139831900596619 -0.04242640733718854
v -0.3552691340446472 0.14473086595535278 -0.04242640733718856
v -0.3986016809940338 0.1941421926021576 -0.04242640733718858
v -0.4351140260696411 0.2487868070602417 -0.04242640733718861
v -0.46418148279190063 0.30772973597049713 -0.04242640733718864
v -0.48530665040016174 0.3699624836444855 -0.042426407337188665
v -0.49812808632850647 0.4344201907515526 -0.04242640733718869
v -0.5024263858795166 0.49999999999999994 -0.04242640733718872
v -0.49812808632850647 0.5655798092484474 -0.04242640733718875
v -0.48530665040016174 0.6300375163555145 -0.042426407337188776
v -0.46418148279190063 0.6922702640295029 -0.042426407337188804
v -0.4351140260696411 0.7512131929397583 -0.04242640733718883
v -0.3986016809940338 0.8058578073978424 -0.04242640733718886
v -0.3552691340446472 0.8552691340446472 -0.04242640733718888
v -0.3058578073978424 0.8986016809940338 -0.0424264073371889
v -0.2512131929397583 0.9351140260696411 -0.042426407337188915
v -0.19227026402950287 0.9641814827919006 -0.04242640733718893
v -0.13003751635551453 0.9853066504001617 -0.042426407337188936
v -0.06557980924844742 0.9981280863285065 -0.04242640733718894
v -9.229423194515566e-17 1.0024263858795166 -0.04242640733718894
v 0.06557980924844742 0.9981280863285065 -0.04242640733718894
v 0.13003751635551453 0.9853066504001617 -0.042426407337188936
v 0.19227026402950287 0.9641814827919006 -0.04242640733718893
v 0.2512131929397583 0.9351140260696411 -0.042426407337188915
v 0.3058578073978424 0.8986016809940338 -0.0424264073371889
v 0.3552691340446472 0.8552691340446472 -0.04242640733718888
v 0.3986016809940338 0.8058578073978424 -0.04242640733718886
v 0.4351140260696411 0.7512131929397583 -0.04242640733718883
v 0.46418148279190063 0.6922702640295029 -0.042426407337188804
v 0.48530665040016174 0.6300375163555145 -0.042426407337188776
v 0.49812808632850647 0.5655798092484474 -0.04242640733718875
v 0.5024263858795166 0.5000000000000001 -0.04242640733718872
v 0.4829609990119934 0.5 -0.055432770401239395
v 0.47882920503616333 0.43696093559265137 -0.05543277040123937
v 0.4665045142173767 0.3750004917383194 -0.05543277040123934
v 0.4461977779865265 0.3151788264513016 -0.05543277040123931
v 0.4182564914226532 0.2585195004940033 -0.05543277040123929
v 0.38315871357917786 0.2059919536113739 -0.05543277040123926
v 0.3415049910545349 0.1584950089454651 -0.05543277040123924
v 0.2940080463886261 0.11684128642082214 -0.05543277040123922
v 0.2414804995059967 0.0817435085773468 -0.05543277040123921
v 0.18482117354869843 0.05380222201347351 -0.055432770401239194
v 0.1249995082616806 0.03349548578262329 -0.05543277040123919
v 0.06303906440734863 0.02117079496383667 -0.05543277040123918
v 2.957283186440381e-17 0.017039000988006592 -0.05543277040123918
v -0.06303906440734863 0.02117079496383667 -0.05543277040123918
v -0.1249995082616806 0.03349548578262329 -0.05543277040123919
v -0.18482117354869843 0.05380222201347351 -0.055432770401239194
v -0.2414804995059967 0.0817435085773468 -0.05543277040123921
v -0.2940080463886261 0.11684128642082214 -0.05543277040123922
v -0.3415049910545349 0.1584950089454651 -0.05543277040123924
v -0.38315871357917786 0.2059919536113739 -0.05543277040123926
v -0.4182564914226532 0.2585195004940033 -0.05543277040123929
v -0.4461977779865265 0.3151788264513016 -0.05543277040123931
v -0.4665045142173767 0.3750004917383194 -0.05543277040123934
v -0.47882920503616333 0.43696093559265137 -0.05543277040123937
v -0.4829609990119934 0.4999999999999999 -0.055432770401239395
v -0.47882920503616333 0.5630390644073486 -0.05543277040123942
v -0.4665045142173767 0.6249995082616806 -0.05543277040123945
v -0.4461977779865265 0.6848211735486984 -0.05543277040123948
v -0.4182564914226532 0.7414804995059967 -0.0554327704012395
v -0.38315871357917786 0.7940080463886261 -0.05543277040123953
v -0.3415049910545349 0.8415049910545349 -0.05543277040123955
v -0.2940080463886261 0.8831587135791779 -0.05543277040123957
v -0.2414804995059967 0.9182564914226532 -0.05543277040123958
v -0.18482117354869843 0.9461977779865265 -0.055432770401239596
v -0.1249995082616806 0.9665045142173767 -0.0554327704012396
v -0.06303906440734863 0.9788292050361633 -0.05543277040123961
v -8.871849559321143e-17 0.9829609990119934 -0.05543277040123961
v 0.06303906440734863 0.9788292050361633 -0.05543277040123961
v 0.1249995082616806 0.9665045142173767 -0.0554327704012396
v 0.18482117354869843 0.9461977779865265 -0.055432770401239596
v 0.2414804995059967 0.9182564914226532 -0.05543277040123958
v 0.2940080463886261 0.8831587135791779 -0.05543277040123957
v 0.3415049910545349 0.8415049910545349 -0.05543277040123955
v 0.38315871357917786 0.7940080463886261 -0.05543277040123953
v 0.4182564914226532 0.7414804995059967 -0.0554327704012395
v 0.4461977779865265 0.6848211735486984 -0.05543277040123948
v 0.4665045142173767 0.6249995082616806 -0.05543277040123945
v 0.47882920503616333 0.5630390644073486 -0.05543277040123942
v 0.4829609990119934 0.5000000000000001 -0.055432770401239395
v 0.46000000834465027 0.5 -0.05999999865889549
v 0.4560646414756775 0.43995795026421547 -0.059999998658895465
v 0.44432589411735535 0.380943238735199 -0.05999999865889544
v 0.42498457431793213 0.3239656239748001 -0.059999998658895416
v 0.39837169647216797 0.26999999582767487 -0.05999999865889539
v 0.3649425506591797 0.2199697494506836 -0.05999999865889537
v 0.3252691328525543 0.17473086714744568 -0.05999999865889535
v 0.2800302505493164 0.1350574493408203 -0.05999999865889533
v 0.23000000417232513 0.10162830352783203 -0.05999999865889532
v 0.1760343760251999 0.07501542568206787 -0.059999998658895305
v 0.11905676126480103 0.05567410588264465 -0.0599999986588953
v 0.06004204973578453 0.04393535852432251 -0.05999999865889529
v 2.816687628596988e-17 0.03999999165534973 -0.05999999865889529
v -0.06004204973578453 0.04393535852432251 -0.05999999865889529
v -0.11905676126480103 0.05567410588264465 -0.0599999986588953
v -0.1760343760251999 0.07501542568206787 -0.059999998658895305
v -0.23000000417232513 0.10162830352783203 -0.05999999865889532
v -0.2800302505493164 0.1350574493408203 -0.05999999865889533
v -0.3252691328525543 0.17473086714744568 -0.05999999865889535
v -0.3649425506591797 0.2199697494506836 -0.05999999865889537
v -0.39837169647216797 0.26999999582767487 -0.05999999865889539
v -0.42498457431793213 0.3239656239748001 -0.059999998658895416
v -0.44432589411735535 0.380943238735199 -0.05999999865889544
v -0.4560646414756775 0.43995795026421547 -0.059999998658895465
v -0.46000000834465027 0.49999999999999994 -0.05999999865889549
v -0.4560646414756775 0.5600420497357845 -0.05999999865889552
v -0.44432589411735535 0.619056761264801 -0.05999999865889555
v -0.42498457431793213 0.6760343760251999 -0.05999999865889557
v -0.39837169647216797 0.7300000041723251 -0.0599999986588956
v -0.3649425506591797 0.7800302505493164 -0.05999999865889562
v -0.3252691328525543 0.8252691328525543 -0.05999999865889564
v -0.2800302505493164 0.8649425506591797 -0.05999999865889565
v -0.23000000417232513 0.898371696472168 -0.059999998658895666
v -0.1760343760251999 0.9249845743179321 -0.05999999865889568
v -0.11905676126480103 0.9443258941173553 -0.05999999865889569
v -0.06004204973578453 0.9560646414756775 -0.059999998658895694
v -8.450062885790964e-17 0.9600000083446503 -0.059999998658895694
v 0.06004204973578453 0.9560646414756775 -0.059999998658895694
v 0.11905676126480103 0.9443258941173553 -0.05999999865889569
v 0.1760343760251999 0.9249845743179321 -0.05999999865889568
v 0.23000000417232513 0.898371696472168 -0.059999998658895666
v 0.2800302505493164 0.8649425506591797 -0.05999999865889565
v 0.3252691328525543 0.8252691328525543 -0.05999999865889564
v 0.3649425506591797 0.7800302505493164 -0.05999999865889562
v 0.39837169647216797 0.7300000041723251 -0.0599999986588956
v 0.42498457431793213 0.6760343760251999 -0.05999999865889557
v 0.44432589411735535 0.619056761264801 -0.05999999865889555
v 0.4560646414756775 0.5600420497357845 -0.05999999865889552
v 0.46000000834465027 0.5000000000000001 -0.05999999865889549
v 0.43703898787498474 0.5 -0.055432770401239395
v 0.43330007791519165 0.44295496493577957 -0.05543277040123937
v 0.4221472442150116 0.38688598573207855 -0.05543277040123935
v 0.40377137064933777 0.33275242149829865 -0.05543277040123932
v 0.37848687171936035 0.28148050606250763 -0.0554327704012393
v 0.34672635793685913 0.2339475154876709 -0.05543277040123928
v 0.30903324484825134 0.19096675515174866 -0.055432770401239256
v 0.2660524845123291 0.15327364206314087 -0.05543277040123924
v 0.21851949393749237 0.12151312828063965 -0.05543277040123923
v 0.16724757850170135 0.09622862935066223 -0.055432770401239215
v 0.11311401426792145 0.0778527557849884 -0.05543277040123921
v 0.05704503506422043 0.06669992208480835 -0.0554327704012392
v 2.676092070753595e-17 0.06296101212501526 -0.0554327704012392
v -0.05704503506422043 0.06669992208480835 -0.0554327704012392
v -0.11311401426792145 0.0778527557849884 -0.05543277040123921
v -0.16724757850170135 0.09622862935066223 -0.055432770401239215
v -0.21851949393749237 0.12151312828063965 -0.05543277040123923
v -0.2660524845123291 0.15327364206314087 -0.05543277040123924
v -0.30903324484825134 0.19096675515174866 -0.055432770401239256
v -0.34672635793685913 0.2339475154876709 -0.05543277040123928
v -0.37848687171936035 0.28148050606250763 -0.0554327704012393
v -0.40377137064933777 0.33275242149829865 -0.05543277040123932
v -0.4221472442150116 0.38688598573207855 -0.05543277040123935
v -0.43330007791519165 0.44295496493577957 -0.05543277040123937
v -0.43703898787498474 0.49999999999999994 -0.055432770401239395
v -0.43330007791519165 0.5570450350642204 -0.05543277040123942
v -0.4221472442150116 0.6131140142679214 -0.055432770401239444
v -0.40377137064933777 0.6672475785017014 -0.05543277040123947
v -0.37848687171936035 0.7185194939374924 -0.05543277040123949
v -0.34672635793685913 0.7660524845123291 -0.05543277040123951
v -0.30903324484825134 0.8090332448482513 -0.055432770401239534
v -0.2660524845123291 0.8467263579368591 -0.05543277040123955
v -0.21851949393749237 0.8784868717193604 -0.05543277040123956
v -0.16724757850170135 0.9037713706493378 -0.055432770401239576
v -0.11311401426792145 0.9221472442150116 -0.05543277040123958
v -0.05704503506422043 0.9333000779151917 -0.05543277040123959
v -8.028276212260785e-17 0.9370389878749847 -0.05543277040123959
v 0.05704503506422043 0.9333000779151917 -0.05543277040123959
v 0.11311401426792145 0.9221472442150116 -0.05543277040123958
v 0.16724757850170135 0.9037713706493378 -0.055432770401239576
v 0.21851949393749237 0.8784868717193604 -0.05543277040123956
v 0.2660524845123291 0.8467263579368591 -0.05543277040123955
v 0.30903324484825134 0.8090332448482513 -0.055432770401239534
v 0.34672635793685913 0.7660524845123291 -0.05543277040123951
v 0.37848687171936035 0.7185194939374924 -0.05543277040123949
v 0.40377137064933777 0.6672475785017014 -0.05543277040123947
v 0.4221472442150116 0.6131140142679214 -0.055432770401239444
v 0.43330007791519165 0.5570450350642204 -0.05543277040123942
v 0.43703898787498474 0.5000000000000001 -0.055432770401239395
v 0.41757360100746155 0.5 -0.04242640733718872
v 0.4140011966228485 0.44549570977687836 -0.0424264073371887
v 0.40334510803222656 0.3919240012764931 -0.04242640733718867
v 0.385787695646286 0.3402014970779419 -0.04242640733718865
v 0.36162933707237244 0.2912131994962692 -0.04242640733718863
v 0.3312833905220032 0.2457973062992096 -0.04242640733718861
v 0.2952691316604614 0.20473086833953857 -0.04242640733718859
v 0.2542026937007904 0.16871660947799683 -0.042426407337188575
v 0.20878680050373077 0.13837066292762756 -0.04242640733718856
v 0.1597985029220581 0.11421230435371399 -0.04242640733718855
v 0.10807599872350693 0.09665489196777344 -0.04242640733718854
v 0.05450429022312164 0.08599880337715149 -0.04242640733718854
v 2.5569008038767465e-17 0.08242639899253845 -0.04242640733718853
v -0.05450429022312164 0.08599880337715149 -0.04242640733718854
v -0.10807599872350693 0.09665489196777344 -0.04242640733718854
v -0.1597985029220581 0.11421230435371399 -0.04242640733718855
v -0.20878680050373077 0.13837066292762756 -0.04242640733718856
v -0.2542026937007904 0.16871660947799683 -0.042426407337188575
v -0.2952691316604614 0.20473086833953857 -0.04242640733718859
v -0.3312833905220032 0.2457973062992096 -0.04242640733718861
v -0.36162933707237244 0.2912131994962692 -0.04242640733718863
v -0.385787695646286 0.3402014970779419 -0.04242640733718865
v -0.40334510803222656 0.3919240012764931 -0.04242640733718867
v -0.4140011966228485 0.44549570977687836 -0.0424264073371887
v -0.41757360100746155 0.49999999999999994 -0.04242640733718872
v -0.4140011966228485 0.5545042902231216 -0.04242640733718874
v -0.40334510803222656 0.6080759987235069 -0.04242640733718877
v -0.385787695646286 0.6597985029220581 -0.04242640733718879
v -0.36162933707237244 0.7087868005037308 -0.04242640733718881
v -0.3312833905220032 0.7542026937007904 -0.04242640733718883
v -0.2952691316604614 0.7952691316604614 -0.04242640733718885
v -0.2542026937007904 0.8312833905220032 -0.042426407337188866
v -0.20878680050373077 0.8616293370723724 -0.04242640733718888
v -0.1597985029220581 0.885787695646286 -0.042426407337188894
v -0.10807599872350693 0.9033451080322266 -0.0424264073371889
v -0.05450429022312164 0.9140011966228485 -0.0424264073371889
v -7.670702577066362e-17 0.9175736010074615 -0.04242640733718891
v 0.05450429022312164 0.9140011966228485 -0.0424264073371889
v 0.10807599872350693 0.9033451080322266 -0.0424264073371889
v 0.1597985029220581 0.885787695646286 -0.042426407337188894
v 0.20878680050373077 0.8616293370723724 -0.04242640733718888
v 0.2542026937007904 0.8312833905220032 -0.042426407337188866
v 0.2952691316604614 0.7952691316604614 -0.04242640733718885
v 0.3312833905220032 0.7542026937007904 -0.04242640733718883
v 0.36162933707237244 0.7087868005037308 -0.04242640733718881
v 0.385787695646286 0.6597985029220581 -0.04242640733718879
v 0.40334510803222656 0.6080759987235069 -0.04242640733718877
v 0.4140011966228485 0.5545042902231216 -0.04242640733718874
v 0.41757360100746155 0.5000000000000001 -0.04242640733718872
v 0.40456724166870117 0.5 -0.022961005568504333
v 0.4011060893535614 0.44719338044524193 -0.02296100556850431
v 0.3907819390296936 0.3952902927994728 -0.02296100556850429
v 0.3737713694572449 0.34517882764339447 -0.022961005568504264
v 0.3503654897212982 0.2977163791656494 -0.022961005568504243
v 0.3209647536277771 0.25371508300304413 -0.022961005568504222
v 0.2860722243785858 0.21392777562141418 -0.022961005568504205
v 0.24628491699695587 0.1790352463722229 -0.02296100556850419
v 0.20228362083435059 0.14963451027870178 -0.022961005568504177
v 0.15482117235660553 0.12622863054275513 -0.022961005568504167
v 0.10470970720052719 0.1092180609703064 -0.02296100556850416
v 0.05280661955475807 0.0988939106464386 -0.022961005568504157
v 2.477259854500141e-17 0.09543275833129883 -0.022961005568504153
v -0.05280661955475807 0.0988939106464386 -0.022961005568504157
v -0.10470970720052719 0.1092180609703064 -0.02296100556850416
v -0.15482117235660553 0.12622863054275513 -0.022961005568504167
v -0.20228362083435059 0.14963451027870178 -0.022961005568504177
v -0.24628491699695587 0.1790352463722229 -0.02296100556850419
v -0.2860722243785858 0.21392777562141418 -0.022961005568504205
v -0.3209647536277771 0.25371508300304413 -0.022961005568504222
v -0.3503654897212982 0.2977163791656494 -0.022961005568504243
v -0.3737713694572449 0.34517882764339447 -0.022961005568504264
v -0.3907819390296936 0.3952902927994728 -0.02296100556850429
v -0.4011060893535614 0.44719338044524193 -0.02296100556850431
v -0.40456724166870117 0.49999999999999994 -0.022961005568504333
v -0.4011060893535614 0.5528066195547581 -0.022961005568504358
v -0.3907819390296936 0.6047097072005272 -0.02296100556850438
v -0.3737713694572449 0.6548211723566055 -0.022961005568504403
v -0.3503654897212982 0.7022836208343506 -0.022961005568504424
v -0.3209647536277771 0.7462849169969559 -0.022961005568504445
v -0.2860722243785858 0.7860722243785858 -0.022961005568504462
v -0.24628491699695587 0.8209647536277771 -0.022961005568504476
v -0.20228362083435059 0.8503654897212982 -0.02296100556850449
v -0.15482117235660553 0.8737713694572449 -0.0229610055685045
v -0.10470970720052719 0.8907819390296936 -0.022961005568504507
v -0.05280661955475807 0.9011060893535614 -0.02296100556850451
v -7.431779728936546e-17 0.9045672416687012 -0.022961005568504514
v 0.05280661955475807 0.9011060893535614 -0.02296100556850451
v 0.10470970720052719 0.8907819390296936 -0.022961005568504507
v 0.15482117235660553 0.8737713694572449 -0.0229610055685045
v 0.20228362083435059 0.8503654897212982 -0.02296100556850449
v 0.24628491699695587 0.8209647536277771 -0.022961005568504476
v 0.2860722243785858 0.7860722243785858 -0.022961005568504462
v 0.3209647536277771 0.7462849169969559 -0.022961005568504445
v 0.3503654897212982 0.7022836208343506 -0.022961005568504424
v 0.3737713694572449 0.6548211723566055 -0.022961005568504403
v 0.3907819390296936 0.6047097072005272 -0.02296100556850438
v 0.4011060893535614 0.5528066195547581 -0.022961005568504358
v 0.40456724166870117 0.5000000000000001 -0.022961005568504333
v 0.4000000059604645 0.5 -7.347880950074885e-18
v 0.39657795429229736 0.4477895237505436 1.583822819344167e-17
v 0.38637033104896545 0.39647237956523895 3.8627618206455345e-17
v 0.36955180764198303 0.34692662954330444 6.063035118512496e-17
v 0.3464101552963257 0.29999999701976776 8.146996234342662e-17
v 0.31734132766723633 0.2564954310655594 1.0078987066290095e-16
v 0.2828427255153656 0.2171572744846344 1.1825952153588197e-16
v 0.2435045689344406 0.18265867233276367 1.335799785064379e-16
v 0.20000000298023224 0.15358984470367432 1.4648913119950787e-16
v 0.15307337045669556 0.13044819235801697 1.567660893043157e-16
v 0.10352762043476105 0.11362966895103455 1.642350140749673e-16
v 0.052210476249456406 0.10342204570770264 1.687681094155457e-16
v 2.4492935397342132e-17 0.09999999403953552 1.7028780563692812e-16
v -0.052210476249456406 0.10342204570770264 1.687681094155457e-16
v -0.10352762043476105 0.11362966895103455 1.642350140749673e-16
v -0.15307337045669556 0.13044819235801697 1.567660893043157e-16
v -0.20000000298023224 0.15358984470367432 1.4648913119950787e-16
v -0.2435045689344406 0.18265867233276367 1.335799785064379e-16
v -0.2828427255153656 0.2171572744846344 1.1825952153588197e-16
v -0.31734132766723633 0.2564954310655594 1.0078987066290095e-16
v -0.3464101552963257 0.29999999701976776 8.146996234342662e-17
v -0.36955180764198303 0.34692662954330444 6.063035118512496e-17
v -0.38637033104896545 0.39647237956523895 3.8627618206455345e-17
v -0.39657795429229736 0.4477895237505436 1.583822819344167e-17
v -0.4000000059604645 0.49999999999999994 -7.347880950074863e-18
v -0.39657795429229736 0.5522104762494564 -3.053399009359144e-17
v -0.38637033104896545 0.603527620434761 -5.3323380106605114e-17
v -0.36955180764198303 0.6530733704566956 -7.532611308527473e-17
v -0.3464101552963257 0.7000000029802322 -9.616572424357639e-17
v -0.31734132766723633 0.7435045689344406 -1.1548563256305072e-16
v -0.2828427255153656 0.7828427255153656 -1.3295528343603174e-16
v -0.2435045689344406 0.8173413276672363 -1.4827574040658768e-16
v -0.20000000298023224 0.8464101552963257 -1.6118489309965764e-16
v -0.15307337045669556 0.869551807641983 -1.7146185120446546e-16
v -0.10352762043476105 0.8863703310489655 -1.7893077597511707e-16
v -0.052210476249456406 0.8965779542922974 -1.8346387131569547e-16
v -7.347881115511007e-17 0.9000000059604645 -1.849835675370779e-16
v 0.052210476249456406 0.8965779542922974 -1.8346387131569547e-16
v 0.10352762043476105 0.8863703310489655 -1.7893077597511707e-16
v 0.15307337045669556 0.869551807641983 -1.7146185120446546e-16
v 0.20000000298023224 0.8464101552963257 -1.6118489309965764e-16
v 0.2435045689344406 0.8173413276672363 -1.4827574040658768e-16
v 0.2828427255153656 0.7828427255153656 -1.3295528343603174e-16
v 0.31734132766723633 0.7435045689344406 -1.1548563256305072e-16
v 0.3464101552963257 0.7000000029802322 -9.616572424357639e-17
v 0.36955180764198303 0.6530733704566956 -7.532611308527473e-17
v 0.38637033104896545 0.603527620434761 -5.3323380106605114e-17
v 0.39657795429229736 0.5522104762494564 -3.053399009359144e-17
v 0.4000000059604645 0.5000000000000001 -7.347880950074928e-18
v 0.40456724166870117 0.5 0.022961005568504333
v 0.4011060893535614 0.44719338044524193 0.022961005568504358
v 0.3907819390296936 0.3952902927994728 0.02296100556850438
v 0.3737713694572449 0.34517882764339447 0.022961005568504403
v 0.3503654897212982 0.2977163791656494 0.022961005568504424
v 0.3209647536277771 0.25371508300304413 0.022961005568504445
v 0.2860722243785858 0.21392777562141418 0.022961005568504462
v 0.24628491699695587 0.1790352463722229 0.022961005568504476
v 0.20228362083435059 0.14963451027870178 0.02296100556850449
v 0.15482117235660553 0.12622863054275513 0.0229610055685045
v 0.10470970720052719 0.1092180609703064 0.022961005568504507
v 0.05280661955475807 0.0988939106464386 0.02296100556850451
v 2.477259854500141e-17 0.09543275833129883 0.022961005568504514
v -0.05280661955475807 0.0988939106464386 0.02296100556850451
v -0.10470970720052719 0.1092180609703064 0.022961005568504507
v -0.15482117235660553 0.12622863054275513 0.0229610055685045
v -0.20228362083435059 0.14963451027870178 0.02296100556850449
v -0.24628491699695587 0.1790352463722229 0.022961005568504476
v -0.2860722243785858 0.21392777562141418 0.022961005568504462
v -0.3209647536277771 0.25371508300304413 0.022961005568504445
v -0.3503654897212982 0.2977163791656494 0.022961005568504424
v -0.3737713694572449 0.34517882764339447 0.022961005568504403
v -0.3907819390296936 0.3952902927994728 0.02296100556850438
v -0.4011060893535614 0.44719338044524193 0.022961005568504358
v -0.40456724166870117 0.49999999999999994 0.022961005568504333
v -0.4011060893535614 0.5528066195547581 0.02296100556850431
v -0.3907819390296936 0.6047097072005272 0.02296100556850429
v -0.3737713694572449 0.6548211723566055 0.022961005568504264
v -0.3503654897212982 0.7022836208343506 0.022961005568504243
v -0.3209647536277771 0.7462849169969559 0.022961005568504222
v -0.2860722243785858 0.7860722243785858 0.022961005568504205
v -0.24628491699695587 0.8209647536277771 0.02296100556850419
v -0.20228362083435059 0.8503654897212982 0.022961005568504177
v -0.15482117235660553 0.8737713694572449 0.022961005568504167
v -0.10470970720052719 0.8907819390296936 0.02296100556850416
v -0.05280661955475807 0.9011060893535614 0.022961005568504157
v -7.431779728936546e-17 0.9045672416687012 0.022961005568504153
v 0.05280661955475807 0.9011060893535614 0.022961005568504157
v 0.10470970720052719 0.8907819390296936 0.02296100556850416
v 0.15482117235660553 0.8737713694572449 0.022961005568504167
v 0.20228362083435059 0.8503654897212982 0.022961005568504177
v 0.24628491699695587 0.8209647536277771 0.02296100556850419
v 0.2860722243785858 0.7860722243785858 0.022961005568504205
v 0.3209647536277771 0.7462849169969559 0.022961005568504222
v 0.3503654897212982 0.7022836208343506 0.022961005568504243
v 0.3737713694572449 0.6548211723566055 0.022961005568504264
v 0.3907819390296936 0.6047097072005272 0.02296100556850429
v 0.4011060893535614 0.5528066195547581 0.02296100556850431
v 0.40456724166870117 0.5000000000000001 0.022961005568504333
v 0.41757360100746155 0.5 0.04242640733718872
v 0.4140011966228485 0.44549570977687836 0.04242640733718874
v 0.40334510803222656 0.3919240012764931 0.04242640733718877
v 0.385787695646286 0.3402014970779419 0.04242640733718879
v 0.36162933707237244 0.2912131994962692 0.04242640733718881
v 0.3312833905220032 0.2457973062992096 0.04242640733718883
v 0.2952691316604614 0.20473086833953857 0.04242640733718885
v 0.2542026937007904 0.16871660947799683 0.042426407337188866
v 0.20878680050373077 0.13837066292762756 0.04242640733718888
v 0.1597985029220581 0.11421230435371399 0.042426407337188894
v 0.10807599872350693 0.09665489196777344 0.0424264073371889
v 0.05450429022312164 0.08599880337715149 0.0424264073371889
v 2.5569008038767465e-17 0.08242639899253845 0.04242640733718891
v -0.05450429022312164 0.08599880337715149 0.0424264073371889
v -0.10807599872350693 0.09665489196777344 0.0424264073371889
v -0.1597985029220581 0.11421230435371399 0.042426407337188894
v -0.20878680050373077 0.13837066292762756 0.04242640733718888
v -0.2542026937007904 0.16871660947799683 0.042426407337188866
v -0.2952691316604614 0.20473086833953857 0.04242640733718885
v -0.3312833905220032 0.2457973062992096 0.04242640733718883
v -0.36162933707237244 0.2912131994962692 0.04242640733718881
v -0.385787695646286 0.3402014970779419 0.04242640733718879
v -0.40334510803222656 0.3919240012764931 0.04242640733718877
v -0.4140011966228485 0.44549570977687836 0.04242640733718874
v -0.41757360100746155 0.49999999999999994 0.04242640733718872
v -0.4140011966228485 0.5545042902231216 0.0424264073371887
v -0.40334510803222656 0.6080759987235069 0.04242640733718867
v -0.385787695646286 0.6597985029220581 0.04242640733718865
v -0.36162933707237244 0.7087868005037308 0.04242640733718863
v -0.3312833905220032 0.7542026937007904 0.04242640733718861
v -0.2952691316604614 0.7952691316604614 0.04242640733718859
v -0.2542026937007904 0.8312833905220032 0.042426407337188575
v -0.20878680050373077 0.8616293370723724 0.04242640733718856
v -0.1597985029220581 0.885787695646286 0.04242640733718855
v -0.10807599872350693 0.9033451080322266 0.04242640733718854
v -0.05450429022312164 0.9140011966228485 0.04242640733718854
v -7.670702577066362e-17 0.9175736010074615 0.04242640733718853
v 0.05450429022312164 0.9140011966228485 0.04242640733718854
v 0.10807599872350693 0.9033451080322266 0.04242640733718854
v 0.1597985029220581 0.885787695646286 0.04242640733718855
v 0.20878680050373077 0.8616293370723724 0.04242640733718856
v 0.2542026937007904 0.8312833905220032 0.042426407337188575
v 0.2952691316604614 0.7952691316604614 0.04242640733718859
v 0.3312833905220032 0.7542026937007904 0.04242640733718861
v 0.36162933707237244 0.7087868005037308 0.04242640733718863
v 0.385787695646286 0.6597985029220581 0.04242640733718865
v 0.40334510803222656 0.6080759987235069 0.04242640733718867
v 0.4140011966228485 0.5545042902231216 0.0424264073371887
v 0.41757360100746155 0.5000000000000001 0.04242640733718872
v 0.43703898787498474 0.5 0.055432770401239395
v 0.43330007791519165 0.44295496493577957 0.05543277040123942
v 0.4221472442150116 0.38688598573207855 0.055432770401239444
v 0.40377137064933777 0.33275242149829865 0.05543277040123947
v 0.37848687171936035 0.28148050606250763 0.05543277040123949
v 0.34672635793685913 0.2339475154876709 0.05543277040123951
v 0.30903324484825134 0.19096675515174866 0.055432770401239534
v 0.2660524845123291 0.15327364206314087 0.05543277040123955
v 0.21851949393749237 0.12151312828063965 0.05543277040123956
v 0.16724757850170135 0.09622862935066223 0.055432770401239576
v 0.11311401426792145 0.0778527557849884 0.05543277040123958
v 0.05704503506422043 0.06669992208480835 0.05543277040123959
v 2.676092070753595e-17 0.06296101212501526 0.05543277040123959
v -0.05704503506422043 0.06669992208480835 0.05543277040123959
v -0.11311401426792145 0.0778527557849884 0.05543277040123958
v -0.16724757850170135 0.09622862935066223 0.055432770401239576
v -0.21851949393749237 0.12151312828063965 0.05543277040123956
v -0.2660524845123291 0.15327364206314087 0.05543277040123955
v -0.30903324484825134 0.19096675515174866 0.055432770401239534
v -0.34672635793685913 0.2339475154876709 0.05543277040123951
v -0.37848687171936035 0.28148050606250763 0.05543277040123949
v -0.40377137064933777 0.33275242149829865 0.05543277040123947
v -0.4221472442150116 0.38688598573207855 0.055432770401239444
v -0.43330007791519165 0.44295496493577957 0.05543277040123942
v -0.43703898787498474 0.49999999999999994 0.055432770401239395
v -0.43330007791519165 0.5570450350642204 0.05543277040123937
v -0.4221472442150116 0.6131140142679214 0.05543277040123935
v -0.40377137064933777 0.6672475785017014 0.05543277040123932
v -0.37848687171936035 0.7185194939374924 0.0554327704012393
v -0.34672635793685913 0.7660524845123291 0.05543277040123928
v -0.30903324484825134 0.8090332448482513 0.055432770401239256
v -0.2660524845123291 0.8467263579368591 0.05543277040123924
v -0.21851949393749237 0.8784868717193604 0.05543277040123923
v -0.16724757850170135 0.9037713706493378 0.055432770401239215
v -0.11311401426792145 0.9221472442150116 0.05543277040123921
v -0.05704503506422043 0.9333000779151917 0.0554327704012392
v -8.028276212260785e-17 0.9370389878749847 0.0554327704012392
v 0.05704503506422043 0.9333000779151917 0.0554327704012392
v 0.11311401426792145 0.9221472442150116 0.05543277040123921
v 0.16724757850170135 0.9037713706493378 0.055432770401239215
v 0.21851949393749237 0.8784868717193604 0.05543277040123923
v 0.2660524845123291 0.8467263579368591 0.05543277040123924
v 0.30903324484825134 0.8090332448482513 0.055432770401239256
v 0.34672635793685913 0.7660524845123291 0.05543277040123928
v 0.37848687171936035 0.7185194939374924 0.0554327704012393
v 0.40377137064933777 0.6672475785017014 0.05543277040123932
v 0.4221472442150116 0.6131140142679214 0.05543277040123935
v 0.43330007791519165 0.5570450350642204 0.05543277040123937
v 0.43703898787498474 0.5000000000000001 0.055432770401239395
v 0.46000000834465027 0.5 0.05999999865889549
v 0.4560646414756775 0.43995795026421547 0.05999999865889552
v 0.44432589411735535 0.380943238735199 0.05999999865889555
v 0.42498457431793213 0.3239656239748001 0.05999999865889557
v 0.39837169647216797 0.26999999582767487 0.0599999986588956
v 0.3649425506591797 0.2199697494506836 0.05999999865889562
v 0.3252691328525543 0.17473086714744568 0.05999999865889564
v 0.2800302505493164 0.1350574493408203 0.05999999865889565
v 0.23000000417232513 0.10162830352783203 0.059999998658895666
v 0.1760343760251999 0.07501542568206787 0.05999999865889568
v 0.11905676126480103 0.05567410588264465 0.05999999865889569
v 0.06004204973578453 0.04393535852432251 0.059999998658895694
v 2.816687628596988e-17 0.03999999165534973 0.059999998658895694
v -0.06004204973578453 0.04393535852432251 0.059999998658895694
v -0.11905676126480103 0.05567410588264465 0.05999999865889569
v -0.1760343760251999 0.07501542568206787 0.05999999865889568
v -0.23000000417232513 0.10162830352783203 0.059999998658895666
v -0.2800302505493164 0.1350574493408203 0.05999999865889565
v -0.3252691328525543 0.17473086714744568 0.05999999865889564
v -0.3649425506591797 0.2199697494506836 0.05999999865889562
v -0.39837169647216797 0.26999999582767487 0.0599999986588956
v -0.42498457431793213 0.3239656239748001 0.05999999865889557
v -0.44432589411735535 0.380943238735199 0.05999999865889555
v -0.4560646414756775 0.43995795026421547 0.05999999865889552
v -0.46000000834465027 0.49999999999999994 0.05999999865889549
v -0.4560646414756775 0.5600420497357845 0.059999998658895465
v -0.44432589411735535 0.619056761264801 0.05999999865889544
v -0.42498457431793213 0.6760343760251999 0.059999998658895416
v -0.39837169647216797 0.7300000041723251 0.05999999865889539
v -0.3649425506591797 0.7800302505493164 0.05999999865889537
v -0.3252691328525543 0.8252691328525543 0.05999999865889535
v -0.2800302505493164 0.8649425506591797 0.05999999865889533
v -0.23000000417232513 0.898371696472168 0.05999999865889532
v -0.1760343760251999 0.9249845743179321 0.059999998658895305
v -0.11905676126480103 0.9443258941173553 0.0599999986588953
v -0.06004204973578453 0.9560646414756775 0.05999999865889529
v -8.450062885790964e-17 0.9600000083446503 0.05999999865889529
v 0.06004204973578453 0.9560646414756775 0.05999999865889529
v 0.11905676126480103 0.9443258941173553 0.0599999986588953
v 0.1760343760251999 0.9249845743179321 0.059999998658895305
v 0.23000000417232513 0.898371696472168 0.05999999865889532
v 0.2800302505493164 0.8649425506591797 0.05999999865889533
v 0.3252691328525543 0.8252691328525543 0.05999999865889535
v 0.3649425506591797 0.7800302505493164 0.05999999865889537
v 0.39837169647216797 0.7300000041723251 0.05999999865889539
v 0.42498457431793213 0.6760343760251999 0.059999998658895416
v 0.44432589411735535 0.619056761264801 0.05999999865889544
v 0.4560646414756775 0.5600420497357845 0.059999998658895465
v 0.46000000834465027 0.5000000000000001 0.05999999865889549
v 0.4829609990119934 0.5 0.055432770401239395
v 0.47882920503616333 0.43696093559265137 0.05543277040123942
v 0.4665045142173767 0.3750004917383194 0.05543277040123945
v 0.4461977779865265 0.3151788264513016 0.05543277040123948
v 0.4182564914226532 0.2585195004940033 0.0554327704012395
v 0.38315871357917786 0.2059919536113739 0.05543277040123953
v 0.3415049910545349 0.1584950089454651 0.05543277040123955
v 0.2940080463886261 0.11684128642082214 0.05543277040123957
v 0.2414804995059967 0.0817435085773468 0.05543277040123958
v 0.18482117354869843 0.05380222201347351 0.055432770401239596
v 0.1249995082616806 0.03349548578262329 0.0554327704012396
v 0.06303906440734863 0.02117079496383667 0.05543277040123961
v 2.957283186440381e-17 0.017039000988006592 0.05543277040123961
v -0.06303906440734863 0.02117079496383667 0.05543277040123961
v -0.1249995082616806 0.03349548578262329 0.0554327704012396
v -0.18482117354869843 0.05380222201347351 0.055432770401239596
v -0.2414804995059967 0.0817435085773468 0.05543277040123958
v -0.2940080463886261 0.11684128642082214 0.05543277040123957
v -0.3415049910545349 0.1584950089454651 0.05543277040123955
v -0.38315871357917786 0.2059919536113739 0.05543277040123953
v -0.4182564914226532 0.2585195004940033 0.0554327704012395
v -0.4461977779865265 0.3151788264513016 0.05543277040123948
v -0.4665045142173767 0.3750004917383194 0.05543277040123945
v -0.47882920503616333 0.43696093559265137 0.05543277040123942
v -0.4829609990119934 0.49999999999999994 0.055432770401239395
v -0.47882920503616333 0.5630390644073486 0.05543277040123937
v -0.4665045142173767 0.6249995082616806 0.05543277040123934
v -0.4461977779865265 0.6848211735486984 0.05543277040123931
v -0.4182564914226532 0.7414804995059967 0.05543277040123929
v -0.38315871357917786 0.7940080463886261 0.05543277040123926
v -0.3415049910545349 0.8415049910545349 0.05543277040123924
v -0.2940080463886261 0.8831587135791779 0.05543277040123922
v -0.2414804995059967 0.9182564914226532 0.05543277040123921
v -0.18482117354869843 0.9461977779865265 0.055432770401239194
v -0.1249995082616806 0.9665045142173767 0.05543277040123919
v -0.06303906440734863 0.9788292050361633 0.05543277040123918
v -8.871849559321143e-17 0.9829609990119934 0.05543277040123918
v 0.06303906440734863 0.9788292050361633 0.05543277040123918
v 0.1249995082616806 0.9665045142173767 0.05543277040123919
v 0.18482117354869843 0.9461977779865265 0.055432770401239194
v 0.2414804995059967 0.9182564914226532 0.05543277040123921
v 0.2940080463886261 0.8831587135791779 0.05543277040123922
v 0.3415049910545349 0.8415049910545349 0.05543277040123924
v 0.38315871357917786 0.7940080463886261 0.05543277040123926
v 0.4182564914226532 0.7414804995059967 0.05543277040123929
v 0.4461977779865265 0.6848211735486984 0.05543277040123931
v 0.4665045142173767 0.6249995082616806 0.05543277040123934
v 0.47882920503616333 0.5630390644073486 0.05543277040123937
v 0.4829609990119934 0.5000000000000001 0.055432770401239395
v 0.5024263858795166 0.5 0.04242640733718872
v 0.49812808632850647 0.4344201907515526 0.04242640733718875
v 0.48530665040016174 0.3699624836444855 0.042426407337188776
v 0.46418148279190063 0.30772973597049713 0.042426407337188804
v 0.4351140260696411 0.2487868070602417 0.04242640733718883
v 0.3986016809940338 0.1941421926021576 0.04242640733718886
v 0.3552691340446472 0.14473086595535278 0.04242640733718888
v 0.3058578073978424 0.10139831900596619 0.0424264073371889
v 0.2512131929397583 0.06488597393035889 0.042426407337188915
v 0.19227026402950287 0.035818517208099365 0.04242640733718893
v 0.13003751635551453 0.014693349599838257 0.042426407337188936
v 0.06557980924844742 0.0018719136714935303 0.04242640733718894
v 3.076474618753352e-17 -0.0024263858795166016 0.04242640733718894
v -0.06557980924844742 0.0018719136714935303 0.04242640733718894
v -0.13003751635551453 0.014693349599838257 0.042426407337188936
v -0.19227026402950287 0.035818517208099365 0.04242640733718893
v -0.2512131929397583 0.06488597393035889 0.042426407337188915
v -0.3058578073978424 0.10139831900596619 0.0424264073371889
v -0.3552691340446472 0.14473086595535278 0.04242640733718888
v -0.3986016809940338 0.1941421926021576 0.04242640733718886
v -0.4351140260696411 0.2487868070602417 0.04242640733718883
v -0.46418148279190063 0.30772973597049713 0.042426407337188804
v -0.48530665040016174 0.3699624836444855 0.042426407337188776
v -0.49812808632850647 0.4344201907515526 0.04242640733718875
v -0.5024263858795166 0.49999999999999994 0.04242640733718872
v -0.49812808632850647 0.5655798092484474 0.04242640733718869
v -0.48530665040016174 0.6300375163555145 0.042426407337188665
v -0.46418148279190063 0.6922702640295029 0.04242640733718864
v -0.4351140260696411 0.7512131929397583 0.04242640733718861
v -0.3986016809940338 0.8058578073978424 0.04242640733718858
v -0.3552691340446472 0.8552691340446472 0.04242640733718856
v -0.3058578073978424 0.8986016809940338 0.04242640733718854
v -0.2512131929397583 0.9351140260696411 0.042426407337188526
v -0.19227026402950287 0.9641814827919006 0.04242640733718851
v -0.13003751635551453 0.9853066504001617 0.042426407337188506
v -0.06557980924844742 0.9981280863285065 0.0424264073371885
v -9.229423194515566e-17 1.0024263858795166 0.0424264073371885
v 0.06557980924844742 0.9981280863285065 0.0424264073371885
v 0.13003751635551453 0.9853066504001617 0.042426407337188506
v 0.19227026402950287 0.9641814827919006 0.04242640733718851
v 0.2512131929397583 0.9351140260696411 0.042426407337188526
v 0.3058578073978424 0.8986016809940338 0.04242640733718854
v 0.3552691340446472 0.8552691340446472 0.04242640733718856
v 0.3986016809940338 0.8058578073978424 0.04242640733718858
v 0.4351140260696411 0.7512131929397583 0.04242640733718861
v 0.46418148279190063 0.6922702640295029 0.04242640733718864
v 0.48530665040016174 0.6300375163555145 0.042426407337188665
v 0.49812808632850647 0.5655798092484474 0.04242640733718869
v 0.5024263858795166 0.5000000000000001 0.04242640733718872
v 0.5154327750205994 0.5 0.022961005568504333
v 0.5110231637954712 0.4327225238084793 0.022961005568504365
v 0.4978698194026947 0.36659617722034454 0.022961005568504392
v 0.4761977791786194 0.30275242030620575 0.02296100556850442
v 0.44637787342071533 0.24228361248970032 0.022961005568504448
v 0.4089203178882599 0.18622440099716187 0.022961005568504472
v 0.36446601152420044 0.13553398847579956 0.022961005568504497
v 0.31377559900283813 0.09107968211174011 0.022961005568504514
v 0.2577163875102997 0.05362212657928467 0.02296100556850453
v 0.19724757969379425 0.023802220821380615 0.022961005568504545
v 0.13340382277965546 0.002130180597305298 0.022961005568504556
v 0.06727747619152069 -0.011023163795471191 0.02296100556850456
v 3.1561155681299576e-17 -0.015432775020599365 0.022961005568504562
v -0.06727747619152069 -0.011023163795471191 0.02296100556850456
v -0.13340382277965546 0.002130180597305298 0.022961005568504556
v -0.19724757969379425 0.023802220821380615 0.022961005568504545
v -0.2577163875102997 0.05362212657928467 0.02296100556850453
v -0.31377559900283813 0.09107968211174011 0.022961005568504514
v -0.36446601152420044 0.13553398847579956 0.022961005568504497
v -0.4089203178882599 0.18622440099716187 0.022961005568504472
v -0.44637787342071533 0.24228361248970032 0.022961005568504448
v -0.4761977791786194 0.30275242030620575 0.02296100556850442
v -0.4978698194026947 0.36659617722034454 0.022961005568504392
v -0.5110231637954712 0.4327225238084793 0.022961005568504365
v -0.5154327750205994 0.49999999999999994 0.022961005568504333
v -0.5110231637954712 0.5672774761915207 0.022961005568504302
v -0.4978698194026947 0.6334038227796555 0.022961005568504275
v -0.4761977791786194 0.6972475796937943 0.022961005568504247
v -0.44637787342071533 0.7577163875102997 0.02296100556850422
v -0.4089203178882599 0.8137755990028381 0.022961005568504195
v -0.36446601152420044 0.8644660115242004 0.02296100556850417
v -0.31377559900283813 0.9089203178882599 0.022961005568504153
v -0.2577163875102997 0.9463778734207153 0.022961005568504136
v -0.19724757969379425 0.9761977791786194 0.022961005568504122
v -0.13340382277965546 0.9978698194026947 0.02296100556850411
v -0.06727747619152069 1.0110231637954712 0.022961005568504108
v -9.468346704389873e-17 1.0154327750205994 0.022961005568504105
v 0.06727747619152069 1.0110231637954712 0.022961005568504108
v 0.13340382277965546 0.9978698194026947 0.02296100556850411
v 0.19724757969379425 0.9761977791786194 0.022961005568504122
v 0.2577163875102997 0.9463778734207153 0.022961005568504136
v 0.31377559900283813 0.9089203178882599 0.022961005568504153
v 0.36446601152420044 0.8644660115242004 0.02296100556850417
v 0.4089203178882599 0.8137755990028381 0.022961005568504195
v 0.44637787342071533 0.7577163875102997 0.02296100556850422
v 0.4761977791786194 0.6972475796937943 0.022961005568504247
v 0.4978698194026947 0.6334038227796555 0.022961005568504275
v 0.5110231637954712 0.5672774761915207 0.022961005568504302
v 0.5154327750205994 0.5000000000000001 0.022961005568504333
v 0.5199999809265137 0.5 1.469576190014977e-17
v 0.5155513286590576 0.43212638050317764 4.4837703952157414e-17
v 0.5022814273834229 0.365414097905159 7.44639088184056e-17
v 0.4804173707962036 0.3010046184062958 1.0306746367590957e-16
v 0.45033320784568787 0.24000000953674316 1.3015895222600131e-16
v 0.41254374384880066 0.1834440529346466 1.552748423057408e-16
v 0.36769554018974304 0.13230445981025696 1.779853838084047e-16
v 0.3165559470653534 0.08745625615119934 1.9790198713455028e-16
v 0.25999999046325684 0.049666792154312134 2.1468388034158531e-16
v 0.19899538159370422 0.019582629203796387 2.280439324952804e-16
v 0.134585902094841 -0.0022814273834228516 2.3775352410921563e-16
v 0.06787361949682236 -0.015551328659057617 2.436465440815006e-16
v 3.1840815520236404e-17 -0.019999980926513672 2.4562214255185286e-16
v -0.06787361949682236 -0.015551328659057617 2.436465440815006e-16
v -0.134585902094841 -0.0022814273834228516 2.3775352410921563e-16
v -0.19899538159370422 0.019582629203796387 2.280439324952804e-16
v -0.25999999046325684 0.049666792154312134 2.1468388034158531e-16
v -0.3165559470653534 0.08745625615119934 1.9790198713455028e-16
v -0.36769554018974304 0.13230445981025696 1.779853838084047e-16
v -0.41254374384880066 0.1834440529346466 1.552748423057408e-16
v -0.45033320784568787 0.24000000953674316 1.3015895222600131e-16
v -0.4804173707962036 0.3010046184062958 1.0306746367590957e-16
v -0.5022814273834229 0.365414097905159 7.44639088184056e-17
v -0.5155513286590576 0.43212638050317764 4.4837703952157414e-17
v -0.5199999809265137 0.49999999999999994 1.4695761900149797e-17
v -0.5155513286590576 0.5678736194968224 -1.5446180151857876e-17
v -0.5022814273834229 0.634585902094841 -4.507238501810606e-17
v -0.4804173707962036 0.6989953815937042 -7.367593987561003e-17
v -0.45033320784568787 0.7599999904632568 -1.0076742842570177e-16
v -0.41254374384880066 0.8165559470653534 -1.2588331850544127e-16
v -0.36769554018974304 0.867695540189743 -1.4859386000810516e-16
v -0.3165559470653534 0.9125437438488007 -1.6851046333425075e-16
v -0.25999999046325684 0.9503332078456879 -1.8529235654128577e-16
v -0.19899538159370422 0.9804173707962036 -1.9865240869498084e-16
v -0.134585902094841 1.0022814273834229 -2.083620003089161e-16
v -0.06787361949682236 1.0155513286590576 -2.1425502028120107e-16
v -9.552245317815411e-17 1.0199999809265137 -2.1623061875155332e-16
v 0.06787361949682236 1.0155513286590576 -2.1425502028120107e-16
v 0.134585902094841 1.0022814273834229 -2.083620003089161e-16
v 0.19899538159370422 0.9804173707962036 -1.9865240869498084e-16
v 0.25999999046325684 0.9503332078456879 -1.8529235654128577e-16
v 0.3165559470653534 0.9125437438488007 -1.6851046333425075e-16
v 0.36769554018974304 0.867695540189743 -1.4859386000810516e-16
v 0.41254374384880066 0.8165559470653534 -1.2588331850544127e-16
v 0.45033320784568787 0.7599999904632568 -1.0076742842570177e-16
v 0.4804173707962036 0.6989953815937042 -7.367593987561003e-17
v 0.5022814273834229 0.634585902094841 -4.507238501810606e-17
v 0.5155513286590576 0.5678736194968224 -1.5446180151857876e-17
v 0.5199999809265137 0.5000000000000001 1.4695761900149714e-17
vt 0 0
vt 0.02083333395421505 0
vt 0.0416666679084301 0
vt 0.0625 0
vt 0.0833333358168602 0
vt 0.1041666641831398 0
vt 0.125 0
vt 0.1458333283662796 0
vt 0.1666666716337204 0
vt 0.1875 0
vt 0.2083333283662796 0
vt 0.2291666716337204 0
vt 0.25 0
vt 0.2708333432674408 0
vt 0.2916666567325592 0
vt 0.3125 0
vt 0.3333333432674408 0
vt 0.3541666567325592 0
vt 0.375 0
vt 0.3958333432674408 0
vt 0.4166666567325592 0
vt 0.4375 0
vt 0.4583333432674408 0
vt 0.4791666567325592 0
vt 0.5 0
vt 0.5208333134651184 0
vt 0.5416666865348816 0
vt 0.5625 0
vt 0.5833333134651184 0
vt 0.6041666865348816 0
vt 0.625 0
vt 0.6458333134651184 0
vt 0.6666666865348816 0
vt 0.6875 0
vt 0.7083333134651184 0
vt 0.7291666865348816 0
vt 0.75 0
vt 0.7708333134651184 0
vt 0.7916666865348816 0
vt 0.8125 0
vt 0.8333333134651184 0
vt 0.8541666865348816 0
vt 0.875 0
vt 0.8958333134651184 0
vt 0.9166666865348816 0
vt 0.9375 0
vt 0.9583333134651184 0
vt 0.9791666865348816 0
vt 1 0
vt 0 0.0625
vt 0.02083333395421505 0.0625
vt 0.0416666679084301 0.0625
vt 0.0625 0.0625
vt 0.0833333358168602 0.0625
vt 0.1041666641831398 0.0625
vt 0.125 0.0625
vt 0.1458333283662796 0.0625
vt 0.1666666716337204 0.0625
vt 0.1875 0.0625
vt 0.2083333283662796 0.0625
vt 0.2291666716337204 0.0625
vt 0.25 0.0625
vt 0.2708333432674408 0.0625
vt 0.2916666567325592 0.0625
vt 0.3125 0.0625
vt 0.3333333432674408 0.0625
vt 0.3541666567325592 0.0625
vt 0.375 0.0625
vt 0.3958333432674408 0.0625
vt 0.4166666567325592 0.0625
vt 0.4375 0.0625
vt 0.4583333432674408 0.0625
vt 0.4791666567325592 0.0625
vt 0.5 0.0625
vt 0.5208333134651184 0.0625
vt 0.5416666865348816 0.0625
vt 0.5625 0.0625
vt 0.5833333134651184 0.0625
vt 0.6041666865348816 0.0625
vt 0.625 0.0625
vt 0.6458333134651184 0.0625
vt 0.6666666865348816 0.0625
vt 0.6875 0.0625
vt 0.7083333134651184 0.0625
vt 0.7291666865348816 0.0625
vt 0.75 0.0625
vt 0.7708333134651184 0.0625
vt 0.7916666865348816 0.0625
vt 0.8125 0.0625
vt 0.8333333134651184 0.0625
vt 0.8541666865348816 0.0625
vt 0.875 0.0625
vt 0.8958333134651184 0.0625
vt 0.9166666865348816 0.0625
vt 0.9375 0.0625
vt 0.9583333134651184 0.0625
vt 0.9791666865348816 0.0625
vt 1 0.0625
vt 0 0.125
vt 0.02083333395421505 0.125
vt 0.0416666679084301 0.125
vt 0.0625 0.125
vt 0.0833333358168602 0.125
vt 0.1041666641831398 0.125
vt 0.125 0.125
vt 0.1458333283662796 0.125
vt 0.1666666716337204 0.125
vt 0.1875 0.125
vt 0.2083333283662796 0.125
vt 0.2291666716337204 0.125
vt 0.25 0.125
vt 0.2708333432674408 0.125
vt 0.2916666567325592 0.125
vt 0.3125 0.125
vt 0.3333333432674408 0.125
vt 0.3541666567325592 0.125
vt 0.375 0.125
vt 0.3958333432674408 0.125
vt 0.4166666567325592 0.125
vt 0.4375 0.125
vt 0.4583333432674408 0.125
vt 0.4791666567325592 0.125
vt 0.5 0.125
vt 0.5208333134651184 0.125
vt 0.5416666865348816 0.125
vt 0.5625 0.125
vt 0.5833333134651184 0.125
vt 0.6041666865348816 0.125
vt 0.625 0.125
vt 0.6458333134651184 0.125
vt 0.6666666865348816 0.125
vt 0.6875 0.125
vt 0.7083333134651184 0.125
vt 0.7291666865348816 0.125
vt 0.75 0.125
vt 0.7708333134651184 0.125
vt 0.7916666865348816 0.125
vt 0.8125 0.125
vt 0.8333333134651184 0.125
vt 0.8541666865348816 0.125
vt 0.875 0.125
vt 0.8958333134651184 0.125
vt 0.9166666865348816 0.125
vt 0.9375 0.125
vt 0.9583333134651184 0.125
vt 0.9791666865348816 0.125
vt 1 0.125
vt 0 0.1875
vt 0.02083333395421505 0.1875
vt 0.0416666679084301 0.1875
vt 0.0625 0.1875
vt 0.0833333358168602 0.1875
vt 0.1041666641831398 0.1875
vt 0.125 0.1875
vt 0.1458333283662796 0.1875
vt 0.1666666716337204 0.1875
vt 0.1875 0.1875
vt 0.2083333283662796 0.1875
vt 0.2291666716337204 0.1875
vt 0.25 0.1875
vt 0.2708333432674408 0.1875
vt 0.2916666567325592 0.1875
vt 0.3125 0.1875
vt 0.3333333432674408 0.1875
vt 0.3541666567325592 0.1875
vt 0.375 0.1875
vt 0.3958333432674408 0.1875
vt 0.4166666567325592 0.1875
vt 0.4375 0.1875
vt 0.4583333432674408 0.1875
vt 0.4791666567325592 0.1875
vt 0.5 0.1875
vt 0.5208333134651184 0.1875
vt 0.5416666865348816 0.1875
vt 0.5625 0.1875
vt 0.5833333134651184 0.1875
vt 0.6041666865348816 0.1875
vt 0.625 0.1875
vt 0.6458333134651184 0.1875
vt 0.6666666865348816 0.1875
vt 0.6875 0.1875
vt 0.7083333134651184 0.1875
vt 0.7291666865348816 0.1875
vt 0.75 0.1875
vt 0.7708333134651184 0.1875
vt 0.7916666865348816 0.1875
vt 0.8125 0.1875
vt 0.8333333134651184 0.1875
vt 0.8541666865348816 0.1875
vt 0.875 0.1875
vt 0.8958333134651184 0.1875
vt 0.9166666865348816 0.1875
vt 0.9375 0.1875
vt 0.9583333134651184 0.1875
vt 0.9791666865348816 0.1875
vt 1 0.1875
vt 0 0.25
vt 0.02083333395421505 0.25
vt 0.0416666679084301 0.25
vt 0.0625 0.25
vt 0.0833333358168602 0.25
vt 0.1041666641831398 0.25
vt 0.125 0.25
vt 0.1458333283662796 0.25
vt 0.1666666716337204 0.25
vt 0.1875 0.25
vt 0.2083333283662796 0.25
vt 0.2291666716337204 0.25
vt 0.25 0.25
vt 0.2708333432674408 0.25
vt 0.2916666567325592 0.25
vt 0.3125 0.25
vt 0.3333333432674408 0.25
vt 0.3541666567325592 0.25
vt 0.375 0.25
vt 0.3958333432674408 0.25
vt 0.4166666567325592 0.25
vt 0.4375 0.25
vt 0.4583333432674408 0.25
vt 0.4791666567325592 0.25
vt 0.5 0.25
vt 0.5208333134651184 0.25
vt 0.5416666865348816 0.25
vt 0.5625 0.25
vt 0.5833333134651184 0.25
vt 0.6041666865348816 0.25
vt 0.625 0.25
vt 0.6458333134651184 0.25
vt 0.6666666865348816 0.25
vt 0.6875 0.25
vt 0.7083333134651184 0.25
vt 0.7291666865348816 0.25
vt 0.75 0.25
vt 0.7708333134651184 0.25
vt 0.7916666865348816 0.25
vt 0.8125 0.25
vt 0.8333333134651184 0.25
vt 0.8541666865348816 0.25
vt 0.875 0.25
vt 0.8958333134651184 0.25
vt 0.9166666865348816 0.25
vt 0.9375 0.25
vt 0.9583333134651184 0.25
vt 0.9791666865348816 0.25
vt 1 0.25
vt 0 0.3125
vt 0.02083333395421505 0.3125
vt 0.0416666679084301 0.3125
vt 0.0625 0.3125
vt 0.0833333358168602 0.3125
vt 0.1041666641831398 0.3125
vt 0.125 0.3125
vt 0.1458333283662796 0.3125
vt 0.1666666716337204 0.3125
vt 0.1875 0.3125
vt 0.2083333283662796 0.3125
vt 0.2291666716337204 0.3125
vt 0.25 0.3125
vt 0.2708333432674408 0.3125
vt 0.2916666567325592 0.3125
vt 0.3125 0.3125
vt 0.3333333432674408 0.3125
vt 0.3541666567325592 0.3125
vt 0.375 0.3125
vt 0.3958333432674408 0.3125
vt 0.4166666567325592 0.3125
vt 0.4375 0.3125
vt 0.4583333432674408 0.3125
vt 0.4791666567325592 0.3125
vt 0.5 0.3125
vt 0.5208333134651184 0.3125
vt 0.5416666865348816 0.3125
vt 0.5625 0.3125
vt 0.5833333134651184 0.3125
vt 0.6041666865348816 0.3125
vt 0.625 0.3125
vt 0.6458333134651184 0.3125
vt 0.6666666865348816 0.3125
vt 0.6875 0.3125
vt 0.7083333134651184 0.3125
vt 0.7291666865348816 0.3125
vt 0.75 0.3125
vt 0.7708333134651184 0.3125
vt 0.7916666865348816 0.3125
vt 0.8125 0.3125
vt 0.8333333134651184 0.3125
vt 0.8541666865348816 0.3125
vt 0.875 0.3125
vt 0.8958333134651184 0.3125
vt 0.9166666865348816 0.3125
vt 0.9375 0.3125
vt 0.9583333134651184 0.3125
vt 0.9791666865348816 0.3125
vt 1 0.3125
vt 0 0.375
vt 0.02083333395421505 0.375
vt 0.0416666679084301 0.375
vt 0.0625 0.375
vt 0.0833333358168602 0.375
vt 0.1041666641831398 0.375
vt 0.125 0.375
vt 0.1458333283662796 0.375
vt 0.1666666716337204 0.375
vt 0.1875 0.375
vt 0.2083333283662796 0.375
vt 0.2291666716337204 0.375
vt 0.25 0.375
vt 0.2708333432674408 0.375
vt 0.2916666567325592 0.375
vt 0.3125 0.375
vt 0.3333333432674408 0.375
vt 0.3541666567325592 0.375
vt 0.375 0.375
vt 0.3958333432674408 0.375
vt 0.4166666567325592 0.375
vt 0.4375 0.375
vt 0.4583333432674408 0.375
vt 0.4791666567325592 0.375
vt 0.5 0.375
vt 0.5208333134651184 0.375
vt 0.5416666865348816 0.375
vt 0.5625 0.375
vt 0.5833333134651184 0.375
vt 0.6041666865348816 0.375
vt 0.625 0.375
vt 0.6458333134651184 0.375
vt 0.6666666865348816 0.375
vt 0.6875 0.375
vt 0.7083333134651184 0.375
vt 0.7291666865348816 0.375
vt 0.75 0.375
vt 0.7708333134651184 0.375
vt 0.7916666865348816 0.375
vt 0.8125 0.375
vt 0.8333333134651184 0.375
vt 0.8541666865348816 0.375
vt 0.875 0.375
vt 0.8958333134651184 0.375
vt 0.9166666865348816 0.375
vt 0.9375 0.375
vt 0.9583333134651184 0.375
vt 0.9791666865348816 0.375
vt 1 0.375
vt 0 0.4375
vt 0.02083333395421505 0.4375
vt 0.0416666679084301 0.4375
vt 0.0625 0.4375
vt 0.0833333358168602 0.4375
vt 0.1041666641831398 0.4375
vt 0.125 0.4375
vt 0.1458333283662796 0.4375
vt 0.1666666716337204 0.4375
vt 0.1875 0.4375
vt 0.2083333283662796 0.4375
vt 0.2291666716337204 0.4375
vt 0.25 0.4375
vt 0.2708333432674408 0.4375
vt 0.2916666567325592 0.4375
vt 0.3125 0.4375
vt 0.3333333432674408 0.4375
vt 0.3541666567325592 0.4375
vt 0.375 0.4375
vt 0.3958333432674408 0.4375
vt 0.4166666567325592 0.4375
vt 0.4375 0.4375
vt 0.4583333432674408 0.4375
vt 0.4791666567325592 0.4375
vt 0.5 0.4375
vt 0.5208333134651184 0.4375
vt 0.5416666865348816 0.4375
vt 0.5625 0.4375
vt 0.5833333134651184 0.4375
vt 0.6041666865348816 0.4375
vt 0.625 0.4375
vt 0.6458333134651184 0.4375
vt 0.6666666865348816 0.4375
vt 0.6875 0.4375
vt 0.7083333134651184 0.4375
vt 0.7291666865348816 0.4375
vt 0.75 0.4375
vt 0.7708333134651184 0.4375
vt 0.7916666865348816 0.4375
vt 0.8125 0.4375
vt 0.8333333134651184 0.4375
vt 0.8541666865348816 0.4375
vt 0.875 0.4375
vt 0.8958333134651184 0.4375
vt 0.9166666865348816 0.4375
vt 0.9375 0.4375
vt 0.9583333134651184 0.4375
vt 0.9791666865348816 0.4375
vt 1 0.4375
vt 0 0.5
vt 0.02083333395421505 0.5
vt 0.0416666679084301 0.5
vt 0.0625 0.5
vt 0.0833333358168602 0.5
vt 0.1041666641831398 0.5
vt 0.125 0.5
vt 0.1458333283662796 0.5
vt 0.1666666716337204 0.5
vt 0.1875 0.5
vt 0.2083333283662796 0.5
vt 0.2291666716337204 0.5
vt 0.25 0.5
vt 0.2708333432674408 0.5
vt 0.2916666567325592 0.5
vt 0.3125 0.5
vt 0.3333333432674408 0.5
vt 0.3541666567325592 0.5
vt 0.375 0.5
vt 0.3958333432674408 0.5
vt 0.4166666567325592 0.5
vt 0.4375 0.5
vt 0.4583333432674408 0.5
vt 0.4791666567325592 0.5
vt 0.5 0.5
vt 0.5208333134651184 0.5
vt 0.5416666865348816 0.5
vt 0.5625 0.5
vt 0.5833333134651184 0.5
vt 0.6041666865348816 0.5
vt 0.625 0.5
vt 0.6458333134651184 0.5
vt 0.6666666865348816 0.5
vt 0.6875 0.5
vt 0.7083333134651184 0.5
vt 0.7291666865348816 0.5
vt 0.75 0.5
vt 0.7708333134651184 0.5
vt 0.7916666865348816 0.5
vt 0.8125 0.5
vt 0.8333333134651184 0.5
vt 0.8541666865348816 0.5
vt 0.875 0.5
vt 0.8958333134651184 0.5
vt 0.9166666865348816 0.5
vt 0.9375 0.5
vt 0.9583333134651184 0.5
vt 0.9791666865348816 0.5
vt 1 0.5
vt 0 0.5625
vt 0.02083333395421505 0.5625
vt 0.0416666679084301 0.5625
vt 0.0625 0.5625
vt 0.0833333358168602 0.5625
vt 0.1041666641831398 0.5625
vt 0.125 0.5625
vt 0.1458333283662796 0.5625
vt 0.1666666716337204 0.5625
vt 0.1875 0.5625
vt 0.2083333283662796 0.5625
vt 0.2291666716337204 0.5625
vt 0.25 0.5625
vt 0.2708333432674408 0.5625
vt 0.2916666567325592 0.5625
vt 0.3125 0.5625
vt 0.3333333432674408 0.5625
vt 0.3541666567325592 0.5625
vt 0.375 0.5625
vt 0.3958333432674408 0.5625
vt 0.4166666567325592 0.5625
vt 0.4375 0.5625
vt 0.4583333432674408 0.5625
vt 0.4791666567325592 0.5625
vt 0.5 0.5625
vt 0.5208333134651184 0.5625
vt 0.5416666865348816 0.5625
vt 0.5625 0.5625
vt 0.5833333134651184 0.5625
vt 0.6041666865348816 0.5625
vt 0.625 0.5625
vt 0.6458333134651184 0.5625
vt 0.6666666865348816 0.5625
vt 0.6875 0.5625
vt 0.7083333134651184 0.5625
vt 0.7291666865348816 0.5625
vt 0.75 0.5625
vt 0.7708333134651184 0.5625
vt 0.7916666865348816 0.5625
vt 0.8125 0.5625
vt 0.8333333134651184 0.5625
vt 0.8541666865348816 0.5625
vt 0.875 0.5625
vt 0.8958333134651184 0.5625
vt 0.9166666865348816 0.5625
vt 0.9375 0.5625
vt 0.9583333134651184 0.5625
vt 0.9791666865348816 0.5625
vt 1 0.5625
vt 0 0.625
vt 0.02083333395421505 0.625
vt 0.0416666679084301 0.625
vt 0.0625 0.625
vt 0.0833333358168602 0.625
vt 0.1041666641831398 0.625
vt 0.125 0.625
vt 0.1458333283662796 0.625
vt 0.1666666716337204 0.625
vt 0.1875 0.625
vt 0.2083333283662796 0.625
vt 0.2291666716337204 0.625
vt 0.25 0.625
vt 0.2708333432674408 0.625
vt 0.2916666567325592 0.625
vt 0.3125 0.625
vt 0.3333333432674408 0.625
vt 0.3541666567325592 0.625
vt 0.375 0.625
vt 0.3958333432674408 0.625
vt 0.4166666567325592 0.625
vt 0.4375 0.625
vt 0.4583333432674408 0.625
vt 0.4791666567325592 0.625
vt 0.5 0.625
vt 0.5208333134651184 0.625
vt 0.5416666865348816 0.625
vt 0.5625 0.625
vt 0.5833333134651184 0.625
vt 0.6041666865348816 0.625
vt 0.625 0.625
vt 0.6458333134651184 0.625
vt 0.6666666865348816 0.625
vt 0.6875 0.625
vt 0.7083333134651184 0.625
vt 0.7291666865348816 0.625
vt 0.75 0.625
vt 0.7708333134651184 0.625
vt 0.7916666865348816 0.625
vt 0.8125 0.625
vt 0.8333333134651184 0.625
vt 0.8541666865348816 0.625
vt 0.875 0.625
vt 0.8958333134651184 0.625
vt 0.9166666865348816 0.625
vt 0.9375 0.625
vt 0.9583333134651184 0.625
vt 0.9791666865348816 0.625
vt 1 0.625
vt 0 0.6875
vt 0.02083333395421505 0.6875
vt 0.0416666679084301 0.6875
vt 0.0625 0.6875
vt 0.0833333358168602 0.6875
vt 0.1041666641831398 0.6875
vt 0.125 0.6875
vt 0.1458333283662796 0.6875
vt 0.1666666716337204 0.6875
vt 0.1875 0.6875
vt 0.2083333283662796 0.6875
vt 0.2291666716337204 0.6875
vt 0.25 0.6875
vt 0.2708333432674408 0.6875
vt 0.2916666567325592 0.6875
vt 0.3125 0.6875
vt 0.3333333432674408 0.6875
vt 0.3541666567325592 0.6875
vt 0.375 0.6875
vt 0.3958333432674408 0.6875
vt 0.4166666567325592 0.6875
vt 0.4375 0.6875
vt 0.4583333432674408 0.6875
vt 0.4791666567325592 0.6875
vt 0.5 0.6875
vt 0.5208333134651184 0.6875
vt 0.5416666865348816 0.6875
vt 0.5625 0.6875
vt 0.5833333134651184 0.6875
vt 0.6041666865348816 0.6875
vt 0.625 0.6875
vt 0.6458333134651184 0.6875
vt 0.6666666865348816 0.6875
vt 0.6875 0.6875
vt 0.7083333134651184 0.6875
vt 0.7291666865348816 0.6875
vt 0.75 0.6875
vt 0.7708333134651184 0.6875
vt 0.7916666865348816 0.6875
vt 0.8125 0.6875
vt 0.8333333134651184 0.6875
vt 0.8541666865348816 0.6875
vt 0.875 0.6875
vt 0.8958333134651184 0.6875
vt 0.9166666865348816 0.6875
vt 0.9375 0.6875
vt 0.9583333134651184 0.6875
vt 0.9791666865348816 0.6875
vt 1 0.6875
vt 0 0.75
vt 0.02083333395421505 0.75
vt 0.0416666679084301 0.75
vt 0.0625 0.75
vt 0.0833333358168602 0.75
vt 0.1041666641831398 0.75
vt 0.125 0.75
vt 0.1458333283662796 0.75
vt 0.1666666716337204 0.75
vt 0.1875 0.75
vt 0.2083333283662796 0.75
vt 0.2291666716337204 0.75
vt 0.25 0.75
vt 0.2708333432674408 0.75
vt 0.2916666567325592 0.75
vt 0.3125 0.75
vt 0.3333333432674408 0.75
vt 0.3541666567325592 0.75
vt 0.375 0.75
vt 0.3958333432674408 0.75
vt 0.4166666567325592 0.75
vt 0.4375 0.75
vt 0.4583333432674408 0.75
vt 0.4791666567325592 0.75
vt 0.5 0.75
vt 0.5208333134651184 0.75
vt 0.5416666865348816 0.75
vt 0.5625 0.75
vt 0.5833333134651184 0.75
vt 0.6041666865348816 0.75
vt 0.625 0.75
vt 0.6458333134651184 0.75
vt 0.6666666865348816 0.75
vt 0.6875 0.75
vt 0.7083333134651184 0.75
vt 0.7291666865348816 0.75
vt 0.75 0.75
vt 0.7708333134651184 0.75
vt 0.7916666865348816 0.75
vt 0.8125 0.75
vt 0.8333333134651184 0.75
vt 0.8541666865348816 0.75
vt 0.875 0.75
vt 0.8958333134651184 0.75
vt 0.9166666865348816 0.75
vt 0.9375 0.75
vt 0.9583333134651184 0.75
vt 0.9791666865348816 0.75
vt 1 0.75
vt 0 0.8125
vt 0.02083333395421505 0.8125
vt 0.0416666679084301 0.8125
vt 0.0625 0.8125
vt 0.0833333358168602 0.8125
vt 0.1041666641831398 0.8125
vt 0.125 0.8125
vt 0.1458333283662796 0.8125
vt 0.1666666716337204 0.8125
vt 0.1875 0.8125
vt 0.2083333283662796 0.8125
vt 0.2291666716337204 0.8125
vt 0.25 0.8125
vt 0.2708333432674408 0.8125
vt 0.2916666567325592 0.8125
vt 0.3125 0.8125
vt 0.3333333432674408 0.8125
vt 0.3541666567325592 0.8125
vt 0.375 0.8125
vt 0.3958333432674408 0.8125
vt 0.4166666567325592 0.8125
vt 0.4375 0.8125
vt 0.4583333432674408 0.8125
vt 0.4791666567325592 0.8125
vt 0.5 0.8125
vt 0.5208333134651184 0.8125
vt 0.5416666865348816 0.8125
vt 0.5625 0.8125
vt 0.5833333134651184 0.8125
vt 0.6041666865348816 0.8125
vt 0.625 0.8125
vt 0.6458333134651184 0.8125
vt 0.6666666865348816 0.8125
vt 0.6875 0.8125
vt 0.7083333134651184 0.8125
vt 0.7291666865348816 0.8125
vt 0.75 0.8125
vt 0.7708333134651184 0.8125
vt 0.7916666865348816 0.8125
vt 0.8125 0.8125
vt 0.8333333134651184 0.8125
vt 0.8541666865348816 0.8125
vt 0.875 0.8125
vt 0.8958333134651184 0.8125
vt 0.9166666865348816 0.8125
vt 0.9375 0.8125
vt 0.9583333134651184 0.8125
vt 0.9791666865348816 0.8125
vt 1 0.8125
vt 0 0.875
vt 0.02083333395421505 0.875
vt 0.0416666679084301 0.875
vt 0.0625 0.875
vt 0.0833333358168602 0.875
vt 0.1041666641831398 0.875
vt 0.125 0.875
vt 0.1458333283662796 0.875
vt 0.1666666716337204 0.875
vt 0.1875 0.875
vt 0.2083333283662796 0.875
vt 0.2291666716337204 0.875
vt 0.25 0.875
vt 0.2708333432674408 0.875
vt 0.2916666567325592 0.875
vt 0.3125 0.875
vt 0.3333333432674408 0.875
vt 0.3541666567325592 0.875
vt 0.375 0.875
vt 0.3958333432674408 0.875
vt 0.4166666567325592 0.875
vt 0.4375 0.875
vt 0.4583333432674408 0.875
vt 0.4791666567325592 0.875
vt 0.5 0.875
vt 0.5208333134651184 0.875
vt 0.5416666865348816 0.875
vt 0.5625 0.875
vt 0.5833333134651184 0.875
vt 0.6041666865348816 0.875
vt 0.625 0.875
vt 0.6458333134651184 0.875
vt 0.6666666865348816 0.875
vt 0.6875 0.875
vt 0.7083333134651184 0.875
vt 0.7291666865348816 0.875
vt 0.75 0.875
vt 0.7708333134651184 0.875
vt 0.7916666865348816 0.875
vt 0.8125 0.875
vt 0.8333333134651184 0.875
vt 0.8541666865348816 0.875
vt 0.875 0.875
vt 0.8958333134651184 0.875
vt 0.9166666865348816 0.875
vt 0.9375 0.875
vt 0.9583333134651184 0.875
vt 0.9791666865348816 0.875
vt 1 0.875
vt 0 0.9375
vt 0.02083333395421505 0.9375
vt 0.0416666679084301 0.9375
vt 0.0625 0.9375
vt 0.0833333358168602 0.9375
vt 0.1041666641831398 0.9375
vt 0.125 0.9375
vt 0.1458333283662796 0.9375
vt 0.1666666716337204 0.9375
vt 0.1875 0.9375
vt 0.2083333283662796 0.9375
vt 0.2291666716337204 0.9375
vt 0.25 0.9375
vt 0.2708333432674408 0.9375
vt 0.2916666567325592 0.9375
vt 0.3125 0.9375
vt 0.3333333432674408 0.9375
vt 0.3541666567325592 0.9375
vt 0.375 0.9375
vt 0.3958333432674408 0.9375
vt 0.4166666567325592 0.9375
vt 0.4375 0.9375
vt 0.4583333432674408 0.9375
vt 0.4791666567325592 0.9375
vt 0.5 0.9375
vt 0.5208333134651184 0.9375
vt 0.5416666865348816 0.9375
vt 0.5625 0.9375
vt 0.5833333134651184 0.9375
vt 0.6041666865348816 0.9375
vt 0.625 0.9375
vt 0.6458333134651184 0.9375
vt 0.6666666865348816 0.9375
vt 0.6875 0.9375
vt 0.7083333134651184 0.9375
vt 0.7291666865348816 0.9375
vt 0.75 0.9375
vt 0.7708333134651184 0.9375
vt 0.7916666865348816 0.9375
vt 0.8125 0.9375
vt 0.8333333134651184 0.9375
vt 0.8541666865348816 0.9375
vt 0.875 0.9375
vt 0.8958333134651184 0.9375
vt 0.9166666865348816 0.9375
vt 0.9375 0.9375
vt 0.9583333134651184 0.9375
vt 0.9791666865348816 0.9375
vt 1 0.9375
vt 0 1
vt 0.02083333395421505 1
vt 0.0416666679084301 1
vt 0.0625 1
vt 0.0833333358168602 1
vt 0.1041666641831398 1
vt 0.125 1
vt 0.1458333283662796 1
vt 0.1666666716337204 1
vt 0.1875 1
vt 0.2083333283662796 1
vt 0.2291666716337204 1
vt 0.25 1
vt 0.2708333432674408 1
vt 0.2916666567325592 1
vt 0.3125 1
vt 0.3333333432674408 1
vt 0.3541666567325592 1
vt 0.375 1
vt 0.3958333432674408 1
vt 0.4166666567325592 1
vt 0.4375 1
vt 0.4583333432674408 1
vt 0.4791666567325592 1
vt 0.5 1
vt 0.5208333134651184 1
vt 0.5416666865348816 1
vt 0.5625 1
vt 0.5833333134651184 1
vt 0.6041666865348816 1
vt 0.625 1
vt 0.6458333134651184 1
vt 0.6666666865348816 1
vt 0.6875 1
vt 0.7083333134651184 1
vt 0.7291666865348816 1
vt 0.75 1
vt 0.7708333134651184 1
vt 0.7916666865348816 1
vt 0.8125 1
vt 0.8333333134651184 1
vt 0.8541666865348816 1
vt 0.875 1
vt 0.8958333134651184 1
vt 0.9166666865348816 1
vt 0.9375 1
vt 0.9583333134651184 1
vt 0.9791666865348816 1
vt 1 1
vn 1 0 0
vn 0.9914448627185043 -0.13052618200608704 5.796526903182865e-17
vn 0.9659258257467466 -0.2588190471264927 1.1493874613255025e-16
vn 0.9238795305660377 -0.3826834370613369 1.6994558518727527e-16
vn 0.8660253998985324 -0.5000000067305869 2.220446079140123e-16
vn 0.7933533320874723 -0.6087614397000725 2.703443867435917e-16
vn 0.7071067811865476 -0.7071067811865476 3.1401849173675503e-16
vn 0.6087614397000725 -0.7933533320874723 3.523196543786399e-16
vn 0.5000000067305869 -0.8660253998985324 3.8459253555102377e-16
vn 0.3826834370613369 -0.9238795305660377 4.1028493072571844e-16
vn 0.2588190471264927 -0.9659258257467466 4.2895723672964195e-16
vn 0.13052618200608704 -0.9914448627185043 4.4028996569456438e-16
vn 6.123234262925839e-17 -1 4.440892098500626e-16
vn -0.13052618200608704 -0.9914448627185043 4.4028996569456438e-16
vn -0.2588190471264927 -0.9659258257467466 4.2895723672964195e-16
vn -0.3826834370613369 -0.9238795305660377 4.1028493072571844e-16
vn -0.5000000067305869 -0.8660253998985324 3.8459253555102377e-16
vn -0.6087614397000725 -0.7933533320874723 3.523196543786399e-16
vn -0.7071067811865476 -0.7071067811865476 3.1401849173675503e-16
vn -0.7933533320874723 -0.6087614397000725 2.703443867435917e-16
vn -0.8660253998985324 -0.5000000067305869 2.220446079140123e-16
vn -0.9238795305660377 -0.3826834370613369 1.6994558518727527e-16
vn -0.9659258257467466 -0.2588190471264927 1.1493874613255025e-16
vn -0.9914448627185043 -0.13052618200608704 5.796526903182865e-17
vn -1 -1.2246468525851679e-16 5.438524531099133e-32
vn -0.9914448627185043 0.13052618200608704 -5.796526903182865e-17
vn -0.9659258257467466 0.2588190471264927 -1.1493874613255025e-16
vn -0.9238795305660377 0.3826834370613369 -1.6994558518727527e-16
vn -0.8660253998985324 0.5000000067305869 -2.220446079140123e-16
vn -0.7933533320874723 0.6087614397000725 -2.703443867435917e-16
vn -0.7071067811865476 0.7071067811865476 -3.1401849173675503e-16
vn -0.6087614397000725 0.7933533320874723 -3.523196543786399e-16
vn -0.5000000067305869 0.8660253998985324 -3.8459253555102377e-16
vn -0.3826834370613369 0.9238795305660377 -4.1028493072571844e-16
vn -0.2588190471264927 0.9659258257467466 -4.2895723672964195e-16
vn -0.13052618200608704 0.9914448627185043 -4.4028996569456438e-16
vn -1.8369701465288538e-16 1 -4.440892098500626e-16
vn 0.13052618200608704 0.9914448627185043 -4.4028996569456438e-16
vn 0.2588190471264927 0.9659258257467466 -4.2895723672964195e-16
vn 0.3826834370613369 0.9238795305660377 -4.1028493072571844e-16
vn 0.5000000067305869 0.8660253998985324 -3.8459253555102377e-16
vn 0.6087614397000725 0.7933533320874723 -3.523196543786399e-16
vn 0.7071067811865476 0.7071067811865476 -3.1401849173675503e-16
vn 0.7933533320874723 0.6087614397000725 -2.703443867435917e-16
vn 0.8660253998985324 0.5000000067305869 -2.220446079140123e-16
vn 0.9238795305660377 0.3826834370613369 -1.6994558518727527e-16
vn 0.9659258257467466 0.2588190471264927 -1.1493874613255025e-16
vn 0.9914448627185043 0.13052618200608704 -5.796526903182865e-17
vn 1 2.4492937051703357e-16 -1.0877049062198266e-31
vn 0.9238795305660377 -1.6994558518727527e-16 -0.3826834370613369
vn 0.9159756195917699 -0.1205904767742652 -0.3826834216749249
vn 0.8923990963690794 -0.23911762873177542 -0.38268343631432933
vn 0.8535534008993343 -0.3535533789731765 -0.3826834201135839
vn 0.8001031461262758 -0.4619397625922865 -0.38268343483226086
vn 0.7329629152568005 -0.5624222227648429 -0.38268343078647366
vn 0.653281488012237 -0.6532814880122372 -0.3826834133340964
vn 0.5624222227648427 -0.7329629152568007 -0.38268343078647354
vn 0.4619397625922863 -0.800103146126276 -0.38268343483226075
vn 0.35355337897317635 -0.8535534008993345 -0.3826834201135837
vn 0.23911762873177525 -0.8923990963690797 -0.38268343631432905
vn 0.12059047677426503 -0.9159756195917701 -0.3826834216749246
vn 5.657130722319694e-17 -0.9238795305660377 -0.38268343706133645
vn -0.12059047677426503 -0.9159756195917701 -0.3826834216749246
vn -0.23911762873177525 -0.8923990963690797 -0.38268343631432905
vn -0.35355337897317635 -0.8535534008993345 -0.3826834201135837
vn -0.4619397625922863 -0.800103146126276 -0.38268343483226075
vn -0.5624222227648427 -0.7329629152568007 -0.38268343078647354
vn -0.653281488012237 -0.6532814880122372 -0.3826834133340964
vn -0.7329629152568005 -0.5624222227648429 -0.38268343078647366
vn -0.8001031461262758 -0.4619397625922865 -0.38268343483226086
vn -0.8535534008993343 -0.3535533789731765 -0.3826834201135839
vn -0.8923990963690794 -0.23911762873177542 -0.38268343631432933
vn -0.9159756195917699 -0.1205904767742652 -0.3826834216749249
vn -0.9238795305660377 -2.830881996336692e-16 -0.3826834370613369
vn -0.9159756195917699 0.12059047677426486 -0.38268342167492503
vn -0.8923990963690794 0.23911762873177508 -0.38268343631432955
vn -0.8535534008993343 0.3535533789731762 -0.38268342011358425
vn -0.8001031461262758 0.46193976259228614 -0.3826834348322613
vn -0.7329629152568005 0.5624222227648424 -0.3826834307864741
vn -0.653281488012237 0.6532814880122367 -0.38268341333409694
vn -0.5624222227648427 0.7329629152568002 -0.3826834307864742
vn -0.4619397625922864 0.8001031461262756 -0.38268343483226147
vn -0.35355337897317635 0.8535534008993341 -0.38268342011358447
vn -0.23911762873177525 0.8923990963690792 -0.38268343631432983
vn -0.12059047677426506 0.9159756195917699 -0.3826834216749255
vn -1.6971392166959086e-16 0.9238795305660374 -0.3826834370613373
vn 0.12059047677426506 0.9159756195917699 -0.3826834216749255
vn 0.23911762873177525 0.8923990963690792 -0.38268343631432983
vn 0.35355337897317635 0.8535534008993341 -0.38268342011358447
vn 0.4619397625922864 0.8001031461262756 -0.38268343483226147
vn 0.5624222227648427 0.7329629152568002 -0.3826834307864742
vn 0.653281488012237 0.6532814880122367 -0.38268341333409694
vn 0.7329629152568005 0.5624222227648424 -0.3826834307864741
vn 0.8001031461262758 0.46193976259228614 -0.3826834348322613
vn 0.8535534008993343 0.3535533789731762 -0.38268342011358425
vn 0.8923990963690794 0.23911762873177508 -0.38268343631432955
vn 0.9159756195917699 0.12059047677426486 -0.38268342167492503
vn 0.9238795305660377 5.633964370551256e-17 -0.3826834370613369
vn 0.7071067811865476 -3.1401849173675503e-16 -0.7071067811865476
vn 0.7010573857025345 -0.092295953619104 -0.7071067804069397
vn 0.68301271859882 -0.18301270759503133 -0.7071067635732139
vn 0.6532815030743456 -0.2705980511147488 -0.7071067617226011
vn 0.6123724561743086 -0.35355338349930854 -0.7071067669986163
vn 0.5609855204465076 -0.4304593319519773 -0.7071067878226163
vn 0.5000000042785677 -0.500000004278568 -0.7071067751357386
vn 0.43045933195197694 -0.560985520446508 -0.7071067878226163
vn 0.3535533834993082 -0.6123724561743089 -0.7071067669986162
vn 0.2705980511147485 -0.653281503074346 -0.7071067617226009
vn 0.18301270759503102 -0.6830127185988203 -0.7071067635732137
vn 0.09229595361910369 -0.7010573857025348 -0.7071067804069394
vn 4.329780375814312e-17 -0.7071067811865479 -0.7071067811865472
vn -0.09229595361910369 -0.7010573857025348 -0.7071067804069394
vn -0.18301270759503102 -0.6830127185988203 -0.7071067635732137
vn -0.2705980511147485 -0.653281503074346 -0.7071067617226009
vn -0.3535533834993082 -0.6123724561743089 -0.7071067669986162
vn -0.43045933195197694 -0.560985520446508 -0.7071067878226163
vn -0.5000000042785677 -0.500000004278568 -0.7071067751357386
vn -0.5609855204465076 -0.4304593319519773 -0.7071067878226163
vn -0.6123724561743086 -0.35355338349930854 -0.7071067669986163
vn -0.6532815030743456 -0.2705980511147488 -0.7071067617226011
vn -0.68301271859882 -0.18301270759503133 -0.7071067635732139
vn -0.7010573857025345 -0.092295953619104 -0.7071067804069397
vn -0.7071067811865476 -4.0061409925304123e-16 -0.7071067811865476
vn -0.7010573857025345 0.09229595361910337 -0.7071067804069397
vn -0.68301271859882 0.18301270759503072 -0.7071067635732141
vn -0.6532815030743456 0.27059805111474816 -0.7071067617226013
vn -0.6123724561743086 0.35355338349930787 -0.7071067669986165
vn -0.5609855204465076 0.4304593319519766 -0.7071067878226167
vn -0.5000000042785677 0.5000000042785674 -0.707106775135739
vn -0.43045933195197694 0.5609855204465073 -0.7071067878226167
vn -0.3535533834993082 0.6123724561743082 -0.7071067669986166
vn -0.2705980511147485 0.6532815030743453 -0.7071067617226016
vn -0.18301270759503102 0.6830127185988196 -0.7071067635732143
vn -0.09229595361910369 0.7010573857025342 -0.7071067804069401
vn -1.2989340465698435e-16 0.7071067811865472 -0.7071067811865479
vn 0.09229595361910369 0.7010573857025342 -0.7071067804069401
vn 0.18301270759503102 0.6830127185988196 -0.7071067635732143
vn 0.2705980511147485 0.6532815030743453 -0.7071067617226016
vn 0.3535533834993082 0.6123724561743082 -0.7071067669986166
vn 0.43045933195197694 0.5609855204465073 -0.7071067878226167
vn 0.5000000042785677 0.5000000042785674 -0.707106775135739
vn 0.5609855204465076 0.4304593319519766 -0.7071067878226167
vn 0.6123724561743086 0.35355338349930787 -0.7071067669986165
vn 0.6532815030743456 0.27059805111474816 -0.7071067617226013
vn 0.68301271859882 0.18301270759503072 -0.7071067635732141
vn 0.7010573857025345 0.09229595361910337 -0.7071067804069397
vn 0.7071067811865476 -1.4082727670418253e-16 -0.7071067811865476
vn 0.3826834370613369 -4.1028493072571844e-16 -0.9238795305660377
vn 0.3794095318275573 -0.04995021355798158 -0.9238795285771333
vn 0.3696438175018387 -0.09904576363336509 -0.9238795294241295
vn 0.3535533942319051 -0.14644661947103285 -0.9238795295235226
vn 0.3314135766963612 -0.1913417186308503 -0.9238795310497563
vn 0.3036031813708991 -0.2329629133192488 -0.9238795318001569
vn 0.2705980604439119 -0.27059806044391227 -0.9238795264362047
vn 0.23296291331924837 -0.3036031813708995 -0.9238795318001569
vn 0.1913417186308499 -0.33141357669636157 -0.9238795310497563
vn 0.14644661947103244 -0.3535533942319055 -0.9238795295235226
vn 0.09904576363336468 -0.3696438175018391 -0.9238795294241294
vn 0.04995021355798117 -0.3794095318275577 -0.9238795285771331
vn 2.3432603017245014e-17 -0.3826834370613373 -0.9238795305660374
vn -0.04995021355798117 -0.3794095318275577 -0.9238795285771331
vn -0.09904576363336468 -0.3696438175018391 -0.9238795294241294
vn -0.14644661947103244 -0.3535533942319055 -0.9238795295235226
vn -0.1913417186308499 -0.33141357669636157 -0.9238795310497563
vn -0.23296291331924837 -0.3036031813708995 -0.9238795318001569
vn -0.2705980604439119 -0.27059806044391227 -0.9238795264362047
vn -0.3036031813708991 -0.2329629133192488 -0.9238795318001569
vn -0.3314135766963612 -0.1913417186308503 -0.9238795310497563
vn -0.3535533942319051 -0.14644661947103285 -0.9238795295235226
vn -0.3696438175018387 -0.09904576363336509 -0.9238795294241295
vn -0.3794095318275573 -0.04995021355798158 -0.9238795285771333
vn -0.3826834370613369 -4.571501367602084e-16 -0.9238795305660377
vn -0.3794095318275573 0.04995021355798076 -0.9238795285771333
vn -0.3696438175018387 0.09904576363336426 -0.9238795294241295
vn -0.3535533942319051 0.14644661947103202 -0.9238795295235228
vn -0.3314135766963612 0.19134171863084948 -0.9238795310497565
vn -0.3036031813708991 0.23296291331924796 -0.9238795318001571
vn -0.2705980604439119 0.2705980604439115 -0.923879526436205
vn -0.23296291331924837 0.3036031813708987 -0.9238795318001571
vn -0.1913417186308499 0.3314135766963608 -0.9238795310497565
vn -0.14644661947103244 0.35355339423190474 -0.9238795295235228
vn -0.09904576363336468 0.36964381750183833 -0.9238795294241297
vn -0.04995021355798117 0.37940953182755693 -0.9238795285771335
vn -7.029780739737376e-17 0.38268343706133645 -0.9238795305660377
vn 0.04995021355798117 0.37940953182755693 -0.9238795285771335
vn 0.09904576363336468 0.36964381750183833 -0.9238795294241297
vn 0.14644661947103244 0.35355339423190474 -0.9238795295235228
vn 0.1913417186308499 0.3314135766963608 -0.9238795310497565
vn 0.23296291331924837 0.3036031813708987 -0.9238795318001571
vn 0.2705980604439119 0.2705980604439115 -0.923879526436205
vn 0.3036031813708991 0.23296291331924796 -0.9238795318001571
vn 0.3314135766963612 0.19134171863084948 -0.9238795310497565
vn 0.3535533942319051 0.14644661947103202 -0.9238795295235228
vn 0.3696438175018387 0.09904576363336426 -0.9238795294241295
vn 0.3794095318275573 0.04995021355798076 -0.9238795285771333
vn 0.3826834370613369 -3.1655451865673836e-16 -0.9238795305660377
vn 0 -4.440892098500626e-16 -1
vn 0 -4.440892098500626e-16 -1
vn 0 -4.440892098500626e-16 -1
vn 0 -4.440892098500626e-16 -1
vn 0 -4.440892098500626e-16 -1
vn 0 -4.440892098500626e-16 -1
vn 0 -4.440892098500626e-16 -1
vn 0 -4.440892098500626e-16 -1
vn 0 -4.440892098500626e-16 -1
vn 0 -4.440892098500626e-16 -1
vn 0 -4.440892098500626e-16 -1
vn 0 -4.440892098500626e-16 -1
vn 0 -4.440892098500626e-16 -1
vn 0 -4.440892098500626e-16 -1
vn 0 -4.440892098500626e-16 -1
vn 0 -4.440892098500626e-16 -1
vn 0 -4.440892098500626e-16 -1
vn 0 -4.440892098500626e-16 -1
vn 0 -4.440892098500626e-16 -1
vn 0 -4.440892098500626e-16 -1
vn 0 -4.440892098500626e-16 -1
vn 0 -4.440892098500626e-16 -1
vn 0 -4.440892098500626e-16 -1
vn 0 -4.440892098500626e-16 -1
vn 0 -4.440892098500626e-16 -1
vn 0 -4.440892098500626e-16 -1
vn 0 -4.440892098500626e-16 -1
vn 0 -4.440892098500626e-16 -1
vn 0 -4.440892098500626e-16 -1
vn 0 -4.440892098500626e-16 -1
vn 0 -4.440892098500626e-16 -1
vn 0 -4.440892098500626e-16 -1
vn 0 -4.440892098500626e-16 -1
vn 0 -4.440892098500626e-16 -1
vn 0 -4.440892098500626e-16 -1
vn 0 -4.440892098500626e-16 -1
vn 0 -4.440892098500626e-16 -1
vn 0 -4.440892098500626e-16 -1
vn 0 -4.440892098500626e-16 -1
vn 0 -4.440892098500626e-16 -1
vn 0 -4.440892098500626e-16 -1
vn 0 -4.440892098500626e-16 -1
vn 0 -4.440892098500626e-16 -1
vn 0 -4.440892098500626e-16 -1
vn 0 -4.440892098500626e-16 -1
vn 0 -4.440892098500626e-16 -1
vn 0 -4.440892098500626e-16 -1
vn 0 -4.440892098500626e-16 -1
vn 0 -4.440892098500626e-16 -1
vn -0.3826834370613369 -4.1028493072571844e-16 -0.9238795305660377
vn -0.3794095318275573 0.04995021355798076 -0.9238795285771333
vn -0.3696438175018387 0.09904576363336426 -0.9238795294241295
vn -0.3535533942319051 0.14644661947103202 -0.9238795295235228
vn -0.3314135766963612 0.19134171863084948 -0.9238795310497565
vn -0.3036031813708991 0.23296291331924796 -0.9238795318001571
vn -0.2705980604439119 0.2705980604439115 -0.923879526436205
vn -0.23296291331924837 0.3036031813708987 -0.9238795318001571
vn -0.1913417186308499 0.3314135766963608 -0.9238795310497565
vn -0.14644661947103244 0.35355339423190474 -0.9238795295235228
vn -0.09904576363336468 0.36964381750183833 -0.9238795294241297
vn -0.04995021355798117 0.37940953182755693 -0.9238795285771335
vn -2.343260301724501e-17 0.38268343706133645 -0.9238795305660377
vn 0.04995021355798117 0.37940953182755693 -0.9238795285771335
vn 0.09904576363336468 0.36964381750183833 -0.9238795294241297
vn 0.14644661947103244 0.35355339423190474 -0.9238795295235228
vn 0.1913417186308499 0.3314135766963608 -0.9238795310497565
vn 0.23296291331924837 0.3036031813708987 -0.9238795318001571
vn 0.2705980604439119 0.2705980604439115 -0.923879526436205
vn 0.3036031813708991 0.23296291331924796 -0.9238795318001571
vn 0.3314135766963612 0.19134171863084948 -0.9238795310497565
vn 0.3535533942319051 0.14644661947103202 -0.9238795295235228
vn 0.3696438175018387 0.09904576363336426 -0.9238795294241295
vn 0.3794095318275573 0.04995021355798076 -0.9238795285771333
vn 0.3826834370613369 -3.634197246912284e-16 -0.9238795305660377
vn 0.3794095318275573 -0.04995021355798158 -0.9238795285771333
vn 0.3696438175018387 -0.09904576363336509 -0.9238795294241295
vn 0.3535533942319051 -0.14644661947103285 -0.9238795295235226
vn 0.3314135766963612 -0.1913417186308503 -0.9238795310497563
vn 0.3036031813708991 -0.2329629133192488 -0.9238795318001569
vn 0.2705980604439119 -0.27059806044391227 -0.9238795264362047
vn 0.23296291331924837 -0.3036031813708995 -0.9238795318001569
vn 0.1913417186308499 -0.33141357669636157 -0.9238795310497563
vn 0.14644661947103244 -0.3535533942319055 -0.9238795295235226
vn 0.09904576363336468 -0.3696438175018391 -0.9238795294241294
vn 0.04995021355798117 -0.3794095318275577 -0.9238795285771331
vn 7.029780739737377e-17 -0.3826834370613373 -0.9238795305660374
vn -0.04995021355798117 -0.3794095318275577 -0.9238795285771331
vn -0.09904576363336468 -0.3696438175018391 -0.9238795294241294
vn -0.14644661947103244 -0.3535533942319055 -0.9238795295235226
vn -0.1913417186308499 -0.33141357669636157 -0.9238795310497563
vn -0.23296291331924837 -0.3036031813708995 -0.9238795318001569
vn -0.2705980604439119 -0.27059806044391227 -0.9238795264362047
vn -0.3036031813708991 -0.2329629133192488 -0.9238795318001569
vn -0.3314135766963612 -0.1913417186308503 -0.9238795310497563
vn -0.3535533942319051 -0.14644661947103285 -0.9238795295235226
vn -0.3696438175018387 -0.09904576363336509 -0.9238795294241295
vn -0.3794095318275573 -0.04995021355798158 -0.9238795285771333
vn -0.3826834370613369 -5.040153427946985e-16 -0.9238795305660377
vn -0.7071067811865476 -3.1401849173675503e-16 -0.7071067811865476
vn -0.7010573857025345 0.09229595361910337 -0.7071067804069397
vn -0.68301271859882 0.18301270759503072 -0.7071067635732141
vn -0.6532815030743456 0.27059805111474816 -0.7071067617226013
vn -0.6123724561743086 0.35355338349930787 -0.7071067669986165
vn -0.5609855204465076 0.4304593319519766 -0.7071067878226167
vn -0.5000000042785677 0.5000000042785674 -0.707106775135739
vn -0.43045933195197694 0.5609855204465073 -0.7071067878226167
vn -0.3535533834993082 0.6123724561743082 -0.7071067669986166
vn -0.2705980511147485 0.6532815030743453 -0.7071067617226016
vn -0.18301270759503102 0.6830127185988196 -0.7071067635732143
vn -0.09229595361910369 0.7010573857025342 -0.7071067804069401
vn -4.329780375814312e-17 0.7071067811865472 -0.7071067811865479
vn 0.09229595361910369 0.7010573857025342 -0.7071067804069401
vn 0.18301270759503102 0.6830127185988196 -0.7071067635732143
vn 0.2705980511147485 0.6532815030743453 -0.7071067617226016
vn 0.3535533834993082 0.6123724561743082 -0.7071067669986166
vn 0.43045933195197694 0.5609855204465073 -0.7071067878226167
vn 0.5000000042785677 0.5000000042785674 -0.707106775135739
vn 0.5609855204465076 0.4304593319519766 -0.7071067878226167
vn 0.6123724561743086 0.35355338349930787 -0.7071067669986165
vn 0.6532815030743456 0.27059805111474816 -0.7071067617226013
vn 0.68301271859882 0.18301270759503072 -0.7071067635732141
vn 0.7010573857025345 0.09229595361910337 -0.7071067804069397
vn 0.7071067811865476 -2.274228842204688e-16 -0.7071067811865476
vn 0.7010573857025345 -0.092295953619104 -0.7071067804069397
vn 0.68301271859882 -0.18301270759503133 -0.7071067635732139
vn 0.6532815030743456 -0.2705980511147488 -0.7071067617226011
vn 0.6123724561743086 -0.35355338349930854 -0.7071067669986163
vn 0.5609855204465076 -0.4304593319519773 -0.7071067878226163
vn 0.5000000042785677 -0.500000004278568 -0.7071067751357386
vn 0.43045933195197694 -0.560985520446508 -0.7071067878226163
vn 0.3535533834993082 -0.6123724561743089 -0.7071067669986162
vn 0.2705980511147485 -0.653281503074346 -0.7071067617226009
vn 0.18301270759503102 -0.6830127185988203 -0.7071067635732137
vn 0.09229595361910369 -0.7010573857025348 -0.7071067804069394
vn 1.2989340465698435e-16 -0.7071067811865479 -0.7071067811865472
vn -0.09229595361910369 -0.7010573857025348 -0.7071067804069394
vn -0.18301270759503102 -0.6830127185988203 -0.7071067635732137
vn -0.2705980511147485 -0.653281503074346 -0.7071067617226009
vn -0.3535533834993082 -0.6123724561743089 -0.7071067669986162
vn -0.43045933195197694 -0.560985520446508 -0.7071067878226163
vn -0.5000000042785677 -0.500000004278568 -0.7071067751357386
vn -0.5609855204465076 -0.4304593319519773 -0.7071067878226163
vn -0.6123724561743086 -0.35355338349930854 -0.7071067669986163
vn -0.6532815030743456 -0.2705980511147488 -0.7071067617226011
vn -0.68301271859882 -0.18301270759503133 -0.7071067635732139
vn -0.7010573857025345 -0.092295953619104 -0.7071067804069397
vn -0.7071067811865476 -4.872097067693275e-16 -0.7071067811865476
vn -0.9238795305660377 -1.6994558518727527e-16 -0.3826834370613369
vn -0.9159756195917699 0.12059047677426486 -0.38268342167492503
vn -0.8923990963690794 0.23911762873177508 -0.38268343631432955
vn -0.8535534008993343 0.3535533789731762 -0.38268342011358425
vn -0.8001031461262758 0.46193976259228614 -0.3826834348322613
vn -0.7329629152568005 0.5624222227648424 -0.3826834307864741
vn -0.653281488012237 0.6532814880122367 -0.38268341333409694
vn -0.5624222227648427 0.7329629152568002 -0.3826834307864742
vn -0.4619397625922864 0.8001031461262756 -0.38268343483226147
vn -0.35355337897317635 0.8535534008993341 -0.38268342011358447
vn -0.23911762873177525 0.8923990963690792 -0.38268343631432983
vn -0.12059047677426506 0.9159756195917699 -0.3826834216749255
vn -5.657130722319695e-17 0.9238795305660374 -0.3826834370613373
vn 0.12059047677426506 0.9159756195917699 -0.3826834216749255
vn 0.23911762873177525 0.8923990963690792 -0.38268343631432983
vn 0.35355337897317635 0.8535534008993341 -0.38268342011358447
vn 0.4619397625922864 0.8001031461262756 -0.38268343483226147
vn 0.5624222227648427 0.7329629152568002 -0.3826834307864742
vn 0.653281488012237 0.6532814880122367 -0.38268341333409694
vn 0.7329629152568005 0.5624222227648424 -0.3826834307864741
vn 0.8001031461262758 0.46193976259228614 -0.3826834348322613
vn 0.8535534008993343 0.3535533789731762 -0.38268342011358425
vn 0.8923990963690794 0.23911762873177508 -0.38268343631432955
vn 0.9159756195917699 0.12059047677426486 -0.38268342167492503
vn 0.9238795305660377 -5.680297074088136e-17 -0.3826834370613369
vn 0.9159756195917699 -0.1205904767742652 -0.3826834216749249
vn 0.8923990963690794 -0.23911762873177542 -0.38268343631432933
vn 0.8535534008993343 -0.3535533789731765 -0.3826834201135839
vn 0.8001031461262758 -0.4619397625922865 -0.38268343483226086
vn 0.7329629152568005 -0.5624222227648429 -0.38268343078647366
vn 0.653281488012237 -0.6532814880122372 -0.3826834133340964
vn 0.5624222227648427 -0.7329629152568007 -0.38268343078647354
vn 0.4619397625922863 -0.800103146126276 -0.38268343483226075
vn 0.35355337897317635 -0.8535534008993345 -0.3826834201135837
vn 0.23911762873177525 -0.8923990963690797 -0.38268343631432905
vn 0.12059047677426503 -0.9159756195917701 -0.3826834216749246
vn 1.6971392166959084e-16 -0.9238795305660377 -0.38268343706133645
vn -0.12059047677426503 -0.9159756195917701 -0.3826834216749246
vn -0.23911762873177525 -0.8923990963690797 -0.38268343631432905
vn -0.35355337897317635 -0.8535534008993345 -0.3826834201135837
vn -0.4619397625922863 -0.800103146126276 -0.38268343483226075
vn -0.5624222227648427 -0.7329629152568007 -0.38268343078647354
vn -0.653281488012237 -0.6532814880122372 -0.3826834133340964
vn -0.7329629152568005 -0.5624222227648429 -0.38268343078647366
vn -0.8001031461262758 -0.4619397625922865 -0.38268343483226086
vn -0.8535534008993343 -0.3535533789731765 -0.3826834201135839
vn -0.8923990963690794 -0.23911762873177542 -0.38268343631432933
vn -0.9159756195917699 -0.1205904767742652 -0.3826834216749249
vn -0.9238795305660377 -3.962308140800631e-16 -0.3826834370613369
vn -1 -5.438524531099133e-32 -1.2246468525851679e-16
vn -0.9914448627185043 0.13052618200608704 -1.8042995144784088e-16
vn -0.9659258257467466 0.2588190471264927 -2.3740343304250137e-16
vn -0.9238795305660377 0.3826834370613369 -2.924102739402343e-16
vn -0.8660253998985324 0.5000000067305869 -3.4450929482104752e-16
vn -0.7933533320874723 0.6087614397000725 -3.9280907399638767e-16
vn -0.7071067811865476 0.7071067811865476 -4.3648317909116564e-16
vn -0.6087614397000725 0.7933533320874723 -4.747843416314358e-16
vn -0.5000000067305869 0.8660253998985324 -5.070572224580589e-16
vn -0.3826834370613369 0.9238795305660377 -5.327496194786774e-16
vn -0.2588190471264927 0.9659258257467466 -5.51421923639593e-16
vn -0.13052618200608704 0.9914448627185043 -5.627546481105765e-16
vn -6.123234262925839e-17 1 -5.665538951085794e-16
vn 0.13052618200608704 0.9914448627185043 -5.627546481105765e-16
vn 0.2588190471264927 0.9659258257467466 -5.51421923639593e-16
vn 0.3826834370613369 0.9238795305660377 -5.327496194786774e-16
vn 0.5000000067305869 0.8660253998985324 -5.070572224580589e-16
vn 0.6087614397000725 0.7933533320874723 -4.747843416314358e-16
vn 0.7071067811865476 0.7071067811865476 -4.3648317909116564e-16
vn 0.7933533320874723 0.6087614397000725 -3.9280907399638767e-16
vn 0.8660253998985324 0.5000000067305869 -3.4450929482104752e-16
vn 0.9238795305660377 0.3826834370613369 -2.924102739402343e-16
vn 0.9659258257467466 0.2588190471264927 -2.3740343304250137e-16
vn 0.9914448627185043 0.13052618200608704 -1.8042995144784088e-16
vn 1 1.2246468525851674e-16 -1.2246468525851683e-16
vn 0.9914448627185043 -0.13052618200608704 -6.449941338418355e-17
vn 0.9659258257467466 -0.2588190471264927 -7.525940777400852e-18
vn 0.9238795305660377 -0.3826834370613369 4.748089643431624e-17
vn 0.8660253998985324 -0.5000000067305869 9.957992100697712e-17
vn 0.7933533320874723 -0.6087614397000725 1.4787969949079579e-16
vn 0.7071067811865476 -0.7071067811865476 1.9155380438234438e-16
vn 0.6087614397000725 -0.7933533320874723 2.29854967125844e-16
vn 0.5000000067305869 -0.8660253998985324 2.6212784864398856e-16
vn 0.3826834370613369 -0.9238795305660377 2.8782024197275936e-16
vn 0.2588190471264927 -0.9659258257467466 3.0649254981969086e-16
vn 0.13052618200608704 -0.9914448627185043 3.1782528327855216e-16
vn 1.8369701465288538e-16 -1 3.2162452459154583e-16
vn -0.13052618200608704 -0.9914448627185043 3.1782528327855216e-16
vn -0.2588190471264927 -0.9659258257467466 3.0649254981969086e-16
vn -0.3826834370613369 -0.9238795305660377 2.8782024197275936e-16
vn -0.5000000067305869 -0.8660253998985324 2.6212784864398856e-16
vn -0.6087614397000725 -0.7933533320874723 2.29854967125844e-16
vn -0.7071067811865476 -0.7071067811865476 1.9155380438234438e-16
vn -0.7933533320874723 -0.6087614397000725 1.4787969949079579e-16
vn -0.8660253998985324 -0.5000000067305869 9.957992100697712e-17
vn -0.9238795305660377 -0.3826834370613369 4.748089643431624e-17
vn -0.9659258257467466 -0.2588190471264927 -7.525940777400852e-18
vn -0.9914448627185043 -0.13052618200608704 -6.449941338418355e-17
vn -1 -2.449293705170336e-16 -1.2246468525851669e-16
vn -0.9238795305660377 1.6994558518727527e-16 0.3826834370613369
vn -0.9159756195917699 0.1205904767742652 0.3826834216749249
vn -0.8923990963690794 0.23911762873177542 0.38268343631432933
vn -0.8535534008993343 0.3535533789731765 0.3826834201135839
vn -0.8001031461262758 0.4619397625922865 0.38268343483226086
vn -0.7329629152568005 0.5624222227648429 0.38268343078647366
vn -0.653281488012237 0.6532814880122372 0.3826834133340964
vn -0.5624222227648427 0.7329629152568007 0.38268343078647354
vn -0.4619397625922863 0.800103146126276 0.38268343483226075
vn -0.35355337897317635 0.8535534008993345 0.3826834201135837
vn -0.23911762873177525 0.8923990963690797 0.38268343631432905
vn -0.12059047677426503 0.9159756195917701 0.3826834216749246
vn -5.657130722319694e-17 0.9238795305660377 0.38268343706133645
vn 0.12059047677426503 0.9159756195917701 0.3826834216749246
vn 0.23911762873177525 0.8923990963690797 0.38268343631432905
vn 0.35355337897317635 0.8535534008993345 0.3826834201135837
vn 0.4619397625922863 0.800103146126276 0.38268343483226075
vn 0.5624222227648427 0.7329629152568007 0.38268343078647354
vn 0.653281488012237 0.6532814880122372 0.3826834133340964
vn 0.7329629152568005 0.5624222227648429 0.38268343078647366
vn 0.8001031461262758 0.4619397625922865 0.38268343483226086
vn 0.8535534008993343 0.3535533789731765 0.3826834201135839
vn 0.8923990963690794 0.23911762873177542 0.38268343631432933
vn 0.9159756195917699 0.1205904767742652 0.3826834216749249
vn 0.9238795305660377 2.830881996336692e-16 0.3826834370613369
vn 0.9159756195917699 -0.12059047677426486 0.38268342167492503
vn 0.8923990963690794 -0.23911762873177508 0.38268343631432955
vn 0.8535534008993343 -0.3535533789731762 0.38268342011358425
vn 0.8001031461262758 -0.46193976259228614 0.3826834348322613
vn 0.7329629152568005 -0.5624222227648424 0.3826834307864741
vn 0.653281488012237 -0.6532814880122367 0.38268341333409694
vn 0.5624222227648427 -0.7329629152568002 0.3826834307864742
vn 0.4619397625922864 -0.8001031461262756 0.38268343483226147
vn 0.35355337897317635 -0.8535534008993341 0.38268342011358447
vn 0.23911762873177525 -0.8923990963690792 0.38268343631432983
vn 0.12059047677426506 -0.9159756195917699 0.3826834216749255
vn 1.6971392166959086e-16 -0.9238795305660374 0.3826834370613373
vn -0.12059047677426506 -0.9159756195917699 0.3826834216749255
vn -0.23911762873177525 -0.8923990963690792 0.38268343631432983
vn -0.35355337897317635 -0.8535534008993341 0.38268342011358447
vn -0.4619397625922864 -0.8001031461262756 0.38268343483226147
vn -0.5624222227648427 -0.7329629152568002 0.3826834307864742
vn -0.653281488012237 -0.6532814880122367 0.38268341333409694
vn -0.7329629152568005 -0.5624222227648424 0.3826834307864741
vn -0.8001031461262758 -0.46193976259228614 0.3826834348322613
vn -0.8535534008993343 -0.3535533789731762 0.38268342011358425
vn -0.8923990963690794 -0.23911762873177508 0.38268343631432955
vn -0.9159756195917699 -0.12059047677426486 0.38268342167492503
vn -0.9238795305660377 -5.633964370551256e-17 0.3826834370613369
vn -0.7071067811865476 3.1401849173675503e-16 0.7071067811865476
vn -0.7010573857025345 0.092295953619104 0.7071067804069397
vn -0.68301271859882 0.18301270759503133 0.7071067635732139
vn -0.6532815030743456 0.2705980511147488 0.7071067617226011
vn -0.6123724561743086 0.35355338349930854 0.7071067669986163
vn -0.5609855204465076 0.4304593319519773 0.7071067878226163
vn -0.5000000042785677 0.500000004278568 0.7071067751357386
vn -0.43045933195197694 0.560985520446508 0.7071067878226163
vn -0.3535533834993082 0.6123724561743089 0.7071067669986162
vn -0.2705980511147485 0.653281503074346 0.7071067617226009
vn -0.18301270759503102 0.6830127185988203 0.7071067635732137
vn -0.09229595361910369 0.7010573857025348 0.7071067804069394
vn -4.329780375814312e-17 0.7071067811865479 0.7071067811865472
vn 0.09229595361910369 0.7010573857025348 0.7071067804069394
vn 0.18301270759503102 0.6830127185988203 0.7071067635732137
vn 0.2705980511147485 0.653281503074346 0.7071067617226009
vn 0.3535533834993082 0.6123724561743089 0.7071067669986162
vn 0.43045933195197694 0.560985520446508 0.7071067878226163
vn 0.5000000042785677 0.500000004278568 0.7071067751357386
vn 0.5609855204465076 0.4304593319519773 0.7071067878226163
vn 0.6123724561743086 0.35355338349930854 0.7071067669986163
vn 0.6532815030743456 0.2705980511147488 0.7071067617226011
vn 0.68301271859882 0.18301270759503133 0.7071067635732139
vn 0.7010573857025345 0.092295953619104 0.7071067804069397
vn 0.7071067811865476 4.0061409925304123e-16 0.7071067811865476
vn 0.7010573857025345 -0.09229595361910337 0.7071067804069397
vn 0.68301271859882 -0.18301270759503072 0.7071067635732141
vn 0.6532815030743456 -0.27059805111474816 0.7071067617226013
vn 0.6123724561743086 -0.35355338349930787 0.7071067669986165
vn 0.5609855204465076 -0.4304593319519766 0.7071067878226167
vn 0.5000000042785677 -0.5000000042785674 0.707106775135739
vn 0.43045933195197694 -0.5609855204465073 0.7071067878226167
vn 0.3535533834993082 -0.6123724561743082 0.7071067669986166
vn 0.2705980511147485 -0.6532815030743453 0.7071067617226016
vn 0.18301270759503102 -0.6830127185988196 0.7071067635732143
vn 0.09229595361910369 -0.7010573857025342 0.7071067804069401
vn 1.2989340465698435e-16 -0.7071067811865472 0.7071067811865479
vn -0.09229595361910369 -0.7010573857025342 0.7071067804069401
vn -0.18301270759503102 -0.6830127185988196 0.7071067635732143
vn -0.2705980511147485 -0.6532815030743453 0.7071067617226016
vn -0.3535533834993082 -0.6123724561743082 0.7071067669986166
vn -0.43045933195197694 -0.5609855204465073 0.7071067878226167
vn -0.5000000042785677 -0.5000000042785674 0.707106775135739
vn -0.5609855204465076 -0.4304593319519766 0.7071067878226167
vn -0.6123724561743086 -0.35355338349930787 0.7071067669986165
vn -0.6532815030743456 -0.27059805111474816 0.7071067617226013
vn -0.68301271859882 -0.18301270759503072 0.7071067635732141
vn -0.7010573857025345 -0.09229595361910337 0.7071067804069397
vn -0.7071067811865476 1.4082727670418253e-16 0.7071067811865476
vn -0.3826834370613369 4.1028493072571844e-16 0.9238795305660377
vn -0.3794095318275573 0.04995021355798158 0.9238795285771333
vn -0.3696438175018387 0.09904576363336509 0.9238795294241295
vn -0.3535533942319051 0.14644661947103285 0.9238795295235226
vn -0.3314135766963612 0.1913417186308503 0.9238795310497563
vn -0.3036031813708991 0.2329629133192488 0.9238795318001569
vn -0.2705980604439119 0.27059806044391227 0.9238795264362047
vn -0.23296291331924837 0.3036031813708995 0.9238795318001569
vn -0.1913417186308499 0.33141357669636157 0.9238795310497563
vn -0.14644661947103244 0.3535533942319055 0.9238795295235226
vn -0.09904576363336468 0.3696438175018391 0.9238795294241294
vn -0.04995021355798117 0.3794095318275577 0.9238795285771331
vn -2.3432603017245014e-17 0.3826834370613373 0.9238795305660374
vn 0.04995021355798117 0.3794095318275577 0.9238795285771331
vn 0.09904576363336468 0.3696438175018391 0.9238795294241294
vn 0.14644661947103244 0.3535533942319055 0.9238795295235226
vn 0.1913417186308499 0.33141357669636157 0.9238795310497563
vn 0.23296291331924837 0.3036031813708995 0.9238795318001569
vn 0.2705980604439119 0.27059806044391227 0.9238795264362047
vn 0.3036031813708991 0.2329629133192488 0.9238795318001569
vn 0.3314135766963612 0.1913417186308503 0.9238795310497563
vn 0.3535533942319051 0.14644661947103285 0.9238795295235226
vn 0.3696438175018387 0.09904576363336509 0.9238795294241295
vn 0.3794095318275573 0.04995021355798158 0.9238795285771333
vn 0.3826834370613369 4.571501367602084e-16 0.9238795305660377
vn 0.3794095318275573 -0.04995021355798076 0.9238795285771333
vn 0.3696438175018387 -0.09904576363336426 0.9238795294241295
vn 0.3535533942319051 -0.14644661947103202 0.9238795295235228
vn 0.3314135766963612 -0.19134171863084948 0.9238795310497565
vn 0.3036031813708991 -0.23296291331924796 0.9238795318001571
vn 0.2705980604439119 -0.2705980604439115 0.923879526436205
vn 0.23296291331924837 -0.3036031813708987 0.9238795318001571
vn 0.1913417186308499 -0.3314135766963608 0.9238795310497565
vn 0.14644661947103244 -0.35355339423190474 0.9238795295235228
vn 0.09904576363336468 -0.36964381750183833 0.9238795294241297
vn 0.04995021355798117 -0.37940953182755693 0.9238795285771335
vn 7.029780739737376e-17 -0.38268343706133645 0.9238795305660377
vn -0.04995021355798117 -0.37940953182755693 0.9238795285771335
vn -0.09904576363336468 -0.36964381750183833 0.9238795294241297
vn -0.14644661947103244 -0.35355339423190474 0.9238795295235228
vn -0.1913417186308499 -0.3314135766963608 0.9238795310497565
vn -0.23296291331924837 -0.3036031813708987 0.9238795318001571
vn -0.2705980604439119 -0.2705980604439115 0.923879526436205
vn -0.3036031813708991 -0.23296291331924796 0.9238795318001571
vn -0.3314135766963612 -0.19134171863084948 0.9238795310497565
vn -0.3535533942319051 -0.14644661947103202 0.9238795295235228
vn -0.3696438175018387 -0.09904576363336426 0.9238795294241295
vn -0.3794095318275573 -0.04995021355798076 0.9238795285771333
vn -0.3826834370613369 3.1655451865673836e-16 0.9238795305660377
vn 0 4.440892098500626e-16 1
vn 0 4.440892098500626e-16 1
vn 0 4.440892098500626e-16 1
vn 0 4.440892098500626e-16 1
vn 0 4.440892098500626e-16 1
vn 0 4.440892098500626e-16 1
vn 0 4.440892098500626e-16 1
vn 0 4.440892098500626e-16 1
vn 0 4.440892098500626e-16 1
vn 0 4.440892098500626e-16 1
vn 0 4.440892098500626e-16 1
vn 0 4.440892098500626e-16 1
vn 0 4.440892098500626e-16 1
vn 0 4.440892098500626e-16 1
vn 0 4.440892098500626e-16 1
vn 0 4.440892098500626e-16 1
vn 0 4.440892098500626e-16 1
vn 0 4.440892098500626e-16 1
vn 0 4.440892098500626e-16 1
vn 0 4.440892098500626e-16 1
vn 0 4.440892098500626e-16 1
vn 0 4.440892098500626e-16 1
vn 0 4.440892098500626e-16 1
vn 0 4.440892098500626e-16 1
vn 0 4.440892098500626e-16 1
vn 0 4.440892098500626e-16 1
vn 0 4.440892098500626e-16 1
vn 0 4.440892098500626e-16 1
vn 0 4.440892098500626e-16 1
vn 0 4.440892098500626e-16 1
vn 0 4.440892098500626e-16 1
vn 0 4.440892098500626e-16 1
vn 0 4.440892098500626e-16 1
vn 0 4.440892098500626e-16 1
vn 0 4.440892098500626e-16 1
vn 0 4.440892098500626e-16 1
vn 0 4.440892098500626e-16 1
vn 0 4.440892098500626e-16 1
vn 0 4.440892098500626e-16 1
vn 0 4.440892098500626e-16 1
vn 0 4.440892098500626e-16 1
vn 0 4.440892098500626e-16 1
vn 0 4.440892098500626e-16 1
vn 0 4.440892098500626e-16 1
vn 0 4.440892098500626e-16 1
vn 0 4.440892098500626e-16 1
vn 0 4.440892098500626e-16 1
vn 0 4.440892098500626e-16 1
vn 0 4.440892098500626e-16 1
vn 0.3826834370613369 4.1028493072571844e-16 0.9238795305660377
vn 0.3794095318275573 -0.04995021355798076 0.9238795285771333
vn 0.3696438175018387 -0.09904576363336426 0.9238795294241295
vn 0.3535533942319051 -0.14644661947103202 0.9238795295235228
vn 0.3314135766963612 -0.19134171863084948 0.9238795310497565
vn 0.3036031813708991 -0.23296291331924796 0.9238795318001571
vn 0.2705980604439119 -0.2705980604439115 0.923879526436205
vn 0.23296291331924837 -0.3036031813708987 0.9238795318001571
vn 0.1913417186308499 -0.3314135766963608 0.9238795310497565
vn 0.14644661947103244 -0.35355339423190474 0.9238795295235228
vn 0.09904576363336468 -0.36964381750183833 0.9238795294241297
vn 0.04995021355798117 -0.37940953182755693 0.9238795285771335
vn 2.343260301724501e-17 -0.38268343706133645 0.9238795305660377
vn -0.04995021355798117 -0.37940953182755693 0.9238795285771335
vn -0.09904576363336468 -0.36964381750183833 0.9238795294241297
vn -0.14644661947103244 -0.35355339423190474 0.9238795295235228
vn -0.1913417186308499 -0.3314135766963608 0.9238795310497565
vn -0.23296291331924837 -0.3036031813708987 0.9238795318001571
vn -0.2705980604439119 -0.2705980604439115 0.923879526436205
vn -0.3036031813708991 -0.23296291331924796 0.9238795318001571
vn -0.3314135766963612 -0.19134171863084948 0.9238795310497565
vn -0.3535533942319051 -0.14644661947103202 0.9238795295235228
vn -0.3696438175018387 -0.09904576363336426 0.9238795294241295
vn -0.3794095318275573 -0.04995021355798076 0.9238795285771333
vn -0.3826834370613369 3.634197246912284e-16 0.9238795305660377
vn -0.3794095318275573 0.04995021355798158 0.9238795285771333
vn -0.3696438175018387 0.09904576363336509 0.9238795294241295
vn -0.3535533942319051 0.14644661947103285 0.9238795295235226
vn -0.3314135766963612 0.1913417186308503 0.9238795310497563
vn -0.3036031813708991 0.2329629133192488 0.9238795318001569
vn -0.2705980604439119 0.27059806044391227 0.9238795264362047
vn -0.23296291331924837 0.3036031813708995 0.9238795318001569
vn -0.1913417186308499 0.33141357669636157 0.9238795310497563
vn -0.14644661947103244 0.3535533942319055 0.9238795295235226
vn -0.09904576363336468 0.3696438175018391 0.9238795294241294
vn -0.04995021355798117 0.3794095318275577 0.9238795285771331
vn -7.029780739737377e-17 0.3826834370613373 0.9238795305660374
vn 0.04995021355798117 0.3794095318275577 0.9238795285771331
vn 0.09904576363336468 0.3696438175018391 0.9238795294241294
vn 0.14644661947103244 0.3535533942319055 0.9238795295235226
vn 0.1913417186308499 0.33141357669636157 0.9238795310497563
vn 0.23296291331924837 0.3036031813708995 0.9238795318001569
vn 0.2705980604439119 0.27059806044391227 0.9238795264362047
vn 0.3036031813708991 0.2329629133192488 0.9238795318001569
vn 0.3314135766963612 0.1913417186308503 0.9238795310497563
vn 0.3535533942319051 0.14644661947103285 0.9238795295235226
vn 0.3696438175018387 0.09904576363336509 0.9238795294241295
vn 0.3794095318275573 0.04995021355798158 0.9238795285771333
vn 0.3826834370613369 5.040153427946985e-16 0.9238795305660377
vn 0.7071067811865476 3.1401849173675503e-16 0.7071067811865476
vn 0.7010573857025345 -0.09229595361910337 0.7071067804069397
vn 0.68301271859882 -0.18301270759503072 0.7071067635732141
vn 0.6532815030743456 -0.27059805111474816 0.7071067617226013
vn 0.6123724561743086 -0.35355338349930787 0.7071067669986165
vn 0.5609855204465076 -0.4304593319519766 0.7071067878226167
vn 0.5000000042785677 -0.5000000042785674 0.707106775135739
vn 0.43045933195197694 -0.5609855204465073 0.7071067878226167
vn 0.3535533834993082 -0.6123724561743082 0.7071067669986166
vn 0.2705980511147485 -0.6532815030743453 0.7071067617226016
vn 0.18301270759503102 -0.6830127185988196 0.7071067635732143
vn 0.09229595361910369 -0.7010573857025342 0.7071067804069401
vn 4.329780375814312e-17 -0.7071067811865472 0.7071067811865479
vn -0.09229595361910369 -0.7010573857025342 0.7071067804069401
vn -0.18301270759503102 -0.6830127185988196 0.7071067635732143
vn -0.2705980511147485 -0.6532815030743453 0.7071067617226016
vn -0.3535533834993082 -0.6123724561743082 0.7071067669986166
vn -0.43045933195197694 -0.5609855204465073 0.7071067878226167
vn -0.5000000042785677 -0.5000000042785674 0.707106775135739
vn -0.5609855204465076 -0.4304593319519766 0.7071067878226167
vn -0.6123724561743086 -0.35355338349930787 0.7071067669986165
vn -0.6532815030743456 -0.27059805111474816 0.7071067617226013
vn -0.68301271859882 -0.18301270759503072 0.7071067635732141
vn -0.7010573857025345 -0.09229595361910337 0.7071067804069397
vn -0.7071067811865476 2.274228842204688e-16 0.7071067811865476
vn -0.7010573857025345 0.092295953619104 0.7071067804069397
vn -0.68301271859882 0.18301270759503133 0.7071067635732139
vn -0.6532815030743456 0.2705980511147488 0.7071067617226011
vn -0.6123724561743086 0.35355338349930854 0.7071067669986163
vn -0.5609855204465076 0.4304593319519773 0.7071067878226163
vn -0.5000000042785677 0.500000004278568 0.7071067751357386
vn -0.43045933195197694 0.560985520446508 0.7071067878226163
vn -0.3535533834993082 0.6123724561743089 0.7071067669986162
vn -0.2705980511147485 0.653281503074346 0.7071067617226009
vn -0.18301270759503102 0.6830127185988203 0.7071067635732137
vn -0.09229595361910369 0.7010573857025348 0.7071067804069394
vn -1.2989340465698435e-16 0.7071067811865479 0.7071067811865472
vn 0.09229595361910369 0.7010573857025348 0.7071067804069394
vn 0.18301270759503102 0.6830127185988203 0.7071067635732137
vn 0.2705980511147485 0.653281503074346 0.7071067617226009
vn 0.3535533834993082 0.6123724561743089 0.7071067669986162
vn 0.43045933195197694 0.560985520446508 0.7071067878226163
vn 0.5000000042785677 0.500000004278568 0.7071067751357386
vn 0.5609855204465076 0.4304593319519773 0.7071067878226163
vn 0.6123724561743086 0.35355338349930854 0.7071067669986163
vn 0.6532815030743456 0.2705980511147488 0.7071067617226011
vn 0.68301271859882 0.18301270759503133 0.7071067635732139
vn 0.7010573857025345 0.092295953619104 0.7071067804069397
vn 0.7071067811865476 4.872097067693275e-16 0.7071067811865476
vn 0.9238795305660377 1.6994558518727527e-16 0.3826834370613369
vn 0.9159756195917699 -0.12059047677426486 0.38268342167492503
vn 0.8923990963690794 -0.23911762873177508 0.38268343631432955
vn 0.8535534008993343 -0.3535533789731762 0.38268342011358425
vn 0.8001031461262758 -0.46193976259228614 0.3826834348322613
vn 0.7329629152568005 -0.5624222227648424 0.3826834307864741
vn 0.653281488012237 -0.6532814880122367 0.38268341333409694
vn 0.5624222227648427 -0.7329629152568002 0.3826834307864742
vn 0.4619397625922864 -0.8001031461262756 0.38268343483226147
vn 0.35355337897317635 -0.8535534008993341 0.38268342011358447
vn 0.23911762873177525 -0.8923990963690792 0.38268343631432983
vn 0.12059047677426506 -0.9159756195917699 0.3826834216749255
vn 5.657130722319695e-17 -0.9238795305660374 0.3826834370613373
vn -0.12059047677426506 -0.9159756195917699 0.3826834216749255
vn -0.23911762873177525 -0.8923990963690792 0.38268343631432983
vn -0.35355337897317635 -0.8535534008993341 0.38268342011358447
vn -0.4619397625922864 -0.8001031461262756 0.38268343483226147
vn -0.5624222227648427 -0.7329629152568002 0.3826834307864742
vn -0.653281488012237 -0.6532814880122367 0.38268341333409694
vn -0.7329629152568005 -0.5624222227648424 0.3826834307864741
vn -0.8001031461262758 -0.46193976259228614 0.3826834348322613
vn -0.8535534008993343 -0.3535533789731762 0.38268342011358425
vn -0.8923990963690794 -0.23911762873177508 0.38268343631432955
vn -0.9159756195917699 -0.12059047677426486 0.38268342167492503
vn -0.9238795305660377 5.680297074088136e-17 0.3826834370613369
vn -0.9159756195917699 0.1205904767742652 0.3826834216749249
vn -0.8923990963690794 0.23911762873177542 0.38268343631432933
vn -0.8535534008993343 0.3535533789731765 0.3826834201135839
vn -0.8001031461262758 0.4619397625922865 0.38268343483226086
vn -0.7329629152568005 0.5624222227648429 0.38268343078647366
vn -0.653281488012237 0.6532814880122372 0.3826834133340964
vn -0.5624222227648427 0.7329629152568007 0.38268343078647354
vn -0.4619397625922863 0.800103146126276 0.38268343483226075
vn -0.35355337897317635 0.8535534008993345 0.3826834201135837
vn -0.23911762873177525 0.8923990963690797 0.38268343631432905
vn -0.12059047677426503 0.9159756195917701 0.3826834216749246
vn -1.6971392166959084e-16 0.9238795305660377 0.38268343706133645
vn 0.12059047677426503 0.9159756195917701 0.3826834216749246
vn 0.23911762873177525 0.8923990963690797 0.38268343631432905
vn 0.35355337897317635 0.8535534008993345 0.3826834201135837
vn 0.4619397625922863 0.800103146126276 0.38268343483226075
vn 0.5624222227648427 0.7329629152568007 0.38268343078647354
vn 0.653281488012237 0.6532814880122372 0.3826834133340964
vn 0.7329629152568005 0.5624222227648429 0.38268343078647366
vn 0.8001031461262758 0.4619397625922865 0.38268343483226086
vn 0.8535534008993343 0.3535533789731765 0.3826834201135839
vn 0.8923990963690794 0.23911762873177542 0.38268343631432933
vn 0.9159756195917699 0.1205904767742652 0.3826834216749249
vn 0.9238795305660377 3.962308140800631e-16 0.3826834370613369
vn 1 1.0877049062198266e-31 2.4492937051703357e-16
vn 0.9914448627185043 -0.13052618200608704 3.0289463386385307e-16
vn 0.9659258257467466 -0.2588190471264927 3.5986811995245246e-16
vn 0.9238795305660377 -0.3826834370613369 4.1487496269319334e-16
vn 0.8660253998985324 -0.5000000067305869 4.669739817280827e-16
vn 0.7933533320874723 -0.6087614397000725 5.152737612491836e-16
vn 0.7071067811865476 -0.7071067811865476 5.589478664455763e-16
vn 0.6087614397000725 -0.7933533320874723 5.972490288842318e-16
vn 0.5000000067305869 -0.8660253998985324 6.295219093650941e-16
vn 0.3826834370613369 -0.9238795305660377 6.552143082316365e-16
vn 0.2588190471264927 -0.9659258257467466 6.738866105495442e-16
vn 0.13052618200608704 -0.9914448627185043 6.852193305265888e-16
vn 6.123234262925839e-17 -1 6.890185803670962e-16
vn -0.13052618200608704 -0.9914448627185043 6.852193305265888e-16
vn -0.2588190471264927 -0.9659258257467466 6.738866105495442e-16
vn -0.3826834370613369 -0.9238795305660377 6.552143082316365e-16
vn -0.5000000067305869 -0.8660253998985324 6.295219093650941e-16
vn -0.6087614397000725 -0.7933533320874723 5.972490288842318e-16
vn -0.7071067811865476 -0.7071067811865476 5.589478664455763e-16
vn -0.7933533320874723 -0.6087614397000725 5.152737612491836e-16
vn -0.8660253998985324 -0.5000000067305869 4.669739817280827e-16
vn -0.9238795305660377 -0.3826834370613369 4.1487496269319334e-16
vn -0.9659258257467466 -0.2588190471264927 3.5986811995245246e-16
vn -0.9914448627185043 -0.13052618200608704 3.0289463386385307e-16
vn -1 -1.2246468525851669e-16 2.449293705170336e-16
vn -0.9914448627185043 0.13052618200608704 1.8696409580019576e-16
vn -0.9659258257467466 0.2588190471264927 1.2999062768735195e-16
vn -0.9238795305660377 0.3826834370613369 7.49837923186428e-17
vn -0.8660253998985324 0.5000000067305869 2.2884765900058067e-17
vn -0.7933533320874723 0.6087614397000725 -2.541501223799985e-17
vn -0.7071067811865476 0.7071067811865476 -6.908911702793374e-17
vn -0.6087614397000725 0.7933533320874723 -1.0739027987304803e-16
vn -0.5000000067305869 0.8660253998985324 -1.3966316173695337e-16
vn -0.3826834370613369 0.9238795305660377 -1.6535555321980035e-16
vn -0.2588190471264927 0.9659258257467466 -1.8402786290973975e-16
vn -0.13052618200608704 0.9914448627185043 -1.9536060086253995e-16
vn -1.8369701465288538e-16 1 -1.9915983933302905e-16
vn 0.13052618200608704 0.9914448627185043 -1.9536060086253995e-16
vn 0.2588190471264927 0.9659258257467466 -1.8402786290973975e-16
vn 0.3826834370613369 0.9238795305660377 -1.6535555321980035e-16
vn 0.5000000067305869 0.8660253998985324 -1.3966316173695337e-16
vn 0.6087614397000725 0.7933533320874723 -1.0739027987304803e-16
vn 0.7071067811865476 0.7071067811865476 -6.908911702793374e-17
vn 0.7933533320874723 0.6087614397000725 -2.541501223799985e-17
vn 0.8660253998985324 0.5000000067305869 2.2884765900058067e-17
vn 0.9238795305660377 0.3826834370613369 7.49837923186428e-17
vn 0.9659258257467466 0.2588190471264927 1.2999062768735195e-16
vn 0.9914448627185043 0.13052618200608704 1.8696409580019576e-16
vn 1 2.4492937051703367e-16 2.4492937051703347e-16
f 342/342/342 293/293/293 343/343/343
f 293/293/293 294/294/294 343/343/343
f 343/343/343 294/294/294 344/344/344
f 294/294/294 295/295/295 344/344/344
f 344/344/344 295/295/295 345/345/345
f 295/295/295 296/296/296 345/345/345
f 345/345/345 296/296/296 346/346/346
f 296/296/296 297/297/297 346/346/346
f 346/346/346 297/297/297 347/347/347
f 297/297/297 298/298/298 347/347/347
f 347/347/347 298/298/298 348/348/348
f 298/298/298 299/299/299 348/348/348
f 348/348/348 299/299/299 349/349/349
f 299/299/299 300/300/300 349/349/349
f 349/349/349 300/300/300 350/350/350
f 300/300/300 301/301/301 350/350/350
f 350/350/350 301/301/301 351/351/351
f 301/301/301 302/302/302 351/351/351
f 351/351/351 302/302/302 352/352/352
f 302/302/302 303/303/303 352/352/352
f 352/352/352 303/303/303 353/353/353
f 303/303/303 304/304/304 353/353/353
f 353/353/353 304/304/304 354/354/354
f 304/304/304 305/305/305 354/354/354
f 354/354/354 305/305/305 355/355/355
f 305/305/305 306/306/306 355/355/355
f 355/355/355 306/306/306 356/356/356
f 306/306/306 307/307/307 356/356/356
f 356/356/356 307/307/307 357/357/357
f 307/307/307 308/308/308 357/357/357
f 357/357/357 308/308/308 358/358/358
f 308/308/308 309/309/309 358/358/358
f 358/358/358 309/309/309 359/359/359
f 309/309/309 310/310/310 359/359/359
f 359/359/359 310/310/310 360/360/360
f 310/310/310 311/311/311 360/360/360
f 360/360/360 311/311/311 361/361/361
f 311/311/311 312/312/312 361/361/361
f 361/361/361 312/312/312 362/362/362
f 312/312/312 313/313/313 362/362/362
f 362/362/362 313/313/313 363/363/363
f 313/313/313 314/314/314 363/363/363
f 363/363/363 314/314/314 364/364/364
f 314/314/314 315/315/315 364/364/364
f 364/364/364 315/315/315 365/365/365
f 315/315/315 316/316/316 365/365/365
f 365/365/365 316/316/316 366/366/366
f 316/316/316 317/317/317 366/366/366
f 366/366/366 317/317/317 367/367/367
f 317/317/317 318/318/318 367/367/367
f 367/367/367 318/318/318 368/368/368
f 318/318/318 319/319/319 368/368/368
f 368/368/368 319/319/319 369/369/369
f 319/319/319 320/320/320 369/369/369
f 369/369/369 320/320/320 370/370/370
f 320/320/320 321/321/321 370/370/370
f 370/370/370 321/321/321 371/371/371
f 321/321/321 322/322/322 371/371/371
f 371/371/371 322/322/322 372/372/372
f 322/322/322 323/323/323 372/372/372
f 372/372/372 323/323/323 373/373/373
f 323/323/323 324/324/324 373/373/373
f 373/373/373 324/324/324 374/374/374
f 324/324/324 325/325/325 374/374/374
f 374/374/374 325/325/325 375/375/375
f 325/325/325 326/326/326 375/375/375
f 375/375/375 326/326/326 376/376/376
f 326/326/326 327/327/327 376/376/376
f 376/376/376 327/327/327 377/377/377
f 327/327/327 328/328/328 377/377/377
f 377/377/377 328/328/328 378/378/378
f 328/328/328 329/329/329 378/378/378
f 378/378/378 329/329/329 379/379/379
f 329/329/329 330/330/330 379/379/379
f 379/379/379 330/330/330 380/380/380
f 330/330/330 331/331/331 380/380/380
f 380/380/380 331/331/331 381/381/381
f 331/331/331 332/332/332 381/381/381
f 381/381/381 332/332/332 382/382/382
f 332/332/332 333/333/333 382/382/382
f 382/382/382 333/333/333 383/383/383
f 333/333/333 334/334/334 383/383/383
f 383/383/383 334/334/334 384/384/384
f 334/334/334 335/335/335 384/384/384
f 384/384/384 335/335/335 385/385/385
f 335/335/335 336/336/336 385/385/385
f 385/385/385 336/336/336 386/386/386
f 336/336/336 337/337/337 386/386/386
f 386/386/386 337/337/337 387/387/387
f 337/337/337 338/338/338 387/387/387
f 387/387/387 338/338/338 388/388/388
f 338/338/338 339/339/339 388/388/388
f 388/388/388 339/339/339 389/389/389
f 339/339/339 340/340/340 389/389/389
f 389/389/389 340/340/340 390/390/390
f 340/340/340 341/341/341 390/390/390
f 391/391/391 342/342/342 392/392/392
f 342/342/342 343/343/343 392/392/392
f 392/392/392 343/343/343 393/393/393
f 343/343/343 344/344/344 393/393/393
f 393/393/393 344/344/344 394/394/394
f 344/344/344 345/345/345 394/394/394
f 394/394/394 345/345/345 395/395/395
f 345/345/345 346/346/346 395/395/395
f 395/395/395 346/346/346 396/396/396
f 346/346/346 347/347/347 396/396/396
f 396/396/396 347/347/347 397/397/397
f 347/347/347 348/348/348 397/397/397
f 397/397/397 348/348/348 398/398/398
f 348/348/348 349/349/349 398/398/398
f 398/398/398 349/349/349 399/399/399
f 349/349/349 350/350/350 399/399/399
f 399/399/399 350/350/350 400/400/400
f 350/350/350 351/351/351 400/400/400
f 400/400/400 351/351/351 401/401/401
f 351/351/351 352/352/352 401/401/401
f 401/401/401 352/352/352 402/402/402
f 352/352/352 353/353/353 402/402/402
f 402/402/402 353/353/353 403/403/403
f 353/353/353 354/354/354 403/403/403
f 403/403/403 354/354/354 404/404/404
f 354/354/354 355/355/355 404/404/404
f 404/404/404 355/355/355 405/405/405
f 355/355/355 356/356/356 405/405/405
f 405/405/405 356/356/356 406/406/406
f 356/356/356 357/357/357 406/406/406
f 406/406/406 357/357/357 407/407/407
f 357/357/357 358/358/358 407/407/407
f 407/407/407 358/358/358 408/408/408
f 358/358/358 359/359/359 408/408/408
f 408/408/408 359/359/359 409/409/409
f 359/359/359 360/360/360 409/409/409
f 409/409/409 360/360/360 410/410/410
f 360/360/360 361/361/361 410/410/410
f 410/410/410 361/361/361 411/411/411
f 361/361/361 362/362/362 411/411/411
f 411/411/411 362/362/362 412/412/412
f 362/362/362 363/363/363 412/412/412
f 412/412/412 363/363/363 413/413/413
f 363/363/363 364/364/364 413/413/413
f 413/413/413 364/364/364 414/414/414
f 364/364/364 365/365/365 414/414/414
f 414/414/414 365/365/365 415/415/415
f 365/365/365 366/366/366 415/415/415
f 415/415/415 366/366/366 416/416/416
f 366/366/366 367/367/367 416/416/416
f 416/416/416 367/367/367 417/417/417
f 367/367/367 368/368/368 417/417/417
f 417/417/417 368/368/368 418/418/418
f 368/368/368 369/369/369 418/418/418
f 418/418/418 369/369/369 419/419/419
f 369/369/369 370/370/370 419/419/419
f 419/419/419 370/370/370 420/420/420
f 370/370/370 371/371/371 420/420/420
f 420/420/420 371/371/371 421/421/421
f 371/371/371 372/372/372 421/421/421
f 421/421/421 372/372/372 422/422/422
f 372/372/372 373/373/373 422/422/422
f 422/422/422 373/373/373 423/423/423
f 373/373/373 374/374/374 423/423/423
f 423/423/423 374/374/374 424/424/424
f 374/374/374 375/375/375 424/424/424
f 424/424/424 375/375/375 425/425/425
f 375/375/375 376/376/376 425/425/425
f 425/425/425 376/376/376 426/426/426
f 376/376/376 377/377/377 426/426/426
f 426/426/426 377/377/377 427/427/427
f 377/377/377 378/378/378 427/427/427
f 427/427/427 378/378/378 428/428/428
f 378/378/378 379/379/379 428/428/428
f 428/428/428 379/379/379 429/429/429
f 379/379/379 380/380/380 429/429/429
f 429/429/429 380/380/380 430/430/430
f 380/380/380 381/381/381 430/430/430
f 430/430/430 381/381/381 431/431/431
f 381/381/381 382/382/382 431/431/431
f 431/431/431 382/382/382 432/432/432
f 382/382/382 383/383/383 432/432/432
f 432/432/432 383/383/383 433/433/433
f 383/383/383 384/384/384 433/433/433
f 433/433/433 384/384/384 434/434/434
f 384/384/384 385/385/385 434/434/434
f 434/434/434 385/385/385 435/435/435
f 385/385/385 386/386/386 435/435/435
f 435/435/435 386/386/386 436/436/436
f 386/386/386 387/387/387 436/436/436
f 436/436/436 387/387/387 437/437/437
f 387/387/387 388/388/388 437/437/437
f 437/437/437 388/388/388 438/438/438
f 388/388/388 389/389/389 438/438/438
f 438/438/438 389/389/389 439/439/439
f 389/389/389 390/390/390 439/439/439
f 440/440/440 391/391/391 441/441/441
f 391/391/391 392/392/392 441/441/441
f 441/441/441 392/392/392 442/442/442
f 392/392/392 393/393/393 442/442/442
f 442/442/442 393/393/393 443/443/443
f 393/393/393 394/394/394 443/443/443
f 443/443/443 394/394/394 444/444/444
f 394/394/394 395/395/395 444/444/444
f 444/444/444 395/395/395 445/445/445
f 395/395/395 396/396/396 445/445/445
f 445/445/445 396/396/396 446/446/446
f 396/396/396 397/397/397 446/446/446
f 446/446/446 397/397/397 447/447/447
f 397/397/397 398/398/398 447/447/447
f 447/447/447 398/398/398 448/448/448
f 398/398/398 399/399/399 448/448/448
f 448/448/448 399/399/399 449/449/449
f 399/399/399 400/400/400 449/449/449
f 449/449/449 400/400/400 450/450/450
f 400/400/400 401/401/401 450/450/450
f 450/450/450 401/401/401 451/451/451
f 401/401/401 402/402/402 451/451/451
f 451/451/451 402/402/402 452/452/452
f 402/402/402 403/403/403 452/452/452
f 452/452/452 403/403/403 453/453/453
f 403/403/403 404/404/404 453/453/453
f 453/453/453 404/404/404 454/454/454
f 404/404/404 405/405/405 454/454/454
f 454/454/454 405/405/405 455/455/455
f 405/405/405 406/406/406 455/455/455
f 455/455/455 406/406/406 456/456/456
f 406/406/406 407/407/407 456/456/456
f 456/456/456 407/407/407 457/457/457
f 407/407/407 408/408/408 457/457/457
f 457/457/457 408/408/408 458/458/458
f 408/408/408 409/409/409 458/458/458
f 458/458/458 409/409/409 459/459/459
f 409/409/409 410/410/410 459/459/459
f 459/459/459 410/410/410 460/460/460
f 410/410/410 411/411/411 460/460/460
f 460/460/460 411/411/411 461/461/461
f 411/411/411 412/412/412 461/461/461
f 461/461/461 412/412/412 462/462/462
f 412/412/412 413/413/413 462/462/462
f 462/462/462 413/413/413 463/463/463
f 413/413/413 414/414/414 463/463/463
f 463/463/463 414/414/414 464/464/464
f 414/414/414 415/415/415 464/464/464
f 464/464/464 415/415/415 465/465/465
f 415/415/415 416/416/416 465/465/465
f 465/465/465 416/416/416 466/466/466
f 416/416/416 417/417/417 466/466/466
f 466/466/466 417/417/417 467/467/467
f 417/417/417 418/418/418 467/467/467
f 467/467/467 418/418/418 468/468/468
f 418/418/418 419/419/419 468/468/468
f 468/468/468 419/419/419 469/469/469
f 419/419/419 420/420/420 469/469/469
f 469/469/469 420/420/420 470/470/470
f 420/420/420 421/421/421 470/470/470
f 470/470/470 421/421/421 471/471/471
f 421/421/421 422/422/422 471/471/471
f 471/471/471 422/422/422 472/472/472
f 422/422/422 423/423/423 472/472/472
f 472/472/472 423/423/423 473/473/473
f 423/423/423 424/424/424 473/473/473
f 473/473/473 424/424/424 474/474/474
f 424/424/424 425/425/425 474/474/474
f 474/474/474 425/425/425 475/475/475
f 425/425/425 426/426/426 475/475/475
f 475/475/475 426/426/426 476/476/476
f 426/426/426 427/427/427 476/476/476
f 476/476/476 427/427/427 477/477/477
f 427/427/427 428/428/428 477/477/477
f 477/477/477 428/428/428 478/478/478
f 428/428/428 429/429/429 478/478/478
f 478/478/478 429/429/429 479/479/479
f 429/429/429 430/430/430 479/479/479
f 479/479/479 430/430/430 480/480/480
f 430/430/430 431/431/431 480/480/480
f 480/480/480 431/431/431 481/481/481
f 431/431/431 432/432/432 481/481/481
f 481/481/481 432/432/432 482/482/482
f 432/432/432 433/433/433 482/482/482
f 482/482/482 433/433/433 483/483/483
f 433/433/433 434/434/434 483/483/483
f 483/483/483 434/434/434 484/484/484
f 434/434/434 435/435/435 484/484/484
f 484/484/484 435/435/435 485/485/485
f 435/435/435 436/436/436 485/485/485
f 485/485/485 436/436/436 486/486/486
f 436/436/436 437/437/437 486/486/486
f 486/486/486 437/437/437 487/487/487
f 437/437/437 438/438/438 487/487/487
f 487/487/487 438/438/438 488/488/488
f 438/438/438 439/439/439 488/488/488
f 489/489/489 440/440/440 490/490/490
f 440/440/440 441/441/441 490/490/490
f 490/490/490 441/441/441 491/491/491
f 441/441/441 442/442/442 491/491/491
f 491/491/491 442/442/442 492/492/492
f 442/442/442 443/443/443 492/492/492
f 492/492/492 443/443/443 493/493/493
f 443/443/443 444/444/444 493/493/493
f 493/493/493 444/444/444 494/494/494
f 444/444/444 445/445/445 494/494/494
f 494/494/494 445/445/445 495/495/495
f 445/445/445 446/446/446 495/495/495
f 495/495/495 446/446/446 496/496/496
f 446/446/446 447/447/447 496/496/496
f 496/496/496 447/447/447 497/497/497
f 447/447/447 448/448/448 497/497/497
f 497/497/497 448/448/448 498/498/498
f 448/448/448 449/449/449 498/498/498
f 498/498/498 449/449/449 499/499/499
f 449/449/449 450/450/450 499/499/499
f 499/499/499 450/450/450 500/500/500
f 450/450/450 451/451/451 500/500/500
f 500/500/500 451/451/451 501/501/501
f 451/451/451 452/452/452 501/501/501
f 501/501/501 452/452/452 502/502/502
f 452/452/452 453/453/453 502/502/502
f 502/502/502 453/453/453 503/503/503
f 453/453/453 454/454/454 503/503/503
f 503/503/503 454/454/454 504/504/504
f 454/454/454 455/455/455 504/504/504
f 504/504/504 455/455/455 505/505/505
f 455/455/455 456/456/456 505/505/505
f 505/505/505 456/456/456 506/506/506
f 456/456/456 457/457/457 506/506/506
f 506/506/506 457/457/457 507/507/507
f 457/457/457 458/458/458 507/507/507
f 507/507/507 458/458/458 508/508/508
f 458/458/458 459/459/459 508/508/508
f 508/508/508 459/459/459 509/509/509
f 459/459/459 460/460/460 509/509/509
f 509/509/509 460/460/460 510/510/510
f 460/460/460 461/461/461 510/510/510
f 510/510/510 461/461/461 511/511/511
f 461/461/461 462/462/462 511/511/511
f 511/511/511 462/462/462 512/512/512
f 462/462/462 463/463/463 512/512/512
f 512/512/512 463/463/463 513/513/513
f 463/463/463 464/464/464 513/513/513
f 513/513/513 464/464/464 514/514/514
f 464/464/464 465/465/465 514/514/514
f 514/514/514 465/465/465 515/515/515
f 465/465/465 466/466/466 515/515/515
f 515/515/515 466/466/466 516/516/516
f 466/466/466 467/467/467 516/516/516
f 516/516/516 467/467/467 517/517/517
f 467/467/467 468/468/468 517/517/517
f 517/517/517 468/468/468 518/518/518
f 468/468/468 469/469/469 518/518/518
f 518/518/518 469/469/469 519/519/519
f 469/469/469 470/470/470 519/519/519
f 519/519/519 470/470/470 520/520/520
f 470/470/470 471/471/471 520/520/520
f 520/520/520 471/471/471 521/521/521
f 471/471/471 472/472/472 521/521/521
f 521/521/521 472/472/472 522/522/522
f 472/472/472 473/473/473 522/522/522
f 522/522/522 473/473/473 523/523/523
f 473/473/473 474/474/474 523/523/523
f 523/523/523 474/474/474 524/524/524
f 474/474/474 475/475/475 524/524/524
f 524/524/524 475/475/475 525/525/525
f 475/475/475 476/476/476 525/525/525
f 525/525/525 476/476/476 526/526/526
f 476/476/476 477/477/477 526/526/526
f 526/526/526 477/477/477 527/527/527
f 477/477/477 478/478/478 527/527/527
f 527/527/527 478/478/478 528/528/528
f 478/478/478 479/479/479 528/528/528
f 528/528/528 479/479/479 529/529/529
f 479/479/479 480/480/480 529/529/529
f 529/529/529 480/480/480 530/530/530
f 480/480/480 481/481/481 530/530/530
f 530/530/530 481/481/481 531/531/531
f 481/481/481 482/482/482 531/531/531
f 531/531/531 482/482/482 532/532/532
f 482/482/482 483/483/483 532/532/532
f 532/532/532 483/483/483 533/533/533
f 483/483/483 484/484/484 533/533/533
f 533/533/533 484/484/484 534/534/534
f 484/484/484 485/485/485 534/534/534
f 534/534/534 485/485/485 535/535/535
f 485/485/485 486/486/486 535/535/535
f 535/535/535 486/486/486 536/536/536
f 486/486/486 487/487/487 536/536/536
f 536/536/536 487/487/487 537/537/537
f 487/487/487 488/488/488 537/537/537
f 538/538/538 489/489/489 539/539/539
f 489/489/489 490/490/490 539/539/539
f 539/539/539 490/490/490 540/540/540
f 490/490/490 491/491/491 540/540/540
f 540/540/540 491/491/491 541/541/541
f 491/491/491 492/492/492 541/541/541
f 541/541/541 492/492/492 542/542/542
f 492/492/492 493/493/493 542/542/542
f 542/542/542 493/493/493 543/543/543
f 493/493/493 494/494/494 543/543/543
f 543/543/543 494/494/494 544/544/544
f 494/494/494 495/495/495 544/544/544
f 544/544/544 495/495/495 545/545/545
f 495/495/495 496/496/496 545/545/545
f 545/545/545 496/496/496 546/546/546
f 496/496/496 497/497/497 546/546/546
f 546/546/546 497/497/497 547/547/547
f 497/497/497 498/498/498 547/547/547
f 547/547/547 498/498/498 548/548/548
f 498/498/498 499/499/499 548/548/548
f 548/548/548 499/499/499 549/549/549
f 499/499/499 500/500/500 549/549/549
f 549/549/549 500/500/500 550/550/550
f 500/500/500 501/501/501 550/550/550
f 550/550/550 501/501/501 551/551/551
f 501/501/501 502/502/502 551/551/551
f 551/551/551 502/502/502 552/552/552
f 502/502/502 503/503/503 552/552/552
f 552/552/552 503/503/503 553/553/553
f 503/503/503 504/504/504 553/553/553
f 553/553/553 504/504/504 554/554/554
f 504/504/504 505/505/505 554/554/554
f 554/554/554 505/505/505 555/555/555
f 505/505/505 506/506/506 555/555/555
f 555/555/555 506/506/506 556/556/556
f 506/506/506 507/507/507 556/556/556
f 556/556/556 507/507/507 557/557/557
f 507/507/507 508/508/508 557/557/557
f 557/557/557 508/508/508 558/558/558
f 508/508/508 509/509/509 558/558/558
f 558/558/558 509/509/509 559/559/559
f 509/509/509 510/510/510 559/559/559
f 559/559/559 510/510/510 560/560/560
f 510/510/510 511/511/511 560/560/560
f 560/560/560 511/511/511 561/561/561
f 511/511/511 512/512/512 561/561/561
f 561/561/561 512/512/512 562/562/562
f 512/512/512 513/513/513 562/562/562
f 562/562/562 513/513/513 563/563/563
f 513/513/513 514/514/514 563/563/563
f 563/563/563 514/514/514 564/564/564
f 514/514/514 515/515/515 564/564/564
f 564/564/564 515/515/515 565/565/565
f 515/515/515 516/516/516 565/565/565
f 565/565/565 516/516/516 566/566/566
f 516/516/516 517/517/517 566/566/566
f 566/566/566 517/517/517 567/567/567
f 517/517/517 518/518/518 567/567/567
f 567/567/567 518/518/518 568/568/568
f 518/518/518 519/519/519 568/568/568
f 568/568/568 519/519/519 569/569/569
f 519/519/519 520/520/520 569/569/569
f 569/569/569 520/520/520 570/570/570
f 520/520/520 521/521/521 570/570/570
f 570/570/570 521/521/521 571/571/571
f 521/521/521 522/522/522 571/571/571
f 571/571/571 522/522/522 572/572/572
f 522/522/522 523/523/523 572/572/572
f 572/572/572 523/523/523 573/573/573
f 523/523/523 524/524/524 573/573/573
f 573/573/573 524/524/524 574/574/574
f 524/524/524 525/525/525 574/574/574
f 574/574/574 525/525/525 575/575/575
f 525/525/525 526/526/526 575/575/575
f 575/575/575 526/526/526 576/576/576
f 526/526/526 527/527/527 576/576/576
f 576/576/576 527/527/527 577/577/577
f 527/527/527 528/528/528 577/577/577
f 577/577/577 528/528/528 578/578/578
f 528/528/528 529/529/529 578/578/578
f 578/578/578 529/529/529 579/579/579
f 529/529/529 530/530/530 579/579/579
f 579/579/579 530/530/530 580/580/580
f 530/530/530 531/531/531 580/580/580
f 580/580/580 531/531/531 581/581/581
f 531/531/531 532/532/532 581/581/581
f 581/581/581 532/532/532 582/582/582
f 532/532/532 533/533/533 582/582/582
f 582/582/582 533/533/533 583/583/583
f 533/533/533 534/534/534 583/583/583
f 583/583/583 534/534/534 584/584/584
f 534/534/534 535/535/535 584/584/584
f 584/584/584 535/535/535 585/585/585
f 535/535/535 536/536/536 585/585/585
f 585/585/585 536/536/536 586/586/586
f 536/536/536 537/537/537 586/586/586
f 587/587/587 538/538/538 588/588/588
f 538/538/538 539/539/539 588/588/588
f 588/588/588 539/539/539 589/589/589
f 539/539/539 540/540/540 589/589/589
f 589/589/589 540/540/540 590/590/590
f 540/540/540 541/541/541 590/590/590
f 590/590/590 541/541/541 591/591/591
f 541/541/541 542/542/542 591/591/591
f 591/591/591 542/542/542 592/592/592
f 542/542/542 543/543/543 592/592/592
f 592/592/592 543/543/543 593/593/593
f 543/543/543 544/544/544 593/593/593
f 593/593/593 544/544/544 594/594/594
f 544/544/544 545/545/545 594/594/594
f 594/594/594 545/545/545 595/595/595
f 545/545/545 546/546/546 595/595/595
f 595/595/595 546/546/546 596/596/596
f 546/546/546 547/547/547 596/596/596
f 596/596/596 547/547/547 597/597/597
f 547/547/547 548/548/548 597/597/597
f 597/597/597 548/548/548 598/598/598
f 548/548/548 549/549/549 598/598/598
f 598/598/598 549/549/549 599/599/599
f 549/549/549 550/550/550 599/599/599
f 599/599/599 550/550/550 600/600/600
f 550/550/550 551/551/551 600/600/600
f 600/600/600 551/551/551 601/601/601
f 551/551/551 552/552/552 601/601/601
f 601/601/601 552/552/552 602/602/602
f 552/552/552 553/553/553 602/602/602
f 602/602/602 553/553/553 603/603/603
f 553/553/553 554/554/554 603/603/603
f 603/603/603 554/554/554 604/604/604
f 554/554/554 555/555/555 604/604/604
f 604/604/604 555/555/555 605/605/605
f 555/555/555 556/556/556 605/605/605
f 605/605/605 556/556/556 606/606/606
f 556/556/556 557/557/557 606/606/606
f 606/606/606 557/557/557 607/607/607
f 557/557/557 558/558/558 607/607/607
f 607/607/607 558/558/558 608/608/608
f 558/558/558 559/559/559 608/608/608
f 608/608/608 559/559/559 609/609/609
f 559/559/559 560/560/560 609/609/609
f 609/609/609 560/560/560 610/610/610
f 560/560/560 561/561/561 610/610/610
f 610/610/610 561/561/561 611/611/611
f 561/561/561 562/562/562 611/611/611
f 611/611/611 562/562/562 612/612/612
f 562/562/562 563/563/563 612/612/612
f 612/612/612 563/563/563 613/613/613
f 563/563/563 564/564/564 613/613/613
f 613/613/613 564/564/564 614/614/614
f 564/564/564 565/565/565 614/614/614
f 614/614/614 565/565/565 615/615/615
f 565/565/565 566/566/566 615/615/615
f 615/615/615 566/566/566 616/616/616
f 566/566/566 567/567/567 616/616/616
f 616/616/616 567/567/567 617/617/617
f 567/567/567 568/568/568 617/617/617
f 617/617/617 568/568/568 618/618/618
f 568/568/568 569/569/569 618/618/618
f 618/618/618 569/569/569 619/619/619
f 569/569/569 570/570/570 619/619/619
f 619/619/619 570/570/570 620/620/620
f 570/570/570 571/571/571 620/620/620
f 620/620/620 571/571/571 621/621/621
f 571/571/571 572/572/572 621/621/621
f 621/621/621 572/572/572 622/622/622
f 572/572/572 573/573/573 622/622/622
f 622/622/622 573/573/573 623/623/623
f 573/573/573 574/574/574 623/623/623
f 623/623/623 574/574/574 624/624/624
f 574/574/574 575/575/575 624/624/624
f 624/624/624 575/575/575 625/625/625
f 575/575/575 576/576/576 625/625/625
f 625/625/625 576/576/576 626/626/626
f 576/576/576 577/577/577 626/626/626
f 626/626/626 577/577/577 627/627/627
f 577/577/577 578/578/578 627/627/627
f 627/627/627 578/578/578 628/628/628
f 578/578/578 579/579/579 628/628/628
f 628/628/628 579/579/579 629/629/629
f 579/579/579 580/580/580 629/629/629
f 629/629/629 580/580/580 630/630/630
f 580/580/580 581/581/581 630/630/630
f 630/630/630 581/581/581 631/631/631
f 581/581/581 582/582/582 631/631/631
f 631/631/631 582/582/582 632/632/632
f 582/582/582 583/583/583 632/632/632
f 632/632/632 583/583/583 633/633/633
f 583/583/583 584/584/584 633/633/633
f 633/633/633 584/584/584 634/634/634
f 584/584/584 585/585/585 634/634/634
f 634/634/634 585/585/585 635/635/635
f 585/585/585 586/586/586 635/635/635
f 636/636/636 587/587/587 637/637/637
f 587/587/587 588/588/588 637/637/637
f 637/637/637 588/588/588 638/638/638
f 588/588/588 589/589/589 638/638/638
f 638/638/638 589/589/589 639/639/639
f 589/589/589 590/590/590 639/639/639
f 639/639/639 590/590/590 640/640/640
f 590/590/590 591/591/591 640/640/640
f 640/640/640 591/591/591 641/641/641
f 591/591/591 592/592/592 641/641/641
f 641/641/641 592/592/592 642/642/642
f 592/592/592 593/593/593 642/642/642
f 642/642/642 593/593/593 643/643/643
f 593/593/593 594/594/594 643/643/643
f 643/643/643 594/594/594 644/644/644
f 594/594/594 595/595/595 644/644/644
f 644/644/644 595/595/595 645/645/645
f 595/595/595 596/596/596 645/645/645
f 645/645/645 596/596/596 646/646/646
f 596/596/596 597/597/597 646/646/646
f 646/646/646 597/597/597 647/647/647
f 597/597/597 598/598/598 647/647/647
f 647/647/647 598/598/598 648/648/648
f 598/598/598 599/599/599 648/648/648
f 648/648/648 599/599/599 649/649/649
f 599/599/599 600/600/600 649/649/649
f 649/649/649 600/600/600 650/650/650
f 600/600/600 601/601/601 650/650/650
f 650/650/650 601/601/601 651/651/651
f 601/601/601 602/602/602 651/651/651
f 651/651/651 602/602/602 652/652/652
f 602/602/602 603/603/603 652/652/652
f 652/652/652 603/603/603 653/653/653
f 603/603/603 604/604/604 653/653/653
f 653/653/653 604/604/604 654/654/654
f 604/604/604 605/605/605 654/654/654
f 654/654/654 605/605/605 655/655/655
f 605/605/605 606/606/606 655/655/655
f 655/655/655 606/606/606 656/656/656
f 606/606/606 607/607/607 656/656/656
f 656/656/656 607/607/607 657/657/657
f 607/607/607 608/608/608 657/657/657
f 657/657/657 608/608/608 658/658/658
f 608/608/608 609/609/609 658/658/658
f 658/658/658 609/609/609 659/659/659
f 609/609/609 610/610/610 659/659/659
f 659/659/659 610/610/610 660/660/660
f 610/610/610 611/611/611 660/660/660
f 660/660/660 611/611/611 661/661/661
f 611/611/611 612/612/612 661/661/661
f 661/661/661 612/612/612 662/662/662
f 612/612/612 613/613/613 662/662/662
f 662/662/662 613/613/613 663/663/663
f 613/613/613 614/614/614 663/663/663
f 663/663/663 614/614/614 664/664/664
f 614/614/614 615/615/615 664/664/664
f 664/664/664 615/615/615 665/665/665
f 615/615/615 616/616/616 665/665/665
f 665/665/665 616/616/616 666/666/666
f 616/616/616 617/617/617 666/666/666
f 666/666/666 617/617/617 667/667/667
f 617/617/617 618/618/618 667/667/667
f 667/667/667 618/618/618 668/668/668
f 618/618/618 619/619/619 668/668/668
f 668/668/668 619/619/619 669/669/669
f 619/619/619 620/620/620 669/669/669
f 669/669/669 620/620/620 670/670/670
f 620/620/620 621/621/621 670/670/670
f 670/670/670 621/621/621 671/671/671
f 621/621/621 622/622/622 671/671/671
f 671/671/671 622/622/622 672/672/672
f 622/622/622 623/623/623 672/672/672
f 672/672/672 623/623/623 673/673/673
f 623/623/623 624/624/624 673/673/673
f 673/673/673 624/624/624 674/674/674
f 624/624/624 625/625/625 674/674/674
f 674/674/674 625/625/625 675/675/675
f 625/625/625 626/626/626 675/675/675
f 675/675/675 626/626/626 676/676/676
f 626/626/626 627/627/627 676/676/676
f 676/676/676 627/627/627 677/677/677
f 627/627/627 628/628/628 677/677/677
f 677/677/677 628/628/628 678/678/678
f 628/628/628 629/629/629 678/678/678
f 678/678/678 629/629/629 679/679/679
f 629/629/629 630/630/630 679/679/679
f 679/679/679 630/630/630 680/680/680
f 630/630/630 631/631/631 680/680/680
f 680/680/680 631/631/631 681/681/681
f 631/631/631 632/632/632 681/681/681
f 681/681/681 632/632/632 682/682/682
f 632/632/632 633/633/633 682/682/682
f 682/682/682 633/633/633 683/683/683
f 633/633/633 634/634/634 683/683/683
f 683/683/683 634/634/634 684/684/684
f 634/634/634 635/635/635 684/684/684
f 685/685/685 636/636/636 686/686/686
f 636/636/636 637/637/637 686/686/686
f 686/686/686 637/637/637 687/687/687
f 637/637/637 638/638/638 687/687/687
f 687/687/687 638/638/638 688/688/688
f 638/638/638 639/639/639 688/688/688
f 688/688/688 639/639/639 689/689/689
f 639/639/639 640/640/640 689/689/689
f 689/689/689 640/640/640 690/690/690
f 640/640/640 641/641/641 690/690/690
f 690/690/690 641/641/641 691/691/691
f 641/641/641 642/642/642 691/691/691
f 691/691/691 642/642/642 692/692/692
f 642/642/642 643/643/643 692/692/692
f 692/692/692 643/643/643 693/693/693
f 643/643/643 644/644/644 693/693/693
f 693/693/693 644/644/644 694/694/694
f 644/644/644 645/645/645 694/694/694
f 694/694/694 645/645/645 695/695/695
f 645/645/645 646/646/646 695/695/695
f 695/695/695 646/646/646 696/696/696
f 646/646/646 647/647/647 696/696/696
f 696/696/696 647/647/647 697/697/697
f 647/647/647 648/648/648 697/697/697
f 697/697/697 648/648/648 698/698/698
f 648/648/648 649/649/649 698/698/698
f 698/698/698 649/649/649 699/699/699
f 649/649/649 650/650/650 699/699/699
f 699/699/699 650/650/650 700/700/700
f 650/650/650 651/651/651 700/700/700
f 700/700/700 651/651/651 701/701/701
f 651/651/651 652/652/652 701/701/701
f 701/701/701 652/652/652 702/702/702
f 652/652/652 653/653/653 702/702/702
f 702/702/702 653/653/653 703/703/703
f 653/653/653 654/654/654 703/703/703
f 703/703/703 654/654/654 704/704/704
f 654/654/654 655/655/655 704/704/704
f 704/704/704 655/655/655 705/705/705
f 655/655/655 656/656/656 705/705/705
f 705/705/705 656/656/656 706/706/706
f 656/656/656 657/657/657 706/706/706
f 706/706/706 657/657/657 707/707/707
f 657/657/657 658/658/658 707/707/707
f 707/707/707 658/658/658 708/708/708
f 658/658/658 659/659/659 708/708/708
f 708/708/708 659/659/659 709/709/709
f 659/659/659 660/660/660 709/709/709
f 709/709/709 660/660/660 710/710/710
f 660/660/660 661/661/661 710/710/710
f 710/710/710 661/661/661 711/711/711
f 661/661/661 662/662/662 711/711/711
f 711/711/711 662/662/662 712/712/712
f 662/662/662 663/663/663 712/712/712
f 712/712/712 663/663/663 713/713/713
f 663/663/663 664/664/664 713/713/713
f 713/713/713 664/664/664 714/714/714
f 664/664/664 665/665/665 714/714/714
f 714/714/714 665/665/665 715/715/715
f 665/665/665 666/666/666 715/715/715
f 715/715/715 666/666/666 716/716/716
f 666/666/666 667/667/667 716/716/716
f 716/716/716 667/667/667 717/717/717
f 667/667/667 668/668/668 717/717/717
f 717/717/717 668/668/668 718/718/718
f 668/668/668 669/669/669 718/718/718
f 718/718/718 669/669/669 719/719/719
f 669/669/669 670/670/670 719/719/719
f 719/719/719 670/670/670 720/720/720
f 670/670/670 671/671/671 720/720/720
f 720/720/720 671/671/671 721/721/721
f 671/671/671 672/672/672 721/721/721
f 721/721/721 672/672/672 722/722/722
f 672/672/672 673/673/673 722/722/722
f 722/722/722 673/673/673 723/723/723
f 673/673/673 674/674/674 723/723/723
f 723/723/723 674/674/674 724/724/724
f 674/674/674 675/675/675 724/724/724
f 724/724/724 675/675/675 725/725/725
f 675/675/675 676/676/676 725/725/725
f 725/725/725 676/676/676 726/726/726
f 676/676/676 677/677/677 726/726/726
f 726/726/726 677/677/677 727/727/727
f 677/677/677 678/678/678 727/727/727
f 727/727/727 678/678/678 728/728/728
f 678/678/678 679/679/679 728/728/728
f 728/728/728 679/679/679 729/729/729
f 679/679/679 680/680/680 729/729/729
f 729/729/729 680/680/680 730/730/730
f 680/680/680 681/681/681 730/730/730
f 730/730/730 681/681/681 731/731/731
f 681/681/681 682/682/682 731/731/731
f 731/731/731 682/682/682 732/732/732
f 682/682/682 683/683/683 732/732/732
f 732/732/732 683/683/683 733/733/733
f 683/683/683 684/684/684 733/733/733
f 734/734/734 685/685/685 735/735/735
f 685/685/685 686/686/686 735/735/735
f 735/735/735 686/686/686 736/736/736
f 686/686/686 687/687/687 736/736/736
f 736/736/736 687/687/687 737/737/737
f 687/687/687 688/688/688 737/737/737
f 737/737/737 688/688/688 738/738/738
f 688/688/688 689/689/689 738/738/738
f 738/738/738 689/689/689 739/739/739
f 689/689/689 690/690/690 739/739/739
f 739/739/739 690/690/690 740/740/740
f 690/690/690 691/691/691 740/740/740
f 740/740/740 691/691/691 741/741/741
f 691/691/691 692/692/692 741/741/741
f 741/741/741 692/692/692 742/742/742
f 692/692/692 693/693/693 742/742/742
f 742/742/742 693/693/693 743/743/743
f 693/693/693 694/694/694 743/743/743
f 743/743/743 694/694/694 744/744/744
f 694/694/694 695/695/695 744/744/744
f 744/744/744 695/695/695 745/745/745
f 695/695/695 696/696/696 745/745/745
f 745/745/745 696/696/696 746/746/746
f 696/696/696 697/697/697 746/746/746
f 746/746/746 697/697/697 747/747/747
f 697/697/697 698/698/698 747/747/747
f 747/747/747 698/698/698 748/748/748
f 698/698/698 699/699/699 748/748/748
f 748/748/748 699/699/699 749/749/749
f 699/699/699 700/700/700 749/749/749
f 749/749/749 700/700/700 750/750/750
f 700/700/700 701/701/701 750/750/750
f 750/750/750 701/701/701 751/751/751
f 701/701/701 702/702/702 751/751/751
f 751/751/751 702/702/702 752/752/752
f 702/702/702 703/703/703 752/752/752
f 752/752/752 703/703/703 753/753/753
f 703/703/703 704/704/704 753/753/753
f 753/753/753 704/704/704 754/754/754
f 704/704/704 705/705/705 754/754/754
f 754/754/754 705/705/705 755/755/755
f 705/705/705 706/706/706 755/755/755
f 755/755/755 706/706/706 756/756/756
f 706/706/706 707/707/707 756/756/756
f 756/756/756 707/707/707 757/757/757
f 707/707/707 708/708/708 757/757/757
f 757/757/757 708/708/708 758/758/758
f 708/708/708 709/709/709 758/758/758
f 758/758/758 709/709/709 759/759/759
f 709/709/709 710/710/710 759/759/759
f 759/759/759 710/710/710 760/760/760
f 710/710/710 711/711/711 760/760/760
f 760/760/760 711/711/711 761/761/761
f 711/711/711 712/712/712 761/761/761
f 761/761/761 712/712/712 762/762/762
f 712/712/712 713/713/713 762/762/762
f 762/762/762 713/713/713 763/763/763
f 713/713/713 714/714/714 763/763/763
f 763/763/763 714/714/714 764/764/764
f 714/714/714 715/715/715 764/764/764
f 764/764/764 715/715/715 765/765/765
f 715/715/715 716/716/716 765/765/765
f 765/765/765 716/716/716 766/766/766
f 716/716/716 717/717/717 766/766/766
f 766/766/766 717/717/717 767/767/767
f 717/717/717 718/718/718 767/767/767
f 767/767/767 718/718/718 768/768/768
f 718/718/718 719/719/719 768/768/768
f 768/768/768 719/719/719 769/769/769
f 719/719/719 720/720/720 769/769/769
f 769/769/769 720/720/720 770/770/770
f 720/720/720 721/721/721 770/770/770
f 770/770/770 721/721/721 771/771/771
f 721/721/721 722/722/722 771/771/771
f 771/771/771 722/722/722 772/772/772
f 722/722/722 723/723/723 772/772/772
f 772/772/772 723/723/723 773/773/773
f 723/723/723 724/724/724 773/773/773
f 773/773/773 724/724/724 774/774/774
f 724/724/724 725/725/725 774/774/774
f 774/774/774 725/725/725 775/775/775
f 725/725/725 726/726/726 775/775/775
f 775/775/775 726/726/726 776/776/776
f 726/726/726 727/727/727 776/776/776
f 776/776/776 727/727/727 777/777/777
f 727/727/727 728/728/728 777/777/777
f 777/777/777 728/728/728 778/778/778
f 728/728/728 729/729/729 778/778/778
f 778/778/778 729/729/729 779/779/779
f 729/729/729 730/730/730 779/779/779
f 779/779/779 730/730/730 780/780/780
f 730/730/730 731/731/731 780/780/780
f 780/780/780 731/731/731 781/781/781
f 731/731/731 732/732/732 781/781/781
f 781/781/781 732/732/732 782/782/782
f 732/732/732 733/733/733 782/782/782
f 783/783/783 734/734/734 784/784/784
f 734/734/734 735/735/735 784/784/784
f 784/784/784 735/735/735 785/785/785
f 735/735/735 736/736/736 785/785/785
f 785/785/785 736/736/736 786/786/786
f 736/736/736 737/737/737 786/786/786
f 786/786/786 737/737/737 787/787/787
f 737/737/737 738/738/738 787/787/787
f 787/787/787 738/738/738 788/788/788
f 738/738/738 739/739/739 788/788/788
f 788/788/788 739/739/739 789/789/789
f 739/739/739 740/740/740 789/789/789
f 789/789/789 740/740/740 790/790/790
f 740/740/740 741/741/741 790/790/790
f 790/790/790 741/741/741 791/791/791
f 741/741/741 742/742/742 791/791/791
f 791/791/791 742/742/742 792/792/792
f 742/742/742 743/743/743 792/792/792
f 792/792/792 743/743/743 793/793/793
f 743/743/743 744/744/744 793/793/793
f 793/793/793 744/744/744 794/794/794
f 744/744/744 745/745/745 794/794/794
f 794/794/794 745/745/745 795/795/795
f 745/745/745 746/746/746 795/795/795
f 795/795/795 746/746/746 796/796/796
f 746/746/746 747/747/747 796/796/796
f 796/796/796 747/747/747 797/797/797
f 747/747/747 748/748/748 797/797/797
f 797/797/797 748/748/748 798/798/798
f 748/748/748 749/749/749 798/798/798
f 798/798/798 749/749/749 799/799/799
f 749/749/749 750/750/750 799/799/799
f 799/799/799 750/750/750 800/800/800
f 750/750/750 751/751/751 800/800/800
f 800/800/800 751/751/751 801/801/801
f 751/751/751 752/752/752 801/801/801
f 801/801/801 752/752/752 802/802/802
f 752/752/752 753/753/753 802/802/802
f 802/802/802 753/753/753 803/803/803
f 753/753/753 754/754/754 803/803/803
f 803/803/803 754/754/754 804/804/804
f 754/754/754 755/755/755 804/804/804
f 804/804/804 755/755/755 805/805/805
f 755/755/755 756/756/756 805/805/805
f 805/805/805 756/756/756 806/806/806
f 756/756/756 757/757/757 806/806/806
f 806/806/806 757/757/757 807/807/807
f 757/757/757 758/758/758 807/807/807
f 807/807/807 758/758/758 808/808/808
f 758/758/758 759/759/759 808/808/808
f 808/808/808 759/759/759 809/809/809
f 759/759/759 760/760/760 809/809/809
f 809/809/809 760/760/760 810/810/810
f 760/760/760 761/761/761 810/810/810
f 810/810/810 761/761/761 811/811/811
f 761/761/761 762/762/762 811/811/811
f 811/811/811 762/762/762 812/812/812
f 762/762/762 763/763/763 812/812/812
f 812/812/812 763/763/763 813/813/813
f 763/763/763 764/764/764 813/813/813
f 813/813/813 764/764/764 814/814/814
f 764/764/764 765/765/765 814/814/814
f 814/814/814 765/765/765 815/815/815
f 765/765/765 766/766/766 815/815/815
f 815/815/815 766/766/766 816/816/816
f 766/766/766 767/767/767 816/816/816
f 816/816/816 767/767/767 817/817/817
f 767/767/767 768/768/768 817/817/817
f 817/817/817 768/768/768 818/818/818
f 768/768/768 769/769/769 818/818/818
f 818/818/818 769/769/769 819/819/819
f 769/769/769 770/770/770 819/819/819
f 819/819/819 770/770/770 820/820/820
f 770/770/770 771/771/771 820/820/820
f 820/820/820 771/771/771 821/821/821
f 771/771/771 772/772/772 821/821/821
f 821/821/821 772/772/772 822/822/822
f 772/772/772 773/773/773 822/822/822
f 822/822/822 773/773/773 823/823/823
f 773/773/773 774/774/774 823/823/823
f 823/823/823 774/774/774 824/824/824
f 774/774/774 775/775/775 824/824/824
f 824/824/824 775/775/775 825/825/825
f 775/775/775 776/776/776 825/825/825
f 825/825/825 776/776/776 826/826/826
f 776/776/776 777/777/777 826/826/826
f 826/826/826 777/777/777 827/827/827
f 777/777/777 778/778/778 827/827/827
f 827/827/827 778/778/778 828/828/828
f 778/778/778 779/779/779 828/828/828
f 828/828/828 779/779/779 829/829/829
f 779/779/779 780/780/780 829/829/829
f 829/829/829 780/780/780 830/830/830
f 780/780/780 781/781/781 830/830/830
f 830/830/830 781/781/781 831/831/831
f 781/781/781 782/782/782 831/831/831
f 832/832/832 783/783/783 833/833/833
f 783/783/783 784/784/784 833/833/833
f 833/833/833 784/784/784 834/834/834
f 784/784/784 785/785/785 834/834/834
f 834/834/834 785/785/785 835/835/835
f 785/785/785 786/786/786 835/835/835
f 835/835/835 786/786/786 836/836/836
f 786/786/786 787/787/787 836/836/836
f 836/836/836 787/787/787 837/837/837
f 787/787/787 788/788/788 837/837/837
f 837/837/837 788/788/788 838/838/838
f 788/788/788 789/789/789 838/838/838
f 838/838/838 789/789/789 839/839/839
f 789/789/789 790/790/790 839/839/839
f 839/839/839 790/790/790 840/840/840
f 790/790/790 791/791/791 840/840/840
f 840/840/840 791/791/791 841/841/841
f 791/791/791 792/792/792 841/841/841
f 841/841/841 792/792/792 842/842/842
f 792/792/792 793/793/793 842/842/842
f 842/842/842 793/793/793 843/843/843
f 793/793/793 794/794/794 843/843/843
f 843/843/843 794/794/794 844/844/844
f 794/794/794 795/795/795 844/844/844
f 844/844/844 795/795/795 845/845/845
f 795/795/795 796/796/796 845/845/845
f 845/845/845 796/796/796 846/846/846
f 796/796/796 797/797/797 846/846/846
f 846/846/846 797/797/797 847/847/847
f 797/797/797 798/798/798 847/847/847
f 847/847/847 798/798/798 848/848/848
f 798/798/798 799/799/799 848/848/848
f 848/848/848 799/799/799 849/849/849
f 799/799/799 800/800/800 849/849/849
f 849/849/849 800/800/800 850/850/850
f 800/800/800 801/801/801 850/850/850
f 850/850/850 801/801/801 851/851/851
f 801/801/801 802/802/802 851/851/851
f 851/851/851 802/802/802 852/852/852
f 802/802/802 803/803/803 852/852/852
f 852/852/852 803/803/803 853/853/853
f 803/803/803 804/804/804 853/853/853
f 853/853/853 804/804/804 854/854/854
f 804/804/804 805/805/805 854/854/854
f 854/854/854 805/805/805 855/855/855
f 805/805/805 806/806/806 855/855/855
f 855/855/855 806/806/806 856/856/856
f 806/806/806 807/807/807 856/856/856
f 856/856/856 807/807/807 857/857/857
f 807/807/807 808/808/808 857/857/857
f 857/857/857 808/808/808 858/858/858
f 808/808/808 809/809/809 858/858/858
f 858/858/858 809/809/809 859/859/859
f 809/809/809 810/810/810 859/859/859
f 859/859/859 810/810/810 860/860/860
f 810/810/810 811/811/811 860/860/860
f 860/860/860 811/811/811 861/861/861
f 811/811/811 812/812/812 861/861/861
f 861/861/861 812/812/812 862/862/862
f 812/812/812 813/813/813 862/862/862
f 862/862/862 813/813/813 863/863/863
f 813/813/813 814/814/814 863/863/863
f 863/863/863 814/814/814 864/864/864
f 814/814/814 815/815/815 864/864/864
f 864/864/864 815/815/815 865/865/865
f 815/815/815 816/816/816 865/865/865
f 865/865/865 816/816/816 866/866/866
f 816/816/816 817/817/817 866/866/866
f 866/866/866 817/817/817 867/867/867
f 817/817/817 818/818/818 867/867/867
f 867/867/867 818/818/818 868/868/868
f 818/818/818 819/819/819 868/868/868
f 868/868/868 819/819/819 869/869/869
f 819/819/819 820/820/820 869/869/869
f 869/869/869 820/820/820 870/870/870
f 820/820/820 821/821/821 870/870/870
f 870/870/870 821/821/821 871/871/871
f 821/821/821 822/822/822 871/871/871
f 871/871/871 822/822/822 872/872/872
f 822/822/822 823/823/823 872/872/872
f 872/872/872 823/823/823 873/873/873
f 823/823/823 824/824/824 873/873/873
f 873/873/873 824/824/824 874/874/874
f 824/824/824 825/825/825 874/874/874
f 874/874/874 825/825/825 875/875/875
f 825/825/825 826/826/826 875/875/875
f 875/875/875 826/826/826 876/876/876
f 826/826/826 827/827/827 876/876/876
f 876/876/876 827/827/827 877/877/877
f 827/827/827 828/828/828 877/877/877
f 877/877/877 828/828/828 878/878/878
f 828/828/828 829/829/829 878/878/878
f 878/878/878 829/829/829 879/879/879
f 829/829/829 830/830/830 879/879/879
f 879/879/879 830/830/830 880/880/880
f 830/830/830 831/831/831 880/880/880
f 881/881/881 832/832/832 882/882/882
f 832/832/832 833/833/833 882/882/882
f 882/882/882 833/833/833 883/883/883
f 833/833/833 834/834/834 883/883/883
f 883/883/883 834/834/834 884/884/884
f 834/834/834 835/835/835 884/884/884
f 884/884/884 835/835/835 885/885/885
f 835/835/835 836/836/836 885/885/885
f 885/885/885 836/836/836 886/886/886
f 836/836/836 837/837/837 886/886/886
f 886/886/886 837/837/837 887/887/887
f 837/837/837 838/838/838 887/887/887
f 887/887/887 838/838/838 888/888/888
f 838/838/838 839/839/839 888/888/888
f 888/888/888 839/839/839 889/889/889
f 839/839/839 840/840/840 889/889/889
f 889/889/889 840/840/840 890/890/890
f 840/840/840 841/841/841 890/890/890
f 890/890/890 841/841/841 891/891/891
f 841/841/841 842/842/842 891/891/891
f 891/891/891 842/842/842 892/892/892
f 842/842/842 843/843/843 892/892/892
f 892/892/892 843/843/843 893/893/893
f 843/843/843 844/844/844 893/893/893
f 893/893/893 844/844/844 894/894/894
f 844/844/844 845/845/845 894/894/894
f 894/894/894 845/845/845 895/895/895
f 845/845/845 846/846/846 895/895/895
f 895/895/895 846/846/846 896/896/896
f 846/846/846 847/847/847 896/896/896
f 896/896/896 847/847/847 897/897/897
f 847/847/847 848/848/848 897/897/897
f 897/897/897 848/848/848 898/898/898
f 848/848/848 849/849/849 898/898/898
f 898/898/898 849/849/849 899/899/899
f 849/849/849 850/850/850 899/899/899
f 899/899/899 850/850/850 900/900/900
f 850/850/850 851/851/851 900/900/900
f 900/900/900 851/851/851 901/901/901
f 851/851/851 852/852/852 901/901/901
f 901/901/901 852/852/852 902/902/902
f 852/852/852 853/853/853 902/902/902
f 902/902/902 853/853/853 903/903/903
f 853/853/853 854/854/854 903/903/903
f 903/903/903 854/854/854 904/904/904
f 854/854/854 855/855/855 904/904/904
f 904/904/904 855/855/855 905/905/905
f 855/855/855 856/856/856 905/905/905
f 905/905/905 856/856/856 906/906/906
f 856/856/856 857/857/857 906/906/906
f 906/906/906 857/857/857 907/907/907
f 857/857/857 858/858/858 907/907/907
f 907/907/907 858/858/858 908/908/908
f 858/858/858 859/859/859 908/908/908
f 908/908/908 859/859/859 909/909/909
f 859/859/859 860/860/860 909/909/909
f 909/909/909 860/860/860 910/910/910
f 860/860/860 861/861/861 910/910/910
f 910/910/910 861/861/861 911/911/911
f 861/861/861 862/862/862 911/911/911
f 911/911/911 862/862/862 912/912/912
f 862/862/862 863/863/863 912/912/912
f 912/912/912 863/863/863 913/913/913
f 863/863/863 864/864/864 913/913/913
f 913/913/913 864/864/864 914/914/914
f 864/864/864 865/865/865 914/914/914
f 914/914/914 865/865/865 915/915/915
f 865/865/865 866/866/866 915/915/915
f 915/915/915 866/866/866 916/916/916
f 866/866/866 867/867/867 916/916/916
f 916/916/916 867/867/867 917/917/917
f 867/867/867 868/868/868 917/917/917
f 917/917/917 868/868/868 918/918/918
f 868/868/868 869/869/869 918/918/918
f 918/918/918 869/869/869 919/919/919
f 869/869/869 870/870/870 919/919/919
f 919/919/919 870/870/870 920/920/920
f 870/870/870 871/871/871 920/920/920
f 920/920/920 871/871/871 921/921/921
f 871/871/871 872/872/872 921/921/921
f 921/921/921 872/872/872 922/922/922
f 872/872/872 873/873/873 922/922/922
f 922/922/922 873/873/873 923/923/923
f 873/873/873 874/874/874 923/923/923
f 923/923/923 874/874/874 924/924/924
f 874/874/874 875/875/875 924/924/924
f 924/924/924 875/875/875 925/925/925
f 875/875/875 876/876/876 925/925/925
f 925/925/925 876/876/876 926/926/926
f 876/876/876 877/877/877 926/926/926
f 926/926/926 877/877/877 927/927/927
f 877/877/877 878/878/878 927/927/927
f 927/927/927 878/878/878 928/928/928
f 878/878/878 879/879/879 928/928/928
f 928/928/928 879/879/879 929/929/929
f 879/879/879 880/880/880 929/929/929
f 930/930/930 881/881/881 931/931/931
f 881/881/881 882/882/882 931/931/931
f 931/931/931 882/882/882 932/932/932
f 882/882/882 883/883/883 932/932/932
f 932/932/932 883/883/883 933/933/933
f 883/883/883 884/884/884 933/933/933
f 933/933/933 884/884/884 934/934/934
f 884/884/884 885/885/885 934/934/934
f 934/934/934 885/885/885 935/935/935
f 885/885/885 886/886/886 935/935/935
f 935/935/935 886/886/886 936/936/936
f 886/886/886 887/887/887 936/936/936
f 936/936/936 887/887/887 937/937/937
f 887/887/887 888/888/888 937/937/937
f 937/937/937 888/888/888 938/938/938
f 888/888/888 889/889/889 938/938/938
f 938/938/938 889/889/889 939/939/939
f 889/889/889 890/890/890 939/939/939
f 939/939/939 890/890/890 940/940/940
f 890/890/890 891/891/891 940/940/940
f 940/940/940 891/891/891 941/941/941
f 891/891/891 892/892/892 941/941/941
f 941/941/941 892/892/892 942/942/942
f 892/892/892 893/893/893 942/942/942
f 942/942/942 893/893/893 943/943/943
f 893/893/893 894/894/894 943/943/943
f 943/943/943 894/894/894 944/944/944
f 894/894/894 895/895/895 944/944/944
f 944/944/944 895/895/895 945/945/945
f 895/895/895 896/896/896 945/945/945
f 945/945/945 896/896/896 946/946/946
f 896/896/896 897/897/897 946/946/946
f 946/946/946 897/897/897 947/947/947
f 897/897/897 898/898/898 947/947/947
f 947/947/947 898/898/898 948/948/948
f 898/898/898 899/899/899 948/948/948
f 948/948/948 899/899/899 949/949/949
f 899/899/899 900/900/900 949/949/949
f 949/949/949 900/900/900 950/950/950
f 900/900/900 901/901/901 950/950/950
f 950/950/950 901/901/901 951/951/951
f 901/901/901 902/902/902 951/951/951
f 951/951/951 902/902/902 952/952/952
f 902/902/902 903/903/903 952/952/952
f 952/952/952 903/903/903 953/953/953
f 903/903/903 904/904/904 953/953/953
f 953/953/953 904/904/904 954/954/954
f 904/904/904 905/905/905 954/954/954
f 954/954/954 905/905/905 955/955/955
f 905/905/905 906/906/906 955/955/955
f 955/955/955 906/906/906 956/956/956
f 906/906/906 907/907/907 956/956/956
f 956/956/956 907/907/907 957/957/957
f 907/907/907 908/908/908 957/957/957
f 957/957/957 908/908/908 958/958/958
f 908/908/908 909/909/909 958/958/958
f 958/958/958 909/909/909 959/959/959
f 909/909/909 910/910/910 959/959/959
f 959/959/959 910/910/910 960/960/960
f 910/910/910 911/911/911 960/960/960
f 960/960/960 911/911/911 961/961/961
f 911/911/911 912/912/912 961/961/961
f 961/961/961 912/912/912 962/962/962
f 912/912/912 913/913/913 962/962/962
f 962/962/962 913/913/913 963/963/963
f 913/913/913 914/914/914 963/963/963
f 963/963/963 914/914/914 964/964/964
f 914/914/914 915/915/915 964/964/964
f 964/964/964 915/915/915 965/965/965
f 915/915/915 916/916/916 965/965/965
f 965/965/965 916/916/916 966/966/966
f 916/916/916 917/917/917 966/966/966
f 966/966/966 917/917/917 967/967/967
f 917/917/917 918/918/918 967/967/967
f 967/967/967 918/918/918 968/968/968
f 918/918/918 919/919/919 968/968/968
f 968/968/968 919/919/919 969/969/969
f 919/919/919 920/920/920 969/969/969
f 969/969/969 920/920/920 970/970/970
f 920/920/920 921/921/921 970/970/970
f 970/970/970 921/921/921 971/971/971
f 921/921/921 922/922/922 971/971/971
f 971/971/971 922/922/922 972/972/972
f 922/922/922 923/923/923 972/972/972
f 972/972/972 923/923/923 973/973/973
f 923/923/923 924/924/924 973/973/973
f 973/973/973 924/924/924 974/974/974
f 924/924/924 925/925/925 974/974/974
f 974/974/974 925/925/925 975/975/975
f 925/925/925 926/926/926 975/975/975
f 975/975/975 926/926/926 976/976/976
f 926/926/926 927/927/927 976/976/976
f 976/976/976 927/927/927 977/977/977
f 927/927/927 928/928/928 977/977/977
f 977/977/977 928/928/928 978/978/978
f 928/928/928 929/929/929 978/978/978
f 979/979/979 930/930/930 980/980/980
f 930/930/930 931/931/931 980/980/980
f 980/980/980 931/931/931 981/981/981
f 931/931/931 932/932/932 981/981/981
f 981/981/981 932/932/932 982/982/982
f 932/932/932 933/933/933 982/982/982
f 982/982/982 933/933/933 983/983/983
f 933/933/933 934/934/934 983/983/983
f 983/983/983 934/934/934 984/984/984
f 934/934/934 935/935/935 984/984/984
f 984/984/984 935/935/935 985/985/985
f 935/935/935 936/936/936 985/985/985
f 985/985/985 936/936/936 986/986/986
f 936/936/936 937/937/937 986/986/986
f 986/986/986 937/937/937 987/987/987
f 937/937/937 938/938/938 987/987/987
f 987/987/987 938/938/938 988/988/988
f 938/938/938 939/939/939 988/988/988
f 988/988/988 939/939/939 989/989/989
f 939/939/939 940/940/940 989/989/989
f 989/989/989 940/940/940 990/990/990
f 940/940/940 941/941/941 990/990/990
f 990/990/990 941/941/941 991/991/991
f 941/941/941 942/942/942 991/991/991
f 991/991/991 942/942/942 992/992/992
f 942/942/942 943/943/943 992/992/992
f 992/992/992 943/943/943 993/993/993
f 943/943/943 944/944/944 993/993/993
f 993/993/993 944/944/944 994/994/994
f 944/944/944 945/945/945 994/994/994
f 994/994/994 945/945/945 995/995/995
f 945/945/945 946/946/946 995/995/995
f 995/995/995 946/946/946 996/996/996
f 946/946/946 947/947/947 996/996/996
f 996/996/996 947/947/947 997/997/997
f 947/947/947 948/948/948 997/997/997
f 997/997/997 948/948/948 998/998/998
f 948/948/948 949/949/949 998/998/998
f 998/998/998 949/949/949 999/999/999
f 949/949/949 950/950/950 999/999/999
f 999/999/999 950/950/950 1000/1000/1000
f 950/950/950 951/951/951 1000/1000/1000
f 1000/1000/1000 951/951/951 1001/1001/1001
f 951/951/951 952/952/952 1001/1001/1001
f 1001/1001/1001 952/952/952 1002/1002/1002
f 952/952/952 953/953/953 1002/1002/1002
f 1002/1002/1002 953/953/953 1003/1003/1003
f 953/953/953 954/954/954 1003/1003/1003
f 1003/1003/1003 954/954/954 1004/1004/1004
f 954/954/954 955/955/955 1004/1004/1004
f 1004/1004/1004 955/955/955 1005/1005/1005
f 955/955/955 956/956/956 1005/1005/1005
f 1005/1005/1005 956/956/956 1006/1006/1006
f 956/956/956 957/957/957 1006/1006/1006
f 1006/1006/1006 957/957/957 1007/1007/1007
f 957/957/957 958/958/958 1007/1007/1007
f 1007/1007/1007 958/958/958 1008/1008/1008
f 958/958/958 959/959/959 1008/1008/1008
f 1008/1008/1008 959/959/959 1009/1009/1009
f 959/959/959 960/960/960 1009/1009/1009
f 1009/1009/1009 960/960/960 1010/1010/1010
f 960/960/960 961/961/961 1010/1010/1010
f 1010/1010/1010 961/961/961 1011/1011/1011
f 961/961/961 962/962/962 1011/1011/1011
f 1011/1011/1011 962/962/962 1012/1012/1012
f 962/962/962 963/963/963 1012/1012/1012
f 1012/1012/1012 963/963/963 1013/1013/1013
f 963/963/963 964/964/964 1013/1013/1013
f 1013/1013/1013 964/964/964 1014/1014/1014
f 964/964/964 965/965/965 1014/1014/1014
f 1014/1014/1014 965/965/965 1015/1015/1015
f 965/965/965 966/966/966 1015/1015/1015
f 1015/1015/1015 966/966/966 1016/1016/1016
f 966/966/966 967/967/967 1016/1016/1016
f 1016/1016/1016 967/967/967 1017/1017/1017
f 967/967/967 968/968/968 1017/1017/1017
f 1017/1017/1017 968/968/968 1018/1018/1018
f 968/968/968 969/969/969 1018/1018/1018
f 1018/1018/1018 969/969/969 1019/1019/1019
f 969/969/969 970/970/970 1019/1019/1019
f 1019/1019/1019 970/970/970 1020/1020/1020
f 970/970/970 971/971/971 1020/1020/1020
f 1020/1020/1020 971/971/971 1021/1021/1021
f 971/971/971 972/972/972 1021/1021/1021
f 1021/1021/1021 972/972/972 1022/1022/1022
f 972/972/972 973/973/973 1022/1022/1022
f 1022/1022/1022 973/973/973 1023/1023/1023
f 973/973/973 974/974/974 1023/1023/1023
f 1023/1023/1023 974/974/974 1024/1024/1024
f 974/974/974 975/975/975 1024/1024/1024
f 1024/1024/1024 975/975/975 1025/1025/1025
f 975/975/975 976/976/976 1025/1025/1025
f 1025/1025/1025 976/976/976 1026/1026/1026
f 976/976/976 977/977/977 1026/1026/1026
f 1026/1026/1026 977/977/977 1027/1027/1027
f 977/977/977 978/978/978 1027/1027/1027
f 1028/1028/1028 979/979/979 1029/1029/1029
f 979/979/979 980/980/980 1029/1029/1029
f 1029/1029/1029 980/980/980 1030/1030/1030
f 980/980/980 981/981/981 1030/1030/1030
f 1030/1030/1030 981/981/981 1031/1031/1031
f 981/981/981 982/982/982 1031/1031/1031
f 1031/1031/1031 982/982/982 1032/1032/1032
f 982/982/982 983/983/983 1032/1032/1032
f 1032/1032/1032 983/983/983 1033/1033/1033
f 983/983/983 984/984/984 1033/1033/1033
f 1033/1033/1033 984/984/984 1034/1034/1034
f 984/984/984 985/985/985 1034/1034/1034
f 1034/1034/1034 985/985/985 1035/1035/1035
f 985/985/985 986/986/986 1035/1035/1035
f 1035/1035/1035 986/986/986 1036/1036/1036
f 986/986/986 987/987/987 1036/1036/1036
f 1036/1036/1036 987/987/987 1037/1037/1037
f 987/987/987 988/988/988 1037/1037/1037
f 1037/1037/1037 988/988/988 1038/1038/1038
f 988/988/988 989/989/989 1038/1038/1038
f 1038/1038/1038 989/989/989 1039/1039/1039
f 989/989/989 990/990/990 1039/1039/1039
f 1039/1039/1039 990/990/990 1040/1040/1040
f 990/990/990 991/991/991 1040/1040/1040
f 1040/1040/1040 991/991/991 1041/1041/1041
f 991/991/991 992/992/992 1041/1041/1041
f 1041/1041/1041 992/992/992 1042/1042/1042
f 992/992/992 993/993/993 1042/1042/1042
f 1042/1042/1042 993/993/993 1043/1043/1043
f 993/993/993 994/994/994 1043/1043/1043
f 1043/1043/1043 994/994/994 1044/1044/1044
f 994/994/994 995/995/995 1044/1044/1044
f 1044/1044/1044 995/995/995 1045/1045/1045
f 995/995/995 996/996/996 1045/1045/1045
f 1045/1045/1045 996/996/996 1046/1046/1046
f 996/996/996 997/997/997 1046/1046/1046
f 1046/1046/1046 997/997/997 1047/1047/1047
f 997/997/997 998/998/998 1047/1047/1047
f 1047/1047/1047 998/998/998 1048/1048/1048
f 998/998/998 999/999/999 1048/1048/1048
f 1048/1048/1048 999/999/999 1049/1049/1049
f 999/999/999 1000/1000/1000 1049/1049/1049
f 1049/1049/1049 1000/1000/1000 1050/1050/1050
f 1000/1000/1000 1001/1001/1001 1050/1050/1050
f 1050/1050/1050 1001/1001/1001 1051/1051/1051
f 1001/1001/1001 1002/1002/1002 1051/1051/1051
f 1051/1051/1051 1002/1002/1002 1052/1052/1052
f 1002/1002/1002 1003/1003/1003 1052/1052/1052
f 1052/1052/1052 1003/1003/1003 1053/1053/1053
f 1003/1003/1003 1004/1004/1004 1053/1053/1053
f 1053/1053/1053 1004/1004/1004 1054/1054/1054
f 1004/1004/1004 1005/1005/1005 1054/1054/1054
f 1054/1054/1054 1005/1005/1005 1055/1055/1055
f 1005/1005/1005 1006/1006/1006 1055/1055/1055
f 1055/1055/1055 1006/1006/1006 1056/1056/1056
f 1006/1006/1006 1007/1007/1007 1056/1056/1056
f 1056/1056/1056 1007/1007/1007 1057/1057/1057
f 1007/1007/1007 1008/1008/1008 1057/1057/1057
f 1057/1057/1057 1008/1008/1008 1058/1058/1058
f 1008/1008/1008 1009/1009/1009 1058/1058/1058
f 1058/1058/1058 1009/1009/1009 1059/1059/1059
f 1009/1009/1009 1010/1010/1010 1059/1059/1059
f 1059/1059/1059 1010/1010/1010 1060/1060/1060
f 1010/1010/1010 1011/1011/1011 1060/1060/1060
f 1060/1060/1060 1011/1011/1011 1061/1061/1061
f 1011/1011/1011 1012/1012/1012 1061/1061/1061
f 1061/1061/1061 1012/1012/1012 1062/1062/1062
f 1012/1012/1012 1013/1013/1013 1062/1062/1062
f 1062/1062/1062 1013/1013/1013 1063/1063/1063
f 1013/1013/1013 1014/1014/1014 1063/1063/1063
f 1063/1063/1063 1014/1014/1014 1064/1064/1064
f 1014/1014/1014 1015/1015/1015 1064/1064/1064
f 1064/1064/1064 1015/1015/1015 1065/1065/1065
f 1015/1015/1015 1016/1016/1016 1065/1065/1065
f 1065/1065/1065 1016/1016/1016 1066/1066/1066
f 1016/1016/1016 1017/1017/1017 1066/1066/1066
f 1066/1066/1066 1017/1017/1017 1067/1067/1067
f 1017/1017/1017 1018/1018/1018 1067/1067/1067
f 1067/1067/1067 1018/1018/1018 1068/1068/1068
f 1018/1018/1018 1019/1019/1019 1068/1068/1068
f 1068/1068/1068 1019/1019/1019 1069/1069/1069
f 1019/1019/1019 1020/1020/1020 1069/1069/1069
f 1069/1069/1069 1020/1020/1020 1070/1070/1070
f 1020/1020/1020 1021/1021/1021 1070/1070/1070
f 1070/1070/1070 1021/1021/1021 1071/1071/1071
f 1021/1021/1021 1022/1022/1022 1071/1071/1071
f 1071/1071/1071 1022/1022/1022 1072/1072/1072
f 1022/1022/1022 1023/1023/1023 1072/1072/1072
f 1072/1072/1072 1023/1023/1023 1073/1073/1073
f 1023/1023/1023 1024/1024/1024 1073/1073/1073
f 1073/1073/1073 1024/1024/1024 1074/1074/1074
f 1024/1024/1024 1025/1025/1025 1074/1074/1074
f 1074/1074/1074 1025/1025/1025 1075/1075/1075
f 1025/1025/1025 1026/1026/1026 1075/1075/1075
f 1075/1075/1075 1026/1026/1026 1076/1076/1076
f 1026/1026/1026 1027/1027/1027 1076/1076/1076
f 1077/1077/1077 1028/1028/1028 1078/1078/1078
f 1028/1028/1028 1029/1029/1029 1078/1078/1078
f 1078/1078/1078 1029/1029/1029 1079/1079/1079
f 1029/1029/1029 1030/1030/1030 1079/1079/1079
f 1079/1079/1079 1030/1030/1030 1080/1080/1080
f 1030/1030/1030 1031/1031/1031 1080/1080/1080
f 1080/1080/1080 1031/1031/1031 1081/1081/1081
f 1031/1031/1031 1032/1032/1032 1081/1081/1081
f 1081/1081/1081 1032/1032/1032 1082/1082/1082
f 1032/1032/1032 1033/1033/1033 1082/1082/1082
f 1082/1082/1082 1033/1033/1033 1083/1083/1083
f 1033/1033/1033 1034/1034/1034 1083/1083/1083
f 1083/1083/1083 1034/1034/1034 1084/1084/1084
f 1034/1034/1034 1035/1035/1035 1084/1084/1084
f 1084/1084/1084 1035/1035/1035 1085/1085/1085
f 1035/1035/1035 1036/1036/1036 1085/1085/1085
f 1085/1085/1085 1036/1036/1036 1086/1086/1086
f 1036/1036/1036 1037/1037/1037 1086/1086/1086
f 1086/1086/1086 1037/1037/1037 1087/1087/1087
f 1037/1037/1037 1038/1038/1038 1087/1087/1087
f 1087/1087/1087 1038/1038/1038 1088/1088/1088
f 1038/1038/1038 1039/1039/1039 1088/1088/1088
f 1088/1088/1088 1039/1039/1039 1089/1089/1089
f 1039/1039/1039 1040/1040/1040 1089/1089/1089
f 1089/1089/1089 1040/1040/1040 1090/1090/1090
f 1040/1040/1040 1041/1041/1041 1090/1090/1090
f 1090/1090/1090 1041/1041/1041 1091/1091/1091
f 1041/1041/1041 1042/1042/1042 1091/1091/1091
f 1091/1091/1091 1042/1042/1042 1092/1092/1092
f 1042/1042/1042 1043/1043/1043 1092/1092/1092
f 1092/1092/1092 1043/1043/1043 1093/1093/1093
f 1043/1043/1043 1044/1044/1044 1093/1093/1093
f 1093/1093/1093 1044/1044/1044 1094/1094/1094
f 1044/1044/1044 1045/1045/1045 1094/1094/1094
f 1094/1094/1094 1045/1045/1045 1095/1095/1095
f 1045/1045/1045 1046/1046/1046 1095/1095/1095
f 1095/1095/1095 1046/1046/1046 1096/1096/1096
f 1046/1046/1046 1047/1047/1047 1096/1096/1096
f 1096/1096/1096 1047/1047/1047 1097/1097/1097
f 1047/1047/1047 1048/1048/1048 1097/1097/1097
f 1097/1097/1097 1048/1048/1048 1098/1098/1098
f 1048/1048/1048 1049/1049/1049 1098/1098/1098
f 1098/1098/1098 1049/1049/1049 1099/1099/1099
f 1049/1049/1049 1050/1050/1050 1099/1099/1099
f 1099/1099/1099 1050/1050/1050 1100/1100/1100
f 1050/1050/1050 1051/1051/1051 1100/1100/1100
f 1100/1100/1100 1051/1051/1051 1101/1101/1101
f 1051/1051/1051 1052/1052/1052 1101/1101/1101
f 1101/1101/1101 1052/1052/1052 1102/1102/1102
f 1052/1052/1052 1053/1053/1053 1102/1102/1102
f 1102/1102/1102 1053/1053/1053 1103/1103/1103
f 1053/1053/1053 1054/1054/1054 1103/1103/1103
f 1103/1103/1103 1054/1054/1054 1104/1104/1104
f 1054/1054/1054 1055/1055/1055 1104/1104/1104
f 1104/1104/1104 1055/1055/1055 1105/1105/1105
f 1055/1055/1055 1056/1056/1056 1105/1105/1105
f 1105/1105/1105 1056/1056/1056 1106/1106/1106
f 1056/1056/1056 1057/1057/1057 1106/1106/1106
f 1106/1106/1106 1057/1057/1057 1107/1107/1107
f 1057/1057/1057 1058/1058/1058 1107/1107/1107
f 1107/1107/1107 1058/1058/1058 1108/1108/1108
f 1058/1058/1058 1059/1059/1059 1108/1108/1108
f 1108/1108/1108 1059/1059/1059 1109/1109/1109
f 1059/1059/1059 1060/1060/1060 1109/1109/1109
f 1109/1109/1109 1060/1060/1060 1110/1110/1110
f 1060/1060/1060 1061/1061/1061 1110/1110/1110
f 1110/1110/1110 1061/1061/1061 1111/1111/1111
f 1061/1061/1061 1062/1062/1062 1111/1111/1111
f 1111/1111/1111 1062/1062/1062 1112/1112/1112
f 1062/1062/1062 1063/1063/1063 1112/1112/1112
f 1112/1112/1112 1063/1063/1063 1113/1113/1113
f 1063/1063/1063 1064/1064/1064 1113/1113/1113
f 1113/1113/1113 1064/1064/1064 1114/1114/1114
f 1064/1064/1064 1065/1065/1065 1114/1114/1114
f 1114/1114/1114 1065/1065/1065 1115/1115/1115
f 1065/1065/1065 1066/1066/1066 1115/1115/1115
f 1115/1115/1115 1066/1066/1066 1116/1116/1116
f 1066/1066/1066 1067/1067/1067 1116/1116/1116
f 1116/1116/1116 1067/1067/1067 1117/1117/1117
f 1067/1067/1067 1068/1068/1068 1117/1117/1117
f 1117/1117/1117 1068/1068/1068 1118/1118/1118
f 1068/1068/1068 1069/1069/1069 1118/1118/1118
f 1118/1118/1118 1069/1069/1069 1119/1119/1119
f 1069/1069/1069 1070/1070/1070 1119/1119/1119
f 1119/1119/1119 1070/1070/1070 1120/1120/1120
f 1070/1070/1070 1071/1071/1071 1120/1120/1120
f 1120/1120/1120 1071/1071/1071 1121/1121/1121
f 1071/1071/1071 1072/1072/1072 1121/1121/1121
f 1121/1121/1121 1072/1072/1072 1122/1122/1122
f 1072/1072/1072 1073/1073/1073 1122/1122/1122
f 1122/1122/1122 1073/1073/1073 1123/1123/1123
f 1073/1073/1073 1074/1074/1074 1123/1123/1123
f 1123/1123/1123 1074/1074/1074 1124/1124/1124
f 1074/1074/1074 1075/1075/1075 1124/1124/1124
f 1124/1124/1124 1075/1075/1075 1125/1125/1125
f 1075/1075/1075 1076/1076/1076 1125/1125/1125
o coin_star_a
usemtl goldDark
v -0.07641208171844482 0.6051722094416618 0.061
v 1.8369702788777518e-17 0.800000011920929 0.061
v 0.07641208171844482 0.6051722094416618 0.061
v -0.12363734841346741 0.4598277918994427 0.061
v -0.28531694412231445 0.592705100774765 0.061
v -0.07641208171844482 0.6051722094416618 0.061
v -2.3880613294538528e-17 0.3700000047683716 0.061
v -0.17633557319641113 0.2572949081659317 0.061
v -0.12363734841346741 0.4598277918994427 0.061
v 0.12363734841346741 0.4598277918994427 0.061
v 0.17633557319641113 0.2572949081659317 0.061
v -2.3880613294538528e-17 0.3700000047683716 0.061
v 0.07641208171844482 0.6051722094416618 0.061
v 0.28531694412231445 0.592705100774765 0.061
v 0.12363734841346741 0.4598277918994427 0.061
v -0.12363734841346741 0.4598277918994427 0.061
v -0.07641208171844482 0.6051722094416618 0.061
v 0.07641208171844482 0.6051722094416618 0.061
v 0.12363734841346741 0.4598277918994427 0.061
v -2.3880613294538528e-17 0.3700000047683716 0.061
v -0.12363734841346741 0.4598277918994427 0.061
v -0.12363734841346741 0.4598277918994427 0.061
v 0.07641208171844482 0.6051722094416618 0.061
v 0.12363734841346741 0.4598277918994427 0.061
v 0.07641208171844482 0.6051722094416618 0.11100000074505806
v 1.8369702788777518e-17 0.800000011920929 0.11100000074505806
v -0.07641208171844482 0.6051722094416618 0.11100000074505806
v -0.07641208171844482 0.6051722094416618 0.11100000074505806
v -0.28531694412231445 0.592705100774765 0.11100000074505806
v -0.12363734841346741 0.4598277918994427 0.11100000074505806
v -0.12363734841346741 0.4598277918994427 0.11100000074505806
v -0.17633557319641113 0.2572949081659317 0.11100000074505806
v -2.3880613294538528e-17 0.3700000047683716 0.11100000074505806
v -2.3880613294538528e-17 0.3700000047683716 0.11100000074505806
v 0.17633557319641113 0.2572949081659317 0.11100000074505806
v 0.12363734841346741 0.4598277918994427 0.11100000074505806
v 0.12363734841346741 0.4598277918994427 0.11100000074505806
v 0.28531694412231445 0.592705100774765 0.11100000074505806
v 0.07641208171844482 0.6051722094416618 0.11100000074505806
v 0.07641208171844482 0.6051722094416618 0.11100000074505806
v -0.07641208171844482 0.6051722094416618 0.11100000074505806
v -0.12363734841346741 0.4598277918994427 0.11100000074505806
v -0.12363734841346741 0.4598277918994427 0.11100000074505806
v -2.3880613294538528e-17 0.3700000047683716 0.11100000074505806
v 0.12363734841346741 0.4598277918994427 0.11100000074505806
v 0.12363734841346741 0.4598277918994427 0.11100000074505806
v 0.07641208171844482 0.6051722094416618 0.11100000074505806
v -0.12363734841346741 0.4598277918994427 0.11100000074505806
v 1.8369702788777518e-17 0.800000011920929 0.061
v -0.07641208171844482 0.6051722094416618 0.061
v 1.8369702788777518e-17 0.800000011920929 0.11100000074505806
v -0.07641208171844482 0.6051722094416618 0.061
v -0.07641208171844482 0.6051722094416618 0.11100000074505806
v 1.8369702788777518e-17 0.800000011920929 0.11100000074505806
v -0.07641208171844482 0.6051722094416618 0.061
v -0.28531694412231445 0.592705100774765 0.061
v -0.07641208171844482 0.6051722094416618 0.11100000074505806
v -0.28531694412231445 0.592705100774765 0.061
v -0.28531694412231445 0.592705100774765 0.11100000074505806
v -0.07641208171844482 0.6051722094416618 0.11100000074505806
v -0.28531694412231445 0.592705100774765 0.061
v -0.12363734841346741 0.4598277918994427 0.061
v -0.28531694412231445 0.592705100774765 0.11100000074505806
v -0.12363734841346741 0.4598277918994427 0.061
v -0.12363734841346741 0.4598277918994427 0.11100000074505806
v -0.28531694412231445 0.592705100774765 0.11100000074505806
v -0.12363734841346741 0.4598277918994427 0.061
v -0.17633557319641113 0.2572949081659317 0.061
v -0.12363734841346741 0.4598277918994427 0.11100000074505806
v -0.17633557319641113 0.2572949081659317 0.061
v -0.17633557319641113 0.2572949081659317 0.11100000074505806
v -0.12363734841346741 0.4598277918994427 0.11100000074505806
v -0.17633557319641113 0.2572949081659317 0.061
v -2.3880613294538528e-17 0.3700000047683716 0.061
v -0.17633557319641113 0.2572949081659317 0.11100000074505806
v -2.3880613294538528e-17 0.3700000047683716 0.061
v -2.3880613294538528e-17 0.3700000047683716 0.11100000074505806
v -0.17633557319641113 0.2572949081659317 0.11100000074505806
v -2.3880613294538528e-17 0.3700000047683716 0.061
v 0.17633557319641113 0.2572949081659317 0.061
v -2.3880613294538528e-17 0.3700000047683716 0.11100000074505806
v 0.17633557319641113 0.2572949081659317 0.061
v 0.17633557319641113 0.2572949081659317 0.11100000074505806
v -2.3880613294538528e-17 0.3700000047683716 0.11100000074505806
v 0.17633557319641113 0.2572949081659317 0.061
v 0.12363734841346741 0.4598277918994427 0.061
v 0.17633557319641113 0.2572949081659317 0.11100000074505806
v 0.12363734841346741 0.4598277918994427 0.061
v 0.12363734841346741 0.4598277918994427 0.11100000074505806
v 0.17633557319641113 0.2572949081659317 0.11100000074505806
v 0.12363734841346741 0.4598277918994427 0.061
v 0.28531694412231445 0.592705100774765 0.061
v 0.12363734841346741 0.4598277918994427 0.11100000074505806
v 0.28531694412231445 0.592705100774765 0.061
v 0.28531694412231445 0.592705100774765 0.11100000074505806
v 0.12363734841346741 0.4598277918994427 0.11100000074505806
v 0.28531694412231445 0.592705100774765 0.061
v 0.07641208171844482 0.6051722094416618 0.061
v 0.28531694412231445 0.592705100774765 0.11100000074505806
v 0.07641208171844482 0.6051722094416618 0.061
v 0.07641208171844482 0.6051722094416618 0.11100000074505806
v 0.28531694412231445 0.592705100774765 0.11100000074505806
v 0.07641208171844482 0.6051722094416618 0.061
v 1.8369702788777518e-17 0.800000011920929 0.061
v 0.07641208171844482 0.6051722094416618 0.11100000074505806
v 1.8369702788777518e-17 0.800000011920929 0.061
v 1.8369702788777518e-17 0.800000011920929 0.11100000074505806
v 0.07641208171844482 0.6051722094416618 0.11100000074505806
vt -0.07641208171844482 0.10517220944166183
vt 1.8369702788777518e-17 0.30000001192092896
vt 0.07641208171844482 0.10517220944166183
vt -0.12363734841346741 -0.04017220810055733
vt -0.28531694412231445 0.09270510077476501
vt -0.07641208171844482 0.10517220944166183
vt -2.3880613294538528e-17 -0.12999999523162842
vt -0.17633557319641113 -0.2427050918340683
vt -0.12363734841346741 -0.04017220810055733
vt 0.12363734841346741 -0.04017220810055733
vt 0.17633557319641113 -0.2427050918340683
vt -2.3880613294538528e-17 -0.12999999523162842
vt 0.07641208171844482 0.10517220944166183
vt 0.28531694412231445 0.09270510077476501
vt 0.12363734841346741 -0.04017220810055733
vt -0.12363734841346741 -0.04017220810055733
vt -0.07641208171844482 0.10517220944166183
vt 0.07641208171844482 0.10517220944166183
vt 0.12363734841346741 -0.04017220810055733
vt -2.3880613294538528e-17 -0.12999999523162842
vt -0.12363734841346741 -0.04017220810055733
vt -0.12363734841346741 -0.04017220810055733
vt 0.07641208171844482 0.10517220944166183
vt 0.12363734841346741 -0.04017220810055733
vt 0.07641208171844482 0.10517220944166183
vt 1.8369702788777518e-17 0.30000001192092896
vt -0.07641208171844482 0.10517220944166183
vt -0.07641208171844482 0.10517220944166183
vt -0.28531694412231445 0.09270510077476501
vt -0.12363734841346741 -0.04017220810055733
vt -0.12363734841346741 -0.04017220810055733
vt -0.17633557319641113 -0.2427050918340683
vt -2.3880613294538528e-17 -0.12999999523162842
vt -2.3880613294538528e-17 -0.12999999523162842
vt 0.17633557319641113 -0.2427050918340683
vt 0.12363734841346741 -0.04017220810055733
vt 0.12363734841346741 -0.04017220810055733
vt 0.28531694412231445 0.09270510077476501
vt 0.07641208171844482 0.10517220944166183
vt 0.07641208171844482 0.10517220944166183
vt -0.07641208171844482 0.10517220944166183
vt -0.12363734841346741 -0.04017220810055733
vt -0.12363734841346741 -0.04017220810055733
vt -2.3880613294538528e-17 -0.12999999523162842
vt 0.12363734841346741 -0.04017220810055733
vt 0.12363734841346741 -0.04017220810055733
vt 0.07641208171844482 0.10517220944166183
vt -0.12363734841346741 -0.04017220810055733
vt 0.30000001192092896 1
vt 0.10517220944166183 1
vt 0.30000001192092896 0.949999988079071
vt 0.10517220944166183 1
vt 0.10517220944166183 0.949999988079071
vt 0.30000001192092896 0.949999988079071
vt -0.07641208171844482 1
vt -0.28531694412231445 1
vt -0.07641208171844482 0.949999988079071
vt -0.28531694412231445 1
vt -0.28531694412231445 0.949999988079071
vt -0.07641208171844482 0.949999988079071
vt -0.28531694412231445 1
vt -0.12363734841346741 1
vt -0.28531694412231445 0.949999988079071
vt -0.12363734841346741 1
vt -0.12363734841346741 0.949999988079071
vt -0.28531694412231445 0.949999988079071
vt -0.04017220810055733 1
vt -0.2427050918340683 1
vt -0.04017220810055733 0.949999988079071
vt -0.2427050918340683 1
vt -0.2427050918340683 0.949999988079071
vt -0.04017220810055733 0.949999988079071
vt -0.17633557319641113 1
vt -2.3880613294538528e-17 1
vt -0.17633557319641113 0.949999988079071
vt -2.3880613294538528e-17 1
vt -2.3880613294538528e-17 0.949999988079071
vt -0.17633557319641113 0.949999988079071
vt -2.3880613294538528e-17 1
vt 0.17633557319641113 1
vt -2.3880613294538528e-17 0.949999988079071
vt 0.17633557319641113 1
vt 0.17633557319641113 0.949999988079071
vt -2.3880613294538528e-17 0.949999988079071
vt -0.2427050918340683 1
vt -0.04017220810055733 1
vt -0.2427050918340683 0.949999988079071
vt -0.04017220810055733 1
vt -0.04017220810055733 0.949999988079071
vt -0.2427050918340683 0.949999988079071
vt 0.12363734841346741 1
vt 0.28531694412231445 1
vt 0.12363734841346741 0.949999988079071
vt 0.28531694412231445 1
vt 0.28531694412231445 0.949999988079071
vt 0.12363734841346741 0.949999988079071
vt 0.28531694412231445 1
vt 0.07641208171844482 1
vt 0.28531694412231445 0.949999988079071
vt 0.07641208171844482 1
vt 0.07641208171844482 0.949999988079071
vt 0.28531694412231445 0.949999988079071
vt 0.10517220944166183 1
vt 0.30000001192092896 1
vt 0.10517220944166183 0.949999988079071
vt 0.30000001192092896 1
vt 0.30000001192092896 0.949999988079071
vt 0.10517220944166183 0.949999988079071
vn 0 0 -1
vn 0 0 -1
vn 0 0 -1
vn 0 0 -1
vn 0 0 -1
vn 0 0 -1
vn 0 0 -1
vn 0 0 -1
vn 0 0 -1
vn 0 0 -1
vn 0 0 -1
vn 0 0 -1
vn 0 0 -1
vn 0 0 -1
vn 0 0 -1
vn 0 0 -1
vn 0 0 -1
vn 0 0 -1
vn 0 0 -1
vn 0 0 -1
vn 0 0 -1
vn 0 0 -1
vn 0 0 -1
vn 0 0 -1
vn 0 0 1
vn 0 0 1
vn 0 0 1
vn 0 0 1
vn 0 0 1
vn 0 0 1
vn 0 0 1
vn 0 0 1
vn 0 0 1
vn 0 0 1
vn 0 0 1
vn 0 0 1
vn 0 0 1
vn 0 0 1
vn 0 0 1
vn 0 0 1
vn 0 0 1
vn 0 0 1
vn 0 0 1
vn 0 0 1
vn 0 0 1
vn 0 0 1
vn 0 0 1
vn 0 0 1
vn -0.9309585420654916 0.36512490048652463 0
vn -0.9309585420654916 0.36512490048652463 0
vn -0.9309585420654916 0.36512490048652463 0
vn -0.9309585420654916 0.36512490048652463 0
vn -0.9309585420654916 0.36512490048652463 0
vn -0.9309585420654916 0.36512490048652463 0
vn -0.059572415125308247 0.9982239865662105 0
vn -0.059572415125308247 0.9982239865662105 0
vn -0.059572415125308247 0.9982239865662105 0
vn -0.059572415125308247 0.9982239865662105 0
vn -0.059572415125308247 0.9982239865662105 0
vn -0.059572415125308247 0.9982239865662105 0
vn -0.6349364953396196 -0.7725643318752433 0
vn -0.6349364953396196 -0.7725643318752433 0
vn -0.6349364953396196 -0.7725643318752433 0
vn -0.6349364953396196 -0.7725643318752433 0
vn -0.6349364953396196 -0.7725643318752433 0
vn -0.6349364953396196 -0.7725643318752433 0
vn -0.9677763214178999 0.2518114209142186 0
vn -0.9677763214178999 0.2518114209142186 0
vn -0.9677763214178999 0.2518114209142186 0
vn -0.9677763214178999 0.2518114209142186 0
vn -0.9677763214178999 0.2518114209142186 0
vn -0.9677763214178999 0.2518114209142186 0
vn 0.5385462673735195 -0.8425959398775011 0
vn 0.5385462673735195 -0.8425959398775011 0
vn 0.5385462673735195 -0.8425959398775011 0
vn 0.5385462673735195 -0.8425959398775011 0
vn 0.5385462673735195 -0.8425959398775011 0
vn 0.5385462673735195 -0.8425959398775011 0
vn -0.5385462673735195 -0.8425959398775011 0
vn -0.5385462673735195 -0.8425959398775011 0
vn -0.5385462673735195 -0.8425959398775011 0
vn -0.5385462673735195 -0.8425959398775011 0
vn -0.5385462673735195 -0.8425959398775011 0
vn -0.5385462673735195 -0.8425959398775011 0
vn 0.9677763214178999 0.2518114209142186 0
vn 0.9677763214178999 0.2518114209142186 0
vn 0.9677763214178999 0.2518114209142186 0
vn 0.9677763214178999 0.2518114209142186 0
vn 0.9677763214178999 0.2518114209142186 0
vn 0.9677763214178999 0.2518114209142186 0
vn 0.6349364953396196 -0.7725643318752433 0
vn 0.6349364953396196 -0.7725643318752433 0
vn 0.6349364953396196 -0.7725643318752433 0
vn 0.6349364953396196 -0.7725643318752433 0
vn 0.6349364953396196 -0.7725643318752433 0
vn 0.6349364953396196 -0.7725643318752433 0
vn 0.059572415125308247 0.9982239865662105 0
vn 0.059572415125308247 0.9982239865662105 0
vn 0.059572415125308247 0.9982239865662105 0
vn 0.059572415125308247 0.9982239865662105 0
vn 0.059572415125308247 0.9982239865662105 0
vn 0.059572415125308247 0.9982239865662105 0
vn 0.9309585420654916 0.36512490048652463 0
vn 0.9309585420654916 0.36512490048652463 0
vn 0.9309585420654916 0.36512490048652463 0
vn 0.9309585420654916 0.36512490048652463 0
vn 0.9309585420654916 0.36512490048652463 0
vn 0.9309585420654916 0.36512490048652463 0
f 1126/1126/1126 1127/1127/1127 1128/1128/1128
f 1129/1129/1129 1130/1130/1130 1131/1131/1131
f 1132/1132/1132 1133/1133/1133 1134/1134/1134
f 1135/1135/1135 1136/1136/1136 1137/1137/1137
f 1138/1138/1138 1139/1139/1139 1140/1140/1140
f 1141/1141/1141 1142/1142/1142 1143/1143/1143
f 1144/1144/1144 1145/1145/1145 1146/1146/1146
f 1147/1147/1147 1148/1148/1148 1149/1149/1149
f 1150/1150/1150 1151/1151/1151 1152/1152/1152
f 1153/1153/1153 1154/1154/1154 1155/1155/1155
f 1156/1156/1156 1157/1157/1157 1158/1158/1158
f 1159/1159/1159 1160/1160/1160 1161/1161/1161
f 1162/1162/1162 1163/1163/1163 1164/1164/1164
f 1165/1165/1165 1166/1166/1166 1167/1167/1167
f 1168/1168/1168 1169/1169/1169 1170/1170/1170
f 1171/1171/1171 1172/1172/1172 1173/1173/1173
f 1174/1174/1174 1175/1175/1175 1176/1176/1176
f 1177/1177/1177 1178/1178/1178 1179/1179/1179
f 1180/1180/1180 1181/1181/1181 1182/1182/1182
f 1183/1183/1183 1184/1184/1184 1185/1185/1185
f 1186/1186/1186 1187/1187/1187 1188/1188/1188
f 1189/1189/1189 1190/1190/1190 1191/1191/1191
f 1192/1192/1192 1193/1193/1193 1194/1194/1194
f 1195/1195/1195 1196/1196/1196 1197/1197/1197
f 1198/1198/1198 1199/1199/1199 1200/1200/1200
f 1201/1201/1201 1202/1202/1202 1203/1203/1203
f 1204/1204/1204 1205/1205/1205 1206/1206/1206
f 1207/1207/1207 1208/1208/1208 1209/1209/1209
f 1210/1210/1210 1211/1211/1211 1212/1212/1212
f 1213/1213/1213 1214/1214/1214 1215/1215/1215
f 1216/1216/1216 1217/1217/1217 1218/1218/1218
f 1219/1219/1219 1220/1220/1220 1221/1221/1221
f 1222/1222/1222 1223/1223/1223 1224/1224/1224
f 1225/1225/1225 1226/1226/1226 1227/1227/1227
f 1228/1228/1228 1229/1229/1229 1230/1230/1230
f 1231/1231/1231 1232/1232/1232 1233/1233/1233
o coin_star_b
usemtl goldDark
v -0.07641208171844482 0.39482779055833817 -0.06099999999999995
v 1.8369702788777518e-17 0.19999998807907104 -0.06099999999999987
v 0.07641208171844482 0.39482779055833817 -0.06099999999999995
v -0.12363734841346741 0.5401722081005573 -0.06100000000000002
v -0.28531694412231445 0.407294899225235 -0.06099999999999996
v -0.07641208171844482 0.39482779055833817 -0.06099999999999995
v -2.3880613294538528e-17 0.6299999952316284 -0.061000000000000054
v -0.17633557319641113 0.7427050918340683 -0.06100000000000011
v -0.12363734841346741 0.5401722081005573 -0.06100000000000002
v 0.12363734841346741 0.5401722081005573 -0.06100000000000002
v 0.17633557319641113 0.7427050918340683 -0.06100000000000011
v -2.3880613294538528e-17 0.6299999952316284 -0.061000000000000054
v 0.07641208171844482 0.39482779055833817 -0.06099999999999995
v 0.28531694412231445 0.407294899225235 -0.06099999999999996
v 0.12363734841346741 0.5401722081005573 -0.06100000000000002
v -0.12363734841346741 0.5401722081005573 -0.06100000000000002
v -0.07641208171844482 0.39482779055833817 -0.06099999999999995
v 0.07641208171844482 0.39482779055833817 -0.06099999999999995
v 0.12363734841346741 0.5401722081005573 -0.06100000000000002
v -2.3880613294538528e-17 0.6299999952316284 -0.061000000000000054
v -0.12363734841346741 0.5401722081005573 -0.06100000000000002
v -0.12363734841346741 0.5401722081005573 -0.06100000000000002
v 0.07641208171844482 0.39482779055833817 -0.06099999999999995
v 0.12363734841346741 0.5401722081005573 -0.06100000000000002
v 0.07641208171844482 0.39482779055833817 -0.111000000745058
v 1.8369702788777518e-17 0.19999998807907104 -0.11100000074505792
v -0.07641208171844482 0.39482779055833817 -0.111000000745058
v -0.07641208171844482 0.39482779055833817 -0.111000000745058
v -0.28531694412231445 0.407294899225235 -0.11100000074505802
v -0.12363734841346741 0.5401722081005573 -0.11100000074505809
v -0.12363734841346741 0.5401722081005573 -0.11100000074505809
v -0.17633557319641113 0.7427050918340683 -0.11100000074505817
v -2.3880613294538528e-17 0.6299999952316284 -0.11100000074505811
v -2.3880613294538528e-17 0.6299999952316284 -0.11100000074505811
v 0.17633557319641113 0.7427050918340683 -0.11100000074505817
v 0.12363734841346741 0.5401722081005573 -0.11100000074505809
v 0.12363734841346741 0.5401722081005573 -0.11100000074505809
v 0.28531694412231445 0.407294899225235 -0.11100000074505802
v 0.07641208171844482 0.39482779055833817 -0.111000000745058
v 0.07641208171844482 0.39482779055833817 -0.111000000745058
v -0.07641208171844482 0.39482779055833817 -0.111000000745058
v -0.12363734841346741 0.5401722081005573 -0.11100000074505809
v -0.12363734841346741 0.5401722081005573 -0.11100000074505809
v -2.3880613294538528e-17 0.6299999952316284 -0.11100000074505811
v 0.12363734841346741 0.5401722081005573 -0.11100000074505809
v 0.12363734841346741 0.5401722081005573 -0.11100000074505809
v 0.07641208171844482 0.39482779055833817 -0.111000000745058
v -0.12363734841346741 0.5401722081005573 -0.11100000074505809
v 1.8369702788777518e-17 0.19999998807907104 -0.06099999999999987
v -0.07641208171844482 0.39482779055833817 -0.06099999999999995
v 1.8369702788777518e-17 0.19999998807907104 -0.11100000074505792
v -0.07641208171844482 0.39482779055833817 -0.06099999999999995
v -0.07641208171844482 0.39482779055833817 -0.111000000745058
v 1.8369702788777518e-17 0.19999998807907104 -0.11100000074505792
v -0.07641208171844482 0.39482779055833817 -0.06099999999999995
v -0.28531694412231445 0.407294899225235 -0.06099999999999996
v -0.07641208171844482 0.39482779055833817 -0.111000000745058
v -0.28531694412231445 0.407294899225235 -0.06099999999999996
v -0.28531694412231445 0.407294899225235 -0.11100000074505802
v -0.07641208171844482 0.39482779055833817 -0.111000000745058
v -0.28531694412231445 0.407294899225235 -0.06099999999999996
v -0.12363734841346741 0.5401722081005573 -0.06100000000000002
v -0.28531694412231445 0.407294899225235 -0.11100000074505802
v -0.12363734841346741 0.5401722081005573 -0.06100000000000002
v -0.12363734841346741 0.5401722081005573 -0.11100000074505809
v -0.28531694412231445 0.407294899225235 -0.11100000074505802
v -0.12363734841346741 0.5401722081005573 -0.06100000000000002
v -0.17633557319641113 0.7427050918340683 -0.06100000000000011
v -0.12363734841346741 0.5401722081005573 -0.11100000074505809
v -0.17633557319641113 0.7427050918340683 -0.06100000000000011
v -0.17633557319641113 0.7427050918340683 -0.11100000074505817
v -0.12363734841346741 0.5401722081005573 -0.11100000074505809
v -0.17633557319641113 0.7427050918340683 -0.06100000000000011
v -2.3880613294538528e-17 0.6299999952316284 -0.061000000000000054
v -0.17633557319641113 0.7427050918340683 -0.11100000074505817
v -2.3880613294538528e-17 0.6299999952316284 -0.061000000000000054
v -2.3880613294538528e-17 0.6299999952316284 -0.11100000074505811
v -0.17633557319641113 0.7427050918340683 -0.11100000074505817
v -2.3880613294538528e-17 0.6299999952316284 -0.061000000000000054
v 0.17633557319641113 0.7427050918340683 -0.06100000000000011
v -2.3880613294538528e-17 0.6299999952316284 -0.11100000074505811
v 0.17633557319641113 0.7427050918340683 -0.06100000000000011
v 0.17633557319641113 0.7427050918340683 -0.11100000074505817
v -2.3880613294538528e-17 0.6299999952316284 -0.11100000074505811
v 0.17633557319641113 0.7427050918340683 -0.06100000000000011
v 0.12363734841346741 0.5401722081005573 -0.06100000000000002
v 0.17633557319641113 0.7427050918340683 -0.11100000074505817
v 0.12363734841346741 0.5401722081005573 -0.06100000000000002
v 0.12363734841346741 0.5401722081005573 -0.11100000074505809
v 0.17633557319641113 0.7427050918340683 -0.11100000074505817
v 0.12363734841346741 0.5401722081005573 -0.06100000000000002
v 0.28531694412231445 0.407294899225235 -0.06099999999999996
v 0.12363734841346741 0.5401722081005573 -0.11100000074505809
v 0.28531694412231445 0.407294899225235 -0.06099999999999996
v 0.28531694412231445 0.407294899225235 -0.11100000074505802
v 0.12363734841346741 0.5401722081005573 -0.11100000074505809
v 0.28531694412231445 0.407294899225235 -0.06099999999999996
v 0.07641208171844482 0.39482779055833817 -0.06099999999999995
v 0.28531694412231445 0.407294899225235 -0.11100000074505802
v 0.07641208171844482 0.39482779055833817 -0.06099999999999995
v 0.07641208171844482 0.39482779055833817 -0.111000000745058
v 0.28531694412231445 0.407294899225235 -0.11100000074505802
v 0.07641208171844482 0.39482779055833817 -0.06099999999999995
v 1.8369702788777518e-17 0.19999998807907104 -0.06099999999999987
v 0.07641208171844482 0.39482779055833817 -0.111000000745058
v 1.8369702788777518e-17 0.19999998807907104 -0.06099999999999987
v 1.8369702788777518e-17 0.19999998807907104 -0.11100000074505792
v 0.07641208171844482 0.39482779055833817 -0.111000000745058
vt -0.07641208171844482 0.10517220944166183
vt 1.8369702788777518e-17 0.30000001192092896
vt 0.07641208171844482 0.10517220944166183
vt -0.12363734841346741 -0.04017220810055733
vt -0.28531694412231445 0.09270510077476501
vt -0.07641208171844482 0.10517220944166183
vt -2.3880613294538528e-17 -0.12999999523162842
vt -0.17633557319641113 -0.2427050918340683
vt -0.12363734841346741 -0.04017220810055733
vt 0.12363734841346741 -0.04017220810055733
vt 0.17633557319641113 -0.2427050918340683
vt -2.3880613294538528e-17 -0.12999999523162842
vt 0.07641208171844482 0.10517220944166183
vt 0.28531694412231445 0.09270510077476501
vt 0.12363734841346741 -0.04017220810055733
vt -0.12363734841346741 -0.04017220810055733
vt -0.07641208171844482 0.10517220944166183
vt 0.07641208171844482 0.10517220944166183
vt 0.12363734841346741 -0.04017220810055733
vt -2.3880613294538528e-17 -0.12999999523162842
vt -0.12363734841346741 -0.04017220810055733
vt -0.12363734841346741 -0.04017220810055733
vt 0.07641208171844482 0.10517220944166183
vt 0.12363734841346741 -0.04017220810055733
vt 0.07641208171844482 0.10517220944166183
vt 1.8369702788777518e-17 0.30000001192092896
vt -0.07641208171844482 0.10517220944166183
vt -0.07641208171844482 0.10517220944166183
vt -0.28531694412231445 0.09270510077476501
vt -0.12363734841346741 -0.04017220810055733
vt -0.12363734841346741 -0.04017220810055733
vt -0.17633557319641113 -0.2427050918340683
vt -2.3880613294538528e-17 -0.12999999523162842
vt -2.3880613294538528e-17 -0.12999999523162842
vt 0.17633557319641113 -0.2427050918340683
vt 0.12363734841346741 -0.04017220810055733
vt 0.12363734841346741 -0.04017220810055733
vt 0.28531694412231445 0.09270510077476501
vt 0.07641208171844482 0.10517220944166183
vt 0.07641208171844482 0.10517220944166183
vt -0.07641208171844482 0.10517220944166183
vt -0.12363734841346741 -0.04017220810055733
vt -0.12363734841346741 -0.04017220810055733
vt -2.3880613294538528e-17 -0.12999999523162842
vt 0.12363734841346741 -0.04017220810055733
vt 0.12363734841346741 -0.04017220810055733
vt 0.07641208171844482 0.10517220944166183
vt -0.12363734841346741 -0.04017220810055733
vt 0.30000001192092896 1
vt 0.10517220944166183 1
vt 0.30000001192092896 0.949999988079071
vt 0.10517220944166183 1
vt 0.10517220944166183 0.949999988079071
vt 0.30000001192092896 0.949999988079071
vt -0.07641208171844482 1
vt -0.28531694412231445 1
vt -0.07641208171844482 0.949999988079071
vt -0.28531694412231445 1
vt -0.28531694412231445 0.949999988079071
vt -0.07641208171844482 0.949999988079071
vt -0.28531694412231445 1
vt -0.12363734841346741 1
vt -0.28531694412231445 0.949999988079071
vt -0.12363734841346741 1
vt -0.12363734841346741 0.949999988079071
vt -0.28531694412231445 0.949999988079071
vt -0.04017220810055733 1
vt -0.2427050918340683 1
vt -0.04017220810055733 0.949999988079071
vt -0.2427050918340683 1
vt -0.2427050918340683 0.949999988079071
vt -0.04017220810055733 0.949999988079071
vt -0.17633557319641113 1
vt -2.3880613294538528e-17 1
vt -0.17633557319641113 0.949999988079071
vt -2.3880613294538528e-17 1
vt -2.3880613294538528e-17 0.949999988079071
vt -0.17633557319641113 0.949999988079071
vt -2.3880613294538528e-17 1
vt 0.17633557319641113 1
vt -2.3880613294538528e-17 0.949999988079071
vt 0.17633557319641113 1
vt 0.17633557319641113 0.949999988079071
vt -2.3880613294538528e-17 0.949999988079071
vt -0.2427050918340683 1
vt -0.04017220810055733 1
vt -0.2427050918340683 0.949999988079071
vt -0.04017220810055733 1
vt -0.04017220810055733 0.949999988079071
vt -0.2427050918340683 0.949999988079071
vt 0.12363734841346741 1
vt 0.28531694412231445 1
vt 0.12363734841346741 0.949999988079071
vt 0.28531694412231445 1
vt 0.28531694412231445 0.949999988079071
vt 0.12363734841346741 0.949999988079071
vt 0.28531694412231445 1
vt 0.07641208171844482 1
vt 0.28531694412231445 0.949999988079071
vt 0.07641208171844482 1
vt 0.07641208171844482 0.949999988079071
vt 0.28531694412231445 0.949999988079071
vt 0.10517220944166183 1
vt 0.30000001192092896 1
vt 0.10517220944166183 0.949999988079071
vt 0.30000001192092896 1
vt 0.30000001192092896 0.949999988079071
vt 0.10517220944166183 0.949999988079071
vn 0 4.440892098500626e-16 1
vn 0 4.440892098500626e-16 1
vn 0 4.440892098500626e-16 1
vn 0 4.440892098500626e-16 1
vn 0 4.440892098500626e-16 1
vn 0 4.440892098500626e-16 1
vn 0 4.440892098500626e-16 1
vn 0 4.440892098500626e-16 1
vn 0 4.440892098500626e-16 1
vn 0 4.440892098500626e-16 1
vn 0 4.440892098500626e-16 1
vn 0 4.440892098500626e-16 1
vn 0 4.440892098500626e-16 1
vn 0 4.440892098500626e-16 1
vn 0 4.440892098500626e-16 1
vn 0 4.440892098500626e-16 1
vn 0 4.440892098500626e-16 1
vn 0 4.440892098500626e-16 1
vn 0 4.440892098500626e-16 1
vn 0 4.440892098500626e-16 1
vn 0 4.440892098500626e-16 1
vn 0 4.440892098500626e-16 1
vn 0 4.440892098500626e-16 1
vn 0 4.440892098500626e-16 1
vn 0 -4.440892098500626e-16 -1
vn 0 -4.440892098500626e-16 -1
vn 0 -4.440892098500626e-16 -1
vn 0 -4.440892098500626e-16 -1
vn 0 -4.440892098500626e-16 -1
vn 0 -4.440892098500626e-16 -1
vn 0 -4.440892098500626e-16 -1
vn 0 -4.440892098500626e-16 -1
vn 0 -4.440892098500626e-16 -1
vn 0 -4.440892098500626e-16 -1
vn 0 -4.440892098500626e-16 -1
vn 0 -4.440892098500626e-16 -1
vn 0 -4.440892098500626e-16 -1
vn 0 -4.440892098500626e-16 -1
vn 0 -4.440892098500626e-16 -1
vn 0 -4.440892098500626e-16 -1
vn 0 -4.440892098500626e-16 -1
vn 0 -4.440892098500626e-16 -1
vn 0 -4.440892098500626e-16 -1
vn 0 -4.440892098500626e-16 -1
vn 0 -4.440892098500626e-16 -1
vn 0 -4.440892098500626e-16 -1
vn 0 -4.440892098500626e-16 -1
vn 0 -4.440892098500626e-16 -1
vn -0.9309585420654916 -0.36512490048652463 1.6214802855364347e-16
vn -0.9309585420654916 -0.36512490048652463 1.6214802855364347e-16
vn -0.9309585420654916 -0.36512490048652463 1.6214802855364347e-16
vn -0.9309585420654916 -0.36512490048652463 1.6214802855364347e-16
vn -0.9309585420654916 -0.36512490048652463 1.6214802855364347e-16
vn -0.9309585420654916 -0.36512490048652463 1.6214802855364347e-16
vn -0.059572415125308247 -0.9982239865662105 4.4330050144756793e-16
vn -0.059572415125308247 -0.9982239865662105 4.4330050144756793e-16
vn -0.059572415125308247 -0.9982239865662105 4.4330050144756793e-16
vn -0.059572415125308247 -0.9982239865662105 4.4330050144756793e-16
vn -0.059572415125308247 -0.9982239865662105 4.4330050144756793e-16
vn -0.059572415125308247 -0.9982239865662105 4.4330050144756793e-16
vn -0.6349364953396196 0.7725643318752433 -3.4308748370081835e-16
vn -0.6349364953396196 0.7725643318752433 -3.4308748370081835e-16
vn -0.6349364953396196 0.7725643318752433 -3.4308748370081835e-16
vn -0.6349364953396196 0.7725643318752433 -3.4308748370081835e-16
vn -0.6349364953396196 0.7725643318752433 -3.4308748370081835e-16
vn -0.6349364953396196 0.7725643318752433 -3.4308748370081835e-16
vn -0.9677763214178999 -0.2518114209142186 1.1182673494501687e-16
vn -0.9677763214178999 -0.2518114209142186 1.1182673494501687e-16
vn -0.9677763214178999 -0.2518114209142186 1.1182673494501687e-16
vn -0.9677763214178999 -0.2518114209142186 1.1182673494501687e-16
vn -0.9677763214178999 -0.2518114209142186 1.1182673494501687e-16
vn -0.9677763214178999 -0.2518114209142186 1.1182673494501687e-16
vn 0.5385462673735195 0.8425959398775011 -3.7418776516307035e-16
vn 0.5385462673735195 0.8425959398775011 -3.7418776516307035e-16
vn 0.5385462673735195 0.8425959398775011 -3.7418776516307035e-16
vn 0.5385462673735195 0.8425959398775011 -3.7418776516307035e-16
vn 0.5385462673735195 0.8425959398775011 -3.7418776516307035e-16
vn 0.5385462673735195 0.8425959398775011 -3.7418776516307035e-16
vn -0.5385462673735195 0.8425959398775011 -3.7418776516307035e-16
vn -0.5385462673735195 0.8425959398775011 -3.7418776516307035e-16
vn -0.5385462673735195 0.8425959398775011 -3.7418776516307035e-16
vn -0.5385462673735195 0.8425959398775011 -3.7418776516307035e-16
vn -0.5385462673735195 0.8425959398775011 -3.7418776516307035e-16
vn -0.5385462673735195 0.8425959398775011 -3.7418776516307035e-16
vn 0.9677763214178999 -0.2518114209142186 1.1182673494501687e-16
vn 0.9677763214178999 -0.2518114209142186 1.1182673494501687e-16
vn 0.9677763214178999 -0.2518114209142186 1.1182673494501687e-16
vn 0.9677763214178999 -0.2518114209142186 1.1182673494501687e-16
vn 0.9677763214178999 -0.2518114209142186 1.1182673494501687e-16
vn 0.9677763214178999 -0.2518114209142186 1.1182673494501687e-16
vn 0.6349364953396196 0.7725643318752433 -3.4308748370081835e-16
vn 0.6349364953396196 0.7725643318752433 -3.4308748370081835e-16
vn 0.6349364953396196 0.7725643318752433 -3.4308748370081835e-16
vn 0.6349364953396196 0.7725643318752433 -3.4308748370081835e-16
vn 0.6349364953396196 0.7725643318752433 -3.4308748370081835e-16
vn 0.6349364953396196 0.7725643318752433 -3.4308748370081835e-16
vn 0.059572415125308247 -0.9982239865662105 4.4330050144756793e-16
vn 0.059572415125308247 -0.9982239865662105 4.4330050144756793e-16
vn 0.059572415125308247 -0.9982239865662105 4.4330050144756793e-16
vn 0.059572415125308247 -0.9982239865662105 4.4330050144756793e-16
vn 0.059572415125308247 -0.9982239865662105 4.4330050144756793e-16
vn 0.059572415125308247 -0.9982239865662105 4.4330050144756793e-16
vn 0.9309585420654916 -0.36512490048652463 1.6214802855364347e-16
vn 0.9309585420654916 -0.36512490048652463 1.6214802855364347e-16
vn 0.9309585420654916 -0.36512490048652463 1.6214802855364347e-16
vn 0.9309585420654916 -0.36512490048652463 1.6214802855364347e-16
vn 0.9309585420654916 -0.36512490048652463 1.6214802855364347e-16
vn 0.9309585420654916 -0.36512490048652463 1.6214802855364347e-16
f 1234/1234/1234 1235/1235/1235 1236/1236/1236
f 1237/1237/1237 1238/1238/1238 1239/1239/1239
f 1240/1240/1240 1241/1241/1241 1242/1242/1242
f 1243/1243/1243 1244/1244/1244 1245/1245/1245
f 1246/1246/1246 1247/1247/1247 1248/1248/1248
f 1249/1249/1249 1250/1250/1250 1251/1251/1251
f 1252/1252/1252 1253/1253/1253 1254/1254/1254
f 1255/1255/1255 1256/1256/1256 1257/1257/1257
f 1258/1258/1258 1259/1259/1259 1260/1260/1260
f 1261/1261/1261 1262/1262/1262 1263/1263/1263
f 1264/1264/1264 1265/1265/1265 1266/1266/1266
f 1267/1267/1267 1268/1268/1268 1269/1269/1269
f 1270/1270/1270 1271/1271/1271 1272/1272/1272
f 1273/1273/1273 1274/1274/1274 1275/1275/1275
f 1276/1276/1276 1277/1277/1277 1278/1278/1278
f 1279/1279/1279 1280/1280/1280 1281/1281/1281
f 1282/1282/1282 1283/1283/1283 1284/1284/1284
f 1285/1285/1285 1286/1286/1286 1287/1287/1287
f 1288/1288/1288 1289/1289/1289 1290/1290/1290
f 1291/1291/1291 1292/1292/1292 1293/1293/1293
f 1294/1294/1294 1295/1295/1295 1296/1296/1296
f 1297/1297/1297 1298/1298/1298 1299/1299/1299
f 1300/1300/1300 1301/1301/1301 1302/1302/1302
f 1303/1303/1303 1304/1304/1304 1305/1305/1305
f 1306/1306/1306 1307/1307/1307 1308/1308/1308
f 1309/1309/1309 1310/1310/1310 1311/1311/1311
f 1312/1312/1312 1313/1313/1313 1314/1314/1314
f 1315/1315/1315 1316/1316/1316 1317/1317/1317
f 1318/1318/1318 1319/1319/1319 1320/1320/1320
f 1321/1321/1321 1322/1322/1322 1323/1323/1323
f 1324/1324/1324 1325/1325/1325 1326/1326/1326
f 1327/1327/1327 1328/1328/1328 1329/1329/1329
f 1330/1330/1330 1331/1331/1331 1332/1332/1332
f 1333/1333/1333 1334/1334/1334 1335/1335/1335
f 1336/1336/1336 1337/1337/1337 1338/1338/1338
f 1339/1339/1339 1340/1340/1340 1341/1341/1341
