mtllib lamppost.mtl
o base
usemtl greyDark
v 0 0.40000000298023225 0.23999999463558197
v 0.07416407763957977 0.40000000298023225 0.2282535582780838
v 0.1410684585571289 0.40000000298023225 0.19416408240795135
v 0.19416408240795135 0.40000000298023225 0.1410684585571289
v 0.2282535582780838 0.40000000298023225 0.07416407763957977
v 0.23999999463558197 0.40000000298023225 1.469576190014977e-17
v 0.2282535582780838 0.40000000298023225 -0.07416407763957977
v 0.19416408240795135 0.40000000298023225 -0.1410684585571289
v 0.1410684585571289 0.40000000298023225 -0.19416408240795135
v 0.07416407763957977 0.40000000298023225 -0.2282535582780838
v 2.939152380029954e-17 0.40000000298023225 -0.23999999463558197
v -0.07416407763957977 0.40000000298023225 -0.2282535582780838
v -0.1410684585571289 0.40000000298023225 -0.19416408240795135
v -0.19416408240795135 0.40000000298023225 -0.1410684585571289
v -0.2282535582780838 0.40000000298023225 -0.07416407763957977
v -0.23999999463558197 0.40000000298023225 -4.408728404608808e-17
v -0.2282535582780838 0.40000000298023225 0.07416407763957977
v -0.19416408240795135 0.40000000298023225 0.1410684585571289
v -0.1410684585571289 0.40000000298023225 0.19416408240795135
v -0.07416407763957977 0.40000000298023225 0.2282535582780838
v -5.878304760059908e-17 0.40000000298023225 0.23999999463558197
v 0 -2.980232227667301e-9 0.3400000035762787
v 0.10506577789783478 -2.980232227667301e-9 0.3233592212200165
v 0.19984698295593262 -2.980232227667301e-9 0.2750657796859741
v 0.2750657796859741 -2.980232227667301e-9 0.19984698295593262
v 0.3233592212200165 -2.980232227667301e-9 0.10506577789783478
v 0.3400000035762787 -2.980232227667301e-9 2.081899616307561e-17
v 0.3233592212200165 -2.980232227667301e-9 -0.10506577789783478
v 0.2750657796859741 -2.980232227667301e-9 -0.19984698295593262
v 0.19984698295593262 -2.980232227667301e-9 -0.2750657796859741
v 0.10506577789783478 -2.980232227667301e-9 -0.3233592212200165
v 4.163799232615122e-17 -2.980232227667301e-9 -0.3400000035762787
v -0.10506577789783478 -2.980232227667301e-9 -0.3233592212200165
v -0.19984698295593262 -2.980232227667301e-9 -0.2750657796859741
v -0.2750657796859741 -2.980232227667301e-9 -0.19984698295593262
v -0.3233592212200165 -2.980232227667301e-9 -0.10506577789783478
v -0.3400000035762787 -2.980232227667301e-9 -6.24569868348656e-17
v -0.3233592212200165 -2.980232227667301e-9 0.10506577789783478
v -0.2750657796859741 -2.980232227667301e-9 0.19984698295593262
v -0.19984698295593262 -2.980232227667301e-9 0.2750657796859741
v -0.10506577789783478 -2.980232227667301e-9 0.3233592212200165
v -8.327598465230243e-17 -2.980232227667301e-9 0.3400000035762787
v 0 0.40000000298023225 0
v 0 0.40000000298023225 0
v 0 0.40000000298023225 0
v 0 0.40000000298023225 0
v 0 0.40000000298023225 0
v 0 0.40000000298023225 0
v 0 0.40000000298023225 0
v 0 0.40000000298023225 0
v 0 0.40000000298023225 0
v 0 0.40000000298023225 0
v 0 0.40000000298023225 0
v 0 0.40000000298023225 0
v 0 0.40000000298023225 0
v 0 0.40000000298023225 0
v 0 0.40000000298023225 0
v 0 0.40000000298023225 0
v 0 0.40000000298023225 0
v 0 0.40000000298023225 0
v 0 0.40000000298023225 0
v 0 0.40000000298023225 0
v 0 0.40000000298023225 0.23999999463558197
v 0.07416407763957977 0.40000000298023225 0.2282535582780838
v 0.1410684585571289 0.40000000298023225 0.19416408240795135
v 0.19416408240795135 0.40000000298023225 0.1410684585571289
v 0.2282535582780838 0.40000000298023225 0.07416407763957977
v 0.23999999463558197 0.40000000298023225 1.469576190014977e-17
v 0.2282535582780838 0.40000000298023225 -0.07416407763957977
v 0.19416408240795135 0.40000000298023225 -0.1410684585571289
v 0.1410684585571289 0.40000000298023225 -0.19416408240795135
v 0.07416407763957977 0.40000000298023225 -0.2282535582780838
v 2.939152380029954e-17 0.40000000298023225 -0.23999999463558197
v -0.07416407763957977 0.40000000298023225 -0.2282535582780838
v -0.1410684585571289 0.40000000298023225 -0.19416408240795135
v -0.19416408240795135 0.40000000298023225 -0.1410684585571289
v -0.2282535582780838 0.40000000298023225 -0.07416407763957977
v -0.23999999463558197 0.40000000298023225 -4.408728404608808e-17
v -0.2282535582780838 0.40000000298023225 0.07416407763957977
v -0.19416408240795135 0.40000000298023225 0.1410684585571289
v -0.1410684585571289 0.40000000298023225 0.19416408240795135
v -0.07416407763957977 0.40000000298023225 0.2282535582780838
v -5.878304760059908e-17 0.40000000298023225 0.23999999463558197
v 0 -2.980232227667301e-9 0
v 0 -2.980232227667301e-9 0
v 0 -2.980232227667301e-9 0
v 0 -2.980232227667301e-9 0
v 0 -2.980232227667301e-9 0
v 0 -2.980232227667301e-9 0
v 0 -2.980232227667301e-9 0
v 0 -2.980232227667301e-9 0
v 0 -2.980232227667301e-9 0
v 0 -2.980232227667301e-9 0
v 0 -2.980232227667301e-9 0
v 0 -2.980232227667301e-9 0
v 0 -2.980232227667301e-9 0
v 0 -2.980232227667301e-9 0
v 0 -2.980232227667301e-9 0
v 0 -2.980232227667301e-9 0
v 0 -2.980232227667301e-9 0
v 0 -2.980232227667301e-9 0
v 0 -2.980232227667301e-9 0
v 0 -2.980232227667301e-9 0
v 0 -2.980232227667301e-9 0.3400000035762787
v 0.10506577789783478 -2.980232227667301e-9 0.3233592212200165
v 0.19984698295593262 -2.980232227667301e-9 0.2750657796859741
v 0.2750657796859741 -2.980232227667301e-9 0.19984698295593262
v 0.3233592212200165 -2.980232227667301e-9 0.10506577789783478
v 0.3400000035762787 -2.980232227667301e-9 2.081899616307561e-17
v 0.3233592212200165 -2.980232227667301e-9 -0.10506577789783478
v 0.2750657796859741 -2.980232227667301e-9 -0.19984698295593262
v 0.19984698295593262 -2.980232227667301e-9 -0.2750657796859741
v 0.10506577789783478 -2.980232227667301e-9 -0.3233592212200165
v 4.163799232615122e-17 -2.980232227667301e-9 -0.3400000035762787
v -0.10506577789783478 -2.980232227667301e-9 -0.3233592212200165
v -0.19984698295593262 -2.980232227667301e-9 -0.2750657796859741
v -0.2750657796859741 -2.980232227667301e-9 -0.19984698295593262
v -0.3233592212200165 -2.980232227667301e-9 -0.10506577789783478
v -0.3400000035762787 -2.980232227667301e-9 -6.24569868348656e-17
v -0.3233592212200165 -2.980232227667301e-9 0.10506577789783478
v -0.2750657796859741 -2.980232227667301e-9 0.19984698295593262
v -0.19984698295593262 -2.980232227667301e-9 0.2750657796859741
v -0.10506577789783478 -2.980232227667301e-9 0.3233592212200165
v -8.327598465230243e-17 -2.980232227667301e-9 0.3400000035762787
vt 0 1
vt 0.05000000074505806 1
vt 0.10000000149011612 1
vt 0.15000000596046448 1
vt 0.20000000298023224 1
vt 0.25 1
vt 0.30000001192092896 1
vt 0.3499999940395355 1
vt 0.4000000059604645 1
vt 0.44999998807907104 1
vt 0.5 1
vt 0.550000011920929 1
vt 0.6000000238418579 1
vt 0.6499999761581421 1
vt 0.699999988079071 1
vt 0.75 1
vt 0.800000011920929 1
vt 0.8500000238418579 1
vt 0.8999999761581421 1
vt 0.949999988079071 1
vt 1 1
vt 0 0
vt 0.05000000074505806 0
vt 0.10000000149011612 0
vt 0.15000000596046448 0
vt 0.20000000298023224 0
vt 0.25 0
vt 0.30000001192092896 0
vt 0.3499999940395355 0
vt 0.4000000059604645 0
vt 0.44999998807907104 0
vt 0.5 0
vt 0.550000011920929 0
vt 0.6000000238418579 0
vt 0.6499999761581421 0
vt 0.699999988079071 0
vt 0.75 0
vt 0.800000011920929 0
vt 0.8500000238418579 0
vt 0.8999999761581421 0
vt 0.949999988079071 0
vt 1 0
vt 0.5 0.5
vt 0.5 0.5
vt 0.5 0.5
vt 0.5 0.5
vt 0.5 0.5
vt 0.5 0.5
vt 0.5 0.5
vt 0.5 0.5
vt 0.5 0.5
vt 0.5 0.5
vt 0.5 0.5
vt 0.5 0.5
vt 0.5 0.5
vt 0.5 0.5
vt 0.5 0.5
vt 0.5 0.5
vt 0.5 0.5
vt 0.5 0.5
vt 0.5 0.5
vt 0.5 0.5
vt 1 0.5
vt 0.9755282402038574 0.6545084714889526
vt 0.9045084714889526 0.7938926219940186
vt 0.7938926219940186 0.9045084714889526
vt 0.6545084714889526 0.9755282402038574
vt 0.5 1
vt 0.345491498708725 0.9755282402038574
vt 0.20610737800598145 0.9045084714889526
vt 0.09549150615930557 0.7938926219940186
vt 0.024471741169691086 0.6545084714889526
vt 0 0.5
vt 0.024471741169691086 0.345491498708725
vt 0.09549150615930557 0.20610737800598145
vt 0.20610737800598145 0.09549150615930557
vt 0.345491498708725 0.024471741169691086
vt 0.5 0
vt 0.6545084714889526 0.024471741169691086
vt 0.7938926219940186 0.09549150615930557
vt 0.9045084714889526 0.20610737800598145
vt 0.9755282402038574 0.345491498708725
vt 1 0.5
vt 0.5 0.5
vt 0.5 0.5
vt 0.5 0.5
vt 0.5 0.5
vt 0.5 0.5
vt 0.5 0.5
vt 0.5 0.5
vt 0.5 0.5
vt 0.5 0.5
vt 0.5 0.5
vt 0.5 0.5
vt 0.5 0.5
vt 0.5 0.5
vt 0.5 0.5
vt 0.5 0.5
vt 0.5 0.5
vt 0.5 0.5
vt 0.5 0.5
vt 0.5 0.5
vt 0.5 0.5
vt 1 0.5
vt 0.9755282402038574 0.345491498708725
vt 0.9045084714889526 0.20610737800598145
vt 0.7938926219940186 0.09549150615930557
vt 0.6545084714889526 0.024471741169691086
vt 0.5 0
vt 0.345491498708725 0.024471741169691086
vt 0.20610737800598145 0.09549150615930557
vt 0.09549150615930557 0.20610737800598145
vt 0.024471741169691086 0.345491498708725
vt 0 0.5
vt 0.024471741169691086 0.6545084714889526
vt 0.09549150615930557 0.7938926219940186
vt 0.20610737800598145 0.9045084714889526
vt 0.345491498708725 0.9755282402038574
vt 0.5 1
vt 0.6545084714889526 0.9755282402038574
vt 0.7938926219940186 0.9045084714889526
vt 0.9045084714889526 0.7938926219940186
vt 0.9755282402038574 0.6545084714889526
vt 1 0.5
vn 0 0.24253562503633297 0.9701425001453319
vn 0.29979052943749157 0.2425356193426437 0.9226603447692269
vn 0.5702354509416089 0.2425356293268407 0.7848617706299965
vn 0.7848617706299965 0.2425356293268407 0.5702354509416089
vn 0.9226603447692269 0.2425356193426437 0.29979052943749157
vn 0.9701425001453319 0.24253562503633297 5.940409581080163e-17
vn 0.9226603447692269 0.2425356193426437 -0.29979052943749157
vn 0.7848617706299965 0.2425356293268407 -0.5702354509416089
vn 0.5702354509416089 0.2425356293268407 -0.7848617706299965
vn 0.29979052943749157 0.2425356193426437 -0.9226603447692269
vn 1.1880819162160327e-16 0.24253562503633297 -0.9701425001453319
vn -0.29979052943749157 0.2425356193426437 -0.9226603447692269
vn -0.5702354509416089 0.2425356293268407 -0.7848617706299965
vn -0.7848617706299965 0.2425356293268407 -0.5702354509416089
vn -0.9226603447692269 0.2425356193426437 -0.29979052943749157
vn -0.9701425001453319 0.24253562503633297 -1.7821229404984992e-16
vn -0.9226603447692269 0.2425356193426437 0.29979052943749157
vn -0.7848617706299965 0.2425356293268407 0.5702354509416089
vn -0.5702354509416089 0.2425356293268407 0.7848617706299965
vn -0.29979052943749157 0.2425356193426437 0.9226603447692269
vn -2.3761638324320653e-16 0.24253562503633297 0.9701425001453319
vn 0 0.24253562503633297 0.9701425001453319
vn 0.29979052943749157 0.2425356193426437 0.9226603447692269
vn 0.5702354509416089 0.2425356293268407 0.7848617706299965
vn 0.7848617706299965 0.2425356293268407 0.5702354509416089
vn 0.9226603447692269 0.2425356193426437 0.29979052943749157
vn 0.9701425001453319 0.24253562503633297 5.940409581080163e-17
vn 0.9226603447692269 0.2425356193426437 -0.29979052943749157
vn 0.7848617706299965 0.2425356293268407 -0.5702354509416089
vn 0.5702354509416089 0.2425356293268407 -0.7848617706299965
vn 0.29979052943749157 0.2425356193426437 -0.9226603447692269
vn 1.1880819162160327e-16 0.24253562503633297 -0.9701425001453319
vn -0.29979052943749157 0.2425356193426437 -0.9226603447692269
vn -0.5702354509416089 0.2425356293268407 -0.7848617706299965
vn -0.7848617706299965 0.2425356293268407 -0.5702354509416089
vn -0.9226603447692269 0.2425356193426437 -0.29979052943749157
vn -0.9701425001453319 0.24253562503633297 -1.7821229404984992e-16
vn -0.9226603447692269 0.2425356193426437 0.29979052943749157
vn -0.7848617706299965 0.2425356293268407 0.5702354509416089
vn -0.5702354509416089 0.2425356293268407 0.7848617706299965
vn -0.29979052943749157 0.2425356193426437 0.9226603447692269
vn -2.3761638324320653e-16 0.24253562503633297 0.9701425001453319
vn 0 1 0
vn 0 1 0
vn 0 1 0
vn 0 1 0
vn 0 1 0
vn 0 1 0
vn 0 1 0
vn 0 1 0
vn 0 1 0
vn 0 1 0
vn 0 1 0
vn 0 1 0
vn 0 1 0
vn 0 1 0
vn 0 1 0
vn 0 1 0
vn 0 1 0
vn 0 1 0
vn 0 1 0
vn 0 1 0
vn 0 1 0
vn 0 1 0
vn 0 1 0
vn 0 1 0
vn 0 1 0
vn 0 1 0
vn 0 1 0
vn 0 1 0
vn 0 1 0
vn 0 1 0
vn 0 1 0
vn 0 1 0
vn 0 1 0
vn 0 1 0
vn 0 1 0
vn 0 1 0
vn 0 1 0
vn 0 1 0
vn 0 1 0
vn 0 1 0
vn 0 1 0
vn 0 -1 0
vn 0 -1 0
vn 0 -1 0
vn 0 -1 0
vn 0 -1 0
vn 0 -1 0
vn 0 -1 0
vn 0 -1 0
vn 0 -1 0
vn 0 -1 0
vn 0 -1 0
vn 0 -1 0
vn 0 -1 0
vn 0 -1 0
vn 0 -1 0
vn 0 -1 0
vn 0 -1 0
vn 0 -1 0
vn 0 -1 0
vn 0 -1 0
vn 0 -1 0
vn 0 -1 0
vn 0 -1 0
vn 0 -1 0
vn 0 -1 0
vn 0 -1 0
vn 0 -1 0
vn 0 -1 0
vn 0 -1 0
vn 0 -1 0
vn 0 -1 0
vn 0 -1 0
vn 0 -1 0
vn 0 -1 0
vn 0 -1 0
vn 0 -1 0
vn 0 -1 0
vn 0 -1 0
vn 0 -1 0
vn 0 -1 0
vn 0 -1 0
f 1/1/1 22/22/22 2/2/2
f 22/22/22 23/23/23 2/2/2
f 2/2/2 23/23/23 3/3/3
f 23/23/23 24/24/24 3/3/3
f 3/3/3 24/24/24 4/4/4
f 24/24/24 25/25/25 4/4/4
f 4/4/4 25/25/25 5/5/5
f 25/25/25 26/26/26 5/5/5
f 5/5/5 26/26/26 6/6/6
f 26/26/26 27/27/27 6/6/6
f 6/6/6 27/27/27 7/7/7
f 27/27/27 28/28/28 7/7/7
f 7/7/7 28/28/28 8/8/8
f 28/28/28 29/29/29 8/8/8
f 8/8/8 29/29/29 9/9/9
f 29/29/29 30/30/30 9/9/9
f 9/9/9 30/30/30 10/10/10
f 30/30/30 31/31/31 10/10/10
f 10/10/10 31/31/31 11/11/11
f 31/31/31 32/32/32 11/11/11
f 11/11/11 32/32/32 12/12/12
f 32/32/32 33/33/33 12/12/12
f 12/12/12 33/33/33 13/13/13
f 33/33/33 34/34/34 13/13/13
f 13/13/13 34/34/34 14/14/14
f 34/34/34 35/35/35 14/14/14
f 14/14/14 35/35/35 15/15/15
f 35/35/35 36/36/36 15/15/15
f 15/15/15 36/36/36 16/16/16
f 36/36/36 37/37/37 16/16/16
f 16/16/16 37/37/37 17/17/17
f 37/37/37 38/38/38 17/17/17
f 17/17/17 38/38/38 18/18/18
f 38/38/38 39/39/39 18/18/18
f 18/18/18 39/39/39 19/19/19
f 39/39/39 40/40/40 19/19/19
f 19/19/19 40/40/40 20/20/20
f 40/40/40 41/41/41 20/20/20
f 20/20/20 41/41/41 21/21/21
f 41/41/41 42/42/42 21/21/21
f 63/63/63 64/64/64 43/43/43
f 64/64/64 65/65/65 44/44/44
f 65/65/65 66/66/66 45/45/45
f 66/66/66 67/67/67 46/46/46
f 67/67/67 68/68/68 47/47/47
f 68/68/68 69/69/69 48/48/48
f 69/69/69 70/70/70 49/49/49
f 70/70/70 71/71/71 50/50/50
f 71/71/71 72/72/72 51/51/51
f 72/72/72 73/73/73 52/52/52
f 73/73/73 74/74/74 53/53/53
f 74/74/74 75/75/75 54/54/54
f 75/75/75 76/76/76 55/55/55
f 76/76/76 77/77/77 56/56/56
f 77/77/77 78/78/78 57/57/57
f 78/78/78 79/79/79 58/58/58
f 79/79/79 80/80/80 59/59/59
f 80/80/80 81/81/81 60/60/60
f 81/81/81 82/82/82 61/61/61
f 82/82/82 83/83/83 62/62/62
f 105/105/105 104/104/104 84/84/84
f 106/106/106 105/105/105 85/85/85
f 107/107/107 106/106/106 86/86/86
f 108/108/108 107/107/107 87/87/87
f 109/109/109 108/108/108 88/88/88
f 110/110/110 109/109/109 89/89/89
f 111/111/111 110/110/110 90/90/90
f 112/112/112 111/111/111 91/91/91
f 113/113/113 112/112/112 92/92/92
f 114/114/114 113/113/113 93/93/93
f 115/115/115 114/114/114 94/94/94
f 116/116/116 115/115/115 95/95/95
f 117/117/117 116/116/116 96/96/96
f 118/118/118 117/117/117 97/97/97
f 119/119/119 118/118/118 98/98/98
f 120/120/120 119/119/119 99/99/99
f 121/121/121 120/120/120 100/100/100
f 122/122/122 121/121/121 101/101/101
f 123/123/123 122/122/122 102/102/102
f 124/124/124 123/123/123 103/103/103
o pole
usemtl greyDark
v 0 5.399999904632568 0.10999999940395355
v 0.033991869539022446 5.399999904632568 0.10461621731519699
v 0.06465637683868408 5.399999904632568 0.08899187296628952
v 0.08899187296628952 5.399999904632568 0.06465637683868408
v 0.10461621731519699 5.399999904632568 0.033991869539022446
v 0.10999999940395355 5.399999904632568 6.735557192910056e-18
v 0.10461621731519699 5.399999904632568 -0.033991869539022446
v 0.08899187296628952 5.399999904632568 -0.06465637683868408
v 0.06465637683868408 5.399999904632568 -0.08899187296628952
v 0.033991869539022446 5.399999904632568 -0.10461621731519699
v 1.3471114385820111e-17 5.399999904632568 -0.10999999940395355
v -0.033991869539022446 5.399999904632568 -0.10461621731519699
v -0.06465637683868408 5.399999904632568 -0.08899187296628952
v -0.08899187296628952 5.399999904632568 -0.06465637683868408
v -0.10461621731519699 5.399999904632568 -0.033991869539022446
v -0.10999999940395355 5.399999904632568 -2.020667240591078e-17
v -0.10461621731519699 5.399999904632568 0.033991869539022446
v -0.08899187296628952 5.399999904632568 0.06465637683868408
v -0.06465637683868408 5.399999904632568 0.08899187296628952
v -0.033991869539022446 5.399999904632568 0.10461621731519699
v -2.6942228771640223e-17 5.399999904632568 0.10999999940395355
v 0 0.20000009536743146 0.15000000596046448
v 0.04635255038738251 0.20000009536743146 0.14265847206115723
v 0.08816778659820557 0.20000009536743146 0.12135254591703415
v 0.12135254591703415 0.20000009536743146 0.08816778659820557
v 0.14265847206115723 0.20000009536743146 0.04635255038738251
v 0.15000000596046448 0.20000009536743146 9.184851394388759e-18
v 0.14265847206115723 0.20000009536743146 -0.04635255038738251
v 0.12135254591703415 0.20000009536743146 -0.08816778659820557
v 0.08816778659820557 0.20000009536743146 -0.12135254591703415
v 0.04635255038738251 0.20000009536743146 -0.14265847206115723
v 1.8369702788777518e-17 0.20000009536743146 -0.15000000596046448
v -0.04635255038738251 0.20000009536743146 -0.14265847206115723
v -0.08816778659820557 0.20000009536743146 -0.12135254591703415
v -0.12135254591703415 0.20000009536743146 -0.08816778659820557
v -0.14265847206115723 0.20000009536743146 -0.04635255038738251
v -0.15000000596046448 0.20000009536743146 -2.7554552528805052e-17
v -0.14265847206115723 0.20000009536743146 0.04635255038738251
v -0.12135254591703415 0.20000009536743146 0.08816778659820557
v -0.08816778659820557 0.20000009536743146 0.12135254591703415
v -0.04635255038738251 0.20000009536743146 0.14265847206115723
v -3.6739405577555036e-17 0.20000009536743146 0.15000000596046448
v 0 5.399999904632568 0
v 0 5.399999904632568 0
v 0 5.399999904632568 0
v 0 5.399999904632568 0
v 0 5.399999904632568 0
v 0 5.399999904632568 0
v 0 5.399999904632568 0
v 0 5.399999904632568 0
v 0 5.399999904632568 0
v 0 5.399999904632568 0
v 0 5.399999904632568 0
v 0 5.399999904632568 0
v 0 5.399999904632568 0
v 0 5.399999904632568 0
v 0 5.399999904632568 0
v 0 5.399999904632568 0
v 0 5.399999904632568 0
v 0 5.399999904632568 0
v 0 5.399999904632568 0
v 0 5.399999904632568 0
v 0 5.399999904632568 0.10999999940395355
v 0.033991869539022446 5.399999904632568 0.10461621731519699
v 0.06465637683868408 5.399999904632568 0.08899187296628952
v 0.08899187296628952 5.399999904632568 0.06465637683868408
v 0.10461621731519699 5.399999904632568 0.033991869539022446
v 0.10999999940395355 5.399999904632568 6.735557192910056e-18
v 0.10461621731519699 5.399999904632568 -0.033991869539022446
v 0.08899187296628952 5.399999904632568 -0.06465637683868408
v 0.06465637683868408 5.399999904632568 -0.08899187296628952
v 0.033991869539022446 5.399999904632568 -0.10461621731519699
v 1.3471114385820111e-17 5.399999904632568 -0.10999999940395355
v -0.033991869539022446 5.399999904632568 -0.10461621731519699
v -0.06465637683868408 5.399999904632568 -0.08899187296628952
v -0.08899187296628952 5.399999904632568 -0.06465637683868408
v -0.10461621731519699 5.399999904632568 -0.033991869539022446
v -0.10999999940395355 5.399999904632568 -2.020667240591078e-17
v -0.10461621731519699 5.399999904632568 0.033991869539022446
v -0.08899187296628952 5.399999904632568 0.06465637683868408
v -0.06465637683868408 5.399999904632568 0.08899187296628952
v -0.033991869539022446 5.399999904632568 0.10461621731519699
v -2.6942228771640223e-17 5.399999904632568 0.10999999940395355
v 0 0.20000009536743146 0
v 0 0.20000009536743146 0
v 0 0.20000009536743146 0
v 0 0.20000009536743146 0
v 0 0.20000009536743146 0
v 0 0.20000009536743146 0
v 0 0.20000009536743146 0
v 0 0.20000009536743146 0
v 0 0.20000009536743146 0
v 0 0.20000009536743146 0
v 0 0.20000009536743146 0
v 0 0.20000009536743146 0
v 0 0.20000009536743146 0
v 0 0.20000009536743146 0
v 0 0.20000009536743146 0
v 0 0.20000009536743146 0
v 0 0.20000009536743146 0
v 0 0.20000009536743146 0
v 0 0.20000009536743146 0
v 0 0.20000009536743146 0
v 0 0.20000009536743146 0.15000000596046448
v 0.04635255038738251 0.20000009536743146 0.14265847206115723
v 0.08816778659820557 0.20000009536743146 0.12135254591703415
v 0.12135254591703415 0.20000009536743146 0.08816778659820557
v 0.14265847206115723 0.20000009536743146 0.04635255038738251
v 0.15000000596046448 0.20000009536743146 9.184851394388759e-18
v 0.14265847206115723 0.20000009536743146 -0.04635255038738251
v 0.12135254591703415 0.20000009536743146 -0.08816778659820557
v 0.08816778659820557 0.20000009536743146 -0.12135254591703415
v 0.04635255038738251 0.20000009536743146 -0.14265847206115723
v 1.8369702788777518e-17 0.20000009536743146 -0.15000000596046448
v -0.04635255038738251 0.20000009536743146 -0.14265847206115723
v -0.08816778659820557 0.20000009536743146 -0.12135254591703415
v -0.12135254591703415 0.20000009536743146 -0.08816778659820557
v -0.14265847206115723 0.20000009536743146 -0.04635255038738251
v -0.15000000596046448 0.20000009536743146 -2.7554552528805052e-17
v -0.14265847206115723 0.20000009536743146 0.04635255038738251
v -0.12135254591703415 0.20000009536743146 0.08816778659820557
v -0.08816778659820557 0.20000009536743146 0.12135254591703415
v -0.04635255038738251 0.20000009536743146 0.14265847206115723
v -3.6739405577555036e-17 0.20000009536743146 0.15000000596046448
vt 0 1
vt 0.05000000074505806 1
vt 0.10000000149011612 1
vt 0.15000000596046448 1
vt 0.20000000298023224 1
vt 0.25 1
vt 0.30000001192092896 1
vt 0.3499999940395355 1
vt 0.4000000059604645 1
vt 0.44999998807907104 1
vt 0.5 1
vt 0.550000011920929 1
vt 0.6000000238418579 1
vt 0.6499999761581421 1
vt 0.699999988079071 1
vt 0.75 1
vt 0.800000011920929 1
vt 0.8500000238418579 1
vt 0.8999999761581421 1
vt 0.949999988079071 1
vt 1 1
vt 0 0
vt 0.05000000074505806 0
vt 0.10000000149011612 0
vt 0.15000000596046448 0
vt 0.20000000298023224 0
vt 0.25 0
vt 0.30000001192092896 0
vt 0.3499999940395355 0
vt 0.4000000059604645 0
vt 0.44999998807907104 0
vt 0.5 0
vt 0.550000011920929 0
vt 0.6000000238418579 0
vt 0.6499999761581421 0
vt 0.699999988079071 0
vt 0.75 0
vt 0.800000011920929 0
vt 0.8500000238418579 0
vt 0.8999999761581421 0
vt 0.949999988079071 0
vt 1 0
vt 0.5 0.5
vt 0.5 0.5
vt 0.5 0.5
vt 0.5 0.5
vt 0.5 0.5
vt 0.5 0.5
vt 0.5 0.5
vt 0.5 0.5
vt 0.5 0.5
vt 0.5 0.5
vt 0.5 0.5
vt 0.5 0.5
vt 0.5 0.5
vt 0.5 0.5
vt 0.5 0.5
vt 0.5 0.5
vt 0.5 0.5
vt 0.5 0.5
vt 0.5 0.5
vt 0.5 0.5
vt 1 0.5
vt 0.9755282402038574 0.6545084714889526
vt 0.9045084714889526 0.7938926219940186
vt 0.7938926219940186 0.9045084714889526
vt 0.6545084714889526 0.9755282402038574
vt 0.5 1
vt 0.345491498708725 0.9755282402038574
vt 0.20610737800598145 0.9045084714889526
vt 0.09549150615930557 0.7938926219940186
vt 0.024471741169691086 0.6545084714889526
vt 0 0.5
vt 0.024471741169691086 0.345491498708725
vt 0.09549150615930557 0.20610737800598145
vt 0.20610737800598145 0.09549150615930557
vt 0.345491498708725 0.024471741169691086
vt 0.5 0
vt 0.6545084714889526 0.024471741169691086
vt 0.7938926219940186 0.09549150615930557
vt 0.9045084714889526 0.20610737800598145
vt 0.9755282402038574 0.345491498708725
vt 1 0.5
vt 0.5 0.5
vt 0.5 0.5
vt 0.5 0.5
vt 0.5 0.5
vt 0.5 0.5
vt 0.5 0.5
vt 0.5 0.5
vt 0.5 0.5
vt 0.5 0.5
vt 0.5 0.5
vt 0.5 0.5
vt 0.5 0.5
vt 0.5 0.5
vt 0.5 0.5
vt 0.5 0.5
vt 0.5 0.5
vt 0.5 0.5
vt 0.5 0.5
vt 0.5 0.5
vt 0.5 0.5
vt 1 0.5
vt 0.9755282402038574 0.345491498708725
vt 0.9045084714889526 0.20610737800598145
vt 0.7938926219940186 0.09549150615930557
vt 0.6545084714889526 0.024471741169691086
vt 0.5 0
vt 0.345491498708725 0.024471741169691086
vt 0.20610737800598145 0.09549150615930557
vt 0.09549150615930557 0.20610737800598145
vt 0.024471741169691086 0.345491498708725
vt 0 0.5
vt 0.024471741169691086 0.6545084714889526
vt 0.09549150615930557 0.7938926219940186
vt 0.20610737800598145 0.9045084714889526
vt 0.345491498708725 0.9755282402038574
vt 0.5 1
vt 0.6545084714889526 0.9755282402038574
vt 0.7938926219940186 0.9045084714889526
vt 0.9045084714889526 0.7938926219940186
vt 0.9755282402038574 0.6545084714889526
vt 1 0.5
vn 0 0.007692079832795384 0.9999704155163021
vn 0.3090078452855735 0.007692079792357776 0.951028382047789
vn 0.5877678563638475 0.007692080212691326 0.8089930648203661
vn 0.8089930648203661 0.007692080212691326 0.5877678563638475
vn 0.951028382047789 0.007692079792357776 0.3090078452855735
vn 0.9999704155163021 0.007692079832795384 6.12305281892009e-17
vn 0.951028382047789 0.007692079792357776 -0.3090078452855735
vn 0.8089930648203661 0.007692080212691326 -0.5877678563638475
vn 0.5877678563638475 0.007692080212691326 -0.8089930648203661
vn 0.3090078452855735 0.007692079792357776 -0.951028382047789
vn 1.224610563784018e-16 0.007692079832795384 -0.9999704155163021
vn -0.3090078452855735 0.007692079792357776 -0.951028382047789
vn -0.5877678563638475 0.007692080212691326 -0.8089930648203661
vn -0.8089930648203661 0.007692080212691326 -0.5877678563638475
vn -0.951028382047789 0.007692079792357776 -0.3090078452855735
vn -0.9999704155163021 0.007692079832795384 -1.836915845676027e-16
vn -0.951028382047789 0.007692079792357776 0.3090078452855735
vn -0.8089930648203661 0.007692080212691326 0.5877678563638475
vn -0.5877678563638475 0.007692080212691326 0.8089930648203661
vn -0.3090078452855735 0.007692079792357776 0.951028382047789
vn -2.449221127568036e-16 0.007692079832795384 0.9999704155163021
vn 0 0.007692079832795384 0.9999704155163021
vn 0.3090078452855735 0.007692079792357776 0.951028382047789
vn 0.5877678563638475 0.007692080212691326 0.8089930648203661
vn 0.8089930648203661 0.007692080212691326 0.5877678563638475
vn 0.951028382047789 0.007692079792357776 0.3090078452855735
vn 0.9999704155163021 0.007692079832795384 6.12305281892009e-17
vn 0.951028382047789 0.007692079792357776 -0.3090078452855735
vn 0.8089930648203661 0.007692080212691326 -0.5877678563638475
vn 0.5877678563638475 0.007692080212691326 -0.8089930648203661
vn 0.3090078452855735 0.007692079792357776 -0.951028382047789
vn 1.224610563784018e-16 0.007692079832795384 -0.9999704155163021
vn -0.3090078452855735 0.007692079792357776 -0.951028382047789
vn -0.5877678563638475 0.007692080212691326 -0.8089930648203661
vn -0.8089930648203661 0.007692080212691326 -0.5877678563638475
vn -0.951028382047789 0.007692079792357776 -0.3090078452855735
vn -0.9999704155163021 0.007692079832795384 -1.836915845676027e-16
vn -0.951028382047789 0.007692079792357776 0.3090078452855735
vn -0.8089930648203661 0.007692080212691326 0.5877678563638475
vn -0.5877678563638475 0.007692080212691326 0.8089930648203661
vn -0.3090078452855735 0.007692079792357776 0.951028382047789
vn -2.449221127568036e-16 0.007692079832795384 0.9999704155163021
vn 0 1 0
vn 0 1 0
vn 0 1 0
vn 0 1 0
vn 0 1 0
vn 0 1 0
vn 0 1 0
vn 0 1 0
vn 0 1 0
vn 0 1 0
vn 0 1 0
vn 0 1 0
vn 0 1 0
vn 0 1 0
vn 0 1 0
vn 0 1 0
vn 0 1 0
vn 0 1 0
vn 0 1 0
vn 0 1 0
vn 0 1 0
vn 0 1 0
vn 0 1 0
vn 0 1 0
vn 0 1 0
vn 0 1 0
vn 0 1 0
vn 0 1 0
vn 0 1 0
vn 0 1 0
vn 0 1 0
vn 0 1 0
vn 0 1 0
vn 0 1 0
vn 0 1 0
vn 0 1 0
vn 0 1 0
vn 0 1 0
vn 0 1 0
vn 0 1 0
vn 0 1 0
vn 0 -1 0
vn 0 -1 0
vn 0 -1 0
vn 0 -1 0
vn 0 -1 0
vn 0 -1 0
vn 0 -1 0
vn 0 -1 0
vn 0 -1 0
vn 0 -1 0
vn 0 -1 0
vn 0 -1 0
vn 0 -1 0
vn 0 -1 0
vn 0 -1 0
vn 0 -1 0
vn 0 -1 0
vn 0 -1 0
vn 0 -1 0
vn 0 -1 0
vn 0 -1 0
vn 0 -1 0
vn 0 -1 0
vn 0 -1 0
vn 0 -1 0
vn 0 -1 0
vn 0 -1 0
vn 0 -1 0
vn 0 -1 0
vn 0 -1 0
vn 0 -1 0
vn 0 -1 0
vn 0 -1 0
vn 0 -1 0
vn 0 -1 0
vn 0 -1 0
vn 0 -1 0
vn 0 -1 0
vn 0 -1 0
vn 0 -1 0
vn 0 -1 0
f 125/125/125 146/146/146 126/126/126
f 146/146/146 147/147/147 126/126/126
f 126/126/126 147/147/147 127/127/127
f 147/147/147 148/148/148 127/127/127
f 127/127/127 148/148/148 128/128/128
f 148/148/148 149/149/149 128/128/128
f 128/128/128 149/149/149 129/129/129
f 149/149/149 150/150/150 129/129/129
f 129/129/129 150/150/150 130/130/130
f 150/150/150 151/151/151 130/130/130
f 130/130/130 151/151/151 131/131/131
f 151/151/151 152/152/152 131/131/131
f 131/131/131 152/152/152 132/132/132
f 152/152/152 153/153/153 132/132/132
f 132/132/132 153/153/153 133/133/133
f 153/153/153 154/154/154 133/133/133
f 133/133/133 154/154/154 134/134/134
f 154/154/154 155/155/155 134/134/134
f 134/134/134 155/155/155 135/135/135
f 155/155/155 156/156/156 135/135/135
f 135/135/135 156/156/156 136/136/136
f 156/156/156 157/157/157 136/136/136
f 136/136/136 157/157/157 137/137/137
f 157/157/157 158/158/158 137/137/137
f 137/137/137 158/158/158 138/138/138
f 158/158/158 159/159/159 138/138/138
f 138/138/138 159/159/159 139/139/139
f 159/159/159 160/160/160 139/139/139
f 139/139/139 160/160/160 140/140/140
f 160/160/160 161/161/161 140/140/140
f 140/140/140 161/161/161 141/141/141
f 161/161/161 162/162/162 141/141/141
f 141/141/141 162/162/162 142/142/142
f 162/162/162 163/163/163 142/142/142
f 142/142/142 163/163/163 143/143/143
f 163/163/163 164/164/164 143/143/143
f 143/143/143 164/164/164 144/144/144
f 164/164/164 165/165/165 144/144/144
f 144/144/144 165/165/165 145/145/145
f 165/165/165 166/166/166 145/145/145
f 187/187/187 188/188/188 167/167/167
f 188/188/188 189/189/189 168/168/168
f 189/189/189 190/190/190 169/169/169
f 190/190/190 191/191/191 170/170/170
f 191/191/191 192/192/192 171/171/171
f 192/192/192 193/193/193 172/172/172
f 193/193/193 194/194/194 173/173/173
f 194/194/194 195/195/195 174/174/174
f 195/195/195 196/196/196 175/175/175
f 196/196/196 197/197/197 176/176/176
f 197/197/197 198/198/198 177/177/177
f 198/198/198 199/199/199 178/178/178
f 199/199/199 200/200/200 179/179/179
f 200/200/200 201/201/201 180/180/180
f 201/201/201 202/202/202 181/181/181
f 202/202/202 203/203/203 182/182/182
f 203/203/203 204/204/204 183/183/183
f 204/204/204 205/205/205 184/184/184
f 205/205/205 206/206/206 185/185/185
f 206/206/206 207/207/207 186/186/186
f 229/229/229 228/228/228 208/208/208
f 230/230/230 229/229/229 209/209/209
f 231/231/231 230/230/230 210/210/210
f 232/232/232 231/231/231 211/211/211
f 233/233/233 232/232/232 212/212/212
f 234/234/234 233/233/233 213/213/213
f 235/235/235 234/234/234 214/214/214
f 236/236/236 235/235/235 215/215/215
f 237/237/237 236/236/236 216/216/216
f 238/238/238 237/237/237 217/217/217
f 239/239/239 238/238/238 218/218/218
f 240/240/240 239/239/239 219/219/219
f 241/241/241 240/240/240 220/220/220
f 242/242/242 241/241/241 221/221/221
f 243/243/243 242/242/242 222/222/222
f 244/244/244 243/243/243 223/223/223
f 245/245/245 244/244/244 224/224/224
f 246/246/246 245/245/245 225/225/225
f 247/247/247 246/246/246 226/226/226
f 248/248/248 247/247/247 227/227/227
o arm
usemtl greyDark
v -0.050000011920928955 5.3 0.05999999865889549
v -0.050000011920928955 5.329999999329448 0.05196152254939079
v -0.050000011920928955 5.351961522549391 0.029999999329447746
v -0.050000011920928955 5.359999998658895 3.673940475037442e-18
v -0.050000011920928955 5.351961522549391 -0.029999999329447746
v -0.050000011920928955 5.329999999329448 -0.05196152254939079
v -0.050000011920928955 5.3 -0.05999999865889549
v -0.050000011920928955 5.270000000670552 -0.05196152254939079
v -0.050000011920928955 5.248038477450609 -0.029999999329447746
v -0.050000011920928955 5.240000001341104 -1.102182101152202e-17
v -0.050000011920928955 5.248038477450609 0.029999999329447746
v -0.050000011920928955 5.270000000670552 0.05196152254939079
v -0.050000011920928955 5.3 0.05999999865889549
v 1.050000011920929 5.3 0.05999999865889549
v 1.050000011920929 5.329999999329448 0.05196152254939079
v 1.050000011920929 5.351961522549391 0.029999999329447746
v 1.050000011920929 5.359999998658895 3.673940475037442e-18
v 1.050000011920929 5.351961522549391 -0.029999999329447746
v 1.050000011920929 5.329999999329448 -0.05196152254939079
v 1.050000011920929 5.3 -0.05999999865889549
v 1.050000011920929 5.270000000670552 -0.05196152254939079
v 1.050000011920929 5.248038477450609 -0.029999999329447746
v 1.050000011920929 5.240000001341104 -1.102182101152202e-17
v 1.050000011920929 5.248038477450609 0.029999999329447746
v 1.050000011920929 5.270000000670552 0.05196152254939079
v 1.050000011920929 5.3 0.05999999865889549
v -0.050000011920928955 5.3 0
v -0.050000011920928955 5.3 0
v -0.050000011920928955 5.3 0
v -0.050000011920928955 5.3 0
v -0.050000011920928955 5.3 0
v -0.050000011920928955 5.3 0
v -0.050000011920928955 5.3 0
v -0.050000011920928955 5.3 0
v -0.050000011920928955 5.3 0
v -0.050000011920928955 5.3 0
v -0.050000011920928955 5.3 0
v -0.050000011920928955 5.3 0
v -0.050000011920928955 5.3 0.05999999865889549
v -0.050000011920928955 5.329999999329448 0.05196152254939079
v -0.050000011920928955 5.351961522549391 0.029999999329447746
v -0.050000011920928955 5.359999998658895 3.673940475037442e-18
v -0.050000011920928955 5.351961522549391 -0.029999999329447746
v -0.050000011920928955 5.329999999329448 -0.05196152254939079
v -0.050000011920928955 5.3 -0.05999999865889549
v -0.050000011920928955 5.270000000670552 -0.05196152254939079
v -0.050000011920928955 5.248038477450609 -0.029999999329447746
v -0.050000011920928955 5.240000001341104 -1.102182101152202e-17
v -0.050000011920928955 5.248038477450609 0.029999999329447746
v -0.050000011920928955 5.270000000670552 0.05196152254939079
v -0.050000011920928955 5.3 0.05999999865889549
v 1.050000011920929 5.3 0
v 1.050000011920929 5.3 0
v 1.050000011920929 5.3 0
v 1.050000011920929 5.3 0
v 1.050000011920929 5.3 0
v 1.050000011920929 5.3 0
v 1.050000011920929 5.3 0
v 1.050000011920929 5.3 0
v 1.050000011920929 5.3 0
v 1.050000011920929 5.3 0
v 1.050000011920929 5.3 0
v 1.050000011920929 5.3 0
v 1.050000011920929 5.3 0.05999999865889549
v 1.050000011920929 5.329999999329448 0.05196152254939079
v 1.050000011920929 5.351961522549391 0.029999999329447746
v 1.050000011920929 5.359999998658895 3.673940475037442e-18
v 1.050000011920929 5.351961522549391 -0.029999999329447746
v 1.050000011920929 5.329999999329448 -0.05196152254939079
v 1.050000011920929 5.3 -0.05999999865889549
v 1.050000011920929 5.270000000670552 -0.05196152254939079
v 1.050000011920929 5.248038477450609 -0.029999999329447746
v 1.050000011920929 5.240000001341104 -1.102182101152202e-17
v 1.050000011920929 5.248038477450609 0.029999999329447746
v 1.050000011920929 5.270000000670552 0.05196152254939079
v 1.050000011920929 5.3 0.05999999865889549
vt 0 1
vt 0.0833333358168602 1
vt 0.1666666716337204 1
vt 0.25 1
vt 0.3333333432674408 1
vt 0.4166666567325592 1
vt 0.5 1
vt 0.5833333134651184 1
vt 0.6666666865348816 1
vt 0.75 1
vt 0.8333333134651184 1
vt 0.9166666865348816 1
vt 1 1
vt 0 0
vt 0.0833333358168602 0
vt 0.1666666716337204 0
vt 0.25 0
vt 0.3333333432674408 0
vt 0.4166666567325592 0
vt 0.5 0
vt 0.5833333134651184 0
vt 0.6666666865348816 0
vt 0.75 0
vt 0.8333333134651184 0
vt 0.9166666865348816 0
vt 1 0
vt 0.5 0.5
vt 0.5 0.5
vt 0.5 0.5
vt 0.5 0.5
vt 0.5 0.5
vt 0.5 0.5
vt 0.5 0.5
vt 0.5 0.5
vt 0.5 0.5
vt 0.5 0.5
vt 0.5 0.5
vt 0.5 0.5
vt 1 0.5
vt 0.9330127239227295 0.75
vt 0.75 0.9330127239227295
vt 0.5 1
vt 0.25 0.9330127239227295
vt 0.0669872984290123 0.75
vt 0 0.5
vt 0.0669872984290123 0.25
vt 0.25 0.0669872984290123
vt 0.5 0
vt 0.75 0.0669872984290123
vt 0.9330127239227295 0.25
vt 1 0.5
vt 0.5 0.5
vt 0.5 0.5
vt 0.5 0.5
vt 0.5 0.5
vt 0.5 0.5
vt 0.5 0.5
vt 0.5 0.5
vt 0.5 0.5
vt 0.5 0.5
vt 0.5 0.5
vt 0.5 0.5
vt 0.5 0.5
vt 1 0.5
vt 0.9330127239227295 0.25
vt 0.75 0.0669872984290123
vt 0.5 0
vt 0.25 0.0669872984290123
vt 0.0669872984290123 0.25
vt 0 0.5
vt 0.0669872984290123 0.75
vt 0.25 0.9330127239227295
vt 0.5 1
vt 0.75 0.9330127239227295
vt 0.9330127239227295 0.75
vt 1 0.5
vn 0 0 1
vn 1.1102230395700616e-16 0.5000000067305869 0.8660253998985324
vn 1.9229626777551189e-16 0.8660253998985324 0.5000000067305869
vn 2.220446049250313e-16 1 6.123234262925839e-17
vn 1.9229626777551189e-16 0.8660253998985324 -0.5000000067305869
vn 1.1102230395700616e-16 0.5000000067305869 -0.8660253998985324
vn 2.7192622655495665e-32 1.2246468525851679e-16 -1
vn -1.1102230395700616e-16 -0.5000000067305869 -0.8660253998985324
vn -1.9229626777551189e-16 -0.8660253998985324 -0.5000000067305869
vn -2.220446049250313e-16 -1 -1.8369701465288538e-16
vn -1.9229626777551189e-16 -0.8660253998985324 0.5000000067305869
vn -1.1102230395700616e-16 -0.5000000067305869 0.8660253998985324
vn -5.438524531099133e-32 -2.4492937051703357e-16 1
vn 0 0 1
vn 1.1102230395700616e-16 0.5000000067305869 0.8660253998985324
vn 1.9229626777551189e-16 0.8660253998985324 0.5000000067305869
vn 2.220446049250313e-16 1 6.123234262925839e-17
vn 1.9229626777551189e-16 0.8660253998985324 -0.5000000067305869
vn 1.1102230395700616e-16 0.5000000067305869 -0.8660253998985324
vn 2.7192622655495665e-32 1.2246468525851679e-16 -1
vn -1.1102230395700616e-16 -0.5000000067305869 -0.8660253998985324
vn -1.9229626777551189e-16 -0.8660253998985324 -0.5000000067305869
vn -2.220446049250313e-16 -1 -1.8369701465288538e-16
vn -1.9229626777551189e-16 -0.8660253998985324 0.5000000067305869
vn -1.1102230395700616e-16 -0.5000000067305869 0.8660253998985324
vn -5.438524531099133e-32 -2.4492937051703357e-16 1
vn -1 2.220446049250313e-16 0
vn -1 2.220446049250313e-16 0
vn -1 2.220446049250313e-16 0
vn -1 2.220446049250313e-16 0
vn -1 2.220446049250313e-16 0
vn -1 2.220446049250313e-16 0
vn -1 2.220446049250313e-16 0
vn -1 2.220446049250313e-16 0
vn -1 2.220446049250313e-16 0
vn -1 2.220446049250313e-16 0
vn -1 2.220446049250313e-16 0
vn -1 2.220446049250313e-16 0
vn -1 2.220446049250313e-16 0
vn -1 2.220446049250313e-16 0
vn -1 2.220446049250313e-16 0
vn -1 2.220446049250313e-16 0
vn -1 2.220446049250313e-16 0
vn -1 2.220446049250313e-16 0
vn -1 2.220446049250313e-16 0
vn -1 2.220446049250313e-16 0
vn -1 2.220446049250313e-16 0
vn -1 2.220446049250313e-16 0
vn -1 2.220446049250313e-16 0
vn -1 2.220446049250313e-16 0
vn -1 2.220446049250313e-16 0
vn 1 -2.220446049250313e-16 0
vn 1 -2.220446049250313e-16 0
vn 1 -2.220446049250313e-16 0
vn 1 -2.220446049250313e-16 0
vn 1 -2.220446049250313e-16 0
vn 1 -2.220446049250313e-16 0
vn 1 -2.220446049250313e-16 0
vn 1 -2.220446049250313e-16 0
vn 1 -2.220446049250313e-16 0
vn 1 -2.220446049250313e-16 0
vn 1 -2.220446049250313e-16 0
vn 1 -2.220446049250313e-16 0
vn 1 -2.220446049250313e-16 0
vn 1 -2.220446049250313e-16 0
vn 1 -2.220446049250313e-16 0
vn 1 -2.220446049250313e-16 0
vn 1 -2.220446049250313e-16 0
vn 1 -2.220446049250313e-16 0
vn 1 -2.220446049250313e-16 0
vn 1 -2.220446049250313e-16 0
vn 1 -2.220446049250313e-16 0
vn 1 -2.220446049250313e-16 0
vn 1 -2.220446049250313e-16 0
vn 1 -2.220446049250313e-16 0
vn 1 -2.220446049250313e-16 0
f 249/249/249 262/262/262 250/250/250
f 262/262/262 263/263/263 250/250/250
f 250/250/250 263/263/263 251/251/251
f 263/263/263 264/264/264 251/251/251
f 251/251/251 264/264/264 252/252/252
f 264/264/264 265/265/265 252/252/252
f 252/252/252 265/265/265 253/253/253
f 265/265/265 266/266/266 253/253/253
f 253/253/253 266/266/266 254/254/254
f 266/266/266 267/267/267 254/254/254
f 254/254/254 267/267/267 255/255/255
f 267/267/267 268/268/268 255/255/255
f 255/255/255 268/268/268 256/256/256
f 268/268/268 269/269/269 256/256/256
f 256/256/256 269/269/269 257/257/257
f 269/269/269 270/270/270 257/257/257
f 257/257/257 270/270/270 258/258/258
f 270/270/270 271/271/271 258/258/258
f 258/258/258 271/271/271 259/259/259
f 271/271/271 272/272/272 259/259/259
f 259/259/259 272/272/272 260/260/260
f 272/272/272 273/273/273 260/260/260
f 260/260/260 273/273/273 261/261/261
f 273/273/273 274/274/274 261/261/261
f 287/287/287 288/288/288 275/275/275
f 288/288/288 289/289/289 276/276/276
f 289/289/289 290/290/290 277/277/277
f 290/290/290 291/291/291 278/278/278
f 291/291/291 292/292/292 279/279/279
f 292/292/292 293/293/293 280/280/280
f 293/293/293 294/294/294 281/281/281
f 294/294/294 295/295/295 282/282/282
f 295/295/295 296/296/296 283/283/283
f 296/296/296 297/297/297 284/284/284
f 297/297/297 298/298/298 285/285/285
f 298/298/298 299/299/299 286/286/286
f 313/313/313 312/312/312 300/300/300
f 314/314/314 313/313/313 301/301/301
f 315/315/315 314/314/314 302/302/302
f 316/316/316 315/315/315 303/303/303
f 317/317/317 316/316/316 304/304/304
f 318/318/318 317/317/317 305/305/305
f 319/319/319 318/318/318 306/306/306
f 320/320/320 319/319/319 307/307/307
f 321/321/321 320/320/320 308/308/308
f 322/322/322 321/321/321 309/309/309
f 323/323/323 322/322/322 310/310/310
f 324/324/324 323/323/323 311/311/311
o lamp_head
usemtl gold
v 1 5.4 0.1599999964237213
v 1.04944271966815 5.4 0.15216904878616333
v 1.094045639038086 5.4 0.1294427216053009
v 1.129442721605301 5.4 0.09404563903808594
v 1.1521690487861633 5.4 0.04944271966814995
v 1.1599999964237213 5.4 9.797174324372975e-18
v 1.1521690487861633 5.4 -0.04944271966814995
v 1.129442721605301 5.4 -0.09404563903808594
v 1.094045639038086 5.4 -0.1294427216053009
v 1.04944271966815 5.4 -0.15216904878616333
v 1 5.4 -0.1599999964237213
v 0.95055728033185 5.4 -0.15216904878616333
v 0.9059543609619141 5.4 -0.1294427216053009
v 0.8705572783946991 5.4 -0.09404563903808594
v 0.8478309512138367 5.4 -0.04944271966814995
v 0.8400000035762787 5.4 -2.939152380029954e-17
v 0.8478309512138367 5.4 0.04944271966814995
v 0.8705572783946991 5.4 0.09404563903808594
v 0.9059543609619141 5.4 0.1294427216053009
v 0.95055728033185 5.4 0.15216904878616333
v 1 5.4 0.1599999964237213
v 1 4.9 0.30000001192092896
v 1.092705100774765 4.9 0.28531694412231445
v 1.1763355731964111 4.9 0.2427050918340683
v 1.2427050918340683 4.9 0.17633557319641113
v 1.2853169441223145 4.9 0.09270510077476501
v 1.300000011920929 4.9 1.8369702788777518e-17
v 1.2853169441223145 4.9 -0.09270510077476501
v 1.2427050918340683 4.9 -0.17633557319641113
v 1.1763355731964111 4.9 -0.2427050918340683
v 1.092705100774765 4.9 -0.28531694412231445
v 1 4.9 -0.30000001192092896
v 0.907294899225235 4.9 -0.28531694412231445
v 0.8236644268035889 4.9 -0.2427050918340683
v 0.7572949081659317 4.9 -0.17633557319641113
v 0.7146830558776855 4.9 -0.09270510077476501
v 0.699999988079071 4.9 -5.5109105057610103e-17
v 0.7146830558776855 4.9 0.09270510077476501
v 0.7572949081659317 4.9 0.17633557319641113
v 0.8236644268035889 4.9 0.2427050918340683
v 0.907294899225235 4.9 0.28531694412231445
v 0.9999999999999999 4.9 0.30000001192092896
v 1 5.4 0
v 1 5.4 0
v 1 5.4 0
v 1 5.4 0
v 1 5.4 0
v 1 5.4 0
v 1 5.4 0
v 1 5.4 0
v 1 5.4 0
v 1 5.4 0
v 1 5.4 0
v 1 5.4 0
v 1 5.4 0
v 1 5.4 0
v 1 5.4 0
v 1 5.4 0
v 1 5.4 0
v 1 5.4 0
v 1 5.4 0
v 1 5.4 0
v 1 5.4 0.1599999964237213
v 1.04944271966815 5.4 0.15216904878616333
v 1.094045639038086 5.4 0.1294427216053009
v 1.129442721605301 5.4 0.09404563903808594
v 1.1521690487861633 5.4 0.04944271966814995
v 1.1599999964237213 5.4 9.797174324372975e-18
v 1.1521690487861633 5.4 -0.04944271966814995
v 1.129442721605301 5.4 -0.09404563903808594
v 1.094045639038086 5.4 -0.1294427216053009
v 1.04944271966815 5.4 -0.15216904878616333
v 1 5.4 -0.1599999964237213
v 0.95055728033185 5.4 -0.15216904878616333
v 0.9059543609619141 5.4 -0.1294427216053009
v 0.8705572783946991 5.4 -0.09404563903808594
v 0.8478309512138367 5.4 -0.04944271966814995
v 0.8400000035762787 5.4 -2.939152380029954e-17
v 0.8478309512138367 5.4 0.04944271966814995
v 0.8705572783946991 5.4 0.09404563903808594
v 0.9059543609619141 5.4 0.1294427216053009
v 0.95055728033185 5.4 0.15216904878616333
v 1 5.4 0.1599999964237213
v 1 4.9 0
v 1 4.9 0
v 1 4.9 0
v 1 4.9 0
v 1 4.9 0
v 1 4.9 0
v 1 4.9 0
v 1 4.9 0
v 1 4.9 0
v 1 4.9 0
v 1 4.9 0
v 1 4.9 0
v 1 4.9 0
v 1 4.9 0
v 1 4.9 0
v 1 4.9 0
v 1 4.9 0
v 1 4.9 0
v 1 4.9 0
v 1 4.9 0
v 1 4.9 0.30000001192092896
v 1.092705100774765 4.9 0.28531694412231445
v 1.1763355731964111 4.9 0.2427050918340683
v 1.2427050918340683 4.9 0.17633557319641113
v 1.2853169441223145 4.9 0.09270510077476501
v 1.300000011920929 4.9 1.8369702788777518e-17
v 1.2853169441223145 4.9 -0.09270510077476501
v 1.2427050918340683 4.9 -0.17633557319641113
v 1.1763355731964111 4.9 -0.2427050918340683
v 1.092705100774765 4.9 -0.28531694412231445
v 1 4.9 -0.30000001192092896
v 0.907294899225235 4.9 -0.28531694412231445
v 0.8236644268035889 4.9 -0.2427050918340683
v 0.7572949081659317 4.9 -0.17633557319641113
v 0.7146830558776855 4.9 -0.09270510077476501
v 0.699999988079071 4.9 -5.5109105057610103e-17
v 0.7146830558776855 4.9 0.09270510077476501
v 0.7572949081659317 4.9 0.17633557319641113
v 0.8236644268035889 4.9 0.2427050918340683
v 0.907294899225235 4.9 0.28531694412231445
v 0.9999999999999999 4.9 0.30000001192092896
vt 0 1
vt 0.05000000074505806 1
vt 0.10000000149011612 1
vt 0.15000000596046448 1
vt 0.20000000298023224 1
vt 0.25 1
vt 0.30000001192092896 1
vt 0.3499999940395355 1
vt 0.4000000059604645 1
vt 0.44999998807907104 1
vt 0.5 1
vt 0.550000011920929 1
vt 0.6000000238418579 1
vt 0.6499999761581421 1
vt 0.699999988079071 1
vt 0.75 1
vt 0.800000011920929 1
vt 0.8500000238418579 1
vt 0.8999999761581421 1
vt 0.949999988079071 1
vt 1 1
vt 0 0
vt 0.05000000074505806 0
vt 0.10000000149011612 0
vt 0.15000000596046448 0
vt 0.20000000298023224 0
vt 0.25 0
vt 0.30000001192092896 0
vt 0.3499999940395355 0
vt 0.4000000059604645 0
vt 0.44999998807907104 0
vt 0.5 0
vt 0.550000011920929 0
vt 0.6000000238418579 0
vt 0.6499999761581421 0
vt 0.699999988079071 0
vt 0.75 0
vt 0.800000011920929 0
vt 0.8500000238418579 0
vt 0.8999999761581421 0
vt 0.949999988079071 0
vt 1 0
vt 0.5 0.5
vt 0.5 0.5
vt 0.5 0.5
vt 0.5 0.5
vt 0.5 0.5
vt 0.5 0.5
vt 0.5 0.5
vt 0.5 0.5
vt 0.5 0.5
vt 0.5 0.5
vt 0.5 0.5
vt 0.5 0.5
vt 0.5 0.5
vt 0.5 0.5
vt 0.5 0.5
vt 0.5 0.5
vt 0.5 0.5
vt 0.5 0.5
vt 0.5 0.5
vt 0.5 0.5
vt 1 0.5
vt 0.9755282402038574 0.6545084714889526
vt 0.9045084714889526 0.7938926219940186
vt 0.7938926219940186 0.9045084714889526
vt 0.6545084714889526 0.9755282402038574
vt 0.5 1
vt 0.345491498708725 0.9755282402038574
vt 0.20610737800598145 0.9045084714889526
vt 0.09549150615930557 0.7938926219940186
vt 0.024471741169691086 0.6545084714889526
vt 0 0.5
vt 0.024471741169691086 0.345491498708725
vt 0.09549150615930557 0.20610737800598145
vt 0.20610737800598145 0.09549150615930557
vt 0.345491498708725 0.024471741169691086
vt 0.5 0
vt 0.6545084714889526 0.024471741169691086
vt 0.7938926219940186 0.09549150615930557
vt 0.9045084714889526 0.20610737800598145
vt 0.9755282402038574 0.345491498708725
vt 1 0.5
vt 0.5 0.5
vt 0.5 0.5
vt 0.5 0.5
vt 0.5 0.5
vt 0.5 0.5
vt 0.5 0.5
vt 0.5 0.5
vt 0.5 0.5
vt 0.5 0.5
vt 0.5 0.5
vt 0.5 0.5
vt 0.5 0.5
vt 0.5 0.5
vt 0.5 0.5
vt 0.5 0.5
vt 0.5 0.5
vt 0.5 0.5
vt 0.5 0.5
vt 0.5 0.5
vt 0.5 0.5
vt 1 0.5
vt 0.9755282402038574 0.345491498708725
vt 0.9045084714889526 0.20610737800598145
vt 0.7938926219940186 0.09549150615930557
vt 0.6545084714889526 0.024471741169691086
vt 0.5 0
vt 0.345491498708725 0.024471741169691086
vt 0.20610737800598145 0.09549150615930557
vt 0.09549150615930557 0.20610737800598145
vt 0.024471741169691086 0.345491498708725
vt 0 0.5
vt 0.024471741169691086 0.6545084714889526
vt 0.09549150615930557 0.7938926219940186
vt 0.20610737800598145 0.9045084714889526
vt 0.345491498708725 0.9755282402038574
vt 0.5 1
vt 0.6545084714889526 0.9755282402038574
vt 0.7938926219940186 0.9045084714889526
vt 0.9045084714889526 0.7938926219940186
vt 0.9755282402038574 0.6545084714889526
vt 1 0.5
vn 0 0.2696299310471079 0.9629640181665834
vn 0.2975722465517493 0.269629917712529 0.9158332083717426
vn 0.5660160568159481 0.26962991540033565 0.7790542549448872
vn 0.7790542549448872 0.26962991540033565 0.5660160568159481
vn 0.9158332083717426 0.269629917712529 0.2975722465517493
vn 0.9629640181665834 0.2696299310471079 5.896453885983052e-17
vn 0.9158332083717426 0.269629917712529 -0.2975722465517493
vn 0.7790542549448872 0.26962991540033565 -0.5660160568159481
vn 0.5660160568159481 0.26962991540033565 -0.7790542549448872
vn 0.2975722465517493 0.269629917712529 -0.9158332083717426
vn 1.1792907771966105e-16 0.2696299310471079 -0.9629640181665834
vn -0.2975722465517493 0.269629917712529 -0.9158332083717426
vn -0.5660160568159481 0.26962991540033565 -0.7790542549448872
vn -0.7790542549448872 0.26962991540033565 -0.5660160568159481
vn -0.9158332083717426 0.269629917712529 -0.2975722465517493
vn -0.9629640181665834 0.2696299310471079 -1.768936231969366e-16
vn -0.9158332083717426 0.269629917712529 0.2975722465517493
vn -0.7790542549448872 0.26962991540033565 0.5660160568159481
vn -0.5660160568159481 0.26962991540033565 0.7790542549448872
vn -0.2975722465517493 0.269629917712529 0.9158332083717426
vn -2.358581554393221e-16 0.2696299310471079 0.9629640181665834
vn 0 0.2696299310471079 0.9629640181665834
vn 0.2975722465517493 0.269629917712529 0.9158332083717426
vn 0.5660160568159481 0.26962991540033565 0.7790542549448872
vn 0.7790542549448872 0.26962991540033565 0.5660160568159481
vn 0.9158332083717426 0.269629917712529 0.2975722465517493
vn 0.9629640181665834 0.2696299310471079 5.896453885983052e-17
vn 0.9158332083717426 0.269629917712529 -0.2975722465517493
vn 0.7790542549448872 0.26962991540033565 -0.5660160568159481
vn 0.5660160568159481 0.26962991540033565 -0.7790542549448872
vn 0.2975722465517493 0.269629917712529 -0.9158332083717426
vn 1.1792907771966105e-16 0.2696299310471079 -0.9629640181665834
vn -0.2975722465517493 0.269629917712529 -0.9158332083717426
vn -0.5660160568159481 0.26962991540033565 -0.7790542549448872
vn -0.7790542549448872 0.26962991540033565 -0.5660160568159481
vn -0.9158332083717426 0.269629917712529 -0.2975722465517493
vn -0.9629640181665834 0.2696299310471079 -1.768936231969366e-16
vn -0.9158332083717426 0.269629917712529 0.2975722465517493
vn -0.7790542549448872 0.26962991540033565 0.5660160568159481
vn -0.5660160568159481 0.26962991540033565 0.7790542549448872
vn -0.2975722465517493 0.269629917712529 0.9158332083717426
vn -2.358581554393221e-16 0.2696299310471079 0.9629640181665834
vn 0 1 0
vn 0 1 0
vn 0 1 0
vn 0 1 0
vn 0 1 0
vn 0 1 0
vn 0 1 0
vn 0 1 0
vn 0 1 0
vn 0 1 0
vn 0 1 0
vn 0 1 0
vn 0 1 0
vn 0 1 0
vn 0 1 0
vn 0 1 0
vn 0 1 0
vn 0 1 0
vn 0 1 0
vn 0 1 0
vn 0 1 0
vn 0 1 0
vn 0 1 0
vn 0 1 0
vn 0 1 0
vn 0 1 0
vn 0 1 0
vn 0 1 0
vn 0 1 0
vn 0 1 0
vn 0 1 0
vn 0 1 0
vn 0 1 0
vn 0 1 0
vn 0 1 0
vn 0 1 0
vn 0 1 0
vn 0 1 0
vn 0 1 0
vn 0 1 0
vn 0 1 0
vn 0 -1 0
vn 0 -1 0
vn 0 -1 0
vn 0 -1 0
vn 0 -1 0
vn 0 -1 0
vn 0 -1 0
vn 0 -1 0
vn 0 -1 0
vn 0 -1 0
vn 0 -1 0
vn 0 -1 0
vn 0 -1 0
vn 0 -1 0
vn 0 -1 0
vn 0 -1 0
vn 0 -1 0
vn 0 -1 0
vn 0 -1 0
vn 0 -1 0
vn 0 -1 0
vn 0 -1 0
vn 0 -1 0
vn 0 -1 0
vn 0 -1 0
vn 0 -1 0
vn 0 -1 0
vn 0 -1 0
vn 0 -1 0
vn 0 -1 0
vn 0 -1 0
vn 0 -1 0
vn 0 -1 0
vn 0 -1 0
vn 0 -1 0
vn 0 -1 0
vn 0 -1 0
vn 0 -1 0
vn 0 -1 0
vn 0 -1 0
vn 0 -1 0
f 325/325/325 346/346/346 326/326/326
f 346/346/346 347/347/347 326/326/326
f 326/326/326 347/347/347 327/327/327
f 347/347/347 348/348/348 327/327/327
f 327/327/327 348/348/348 328/328/328
f 348/348/348 349/349/349 328/328/328
f 328/328/328 349/349/349 329/329/329
f 349/349/349 350/350/350 329/329/329
f 329/329/329 350/350/350 330/330/330
f 350/350/350 351/351/351 330/330/330
f 330/330/330 351/351/351 331/331/331
f 351/351/351 352/352/352 331/331/331
f 331/331/331 352/352/352 332/332/332
f 352/352/352 353/353/353 332/332/332
f 332/332/332 353/353/353 333/333/333
f 353/353/353 354/354/354 333/333/333
f 333/333/333 354/354/354 334/334/334
f 354/354/354 355/355/355 334/334/334
f 334/334/334 355/355/355 335/335/335
f 355/355/355 356/356/356 335/335/335
f 335/335/335 356/356/356 336/336/336
f 356/356/356 357/357/357 336/336/336
f 336/336/336 357/357/357 337/337/337
f 357/357/357 358/358/358 337/337/337
f 337/337/337 358/358/358 338/338/338
f 358/358/358 359/359/359 338/338/338
f 338/338/338 359/359/359 339/339/339
f 359/359/359 360/360/360 339/339/339
f 339/339/339 360/360/360 340/340/340
f 360/360/360 361/361/361 340/340/340
f 340/340/340 361/361/361 341/341/341
f 361/361/361 362/362/362 341/341/341
f 341/341/341 362/362/362 342/342/342
f 362/362/362 363/363/363 342/342/342
f 342/342/342 363/363/363 343/343/343
f 363/363/363 364/364/364 343/343/343
f 343/343/343 364/364/364 344/344/344
f 364/364/364 365/365/365 344/344/344
f 344/344/344 365/365/365 345/345/345
f 365/365/365 366/366/366 345/345/345
f 387/387/387 388/388/388 367/367/367
f 388/388/388 389/389/389 368/368/368
f 389/389/389 390/390/390 369/369/369
f 390/390/390 391/391/391 370/370/370
f 391/391/391 392/392/392 371/371/371
f 392/392/392 393/393/393 372/372/372
f 393/393/393 394/394/394 373/373/373
f 394/394/394 395/395/395 374/374/374
f 395/395/395 396/396/396 375/375/375
f 396/396/396 397/397/397 376/376/376
f 397/397/397 398/398/398 377/377/377
f 398/398/398 399/399/399 378/378/378
f 399/399/399 400/400/400 379/379/379
f 400/400/400 401/401/401 380/380/380
f 401/401/401 402/402/402 381/381/381
f 402/402/402 403/403/403 382/382/382
f 403/403/403 404/404/404 383/383/383
f 404/404/404 405/405/405 384/384/384
f 405/405/405 406/406/406 385/385/385
f 406/406/406 407/407/407 386/386/386
f 429/429/429 428/428/428 408/408/408
f 430/430/430 429/429/429 409/409/409
f 431/431/431 430/430/430 410/410/410
f 432/432/432 431/431/431 411/411/411
f 433/433/433 432/432/432 412/412/412
f 434/434/434 433/433/433 413/413/413
f 435/435/435 434/434/434 414/414/414
f 436/436/436 435/435/435 415/415/415
f 437/437/437 436/436/436 416/416/416
f 438/438/438 437/437/437 417/417/417
f 439/439/439 438/438/438 418/418/418
f 440/440/440 439/439/439 419/419/419
f 441/441/441 440/440/440 420/420/420
f 442/442/442 441/441/441 421/421/421
f 443/443/443 442/442/442 422/422/422
f 444/444/444 443/443/443 423/423/423
f 445/445/445 444/444/444 424/424/424
f 446/446/446 445/445/445 425/425/425
f 447/447/447 446/446/446 426/426/426
f 448/448/448 447/447/447 427/427/427
o bulb
usemtl white
v 1 5.040000002086163 0
v 1 5.040000002086163 0
v 1 5.040000002086163 0
v 1 5.040000002086163 0
v 1 5.040000002086163 0
v 1 5.040000002086163 0
v 1 5.040000002086163 0
v 1 5.040000002086163 0
v 1 5.040000002086163 0
v 1 5.040000002086163 0
v 1 5.040000002086163 0
v 1 5.040000002086163 0
v 1 5.040000002086163 0
v 1 5.040000002086163 0
v 1 5.040000002086163 0
v 1 5.040000002086163 0
v 1 5.040000002086163 0
v 1 5.040000002086163 0
v 1 5.040000002086163 0
v 1 5.040000002086163 0
v 1 5.040000002086163 0
v 1 5.040000002086163 0
v 1 5.040000002086163 0
v 1 5.040000002086163 0
v 1 5.040000002086163 0
v 1 5.040000002086163 0
v 1 5.040000002086163 0
v 1 5.040000002086163 0
v 1 5.040000002086163 0
v 1 5.040000002086163 0
v 1 5.040000002086163 0
v 1 5.040000002086163 0
v 1 5.040000002086163 0
v 0.9687131084501743 5.038276372849942 0
v 0.9693142753094435 5.038276372849942 0.00610376987606287
v 0.9710946790874004 5.038276372849942 0.011972975917160511
v 0.9739858992397785 5.038276372849942 0.017382066696882248
v 0.9778768252581358 5.038276372849942 0.022123174741864204
v 0.9826179333031178 5.038276372849942 0.02601410076022148
v 0.9880270240828395 5.038276372849942 0.028905320912599564
v 0.9938962301239371 5.038276372849942 0.030685724690556526
v 1 5.038276372849942 0.03128689154982567
v 1.0061037698760629 5.038276372849942 0.030685724690556526
v 1.0119729759171605 5.038276372849942 0.028905320912599564
v 1.0173820666968822 5.038276372849942 0.02601410076022148
v 1.0221231747418642 5.038276372849942 0.022123174741864204
v 1.0260141007602215 5.038276372849942 0.017382066696882248
v 1.0289053209125996 5.038276372849942 0.011972975917160511
v 1.0306857246905565 5.038276372849942 0.00610376987606287
v 1.0312868915498257 5.038276372849942 3.831539474834414e-18
v 1.0306857246905565 5.038276372849942 -0.00610376987606287
v 1.0289053209125996 5.038276372849942 -0.011972975917160511
v 1.0260141007602215 5.038276372849942 -0.017382066696882248
v 1.0221231747418642 5.038276372849942 -0.022123174741864204
v 1.0173820666968822 5.038276372849942 -0.02601410076022148
v 1.0119729759171605 5.038276372849942 -0.028905320912599564
v 1.0061037698760629 5.038276372849942 -0.030685724690556526
v 1 5.038276372849942 -0.03128689154982567
v 0.9938962301239371 5.038276372849942 -0.030685724690556526
v 0.9880270240828395 5.038276372849942 -0.028905320912599564
v 0.9826179333031178 5.038276372849942 -0.02601410076022148
v 0.9778768252581358 5.038276372849942 -0.022123174741864204
v 0.9739858992397785 5.038276372849942 -0.017382066696882248
v 0.9710946790874004 5.038276372849942 -0.011972975917160511
v 0.9693142753094435 5.038276372849942 -0.00610376987606287
v 0.9687131084501743 5.038276372849942 -7.663078949668828e-18
v 0.93819659948349 5.033147907257081 0
v 0.9393841363489628 5.033147907257081 0.012057244777679443
v 0.9429011046886444 5.033147907257081 0.023651136085391045
v 0.9486123509705067 5.033147907257081 0.03433612734079361
v 0.9562983959913254 5.033147907257081 0.04370160400867462
v 0.9656638726592064 5.033147907257081 0.05138764902949333
v 0.976348863914609 5.033147907257081 0.05709889531135559
v 0.9879427552223206 5.033147907257081 0.060615863651037216
v 1 5.033147907257081 0.06180340051651001
v 1.0120572447776794 5.033147907257081 0.060615863651037216
v 1.023651136085391 5.033147907257081 0.05709889531135559
v 1.0343361273407936 5.033147907257081 0.05138764902949333
v 1.0437016040086746 5.033147907257081 0.04370160400867462
v 1.0513876490294933 5.033147907257081 0.03433612734079361
v 1.0570988953113556 5.033147907257081 0.023651136085391045
v 1.0606158636510372 5.033147907257081 0.012057244777679443
v 1.06180340051651 5.033147907257081 7.568733210542868e-18
v 1.0606158636510372 5.033147907257081 -0.012057244777679443
v 1.0570988953113556 5.033147907257081 -0.023651136085391045
v 1.0513876490294933 5.033147907257081 -0.03433612734079361
v 1.0437016040086746 5.033147907257081 -0.04370160400867462
v 1.0343361273407936 5.033147907257081 -0.05138764902949333
v 1.023651136085391 5.033147907257081 -0.05709889531135559
v 1.0120572447776794 5.033147907257081 -0.060615863651037216
v 1 5.033147907257081 -0.06180340051651001
v 0.9879427552223206 5.033147907257081 -0.060615863651037216
v 0.976348863914609 5.033147907257081 -0.05709889531135559
v 0.9656638726592064 5.033147907257081 -0.05138764902949333
v 0.9562983959913254 5.033147907257081 -0.04370160400867462
v 0.9486123509705067 5.033147907257081 -0.03433612734079361
v 0.9429011046886444 5.033147907257081 -0.023651136085391045
v 0.9393841363489628 5.033147907257081 -0.012057244777679443
v 0.93819659948349 5.033147907257081 -1.5137466421085735e-17
v 0.9092018976807594 5.0247409120202065 0
v 0.9109465628862381 5.0247409120202065 0.01771382987499237
v 0.9161134958267212 5.0247409120202065 0.0347469300031662
v 0.9245041385293007 5.0247409120202065 0.050444722175598145
v 0.9357960447669029 5.0247409120202065 0.06420395523309708
v 0.9495552778244019 5.0247409120202065 0.07549586147069931
v 0.9652530699968338 5.0247409120202065 0.08388650417327881
v 0.9822861701250076 5.0247409120202065 0.0890534371137619
v 1 5.0247409120202065 0.09079810231924057
v 1.0177138298749924 5.0247409120202065 0.0890534371137619
v 1.0347469300031662 5.0247409120202065 0.08388650417327881
v 1.0504447221755981 5.0247409120202065 0.07549586147069931
v 1.064203955233097 5.0247409120202065 0.06420395523309708
v 1.0754958614706993 5.0247409120202065 0.050444722175598145
v 1.0838865041732788 5.0247409120202065 0.0347469300031662
v 1.089053437113762 5.0247409120202065 0.01771382987499237
v 1.0907981023192406 5.0247409120202065 1.1119559845520674e-17
v 1.089053437113762 5.0247409120202065 -0.01771382987499237
v 1.0838865041732788 5.0247409120202065 -0.0347469300031662
v 1.0754958614706993 5.0247409120202065 -0.050444722175598145
v 1.064203955233097 5.0247409120202065 -0.06420395523309708
v 1.0504447221755981 5.0247409120202065 -0.07549586147069931
v 1.0347469300031662 5.0247409120202065 -0.08388650417327881
v 1.0177138298749924 5.0247409120202065 -0.0890534371137619
v 1 5.0247409120202065 -0.09079810231924057
v 0.9822861701250076 5.0247409120202065 -0.0890534371137619
v 0.9652530699968338 5.0247409120202065 -0.08388650417327881
v 0.9495552778244019 5.0247409120202065 -0.07549586147069931
v 0.9357960447669029 5.0247409120202065 -0.06420395523309708
v 0.9245041385293007 5.0247409120202065 -0.050444722175598145
v 0.9161134958267212 5.0247409120202065 -0.0347469300031662
v 0.9109465628862381 5.0247409120202065 -0.01771382987499237
v 0.9092018976807594 5.0247409120202065 -2.2239119691041348e-17
v 0.8824429512023926 5.013262376189232 0
v 0.8847017735242844 5.013262376189232 0.022934243083000183
v 0.8913914486765862 5.013262376189232 0.044987134635448456
v 0.9022548869252205 5.013262376189232 0.06531120091676712
v 0.9168746098876 5.013262376189232 0.08312539011240005
v 0.9346887990832329 5.013262376189232 0.09774511307477951
v 0.9550128653645515 5.013262376189232 0.10860855132341385
v 0.9770657569169998 5.013262376189232 0.11529822647571564
v 1 5.013262376189232 0.11755704879760742
v 1.0229342430830002 5.013262376189232 0.11529822647571564
v 1.0449871346354485 5.013262376189232 0.10860855132341385
v 1.0653112009167671 5.013262376189232 0.09774511307477951
v 1.0831253901124 5.013262376189232 0.08312539011240005
v 1.0977451130747795 5.013262376189232 0.06531120091676712
v 1.1086085513234138 5.013262376189232 0.044987134635448456
v 1.1152982264757156 5.013262376189232 0.022934243083000183
v 1.1175570487976074 5.013262376189232 1.439658721620159e-17
v 1.1152982264757156 5.013262376189232 -0.022934243083000183
v 1.1086085513234138 5.013262376189232 -0.044987134635448456
v 1.0977451130747795 5.013262376189232 -0.06531120091676712
v 1.0831253901124 5.013262376189232 -0.08312539011240005
v 1.0653112009167671 5.013262376189232 -0.09774511307477951
v 1.0449871346354485 5.013262376189232 -0.10860855132341385
v 1.0229342430830002 5.013262376189232 -0.11529822647571564
v 1 5.013262376189232 -0.11755704879760742
v 0.9770657569169998 5.013262376189232 -0.11529822647571564
v 0.9550128653645515 5.013262376189232 -0.10860855132341385
v 0.9346887990832329 5.013262376189232 -0.09774511307477951
v 0.9168746098876 5.013262376189232 -0.08312539011240005
v 0.9022548869252205 5.013262376189232 -0.06531120091676712
v 0.8913914486765862 5.013262376189232 -0.044987134635448456
v 0.8847017735242844 5.013262376189232 -0.022934243083000183
v 0.8824429512023926 5.013262376189232 -2.879317443240318e-17
v 0.8585786372423172 4.998994953930378 0
v 0.8612960129976273 4.998994953930378 0.027589937672019005
v 0.8693436980247498 4.998994953930378 0.05411960929632187
v 0.8824124410748482 4.998994953930378 0.07856949418783188
v 0.8999999985098839 4.998994953930378 0.10000000149011612
v 0.9214305058121681 4.998994953930378 0.11758755892515182
v 0.9458803907036781 4.998994953930378 0.13065630197525024
v 0.972410062327981 4.998994953930378 0.13870398700237274
v 1 4.998994953930378 0.1414213627576828
v 1.027589937672019 4.998994953930378 0.13870398700237274
v 1.0541196092963219 4.998994953930378 0.13065630197525024
v 1.0785694941878319 4.998994953930378 0.11758755892515182
v 1.1000000014901161 4.998994953930378 0.10000000149011612
v 1.1175875589251518 4.998994953930378 0.07856949418783188
v 1.1306563019752502 4.998994953930378 0.05411960929632187
v 1.1387039870023727 4.998994953930378 0.027589937672019005
v 1.1414213627576828 4.998994953930378 1.731912054510862e-17
v 1.1387039870023727 4.998994953930378 -0.027589937672019005
v 1.1306563019752502 4.998994953930378 -0.05411960929632187
v 1.1175875589251518 4.998994953930378 -0.07856949418783188
v 1.1000000014901161 4.998994953930378 -0.10000000149011612
v 1.0785694941878319 4.998994953930378 -0.11758755892515182
v 1.0541196092963219 4.998994953930378 -0.13065630197525024
v 1.027589937672019 4.998994953930378 -0.13870398700237274
v 1 4.998994953930378 -0.1414213627576828
v 0.972410062327981 4.998994953930378 -0.13870398700237274
v 0.9458803907036781 4.998994953930378 -0.13065630197525024
v 0.9214305058121681 4.998994953930378 -0.11758755892515182
v 0.8999999985098839 4.998994953930378 -0.10000000149011612
v 0.8824124410748482 4.998994953930378 -0.07856949418783188
v 0.8693436980247498 4.998994953930378 -0.05411960929632187
v 0.8612960129976273 4.998994953930378 -0.027589937672019005
v 0.8585786372423172 4.998994953930378 -3.463824109021724e-17
v 0.8381966054439545 4.9822899341583256 0
v 0.8413056135177612 4.9822899341583256 0.031566277146339417
v 0.850513145327568 4.9822899341583256 0.06191948056221008
v 0.8654653877019882 4.9822899341583256 0.0898931547999382
v 0.8855877220630646 4.9822899341583256 0.11441227793693542
v 0.9101068452000618 4.9822899341583256 0.13453461229801178
v 0.9380805194377899 4.9822899341583256 0.14948685467243195
v 0.9684337228536606 4.9822899341583256 0.15869438648223877
v 1 4.9822899341583256 0.16180339455604553
v 1.0315662771463394 4.9822899341583256 0.15869438648223877
v 1.06191948056221 4.9822899341583256 0.14948685467243195
v 1.0898931547999382 4.9822899341583256 0.13453461229801178
v 1.1144122779369354 4.9822899341583256 0.11441227793693542
v 1.1345346122980118 4.9822899341583256 0.0898931547999382
v 1.149486854672432 4.9822899341583256 0.06191948056221008
v 1.1586943864822388 4.9822899341583256 0.031566277146339417
v 1.1618033945560455 4.9822899341583256 1.9815200909213934e-17
v 1.1586943864822388 4.9822899341583256 -0.031566277146339417
v 1.149486854672432 4.9822899341583256 -0.06191948056221008
v 1.1345346122980118 4.9822899341583256 -0.0898931547999382
v 1.1144122779369354 4.9822899341583256 -0.11441227793693542
v 1.0898931547999382 4.9822899341583256 -0.13453461229801178
v 1.06191948056221 4.9822899341583256 -0.14948685467243195
v 1.0315662771463394 4.9822899341583256 -0.15869438648223877
v 1 4.9822899341583256 -0.16180339455604553
v 0.9684337228536606 4.9822899341583256 -0.15869438648223877
v 0.9380805194377899 4.9822899341583256 -0.14948685467243195
v 0.9101068452000618 4.9822899341583256 -0.13453461229801178
v 0.8855877220630646 4.9822899341583256 -0.11441227793693542
v 0.8654653877019882 4.9822899341583256 -0.0898931547999382
v 0.850513145327568 4.9822899341583256 -0.06191948056221008
v 0.8413056135177612 4.9822899341583256 -0.031566277146339417
v 0.8381966054439545 4.9822899341583256 -3.963040181842787e-17
v 0.8217986971139908 4.963558671623469 0
v 0.8252227902412415 4.963558671623469 0.03476535156369209
v 0.8353634625673294 4.963558671623469 0.0681946873664856
v 0.8518310338258743 4.963558671623469 0.09900333732366562
v 0.8739926517009735 4.963558671623469 0.1260073482990265
v 0.9009966626763344 4.963558671623469 0.14816896617412567
v 0.9318053126335144 4.963558671623469 0.1646365374326706
v 0.9652346484363079 4.963558671623469 0.17477720975875854
v 1 4.963558671623469 0.17820130288600922
v 1.034765351563692 4.963558671623469 0.17477720975875854
v 1.0681946873664856 4.963558671623469 0.1646365374326706
v 1.0990033373236656 4.963558671623469 0.14816896617412567
v 1.1260073482990265 4.963558671623469 0.1260073482990265
v 1.1481689661741257 4.963558671623469 0.09900333732366562
v 1.1646365374326706 4.963558671623469 0.0681946873664856
v 1.1747772097587585 4.963558671623469 0.03476535156369209
v 1.1782013028860092 4.963558671623469 2.1823365480282395e-17
v 1.1747772097587585 4.963558671623469 -0.03476535156369209
v 1.1646365374326706 4.963558671623469 -0.0681946873664856
v 1.1481689661741257 4.963558671623469 -0.09900333732366562
v 1.1260073482990265 4.963558671623469 -0.1260073482990265
v 1.0990033373236656 4.963558671623469 -0.14816896617412567
v 1.0681946873664856 4.963558671623469 -0.1646365374326706
v 1.034765351563692 4.963558671623469 -0.17477720975875854
v 1 4.963558671623469 -0.17820130288600922
v 0.9652346484363079 4.963558671623469 -0.17477720975875854
v 0.9318053126335144 4.963558671623469 -0.1646365374326706
v 0.9009966626763344 4.963558671623469 -0.14816896617412567
v 0.8739926517009735 4.963558671623469 -0.1260073482990265
v 0.8518310338258743 4.963558671623469 -0.09900333732366562
v 0.8353634625673294 4.963558671623469 -0.0681946873664856
v 0.8252227902412415 4.963558671623469 -0.03476535156369209
v 0.8217986971139908 4.963558671623469 -4.364673096056479e-17
v 0.809788703918457 4.943262380361557 0
v 0.8134435564279556 4.943262380361557 0.03710838407278061
v 0.8242676705121994 4.943262380361557 0.0727907121181488
v 0.8418450802564621 4.943262380361557 0.10567573457956314
v 0.8655003011226654 4.943262380361557 0.1344996988773346
v 0.8943242654204369 4.943262380361557 0.1581549197435379
v 0.9272092878818512 4.943262380361557 0.1757323294878006
v 0.9628916159272194 4.943262380361557 0.18655644357204437
v 1 4.943262380361557 0.19021129608154297
v 1.0371083840727806 4.943262380361557 0.18655644357204437
v 1.0727907121181488 4.943262380361557 0.1757323294878006
v 1.1056757345795631 4.943262380361557 0.1581549197435379
v 1.1344996988773346 4.943262380361557 0.1344996988773346
v 1.158154919743538 4.943262380361557 0.10567573457956314
v 1.1757323294878006 4.943262380361557 0.0727907121181488
v 1.1865564435720444 4.943262380361557 0.03710838407278061
v 1.190211296081543 4.943262380361557 2.3294167055656808e-17
v 1.1865564435720444 4.943262380361557 -0.03710838407278061
v 1.1757323294878006 4.943262380361557 -0.0727907121181488
v 1.158154919743538 4.943262380361557 -0.10567573457956314
v 1.1344996988773346 4.943262380361557 -0.1344996988773346
v 1.1056757345795631 4.943262380361557 -0.1581549197435379
v 1.0727907121181488 4.943262380361557 -0.1757323294878006
v 1.0371083840727806 4.943262380361557 -0.18655644357204437
v 1 4.943262380361557 -0.19021129608154297
v 0.9628916159272194 4.943262380361557 -0.18655644357204437
v 0.9272092878818512 4.943262380361557 -0.1757323294878006
v 0.8943242654204369 4.943262380361557 -0.1581549197435379
v 0.8655003011226654 4.943262380361557 -0.1344996988773346
v 0.8418450802564621 4.943262380361557 -0.10567573457956314
v 0.8242676705121994 4.943262380361557 -0.0727907121181488
v 0.8134435564279556 4.943262380361557 -0.03710838407278061
v 0.809788703918457 4.943262380361557 -4.6588334111313616e-17
v 0.8024623245000839 4.9219008240848785 0
v 0.806257963180542 4.9219008240848785 0.03853768855333328
v 0.8174989968538284 4.9219008240848785 0.07559439539909363
v 0.8357534259557724 4.9219008240848785 0.1097460463643074
v 0.8603197783231735 4.9219008240848785 0.13968022167682648
v 0.8902539536356926 4.9219008240848785 0.1642465740442276
v 0.9244056046009064 4.9219008240848785 0.18250100314617157
v 0.9614623114466667 4.9219008240848785 0.193742036819458
v 1 4.9219008240848785 0.19753767549991608
v 1.0385376885533333 4.9219008240848785 0.193742036819458
v 1.0755943953990936 4.9219008240848785 0.18250100314617157
v 1.1097460463643074 4.9219008240848785 0.1642465740442276
v 1.1396802216768265 4.9219008240848785 0.13968022167682648
v 1.1642465740442276 4.9219008240848785 0.1097460463643074
v 1.1825010031461716 4.9219008240848785 0.07559439539909363
v 1.193742036819458 4.9219008240848785 0.03853768855333328
v 1.197537675499916 4.9219008240848785 2.4191386705035926e-17
v 1.193742036819458 4.9219008240848785 -0.03853768855333328
v 1.1825010031461716 4.9219008240848785 -0.07559439539909363
v 1.1642465740442276 4.9219008240848785 -0.1097460463643074
v 1.1396802216768265 4.9219008240848785 -0.13968022167682648
v 1.1097460463643074 4.9219008240848785 -0.1642465740442276
v 1.0755943953990936 4.9219008240848785 -0.18250100314617157
v 1.0385376885533333 4.9219008240848785 -0.193742036819458
v 1 4.9219008240848785 -0.19753767549991608
v 0.9614623114466667 4.9219008240848785 -0.193742036819458
v 0.9244056046009064 4.9219008240848785 -0.18250100314617157
v 0.8902539536356926 4.9219008240848785 -0.1642465740442276
v 0.8603197783231735 4.9219008240848785 -0.13968022167682648
v 0.8357534259557724 4.9219008240848785 -0.1097460463643074
v 0.8174989968538284 4.9219008240848785 -0.07559439539909363
v 0.806257963180542 4.9219008240848785 -0.03853768855333328
v 0.8024623245000839 4.9219008240848785 -4.838277341007185e-17
v 0.7999999970197678 4.9 0
v 0.8038429468870163 4.9 0.039018064737319946
v 0.8152240961790085 4.9 0.07653668522834778
v 0.8337060809135437 4.9 0.11111404746770859
v 0.8585786372423172 4.9 0.1414213627576828
v 0.8888859525322914 4.9 0.1662939190864563
v 0.9234633147716522 4.9 0.18477590382099152
v 0.96098193526268 4.9 0.1961570531129837
v 1 4.9 0.20000000298023224
v 1.03901806473732 4.9 0.1961570531129837
v 1.0765366852283478 4.9 0.18477590382099152
v 1.1111140474677086 4.9 0.1662939190864563
v 1.1414213627576828 4.9 0.1414213627576828
v 1.1662939190864563 4.9 0.11111404746770859
v 1.1847759038209915 4.9 0.07653668522834778
v 1.1961570531129837 4.9 0.039018064737319946
v 1.2000000029802322 4.9 2.4492935397342132e-17
v 1.1961570531129837 4.9 -0.039018064737319946
v 1.1847759038209915 4.9 -0.07653668522834778
v 1.1662939190864563 4.9 -0.11111404746770859
v 1.1414213627576828 4.9 -0.1414213627576828
v 1.1111140474677086 4.9 -0.1662939190864563
v 1.0765366852283478 4.9 -0.18477590382099152
v 1.03901806473732 4.9 -0.1961570531129837
v 1 4.9 -0.20000000298023224
v 0.96098193526268 4.9 -0.1961570531129837
v 0.9234633147716522 4.9 -0.18477590382099152
v 0.8888859525322914 4.9 -0.1662939190864563
v 0.8585786372423172 4.9 -0.1414213627576828
v 0.8337060809135437 4.9 -0.11111404746770859
v 0.8152240961790085 4.9 -0.07653668522834778
v 0.8038429468870163 4.9 -0.039018064737319946
v 0.7999999970197678 4.9 -4.8985870794684264e-17
v 0.8024623245000839 4.878099175915122 0
v 0.806257963180542 4.878099175915122 0.03853768855333328
v 0.8174989968538284 4.878099175915122 0.07559439539909363
v 0.8357534259557724 4.878099175915122 0.1097460463643074
v 0.8603197783231735 4.878099175915122 0.13968022167682648
v 0.8902539536356926 4.878099175915122 0.1642465740442276
v 0.9244056046009064 4.878099175915122 0.18250100314617157
v 0.9614623114466667 4.878099175915122 0.193742036819458
v 1 4.878099175915122 0.19753767549991608
v 1.0385376885533333 4.878099175915122 0.193742036819458
v 1.0755943953990936 4.878099175915122 0.18250100314617157
v 1.1097460463643074 4.878099175915122 0.1642465740442276
v 1.1396802216768265 4.878099175915122 0.13968022167682648
v 1.1642465740442276 4.878099175915122 0.1097460463643074
v 1.1825010031461716 4.878099175915122 0.07559439539909363
v 1.193742036819458 4.878099175915122 0.03853768855333328
v 1.197537675499916 4.878099175915122 2.4191386705035926e-17
v 1.193742036819458 4.878099175915122 -0.03853768855333328
v 1.1825010031461716 4.878099175915122 -0.07559439539909363
v 1.1642465740442276 4.878099175915122 -0.1097460463643074
v 1.1396802216768265 4.878099175915122 -0.13968022167682648
v 1.1097460463643074 4.878099175915122 -0.1642465740442276
v 1.0755943953990936 4.878099175915122 -0.18250100314617157
v 1.0385376885533333 4.878099175915122 -0.193742036819458
v 1 4.878099175915122 -0.19753767549991608
v 0.9614623114466667 4.878099175915122 -0.193742036819458
v 0.9244056046009064 4.878099175915122 -0.18250100314617157
v 0.8902539536356926 4.878099175915122 -0.1642465740442276
v 0.8603197783231735 4.878099175915122 -0.13968022167682648
v 0.8357534259557724 4.878099175915122 -0.1097460463643074
v 0.8174989968538284 4.878099175915122 -0.07559439539909363
v 0.806257963180542 4.878099175915122 -0.03853768855333328
v 0.8024623245000839 4.878099175915122 -4.838277341007185e-17
v 0.809788703918457 4.8567376196384435 0
v 0.8134435564279556 4.8567376196384435 0.03710838407278061
v 0.8242676705121994 4.8567376196384435 0.0727907121181488
v 0.8418450802564621 4.8567376196384435 0.10567573457956314
v 0.8655003011226654 4.8567376196384435 0.1344996988773346
v 0.8943242654204369 4.8567376196384435 0.1581549197435379
v 0.9272092878818512 4.8567376196384435 0.1757323294878006
v 0.9628916159272194 4.8567376196384435 0.18655644357204437
v 1 4.8567376196384435 0.19021129608154297
v 1.0371083840727806 4.8567376196384435 0.18655644357204437
v 1.0727907121181488 4.8567376196384435 0.1757323294878006
v 1.1056757345795631 4.8567376196384435 0.1581549197435379
v 1.1344996988773346 4.8567376196384435 0.1344996988773346
v 1.158154919743538 4.8567376196384435 0.10567573457956314
v 1.1757323294878006 4.8567376196384435 0.0727907121181488
v 1.1865564435720444 4.8567376196384435 0.03710838407278061
v 1.190211296081543 4.8567376196384435 2.3294167055656808e-17
v 1.1865564435720444 4.8567376196384435 -0.03710838407278061
v 1.1757323294878006 4.8567376196384435 -0.0727907121181488
v 1.158154919743538 4.8567376196384435 -0.10567573457956314
v 1.1344996988773346 4.8567376196384435 -0.1344996988773346
v 1.1056757345795631 4.8567376196384435 -0.1581549197435379
v 1.0727907121181488 4.8567376196384435 -0.1757323294878006
v 1.0371083840727806 4.8567376196384435 -0.18655644357204437
v 1 4.8567376196384435 -0.19021129608154297
v 0.9628916159272194 4.8567376196384435 -0.18655644357204437
v 0.9272092878818512 4.8567376196384435 -0.1757323294878006
v 0.8943242654204369 4.8567376196384435 -0.1581549197435379
v 0.8655003011226654 4.8567376196384435 -0.1344996988773346
v 0.8418450802564621 4.8567376196384435 -0.10567573457956314
v 0.8242676705121994 4.8567376196384435 -0.0727907121181488
v 0.8134435564279556 4.8567376196384435 -0.03710838407278061
v 0.809788703918457 4.8567376196384435 -4.6588334111313616e-17
v 0.8217986971139908 4.836441328376532 0
v 0.8252227902412415 4.836441328376532 0.03476535156369209
v 0.8353634625673294 4.836441328376532 0.0681946873664856
v 0.8518310338258743 4.836441328376532 0.09900333732366562
v 0.8739926517009735 4.836441328376532 0.1260073482990265
v 0.9009966626763344 4.836441328376532 0.14816896617412567
v 0.9318053126335144 4.836441328376532 0.1646365374326706
v 0.9652346484363079 4.836441328376532 0.17477720975875854
v 1 4.836441328376532 0.17820130288600922
v 1.034765351563692 4.836441328376532 0.17477720975875854
v 1.0681946873664856 4.836441328376532 0.1646365374326706
v 1.0990033373236656 4.836441328376532 0.14816896617412567
v 1.1260073482990265 4.836441328376532 0.1260073482990265
v 1.1481689661741257 4.836441328376532 0.09900333732366562
v 1.1646365374326706 4.836441328376532 0.0681946873664856
v 1.1747772097587585 4.836441328376532 0.03476535156369209
v 1.1782013028860092 4.836441328376532 2.1823365480282395e-17
v 1.1747772097587585 4.836441328376532 -0.03476535156369209
v 1.1646365374326706 4.836441328376532 -0.0681946873664856
v 1.1481689661741257 4.836441328376532 -0.09900333732366562
v 1.1260073482990265 4.836441328376532 -0.1260073482990265
v 1.0990033373236656 4.836441328376532 -0.14816896617412567
v 1.0681946873664856 4.836441328376532 -0.1646365374326706
v 1.034765351563692 4.836441328376532 -0.17477720975875854
v 1 4.836441328376532 -0.17820130288600922
v 0.9652346484363079 4.836441328376532 -0.17477720975875854
v 0.9318053126335144 4.836441328376532 -0.1646365374326706
v 0.9009966626763344 4.836441328376532 -0.14816896617412567
v 0.8739926517009735 4.836441328376532 -0.1260073482990265
v 0.8518310338258743 4.836441328376532 -0.09900333732366562
v 0.8353634625673294 4.836441328376532 -0.0681946873664856
v 0.8252227902412415 4.836441328376532 -0.03476535156369209
v 0.8217986971139908 4.836441328376532 -4.364673096056479e-17
v 0.8381966054439545 4.817710065841675 0
v 0.8413056135177612 4.817710065841675 0.031566277146339417
v 0.850513145327568 4.817710065841675 0.06191948056221008
v 0.8654653877019882 4.817710065841675 0.0898931547999382
v 0.8855877220630646 4.817710065841675 0.11441227793693542
v 0.9101068452000618 4.817710065841675 0.13453461229801178
v 0.9380805194377899 4.817710065841675 0.14948685467243195
v 0.9684337228536606 4.817710065841675 0.15869438648223877
v 1 4.817710065841675 0.16180339455604553
v 1.0315662771463394 4.817710065841675 0.15869438648223877
v 1.06191948056221 4.817710065841675 0.14948685467243195
v 1.0898931547999382 4.817710065841675 0.13453461229801178
v 1.1144122779369354 4.817710065841675 0.11441227793693542
v 1.1345346122980118 4.817710065841675 0.0898931547999382
v 1.149486854672432 4.817710065841675 0.06191948056221008
v 1.1586943864822388 4.817710065841675 0.031566277146339417
v 1.1618033945560455 4.817710065841675 1.9815200909213934e-17
v 1.1586943864822388 4.817710065841675 -0.031566277146339417
v 1.149486854672432 4.817710065841675 -0.06191948056221008
v 1.1345346122980118 4.817710065841675 -0.0898931547999382
v 1.1144122779369354 4.817710065841675 -0.11441227793693542
v 1.0898931547999382 4.817710065841675 -0.13453461229801178
v 1.06191948056221 4.817710065841675 -0.14948685467243195
v 1.0315662771463394 4.817710065841675 -0.15869438648223877
v 1 4.817710065841675 -0.16180339455604553
v 0.9684337228536606 4.817710065841675 -0.15869438648223877
v 0.9380805194377899 4.817710065841675 -0.14948685467243195
v 0.9101068452000618 4.817710065841675 -0.13453461229801178
v 0.8855877220630646 4.817710065841675 -0.11441227793693542
v 0.8654653877019882 4.817710065841675 -0.0898931547999382
v 0.850513145327568 4.817710065841675 -0.06191948056221008
v 0.8413056135177612 4.817710065841675 -0.031566277146339417
v 0.8381966054439545 4.817710065841675 -3.963040181842787e-17
v 0.8585786372423172 4.801005046069623 0
v 0.8612960129976273 4.801005046069623 0.027589937672019005
v 0.8693436980247498 4.801005046069623 0.05411960929632187
v 0.8824124410748482 4.801005046069623 0.07856949418783188
v 0.8999999985098839 4.801005046069623 0.10000000149011612
v 0.9214305058121681 4.801005046069623 0.11758755892515182
v 0.9458803907036781 4.801005046069623 0.13065630197525024
v 0.972410062327981 4.801005046069623 0.13870398700237274
v 1 4.801005046069623 0.1414213627576828
v 1.027589937672019 4.801005046069623 0.13870398700237274
v 1.0541196092963219 4.801005046069623 0.13065630197525024
v 1.0785694941878319 4.801005046069623 0.11758755892515182
v 1.1000000014901161 4.801005046069623 0.10000000149011612
v 1.1175875589251518 4.801005046069623 0.07856949418783188
v 1.1306563019752502 4.801005046069623 0.05411960929632187
v 1.1387039870023727 4.801005046069623 0.027589937672019005
v 1.1414213627576828 4.801005046069623 1.731912054510862e-17
v 1.1387039870023727 4.801005046069623 -0.027589937672019005
v 1.1306563019752502 4.801005046069623 -0.05411960929632187
v 1.1175875589251518 4.801005046069623 -0.07856949418783188
v 1.1000000014901161 4.801005046069623 -0.10000000149011612
v 1.0785694941878319 4.801005046069623 -0.11758755892515182
v 1.0541196092963219 4.801005046069623 -0.13065630197525024
v 1.027589937672019 4.801005046069623 -0.13870398700237274
v 1 4.801005046069623 -0.1414213627576828
v 0.972410062327981 4.801005046069623 -0.13870398700237274
v 0.9458803907036781 4.801005046069623 -0.13065630197525024
v 0.9214305058121681 4.801005046069623 -0.11758755892515182
v 0.8999999985098839 4.801005046069623 -0.10000000149011612
v 0.8824124410748482 4.801005046069623 -0.07856949418783188
v 0.8693436980247498 4.801005046069623 -0.05411960929632187
v 0.8612960129976273 4.801005046069623 -0.027589937672019005
v 0.8585786372423172 4.801005046069623 -3.463824109021724e-17
v 0.8824429512023926 4.786737623810769 0
v 0.8847017735242844 4.786737623810769 0.022934243083000183
v 0.8913914486765862 4.786737623810769 0.044987134635448456
v 0.9022548869252205 4.786737623810769 0.06531120091676712
v 0.9168746098876 4.786737623810769 0.08312539011240005
v 0.9346887990832329 4.786737623810769 0.09774511307477951
v 0.9550128653645515 4.786737623810769 0.10860855132341385
v 0.9770657569169998 4.786737623810769 0.11529822647571564
v 1 4.786737623810769 0.11755704879760742
v 1.0229342430830002 4.786737623810769 0.11529822647571564
v 1.0449871346354485 4.786737623810769 0.10860855132341385
v 1.0653112009167671 4.786737623810769 0.09774511307477951
v 1.0831253901124 4.786737623810769 0.08312539011240005
v 1.0977451130747795 4.786737623810769 0.06531120091676712
v 1.1086085513234138 4.786737623810769 0.044987134635448456
v 1.1152982264757156 4.786737623810769 0.022934243083000183
v 1.1175570487976074 4.786737623810769 1.439658721620159e-17
v 1.1152982264757156 4.786737623810769 -0.022934243083000183
v 1.1086085513234138 4.786737623810769 -0.044987134635448456
v 1.0977451130747795 4.786737623810769 -0.06531120091676712
v 1.0831253901124 4.786737623810769 -0.08312539011240005
v 1.0653112009167671 4.786737623810769 -0.09774511307477951
v 1.0449871346354485 4.786737623810769 -0.10860855132341385
v 1.0229342430830002 4.786737623810769 -0.11529822647571564
v 1 4.786737623810769 -0.11755704879760742
v 0.9770657569169998 4.786737623810769 -0.11529822647571564
v 0.9550128653645515 4.786737623810769 -0.10860855132341385
v 0.9346887990832329 4.786737623810769 -0.09774511307477951
v 0.9168746098876 4.786737623810769 -0.08312539011240005
v 0.9022548869252205 4.786737623810769 -0.06531120091676712
v 0.8913914486765862 4.786737623810769 -0.044987134635448456
v 0.8847017735242844 4.786737623810769 -0.022934243083000183
v 0.8824429512023926 4.786737623810769 -2.879317443240318e-17
v 0.9092018976807594 4.775259087979794 0
v 0.9109465628862381 4.775259087979794 0.01771382987499237
v 0.9161134958267212 4.775259087979794 0.0347469300031662
v 0.9245041385293007 4.775259087979794 0.050444722175598145
v 0.9357960447669029 4.775259087979794 0.06420395523309708
v 0.9495552778244019 4.775259087979794 0.07549586147069931
v 0.9652530699968338 4.775259087979794 0.08388650417327881
v 0.9822861701250076 4.775259087979794 0.0890534371137619
v 1 4.775259087979794 0.09079810231924057
v 1.0177138298749924 4.775259087979794 0.0890534371137619
v 1.0347469300031662 4.775259087979794 0.08388650417327881
v 1.0504447221755981 4.775259087979794 0.07549586147069931
v 1.064203955233097 4.775259087979794 0.06420395523309708
v 1.0754958614706993 4.775259087979794 0.050444722175598145
v 1.0838865041732788 4.775259087979794 0.0347469300031662
v 1.089053437113762 4.775259087979794 0.01771382987499237
v 1.0907981023192406 4.775259087979794 1.1119559845520674e-17
v 1.089053437113762 4.775259087979794 -0.01771382987499237
v 1.0838865041732788 4.775259087979794 -0.0347469300031662
v 1.0754958614706993 4.775259087979794 -0.050444722175598145
v 1.064203955233097 4.775259087979794 -0.06420395523309708
v 1.0504447221755981 4.775259087979794 -0.07549586147069931
v 1.0347469300031662 4.775259087979794 -0.08388650417327881
v 1.0177138298749924 4.775259087979794 -0.0890534371137619
v 1 4.775259087979794 -0.09079810231924057
v 0.9822861701250076 4.775259087979794 -0.0890534371137619
v 0.9652530699968338 4.775259087979794 -0.08388650417327881
v 0.9495552778244019 4.775259087979794 -0.07549586147069931
v 0.9357960447669029 4.775259087979794 -0.06420395523309708
v 0.9245041385293007 4.775259087979794 -0.050444722175598145
v 0.9161134958267212 4.775259087979794 -0.0347469300031662
v 0.9109465628862381 4.775259087979794 -0.01771382987499237
v 0.9092018976807594 4.775259087979794 -2.2239119691041348e-17
v 0.93819659948349 4.76685209274292 0
v 0.9393841363489628 4.76685209274292 0.012057244777679443
v 0.9429011046886444 4.76685209274292 0.023651136085391045
v 0.9486123509705067 4.76685209274292 0.03433612734079361
v 0.9562983959913254 4.76685209274292 0.04370160400867462
v 0.9656638726592064 4.76685209274292 0.05138764902949333
v 0.976348863914609 4.76685209274292 0.05709889531135559
v 0.9879427552223206 4.76685209274292 0.060615863651037216
v 1 4.76685209274292 0.06180340051651001
v 1.0120572447776794 4.76685209274292 0.060615863651037216
v 1.023651136085391 4.76685209274292 0.05709889531135559
v 1.0343361273407936 4.76685209274292 0.05138764902949333
v 1.0437016040086746 4.76685209274292 0.04370160400867462
v 1.0513876490294933 4.76685209274292 0.03433612734079361
v 1.0570988953113556 4.76685209274292 0.023651136085391045
v 1.0606158636510372 4.76685209274292 0.012057244777679443
v 1.06180340051651 4.76685209274292 7.568733210542868e-18
v 1.0606158636510372 4.76685209274292 -0.012057244777679443
v 1.0570988953113556 4.76685209274292 -0.023651136085391045
v 1.0513876490294933 4.76685209274292 -0.03433612734079361
v 1.0437016040086746 4.76685209274292 -0.04370160400867462
v 1.0343361273407936 4.76685209274292 -0.05138764902949333
v 1.023651136085391 4.76685209274292 -0.05709889531135559
v 1.0120572447776794 4.76685209274292 -0.060615863651037216
v 1 4.76685209274292 -0.06180340051651001
v 0.9879427552223206 4.76685209274292 -0.060615863651037216
v 0.976348863914609 4.76685209274292 -0.05709889531135559
v 0.9656638726592064 4.76685209274292 -0.05138764902949333
v 0.9562983959913254 4.76685209274292 -0.04370160400867462
v 0.9486123509705067 4.76685209274292 -0.03433612734079361
v 0.9429011046886444 4.76685209274292 -0.023651136085391045
v 0.9393841363489628 4.76685209274292 -0.012057244777679443
v 0.93819659948349 4.76685209274292 -1.5137466421085735e-17
v 0.9687131084501743 4.761723627150059 0
v 0.9693142753094435 4.761723627150059 0.00610376987606287
v 0.9710946790874004 4.761723627150059 0.011972975917160511
v 0.9739858992397785 4.761723627150059 0.017382066696882248
v 0.9778768252581358 4.761723627150059 0.022123174741864204
v 0.9826179333031178 4.761723627150059 0.02601410076022148
v 0.9880270240828395 4.761723627150059 0.028905320912599564
v 0.9938962301239371 4.761723627150059 0.030685724690556526
v 1 4.761723627150059 0.03128689154982567
v 1.0061037698760629 4.761723627150059 0.030685724690556526
v 1.0119729759171605 4.761723627150059 0.028905320912599564
v 1.0173820666968822 4.761723627150059 0.02601410076022148
v 1.0221231747418642 4.761723627150059 0.022123174741864204
v 1.0260141007602215 4.761723627150059 0.017382066696882248
v 1.0289053209125996 4.761723627150059 0.011972975917160511
v 1.0306857246905565 4.761723627150059 0.00610376987606287
v 1.0312868915498257 4.761723627150059 3.831539474834414e-18
v 1.0306857246905565 4.761723627150059 -0.00610376987606287
v 1.0289053209125996 4.761723627150059 -0.011972975917160511
v 1.0260141007602215 4.761723627150059 -0.017382066696882248
v 1.0221231747418642 4.761723627150059 -0.022123174741864204
v 1.0173820666968822 4.761723627150059 -0.02601410076022148
v 1.0119729759171605 4.761723627150059 -0.028905320912599564
v 1.0061037698760629 4.761723627150059 -0.030685724690556526
v 1 4.761723627150059 -0.03128689154982567
v 0.9938962301239371 4.761723627150059 -0.030685724690556526
v 0.9880270240828395 4.761723627150059 -0.028905320912599564
v 0.9826179333031178 4.761723627150059 -0.02601410076022148
v 0.9778768252581358 4.761723627150059 -0.022123174741864204
v 0.9739858992397785 4.761723627150059 -0.017382066696882248
v 0.9710946790874004 4.761723627150059 -0.011972975917160511
v 0.9693142753094435 4.761723627150059 -0.00610376987606287
v 0.9687131084501743 4.761723627150059 -7.663078949668828e-18
v 1 4.759999997913837 0
v 1 4.759999997913837 4.778334953455979e-18
v 1 4.759999997913837 9.37304077400886e-18
v 1 4.759999997913837 1.3607546247332158e-17
v 1 4.759999997913837 1.731912054510862e-17
v 1 4.759999997913837 2.0365132087135113e-17
v 1 4.759999997913837 2.2628521581845586e-17
v 1 4.759999997913837 2.4022310987830087e-17
v 1 4.759999997913837 2.4492935397342132e-17
v 1 4.759999997913837 2.4022310987830087e-17
v 1 4.759999997913837 2.2628521581845586e-17
v 1 4.759999997913837 2.0365132087135113e-17
v 1 4.759999997913837 1.731912054510862e-17
v 1 4.759999997913837 1.3607546247332158e-17
v 1 4.759999997913837 9.37304077400886e-18
v 1 4.759999997913837 4.778334953455979e-18
v 1 4.759999997913837 2.9995195879107854e-33
v 1 4.759999997913837 -4.778334953455979e-18
v 1 4.759999997913837 -9.37304077400886e-18
v 1 4.759999997913837 -1.3607546247332158e-17
v 1 4.759999997913837 -1.731912054510862e-17
v 1 4.759999997913837 -2.0365132087135113e-17
v 1 4.759999997913837 -2.2628521581845586e-17
v 1 4.759999997913837 -2.4022310987830087e-17
v 1 4.759999997913837 -2.4492935397342132e-17
v 1 4.759999997913837 -2.4022310987830087e-17
v 1 4.759999997913837 -2.2628521581845586e-17
v 1 4.759999997913837 -2.0365132087135113e-17
v 1 4.759999997913837 -1.731912054510862e-17
v 1 4.759999997913837 -1.3607546247332158e-17
v 1 4.759999997913837 -9.37304077400886e-18
v 1 4.759999997913837 -4.778334953455979e-18
v 1 4.759999997913837 -5.999039175821571e-33
vt 0.015625 1
vt 0.046875 1
vt 0.078125 1
vt 0.109375 1
vt 0.140625 1
vt 0.171875 1
vt 0.203125 1
vt 0.234375 1
vt 0.265625 1
vt 0.296875 1
vt 0.328125 1
vt 0.359375 1
vt 0.390625 1
vt 0.421875 1
vt 0.453125 1
vt 0.484375 1
vt 0.515625 1
vt 0.546875 1
vt 0.578125 1
vt 0.609375 1
vt 0.640625 1
vt 0.671875 1
vt 0.703125 1
vt 0.734375 1
vt 0.765625 1
vt 0.796875 1
vt 0.828125 1
vt 0.859375 1
vt 0.890625 1
vt 0.921875 1
vt 0.953125 1
vt 0.984375 1
vt 1.015625 1
vt 0 0.949999988079071
vt 0.03125 0.949999988079071
vt 0.0625 0.949999988079071
vt 0.09375 0.949999988079071
vt 0.125 0.949999988079071
vt 0.15625 0.949999988079071
vt 0.1875 0.949999988079071
vt 0.21875 0.949999988079071
vt 0.25 0.949999988079071
vt 0.28125 0.949999988079071
vt 0.3125 0.949999988079071
vt 0.34375 0.949999988079071
vt 0.375 0.949999988079071
vt 0.40625 0.949999988079071
vt 0.4375 0.949999988079071
vt 0.46875 0.949999988079071
vt 0.5 0.949999988079071
vt 0.53125 0.949999988079071
vt 0.5625 0.949999988079071
vt 0.59375 0.949999988079071
vt 0.625 0.949999988079071
vt 0.65625 0.949999988079071
vt 0.6875 0.949999988079071
vt 0.71875 0.949999988079071
vt 0.75 0.949999988079071
vt 0.78125 0.949999988079071
vt 0.8125 0.949999988079071
vt 0.84375 0.949999988079071
vt 0.875 0.949999988079071
vt 0.90625 0.949999988079071
vt 0.9375 0.949999988079071
vt 0.96875 0.949999988079071
vt 1 0.949999988079071
vt 0 0.8999999761581421
vt 0.03125 0.8999999761581421
vt 0.0625 0.8999999761581421
vt 0.09375 0.8999999761581421
vt 0.125 0.8999999761581421
vt 0.15625 0.8999999761581421
vt 0.1875 0.8999999761581421
vt 0.21875 0.8999999761581421
vt 0.25 0.8999999761581421
vt 0.28125 0.8999999761581421
vt 0.3125 0.8999999761581421
vt 0.34375 0.8999999761581421
vt 0.375 0.8999999761581421
vt 0.40625 0.8999999761581421
vt 0.4375 0.8999999761581421
vt 0.46875 0.8999999761581421
vt 0.5 0.8999999761581421
vt 0.53125 0.8999999761581421
vt 0.5625 0.8999999761581421
vt 0.59375 0.8999999761581421
vt 0.625 0.8999999761581421
vt 0.65625 0.8999999761581421
vt 0.6875 0.8999999761581421
vt 0.71875 0.8999999761581421
vt 0.75 0.8999999761581421
vt 0.78125 0.8999999761581421
vt 0.8125 0.8999999761581421
vt 0.84375 0.8999999761581421
vt 0.875 0.8999999761581421
vt 0.90625 0.8999999761581421
vt 0.9375 0.8999999761581421
vt 0.96875 0.8999999761581421
vt 1 0.8999999761581421
vt 0 0.8500000238418579
vt 0.03125 0.8500000238418579
vt 0.0625 0.8500000238418579
vt 0.09375 0.8500000238418579
vt 0.125 0.8500000238418579
vt 0.15625 0.8500000238418579
vt 0.1875 0.8500000238418579
vt 0.21875 0.8500000238418579
vt 0.25 0.8500000238418579
vt 0.28125 0.8500000238418579
vt 0.3125 0.8500000238418579
vt 0.34375 0.8500000238418579
vt 0.375 0.8500000238418579
vt 0.40625 0.8500000238418579
vt 0.4375 0.8500000238418579
vt 0.46875 0.8500000238418579
vt 0.5 0.8500000238418579
vt 0.53125 0.8500000238418579
vt 0.5625 0.8500000238418579
vt 0.59375 0.8500000238418579
vt 0.625 0.8500000238418579
vt 0.65625 0.8500000238418579
vt 0.6875 0.8500000238418579
vt 0.71875 0.8500000238418579
vt 0.75 0.8500000238418579
vt 0.78125 0.8500000238418579
vt 0.8125 0.8500000238418579
vt 0.84375 0.8500000238418579
vt 0.875 0.8500000238418579
vt 0.90625 0.8500000238418579
vt 0.9375 0.8500000238418579
vt 0.96875 0.8500000238418579
vt 1 0.8500000238418579
vt 0 0.800000011920929
vt 0.03125 0.800000011920929
vt 0.0625 0.800000011920929
vt 0.09375 0.800000011920929
vt 0.125 0.800000011920929
vt 0.15625 0.800000011920929
vt 0.1875 0.800000011920929
vt 0.21875 0.800000011920929
vt 0.25 0.800000011920929
vt 0.28125 0.800000011920929
vt 0.3125 0.800000011920929
vt 0.34375 0.800000011920929
vt 0.375 0.800000011920929
vt 0.40625 0.800000011920929
vt 0.4375 0.800000011920929
vt 0.46875 0.800000011920929
vt 0.5 0.800000011920929
vt 0.53125 0.800000011920929
vt 0.5625 0.800000011920929
vt 0.59375 0.800000011920929
vt 0.625 0.800000011920929
vt 0.65625 0.800000011920929
vt 0.6875 0.800000011920929
vt 0.71875 0.800000011920929
vt 0.75 0.800000011920929
vt 0.78125 0.800000011920929
vt 0.8125 0.800000011920929
vt 0.84375 0.800000011920929
vt 0.875 0.800000011920929
vt 0.90625 0.800000011920929
vt 0.9375 0.800000011920929
vt 0.96875 0.800000011920929
vt 1 0.800000011920929
vt 0 0.75
vt 0.03125 0.75
vt 0.0625 0.75
vt 0.09375 0.75
vt 0.125 0.75
vt 0.15625 0.75
vt 0.1875 0.75
vt 0.21875 0.75
vt 0.25 0.75
vt 0.28125 0.75
vt 0.3125 0.75
vt 0.34375 0.75
vt 0.375 0.75
vt 0.40625 0.75
vt 0.4375 0.75
vt 0.46875 0.75
vt 0.5 0.75
vt 0.53125 0.75
vt 0.5625 0.75
vt 0.59375 0.75
vt 0.625 0.75
vt 0.65625 0.75
vt 0.6875 0.75
vt 0.71875 0.75
vt 0.75 0.75
vt 0.78125 0.75
vt 0.8125 0.75
vt 0.84375 0.75
vt 0.875 0.75
vt 0.90625 0.75
vt 0.9375 0.75
vt 0.96875 0.75
vt 1 0.75
vt 0 0.699999988079071
vt 0.03125 0.699999988079071
vt 0.0625 0.699999988079071
vt 0.09375 0.699999988079071
vt 0.125 0.699999988079071
vt 0.15625 0.699999988079071
vt 0.1875 0.699999988079071
vt 0.21875 0.699999988079071
vt 0.25 0.699999988079071
vt 0.28125 0.699999988079071
vt 0.3125 0.699999988079071
vt 0.34375 0.699999988079071
vt 0.375 0.699999988079071
vt 0.40625 0.699999988079071
vt 0.4375 0.699999988079071
vt 0.46875 0.699999988079071
vt 0.5 0.699999988079071
vt 0.53125 0.699999988079071
vt 0.5625 0.699999988079071
vt 0.59375 0.699999988079071
vt 0.625 0.699999988079071
vt 0.65625 0.699999988079071
vt 0.6875 0.699999988079071
vt 0.71875 0.699999988079071
vt 0.75 0.699999988079071
vt 0.78125 0.699999988079071
vt 0.8125 0.699999988079071
vt 0.84375 0.699999988079071
vt 0.875 0.699999988079071
vt 0.90625 0.699999988079071
vt 0.9375 0.699999988079071
vt 0.96875 0.699999988079071
vt 1 0.699999988079071
vt 0 0.6499999761581421
vt 0.03125 0.6499999761581421
vt 0.0625 0.6499999761581421
vt 0.09375 0.6499999761581421
vt 0.125 0.6499999761581421
vt 0.15625 0.6499999761581421
vt 0.1875 0.6499999761581421
vt 0.21875 0.6499999761581421
vt 0.25 0.6499999761581421
vt 0.28125 0.6499999761581421
vt 0.3125 0.6499999761581421
vt 0.34375 0.6499999761581421
vt 0.375 0.6499999761581421
vt 0.40625 0.6499999761581421
vt 0.4375 0.6499999761581421
vt 0.46875 0.6499999761581421
vt 0.5 0.6499999761581421
vt 0.53125 0.6499999761581421
vt 0.5625 0.6499999761581421
vt 0.59375 0.6499999761581421
vt 0.625 0.6499999761581421
vt 0.65625 0.6499999761581421
vt 0.6875 0.6499999761581421
vt 0.71875 0.6499999761581421
vt 0.75 0.6499999761581421
vt 0.78125 0.6499999761581421
vt 0.8125 0.6499999761581421
vt 0.84375 0.6499999761581421
vt 0.875 0.6499999761581421
vt 0.90625 0.6499999761581421
vt 0.9375 0.6499999761581421
vt 0.96875 0.6499999761581421
vt 1 0.6499999761581421
vt 0 0.6000000238418579
vt 0.03125 0.6000000238418579
vt 0.0625 0.6000000238418579
vt 0.09375 0.6000000238418579
vt 0.125 0.6000000238418579
vt 0.15625 0.6000000238418579
vt 0.1875 0.6000000238418579
vt 0.21875 0.6000000238418579
vt 0.25 0.6000000238418579
vt 0.28125 0.6000000238418579
vt 0.3125 0.6000000238418579
vt 0.34375 0.6000000238418579
vt 0.375 0.6000000238418579
vt 0.40625 0.6000000238418579
vt 0.4375 0.6000000238418579
vt 0.46875 0.6000000238418579
vt 0.5 0.6000000238418579
vt 0.53125 0.6000000238418579
vt 0.5625 0.6000000238418579
vt 0.59375 0.6000000238418579
vt 0.625 0.6000000238418579
vt 0.65625 0.6000000238418579
vt 0.6875 0.6000000238418579
vt 0.71875 0.6000000238418579
vt 0.75 0.6000000238418579
vt 0.78125 0.6000000238418579
vt 0.8125 0.6000000238418579
vt 0.84375 0.6000000238418579
vt 0.875 0.6000000238418579
vt 0.90625 0.6000000238418579
vt 0.9375 0.6000000238418579
vt 0.96875 0.6000000238418579
vt 1 0.6000000238418579
vt 0 0.550000011920929
vt 0.03125 0.550000011920929
vt 0.0625 0.550000011920929
vt 0.09375 0.550000011920929
vt 0.125 0.550000011920929
vt 0.15625 0.550000011920929
vt 0.1875 0.550000011920929
vt 0.21875 0.550000011920929
vt 0.25 0.550000011920929
vt 0.28125 0.550000011920929
vt 0.3125 0.550000011920929
vt 0.34375 0.550000011920929
vt 0.375 0.550000011920929
vt 0.40625 0.550000011920929
vt 0.4375 0.550000011920929
vt 0.46875 0.550000011920929
vt 0.5 0.550000011920929
vt 0.53125 0.550000011920929
vt 0.5625 0.550000011920929
vt 0.59375 0.550000011920929
vt 0.625 0.550000011920929
vt 0.65625 0.550000011920929
vt 0.6875 0.550000011920929
vt 0.71875 0.550000011920929
vt 0.75 0.550000011920929
vt 0.78125 0.550000011920929
vt 0.8125 0.550000011920929
vt 0.84375 0.550000011920929
vt 0.875 0.550000011920929
vt 0.90625 0.550000011920929
vt 0.9375 0.550000011920929
vt 0.96875 0.550000011920929
vt 1 0.550000011920929
vt 0 0.5
vt 0.03125 0.5
vt 0.0625 0.5
vt 0.09375 0.5
vt 0.125 0.5
vt 0.15625 0.5
vt 0.1875 0.5
vt 0.21875 0.5
vt 0.25 0.5
vt 0.28125 0.5
vt 0.3125 0.5
vt 0.34375 0.5
vt 0.375 0.5
vt 0.40625 0.5
vt 0.4375 0.5
vt 0.46875 0.5
vt 0.5 0.5
vt 0.53125 0.5
vt 0.5625 0.5
vt 0.59375 0.5
vt 0.625 0.5
vt 0.65625 0.5
vt 0.6875 0.5
vt 0.71875 0.5
vt 0.75 0.5
vt 0.78125 0.5
vt 0.8125 0.5
vt 0.84375 0.5
vt 0.875 0.5
vt 0.90625 0.5
vt 0.9375 0.5
vt 0.96875 0.5
vt 1 0.5
vt 0 0.44999998807907104
vt 0.03125 0.44999998807907104
vt 0.0625 0.44999998807907104
vt 0.09375 0.44999998807907104
vt 0.125 0.44999998807907104
vt 0.15625 0.44999998807907104
vt 0.1875 0.44999998807907104
vt 0.21875 0.44999998807907104
vt 0.25 0.44999998807907104
vt 0.28125 0.44999998807907104
vt 0.3125 0.44999998807907104
vt 0.34375 0.44999998807907104
vt 0.375 0.44999998807907104
vt 0.40625 0.44999998807907104
vt 0.4375 0.44999998807907104
vt 0.46875 0.44999998807907104
vt 0.5 0.44999998807907104
vt 0.53125 0.44999998807907104
vt 0.5625 0.44999998807907104
vt 0.59375 0.44999998807907104
vt 0.625 0.44999998807907104
vt 0.65625 0.44999998807907104
vt 0.6875 0.44999998807907104
vt 0.71875 0.44999998807907104
vt 0.75 0.44999998807907104
vt 0.78125 0.44999998807907104
vt 0.8125 0.44999998807907104
vt 0.84375 0.44999998807907104
vt 0.875 0.44999998807907104
vt 0.90625 0.44999998807907104
vt 0.9375 0.44999998807907104
vt 0.96875 0.44999998807907104
vt 1 0.44999998807907104
vt 0 0.4000000059604645
vt 0.03125 0.4000000059604645
vt 0.0625 0.4000000059604645
vt 0.09375 0.4000000059604645
vt 0.125 0.4000000059604645
vt 0.15625 0.4000000059604645
vt 0.1875 0.4000000059604645
vt 0.21875 0.4000000059604645
vt 0.25 0.4000000059604645
vt 0.28125 0.4000000059604645
vt 0.3125 0.4000000059604645
vt 0.34375 0.4000000059604645
vt 0.375 0.4000000059604645
vt 0.40625 0.4000000059604645
vt 0.4375 0.4000000059604645
vt 0.46875 0.4000000059604645
vt 0.5 0.4000000059604645
vt 0.53125 0.4000000059604645
vt 0.5625 0.4000000059604645
vt 0.59375 0.4000000059604645
vt 0.625 0.4000000059604645
vt 0.65625 0.4000000059604645
vt 0.6875 0.4000000059604645
vt 0.71875 0.4000000059604645
vt 0.75 0.4000000059604645
vt 0.78125 0.4000000059604645
vt 0.8125 0.4000000059604645
vt 0.84375 0.4000000059604645
vt 0.875 0.4000000059604645
vt 0.90625 0.4000000059604645
vt 0.9375 0.4000000059604645
vt 0.96875 0.4000000059604645
vt 1 0.4000000059604645
vt 0 0.3499999940395355
vt 0.03125 0.3499999940395355
vt 0.0625 0.3499999940395355
vt 0.09375 0.3499999940395355
vt 0.125 0.3499999940395355
vt 0.15625 0.3499999940395355
vt 0.1875 0.3499999940395355
vt 0.21875 0.3499999940395355
vt 0.25 0.3499999940395355
vt 0.28125 0.3499999940395355
vt 0.3125 0.3499999940395355
vt 0.34375 0.3499999940395355
vt 0.375 0.3499999940395355
vt 0.40625 0.3499999940395355
vt 0.4375 0.3499999940395355
vt 0.46875 0.3499999940395355
vt 0.5 0.3499999940395355
vt 0.53125 0.3499999940395355
vt 0.5625 0.3499999940395355
vt 0.59375 0.3499999940395355
vt 0.625 0.3499999940395355
vt 0.65625 0.3499999940395355
vt 0.6875 0.3499999940395355
vt 0.71875 0.3499999940395355
vt 0.75 0.3499999940395355
vt 0.78125 0.3499999940395355
vt 0.8125 0.3499999940395355
vt 0.84375 0.3499999940395355
vt 0.875 0.3499999940395355
vt 0.90625 0.3499999940395355
vt 0.9375 0.3499999940395355
vt 0.96875 0.3499999940395355
vt 1 0.3499999940395355
vt 0 0.30000001192092896
vt 0.03125 0.30000001192092896
vt 0.0625 0.30000001192092896
vt 0.09375 0.30000001192092896
vt 0.125 0.30000001192092896
vt 0.15625 0.30000001192092896
vt 0.1875 0.30000001192092896
vt 0.21875 0.30000001192092896
vt 0.25 0.30000001192092896
vt 0.28125 0.30000001192092896
vt 0.3125 0.30000001192092896
vt 0.34375 0.30000001192092896
vt 0.375 0.30000001192092896
vt 0.40625 0.30000001192092896
vt 0.4375 0.30000001192092896
vt 0.46875 0.30000001192092896
vt 0.5 0.30000001192092896
vt 0.53125 0.30000001192092896
vt 0.5625 0.30000001192092896
vt 0.59375 0.30000001192092896
vt 0.625 0.30000001192092896
vt 0.65625 0.30000001192092896
vt 0.6875 0.30000001192092896
vt 0.71875 0.30000001192092896
vt 0.75 0.30000001192092896
vt 0.78125 0.30000001192092896
vt 0.8125 0.30000001192092896
vt 0.84375 0.30000001192092896
vt 0.875 0.30000001192092896
vt 0.90625 0.30000001192092896
vt 0.9375 0.30000001192092896
vt 0.96875 0.30000001192092896
vt 1 0.30000001192092896
vt 0 0.25
vt 0.03125 0.25
vt 0.0625 0.25
vt 0.09375 0.25
vt 0.125 0.25
vt 0.15625 0.25
vt 0.1875 0.25
vt 0.21875 0.25
vt 0.25 0.25
vt 0.28125 0.25
vt 0.3125 0.25
vt 0.34375 0.25
vt 0.375 0.25
vt 0.40625 0.25
vt 0.4375 0.25
vt 0.46875 0.25
vt 0.5 0.25
vt 0.53125 0.25
vt 0.5625 0.25
vt 0.59375 0.25
vt 0.625 0.25
vt 0.65625 0.25
vt 0.6875 0.25
vt 0.71875 0.25
vt 0.75 0.25
vt 0.78125 0.25
vt 0.8125 0.25
vt 0.84375 0.25
vt 0.875 0.25
vt 0.90625 0.25
vt 0.9375 0.25
vt 0.96875 0.25
vt 1 0.25
vt 0 0.20000000298023224
vt 0.03125 0.20000000298023224
vt 0.0625 0.20000000298023224
vt 0.09375 0.20000000298023224
vt 0.125 0.20000000298023224
vt 0.15625 0.20000000298023224
vt 0.1875 0.20000000298023224
vt 0.21875 0.20000000298023224
vt 0.25 0.20000000298023224
vt 0.28125 0.20000000298023224
vt 0.3125 0.20000000298023224
vt 0.34375 0.20000000298023224
vt 0.375 0.20000000298023224
vt 0.40625 0.20000000298023224
vt 0.4375 0.20000000298023224
vt 0.46875 0.20000000298023224
vt 0.5 0.20000000298023224
vt 0.53125 0.20000000298023224
vt 0.5625 0.20000000298023224
vt 0.59375 0.20000000298023224
vt 0.625 0.20000000298023224
vt 0.65625 0.20000000298023224
vt 0.6875 0.20000000298023224
vt 0.71875 0.20000000298023224
vt 0.75 0.20000000298023224
vt 0.78125 0.20000000298023224
vt 0.8125 0.20000000298023224
vt 0.84375 0.20000000298023224
vt 0.875 0.20000000298023224
vt 0.90625 0.20000000298023224
vt 0.9375 0.20000000298023224
vt 0.96875 0.20000000298023224
vt 1 0.20000000298023224
vt 0 0.15000000596046448
vt 0.03125 0.15000000596046448
vt 0.0625 0.15000000596046448
vt 0.09375 0.15000000596046448
vt 0.125 0.15000000596046448
vt 0.15625 0.15000000596046448
vt 0.1875 0.15000000596046448
vt 0.21875 0.15000000596046448
vt 0.25 0.15000000596046448
vt 0.28125 0.15000000596046448
vt 0.3125 0.15000000596046448
vt 0.34375 0.15000000596046448
vt 0.375 0.15000000596046448
vt 0.40625 0.15000000596046448
vt 0.4375 0.15000000596046448
vt 0.46875 0.15000000596046448
vt 0.5 0.15000000596046448
vt 0.53125 0.15000000596046448
vt 0.5625 0.15000000596046448
vt 0.59375 0.15000000596046448
vt 0.625 0.15000000596046448
vt 0.65625 0.15000000596046448
vt 0.6875 0.15000000596046448
vt 0.71875 0.15000000596046448
vt 0.75 0.15000000596046448
vt 0.78125 0.15000000596046448
vt 0.8125 0.15000000596046448
vt 0.84375 0.15000000596046448
vt 0.875 0.15000000596046448
vt 0.90625 0.15000000596046448
vt 0.9375 0.15000000596046448
vt 0.96875 0.15000000596046448
vt 1 0.15000000596046448
vt 0 0.10000000149011612
vt 0.03125 0.10000000149011612
vt 0.0625 0.10000000149011612
vt 0.09375 0.10000000149011612
vt 0.125 0.10000000149011612
vt 0.15625 0.10000000149011612
vt 0.1875 0.10000000149011612
vt 0.21875 0.10000000149011612
vt 0.25 0.10000000149011612
vt 0.28125 0.10000000149011612
vt 0.3125 0.10000000149011612
vt 0.34375 0.10000000149011612
vt 0.375 0.10000000149011612
vt 0.40625 0.10000000149011612
vt 0.4375 0.10000000149011612
vt 0.46875 0.10000000149011612
vt 0.5 0.10000000149011612
vt 0.53125 0.10000000149011612
vt 0.5625 0.10000000149011612
vt 0.59375 0.10000000149011612
vt 0.625 0.10000000149011612
vt 0.65625 0.10000000149011612
vt 0.6875 0.10000000149011612
vt 0.71875 0.10000000149011612
vt 0.75 0.10000000149011612
vt 0.78125 0.10000000149011612
vt 0.8125 0.10000000149011612
vt 0.84375 0.10000000149011612
vt 0.875 0.10000000149011612
vt 0.90625 0.10000000149011612
vt 0.9375 0.10000000149011612
vt 0.96875 0.10000000149011612
vt 1 0.10000000149011612
vt 0 0.05000000074505806
vt 0.03125 0.05000000074505806
vt 0.0625 0.05000000074505806
vt 0.09375 0.05000000074505806
vt 0.125 0.05000000074505806
vt 0.15625 0.05000000074505806
vt 0.1875 0.05000000074505806
vt 0.21875 0.05000000074505806
vt 0.25 0.05000000074505806
vt 0.28125 0.05000000074505806
vt 0.3125 0.05000000074505806
vt 0.34375 0.05000000074505806
vt 0.375 0.05000000074505806
vt 0.40625 0.05000000074505806
vt 0.4375 0.05000000074505806
vt 0.46875 0.05000000074505806
vt 0.5 0.05000000074505806
vt 0.53125 0.05000000074505806
vt 0.5625 0.05000000074505806
vt 0.59375 0.05000000074505806
vt 0.625 0.05000000074505806
vt 0.65625 0.05000000074505806
vt 0.6875 0.05000000074505806
vt 0.71875 0.05000000074505806
vt 0.75 0.05000000074505806
vt 0.78125 0.05000000074505806
vt 0.8125 0.05000000074505806
vt 0.84375 0.05000000074505806
vt 0.875 0.05000000074505806
vt 0.90625 0.05000000074505806
vt 0.9375 0.05000000074505806
vt 0.96875 0.05000000074505806
vt 1 0.05000000074505806
vt -0.015625 0
vt 0.015625 0
vt 0.046875 0
vt 0.078125 0
vt 0.109375 0
vt 0.140625 0
vt 0.171875 0
vt 0.203125 0
vt 0.234375 0
vt 0.265625 0
vt 0.296875 0
vt 0.328125 0
vt 0.359375 0
vt 0.390625 0
vt 0.421875 0
vt 0.453125 0
vt 0.484375 0
vt 0.515625 0
vt 0.546875 0
vt 0.578125 0
vt 0.609375 0
vt 0.640625 0
vt 0.671875 0
vt 0.703125 0
vt 0.734375 0
vt 0.765625 0
vt 0.796875 0
vt 0.828125 0
vt 0.859375 0
vt 0.890625 0
vt 0.921875 0
vt 0.953125 0
vt 0.984375 0
vn 0 1 0
vn 0 1 0
vn 0 1 0
vn 0 1 0
vn 0 1 0
vn 0 1 0
vn 0 1 0
vn 0 1 0
vn 0 1 0
vn 0 1 0
vn 0 1 0
vn 0 1 0
vn 0 1 0
vn 0 1 0
vn 0 1 0
vn 0 1 0
vn 0 1 0
vn 0 1 0
vn 0 1 0
vn 0 1 0
vn 0 1 0
vn 0 1 0
vn 0 1 0
vn 0 1 0
vn 0 1 0
vn 0 1 0
vn 0 1 0
vn 0 1 0
vn 0 1 0
vn 0 1 0
vn 0 1 0
vn 0 1 0
vn 0 1 0
vn -0.1101939221828762 0.9939101063546714 0
vn -0.10807657476136497 0.9939101065705971 0.02149776836500897
vn -0.10180591188660376 0.9939101060318352 0.04216938975990994
vn -0.09162290229297738 0.9939101059576138 0.06122046267986079
vn -0.0779188719360624 0.9939101059916953 0.0779188719360624
vn -0.061220462679860796 0.993910105957614 0.0916229022929774
vn -0.04216938975990994 0.9939101060318352 0.10180591188660376
vn -0.02149776836500897 0.9939101065705971 0.10807657476136497
vn -6.747431808200234e-18 0.9939101063546714 0.1101939221828762
vn 0.02149776836500897 0.9939101065705971 0.10807657476136497
vn 0.04216938975990994 0.9939101060318352 0.10180591188660376
vn 0.061220462679860796 0.993910105957614 0.0916229022929774
vn 0.0779188719360624 0.9939101059916953 0.0779188719360624
vn 0.09162290229297738 0.9939101059576138 0.06122046267986079
vn 0.10180591188660376 0.9939101060318352 0.04216938975990994
vn 0.10807657476136497 0.9939101065705971 0.02149776836500897
vn 0.1101939221828762 0.9939101063546714 1.3494863616400469e-17
vn 0.10807657476136497 0.9939101065705971 -0.02149776836500897
vn 0.10180591188660376 0.9939101060318352 -0.04216938975990994
vn 0.09162290229297738 0.9939101059576138 -0.06122046267986079
vn 0.0779188719360624 0.9939101059916953 -0.0779188719360624
vn 0.061220462679860796 0.993910105957614 -0.0916229022929774
vn 0.04216938975990994 0.9939101060318352 -0.10180591188660376
vn 0.02149776836500897 0.9939101065705971 -0.10807657476136497
vn 2.0242296007274593e-17 0.9939101063546714 -0.1101939221828762
vn -0.02149776836500897 0.9939101065705971 -0.10807657476136497
vn -0.04216938975990994 0.9939101060318352 -0.10180591188660376
vn -0.061220462679860796 0.993910105957614 -0.0916229022929774
vn -0.0779188719360624 0.9939101059916953 -0.0779188719360624
vn -0.09162290229297738 0.9939101059576138 -0.06122046267986079
vn -0.10180591188660376 0.9939101060318352 -0.04216938975990994
vn -0.10807657476136497 0.9939101065705971 -0.02149776836500897
vn -0.1101939221828762 0.9939101063546714 -2.6989727232800937e-17
vn -0.22177970860393553 0.9750967956318763 0
vn -0.2175182597277435 0.9750967988249054 0.0432670730051839
vn -0.20489772852893978 0.9750967969746364 0.08487141670483514
vn -0.18440308946238856 0.9750967957760204 0.12321420155186735
vn -0.15682192709019874 0.9750967984602518 0.15682192709019874
vn -0.12321420155186735 0.9750967957760204 0.18440308946238856
vn -0.08487141670483514 0.9750967969746364 0.20489772852893978
vn -0.0432670730051839 0.9750967988249054 0.2175182597277435
vn -1.3580090593541345e-17 0.9750967956318763 0.22177970860393553
vn 0.0432670730051839 0.9750967988249054 0.2175182597277435
vn 0.08487141670483514 0.9750967969746364 0.20489772852893978
vn 0.12321420155186735 0.9750967957760204 0.18440308946238856
vn 0.15682192709019874 0.9750967984602518 0.15682192709019874
vn 0.18440308946238856 0.9750967957760204 0.12321420155186735
vn 0.20489772852893978 0.9750967969746364 0.08487141670483514
vn 0.2175182597277435 0.9750967988249054 0.0432670730051839
vn 0.22177970860393553 0.9750967956318763 2.716018118708269e-17
vn 0.2175182597277435 0.9750967988249054 -0.0432670730051839
vn 0.20489772852893978 0.9750967969746364 -0.08487141670483514
vn 0.18440308946238856 0.9750967957760204 -0.12321420155186735
vn 0.15682192709019874 0.9750967984602518 -0.15682192709019874
vn 0.12321420155186735 0.9750967957760204 -0.18440308946238856
vn 0.08487141670483514 0.9750967969746364 -0.20489772852893978
vn 0.0432670730051839 0.9750967988249054 -0.2175182597277435
vn 4.074027059329859e-17 0.9750967956318763 -0.22177970860393553
vn -0.0432670730051839 0.9750967988249054 -0.2175182597277435
vn -0.08487141670483514 0.9750967969746364 -0.20489772852893978
vn -0.12321420155186735 0.9750967957760204 -0.18440308946238856
vn -0.15682192709019874 0.9750967984602518 -0.15682192709019874
vn -0.18440308946238856 0.9750967957760204 -0.12321420155186735
vn -0.20489772852893978 0.9750967969746364 -0.08487141670483514
vn -0.2175182597277435 0.9750967988249054 -0.0432670730051839
vn -0.22177970860393553 0.9750967956318763 -5.432036237416538e-17
vn -0.3359395386034899 0.9418835524643556 0
vn -0.3294845619616402 0.9418835499602224 0.06553855158054128
vn -0.31036766347473954 0.9418835514710421 0.128558503948699
vn -0.2793235303468114 0.9418835476513013 0.18663801343347103
vn -0.23754513577762237 0.9418835474392689 0.23754513577762237
vn -0.18663801343347103 0.9418835476513013 0.2793235303468114
vn -0.128558503948699 0.9418835514710421 0.31036766347473954
vn -0.06553855158054128 0.9418835499602224 0.3294845619616402
vn -2.0570364071785555e-17 0.9418835524643556 0.3359395386034899
vn 0.06553855158054128 0.9418835499602224 0.3294845619616402
vn 0.128558503948699 0.9418835514710421 0.31036766347473954
vn 0.18663801343347103 0.9418835476513013 0.2793235303468114
vn 0.23754513577762237 0.9418835474392689 0.23754513577762237
vn 0.2793235303468114 0.9418835476513013 0.18663801343347103
vn 0.31036766347473954 0.9418835514710421 0.128558503948699
vn 0.3294845619616402 0.9418835499602224 0.06553855158054128
vn 0.3359395386034899 0.9418835524643556 4.114072814357111e-17
vn 0.3294845619616402 0.9418835499602224 -0.06553855158054128
vn 0.31036766347473954 0.9418835514710421 -0.128558503948699
vn 0.2793235303468114 0.9418835476513013 -0.18663801343347103
vn 0.23754513577762237 0.9418835474392689 -0.23754513577762237
vn 0.18663801343347103 0.9418835476513013 -0.2793235303468114
vn 0.128558503948699 0.9418835514710421 -0.31036766347473954
vn 0.06553855158054128 0.9418835499602224 -0.3294845619616402
vn 6.171109221535666e-17 0.9418835524643556 -0.3359395386034899
vn -0.06553855158054128 0.9418835499602224 -0.3294845619616402
vn -0.128558503948699 0.9418835514710421 -0.31036766347473954
vn -0.18663801343347103 0.9418835476513013 -0.2793235303468114
vn -0.23754513577762237 0.9418835474392689 -0.23754513577762237
vn -0.2793235303468114 0.9418835476513013 -0.18663801343347103
vn -0.31036766347473954 0.9418835514710421 -0.128558503948699
vn -0.3294845619616402 0.9418835499602224 -0.06553855158054128
vn -0.3359395386034899 0.9418835524643556 -8.228145628714222e-17
vn -0.4533211677041194 0.8913472493430231 0
vn -0.44461072981333705 0.8913472485146102 0.08843857473006625
vn -0.4188141624937125 0.8913472421433158 0.1734785036198878
vn -0.37692277724177387 0.8913472462292271 0.25185175527663395
vn -0.32054647860548424 0.8913472444043609 0.32054647860548424
vn -0.25185175527663395 0.8913472462292271 0.37692277724177387
vn -0.1734785036198878 0.8913472421433158 0.4188141624937125
vn -0.08843857473006625 0.8913472485146102 0.44461072981333705
vn -2.775791560174549e-17 0.8913472493430231 0.4533211677041194
vn 0.08843857473006625 0.8913472485146102 0.44461072981333705
vn 0.1734785036198878 0.8913472421433158 0.4188141624937125
vn 0.25185175527663395 0.8913472462292271 0.37692277724177387
vn 0.32054647860548424 0.8913472444043609 0.32054647860548424
vn 0.37692277724177387 0.8913472462292271 0.25185175527663395
vn 0.4188141624937125 0.8913472421433158 0.1734785036198878
vn 0.44461072981333705 0.8913472485146102 0.08843857473006625
vn 0.4533211677041194 0.8913472493430231 5.551583120349098e-17
vn 0.44461072981333705 0.8913472485146102 -0.08843857473006625
vn 0.4188141624937125 0.8913472421433158 -0.1734785036198878
vn 0.37692277724177387 0.8913472462292271 -0.25185175527663395
vn 0.32054647860548424 0.8913472444043609 -0.32054647860548424
vn 0.25185175527663395 0.8913472462292271 -0.37692277724177387
vn 0.1734785036198878 0.8913472421433158 -0.4188141624937125
vn 0.08843857473006625 0.8913472485146102 -0.44461072981333705
vn 8.327374935704248e-17 0.8913472493430231 -0.4533211677041194
vn -0.08843857473006625 0.8913472485146102 -0.44461072981333705
vn -0.1734785036198878 0.8913472421433158 -0.4188141624937125
vn -0.25185175527663395 0.8913472462292271 -0.37692277724177387
vn -0.32054647860548424 0.8913472444043609 -0.32054647860548424
vn -0.37692277724177387 0.8913472462292271 -0.25185175527663395
vn -0.4188141624937125 0.8913472421433158 -0.1734785036198878
vn -0.44461072981333705 0.8913472485146102 -0.08843857473006625
vn -0.4533211677041194 0.8913472493430231 -1.1103166240698196e-16
vn -0.5734623443633284 0.8192319205190406 0
vn -0.5624434477573985 0.8192319056814027 0.11187695378579027
vn -0.5298101443508236 0.8192319056872844 0.21945454118550323
vn -0.47681650058216524 0.8192319252450679 0.3185986149245435
vn -0.4054991171120431 0.8192319159082532 0.4054991171120431
vn -0.3185986149245435 0.8192319252450679 0.47681650058216524
vn -0.21945454118550323 0.8192319056872844 0.5298101443508236
vn -0.11187695378579027 0.8192319056814027 0.5624434477573985
vn -3.51144419903075e-17 0.8192319205190406 0.5734623443633284
vn 0.11187695378579027 0.8192319056814027 0.5624434477573985
vn 0.21945454118550323 0.8192319056872844 0.5298101443508236
vn 0.3185986149245435 0.8192319252450679 0.47681650058216524
vn 0.4054991171120431 0.8192319159082532 0.4054991171120431
vn 0.47681650058216524 0.8192319252450679 0.3185986149245435
vn 0.5298101443508236 0.8192319056872844 0.21945454118550323
vn 0.5624434477573985 0.8192319056814027 0.11187695378579027
vn 0.5734623443633284 0.8192319205190406 7.0228883980615e-17
vn 0.5624434477573985 0.8192319056814027 -0.11187695378579027
vn 0.5298101443508236 0.8192319056872844 -0.21945454118550323
vn 0.47681650058216524 0.8192319252450679 -0.3185986149245435
vn 0.4054991171120431 0.8192319159082532 -0.4054991171120431
vn 0.3185986149245435 0.8192319252450679 -0.47681650058216524
vn 0.21945454118550323 0.8192319056872844 -0.5298101443508236
vn 0.11187695378579027 0.8192319056814027 -0.5624434477573985
vn 1.0534332060418636e-16 0.8192319205190406 -0.5734623443633284
vn -0.11187695378579027 0.8192319056814027 -0.5624434477573985
vn -0.21945454118550323 0.8192319056872844 -0.5298101443508236
vn -0.3185986149245435 0.8192319252450679 -0.47681650058216524
vn -0.4054991171120431 0.8192319159082532 -0.4054991171120431
vn -0.47681650058216524 0.8192319252450679 -0.3185986149245435
vn -0.5298101443508236 0.8192319056872844 -0.21945454118550323
vn -0.5624434477573985 0.8192319056814027 -0.11187695378579027
vn -0.5734623443633284 0.8192319205190406 -1.4045776796123e-16
vn -0.693830135185331 0.720138697410926 0
vn -0.6804983675706772 0.7201387124062935 0.13535954575665915
vn -0.6410154652259207 0.7201386942114845 0.26551729593488765
vn -0.5768986720394264 0.7201387029608336 0.3854713617080196
vn -0.4906119984137623 0.7201386908262247 0.4906119984137623
vn -0.3854713617080196 0.7201387029608336 0.5768986720394264
vn -0.26551729593488765 0.7201386942114845 0.6410154652259207
vn -0.13535954575665915 0.7201387124062935 0.6804983675706772
vn -4.2484842533639506e-17 0.720138697410926 0.693830135185331
vn 0.13535954575665915 0.7201387124062935 0.6804983675706772
vn 0.26551729593488765 0.7201386942114845 0.6410154652259207
vn 0.3854713617080196 0.7201387029608336 0.5768986720394264
vn 0.4906119984137623 0.7201386908262247 0.4906119984137623
vn 0.5768986720394264 0.7201387029608336 0.3854713617080196
vn 0.6410154652259207 0.7201386942114845 0.26551729593488765
vn 0.6804983675706772 0.7201387124062935 0.13535954575665915
vn 0.693830135185331 0.720138697410926 8.496968506727901e-17
vn 0.6804983675706772 0.7201387124062935 -0.13535954575665915
vn 0.6410154652259207 0.7201386942114845 -0.26551729593488765
vn 0.5768986720394264 0.7201387029608336 -0.3854713617080196
vn 0.4906119984137623 0.7201386908262247 -0.4906119984137623
vn 0.3854713617080196 0.7201387029608336 -0.5768986720394264
vn 0.26551729593488765 0.7201386942114845 -0.6410154652259207
vn 0.13535954575665915 0.7201387124062935 -0.6804983675706772
vn 1.27454524763288e-16 0.720138697410926 -0.693830135185331
vn -0.13535954575665915 0.7201387124062935 -0.6804983675706772
vn -0.26551729593488765 0.7201386942114845 -0.6410154652259207
vn -0.3854713617080196 0.7201387029608336 -0.5768986720394264
vn -0.4906119984137623 0.7201386908262247 -0.4906119984137623
vn -0.5768986720394264 0.7201387029608336 -0.3854713617080196
vn -0.6410154652259207 0.7201386942114845 -0.26551729593488765
vn -0.6804983675706772 0.7201387124062935 -0.13535954575665915
vn -0.693830135185331 0.720138697410926 -1.6993937013455802e-16
vn -0.808497287728072 0.5884999029195768 0
vn -0.7929622452988104 0.5884998942994935 0.15772999695731388
vn -0.7469540987575567 0.5884999004258925 0.3093985157495114
vn -0.6722409255589865 0.5884999083459236 0.4491770206504747
vn -0.5716939185969901 0.588499895393734 0.5716939185969901
vn -0.4491770206504747 0.5884999083459236 0.6722409255589865
vn -0.3093985157495114 0.5884999004258925 0.7469540987575567
vn -0.15772999695731388 0.5884998942994935 0.7929622452988104
vn -4.950618061312022e-17 0.5884999029195768 0.808497287728072
vn 0.15772999695731388 0.5884998942994935 0.7929622452988104
vn 0.3093985157495114 0.5884999004258925 0.7469540987575567
vn 0.4491770206504747 0.5884999083459236 0.6722409255589865
vn 0.5716939185969901 0.588499895393734 0.5716939185969901
vn 0.6722409255589865 0.5884999083459236 0.4491770206504747
vn 0.7469540987575567 0.5884999004258925 0.3093985157495114
vn 0.7929622452988104 0.5884998942994935 0.15772999695731388
vn 0.808497287728072 0.5884999029195768 9.901236122624045e-17
vn 0.7929622452988104 0.5884998942994935 -0.15772999695731388
vn 0.7469540987575567 0.5884999004258925 -0.3093985157495114
vn 0.6722409255589865 0.5884999083459236 -0.4491770206504747
vn 0.5716939185969901 0.588499895393734 -0.5716939185969901
vn 0.4491770206504747 0.5884999083459236 -0.6722409255589865
vn 0.3093985157495114 0.5884999004258925 -0.7469540987575567
vn 0.15772999695731388 0.5884998942994935 -0.7929622452988104
vn 1.4851854484168785e-16 0.5884999029195768 -0.808497287728072
vn -0.15772999695731388 0.5884998942994935 -0.7929622452988104
vn -0.3093985157495114 0.5884999004258925 -0.7469540987575567
vn -0.4491770206504747 0.5884999083459236 -0.6722409255589865
vn -0.5716939185969901 0.588499895393734 -0.5716939185969901
vn -0.6722409255589865 0.5884999083459236 -0.4491770206504747
vn -0.7469540987575567 0.5884999004258925 -0.3093985157495114
vn -0.7929622452988104 0.5884998942994935 -0.15772999695731388
vn -0.808497287728072 0.5884999029195768 -1.980247224524809e-16
vn -0.9070487079417867 0.42102570161586994 0
vn -0.8896200167041335 0.42102570957535157 0.17695642897591818
vn -0.8380037308629443 0.42102571761215873 0.3471125065003459
vn -0.7541834395046673 0.42102571804313443 0.5039292453541203
vn -0.6413802914836602 0.42102570395721706 0.6413802914836602
vn -0.5039292453541203 0.42102571804313443 0.7541834395046673
vn -0.3471125065003459 0.42102571761215873 0.8380037308629443
vn -0.17695642897591818 0.42102570957535157 0.8896200167041335
vn -5.55407119372474e-17 0.42102570161586994 0.9070487079417867
vn 0.17695642897591818 0.42102570957535157 0.8896200167041335
vn 0.3471125065003459 0.42102571761215873 0.8380037308629443
vn 0.5039292453541203 0.42102571804313443 0.7541834395046673
vn 0.6413802914836602 0.42102570395721706 0.6413802914836602
vn 0.7541834395046673 0.42102571804313443 0.5039292453541203
vn 0.8380037308629443 0.42102571761215873 0.3471125065003459
vn 0.8896200167041335 0.42102570957535157 0.17695642897591818
vn 0.9070487079417867 0.42102570161586994 1.110814238744948e-16
vn 0.8896200167041335 0.42102570957535157 -0.17695642897591818
vn 0.8380037308629443 0.42102571761215873 -0.3471125065003459
vn 0.7541834395046673 0.42102571804313443 -0.5039292453541203
vn 0.6413802914836602 0.42102570395721706 -0.6413802914836602
vn 0.5039292453541203 0.42102571804313443 -0.7541834395046673
vn 0.3471125065003459 0.42102571761215873 -0.8380037308629443
vn 0.17695642897591818 0.42102570957535157 -0.8896200167041335
vn 1.6662214212298093e-16 0.42102570161586994 -0.9070487079417867
vn -0.17695642897591818 0.42102570957535157 -0.8896200167041335
vn -0.3471125065003459 0.42102571761215873 -0.8380037308629443
vn -0.5039292453541203 0.42102571804313443 -0.7541834395046673
vn -0.6413802914836602 0.42102570395721706 -0.6413802914836602
vn -0.7541834395046673 0.42102571804313443 -0.5039292453541203
vn -0.8380037308629443 0.42102571761215873 -0.3471125065003459
vn -0.8896200167041335 0.42102570957535157 -0.17695642897591818
vn -0.9070487079417867 0.42102570161586994 -2.221628477489896e-16
vn -0.975345138414915 0.2206849812977548 0
vn -0.9566041540640623 0.2206849864340173 0.1902803962314488
vn -0.901101403136588 0.22068498724703106 0.37324843960698645
vn -0.8109698423626079 0.22068498206283302 0.5418727281108487
vn -0.6896731620532129 0.220684977030711 0.6896731620532129
vn -0.5418727281108487 0.22068498206283302 0.8109698423626079
vn -0.37324843960698645 0.22068498724703106 0.901101403136588
vn -0.1902803962314488 0.2206849864340173 0.9566041540640623
vn -5.972266556592996e-17 0.2206849812977548 0.975345138414915
vn 0.1902803962314488 0.2206849864340173 0.9566041540640623
vn 0.37324843960698645 0.22068498724703106 0.901101403136588
vn 0.5418727281108487 0.22068498206283302 0.8109698423626079
vn 0.6896731620532129 0.220684977030711 0.6896731620532129
vn 0.8109698423626079 0.22068498206283302 0.5418727281108487
vn 0.901101403136588 0.22068498724703106 0.37324843960698645
vn 0.9566041540640623 0.2206849864340173 0.1902803962314488
vn 0.975345138414915 0.2206849812977548 1.1944533113185992e-16
vn 0.9566041540640623 0.2206849864340173 -0.1902803962314488
vn 0.901101403136588 0.22068498724703106 -0.37324843960698645
vn 0.8109698423626079 0.22068498206283302 -0.5418727281108487
vn 0.6896731620532129 0.220684977030711 -0.6896731620532129
vn 0.5418727281108487 0.22068498206283302 -0.8109698423626079
vn 0.37324843960698645 0.22068498724703106 -0.901101403136588
vn 0.1902803962314488 0.2206849864340173 -0.9566041540640623
vn 1.791679966977899e-16 0.2206849812977548 -0.975345138414915
vn -0.1902803962314488 0.2206849864340173 -0.9566041540640623
vn -0.37324843960698645 0.22068498724703106 -0.901101403136588
vn -0.5418727281108487 0.22068498206283302 -0.8109698423626079
vn -0.6896731620532129 0.220684977030711 -0.6896731620532129
vn -0.8109698423626079 0.22068498206283302 -0.5418727281108487
vn -0.901101403136588 0.22068498724703106 -0.37324843960698645
vn -0.9566041540640623 0.2206849864340173 -0.1902803962314488
vn -0.975345138414915 0.2206849812977548 -2.3889066226371984e-16
vn -1 8.747477518465484e-17 0
vn -0.9807852789517083 8.747477770761505e-17 0.19509032931342324
vn -0.9238795305660377 8.747477768068503e-17 0.3826834370613369
vn -0.8314696016585884 8.747477583969358e-17 0.555570248949409
vn -0.7071067811865476 8.747477668172188e-17 0.7071067811865476
vn -0.555570248949409 8.747477583969358e-17 0.8314696016585884
vn -0.3826834370613369 8.747477768068503e-17 0.9238795305660377
vn -0.19509032931342324 8.747477770761505e-17 0.9807852789517083
vn -6.123234262925839e-17 8.747477518465484e-17 1
vn 0.19509032931342324 8.747477770761505e-17 0.9807852789517083
vn 0.3826834370613369 8.747477768068503e-17 0.9238795305660377
vn 0.555570248949409 8.747477583969358e-17 0.8314696016585884
vn 0.7071067811865476 8.747477668172188e-17 0.7071067811865476
vn 0.8314696016585884 8.747477583969358e-17 0.555570248949409
vn 0.9238795305660377 8.747477768068503e-17 0.3826834370613369
vn 0.9807852789517083 8.747477770761505e-17 0.19509032931342324
vn 1 8.747477518465484e-17 1.2246468525851679e-16
vn 0.9807852789517083 8.747477770761505e-17 -0.19509032931342324
vn 0.9238795305660377 8.747477768068503e-17 -0.3826834370613369
vn 0.8314696016585884 8.747477583969358e-17 -0.555570248949409
vn 0.7071067811865476 8.747477668172188e-17 -0.7071067811865476
vn 0.555570248949409 8.747477583969358e-17 -0.8314696016585884
vn 0.3826834370613369 8.747477768068503e-17 -0.9238795305660377
vn 0.19509032931342324 8.747477770761505e-17 -0.9807852789517083
vn 1.8369701465288538e-16 8.747477518465484e-17 -1
vn -0.19509032931342324 8.747477770761505e-17 -0.9807852789517083
vn -0.3826834370613369 8.747477768068503e-17 -0.9238795305660377
vn -0.555570248949409 8.747477583969358e-17 -0.8314696016585884
vn -0.7071067811865476 8.747477668172188e-17 -0.7071067811865476
vn -0.8314696016585884 8.747477583969358e-17 -0.555570248949409
vn -0.9238795305660377 8.747477768068503e-17 -0.3826834370613369
vn -0.9807852789517083 8.747477770761505e-17 -0.19509032931342324
vn -1 8.747477518465484e-17 -2.4492937051703357e-16
vn -0.975345138414915 -0.2206849812977548 0
vn -0.9566041540640623 -0.2206849864340173 0.1902803962314488
vn -0.901101403136588 -0.22068498724703106 0.37324843960698645
vn -0.8109698423626079 -0.22068498206283302 0.5418727281108487
vn -0.6896731620532129 -0.220684977030711 0.6896731620532129
vn -0.5418727281108487 -0.22068498206283302 0.8109698423626079
vn -0.37324843960698645 -0.22068498724703106 0.901101403136588
vn -0.1902803962314488 -0.2206849864340173 0.9566041540640623
vn -5.972266556592996e-17 -0.2206849812977548 0.975345138414915
vn 0.1902803962314488 -0.2206849864340173 0.9566041540640623
vn 0.37324843960698645 -0.22068498724703106 0.901101403136588
vn 0.5418727281108487 -0.22068498206283302 0.8109698423626079
vn 0.6896731620532129 -0.220684977030711 0.6896731620532129
vn 0.8109698423626079 -0.22068498206283302 0.5418727281108487
vn 0.901101403136588 -0.22068498724703106 0.37324843960698645
vn 0.9566041540640623 -0.2206849864340173 0.1902803962314488
vn 0.975345138414915 -0.2206849812977548 1.1944533113185992e-16
vn 0.9566041540640623 -0.2206849864340173 -0.1902803962314488
vn 0.901101403136588 -0.22068498724703106 -0.37324843960698645
vn 0.8109698423626079 -0.22068498206283302 -0.5418727281108487
vn 0.6896731620532129 -0.220684977030711 -0.6896731620532129
vn 0.5418727281108487 -0.22068498206283302 -0.8109698423626079
vn 0.37324843960698645 -0.22068498724703106 -0.901101403136588
vn 0.1902803962314488 -0.2206849864340173 -0.9566041540640623
vn 1.791679966977899e-16 -0.2206849812977548 -0.975345138414915
vn -0.1902803962314488 -0.2206849864340173 -0.9566041540640623
vn -0.37324843960698645 -0.22068498724703106 -0.901101403136588
vn -0.5418727281108487 -0.22068498206283302 -0.8109698423626079
vn -0.6896731620532129 -0.220684977030711 -0.6896731620532129
vn -0.8109698423626079 -0.22068498206283302 -0.5418727281108487
vn -0.901101403136588 -0.22068498724703106 -0.37324843960698645
vn -0.9566041540640623 -0.2206849864340173 -0.1902803962314488
vn -0.975345138414915 -0.2206849812977548 -2.3889066226371984e-16
vn -0.9070487079417867 -0.42102570161586994 0
vn -0.8896200167041335 -0.42102570957535157 0.17695642897591818
vn -0.8380037308629443 -0.42102571761215873 0.3471125065003459
vn -0.7541834395046673 -0.42102571804313443 0.5039292453541203
vn -0.6413802914836602 -0.42102570395721706 0.6413802914836602
vn -0.5039292453541203 -0.42102571804313443 0.7541834395046673
vn -0.3471125065003459 -0.42102571761215873 0.8380037308629443
vn -0.17695642897591818 -0.42102570957535157 0.8896200167041335
vn -5.55407119372474e-17 -0.42102570161586994 0.9070487079417867
vn 0.17695642897591818 -0.42102570957535157 0.8896200167041335
vn 0.3471125065003459 -0.42102571761215873 0.8380037308629443
vn 0.5039292453541203 -0.42102571804313443 0.7541834395046673
vn 0.6413802914836602 -0.42102570395721706 0.6413802914836602
vn 0.7541834395046673 -0.42102571804313443 0.5039292453541203
vn 0.8380037308629443 -0.42102571761215873 0.3471125065003459
vn 0.8896200167041335 -0.42102570957535157 0.17695642897591818
vn 0.9070487079417867 -0.42102570161586994 1.110814238744948e-16
vn 0.8896200167041335 -0.42102570957535157 -0.17695642897591818
vn 0.8380037308629443 -0.42102571761215873 -0.3471125065003459
vn 0.7541834395046673 -0.42102571804313443 -0.5039292453541203
vn 0.6413802914836602 -0.42102570395721706 -0.6413802914836602
vn 0.5039292453541203 -0.42102571804313443 -0.7541834395046673
vn 0.3471125065003459 -0.42102571761215873 -0.8380037308629443
vn 0.17695642897591818 -0.42102570957535157 -0.8896200167041335
vn 1.6662214212298093e-16 -0.42102570161586994 -0.9070487079417867
vn -0.17695642897591818 -0.42102570957535157 -0.8896200167041335
vn -0.3471125065003459 -0.42102571761215873 -0.8380037308629443
vn -0.5039292453541203 -0.42102571804313443 -0.7541834395046673
vn -0.6413802914836602 -0.42102570395721706 -0.6413802914836602
vn -0.7541834395046673 -0.42102571804313443 -0.5039292453541203
vn -0.8380037308629443 -0.42102571761215873 -0.3471125065003459
vn -0.8896200167041335 -0.42102570957535157 -0.17695642897591818
vn -0.9070487079417867 -0.42102570161586994 -2.221628477489896e-16
vn -0.808497287728072 -0.5884999029195768 0
vn -0.7929622452988104 -0.5884998942994935 0.15772999695731388
vn -0.7469540987575567 -0.5884999004258925 0.3093985157495114
vn -0.6722409255589865 -0.5884999083459236 0.4491770206504747
vn -0.5716939185969901 -0.588499895393734 0.5716939185969901
vn -0.4491770206504747 -0.5884999083459236 0.6722409255589865
vn -0.3093985157495114 -0.5884999004258925 0.7469540987575567
vn -0.15772999695731388 -0.5884998942994935 0.7929622452988104
vn -4.950618061312022e-17 -0.5884999029195768 0.808497287728072
vn 0.15772999695731388 -0.5884998942994935 0.7929622452988104
vn 0.3093985157495114 -0.5884999004258925 0.7469540987575567
vn 0.4491770206504747 -0.5884999083459236 0.6722409255589865
vn 0.5716939185969901 -0.588499895393734 0.5716939185969901
vn 0.6722409255589865 -0.5884999083459236 0.4491770206504747
vn 0.7469540987575567 -0.5884999004258925 0.3093985157495114
vn 0.7929622452988104 -0.5884998942994935 0.15772999695731388
vn 0.808497287728072 -0.5884999029195768 9.901236122624045e-17
vn 0.7929622452988104 -0.5884998942994935 -0.15772999695731388
vn 0.7469540987575567 -0.5884999004258925 -0.3093985157495114
vn 0.6722409255589865 -0.5884999083459236 -0.4491770206504747
vn 0.5716939185969901 -0.588499895393734 -0.5716939185969901
vn 0.4491770206504747 -0.5884999083459236 -0.6722409255589865
vn 0.3093985157495114 -0.5884999004258925 -0.7469540987575567
vn 0.15772999695731388 -0.5884998942994935 -0.7929622452988104
vn 1.4851854484168785e-16 -0.5884999029195768 -0.808497287728072
vn -0.15772999695731388 -0.5884998942994935 -0.7929622452988104
vn -0.3093985157495114 -0.5884999004258925 -0.7469540987575567
vn -0.4491770206504747 -0.5884999083459236 -0.6722409255589865
vn -0.5716939185969901 -0.588499895393734 -0.5716939185969901
vn -0.6722409255589865 -0.5884999083459236 -0.4491770206504747
vn -0.7469540987575567 -0.5884999004258925 -0.3093985157495114
vn -0.7929622452988104 -0.5884998942994935 -0.15772999695731388
vn -0.808497287728072 -0.5884999029195768 -1.980247224524809e-16
vn -0.693830135185331 -0.720138697410926 0
vn -0.6804983675706772 -0.7201387124062935 0.13535954575665915
vn -0.6410154652259207 -0.7201386942114845 0.26551729593488765
vn -0.5768986720394264 -0.7201387029608336 0.3854713617080196
vn -0.4906119984137623 -0.7201386908262247 0.4906119984137623
vn -0.3854713617080196 -0.7201387029608336 0.5768986720394264
vn -0.26551729593488765 -0.7201386942114845 0.6410154652259207
vn -0.13535954575665915 -0.7201387124062935 0.6804983675706772
vn -4.2484842533639506e-17 -0.720138697410926 0.693830135185331
vn 0.13535954575665915 -0.7201387124062935 0.6804983675706772
vn 0.26551729593488765 -0.7201386942114845 0.6410154652259207
vn 0.3854713617080196 -0.7201387029608336 0.5768986720394264
vn 0.4906119984137623 -0.7201386908262247 0.4906119984137623
vn 0.5768986720394264 -0.7201387029608336 0.3854713617080196
vn 0.6410154652259207 -0.7201386942114845 0.26551729593488765
vn 0.6804983675706772 -0.7201387124062935 0.13535954575665915
vn 0.693830135185331 -0.720138697410926 8.496968506727901e-17
vn 0.6804983675706772 -0.7201387124062935 -0.13535954575665915
vn 0.6410154652259207 -0.7201386942114845 -0.26551729593488765
vn 0.5768986720394264 -0.7201387029608336 -0.3854713617080196
vn 0.4906119984137623 -0.7201386908262247 -0.4906119984137623
vn 0.3854713617080196 -0.7201387029608336 -0.5768986720394264
vn 0.26551729593488765 -0.7201386942114845 -0.6410154652259207
vn 0.13535954575665915 -0.7201387124062935 -0.6804983675706772
vn 1.27454524763288e-16 -0.720138697410926 -0.693830135185331
vn -0.13535954575665915 -0.7201387124062935 -0.6804983675706772
vn -0.26551729593488765 -0.7201386942114845 -0.6410154652259207
vn -0.3854713617080196 -0.7201387029608336 -0.5768986720394264
vn -0.4906119984137623 -0.7201386908262247 -0.4906119984137623
vn -0.5768986720394264 -0.7201387029608336 -0.3854713617080196
vn -0.6410154652259207 -0.7201386942114845 -0.26551729593488765
vn -0.6804983675706772 -0.7201387124062935 -0.13535954575665915
vn -0.693830135185331 -0.720138697410926 -1.6993937013455802e-16
vn -0.5734623443633284 -0.8192319205190406 0
vn -0.5624434477573985 -0.8192319056814027 0.11187695378579027
vn -0.5298101443508236 -0.8192319056872844 0.21945454118550323
vn -0.47681650058216524 -0.8192319252450679 0.3185986149245435
vn -0.4054991171120431 -0.8192319159082532 0.4054991171120431
vn -0.3185986149245435 -0.8192319252450679 0.47681650058216524
vn -0.21945454118550323 -0.8192319056872844 0.5298101443508236
vn -0.11187695378579027 -0.8192319056814027 0.5624434477573985
vn -3.51144419903075e-17 -0.8192319205190406 0.5734623443633284
vn 0.11187695378579027 -0.8192319056814027 0.5624434477573985
vn 0.21945454118550323 -0.8192319056872844 0.5298101443508236
vn 0.3185986149245435 -0.8192319252450679 0.47681650058216524
vn 0.4054991171120431 -0.8192319159082532 0.4054991171120431
vn 0.47681650058216524 -0.8192319252450679 0.3185986149245435
vn 0.5298101443508236 -0.8192319056872844 0.21945454118550323
vn 0.5624434477573985 -0.8192319056814027 0.11187695378579027
vn 0.5734623443633284 -0.8192319205190406 7.0228883980615e-17
vn 0.5624434477573985 -0.8192319056814027 -0.11187695378579027
vn 0.5298101443508236 -0.8192319056872844 -0.21945454118550323
vn 0.47681650058216524 -0.8192319252450679 -0.3185986149245435
vn 0.4054991171120431 -0.8192319159082532 -0.4054991171120431
vn 0.3185986149245435 -0.8192319252450679 -0.47681650058216524
vn 0.21945454118550323 -0.8192319056872844 -0.5298101443508236
vn 0.11187695378579027 -0.8192319056814027 -0.5624434477573985
vn 1.0534332060418636e-16 -0.8192319205190406 -0.5734623443633284
vn -0.11187695378579027 -0.8192319056814027 -0.5624434477573985
vn -0.21945454118550323 -0.8192319056872844 -0.5298101443508236
vn -0.3185986149245435 -0.8192319252450679 -0.47681650058216524
vn -0.4054991171120431 -0.8192319159082532 -0.4054991171120431
vn -0.47681650058216524 -0.8192319252450679 -0.3185986149245435
vn -0.5298101443508236 -0.8192319056872844 -0.21945454118550323
vn -0.5624434477573985 -0.8192319056814027 -0.11187695378579027
vn -0.5734623443633284 -0.8192319205190406 -1.4045776796123e-16
vn -0.4533211677041194 -0.8913472493430231 0
vn -0.44461072981333705 -0.8913472485146102 0.08843857473006625
vn -0.4188141624937125 -0.8913472421433158 0.1734785036198878
vn -0.37692277724177387 -0.8913472462292271 0.25185175527663395
vn -0.32054647860548424 -0.8913472444043609 0.32054647860548424
vn -0.25185175527663395 -0.8913472462292271 0.37692277724177387
vn -0.1734785036198878 -0.8913472421433158 0.4188141624937125
vn -0.08843857473006625 -0.8913472485146102 0.44461072981333705
vn -2.775791560174549e-17 -0.8913472493430231 0.4533211677041194
vn 0.08843857473006625 -0.8913472485146102 0.44461072981333705
vn 0.1734785036198878 -0.8913472421433158 0.4188141624937125
vn 0.25185175527663395 -0.8913472462292271 0.37692277724177387
vn 0.32054647860548424 -0.8913472444043609 0.32054647860548424
vn 0.37692277724177387 -0.8913472462292271 0.25185175527663395
vn 0.4188141624937125 -0.8913472421433158 0.1734785036198878
vn 0.44461072981333705 -0.8913472485146102 0.08843857473006625
vn 0.4533211677041194 -0.8913472493430231 5.551583120349098e-17
vn 0.44461072981333705 -0.8913472485146102 -0.08843857473006625
vn 0.4188141624937125 -0.8913472421433158 -0.1734785036198878
vn 0.37692277724177387 -0.8913472462292271 -0.25185175527663395
vn 0.32054647860548424 -0.8913472444043609 -0.32054647860548424
vn 0.25185175527663395 -0.8913472462292271 -0.37692277724177387
vn 0.1734785036198878 -0.8913472421433158 -0.4188141624937125
vn 0.08843857473006625 -0.8913472485146102 -0.44461072981333705
vn 8.327374935704248e-17 -0.8913472493430231 -0.4533211677041194
vn -0.08843857473006625 -0.8913472485146102 -0.44461072981333705
vn -0.1734785036198878 -0.8913472421433158 -0.4188141624937125
vn -0.25185175527663395 -0.8913472462292271 -0.37692277724177387
vn -0.32054647860548424 -0.8913472444043609 -0.32054647860548424
vn -0.37692277724177387 -0.8913472462292271 -0.25185175527663395
vn -0.4188141624937125 -0.8913472421433158 -0.1734785036198878
vn -0.44461072981333705 -0.8913472485146102 -0.08843857473006625
vn -0.4533211677041194 -0.8913472493430231 -1.1103166240698196e-16
vn -0.3359395386034899 -0.9418835524643556 0
vn -0.3294845619616402 -0.9418835499602224 0.06553855158054128
vn -0.31036766347473954 -0.9418835514710421 0.128558503948699
vn -0.2793235303468114 -0.9418835476513013 0.18663801343347103
vn -0.23754513577762237 -0.9418835474392689 0.23754513577762237
vn -0.18663801343347103 -0.9418835476513013 0.2793235303468114
vn -0.128558503948699 -0.9418835514710421 0.31036766347473954
vn -0.06553855158054128 -0.9418835499602224 0.3294845619616402
vn -2.0570364071785555e-17 -0.9418835524643556 0.3359395386034899
vn 0.06553855158054128 -0.9418835499602224 0.3294845619616402
vn 0.128558503948699 -0.9418835514710421 0.31036766347473954
vn 0.18663801343347103 -0.9418835476513013 0.2793235303468114
vn 0.23754513577762237 -0.9418835474392689 0.23754513577762237
vn 0.2793235303468114 -0.9418835476513013 0.18663801343347103
vn 0.31036766347473954 -0.9418835514710421 0.128558503948699
vn 0.3294845619616402 -0.9418835499602224 0.06553855158054128
vn 0.3359395386034899 -0.9418835524643556 4.114072814357111e-17
vn 0.3294845619616402 -0.9418835499602224 -0.06553855158054128
vn 0.31036766347473954 -0.9418835514710421 -0.128558503948699
vn 0.2793235303468114 -0.9418835476513013 -0.18663801343347103
vn 0.23754513577762237 -0.9418835474392689 -0.23754513577762237
vn 0.18663801343347103 -0.9418835476513013 -0.2793235303468114
vn 0.128558503948699 -0.9418835514710421 -0.31036766347473954
vn 0.06553855158054128 -0.9418835499602224 -0.3294845619616402
vn 6.171109221535666e-17 -0.9418835524643556 -0.3359395386034899
vn -0.06553855158054128 -0.9418835499602224 -0.3294845619616402
vn -0.128558503948699 -0.9418835514710421 -0.31036766347473954
vn -0.18663801343347103 -0.9418835476513013 -0.2793235303468114
vn -0.23754513577762237 -0.9418835474392689 -0.23754513577762237
vn -0.2793235303468114 -0.9418835476513013 -0.18663801343347103
vn -0.31036766347473954 -0.9418835514710421 -0.128558503948699
vn -0.3294845619616402 -0.9418835499602224 -0.06553855158054128
vn -0.3359395386034899 -0.9418835524643556 -8.228145628714222e-17
vn -0.22177970860393553 -0.9750967956318763 0
vn -0.2175182597277435 -0.9750967988249054 0.0432670730051839
vn -0.20489772852893978 -0.9750967969746364 0.08487141670483514
vn -0.18440308946238856 -0.9750967957760204 0.12321420155186735
vn -0.15682192709019874 -0.9750967984602518 0.15682192709019874
vn -0.12321420155186735 -0.9750967957760204 0.18440308946238856
vn -0.08487141670483514 -0.9750967969746364 0.20489772852893978
vn -0.0432670730051839 -0.9750967988249054 0.2175182597277435
vn -1.3580090593541345e-17 -0.9750967956318763 0.22177970860393553
vn 0.0432670730051839 -0.9750967988249054 0.2175182597277435
vn 0.08487141670483514 -0.9750967969746364 0.20489772852893978
vn 0.12321420155186735 -0.9750967957760204 0.18440308946238856
vn 0.15682192709019874 -0.9750967984602518 0.15682192709019874
vn 0.18440308946238856 -0.9750967957760204 0.12321420155186735
vn 0.20489772852893978 -0.9750967969746364 0.08487141670483514
vn 0.2175182597277435 -0.9750967988249054 0.0432670730051839
vn 0.22177970860393553 -0.9750967956318763 2.716018118708269e-17
vn 0.2175182597277435 -0.9750967988249054 -0.0432670730051839
vn 0.20489772852893978 -0.9750967969746364 -0.08487141670483514
vn 0.18440308946238856 -0.9750967957760204 -0.12321420155186735
vn 0.15682192709019874 -0.9750967984602518 -0.15682192709019874
vn 0.12321420155186735 -0.9750967957760204 -0.18440308946238856
vn 0.08487141670483514 -0.9750967969746364 -0.20489772852893978
vn 0.0432670730051839 -0.9750967988249054 -0.2175182597277435
vn 4.074027059329859e-17 -0.9750967956318763 -0.22177970860393553
vn -0.0432670730051839 -0.9750967988249054 -0.2175182597277435
vn -0.08487141670483514 -0.9750967969746364 -0.20489772852893978
vn -0.12321420155186735 -0.9750967957760204 -0.18440308946238856
vn -0.15682192709019874 -0.9750967984602518 -0.15682192709019874
vn -0.18440308946238856 -0.9750967957760204 -0.12321420155186735
vn -0.20489772852893978 -0.9750967969746364 -0.08487141670483514
vn -0.2175182597277435 -0.9750967988249054 -0.0432670730051839
vn -0.22177970860393553 -0.9750967956318763 -5.432036237416538e-17
vn -0.1101939221828762 -0.9939101063546714 0
vn -0.10807657476136497 -0.9939101065705971 0.02149776836500897
vn -0.10180591188660376 -0.9939101060318352 0.04216938975990994
vn -0.09162290229297738 -0.9939101059576138 0.06122046267986079
vn -0.0779188719360624 -0.9939101059916953 0.0779188719360624
vn -0.061220462679860796 -0.993910105957614 0.0916229022929774
vn -0.04216938975990994 -0.9939101060318352 0.10180591188660376
vn -0.02149776836500897 -0.9939101065705971 0.10807657476136497
vn -6.747431808200234e-18 -0.9939101063546714 0.1101939221828762
vn 0.02149776836500897 -0.9939101065705971 0.10807657476136497
vn 0.04216938975990994 -0.9939101060318352 0.10180591188660376
vn 0.061220462679860796 -0.993910105957614 0.0916229022929774
vn 0.0779188719360624 -0.9939101059916953 0.0779188719360624
vn 0.09162290229297738 -0.9939101059576138 0.06122046267986079
vn 0.10180591188660376 -0.9939101060318352 0.04216938975990994
vn 0.10807657476136497 -0.9939101065705971 0.02149776836500897
vn 0.1101939221828762 -0.9939101063546714 1.3494863616400469e-17
vn 0.10807657476136497 -0.9939101065705971 -0.02149776836500897
vn 0.10180591188660376 -0.9939101060318352 -0.04216938975990994
vn 0.09162290229297738 -0.9939101059576138 -0.06122046267986079
vn 0.0779188719360624 -0.9939101059916953 -0.0779188719360624
vn 0.061220462679860796 -0.993910105957614 -0.0916229022929774
vn 0.04216938975990994 -0.9939101060318352 -0.10180591188660376
vn 0.02149776836500897 -0.9939101065705971 -0.10807657476136497
vn 2.0242296007274593e-17 -0.9939101063546714 -0.1101939221828762
vn -0.02149776836500897 -0.9939101065705971 -0.10807657476136497
vn -0.04216938975990994 -0.9939101060318352 -0.10180591188660376
vn -0.061220462679860796 -0.993910105957614 -0.0916229022929774
vn -0.0779188719360624 -0.9939101059916953 -0.0779188719360624
vn -0.09162290229297738 -0.9939101059576138 -0.06122046267986079
vn -0.10180591188660376 -0.9939101060318352 -0.04216938975990994
vn -0.10807657476136497 -0.9939101065705971 -0.02149776836500897
vn -0.1101939221828762 -0.9939101063546714 -2.6989727232800937e-17
vn -8.572527968096175e-17 -1 0
vn -8.407809308961673e-17 -1 1.672417204758271e-17
vn -7.919982785256526e-17 -1 3.280564328805744e-17
vn -7.127796346302575e-17 -1 4.762641070760969e-17
vn -6.061692422398588e-17 -1 6.061692422398588e-17
vn -4.762641070760969e-17 -1 7.127796346302575e-17
vn -3.280564328805744e-17 -1 7.919982785256526e-17
vn -1.672417204758271e-17 -1 8.407809308961673e-17
vn -5.249159150274179e-33 -1 8.572527968096175e-17
vn 1.672417204758271e-17 -1 8.407809308961673e-17
vn 3.280564328805744e-17 -1 7.919982785256526e-17
vn 4.762641070760969e-17 -1 7.127796346302575e-17
vn 6.061692422398588e-17 -1 6.061692422398588e-17
vn 7.127796346302575e-17 -1 4.762641070760969e-17
vn 7.919982785256526e-17 -1 3.280564328805744e-17
vn 8.407809308961673e-17 -1 1.672417204758271e-17
vn 8.572527968096175e-17 -1 1.0498318300548358e-32
vn 8.407809308961673e-17 -1 -1.672417204758271e-17
vn 7.919982785256526e-17 -1 -3.280564328805744e-17
vn 7.127796346302575e-17 -1 -4.762641070760969e-17
vn 6.061692422398588e-17 -1 -6.061692422398588e-17
vn 4.762641070760969e-17 -1 -7.127796346302575e-17
vn 3.280564328805744e-17 -1 -7.919982785256526e-17
vn 1.672417204758271e-17 -1 -8.407809308961673e-17
vn 1.5747477450822538e-32 -1 -8.572527968096175e-17
vn -1.672417204758271e-17 -1 -8.407809308961673e-17
vn -3.280564328805744e-17 -1 -7.919982785256526e-17
vn -4.762641070760969e-17 -1 -7.127796346302575e-17
vn -6.061692422398588e-17 -1 -6.061692422398588e-17
vn -7.127796346302575e-17 -1 -4.762641070760969e-17
vn -7.919982785256526e-17 -1 -3.280564328805744e-17
vn -8.407809308961673e-17 -1 -1.672417204758271e-17
vn -8.572527968096175e-17 -1 -2.0996636601096717e-32
f 449/449/449 482/482/482 483/483/483
f 450/450/450 483/483/483 484/484/484
f 451/451/451 484/484/484 485/485/485
f 452/452/452 485/485/485 486/486/486
f 453/453/453 486/486/486 487/487/487
f 454/454/454 487/487/487 488/488/488
f 455/455/455 488/488/488 489/489/489
f 456/456/456 489/489/489 490/490/490
f 457/457/457 490/490/490 491/491/491
f 458/458/458 491/491/491 492/492/492
f 459/459/459 492/492/492 493/493/493
f 460/460/460 493/493/493 494/494/494
f 461/461/461 494/494/494 495/495/495
f 462/462/462 495/495/495 496/496/496
f 463/463/463 496/496/496 497/497/497
f 464/464/464 497/497/497 498/498/498
f 465/465/465 498/498/498 499/499/499
f 466/466/466 499/499/499 500/500/500
f 467/467/467 500/500/500 501/501/501
f 468/468/468 501/501/501 502/502/502
f 469/469/469 502/502/502 503/503/503
f 470/470/470 503/503/503 504/504/504
f 471/471/471 504/504/504 505/505/505
f 472/472/472 505/505/505 506/506/506
f 473/473/473 506/506/506 507/507/507
f 474/474/474 507/507/507 508/508/508
f 475/475/475 508/508/508 509/509/509
f 476/476/476 509/509/509 510/510/510
f 477/477/477 510/510/510 511/511/511
f 478/478/478 511/511/511 512/512/512
f 479/479/479 512/512/512 513/513/513
f 480/480/480 513/513/513 514/514/514
f 483/483/483 482/482/482 516/516/516
f 482/482/482 515/515/515 516/516/516
f 484/484/484 483/483/483 517/517/517
f 483/483/483 516/516/516 517/517/517
f 485/485/485 484/484/484 518/518/518
f 484/484/484 517/517/517 518/518/518
f 486/486/486 485/485/485 519/519/519
f 485/485/485 518/518/518 519/519/519
f 487/487/487 486/486/486 520/520/520
f 486/486/486 519/519/519 520/520/520
f 488/488/488 487/487/487 521/521/521
f 487/487/487 520/520/520 521/521/521
f 489/489/489 488/488/488 522/522/522
f 488/488/488 521/521/521 522/522/522
f 490/490/490 489/489/489 523/523/523
f 489/489/489 522/522/522 523/523/523
f 491/491/491 490/490/490 524/524/524
f 490/490/490 523/523/523 524/524/524
f 492/492/492 491/491/491 525/525/525
f 491/491/491 524/524/524 525/525/525
f 493/493/493 492/492/492 526/526/526
f 492/492/492 525/525/525 526/526/526
f 494/494/494 493/493/493 527/527/527
f 493/493/493 526/526/526 527/527/527
f 495/495/495 494/494/494 528/528/528
f 494/494/494 527/527/527 528/528/528
f 496/496/496 495/495/495 529/529/529
f 495/495/495 528/528/528 529/529/529
f 497/497/497 496/496/496 530/530/530
f 496/496/496 529/529/529 530/530/530
f 498/498/498 497/497/497 531/531/531
f 497/497/497 530/530/530 531/531/531
f 499/499/499 498/498/498 532/532/532
f 498/498/498 531/531/531 532/532/532
f 500/500/500 499/499/499 533/533/533
f 499/499/499 532/532/532 533/533/533
f 501/501/501 500/500/500 534/534/534
f 500/500/500 533/533/533 534/534/534
f 502/502/502 501/501/501 535/535/535
f 501/501/501 534/534/534 535/535/535
f 503/503/503 502/502/502 536/536/536
f 502/502/502 535/535/535 536/536/536
f 504/504/504 503/503/503 537/537/537
f 503/503/503 536/536/536 537/537/537
f 505/505/505 504/504/504 538/538/538
f 504/504/504 537/537/537 538/538/538
f 506/506/506 505/505/505 539/539/539
f 505/505/505 538/538/538 539/539/539
f 507/507/507 506/506/506 540/540/540
f 506/506/506 539/539/539 540/540/540
f 508/508/508 507/507/507 541/541/541
f 507/507/507 540/540/540 541/541/541
f 509/509/509 508/508/508 542/542/542
f 508/508/508 541/541/541 542/542/542
f 510/510/510 509/509/509 543/543/543
f 509/509/509 542/542/542 543/543/543
f 511/511/511 510/510/510 544/544/544
f 510/510/510 543/543/543 544/544/544
f 512/512/512 511/511/511 545/545/545
f 511/511/511 544/544/544 545/545/545
f 513/513/513 512/512/512 546/546/546
f 512/512/512 545/545/545 546/546/546
f 514/514/514 513/513/513 547/547/547
f 513/513/513 546/546/546 547/547/547
f 516/516/516 515/515/515 549/549/549
f 515/515/515 548/548/548 549/549/549
f 517/517/517 516/516/516 550/550/550
f 516/516/516 549/549/549 550/550/550
f 518/518/518 517/517/517 551/551/551
f 517/517/517 550/550/550 551/551/551
f 519/519/519 518/518/518 552/552/552
f 518/518/518 551/551/551 552/552/552
f 520/520/520 519/519/519 553/553/553
f 519/519/519 552/552/552 553/553/553
f 521/521/521 520/520/520 554/554/554
f 520/520/520 553/553/553 554/554/554
f 522/522/522 521/521/521 555/555/555
f 521/521/521 554/554/554 555/555/555
f 523/523/523 522/522/522 556/556/556
f 522/522/522 555/555/555 556/556/556
f 524/524/524 523/523/523 557/557/557
f 523/523/523 556/556/556 557/557/557
f 525/525/525 524/524/524 558/558/558
f 524/524/524 557/557/557 558/558/558
f 526/526/526 525/525/525 559/559/559
f 525/525/525 558/558/558 559/559/559
f 527/527/527 526/526/526 560/560/560
f 526/526/526 559/559/559 560/560/560
f 528/528/528 527/527/527 561/561/561
f 527/527/527 560/560/560 561/561/561
f 529/529/529 528/528/528 562/562/562
f 528/528/528 561/561/561 562/562/562
f 530/530/530 529/529/529 563/563/563
f 529/529/529 562/562/562 563/563/563
f 531/531/531 530/530/530 564/564/564
f 530/530/530 563/563/563 564/564/564
f 532/532/532 531/531/531 565/565/565
f 531/531/531 564/564/564 565/565/565
f 533/533/533 532/532/532 566/566/566
f 532/532/532 565/565/565 566/566/566
f 534/534/534 533/533/533 567/567/567
f 533/533/533 566/566/566 567/567/567
f 535/535/535 534/534/534 568/568/568
f 534/534/534 567/567/567 568/568/568
f 536/536/536 535/535/535 569/569/569
f 535/535/535 568/568/568 569/569/569
f 537/537/537 536/536/536 570/570/570
f 536/536/536 569/569/569 570/570/570
f 538/538/538 537/537/537 571/571/571
f 537/537/537 570/570/570 571/571/571
f 539/539/539 538/538/538 572/572/572
f 538/538/538 571/571/571 572/572/572
f 540/540/540 539/539/539 573/573/573
f 539/539/539 572/572/572 573/573/573
f 541/541/541 540/540/540 574/574/574
f 540/540/540 573/573/573 574/574/574
f 542/542/542 541/541/541 575/575/575
f 541/541/541 574/574/574 575/575/575
f 543/543/543 542/542/542 576/576/576
f 542/542/542 575/575/575 576/576/576
f 544/544/544 543/543/543 577/577/577
f 543/543/543 576/576/576 577/577/577
f 545/545/545 544/544/544 578/578/578
f 544/544/544 577/577/577 578/578/578
f 546/546/546 545/545/545 579/579/579
f 545/545/545 578/578/578 579/579/579
f 547/547/547 546/546/546 580/580/580
f 546/546/546 579/579/579 580/580/580
f 549/549/549 548/548/548 582/582/582
f 548/548/548 581/581/581 582/582/582
f 550/550/550 549/549/549 583/583/583
f 549/549/549 582/582/582 583/583/583
f 551/551/551 550/550/550 584/584/584
f 550/550/550 583/583/583 584/584/584
f 552/552/552 551/551/551 585/585/585
f 551/551/551 584/584/584 585/585/585
f 553/553/553 552/552/552 586/586/586
f 552/552/552 585/585/585 586/586/586
f 554/554/554 553/553/553 587/587/587
f 553/553/553 586/586/586 587/587/587
f 555/555/555 554/554/554 588/588/588
f 554/554/554 587/587/587 588/588/588
f 556/556/556 555/555/555 589/589/589
f 555/555/555 588/588/588 589/589/589
f 557/557/557 556/556/556 590/590/590
f 556/556/556 589/589/589 590/590/590
f 558/558/558 557/557/557 591/591/591
f 557/557/557 590/590/590 591/591/591
f 559/559/559 558/558/558 592/592/592
f 558/558/558 591/591/591 592/592/592
f 560/560/560 559/559/559 593/593/593
f 559/559/559 592/592/592 593/593/593
f 561/561/561 560/560/560 594/594/594
f 560/560/560 593/593/593 594/594/594
f 562/562/562 561/561/561 595/595/595
f 561/561/561 594/594/594 595/595/595
f 563/563/563 562/562/562 596/596/596
f 562/562/562 595/595/595 596/596/596
f 564/564/564 563/563/563 597/597/597
f 563/563/563 596/596/596 597/597/597
f 565/565/565 564/564/564 598/598/598
f 564/564/564 597/597/597 598/598/598
f 566/566/566 565/565/565 599/599/599
f 565/565/565 598/598/598 599/599/599
f 567/567/567 566/566/566 600/600/600
f 566/566/566 599/599/599 600/600/600
f 568/568/568 567/567/567 601/601/601
f 567/567/567 600/600/600 601/601/601
f 569/569/569 568/568/568 602/602/602
f 568/568/568 601/601/601 602/602/602
f 570/570/570 569/569/569 603/603/603
f 569/569/569 602/602/602 603/603/603
f 571/571/571 570/570/570 604/604/604
f 570/570/570 603/603/603 604/604/604
f 572/572/572 571/571/571 605/605/605
f 571/571/571 604/604/604 605/605/605
f 573/573/573 572/572/572 606/606/606
f 572/572/572 605/605/605 606/606/606
f 574/574/574 573/573/573 607/607/607
f 573/573/573 606/606/606 607/607/607
f 575/575/575 574/574/574 608/608/608
f 574/574/574 607/607/607 608/608/608
f 576/576/576 575/575/575 609/609/609
f 575/575/575 608/608/608 609/609/609
f 577/577/577 576/576/576 610/610/610
f 576/576/576 609/609/609 610/610/610
f 578/578/578 577/577/577 611/611/611
f 577/577/577 610/610/610 611/611/611
f 579/579/579 578/578/578 612/612/612
f 578/578/578 611/611/611 612/612/612
f 580/580/580 579/579/579 613/613/613
f 579/579/579 612/612/612 613/613/613
f 582/582/582 581/581/581 615/615/615
f 581/581/581 614/614/614 615/615/615
f 583/583/583 582/582/582 616/616/616
f 582/582/582 615/615/615 616/616/616
f 584/584/584 583/583/583 617/617/617
f 583/583/583 616/616/616 617/617/617
f 585/585/585 584/584/584 618/618/618
f 584/584/584 617/617/617 618/618/618
f 586/586/586 585/585/585 619/619/619
f 585/585/585 618/618/618 619/619/619
f 587/587/587 586/586/586 620/620/620
f 586/586/586 619/619/619 620/620/620
f 588/588/588 587/587/587 621/621/621
f 587/587/587 620/620/620 621/621/621
f 589/589/589 588/588/588 622/622/622
f 588/588/588 621/621/621 622/622/622
f 590/590/590 589/589/589 623/623/623
f 589/589/589 622/622/622 623/623/623
f 591/591/591 590/590/590 624/624/624
f 590/590/590 623/623/623 624/624/624
f 592/592/592 591/591/591 625/625/625
f 591/591/591 624/624/624 625/625/625
f 593/593/593 592/592/592 626/626/626
f 592/592/592 625/625/625 626/626/626
f 594/594/594 593/593/593 627/627/627
f 593/593/593 626/626/626 627/627/627
f 595/595/595 594/594/594 628/628/628
f 594/594/594 627/627/627 628/628/628
f 596/596/596 595/595/595 629/629/629
f 595/595/595 628/628/628 629/629/629
f 597/597/597 596/596/596 630/630/630
f 596/596/596 629/629/629 630/630/630
f 598/598/598 597/597/597 631/631/631
f 597/597/597 630/630/630 631/631/631
f 599/599/599 598/598/598 632/632/632
f 598/598/598 631/631/631 632/632/632
f 600/600/600 599/599/599 633/633/633
f 599/599/599 632/632/632 633/633/633
f 601/601/601 600/600/600 634/634/634
f 600/600/600 633/633/633 634/634/634
f 602/602/602 601/601/601 635/635/635
f 601/601/601 634/634/634 635/635/635
f 603/603/603 602/602/602 636/636/636
f 602/602/602 635/635/635 636/636/636
f 604/604/604 603/603/603 637/637/637
f 603/603/603 636/636/636 637/637/637
f 605/605/605 604/604/604 638/638/638
f 604/604/604 637/637/637 638/638/638
f 606/606/606 605/605/605 639/639/639
f 605/605/605 638/638/638 639/639/639
f 607/607/607 606/606/606 640/640/640
f 606/606/606 639/639/639 640/640/640
f 608/608/608 607/607/607 641/641/641
f 607/607/607 640/640/640 641/641/641
f 609/609/609 608/608/608 642/642/642
f 608/608/608 641/641/641 642/642/642
f 610/610/610 609/609/609 643/643/643
f 609/609/609 642/642/642 643/643/643
f 611/611/611 610/610/610 644/644/644
f 610/610/610 643/643/643 644/644/644
f 612/612/612 611/611/611 645/645/645
f 611/611/611 644/644/644 645/645/645
f 613/613/613 612/612/612 646/646/646
f 612/612/612 645/645/645 646/646/646
f 615/615/615 614/614/614 648/648/648
f 614/614/614 647/647/647 648/648/648
f 616/616/616 615/615/615 649/649/649
f 615/615/615 648/648/648 649/649/649
f 617/617/617 616/616/616 650/650/650
f 616/616/616 649/649/649 650/650/650
f 618/618/618 617/617/617 651/651/651
f 617/617/617 650/650/650 651/651/651
f 619/619/619 618/618/618 652/652/652
f 618/618/618 651/651/651 652/652/652
f 620/620/620 619/619/619 653/653/653
f 619/619/619 652/652/652 653/653/653
f 621/621/621 620/620/620 654/654/654
f 620/620/620 653/653/653 654/654/654
f 622/622/622 621/621/621 655/655/655
f 621/621/621 654/654/654 655/655/655
f 623/623/623 622/622/622 656/656/656
f 622/622/622 655/655/655 656/656/656
f 624/624/624 623/623/623 657/657/657
f 623/623/623 656/656/656 657/657/657
f 625/625/625 624/624/624 658/658/658
f 624/624/624 657/657/657 658/658/658
f 626/626/626 625/625/625 659/659/659
f 625/625/625 658/658/658 659/659/659
f 627/627/627 626/626/626 660/660/660
f 626/626/626 659/659/659 660/660/660
f 628/628/628 627/627/627 661/661/661
f 627/627/627 660/660/660 661/661/661
f 629/629/629 628/628/628 662/662/662
f 628/628/628 661/661/661 662/662/662
f 630/630/630 629/629/629 663/663/663
f 629/629/629 662/662/662 663/663/663
f 631/631/631 630/630/630 664/664/664
f 630/630/630 663/663/663 664/664/664
f 632/632/632 631/631/631 665/665/665
f 631/631/631 664/664/664 665/665/665
f 633/633/633 632/632/632 666/666/666
f 632/632/632 665/665/665 666/666/666
f 634/634/634 633/633/633 667/667/667
f 633/633/633 666/666/666 667/667/667
f 635/635/635 634/634/634 668/668/668
f 634/634/634 667/667/667 668/668/668
f 636/636/636 635/635/635 669/669/669
f 635/635/635 668/668/668 669/669/669
f 637/637/637 636/636/636 670/670/670
f 636/636/636 669/669/669 670/670/670
f 638/638/638 637/637/637 671/671/671
f 637/637/637 670/670/670 671/671/671
f 639/639/639 638/638/638 672/672/672
f 638/638/638 671/671/671 672/672/672
f 640/640/640 639/639/639 673/673/673
f 639/639/639 672/672/672 673/673/673
f 641/641/641 640/640/640 674/674/674
f 640/640/640 673/673/673 674/674/674
f 642/642/642 641/641/641 675/675/675
f 641/641/641 674/674/674 675/675/675
f 643/643/643 642/642/642 676/676/676
f 642/642/642 675/675/675 676/676/676
f 644/644/644 643/643/643 677/677/677
f 643/643/643 676/676/676 677/677/677
f 645/645/645 644/644/644 678/678/678
f 644/644/644 677/677/677 678/678/678
f 646/646/646 645/645/645 679/679/679
f 645/645/645 678/678/678 679/679/679
f 648/648/648 647/647/647 681/681/681
f 647/647/647 680/680/680 681/681/681
f 649/649/649 648/648/648 682/682/682
f 648/648/648 681/681/681 682/682/682
f 650/650/650 649/649/649 683/683/683
f 649/649/649 682/682/682 683/683/683
f 651/651/651 650/650/650 684/684/684
f 650/650/650 683/683/683 684/684/684
f 652/652/652 651/651/651 685/685/685
f 651/651/651 684/684/684 685/685/685
f 653/653/653 652/652/652 686/686/686
f 652/652/652 685/685/685 686/686/686
f 654/654/654 653/653/653 687/687/687
f 653/653/653 686/686/686 687/687/687
f 655/655/655 654/654/654 688/688/688
f 654/654/654 687/687/687 688/688/688
f 656/656/656 655/655/655 689/689/689
f 655/655/655 688/688/688 689/689/689
f 657/657/657 656/656/656 690/690/690
f 656/656/656 689/689/689 690/690/690
f 658/658/658 657/657/657 691/691/691
f 657/657/657 690/690/690 691/691/691
f 659/659/659 658/658/658 692/692/692
f 658/658/658 691/691/691 692/692/692
f 660/660/660 659/659/659 693/693/693
f 659/659/659 692/692/692 693/693/693
f 661/661/661 660/660/660 694/694/694
f 660/660/660 693/693/693 694/694/694
f 662/662/662 661/661/661 695/695/695
f 661/661/661 694/694/694 695/695/695
f 663/663/663 662/662/662 696/696/696
f 662/662/662 695/695/695 696/696/696
f 664/664/664 663/663/663 697/697/697
f 663/663/663 696/696/696 697/697/697
f 665/665/665 664/664/664 698/698/698
f 664/664/664 697/697/697 698/698/698
f 666/666/666 665/665/665 699/699/699
f 665/665/665 698/698/698 699/699/699
f 667/667/667 666/666/666 700/700/700
f 666/666/666 699/699/699 700/700/700
f 668/668/668 667/667/667 701/701/701
f 667/667/667 700/700/700 701/701/701
f 669/669/669 668/668/668 702/702/702
f 668/668/668 701/701/701 702/702/702
f 670/670/670 669/669/669 703/703/703
f 669/669/669 702/702/702 703/703/703
f 671/671/671 670/670/670 704/704/704
f 670/670/670 703/703/703 704/704/704
f 672/672/672 671/671/671 705/705/705
f 671/671/671 704/704/704 705/705/705
f 673/673/673 672/672/672 706/706/706
f 672/672/672 705/705/705 706/706/706
f 674/674/674 673/673/673 707/707/707
f 673/673/673 706/706/706 707/707/707
f 675/675/675 674/674/674 708/708/708
f 674/674/674 707/707/707 708/708/708
f 676/676/676 675/675/675 709/709/709
f 675/675/675 708/708/708 709/709/709
f 677/677/677 676/676/676 710/710/710
f 676/676/676 709/709/709 710/710/710
f 678/678/678 677/677/677 711/711/711
f 677/677/677 710/710/710 711/711/711
f 679/679/679 678/678/678 712/712/712
f 678/678/678 711/711/711 712/712/712
f 681/681/681 680/680/680 714/714/714
f 680/680/680 713/713/713 714/714/714
f 682/682/682 681/681/681 715/715/715
f 681/681/681 714/714/714 715/715/715
f 683/683/683 682/682/682 716/716/716
f 682/682/682 715/715/715 716/716/716
f 684/684/684 683/683/683 717/717/717
f 683/683/683 716/716/716 717/717/717
f 685/685/685 684/684/684 718/718/718
f 684/684/684 717/717/717 718/718/718
f 686/686/686 685/685/685 719/719/719
f 685/685/685 718/718/718 719/719/719
f 687/687/687 686/686/686 720/720/720
f 686/686/686 719/719/719 720/720/720
f 688/688/688 687/687/687 721/721/721
f 687/687/687 720/720/720 721/721/721
f 689/689/689 688/688/688 722/722/722
f 688/688/688 721/721/721 722/722/722
f 690/690/690 689/689/689 723/723/723
f 689/689/689 722/722/722 723/723/723
f 691/691/691 690/690/690 724/724/724
f 690/690/690 723/723/723 724/724/724
f 692/692/692 691/691/691 725/725/725
f 691/691/691 724/724/724 725/725/725
f 693/693/693 692/692/692 726/726/726
f 692/692/692 725/725/725 726/726/726
f 694/694/694 693/693/693 727/727/727
f 693/693/693 726/726/726 727/727/727
f 695/695/695 694/694/694 728/728/728
f 694/694/694 727/727/727 728/728/728
f 696/696/696 695/695/695 729/729/729
f 695/695/695 728/728/728 729/729/729
f 697/697/697 696/696/696 730/730/730
f 696/696/696 729/729/729 730/730/730
f 698/698/698 697/697/697 731/731/731
f 697/697/697 730/730/730 731/731/731
f 699/699/699 698/698/698 732/732/732
f 698/698/698 731/731/731 732/732/732
f 700/700/700 699/699/699 733/733/733
f 699/699/699 732/732/732 733/733/733
f 701/701/701 700/700/700 734/734/734
f 700/700/700 733/733/733 734/734/734
f 702/702/702 701/701/701 735/735/735
f 701/701/701 734/734/734 735/735/735
f 703/703/703 702/702/702 736/736/736
f 702/702/702 735/735/735 736/736/736
f 704/704/704 703/703/703 737/737/737
f 703/703/703 736/736/736 737/737/737
f 705/705/705 704/704/704 738/738/738
f 704/704/704 737/737/737 738/738/738
f 706/706/706 705/705/705 739/739/739
f 705/705/705 738/738/738 739/739/739
f 707/707/707 706/706/706 740/740/740
f 706/706/706 739/739/739 740/740/740
f 708/708/708 707/707/707 741/741/741
f 707/707/707 740/740/740 741/741/741
f 709/709/709 708/708/708 742/742/742
f 708/708/708 741/741/741 742/742/742
f 710/710/710 709/709/709 743/743/743
f 709/709/709 742/742/742 743/743/743
f 711/711/711 710/710/710 744/744/744
f 710/710/710 743/743/743 744/744/744
f 712/712/712 711/711/711 745/745/745
f 711/711/711 744/744/744 745/745/745
f 714/714/714 713/713/713 747/747/747
f 713/713/713 746/746/746 747/747/747
f 715/715/715 714/714/714 748/748/748
f 714/714/714 747/747/747 748/748/748
f 716/716/716 715/715/715 749/749/749
f 715/715/715 748/748/748 749/749/749
f 717/717/717 716/716/716 750/750/750
f 716/716/716 749/749/749 750/750/750
f 718/718/718 717/717/717 751/751/751
f 717/717/717 750/750/750 751/751/751
f 719/719/719 718/718/718 752/752/752
f 718/718/718 751/751/751 752/752/752
f 720/720/720 719/719/719 753/753/753
f 719/719/719 752/752/752 753/753/753
f 721/721/721 720/720/720 754/754/754
f 720/720/720 753/753/753 754/754/754
f 722/722/722 721/721/721 755/755/755
f 721/721/721 754/754/754 755/755/755
f 723/723/723 722/722/722 756/756/756
f 722/722/722 755/755/755 756/756/756
f 724/724/724 723/723/723 757/757/757
f 723/723/723 756/756/756 757/757/757
f 725/725/725 724/724/724 758/758/758
f 724/724/724 757/757/757 758/758/758
f 726/726/726 725/725/725 759/759/759
f 725/725/725 758/758/758 759/759/759
f 727/727/727 726/726/726 760/760/760
f 726/726/726 759/759/759 760/760/760
f 728/728/728 727/727/727 761/761/761
f 727/727/727 760/760/760 761/761/761
f 729/729/729 728/728/728 762/762/762
f 728/728/728 761/761/761 762/762/762
f 730/730/730 729/729/729 763/763/763
f 729/729/729 762/762/762 763/763/763
f 731/731/731 730/730/730 764/764/764
f 730/730/730 763/763/763 764/764/764
f 732/732/732 731/731/731 765/765/765
f 731/731/731 764/764/764 765/765/765
f 733/733/733 732/732/732 766/766/766
f 732/732/732 765/765/765 766/766/766
f 734/734/734 733/733/733 767/767/767
f 733/733/733 766/766/766 767/767/767
f 735/735/735 734/734/734 768/768/768
f 734/734/734 767/767/767 768/768/768
f 736/736/736 735/735/735 769/769/769
f 735/735/735 768/768/768 769/769/769
f 737/737/737 736/736/736 770/770/770
f 736/736/736 769/769/769 770/770/770
f 738/738/738 737/737/737 771/771/771
f 737/737/737 770/770/770 771/771/771
f 739/739/739 738/738/738 772/772/772
f 738/738/738 771/771/771 772/772/772
f 740/740/740 739/739/739 773/773/773
f 739/739/739 772/772/772 773/773/773
f 741/741/741 740/740/740 774/774/774
f 740/740/740 773/773/773 774/774/774
f 742/742/742 741/741/741 775/775/775
f 741/741/741 774/774/774 775/775/775
f 743/743/743 742/742/742 776/776/776
f 742/742/742 775/775/775 776/776/776
f 744/744/744 743/743/743 777/777/777
f 743/743/743 776/776/776 777/777/777
f 745/745/745 744/744/744 778/778/778
f 744/744/744 777/777/777 778/778/778
f 747/747/747 746/746/746 780/780/780
f 746/746/746 779/779/779 780/780/780
f 748/748/748 747/747/747 781/781/781
f 747/747/747 780/780/780 781/781/781
f 749/749/749 748/748/748 782/782/782
f 748/748/748 781/781/781 782/782/782
f 750/750/750 749/749/749 783/783/783
f 749/749/749 782/782/782 783/783/783
f 751/751/751 750/750/750 784/784/784
f 750/750/750 783/783/783 784/784/784
f 752/752/752 751/751/751 785/785/785
f 751/751/751 784/784/784 785/785/785
f 753/753/753 752/752/752 786/786/786
f 752/752/752 785/785/785 786/786/786
f 754/754/754 753/753/753 787/787/787
f 753/753/753 786/786/786 787/787/787
f 755/755/755 754/754/754 788/788/788
f 754/754/754 787/787/787 788/788/788
f 756/756/756 755/755/755 789/789/789
f 755/755/755 788/788/788 789/789/789
f 757/757/757 756/756/756 790/790/790
f 756/756/756 789/789/789 790/790/790
f 758/758/758 757/757/757 791/791/791
f 757/757/757 790/790/790 791/791/791
f 759/759/759 758/758/758 792/792/792
f 758/758/758 791/791/791 792/792/792
f 760/760/760 759/759/759 793/793/793
f 759/759/759 792/792/792 793/793/793
f 761/761/761 760/760/760 794/794/794
f 760/760/760 793/793/793 794/794/794
f 762/762/762 761/761/761 795/795/795
f 761/761/761 794/794/794 795/795/795
f 763/763/763 762/762/762 796/796/796
f 762/762/762 795/795/795 796/796/796
f 764/764/764 763/763/763 797/797/797
f 763/763/763 796/796/796 797/797/797
f 765/765/765 764/764/764 798/798/798
f 764/764/764 797/797/797 798/798/798
f 766/766/766 765/765/765 799/799/799
f 765/765/765 798/798/798 799/799/799
f 767/767/767 766/766/766 800/800/800
f 766/766/766 799/799/799 800/800/800
f 768/768/768 767/767/767 801/801/801
f 767/767/767 800/800/800 801/801/801
f 769/769/769 768/768/768 802/802/802
f 768/768/768 801/801/801 802/802/802
f 770/770/770 769/769/769 803/803/803
f 769/769/769 802/802/802 803/803/803
f 771/771/771 770/770/770 804/804/804
f 770/770/770 803/803/803 804/804/804
f 772/772/772 771/771/771 805/805/805
f 771/771/771 804/804/804 805/805/805
f 773/773/773 772/772/772 806/806/806
f 772/772/772 805/805/805 806/806/806
f 774/774/774 773/773/773 807/807/807
f 773/773/773 806/806/806 807/807/807
f 775/775/775 774/774/774 808/808/808
f 774/774/774 807/807/807 808/808/808
f 776/776/776 775/775/775 809/809/809
f 775/775/775 808/808/808 809/809/809
f 777/777/777 776/776/776 810/810/810
f 776/776/776 809/809/809 810/810/810
f 778/778/778 777/777/777 811/811/811
f 777/777/777 810/810/810 811/811/811
f 780/780/780 779/779/779 813/813/813
f 779/779/779 812/812/812 813/813/813
f 781/781/781 780/780/780 814/814/814
f 780/780/780 813/813/813 814/814/814
f 782/782/782 781/781/781 815/815/815
f 781/781/781 814/814/814 815/815/815
f 783/783/783 782/782/782 816/816/816
f 782/782/782 815/815/815 816/816/816
f 784/784/784 783/783/783 817/817/817
f 783/783/783 816/816/816 817/817/817
f 785/785/785 784/784/784 818/818/818
f 784/784/784 817/817/817 818/818/818
f 786/786/786 785/785/785 819/819/819
f 785/785/785 818/818/818 819/819/819
f 787/787/787 786/786/786 820/820/820
f 786/786/786 819/819/819 820/820/820
f 788/788/788 787/787/787 821/821/821
f 787/787/787 820/820/820 821/821/821
f 789/789/789 788/788/788 822/822/822
f 788/788/788 821/821/821 822/822/822
f 790/790/790 789/789/789 823/823/823
f 789/789/789 822/822/822 823/823/823
f 791/791/791 790/790/790 824/824/824
f 790/790/790 823/823/823 824/824/824
f 792/792/792 791/791/791 825/825/825
f 791/791/791 824/824/824 825/825/825
f 793/793/793 792/792/792 826/826/826
f 792/792/792 825/825/825 826/826/826
f 794/794/794 793/793/793 827/827/827
f 793/793/793 826/826/826 827/827/827
f 795/795/795 794/794/794 828/828/828
f 794/794/794 827/827/827 828/828/828
f 796/796/796 795/795/795 829/829/829
f 795/795/795 828/828/828 829/829/829
f 797/797/797 796/796/796 830/830/830
f 796/796/796 829/829/829 830/830/830
f 798/798/798 797/797/797 831/831/831
f 797/797/797 830/830/830 831/831/831
f 799/799/799 798/798/798 832/832/832
f 798/798/798 831/831/831 832/832/832
f 800/800/800 799/799/799 833/833/833
f 799/799/799 832/832/832 833/833/833
f 801/801/801 800/800/800 834/834/834
f 800/800/800 833/833/833 834/834/834
f 802/802/802 801/801/801 835/835/835
f 801/801/801 834/834/834 835/835/835
f 803/803/803 802/802/802 836/836/836
f 802/802/802 835/835/835 836/836/836
f 804/804/804 803/803/803 837/837/837
f 803/803/803 836/836/836 837/837/837
f 805/805/805 804/804/804 838/838/838
f 804/804/804 837/837/837 838/838/838
f 806/806/806 805/805/805 839/839/839
f 805/805/805 838/838/838 839/839/839
f 807/807/807 806/806/806 840/840/840
f 806/806/806 839/839/839 840/840/840
f 808/808/808 807/807/807 841/841/841
f 807/807/807 840/840/840 841/841/841
f 809/809/809 808/808/808 842/842/842
f 808/808/808 841/841/841 842/842/842
f 810/810/810 809/809/809 843/843/843
f 809/809/809 842/842/842 843/843/843
f 811/811/811 810/810/810 844/844/844
f 810/810/810 843/843/843 844/844/844
f 813/813/813 812/812/812 846/846/846
f 812/812/812 845/845/845 846/846/846
f 814/814/814 813/813/813 847/847/847
f 813/813/813 846/846/846 847/847/847
f 815/815/815 814/814/814 848/848/848
f 814/814/814 847/847/847 848/848/848
f 816/816/816 815/815/815 849/849/849
f 815/815/815 848/848/848 849/849/849
f 817/817/817 816/816/816 850/850/850
f 816/816/816 849/849/849 850/850/850
f 818/818/818 817/817/817 851/851/851
f 817/817/817 850/850/850 851/851/851
f 819/819/819 818/818/818 852/852/852
f 818/818/818 851/851/851 852/852/852
f 820/820/820 819/819/819 853/853/853
f 819/819/819 852/852/852 853/853/853
f 821/821/821 820/820/820 854/854/854
f 820/820/820 853/853/853 854/854/854
f 822/822/822 821/821/821 855/855/855
f 821/821/821 854/854/854 855/855/855
f 823/823/823 822/822/822 856/856/856
f 822/822/822 855/855/855 856/856/856
f 824/824/824 823/823/823 857/857/857
f 823/823/823 856/856/856 857/857/857
f 825/825/825 824/824/824 858/858/858
f 824/824/824 857/857/857 858/858/858
f 826/826/826 825/825/825 859/859/859
f 825/825/825 858/858/858 859/859/859
f 827/827/827 826/826/826 860/860/860
f 826/826/826 859/859/859 860/860/860
f 828/828/828 827/827/827 861/861/861
f 827/827/827 860/860/860 861/861/861
f 829/829/829 828/828/828 862/862/862
f 828/828/828 861/861/861 862/862/862
f 830/830/830 829/829/829 863/863/863
f 829/829/829 862/862/862 863/863/863
f 831/831/831 830/830/830 864/864/864
f 830/830/830 863/863/863 864/864/864
f 832/832/832 831/831/831 865/865/865
f 831/831/831 864/864/864 865/865/865
f 833/833/833 832/832/832 866/866/866
f 832/832/832 865/865/865 866/866/866
f 834/834/834 833/833/833 867/867/867
f 833/833/833 866/866/866 867/867/867
f 835/835/835 834/834/834 868/868/868
f 834/834/834 867/867/867 868/868/868
f 836/836/836 835/835/835 869/869/869
f 835/835/835 868/868/868 869/869/869
f 837/837/837 836/836/836 870/870/870
f 836/836/836 869/869/869 870/870/870
f 838/838/838 837/837/837 871/871/871
f 837/837/837 870/870/870 871/871/871
f 839/839/839 838/838/838 872/872/872
f 838/838/838 871/871/871 872/872/872
f 840/840/840 839/839/839 873/873/873
f 839/839/839 872/872/872 873/873/873
f 841/841/841 840/840/840 874/874/874
f 840/840/840 873/873/873 874/874/874
f 842/842/842 841/841/841 875/875/875
f 841/841/841 874/874/874 875/875/875
f 843/843/843 842/842/842 876/876/876
f 842/842/842 875/875/875 876/876/876
f 844/844/844 843/843/843 877/877/877
f 843/843/843 876/876/876 877/877/877
f 846/846/846 845/845/845 879/879/879
f 845/845/845 878/878/878 879/879/879
f 847/847/847 846/846/846 880/880/880
f 846/846/846 879/879/879 880/880/880
f 848/848/848 847/847/847 881/881/881
f 847/847/847 880/880/880 881/881/881
f 849/849/849 848/848/848 882/882/882
f 848/848/848 881/881/881 882/882/882
f 850/850/850 849/849/849 883/883/883
f 849/849/849 882/882/882 883/883/883
f 851/851/851 850/850/850 884/884/884
f 850/850/850 883/883/883 884/884/884
f 852/852/852 851/851/851 885/885/885
f 851/851/851 884/884/884 885/885/885
f 853/853/853 852/852/852 886/886/886
f 852/852/852 885/885/885 886/886/886
f 854/854/854 853/853/853 887/887/887
f 853/853/853 886/886/886 887/887/887
f 855/855/855 854/854/854 888/888/888
f 854/854/854 887/887/887 888/888/888
f 856/856/856 855/855/855 889/889/889
f 855/855/855 888/888/888 889/889/889
f 857/857/857 856/856/856 890/890/890
f 856/856/856 889/889/889 890/890/890
f 858/858/858 857/857/857 891/891/891
f 857/857/857 890/890/890 891/891/891
f 859/859/859 858/858/858 892/892/892
f 858/858/858 891/891/891 892/892/892
f 860/860/860 859/859/859 893/893/893
f 859/859/859 892/892/892 893/893/893
f 861/861/861 860/860/860 894/894/894
f 860/860/860 893/893/893 894/894/894
f 862/862/862 861/861/861 895/895/895
f 861/861/861 894/894/894 895/895/895
f 863/863/863 862/862/862 896/896/896
f 862/862/862 895/895/895 896/896/896
f 864/864/864 863/863/863 897/897/897
f 863/863/863 896/896/896 897/897/897
f 865/865/865 864/864/864 898/898/898
f 864/864/864 897/897/897 898/898/898
f 866/866/866 865/865/865 899/899/899
f 865/865/865 898/898/898 899/899/899
f 867/867/867 866/866/866 900/900/900
f 866/866/866 899/899/899 900/900/900
f 868/868/868 867/867/867 901/901/901
f 867/867/867 900/900/900 901/901/901
f 869/869/869 868/868/868 902/902/902
f 868/868/868 901/901/901 902/902/902
f 870/870/870 869/869/869 903/903/903
f 869/869/869 902/902/902 903/903/903
f 871/871/871 870/870/870 904/904/904
f 870/870/870 903/903/903 904/904/904
f 872/872/872 871/871/871 905/905/905
f 871/871/871 904/904/904 905/905/905
f 873/873/873 872/872/872 906/906/906
f 872/872/872 905/905/905 906/906/906
f 874/874/874 873/873/873 907/907/907
f 873/873/873 906/906/906 907/907/907
f 875/875/875 874/874/874 908/908/908
f 874/874/874 907/907/907 908/908/908
f 876/876/876 875/875/875 909/909/909
f 875/875/875 908/908/908 909/909/909
f 877/877/877 876/876/876 910/910/910
f 876/876/876 909/909/909 910/910/910
f 879/879/879 878/878/878 912/912/912
f 878/878/878 911/911/911 912/912/912
f 880/880/880 879/879/879 913/913/913
f 879/879/879 912/912/912 913/913/913
f 881/881/881 880/880/880 914/914/914
f 880/880/880 913/913/913 914/914/914
f 882/882/882 881/881/881 915/915/915
f 881/881/881 914/914/914 915/915/915
f 883/883/883 882/882/882 916/916/916
f 882/882/882 915/915/915 916/916/916
f 884/884/884 883/883/883 917/917/917
f 883/883/883 916/916/916 917/917/917
f 885/885/885 884/884/884 918/918/918
f 884/884/884 917/917/917 918/918/918
f 886/886/886 885/885/885 919/919/919
f 885/885/885 918/918/918 919/919/919
f 887/887/887 886/886/886 920/920/920
f 886/886/886 919/919/919 920/920/920
f 888/888/888 887/887/887 921/921/921
f 887/887/887 920/920/920 921/921/921
f 889/889/889 888/888/888 922/922/922
f 888/888/888 921/921/921 922/922/922
f 890/890/890 889/889/889 923/923/923
f 889/889/889 922/922/922 923/923/923
f 891/891/891 890/890/890 924/924/924
f 890/890/890 923/923/923 924/924/924
f 892/892/892 891/891/891 925/925/925
f 891/891/891 924/924/924 925/925/925
f 893/893/893 892/892/892 926/926/926
f 892/892/892 925/925/925 926/926/926
f 894/894/894 893/893/893 927/927/927
f 893/893/893 926/926/926 927/927/927
f 895/895/895 894/894/894 928/928/928
f 894/894/894 927/927/927 928/928/928
f 896/896/896 895/895/895 929/929/929
f 895/895/895 928/928/928 929/929/929
f 897/897/897 896/896/896 930/930/930
f 896/896/896 929/929/929 930/930/930
f 898/898/898 897/897/897 931/931/931
f 897/897/897 930/930/930 931/931/931
f 899/899/899 898/898/898 932/932/932
f 898/898/898 931/931/931 932/932/932
f 900/900/900 899/899/899 933/933/933
f 899/899/899 932/932/932 933/933/933
f 901/901/901 900/900/900 934/934/934
f 900/900/900 933/933/933 934/934/934
f 902/902/902 901/901/901 935/935/935
f 901/901/901 934/934/934 935/935/935
f 903/903/903 902/902/902 936/936/936
f 902/902/902 935/935/935 936/936/936
f 904/904/904 903/903/903 937/937/937
f 903/903/903 936/936/936 937/937/937
f 905/905/905 904/904/904 938/938/938
f 904/904/904 937/937/937 938/938/938
f 906/906/906 905/905/905 939/939/939
f 905/905/905 938/938/938 939/939/939
f 907/907/907 906/906/906 940/940/940
f 906/906/906 939/939/939 940/940/940
f 908/908/908 907/907/907 941/941/941
f 907/907/907 940/940/940 941/941/941
f 909/909/909 908/908/908 942/942/942
f 908/908/908 941/941/941 942/942/942
f 910/910/910 909/909/909 943/943/943
f 909/909/909 942/942/942 943/943/943
f 912/912/912 911/911/911 945/945/945
f 911/911/911 944/944/944 945/945/945
f 913/913/913 912/912/912 946/946/946
f 912/912/912 945/945/945 946/946/946
f 914/914/914 913/913/913 947/947/947
f 913/913/913 946/946/946 947/947/947
f 915/915/915 914/914/914 948/948/948
f 914/914/914 947/947/947 948/948/948
f 916/916/916 915/915/915 949/949/949
f 915/915/915 948/948/948 949/949/949
f 917/917/917 916/916/916 950/950/950
f 916/916/916 949/949/949 950/950/950
f 918/918/918 917/917/917 951/951/951
f 917/917/917 950/950/950 951/951/951
f 919/919/919 918/918/918 952/952/952
f 918/918/918 951/951/951 952/952/952
f 920/920/920 919/919/919 953/953/953
f 919/919/919 952/952/952 953/953/953
f 921/921/921 920/920/920 954/954/954
f 920/920/920 953/953/953 954/954/954
f 922/922/922 921/921/921 955/955/955
f 921/921/921 954/954/954 955/955/955
f 923/923/923 922/922/922 956/956/956
f 922/922/922 955/955/955 956/956/956
f 924/924/924 923/923/923 957/957/957
f 923/923/923 956/956/956 957/957/957
f 925/925/925 924/924/924 958/958/958
f 924/924/924 957/957/957 958/958/958
f 926/926/926 925/925/925 959/959/959
f 925/925/925 958/958/958 959/959/959
f 927/927/927 926/926/926 960/960/960
f 926/926/926 959/959/959 960/960/960
f 928/928/928 927/927/927 961/961/961
f 927/927/927 960/960/960 961/961/961
f 929/929/929 928/928/928 962/962/962
f 928/928/928 961/961/961 962/962/962
f 930/930/930 929/929/929 963/963/963
f 929/929/929 962/962/962 963/963/963
f 931/931/931 930/930/930 964/964/964
f 930/930/930 963/963/963 964/964/964
f 932/932/932 931/931/931 965/965/965
f 931/931/931 964/964/964 965/965/965
f 933/933/933 932/932/932 966/966/966
f 932/932/932 965/965/965 966/966/966
f 934/934/934 933/933/933 967/967/967
f 933/933/933 966/966/966 967/967/967
f 935/935/935 934/934/934 968/968/968
f 934/934/934 967/967/967 968/968/968
f 936/936/936 935/935/935 969/969/969
f 935/935/935 968/968/968 969/969/969
f 937/937/937 936/936/936 970/970/970
f 936/936/936 969/969/969 970/970/970
f 938/938/938 937/937/937 971/971/971
f 937/937/937 970/970/970 971/971/971
f 939/939/939 938/938/938 972/972/972
f 938/938/938 971/971/971 972/972/972
f 940/940/940 939/939/939 973/973/973
f 939/939/939 972/972/972 973/973/973
f 941/941/941 940/940/940 974/974/974
f 940/940/940 973/973/973 974/974/974
f 942/942/942 941/941/941 975/975/975
f 941/941/941 974/974/974 975/975/975
f 943/943/943 942/942/942 976/976/976
f 942/942/942 975/975/975 976/976/976
f 945/945/945 944/944/944 978/978/978
f 944/944/944 977/977/977 978/978/978
f 946/946/946 945/945/945 979/979/979
f 945/945/945 978/978/978 979/979/979
f 947/947/947 946/946/946 980/980/980
f 946/946/946 979/979/979 980/980/980
f 948/948/948 947/947/947 981/981/981
f 947/947/947 980/980/980 981/981/981
f 949/949/949 948/948/948 982/982/982
f 948/948/948 981/981/981 982/982/982
f 950/950/950 949/949/949 983/983/983
f 949/949/949 982/982/982 983/983/983
f 951/951/951 950/950/950 984/984/984
f 950/950/950 983/983/983 984/984/984
f 952/952/952 951/951/951 985/985/985
f 951/951/951 984/984/984 985/985/985
f 953/953/953 952/952/952 986/986/986
f 952/952/952 985/985/985 986/986/986
f 954/954/954 953/953/953 987/987/987
f 953/953/953 986/986/986 987/987/987
f 955/955/955 954/954/954 988/988/988
f 954/954/954 987/987/987 988/988/988
f 956/956/956 955/955/955 989/989/989
f 955/955/955 988/988/988 989/989/989
f 957/957/957 956/956/956 990/990/990
f 956/956/956 989/989/989 990/990/990
f 958/958/958 957/957/957 991/991/991
f 957/957/957 990/990/990 991/991/991
f 959/959/959 958/958/958 992/992/992
f 958/958/958 991/991/991 992/992/992
f 960/960/960 959/959/959 993/993/993
f 959/959/959 992/992/992 993/993/993
f 961/961/961 960/960/960 994/994/994
f 960/960/960 993/993/993 994/994/994
f 962/962/962 961/961/961 995/995/995
f 961/961/961 994/994/994 995/995/995
f 963/963/963 962/962/962 996/996/996
f 962/962/962 995/995/995 996/996/996
f 964/964/964 963/963/963 997/997/997
f 963/963/963 996/996/996 997/997/997
f 965/965/965 964/964/964 998/998/998
f 964/964/964 997/997/997 998/998/998
f 966/966/966 965/965/965 999/999/999
f 965/965/965 998/998/998 999/999/999
f 967/967/967 966/966/966 1000/1000/1000
f 966/966/966 999/999/999 1000/1000/1000
f 968/968/968 967/967/967 1001/1001/1001
f 967/967/967 1000/1000/1000 1001/1001/1001
f 969/969/969 968/968/968 1002/1002/1002
f 968/968/968 1001/1001/1001 1002/1002/1002
f 970/970/970 969/969/969 1003/1003/1003
f 969/969/969 1002/1002/1002 1003/1003/1003
f 971/971/971 970/970/970 1004/1004/1004
f 970/970/970 1003/1003/1003 1004/1004/1004
f 972/972/972 971/971/971 1005/1005/1005
f 971/971/971 1004/1004/1004 1005/1005/1005
f 973/973/973 972/972/972 1006/1006/1006
f 972/972/972 1005/1005/1005 1006/1006/1006
f 974/974/974 973/973/973 1007/1007/1007
f 973/973/973 1006/1006/1006 1007/1007/1007
f 975/975/975 974/974/974 1008/1008/1008
f 974/974/974 1007/1007/1007 1008/1008/1008
f 976/976/976 975/975/975 1009/1009/1009
f 975/975/975 1008/1008/1008 1009/1009/1009
f 978/978/978 977/977/977 1011/1011/1011
f 977/977/977 1010/1010/1010 1011/1011/1011
f 979/979/979 978/978/978 1012/1012/1012
f 978/978/978 1011/1011/1011 1012/1012/1012
f 980/980/980 979/979/979 1013/1013/1013
f 979/979/979 1012/1012/1012 1013/1013/1013
f 981/981/981 980/980/980 1014/1014/1014
f 980/980/980 1013/1013/1013 1014/1014/1014
f 982/982/982 981/981/981 1015/1015/1015
f 981/981/981 1014/1014/1014 1015/1015/1015
f 983/983/983 982/982/982 1016/1016/1016
f 982/982/982 1015/1015/1015 1016/1016/1016
f 984/984/984 983/983/983 1017/1017/1017
f 983/983/983 1016/1016/1016 1017/1017/1017
f 985/985/985 984/984/984 1018/1018/1018
f 984/984/984 1017/1017/1017 1018/1018/1018
f 986/986/986 985/985/985 1019/1019/1019
f 985/985/985 1018/1018/1018 1019/1019/1019
f 987/987/987 986/986/986 1020/1020/1020
f 986/986/986 1019/1019/1019 1020/1020/1020
f 988/988/988 987/987/987 1021/1021/1021
f 987/987/987 1020/1020/1020 1021/1021/1021
f 989/989/989 988/988/988 1022/1022/1022
f 988/988/988 1021/1021/1021 1022/1022/1022
f 990/990/990 989/989/989 1023/1023/1023
f 989/989/989 1022/1022/1022 1023/1023/1023
f 991/991/991 990/990/990 1024/1024/1024
f 990/990/990 1023/1023/1023 1024/1024/1024
f 992/992/992 991/991/991 1025/1025/1025
f 991/991/991 1024/1024/1024 1025/1025/1025
f 993/993/993 992/992/992 1026/1026/1026
f 992/992/992 1025/1025/1025 1026/1026/1026
f 994/994/994 993/993/993 1027/1027/1027
f 993/993/993 1026/1026/1026 1027/1027/1027
f 995/995/995 994/994/994 1028/1028/1028
f 994/994/994 1027/1027/1027 1028/1028/1028
f 996/996/996 995/995/995 1029/1029/1029
f 995/995/995 1028/1028/1028 1029/1029/1029
f 997/997/997 996/996/996 1030/1030/1030
f 996/996/996 1029/1029/1029 1030/1030/1030
f 998/998/998 997/997/997 1031/1031/1031
f 997/997/997 1030/1030/1030 1031/1031/1031
f 999/999/999 998/998/998 1032/1032/1032
f 998/998/998 1031/1031/1031 1032/1032/1032
f 1000/1000/1000 999/999/999 1033/1033/1033
f 999/999/999 1032/1032/1032 1033/1033/1033
f 1001/1001/1001 1000/1000/1000 1034/1034/1034
f 1000/1000/1000 1033/1033/1033 1034/1034/1034
f 1002/1002/1002 1001/1001/1001 1035/1035/1035
f 1001/1001/1001 1034/1034/1034 1035/1035/1035
f 1003/1003/1003 1002/1002/1002 1036/1036/1036
f 1002/1002/1002 1035/1035/1035 1036/1036/1036
f 1004/1004/1004 1003/1003/1003 1037/1037/1037
f 1003/1003/1003 1036/1036/1036 1037/1037/1037
f 1005/1005/1005 1004/1004/1004 1038/1038/1038
f 1004/1004/1004 1037/1037/1037 1038/1038/1038
f 1006/1006/1006 1005/1005/1005 1039/1039/1039
f 1005/1005/1005 1038/1038/1038 1039/1039/1039
f 1007/1007/1007 1006/1006/1006 1040/1040/1040
f 1006/1006/1006 1039/1039/1039 1040/1040/1040
f 1008/1008/1008 1007/1007/1007 1041/1041/1041
f 1007/1007/1007 1040/1040/1040 1041/1041/1041
f 1009/1009/1009 1008/1008/1008 1042/1042/1042
f 1008/1008/1008 1041/1041/1041 1042/1042/1042
f 1011/1011/1011 1010/1010/1010 1044/1044/1044
f 1010/1010/1010 1043/1043/1043 1044/1044/1044
f 1012/1012/1012 1011/1011/1011 1045/1045/1045
f 1011/1011/1011 1044/1044/1044 1045/1045/1045
f 1013/1013/1013 1012/1012/1012 1046/1046/1046
f 1012/1012/1012 1045/1045/1045 1046/1046/1046
f 1014/1014/1014 1013/1013/1013 1047/1047/1047
f 1013/1013/1013 1046/1046/1046 1047/1047/1047
f 1015/1015/1015 1014/1014/1014 1048/1048/1048
f 1014/1014/1014 1047/1047/1047 1048/1048/1048
f 1016/1016/1016 1015/1015/1015 1049/1049/1049
f 1015/1015/1015 1048/1048/1048 1049/1049/1049
f 1017/1017/1017 1016/1016/1016 1050/1050/1050
f 1016/1016/1016 1049/1049/1049 1050/1050/1050
f 1018/1018/1018 1017/1017/1017 1051/1051/1051
f 1017/1017/1017 1050/1050/1050 1051/1051/1051
f 1019/1019/1019 1018/1018/1018 1052/1052/1052
f 1018/1018/1018 1051/1051/1051 1052/1052/1052
f 1020/1020/1020 1019/1019/1019 1053/1053/1053
f 1019/1019/1019 1052/1052/1052 1053/1053/1053
f 1021/1021/1021 1020/1020/1020 1054/1054/1054
f 1020/1020/1020 1053/1053/1053 1054/1054/1054
f 1022/1022/1022 1021/1021/1021 1055/1055/1055
f 1021/1021/1021 1054/1054/1054 1055/1055/1055
f 1023/1023/1023 1022/1022/1022 1056/1056/1056
f 1022/1022/1022 1055/1055/1055 1056/1056/1056
f 1024/1024/1024 1023/1023/1023 1057/1057/1057
f 1023/1023/1023 1056/1056/1056 1057/1057/1057
f 1025/1025/1025 1024/1024/1024 1058/1058/1058
f 1024/1024/1024 1057/1057/1057 1058/1058/1058
f 1026/1026/1026 1025/1025/1025 1059/1059/1059
f 1025/1025/1025 1058/1058/1058 1059/1059/1059
f 1027/1027/1027 1026/1026/1026 1060/1060/1060
f 1026/1026/1026 1059/1059/1059 1060/1060/1060
f 1028/1028/1028 1027/1027/1027 1061/1061/1061
f 1027/1027/1027 1060/1060/1060 1061/1061/1061
f 1029/1029/1029 1028/1028/1028 1062/1062/1062
f 1028/1028/1028 1061/1061/1061 1062/1062/1062
f 1030/1030/1030 1029/1029/1029 1063/1063/1063
f 1029/1029/1029 1062/1062/1062 1063/1063/1063
f 1031/1031/1031 1030/1030/1030 1064/1064/1064
f 1030/1030/1030 1063/1063/1063 1064/1064/1064
f 1032/1032/1032 1031/1031/1031 1065/1065/1065
f 1031/1031/1031 1064/1064/1064 1065/1065/1065
f 1033/1033/1033 1032/1032/1032 1066/1066/1066
f 1032/1032/1032 1065/1065/1065 1066/1066/1066
f 1034/1034/1034 1033/1033/1033 1067/1067/1067
f 1033/1033/1033 1066/1066/1066 1067/1067/1067
f 1035/1035/1035 1034/1034/1034 1068/1068/1068
f 1034/1034/1034 1067/1067/1067 1068/1068/1068
f 1036/1036/1036 1035/1035/1035 1069/1069/1069
f 1035/1035/1035 1068/1068/1068 1069/1069/1069
f 1037/1037/1037 1036/1036/1036 1070/1070/1070
f 1036/1036/1036 1069/1069/1069 1070/1070/1070
f 1038/1038/1038 1037/1037/1037 1071/1071/1071
f 1037/1037/1037 1070/1070/1070 1071/1071/1071
f 1039/1039/1039 1038/1038/1038 1072/1072/1072
f 1038/1038/1038 1071/1071/1071 1072/1072/1072
f 1040/1040/1040 1039/1039/1039 1073/1073/1073
f 1039/1039/1039 1072/1072/1072 1073/1073/1073
f 1041/1041/1041 1040/1040/1040 1074/1074/1074
f 1040/1040/1040 1073/1073/1073 1074/1074/1074
f 1042/1042/1042 1041/1041/1041 1075/1075/1075
f 1041/1041/1041 1074/1074/1074 1075/1075/1075
f 1044/1044/1044 1043/1043/1043 1077/1077/1077
f 1043/1043/1043 1076/1076/1076 1077/1077/1077
f 1045/1045/1045 1044/1044/1044 1078/1078/1078
f 1044/1044/1044 1077/1077/1077 1078/1078/1078
f 1046/1046/1046 1045/1045/1045 1079/1079/1079
f 1045/1045/1045 1078/1078/1078 1079/1079/1079
f 1047/1047/1047 1046/1046/1046 1080/1080/1080
f 1046/1046/1046 1079/1079/1079 1080/1080/1080
f 1048/1048/1048 1047/1047/1047 1081/1081/1081
f 1047/1047/1047 1080/1080/1080 1081/1081/1081
f 1049/1049/1049 1048/1048/1048 1082/1082/1082
f 1048/1048/1048 1081/1081/1081 1082/1082/1082
f 1050/1050/1050 1049/1049/1049 1083/1083/1083
f 1049/1049/1049 1082/1082/1082 1083/1083/1083
f 1051/1051/1051 1050/1050/1050 1084/1084/1084
f 1050/1050/1050 1083/1083/1083 1084/1084/1084
f 1052/1052/1052 1051/1051/1051 1085/1085/1085
f 1051/1051/1051 1084/1084/1084 1085/1085/1085
f 1053/1053/1053 1052/1052/1052 1086/1086/1086
f 1052/1052/1052 1085/1085/1085 1086/1086/1086
f 1054/1054/1054 1053/1053/1053 1087/1087/1087
f 1053/1053/1053 1086/1086/1086 1087/1087/1087
f 1055/1055/1055 1054/1054/1054 1088/1088/1088
f 1054/1054/1054 1087/1087/1087 1088/1088/1088
f 1056/1056/1056 1055/1055/1055 1089/1089/1089
f 1055/1055/1055 1088/1088/1088 1089/1089/1089
f 1057/1057/1057 1056/1056/1056 1090/1090/1090
f 1056/1056/1056 1089/1089/1089 1090/1090/1090
f 1058/1058/1058 1057/1057/1057 1091/1091/1091
f 1057/1057/1057 1090/1090/1090 1091/1091/1091
f 1059/1059/1059 1058/1058/1058 1092/1092/1092
f 1058/1058/1058 1091/1091/1091 1092/1092/1092
f 1060/1060/1060 1059/1059/1059 1093/1093/1093
f 1059/1059/1059 1092/1092/1092 1093/1093/1093
f 1061/1061/1061 1060/1060/1060 1094/1094/1094
f 1060/1060/1060 1093/1093/1093 1094/1094/1094
f 1062/1062/1062 1061/1061/1061 1095/1095/1095
f 1061/1061/1061 1094/1094/1094 1095/1095/1095
f 1063/1063/1063 1062/1062/1062 1096/1096/1096
f 1062/1062/1062 1095/1095/1095 1096/1096/1096
f 1064/1064/1064 1063/1063/1063 1097/1097/1097
f 1063/1063/1063 1096/1096/1096 1097/1097/1097
f 1065/1065/1065 1064/1064/1064 1098/1098/1098
f 1064/1064/1064 1097/1097/1097 1098/1098/1098
f 1066/1066/1066 1065/1065/1065 1099/1099/1099
f 1065/1065/1065 1098/1098/1098 1099/1099/1099
f 1067/1067/1067 1066/1066/1066 1100/1100/1100
f 1066/1066/1066 1099/1099/1099 1100/1100/1100
f 1068/1068/1068 1067/1067/1067 1101/1101/1101
f 1067/1067/1067 1100/1100/1100 1101/1101/1101
f 1069/1069/1069 1068/1068/1068 1102/1102/1102
f 1068/1068/1068 1101/1101/1101 1102/1102/1102
f 1070/1070/1070 1069/1069/1069 1103/1103/1103
f 1069/1069/1069 1102/1102/1102 1103/1103/1103
f 1071/1071/1071 1070/1070/1070 1104/1104/1104
f 1070/1070/1070 1103/1103/1103 1104/1104/1104
f 1072/1072/1072 1071/1071/1071 1105/1105/1105
f 1071/1071/1071 1104/1104/1104 1105/1105/1105
f 1073/1073/1073 1072/1072/1072 1106/1106/1106
f 1072/1072/1072 1105/1105/1105 1106/1106/1106
f 1074/1074/1074 1073/1073/1073 1107/1107/1107
f 1073/1073/1073 1106/1106/1106 1107/1107/1107
f 1075/1075/1075 1074/1074/1074 1108/1108/1108
f 1074/1074/1074 1107/1107/1107 1108/1108/1108
f 1077/1077/1077 1076/1076/1076 1110/1110/1110
f 1078/1078/1078 1077/1077/1077 1111/1111/1111
f 1079/1079/1079 1078/1078/1078 1112/1112/1112
f 1080/1080/1080 1079/1079/1079 1113/1113/1113
f 1081/1081/1081 1080/1080/1080 1114/1114/1114
f 1082/1082/1082 1081/1081/1081 1115/1115/1115
f 1083/1083/1083 1082/1082/1082 1116/1116/1116
f 1084/1084/1084 1083/1083/1083 1117/1117/1117
f 1085/1085/1085 1084/1084/1084 1118/1118/1118
f 1086/1086/1086 1085/1085/1085 1119/1119/1119
f 1087/1087/1087 1086/1086/1086 1120/1120/1120
f 1088/1088/1088 1087/1087/1087 1121/1121/1121
f 1089/1089/1089 1088/1088/1088 1122/1122/1122
f 1090/1090/1090 1089/1089/1089 1123/1123/1123
f 1091/1091/1091 1090/1090/1090 1124/1124/1124
f 1092/1092/1092 1091/1091/1091 1125/1125/1125
f 1093/1093/1093 1092/1092/1092 1126/1126/1126
f 1094/1094/1094 1093/1093/1093 1127/1127/1127
f 1095/1095/1095 1094/1094/1094 1128/1128/1128
f 1096/1096/1096 1095/1095/1095 1129/1129/1129
f 1097/1097/1097 1096/1096/1096 1130/1130/1130
f 1098/1098/1098 1097/1097/1097 1131/1131/1131
f 1099/1099/1099 1098/1098/1098 1132/1132/1132
f 1100/1100/1100 1099/1099/1099 1133/1133/1133
f 1101/1101/1101 1100/1100/1100 1134/1134/1134
f 1102/1102/1102 1101/1101/1101 1135/1135/1135
f 1103/1103/1103 1102/1102/1102 1136/1136/1136
f 1104/1104/1104 1103/1103/1103 1137/1137/1137
f 1105/1105/1105 1104/1104/1104 1138/1138/1138
f 1106/1106/1106 1105/1105/1105 1139/1139/1139
f 1107/1107/1107 1106/1106/1106 1140/1140/1140
f 1108/1108/1108 1107/1107/1107 1141/1141/1141
o banner_arm_top
usemtl gold
v -0.95 4.5 0.03999999910593033
v -0.95 4.5235114097595215 0.032360680401325226
v -0.95 4.538042262196541 0.012360679917037487
v -0.95 4.538042262196541 -0.012360679917037487
v -0.95 4.5235114097595215 -0.032360680401325226
v -0.95 4.5 -0.03999999910593033
v -0.95 4.4764885902404785 -0.032360680401325226
v -0.95 4.461957737803459 -0.012360679917037487
v -0.95 4.461957737803459 0.012360679917037487
v -0.95 4.4764885902404785 0.032360680401325226
v -0.95 4.5 0.03999999910593033
v 0.04999999999999999 4.5 0.03999999910593033
v 0.04999999999999999 4.5235114097595215 0.032360680401325226
v 0.04999999999999999 4.538042262196541 0.012360679917037487
v 0.04999999999999999 4.538042262196541 -0.012360679917037487
v 0.04999999999999999 4.5235114097595215 -0.032360680401325226
v 0.04999999999999999 4.5 -0.03999999910593033
v 0.04999999999999999 4.4764885902404785 -0.032360680401325226
v 0.04999999999999999 4.461957737803459 -0.012360679917037487
v 0.04999999999999999 4.461957737803459 0.012360679917037487
v 0.04999999999999999 4.4764885902404785 0.032360680401325226
v 0.04999999999999999 4.5 0.03999999910593033
v -0.95 4.5 0
v -0.95 4.5 0
v -0.95 4.5 0
v -0.95 4.5 0
v -0.95 4.5 0
v -0.95 4.5 0
v -0.95 4.5 0
v -0.95 4.5 0
v -0.95 4.5 0
v -0.95 4.5 0
v -0.95 4.5 0.03999999910593033
v -0.95 4.5235114097595215 0.032360680401325226
v -0.95 4.538042262196541 0.012360679917037487
v -0.95 4.538042262196541 -0.012360679917037487
v -0.95 4.5235114097595215 -0.032360680401325226
v -0.95 4.5 -0.03999999910593033
v -0.95 4.4764885902404785 -0.032360680401325226
v -0.95 4.461957737803459 -0.012360679917037487
v -0.95 4.461957737803459 0.012360679917037487
v -0.95 4.4764885902404785 0.032360680401325226
v -0.95 4.5 0.03999999910593033
v 0.04999999999999999 4.5 0
v 0.04999999999999999 4.5 0
v 0.04999999999999999 4.5 0
v 0.04999999999999999 4.5 0
v 0.04999999999999999 4.5 0
v 0.04999999999999999 4.5 0
v 0.04999999999999999 4.5 0
v 0.04999999999999999 4.5 0
v 0.04999999999999999 4.5 0
v 0.04999999999999999 4.5 0
v 0.04999999999999999 4.5 0.03999999910593033
v 0.04999999999999999 4.5235114097595215 0.032360680401325226
v 0.04999999999999999 4.538042262196541 0.012360679917037487
v 0.04999999999999999 4.538042262196541 -0.012360679917037487
v 0.04999999999999999 4.5235114097595215 -0.032360680401325226
v 0.04999999999999999 4.5 -0.03999999910593033
v 0.04999999999999999 4.4764885902404785 -0.032360680401325226
v 0.04999999999999999 4.461957737803459 -0.012360679917037487
v 0.04999999999999999 4.461957737803459 0.012360679917037487
v 0.04999999999999999 4.4764885902404785 0.032360680401325226
v 0.04999999999999999 4.5 0.03999999910593033
vt 0 1
vt 0.10000000149011612 1
vt 0.20000000298023224 1
vt 0.30000001192092896 1
vt 0.4000000059604645 1
vt 0.5 1
vt 0.6000000238418579 1
vt 0.699999988079071 1
vt 0.800000011920929 1
vt 0.8999999761581421 1
vt 1 1
vt 0 0
vt 0.10000000149011612 0
vt 0.20000000298023224 0
vt 0.30000001192092896 0
vt 0.4000000059604645 0
vt 0.5 0
vt 0.6000000238418579 0
vt 0.699999988079071 0
vt 0.800000011920929 0
vt 0.8999999761581421 0
vt 1 0
vt 0.5 0.5
vt 0.5 0.5
vt 0.5 0.5
vt 0.5 0.5
vt 0.5 0.5
vt 0.5 0.5
vt 0.5 0.5
vt 0.5 0.5
vt 0.5 0.5
vt 0.5 0.5
vt 1 0.5
vt 0.9045084714889526 0.7938926219940186
vt 0.6545084714889526 0.9755282402038574
vt 0.345491498708725 0.9755282402038574
vt 0.09549150615930557 0.7938926219940186
vt 0 0.5
vt 0.09549150615930557 0.20610737800598145
vt 0.345491498708725 0.024471741169691086
vt 0.6545084714889526 0.024471741169691086
vt 0.9045084714889526 0.20610737800598145
vt 1 0.5
vt 0.5 0.5
vt 0.5 0.5
vt 0.5 0.5
vt 0.5 0.5
vt 0.5 0.5
vt 0.5 0.5
vt 0.5 0.5
vt 0.5 0.5
vt 0.5 0.5
vt 0.5 0.5
vt 1 0.5
vt 0.9045084714889526 0.20610737800598145
vt 0.6545084714889526 0.024471741169691086
vt 0.345491498708725 0.024471741169691086
vt 0.09549150615930557 0.20610737800598145
vt 0 0.5
vt 0.09549150615930557 0.7938926219940186
vt 0.345491498708725 0.9755282402038574
vt 0.6545084714889526 0.9755282402038574
vt 0.9045084714889526 0.7938926219940186
vt 1 0.5
vn 0 0 1
vn 1.3051454205252937e-16 0.5877852429542022 0.8090170011595983
vn 2.1117696838941298e-16 0.9510565161477913 0.3090169948284817
vn 2.1117696838941298e-16 0.9510565161477913 -0.3090169948284817
vn 1.3051454205252937e-16 0.5877852429542022 -0.8090170011595983
vn 2.7192622655495665e-32 1.2246468525851679e-16 -1
vn -1.3051454205252937e-16 -0.5877852429542022 -0.8090170011595983
vn -2.1117696838941298e-16 -0.9510565161477913 -0.3090169948284817
vn -2.1117696838941298e-16 -0.9510565161477913 0.3090169948284817
vn -1.3051454205252937e-16 -0.5877852429542022 0.8090170011595983
vn -5.438524531099133e-32 -2.4492937051703357e-16 1
vn 0 0 1
vn 1.3051454205252937e-16 0.5877852429542022 0.8090170011595983
vn 2.1117696838941298e-16 0.9510565161477913 0.3090169948284817
vn 2.1117696838941298e-16 0.9510565161477913 -0.3090169948284817
vn 1.3051454205252937e-16 0.5877852429542022 -0.8090170011595983
vn 2.7192622655495665e-32 1.2246468525851679e-16 -1
vn -1.3051454205252937e-16 -0.5877852429542022 -0.8090170011595983
vn -2.1117696838941298e-16 -0.9510565161477913 -0.3090169948284817
vn -2.1117696838941298e-16 -0.9510565161477913 0.3090169948284817
vn -1.3051454205252937e-16 -0.5877852429542022 0.8090170011595983
vn -5.438524531099133e-32 -2.4492937051703357e-16 1
vn -1 2.220446049250313e-16 0
vn -1 2.220446049250313e-16 0
vn -1 2.220446049250313e-16 0
vn -1 2.220446049250313e-16 0
vn -1 2.220446049250313e-16 0
vn -1 2.220446049250313e-16 0
vn -1 2.220446049250313e-16 0
vn -1 2.220446049250313e-16 0
vn -1 2.220446049250313e-16 0
vn -1 2.220446049250313e-16 0
vn -1 2.220446049250313e-16 0
vn -1 2.220446049250313e-16 0
vn -1 2.220446049250313e-16 0
vn -1 2.220446049250313e-16 0
vn -1 2.220446049250313e-16 0
vn -1 2.220446049250313e-16 0
vn -1 2.220446049250313e-16 0
vn -1 2.220446049250313e-16 0
vn -1 2.220446049250313e-16 0
vn -1 2.220446049250313e-16 0
vn -1 2.220446049250313e-16 0
vn 1 -2.220446049250313e-16 0
vn 1 -2.220446049250313e-16 0
vn 1 -2.220446049250313e-16 0
vn 1 -2.220446049250313e-16 0
vn 1 -2.220446049250313e-16 0
vn 1 -2.220446049250313e-16 0
vn 1 -2.220446049250313e-16 0
vn 1 -2.220446049250313e-16 0
vn 1 -2.220446049250313e-16 0
vn 1 -2.220446049250313e-16 0
vn 1 -2.220446049250313e-16 0
vn 1 -2.220446049250313e-16 0
vn 1 -2.220446049250313e-16 0
vn 1 -2.220446049250313e-16 0
vn 1 -2.220446049250313e-16 0
vn 1 -2.220446049250313e-16 0
vn 1 -2.220446049250313e-16 0
vn 1 -2.220446049250313e-16 0
vn 1 -2.220446049250313e-16 0
vn 1 -2.220446049250313e-16 0
vn 1 -2.220446049250313e-16 0
f 1142/1142/1142 1153/1153/1153 1143/1143/1143
f 1153/1153/1153 1154/1154/1154 1143/1143/1143
f 1143/1143/1143 1154/1154/1154 1144/1144/1144
f 1154/1154/1154 1155/1155/1155 1144/1144/1144
f 1144/1144/1144 1155/1155/1155 1145/1145/1145
f 1155/1155/1155 1156/1156/1156 1145/1145/1145
f 1145/1145/1145 1156/1156/1156 1146/1146/1146
f 1156/1156/1156 1157/1157/1157 1146/1146/1146
f 1146/1146/1146 1157/1157/1157 1147/1147/1147
f 1157/1157/1157 1158/1158/1158 1147/1147/1147
f 1147/1147/1147 1158/1158/1158 1148/1148/1148
f 1158/1158/1158 1159/1159/1159 1148/1148/1148
f 1148/1148/1148 1159/1159/1159 1149/1149/1149
f 1159/1159/1159 1160/1160/1160 1149/1149/1149
f 1149/1149/1149 1160/1160/1160 1150/1150/1150
f 1160/1160/1160 1161/1161/1161 1150/1150/1150
f 1150/1150/1150 1161/1161/1161 1151/1151/1151
f 1161/1161/1161 1162/1162/1162 1151/1151/1151
f 1151/1151/1151 1162/1162/1162 1152/1152/1152
f 1162/1162/1162 1163/1163/1163 1152/1152/1152
f 1174/1174/1174 1175/1175/1175 1164/1164/1164
f 1175/1175/1175 1176/1176/1176 1165/1165/1165
f 1176/1176/1176 1177/1177/1177 1166/1166/1166
f 1177/1177/1177 1178/1178/1178 1167/1167/1167
f 1178/1178/1178 1179/1179/1179 1168/1168/1168
f 1179/1179/1179 1180/1180/1180 1169/1169/1169
f 1180/1180/1180 1181/1181/1181 1170/1170/1170
f 1181/1181/1181 1182/1182/1182 1171/1171/1171
f 1182/1182/1182 1183/1183/1183 1172/1172/1172
f 1183/1183/1183 1184/1184/1184 1173/1173/1173
f 1196/1196/1196 1195/1195/1195 1185/1185/1185
f 1197/1197/1197 1196/1196/1196 1186/1186/1186
f 1198/1198/1198 1197/1197/1197 1187/1187/1187
f 1199/1199/1199 1198/1198/1198 1188/1188/1188
f 1200/1200/1200 1199/1199/1199 1189/1189/1189
f 1201/1201/1201 1200/1200/1200 1190/1190/1190
f 1202/1202/1202 1201/1201/1201 1191/1191/1191
f 1203/1203/1203 1202/1202/1202 1192/1192/1192
f 1204/1204/1204 1203/1203/1203 1193/1193/1193
f 1205/1205/1205 1204/1204/1204 1194/1194/1194
o banner_arm_bot
usemtl gold
v -0.95 2.6 0.03999999910593033
v -0.95 2.6235114097595216 0.032360680401325226
v -0.95 2.638042262196541 0.012360679917037487
v -0.95 2.638042262196541 -0.012360679917037487
v -0.95 2.6235114097595216 -0.032360680401325226
v -0.95 2.6 -0.03999999910593033
v -0.95 2.5764885902404786 -0.032360680401325226
v -0.95 2.5619577378034593 -0.012360679917037487
v -0.95 2.5619577378034593 0.012360679917037487
v -0.95 2.5764885902404786 0.032360680401325226
v -0.95 2.6 0.03999999910593033
v 0.04999999999999999 2.6 0.03999999910593033
v 0.04999999999999999 2.6235114097595216 0.032360680401325226
v 0.04999999999999999 2.638042262196541 0.012360679917037487
v 0.04999999999999999 2.638042262196541 -0.012360679917037487
v 0.04999999999999999 2.6235114097595216 -0.032360680401325226
v 0.04999999999999999 2.6 -0.03999999910593033
v 0.04999999999999999 2.5764885902404786 -0.032360680401325226
v 0.04999999999999999 2.5619577378034593 -0.012360679917037487
v 0.04999999999999999 2.5619577378034593 0.012360679917037487
v 0.04999999999999999 2.5764885902404786 0.032360680401325226
v 0.04999999999999999 2.6 0.03999999910593033
v -0.95 2.6 0
v -0.95 2.6 0
v -0.95 2.6 0
v -0.95 2.6 0
v -0.95 2.6 0
v -0.95 2.6 0
v -0.95 2.6 0
v -0.95 2.6 0
v -0.95 2.6 0
v -0.95 2.6 0
v -0.95 2.6 0.03999999910593033
v -0.95 2.6235114097595216 0.032360680401325226
v -0.95 2.638042262196541 0.012360679917037487
v -0.95 2.638042262196541 -0.012360679917037487
v -0.95 2.6235114097595216 -0.032360680401325226
v -0.95 2.6 -0.03999999910593033
v -0.95 2.5764885902404786 -0.032360680401325226
v -0.95 2.5619577378034593 -0.012360679917037487
v -0.95 2.5619577378034593 0.012360679917037487
v -0.95 2.5764885902404786 0.032360680401325226
v -0.95 2.6 0.03999999910593033
v 0.04999999999999999 2.6 0
v 0.04999999999999999 2.6 0
v 0.04999999999999999 2.6 0
v 0.04999999999999999 2.6 0
v 0.04999999999999999 2.6 0
v 0.04999999999999999 2.6 0
v 0.04999999999999999 2.6 0
v 0.04999999999999999 2.6 0
v 0.04999999999999999 2.6 0
v 0.04999999999999999 2.6 0
v 0.04999999999999999 2.6 0.03999999910593033
v 0.04999999999999999 2.6235114097595216 0.032360680401325226
v 0.04999999999999999 2.638042262196541 0.012360679917037487
v 0.04999999999999999 2.638042262196541 -0.012360679917037487
v 0.04999999999999999 2.6235114097595216 -0.032360680401325226
v 0.04999999999999999 2.6 -0.03999999910593033
v 0.04999999999999999 2.5764885902404786 -0.032360680401325226
v 0.04999999999999999 2.5619577378034593 -0.012360679917037487
v 0.04999999999999999 2.5619577378034593 0.012360679917037487
v 0.04999999999999999 2.5764885902404786 0.032360680401325226
v 0.04999999999999999 2.6 0.03999999910593033
vt 0 1
vt 0.10000000149011612 1
vt 0.20000000298023224 1
vt 0.30000001192092896 1
vt 0.4000000059604645 1
vt 0.5 1
vt 0.6000000238418579 1
vt 0.699999988079071 1
vt 0.800000011920929 1
vt 0.8999999761581421 1
vt 1 1
vt 0 0
vt 0.10000000149011612 0
vt 0.20000000298023224 0
vt 0.30000001192092896 0
vt 0.4000000059604645 0
vt 0.5 0
vt 0.6000000238418579 0
vt 0.699999988079071 0
vt 0.800000011920929 0
vt 0.8999999761581421 0
vt 1 0
vt 0.5 0.5
vt 0.5 0.5
vt 0.5 0.5
vt 0.5 0.5
vt 0.5 0.5
vt 0.5 0.5
vt 0.5 0.5
vt 0.5 0.5
vt 0.5 0.5
vt 0.5 0.5
vt 1 0.5
vt 0.9045084714889526 0.7938926219940186
vt 0.6545084714889526 0.9755282402038574
vt 0.345491498708725 0.9755282402038574
vt 0.09549150615930557 0.7938926219940186
vt 0 0.5
vt 0.09549150615930557 0.20610737800598145
vt 0.345491498708725 0.024471741169691086
vt 0.6545084714889526 0.024471741169691086
vt 0.9045084714889526 0.20610737800598145
vt 1 0.5
vt 0.5 0.5
vt 0.5 0.5
vt 0.5 0.5
vt 0.5 0.5
vt 0.5 0.5
vt 0.5 0.5
vt 0.5 0.5
vt 0.5 0.5
vt 0.5 0.5
vt 0.5 0.5
vt 1 0.5
vt 0.9045084714889526 0.20610737800598145
vt 0.6545084714889526 0.024471741169691086
vt 0.345491498708725 0.024471741169691086
vt 0.09549150615930557 0.20610737800598145
vt 0 0.5
vt 0.09549150615930557 0.7938926219940186
vt 0.345491498708725 0.9755282402038574
vt 0.6545084714889526 0.9755282402038574
vt 0.9045084714889526 0.7938926219940186
vt 1 0.5
vn 0 0 1
vn 1.3051454205252937e-16 0.5877852429542022 0.8090170011595983
vn 2.1117696838941298e-16 0.9510565161477913 0.3090169948284817
vn 2.1117696838941298e-16 0.9510565161477913 -0.3090169948284817
vn 1.3051454205252937e-16 0.5877852429542022 -0.8090170011595983
vn 2.7192622655495665e-32 1.2246468525851679e-16 -1
vn -1.3051454205252937e-16 -0.5877852429542022 -0.8090170011595983
vn -2.1117696838941298e-16 -0.9510565161477913 -0.3090169948284817
vn -2.1117696838941298e-16 -0.9510565161477913 0.3090169948284817
vn -1.3051454205252937e-16 -0.5877852429542022 0.8090170011595983
vn -5.438524531099133e-32 -2.4492937051703357e-16 1
vn 0 0 1
vn 1.3051454205252937e-16 0.5877852429542022 0.8090170011595983
vn 2.1117696838941298e-16 0.9510565161477913 0.3090169948284817
vn 2.1117696838941298e-16 0.9510565161477913 -0.3090169948284817
vn 1.3051454205252937e-16 0.5877852429542022 -0.8090170011595983
vn 2.7192622655495665e-32 1.2246468525851679e-16 -1
vn -1.3051454205252937e-16 -0.5877852429542022 -0.8090170011595983
vn -2.1117696838941298e-16 -0.9510565161477913 -0.3090169948284817
vn -2.1117696838941298e-16 -0.9510565161477913 0.3090169948284817
vn -1.3051454205252937e-16 -0.5877852429542022 0.8090170011595983
vn -5.438524531099133e-32 -2.4492937051703357e-16 1
vn -1 2.220446049250313e-16 0
vn -1 2.220446049250313e-16 0
vn -1 2.220446049250313e-16 0
vn -1 2.220446049250313e-16 0
vn -1 2.220446049250313e-16 0
vn -1 2.220446049250313e-16 0
vn -1 2.220446049250313e-16 0
vn -1 2.220446049250313e-16 0
vn -1 2.220446049250313e-16 0
vn -1 2.220446049250313e-16 0
vn -1 2.220446049250313e-16 0
vn -1 2.220446049250313e-16 0
vn -1 2.220446049250313e-16 0
vn -1 2.220446049250313e-16 0
vn -1 2.220446049250313e-16 0
vn -1 2.220446049250313e-16 0
vn -1 2.220446049250313e-16 0
vn -1 2.220446049250313e-16 0
vn -1 2.220446049250313e-16 0
vn -1 2.220446049250313e-16 0
vn -1 2.220446049250313e-16 0
vn 1 -2.220446049250313e-16 0
vn 1 -2.220446049250313e-16 0
vn 1 -2.220446049250313e-16 0
vn 1 -2.220446049250313e-16 0
vn 1 -2.220446049250313e-16 0
vn 1 -2.220446049250313e-16 0
vn 1 -2.220446049250313e-16 0
vn 1 -2.220446049250313e-16 0
vn 1 -2.220446049250313e-16 0
vn 1 -2.220446049250313e-16 0
vn 1 -2.220446049250313e-16 0
vn 1 -2.220446049250313e-16 0
vn 1 -2.220446049250313e-16 0
vn 1 -2.220446049250313e-16 0
vn 1 -2.220446049250313e-16 0
vn 1 -2.220446049250313e-16 0
vn 1 -2.220446049250313e-16 0
vn 1 -2.220446049250313e-16 0
vn 1 -2.220446049250313e-16 0
vn 1 -2.220446049250313e-16 0
vn 1 -2.220446049250313e-16 0
f 1206/1206/1206 1217/1217/1217 1207/1207/1207
f 1217/1217/1217 1218/1218/1218 1207/1207/1207
f 1207/1207/1207 1218/1218/1218 1208/1208/1208
f 1218/1218/1218 1219/1219/1219 1208/1208/1208
f 1208/1208/1208 1219/1219/1219 1209/1209/1209
f 1219/1219/1219 1220/1220/1220 1209/1209/1209
f 1209/1209/1209 1220/1220/1220 1210/1210/1210
f 1220/1220/1220 1221/1221/1221 1210/1210/1210
f 1210/1210/1210 1221/1221/1221 1211/1211/1211
f 1221/1221/1221 1222/1222/1222 1211/1211/1211
f 1211/1211/1211 1222/1222/1222 1212/1212/1212
f 1222/1222/1222 1223/1223/1223 1212/1212/1212
f 1212/1212/1212 1223/1223/1223 1213/1213/1213
f 1223/1223/1223 1224/1224/1224 1213/1213/1213
f 1213/1213/1213 1224/1224/1224 1214/1214/1214
f 1224/1224/1224 1225/1225/1225 1214/1214/1214
f 1214/1214/1214 1225/1225/1225 1215/1215/1215
f 1225/1225/1225 1226/1226/1226 1215/1215/1215
f 1215/1215/1215 1226/1226/1226 1216/1216/1216
f 1226/1226/1226 1227/1227/1227 1216/1216/1216
f 1238/1238/1238 1239/1239/1239 1228/1228/1228
f 1239/1239/1239 1240/1240/1240 1229/1229/1229
f 1240/1240/1240 1241/1241/1241 1230/1230/1230
f 1241/1241/1241 1242/1242/1242 1231/1231/1231
f 1242/1242/1242 1243/1243/1243 1232/1232/1232
f 1243/1243/1243 1244/1244/1244 1233/1233/1233
f 1244/1244/1244 1245/1245/1245 1234/1234/1234
f 1245/1245/1245 1246/1246/1246 1235/1235/1235
f 1246/1246/1246 1247/1247/1247 1236/1236/1236
f 1247/1247/1247 1248/1248/1248 1237/1237/1237
f 1260/1260/1260 1259/1259/1259 1249/1249/1249
f 1261/1261/1261 1260/1260/1260 1250/1250/1250
f 1262/1262/1262 1261/1261/1261 1251/1251/1251
f 1263/1263/1263 1262/1262/1262 1252/1252/1252
f 1264/1264/1264 1263/1263/1263 1253/1253/1253
f 1265/1265/1265 1264/1264/1264 1254/1254/1254
f 1266/1266/1266 1265/1265/1265 1255/1255/1255
f 1267/1267/1267 1266/1266/1266 1256/1256/1256
f 1268/1268/1268 1267/1267/1267 1257/1257/1257
f 1269/1269/1269 1268/1268/1268 1258/1258/1258
o banner
usemtl navy
v -0.40000001192092893 4.499999988079071 0.02500000037252903
v -0.40000001192092893 4.499999988079071 -0.02500000037252903
v -0.40000001192092893 2.6000000119209288 0.02500000037252903
v -0.40000001192092893 2.6000000119209288 -0.02500000037252903
v -1.2999999880790711 4.499999988079071 -0.02500000037252903
v -1.2999999880790711 4.499999988079071 0.02500000037252903
v -1.2999999880790711 2.6000000119209288 -0.02500000037252903
v -1.2999999880790711 2.6000000119209288 0.02500000037252903
v -1.2999999880790711 4.499999988079071 -0.02500000037252903
v -0.40000001192092893 4.499999988079071 -0.02500000037252903
v -1.2999999880790711 4.499999988079071 0.02500000037252903
v -0.40000001192092893 4.499999988079071 0.02500000037252903
v -1.2999999880790711 2.6000000119209288 0.02500000037252903
v -0.40000001192092893 2.6000000119209288 0.02500000037252903
v -1.2999999880790711 2.6000000119209288 -0.02500000037252903
v -0.40000001192092893 2.6000000119209288 -0.02500000037252903
v -1.2999999880790711 4.499999988079071 0.02500000037252903
v -0.40000001192092893 4.499999988079071 0.02500000037252903
v -1.2999999880790711 2.6000000119209288 0.02500000037252903
v -0.40000001192092893 2.6000000119209288 0.02500000037252903
v -0.40000001192092893 4.499999988079071 -0.02500000037252903
v -1.2999999880790711 4.499999988079071 -0.02500000037252903
v -0.40000001192092893 2.6000000119209288 -0.02500000037252903
v -1.2999999880790711 2.6000000119209288 -0.02500000037252903
vt 0 1
vt 1 1
vt 0 0
vt 1 0
vt 0 1
vt 1 1
vt 0 0
vt 1 0
vt 0 1
vt 1 1
vt 0 0
vt 1 0
vt 0 1
vt 1 1
vt 0 0
vt 1 0
vt 0 1
vt 1 1
vt 0 0
vt 1 0
vt 0 1
vt 1 1
vt 0 0
vt 1 0
vn 1 0 0
vn 1 0 0
vn 1 0 0
vn 1 0 0
vn -1 0 0
vn -1 0 0
vn -1 0 0
vn -1 0 0
vn 0 1 0
vn 0 1 0
vn 0 1 0
vn 0 1 0
vn 0 -1 0
vn 0 -1 0
vn 0 -1 0
vn 0 -1 0
vn 0 0 1
vn 0 0 1
vn 0 0 1
vn 0 0 1
vn 0 0 -1
vn 0 0 -1
vn 0 0 -1
vn 0 0 -1
f 1270/1270/1270 1272/1272/1272 1271/1271/1271
f 1272/1272/1272 1273/1273/1273 1271/1271/1271
f 1274/1274/1274 1276/1276/1276 1275/1275/1275
f 1276/1276/1276 1277/1277/1277 1275/1275/1275
f 1278/1278/1278 1280/1280/1280 1279/1279/1279
f 1280/1280/1280 1281/1281/1281 1279/1279/1279
f 1282/1282/1282 1284/1284/1284 1283/1283/1283
f 1284/1284/1284 1285/1285/1285 1283/1283/1283
f 1286/1286/1286 1288/1288/1288 1287/1287/1287
f 1288/1288/1288 1289/1289/1289 1287/1287/1287
f 1290/1290/1290 1292/1292/1292 1291/1291/1291
f 1292/1292/1292 1293/1293/1293 1291/1291/1291
o banner_chevron
usemtl gold
v -0.5000000059604645 3.040000003576279 0.03999999932944775
v -0.5000000059604645 3.040000003576279 -0.019999999329447744
v -0.5000000059604645 2.8599999964237215 0.03999999932944775
v -0.5000000059604645 2.8599999964237215 -0.019999999329447744
v -1.1999999940395356 3.040000003576279 -0.019999999329447744
v -1.1999999940395356 3.040000003576279 0.03999999932944775
v -1.1999999940395356 2.8599999964237215 -0.019999999329447744
v -1.1999999940395356 2.8599999964237215 0.03999999932944775
v -1.1999999940395356 3.040000003576279 -0.019999999329447744
v -0.5000000059604645 3.040000003576279 -0.019999999329447744
v -1.1999999940395356 3.040000003576279 0.03999999932944775
v -0.5000000059604645 3.040000003576279 0.03999999932944775
v -1.1999999940395356 2.8599999964237215 0.03999999932944775
v -0.5000000059604645 2.8599999964237215 0.03999999932944775
v -1.1999999940395356 2.8599999964237215 -0.019999999329447744
v -0.5000000059604645 2.8599999964237215 -0.019999999329447744
v -1.1999999940395356 3.040000003576279 0.03999999932944775
v -0.5000000059604645 3.040000003576279 0.03999999932944775
v -1.1999999940395356 2.8599999964237215 0.03999999932944775
v -0.5000000059604645 2.8599999964237215 0.03999999932944775
v -0.5000000059604645 3.040000003576279 -0.019999999329447744
v -1.1999999940395356 3.040000003576279 -0.019999999329447744
v -0.5000000059604645 2.8599999964237215 -0.019999999329447744
v -1.1999999940395356 2.8599999964237215 -0.019999999329447744
vt 0 1
vt 1 1
vt 0 0
vt 1 0
vt 0 1
vt 1 1
vt 0 0
vt 1 0
vt 0 1
vt 1 1
vt 0 0
vt 1 0
vt 0 1
vt 1 1
vt 0 0
vt 1 0
vt 0 1
vt 1 1
vt 0 0
vt 1 0
vt 0 1
vt 1 1
vt 0 0
vt 1 0
vn 1 0 0
vn 1 0 0
vn 1 0 0
vn 1 0 0
vn -1 0 0
vn -1 0 0
vn -1 0 0
vn -1 0 0
vn 0 1 0
vn 0 1 0
vn 0 1 0
vn 0 1 0
vn 0 -1 0
vn 0 -1 0
vn 0 -1 0
vn 0 -1 0
vn 0 0 1
vn 0 0 1
vn 0 0 1
vn 0 0 1
vn 0 0 -1
vn 0 0 -1
vn 0 0 -1
vn 0 0 -1
f 1294/1294/1294 1296/1296/1296 1295/1295/1295
f 1296/1296/1296 1297/1297/1297 1295/1295/1295
f 1298/1298/1298 1300/1300/1300 1299/1299/1299
f 1300/1300/1300 1301/1301/1301 1299/1299/1299
f 1302/1302/1302 1304/1304/1304 1303/1303/1303
f 1304/1304/1304 1305/1305/1305 1303/1303/1303
f 1306/1306/1306 1308/1308/1308 1307/1307/1307
f 1308/1308/1308 1309/1309/1309 1307/1307/1307
f 1310/1310/1310 1312/1312/1312 1311/1311/1311
f 1312/1312/1312 1313/1313/1313 1311/1311/1311
f 1314/1314/1314 1316/1316/1316 1315/1315/1315
f 1316/1316/1316 1317/1317/1317 1315/1315/1315
o banner_emblem
usemtl gold
v -0.85 4.253553390593273 0.03999999932944775
v -0.85 4.253553390593273 -0.019999999329447744
v -0.49644660940672625 3.9 0.03999999932944775
v -0.49644660940672625 3.9 -0.019999999329447744
v -1.2035533905932736 3.9 -0.019999999329447744
v -1.2035533905932736 3.9 0.03999999932944775
v -0.85 3.5464466094067264 -0.019999999329447744
v -0.85 3.5464466094067264 0.03999999932944775
v -1.2035533905932736 3.9 -0.019999999329447744
v -0.85 4.253553390593273 -0.019999999329447744
v -1.2035533905932736 3.9 0.03999999932944775
v -0.85 4.253553390593273 0.03999999932944775
v -0.85 3.5464466094067264 0.03999999932944775
v -0.49644660940672625 3.9 0.03999999932944775
v -0.85 3.5464466094067264 -0.019999999329447744
v -0.49644660940672625 3.9 -0.019999999329447744
v -1.2035533905932736 3.9 0.03999999932944775
v -0.85 4.253553390593273 0.03999999932944775
v -0.85 3.5464466094067264 0.03999999932944775
v -0.49644660940672625 3.9 0.03999999932944775
v -0.85 4.253553390593273 -0.019999999329447744
v -1.2035533905932736 3.9 -0.019999999329447744
v -0.49644660940672625 3.9 -0.019999999329447744
v -0.85 3.5464466094067264 -0.019999999329447744
vt 0 1
vt 1 1
vt 0 0
vt 1 0
vt 0 1
vt 1 1
vt 0 0
vt 1 0
vt 0 1
vt 1 1
vt 0 0
vt 1 0
vt 0 1
vt 1 1
vt 0 0
vt 1 0
vt 0 1
vt 1 1
vt 0 0
vt 1 0
vt 0 1
vt 1 1
vt 0 0
vt 1 0
vn 0.7071067811865475 0.7071067811865476 0
vn 0.7071067811865475 0.7071067811865476 0
vn 0.7071067811865475 0.7071067811865476 0
vn 0.7071067811865475 0.7071067811865476 0
vn -0.7071067811865475 -0.7071067811865476 0
vn -0.7071067811865475 -0.7071067811865476 0
vn -0.7071067811865475 -0.7071067811865476 0
vn -0.7071067811865475 -0.7071067811865476 0
vn -0.7071067811865476 0.7071067811865475 0
vn -0.7071067811865476 0.7071067811865475 0
vn -0.7071067811865476 0.7071067811865475 0
vn -0.7071067811865476 0.7071067811865475 0
vn 0.7071067811865476 -0.7071067811865475 0
vn 0.7071067811865476 -0.7071067811865475 0
vn 0.7071067811865476 -0.7071067811865475 0
vn 0.7071067811865476 -0.7071067811865475 0
vn 0 0 1
vn 0 0 1
vn 0 0 1
vn 0 0 1
vn 0 0 -1
vn 0 0 -1
vn 0 0 -1
vn 0 0 -1
f 1318/1318/1318 1320/1320/1320 1319/1319/1319
f 1320/1320/1320 1321/1321/1321 1319/1319/1319
f 1322/1322/1322 1324/1324/1324 1323/1323/1323
f 1324/1324/1324 1325/1325/1325 1323/1323/1323
f 1326/1326/1326 1328/1328/1328 1327/1327/1327
f 1328/1328/1328 1329/1329/1329 1327/1327/1327
f 1330/1330/1330 1332/1332/1332 1331/1331/1331
f 1332/1332/1332 1333/1333/1333 1331/1331/1331
f 1334/1334/1334 1336/1336/1336 1335/1335/1335
f 1336/1336/1336 1337/1337/1337 1335/1335/1335
f 1338/1338/1338 1340/1340/1340 1339/1339/1339
f 1340/1340/1340 1341/1341/1341 1339/1339/1339
