mtllib lockers.mtl
o locker_shell
usemtl navy
v 1.649999976158142 2.119999942779541 0.3050000071525574
v 1.649999976158142 2.119999942779541 -0.3050000071525574
v 1.649999976158142 5.7220459037665705e-8 0.3050000071525574
v 1.649999976158142 5.7220459037665705e-8 -0.3050000071525574
v -1.649999976158142 2.119999942779541 -0.3050000071525574
v -1.649999976158142 2.119999942779541 0.3050000071525574
v -1.649999976158142 5.7220459037665705e-8 -0.3050000071525574
v -1.649999976158142 5.7220459037665705e-8 0.3050000071525574
v -1.649999976158142 2.119999942779541 -0.3050000071525574
v 1.649999976158142 2.119999942779541 -0.3050000071525574
v -1.649999976158142 2.119999942779541 0.3050000071525574
v 1.649999976158142 2.119999942779541 0.3050000071525574
v -1.649999976158142 5.7220459037665705e-8 0.3050000071525574
v 1.649999976158142 5.7220459037665705e-8 0.3050000071525574
v -1.649999976158142 5.7220459037665705e-8 -0.3050000071525574
v 1.649999976158142 5.7220459037665705e-8 -0.3050000071525574
v -1.649999976158142 2.119999942779541 0.3050000071525574
v 1.649999976158142 2.119999942779541 0.3050000071525574
v -1.649999976158142 5.7220459037665705e-8 0.3050000071525574
v 1.649999976158142 5.7220459037665705e-8 0.3050000071525574
v 1.649999976158142 2.119999942779541 -0.3050000071525574
v -1.649999976158142 2.119999942779541 -0.3050000071525574
v 1.649999976158142 5.7220459037665705e-8 -0.3050000071525574
v -1.649999976158142 5.7220459037665705e-8 -0.3050000071525574
vt 0 1
vt 1 1
vt 0 0
vt 1 0
vt 0 1
vt 1 1
vt 0 0
vt 1 0
vt 0 1
vt 1 1
vt 0 0
vt 1 0
vt 0 1
vt 1 1
vt 0 0
vt 1 0
vt 0 1
vt 1 1
vt 0 0
vt 1 0
vt 0 1
vt 1 1
vt 0 0
vt 1 0
vn 1 0 0
vn 1 0 0
vn 1 0 0
vn 1 0 0
vn -1 0 0
vn -1 0 0
vn -1 0 0
vn -1 0 0
vn 0 1 0
vn 0 1 0
vn 0 1 0
vn 0 1 0
vn 0 -1 0
vn 0 -1 0
vn 0 -1 0
vn 0 -1 0
vn 0 0 1
vn 0 0 1
vn 0 0 1
vn 0 0 1
vn 0 0 -1
vn 0 0 -1
vn 0 0 -1
vn 0 0 -1
f 1/1/1 3/3/3 2/2/2
f 3/3/3 4/4/4 2/2/2
f 5/5/5 7/7/7 6/6/6
f 7/7/7 8/8/8 6/6/6
f 9/9/9 11/11/11 10/10/10
f 11/11/11 12/12/12 10/10/10
f 13/13/13 15/15/15 14/14/14
f 15/15/15 16/16/16 14/14/14
f 17/17/17 19/19/19 18/18/18
f 19/19/19 20/20/20 18/18/18
f 21/21/21 23/23/23 22/22/22
f 23/23/23 24/24/24 22/22/22
o locker_door_0
usemtl blue
v -1.4949999868869783 0.12999999284744268 0.2550000008940697
v -1.5090625107288362 0.1309375143051148 0.2550000008940697
v -1.52124999165535 0.13375001907348638 0.2550000008940697
v -0.8909374892711641 0.1309375143051148 0.2550000008940697
v -0.905000013113022 0.12999999284744268 0.2550000008940697
v -1.4949999868869783 0.12999999284744268 0.2550000008940697
v -0.8684375107288362 0.13843750715255743 0.2550000008940697
v -0.8787500083446504 0.13375001907348638 0.2550000008940697
v -0.8909374892711641 0.1309375143051148 0.2550000008940697
v -0.8534374952316286 0.15343749284744268 0.2550000008940697
v -0.8599999964237215 0.14499997854232793 0.2550000008940697
v -0.8684375107288362 0.13843750715255743 0.2550000008940697
v -0.845937502384186 0.17593747138977056 0.2550000008940697
v -0.8487500071525576 0.1637499904632569 0.2550000008940697
v -0.8534374952316286 0.15343749284744268 0.2550000008940697
v -0.8450000107288362 1.9300000047683716 0.2550000008940697
v -0.8450000107288362 0.18999999523162847 0.2550000008940697
v -0.845937502384186 0.17593747138977056 0.2550000008940697
v -0.8487500071525576 1.9562500095367432 0.2550000008940697
v -0.845937502384186 1.9440625286102295 0.2550000008940697
v -0.8450000107288362 1.9300000047683716 0.2550000008940697
v -0.8599999964237215 1.9750000214576722 0.2550000008940697
v -0.8534374952316286 1.9665625071525574 0.2550000008940697
v -0.8487500071525576 1.9562500095367432 0.2550000008940697
v -0.8787500083446504 1.9862499809265137 0.2550000008940697
v -0.8684375107288362 1.9815624928474427 0.2550000008940697
v -0.8599999964237215 1.9750000214576722 0.2550000008940697
v -0.905000013113022 1.9900000071525574 0.2550000008940697
v -0.8909374892711641 1.9890624856948853 0.2550000008940697
v -0.8787500083446504 1.9862499809265137 0.2550000008940697
v -1.5090625107288362 1.9890624856948853 0.2550000008940697
v -1.4949999868869783 1.9900000071525574 0.2550000008940697
v -0.905000013113022 1.9900000071525574 0.2550000008940697
v -1.5315624892711641 1.9815624928474427 0.2550000008940697
v -1.52124999165535 1.9862499809265137 0.2550000008940697
v -1.5090625107288362 1.9890624856948853 0.2550000008940697
v -1.5465625047683718 1.9665625071525574 0.2550000008940697
v -1.5400000035762789 1.9750000214576722 0.2550000008940697
v -1.5315624892711641 1.9815624928474427 0.2550000008940697
v -1.5540624976158144 1.9440625286102295 0.2550000008940697
v -1.5512499928474428 1.9562500095367432 0.2550000008940697
v -1.5465625047683718 1.9665625071525574 0.2550000008940697
v -1.5549999892711641 0.18999999523162847 0.2550000008940697
v -1.5549999892711641 1.9300000047683716 0.2550000008940697
v -1.5540624976158144 1.9440625286102295 0.2550000008940697
v -1.5512499928474428 0.1637499904632569 0.2550000008940697
v -1.5540624976158144 0.17593747138977056 0.2550000008940697
v -1.5549999892711641 0.18999999523162847 0.2550000008940697
v -1.5400000035762789 0.14499997854232793 0.2550000008940697
v -1.5465625047683718 0.15343749284744268 0.2550000008940697
v -1.5512499928474428 0.1637499904632569 0.2550000008940697
v -1.52124999165535 0.13375001907348638 0.2550000008940697
v -1.5315624892711641 0.13843750715255743 0.2550000008940697
v -1.5400000035762789 0.14499997854232793 0.2550000008940697
v -0.8909374892711641 0.1309375143051148 0.2550000008940697
v -1.4949999868869783 0.12999999284744268 0.2550000008940697
v -1.52124999165535 0.13375001907348638 0.2550000008940697
v -0.8534374952316286 0.15343749284744268 0.2550000008940697
v -0.8684375107288362 0.13843750715255743 0.2550000008940697
v -0.8909374892711641 0.1309375143051148 0.2550000008940697
v -0.8450000107288362 1.9300000047683716 0.2550000008940697
v -0.845937502384186 0.17593747138977056 0.2550000008940697
v -0.8534374952316286 0.15343749284744268 0.2550000008940697
v -0.8599999964237215 1.9750000214576722 0.2550000008940697
v -0.8487500071525576 1.9562500095367432 0.2550000008940697
v -0.8450000107288362 1.9300000047683716 0.2550000008940697
v -0.905000013113022 1.9900000071525574 0.2550000008940697
v -0.8787500083446504 1.9862499809265137 0.2550000008940697
v -0.8599999964237215 1.9750000214576722 0.2550000008940697
v -1.5315624892711641 1.9815624928474427 0.2550000008940697
v -1.5090625107288362 1.9890624856948853 0.2550000008940697
v -0.905000013113022 1.9900000071525574 0.2550000008940697
v -1.5540624976158144 1.9440625286102295 0.2550000008940697
v -1.5465625047683718 1.9665625071525574 0.2550000008940697
v -1.5315624892711641 1.9815624928474427 0.2550000008940697
v -1.5512499928474428 0.1637499904632569 0.2550000008940697
v -1.5549999892711641 0.18999999523162847 0.2550000008940697
v -1.5540624976158144 1.9440625286102295 0.2550000008940697
v -1.52124999165535 0.13375001907348638 0.2550000008940697
v -1.5400000035762789 0.14499997854232793 0.2550000008940697
v -1.5512499928474428 0.1637499904632569 0.2550000008940697
v -0.8534374952316286 0.15343749284744268 0.2550000008940697
v -0.8909374892711641 0.1309375143051148 0.2550000008940697
v -1.52124999165535 0.13375001907348638 0.2550000008940697
v -0.8599999964237215 1.9750000214576722 0.2550000008940697
v -0.8450000107288362 1.9300000047683716 0.2550000008940697
v -0.8534374952316286 0.15343749284744268 0.2550000008940697
v -1.5315624892711641 1.9815624928474427 0.2550000008940697
v -0.905000013113022 1.9900000071525574 0.2550000008940697
v -0.8599999964237215 1.9750000214576722 0.2550000008940697
v -1.5512499928474428 0.1637499904632569 0.2550000008940697
v -1.5540624976158144 1.9440625286102295 0.2550000008940697
v -1.5315624892711641 1.9815624928474427 0.2550000008940697
v -0.8534374952316286 0.15343749284744268 0.2550000008940697
v -1.52124999165535 0.13375001907348638 0.2550000008940697
v -1.5512499928474428 0.1637499904632569 0.2550000008940697
v -1.5315624892711641 1.9815624928474427 0.2550000008940697
v -0.8599999964237215 1.9750000214576722 0.2550000008940697
v -0.8534374952316286 0.15343749284744268 0.2550000008940697
v -0.8534374952316286 0.15343749284744268 0.2550000008940697
v -1.5512499928474428 0.1637499904632569 0.2550000008940697
v -1.5315624892711641 1.9815624928474427 0.2550000008940697
v -1.52124999165535 0.13375001907348638 0.33499999910593037
v -1.5090625107288362 0.1309375143051148 0.33499999910593037
v -1.4949999868869783 0.12999999284744268 0.33499999910593037
v -1.4949999868869783 0.12999999284744268 0.33499999910593037
v -0.905000013113022 0.12999999284744268 0.33499999910593037
v -0.8909374892711641 0.1309375143051148 0.33499999910593037
v -0.8909374892711641 0.1309375143051148 0.33499999910593037
v -0.8787500083446504 0.13375001907348638 0.33499999910593037
v -0.8684375107288362 0.13843750715255743 0.33499999910593037
v -0.8684375107288362 0.13843750715255743 0.33499999910593037
v -0.8599999964237215 0.14499997854232793 0.33499999910593037
v -0.8534374952316286 0.15343749284744268 0.33499999910593037
v -0.8534374952316286 0.15343749284744268 0.33499999910593037
v -0.8487500071525576 0.1637499904632569 0.33499999910593037
v -0.845937502384186 0.17593747138977056 0.33499999910593037
v -0.845937502384186 0.17593747138977056 0.33499999910593037
v -0.8450000107288362 0.18999999523162847 0.33499999910593037
v -0.8450000107288362 1.9300000047683716 0.33499999910593037
v -0.8450000107288362 1.9300000047683716 0.33499999910593037
v -0.845937502384186 1.9440625286102295 0.33499999910593037
v -0.8487500071525576 1.9562500095367432 0.33499999910593037
v -0.8487500071525576 1.9562500095367432 0.33499999910593037
v -0.8534374952316286 1.9665625071525574 0.33499999910593037
v -0.8599999964237215 1.9750000214576722 0.33499999910593037
v -0.8599999964237215 1.9750000214576722 0.33499999910593037
v -0.8684375107288362 1.9815624928474427 0.33499999910593037
v -0.8787500083446504 1.9862499809265137 0.33499999910593037
v -0.8787500083446504 1.9862499809265137 0.33499999910593037
v -0.8909374892711641 1.9890624856948853 0.33499999910593037
v -0.905000013113022 1.9900000071525574 0.33499999910593037
v -0.905000013113022 1.9900000071525574 0.33499999910593037
v -1.4949999868869783 1.9900000071525574 0.33499999910593037
v -1.5090625107288362 1.9890624856948853 0.33499999910593037
v -1.5090625107288362 1.9890624856948853 0.33499999910593037
v -1.52124999165535 1.9862499809265137 0.33499999910593037
v -1.5315624892711641 1.9815624928474427 0.33499999910593037
v -1.5315624892711641 1.9815624928474427 0.33499999910593037
v -1.5400000035762789 1.9750000214576722 0.33499999910593037
v -1.5465625047683718 1.9665625071525574 0.33499999910593037
v -1.5465625047683718 1.9665625071525574 0.33499999910593037
v -1.5512499928474428 1.9562500095367432 0.33499999910593037
v -1.5540624976158144 1.9440625286102295 0.33499999910593037
v -1.5540624976158144 1.9440625286102295 0.33499999910593037
v -1.5549999892711641 1.9300000047683716 0.33499999910593037
v -1.5549999892711641 0.18999999523162847 0.33499999910593037
v -1.5549999892711641 0.18999999523162847 0.33499999910593037
v -1.5540624976158144 0.17593747138977056 0.33499999910593037
v -1.5512499928474428 0.1637499904632569 0.33499999910593037
v -1.5512499928474428 0.1637499904632569 0.33499999910593037
v -1.5465625047683718 0.15343749284744268 0.33499999910593037
v -1.5400000035762789 0.14499997854232793 0.33499999910593037
v -1.5400000035762789 0.14499997854232793 0.33499999910593037
v -1.5315624892711641 0.13843750715255743 0.33499999910593037
v -1.52124999165535 0.13375001907348638 0.33499999910593037
v -1.52124999165535 0.13375001907348638 0.33499999910593037
v -1.4949999868869783 0.12999999284744268 0.33499999910593037
v -0.8909374892711641 0.1309375143051148 0.33499999910593037
v -0.8909374892711641 0.1309375143051148 0.33499999910593037
v -0.8684375107288362 0.13843750715255743 0.33499999910593037
v -0.8534374952316286 0.15343749284744268 0.33499999910593037
v -0.8534374952316286 0.15343749284744268 0.33499999910593037
v -0.845937502384186 0.17593747138977056 0.33499999910593037
v -0.8450000107288362 1.9300000047683716 0.33499999910593037
v -0.8450000107288362 1.9300000047683716 0.33499999910593037
v -0.8487500071525576 1.9562500095367432 0.33499999910593037
v -0.8599999964237215 1.9750000214576722 0.33499999910593037
v -0.8599999964237215 1.9750000214576722 0.33499999910593037
v -0.8787500083446504 1.9862499809265137 0.33499999910593037
v -0.905000013113022 1.9900000071525574 0.33499999910593037
v -0.905000013113022 1.9900000071525574 0.33499999910593037
v -1.5090625107288362 1.9890624856948853 0.33499999910593037
v -1.5315624892711641 1.9815624928474427 0.33499999910593037
v -1.5315624892711641 1.9815624928474427 0.33499999910593037
v -1.5465625047683718 1.9665625071525574 0.33499999910593037
v -1.5540624976158144 1.9440625286102295 0.33499999910593037
v -1.5540624976158144 1.9440625286102295 0.33499999910593037
v -1.5549999892711641 0.18999999523162847 0.33499999910593037
v -1.5512499928474428 0.1637499904632569 0.33499999910593037
v -1.5512499928474428 0.1637499904632569 0.33499999910593037
v -1.5400000035762789 0.14499997854232793 0.33499999910593037
v -1.52124999165535 0.13375001907348638 0.33499999910593037
v -1.52124999165535 0.13375001907348638 0.33499999910593037
v -0.8909374892711641 0.1309375143051148 0.33499999910593037
v -0.8534374952316286 0.15343749284744268 0.33499999910593037
v -0.8534374952316286 0.15343749284744268 0.33499999910593037
v -0.8450000107288362 1.9300000047683716 0.33499999910593037
v -0.8599999964237215 1.9750000214576722 0.33499999910593037
v -0.8599999964237215 1.9750000214576722 0.33499999910593037
v -0.905000013113022 1.9900000071525574 0.33499999910593037
v -1.5315624892711641 1.9815624928474427 0.33499999910593037
v -1.5315624892711641 1.9815624928474427 0.33499999910593037
v -1.5540624976158144 1.9440625286102295 0.33499999910593037
v -1.5512499928474428 0.1637499904632569 0.33499999910593037
v -1.5512499928474428 0.1637499904632569 0.33499999910593037
v -1.52124999165535 0.13375001907348638 0.33499999910593037
v -0.8534374952316286 0.15343749284744268 0.33499999910593037
v -0.8534374952316286 0.15343749284744268 0.33499999910593037
v -0.8599999964237215 1.9750000214576722 0.33499999910593037
v -1.5315624892711641 1.9815624928474427 0.33499999910593037
v -1.5315624892711641 1.9815624928474427 0.33499999910593037
v -1.5512499928474428 0.1637499904632569 0.33499999910593037
v -0.8534374952316286 0.15343749284744268 0.33499999910593037
v -1.4949999868869783 0.12999999284744268 0.2550000008940697
v -0.905000013113022 0.12999999284744268 0.2550000008940697
v -1.4949999868869783 0.12999999284744268 0.33499999910593037
v -0.905000013113022 0.12999999284744268 0.2550000008940697
v -0.905000013113022 0.12999999284744268 0.33499999910593037
v -1.4949999868869783 0.12999999284744268 0.33499999910593037
v -0.905000013113022 0.12999999284744268 0.2550000008940697
v -0.8909374892711641 0.1309375143051148 0.2550000008940697
v -0.905000013113022 0.12999999284744268 0.33499999910593037
v -0.8909374892711641 0.1309375143051148 0.2550000008940697
v -0.8909374892711641 0.1309375143051148 0.33499999910593037
v -0.905000013113022 0.12999999284744268 0.33499999910593037
v -0.8909374892711641 0.1309375143051148 0.2550000008940697
v -0.8787500083446504 0.13375001907348638 0.2550000008940697
v -0.8909374892711641 0.1309375143051148 0.33499999910593037
v -0.8787500083446504 0.13375001907348638 0.2550000008940697
v -0.8787500083446504 0.13375001907348638 0.33499999910593037
v -0.8909374892711641 0.1309375143051148 0.33499999910593037
v -0.8787500083446504 0.13375001907348638 0.2550000008940697
v -0.8684375107288362 0.13843750715255743 0.2550000008940697
v -0.8787500083446504 0.13375001907348638 0.33499999910593037
v -0.8684375107288362 0.13843750715255743 0.2550000008940697
v -0.8684375107288362 0.13843750715255743 0.33499999910593037
v -0.8787500083446504 0.13375001907348638 0.33499999910593037
v -0.8684375107288362 0.13843750715255743 0.2550000008940697
v -0.8599999964237215 0.14499997854232793 0.2550000008940697
v -0.8684375107288362 0.13843750715255743 0.33499999910593037
v -0.8599999964237215 0.14499997854232793 0.2550000008940697
v -0.8599999964237215 0.14499997854232793 0.33499999910593037
v -0.8684375107288362 0.13843750715255743 0.33499999910593037
v -0.8599999964237215 0.14499997854232793 0.2550000008940697
v -0.8534374952316286 0.15343749284744268 0.2550000008940697
v -0.8599999964237215 0.14499997854232793 0.33499999910593037
v -0.8534374952316286 0.15343749284744268 0.2550000008940697
v -0.8534374952316286 0.15343749284744268 0.33499999910593037
v -0.8599999964237215 0.14499997854232793 0.33499999910593037
v -0.8534374952316286 0.15343749284744268 0.2550000008940697
v -0.8487500071525576 0.1637499904632569 0.2550000008940697
v -0.8534374952316286 0.15343749284744268 0.33499999910593037
v -0.8487500071525576 0.1637499904632569 0.2550000008940697
v -0.8487500071525576 0.1637499904632569 0.33499999910593037
v -0.8534374952316286 0.15343749284744268 0.33499999910593037
v -0.8487500071525576 0.1637499904632569 0.2550000008940697
v -0.845937502384186 0.17593747138977056 0.2550000008940697
v -0.8487500071525576 0.1637499904632569 0.33499999910593037
v -0.845937502384186 0.17593747138977056 0.2550000008940697
v -0.845937502384186 0.17593747138977056 0.33499999910593037
v -0.8487500071525576 0.1637499904632569 0.33499999910593037
v -0.845937502384186 0.17593747138977056 0.2550000008940697
v -0.8450000107288362 0.18999999523162847 0.2550000008940697
v -0.845937502384186 0.17593747138977056 0.33499999910593037
v -0.8450000107288362 0.18999999523162847 0.2550000008940697
v -0.8450000107288362 0.18999999523162847 0.33499999910593037
v -0.845937502384186 0.17593747138977056 0.33499999910593037
v -0.8450000107288362 0.18999999523162847 0.2550000008940697
v -0.8450000107288362 1.9300000047683716 0.2550000008940697
v -0.8450000107288362 0.18999999523162847 0.33499999910593037
v -0.8450000107288362 1.9300000047683716 0.2550000008940697
v -0.8450000107288362 1.9300000047683716 0.33499999910593037
v -0.8450000107288362 0.18999999523162847 0.33499999910593037
v -0.8450000107288362 1.9300000047683716 0.2550000008940697
v -0.845937502384186 1.9440625286102295 0.2550000008940697
v -0.8450000107288362 1.9300000047683716 0.33499999910593037
v -0.845937502384186 1.9440625286102295 0.2550000008940697
v -0.845937502384186 1.9440625286102295 0.33499999910593037
v -0.8450000107288362 1.9300000047683716 0.33499999910593037
v -0.845937502384186 1.9440625286102295 0.2550000008940697
v -0.8487500071525576 1.9562500095367432 0.2550000008940697
v -0.845937502384186 1.9440625286102295 0.33499999910593037
v -0.8487500071525576 1.9562500095367432 0.2550000008940697
v -0.8487500071525576 1.9562500095367432 0.33499999910593037
v -0.845937502384186 1.9440625286102295 0.33499999910593037
v -0.8487500071525576 1.9562500095367432 0.2550000008940697
v -0.8534374952316286 1.9665625071525574 0.2550000008940697
v -0.8487500071525576 1.9562500095367432 0.33499999910593037
v -0.8534374952316286 1.9665625071525574 0.2550000008940697
v -0.8534374952316286 1.9665625071525574 0.33499999910593037
v -0.8487500071525576 1.9562500095367432 0.33499999910593037
v -0.8534374952316286 1.9665625071525574 0.2550000008940697
v -0.8599999964237215 1.9750000214576722 0.2550000008940697
v -0.8534374952316286 1.9665625071525574 0.33499999910593037
v -0.8599999964237215 1.9750000214576722 0.2550000008940697
v -0.8599999964237215 1.9750000214576722 0.33499999910593037
v -0.8534374952316286 1.9665625071525574 0.33499999910593037
v -0.8599999964237215 1.9750000214576722 0.2550000008940697
v -0.8684375107288362 1.9815624928474427 0.2550000008940697
v -0.8599999964237215 1.9750000214576722 0.33499999910593037
v -0.8684375107288362 1.9815624928474427 0.2550000008940697
v -0.8684375107288362 1.9815624928474427 0.33499999910593037
v -0.8599999964237215 1.9750000214576722 0.33499999910593037
v -0.8684375107288362 1.9815624928474427 0.2550000008940697
v -0.8787500083446504 1.9862499809265137 0.2550000008940697
v -0.8684375107288362 1.9815624928474427 0.33499999910593037
v -0.8787500083446504 1.9862499809265137 0.2550000008940697
v -0.8787500083446504 1.9862499809265137 0.33499999910593037
v -0.8684375107288362 1.9815624928474427 0.33499999910593037
v -0.8787500083446504 1.9862499809265137 0.2550000008940697
v -0.8909374892711641 1.9890624856948853 0.2550000008940697
v -0.8787500083446504 1.9862499809265137 0.33499999910593037
v -0.8909374892711641 1.9890624856948853 0.2550000008940697
v -0.8909374892711641 1.9890624856948853 0.33499999910593037
v -0.8787500083446504 1.9862499809265137 0.33499999910593037
v -0.8909374892711641 1.9890624856948853 0.2550000008940697
v -0.905000013113022 1.9900000071525574 0.2550000008940697
v -0.8909374892711641 1.9890624856948853 0.33499999910593037
v -0.905000013113022 1.9900000071525574 0.2550000008940697
v -0.905000013113022 1.9900000071525574 0.33499999910593037
v -0.8909374892711641 1.9890624856948853 0.33499999910593037
v -0.905000013113022 1.9900000071525574 0.2550000008940697
v -1.4949999868869783 1.9900000071525574 0.2550000008940697
v -0.905000013113022 1.9900000071525574 0.33499999910593037
v -1.4949999868869783 1.9900000071525574 0.2550000008940697
v -1.4949999868869783 1.9900000071525574 0.33499999910593037
v -0.905000013113022 1.9900000071525574 0.33499999910593037
v -1.4949999868869783 1.9900000071525574 0.2550000008940697
v -1.5090625107288362 1.9890624856948853 0.2550000008940697
v -1.4949999868869783 1.9900000071525574 0.33499999910593037
v -1.5090625107288362 1.9890624856948853 0.2550000008940697
v -1.5090625107288362 1.9890624856948853 0.33499999910593037
v -1.4949999868869783 1.9900000071525574 0.33499999910593037
v -1.5090625107288362 1.9890624856948853 0.2550000008940697
v -1.52124999165535 1.9862499809265137 0.2550000008940697
v -1.5090625107288362 1.9890624856948853 0.33499999910593037
v -1.52124999165535 1.9862499809265137 0.2550000008940697
v -1.52124999165535 1.9862499809265137 0.33499999910593037
v -1.5090625107288362 1.9890624856948853 0.33499999910593037
v -1.52124999165535 1.9862499809265137 0.2550000008940697
v -1.5315624892711641 1.9815624928474427 0.2550000008940697
v -1.52124999165535 1.9862499809265137 0.33499999910593037
v -1.5315624892711641 1.9815624928474427 0.2550000008940697
v -1.5315624892711641 1.9815624928474427 0.33499999910593037
v -1.52124999165535 1.9862499809265137 0.33499999910593037
v -1.5315624892711641 1.9815624928474427 0.2550000008940697
v -1.5400000035762789 1.9750000214576722 0.2550000008940697
v -1.5315624892711641 1.9815624928474427 0.33499999910593037
v -1.5400000035762789 1.9750000214576722 0.2550000008940697
v -1.5400000035762789 1.9750000214576722 0.33499999910593037
v -1.5315624892711641 1.9815624928474427 0.33499999910593037
v -1.5400000035762789 1.9750000214576722 0.2550000008940697
v -1.5465625047683718 1.9665625071525574 0.2550000008940697
v -1.5400000035762789 1.9750000214576722 0.33499999910593037
v -1.5465625047683718 1.9665625071525574 0.2550000008940697
v -1.5465625047683718 1.9665625071525574 0.33499999910593037
v -1.5400000035762789 1.9750000214576722 0.33499999910593037
v -1.5465625047683718 1.9665625071525574 0.2550000008940697
v -1.5512499928474428 1.9562500095367432 0.2550000008940697
v -1.5465625047683718 1.9665625071525574 0.33499999910593037
v -1.5512499928474428 1.9562500095367432 0.2550000008940697
v -1.5512499928474428 1.9562500095367432 0.33499999910593037
v -1.5465625047683718 1.9665625071525574 0.33499999910593037
v -1.5512499928474428 1.9562500095367432 0.2550000008940697
v -1.5540624976158144 1.9440625286102295 0.2550000008940697
v -1.5512499928474428 1.9562500095367432 0.33499999910593037
v -1.5540624976158144 1.9440625286102295 0.2550000008940697
v -1.5540624976158144 1.9440625286102295 0.33499999910593037
v -1.5512499928474428 1.9562500095367432 0.33499999910593037
v -1.5540624976158144 1.9440625286102295 0.2550000008940697
v -1.5549999892711641 1.9300000047683716 0.2550000008940697
v -1.5540624976158144 1.9440625286102295 0.33499999910593037
v -1.5549999892711641 1.9300000047683716 0.2550000008940697
v -1.5549999892711641 1.9300000047683716 0.33499999910593037
v -1.5540624976158144 1.9440625286102295 0.33499999910593037
v -1.5549999892711641 1.9300000047683716 0.2550000008940697
v -1.5549999892711641 0.18999999523162847 0.2550000008940697
v -1.5549999892711641 1.9300000047683716 0.33499999910593037
v -1.5549999892711641 0.18999999523162847 0.2550000008940697
v -1.5549999892711641 0.18999999523162847 0.33499999910593037
v -1.5549999892711641 1.9300000047683716 0.33499999910593037
v -1.5549999892711641 0.18999999523162847 0.2550000008940697
v -1.5540624976158144 0.17593747138977056 0.2550000008940697
v -1.5549999892711641 0.18999999523162847 0.33499999910593037
v -1.5540624976158144 0.17593747138977056 0.2550000008940697
v -1.5540624976158144 0.17593747138977056 0.33499999910593037
v -1.5549999892711641 0.18999999523162847 0.33499999910593037
v -1.5540624976158144 0.17593747138977056 0.2550000008940697
v -1.5512499928474428 0.1637499904632569 0.2550000008940697
v -1.5540624976158144 0.17593747138977056 0.33499999910593037
v -1.5512499928474428 0.1637499904632569 0.2550000008940697
v -1.5512499928474428 0.1637499904632569 0.33499999910593037
v -1.5540624976158144 0.17593747138977056 0.33499999910593037
v -1.5512499928474428 0.1637499904632569 0.2550000008940697
v -1.5465625047683718 0.15343749284744268 0.2550000008940697
v -1.5512499928474428 0.1637499904632569 0.33499999910593037
v -1.5465625047683718 0.15343749284744268 0.2550000008940697
v -1.5465625047683718 0.15343749284744268 0.33499999910593037
v -1.5512499928474428 0.1637499904632569 0.33499999910593037
v -1.5465625047683718 0.15343749284744268 0.2550000008940697
v -1.5400000035762789 0.14499997854232793 0.2550000008940697
v -1.5465625047683718 0.15343749284744268 0.33499999910593037
v -1.5400000035762789 0.14499997854232793 0.2550000008940697
v -1.5400000035762789 0.14499997854232793 0.33499999910593037
v -1.5465625047683718 0.15343749284744268 0.33499999910593037
v -1.5400000035762789 0.14499997854232793 0.2550000008940697
v -1.5315624892711641 0.13843750715255743 0.2550000008940697
v -1.5400000035762789 0.14499997854232793 0.33499999910593037
v -1.5315624892711641 0.13843750715255743 0.2550000008940697
v -1.5315624892711641 0.13843750715255743 0.33499999910593037
v -1.5400000035762789 0.14499997854232793 0.33499999910593037
v -1.5315624892711641 0.13843750715255743 0.2550000008940697
v -1.52124999165535 0.13375001907348638 0.2550000008940697
v -1.5315624892711641 0.13843750715255743 0.33499999910593037
v -1.52124999165535 0.13375001907348638 0.2550000008940697
v -1.52124999165535 0.13375001907348638 0.33499999910593037
v -1.5315624892711641 0.13843750715255743 0.33499999910593037
v -1.52124999165535 0.13375001907348638 0.2550000008940697
v -1.5090625107288362 0.1309375143051148 0.2550000008940697
v -1.52124999165535 0.13375001907348638 0.33499999910593037
v -1.5090625107288362 0.1309375143051148 0.2550000008940697
v -1.5090625107288362 0.1309375143051148 0.33499999910593037
v -1.52124999165535 0.13375001907348638 0.33499999910593037
v -1.5090625107288362 0.1309375143051148 0.2550000008940697
v -1.4949999868869783 0.12999999284744268 0.2550000008940697
v -1.5090625107288362 0.1309375143051148 0.33499999910593037
v -1.4949999868869783 0.12999999284744268 0.2550000008940697
v -1.4949999868869783 0.12999999284744268 0.33499999910593037
v -1.5090625107288362 0.1309375143051148 0.33499999910593037
vt -0.29499998688697815 -0.9300000071525574
vt -0.30906251072883606 -0.9290624856948853
vt -0.32124999165534973 -0.9262499809265137
vt 0.30906251072883606 -0.9290624856948853
vt 0.29499998688697815 -0.9300000071525574
vt -0.29499998688697815 -0.9300000071525574
vt 0.33156248927116394 -0.9215624928474426
vt 0.32124999165534973 -0.9262499809265137
vt 0.30906251072883606 -0.9290624856948853
vt 0.3465625047683716 -0.9065625071525574
vt 0.3400000035762787 -0.9150000214576721
vt 0.33156248927116394 -0.9215624928474426
vt 0.3540624976158142 -0.8840625286102295
vt 0.3512499928474426 -0.8962500095367432
vt 0.3465625047683716 -0.9065625071525574
vt 0.35499998927116394 0.8700000047683716
vt 0.35499998927116394 -0.8700000047683716
vt 0.3540624976158142 -0.8840625286102295
vt 0.3512499928474426 0.8962500095367432
vt 0.3540624976158142 0.8840625286102295
vt 0.35499998927116394 0.8700000047683716
vt 0.3400000035762787 0.9150000214576721
vt 0.3465625047683716 0.9065625071525574
vt 0.3512499928474426 0.8962500095367432
vt 0.32124999165534973 0.9262499809265137
vt 0.33156248927116394 0.9215624928474426
vt 0.3400000035762787 0.9150000214576721
vt 0.29499998688697815 0.9300000071525574
vt 0.30906251072883606 0.9290624856948853
vt 0.32124999165534973 0.9262499809265137
vt -0.30906251072883606 0.9290624856948853
vt -0.29499998688697815 0.9300000071525574
vt 0.29499998688697815 0.9300000071525574
vt -0.33156248927116394 0.9215624928474426
vt -0.32124999165534973 0.9262499809265137
vt -0.30906251072883606 0.9290624856948853
vt -0.3465625047683716 0.9065625071525574
vt -0.3400000035762787 0.9150000214576721
vt -0.33156248927116394 0.9215624928474426
vt -0.3540624976158142 0.8840625286102295
vt -0.3512499928474426 0.8962500095367432
vt -0.3465625047683716 0.9065625071525574
vt -0.35499998927116394 -0.8700000047683716
vt -0.35499998927116394 0.8700000047683716
vt -0.3540624976158142 0.8840625286102295
vt -0.3512499928474426 -0.8962500095367432
vt -0.3540624976158142 -0.8840625286102295
vt -0.35499998927116394 -0.8700000047683716
vt -0.3400000035762787 -0.9150000214576721
vt -0.3465625047683716 -0.9065625071525574
vt -0.3512499928474426 -0.8962500095367432
vt -0.32124999165534973 -0.9262499809265137
vt -0.33156248927116394 -0.9215624928474426
vt -0.3400000035762787 -0.9150000214576721
vt 0.30906251072883606 -0.9290624856948853
vt -0.29499998688697815 -0.9300000071525574
vt -0.32124999165534973 -0.9262499809265137
vt 0.3465625047683716 -0.9065625071525574
vt 0.33156248927116394 -0.9215624928474426
vt 0.30906251072883606 -0.9290624856948853
vt 0.35499998927116394 0.8700000047683716
vt 0.3540624976158142 -0.8840625286102295
vt 0.3465625047683716 -0.9065625071525574
vt 0.3400000035762787 0.9150000214576721
vt 0.3512499928474426 0.8962500095367432
vt 0.35499998927116394 0.8700000047683716
vt 0.29499998688697815 0.9300000071525574
vt 0.32124999165534973 0.9262499809265137
vt 0.3400000035762787 0.9150000214576721
vt -0.33156248927116394 0.9215624928474426
vt -0.30906251072883606 0.9290624856948853
vt 0.29499998688697815 0.9300000071525574
vt -0.3540624976158142 0.8840625286102295
vt -0.3465625047683716 0.9065625071525574
vt -0.33156248927116394 0.9215624928474426
vt -0.3512499928474426 -0.8962500095367432
vt -0.35499998927116394 -0.8700000047683716
vt -0.3540624976158142 0.8840625286102295
vt -0.32124999165534973 -0.9262499809265137
vt -0.3400000035762787 -0.9150000214576721
vt -0.3512499928474426 -0.8962500095367432
vt 0.3465625047683716 -0.9065625071525574
vt 0.30906251072883606 -0.9290624856948853
vt -0.32124999165534973 -0.9262499809265137
vt 0.3400000035762787 0.9150000214576721
vt 0.35499998927116394 0.8700000047683716
vt 0.3465625047683716 -0.9065625071525574
vt -0.33156248927116394 0.9215624928474426
vt 0.29499998688697815 0.9300000071525574
vt 0.3400000035762787 0.9150000214576721
vt -0.3512499928474426 -0.8962500095367432
vt -0.3540624976158142 0.8840625286102295
vt -0.33156248927116394 0.9215624928474426
vt 0.3465625047683716 -0.9065625071525574
vt -0.32124999165534973 -0.9262499809265137
vt -0.3512499928474426 -0.8962500095367432
vt -0.33156248927116394 0.9215624928474426
vt 0.3400000035762787 0.9150000214576721
vt 0.3465625047683716 -0.9065625071525574
vt 0.3465625047683716 -0.9065625071525574
vt -0.3512499928474426 -0.8962500095367432
vt -0.33156248927116394 0.9215624928474426
vt -0.32124999165534973 -0.9262499809265137
vt -0.30906251072883606 -0.9290624856948853
vt -0.29499998688697815 -0.9300000071525574
vt -0.29499998688697815 -0.9300000071525574
vt 0.29499998688697815 -0.9300000071525574
vt 0.30906251072883606 -0.9290624856948853
vt 0.30906251072883606 -0.9290624856948853
vt 0.32124999165534973 -0.9262499809265137
vt 0.33156248927116394 -0.9215624928474426
vt 0.33156248927116394 -0.9215624928474426
vt 0.3400000035762787 -0.9150000214576721
vt 0.3465625047683716 -0.9065625071525574
vt 0.3465625047683716 -0.9065625071525574
vt 0.3512499928474426 -0.8962500095367432
vt 0.3540624976158142 -0.8840625286102295
vt 0.3540624976158142 -0.8840625286102295
vt 0.35499998927116394 -0.8700000047683716
vt 0.35499998927116394 0.8700000047683716
vt 0.35499998927116394 0.8700000047683716
vt 0.3540624976158142 0.8840625286102295
vt 0.3512499928474426 0.8962500095367432
vt 0.3512499928474426 0.8962500095367432
vt 0.3465625047683716 0.9065625071525574
vt 0.3400000035762787 0.9150000214576721
vt 0.3400000035762787 0.9150000214576721
vt 0.33156248927116394 0.9215624928474426
vt 0.32124999165534973 0.9262499809265137
vt 0.32124999165534973 0.9262499809265137
vt 0.30906251072883606 0.9290624856948853
vt 0.29499998688697815 0.9300000071525574
vt 0.29499998688697815 0.9300000071525574
vt -0.29499998688697815 0.9300000071525574
vt -0.30906251072883606 0.9290624856948853
vt -0.30906251072883606 0.9290624856948853
vt -0.32124999165534973 0.9262499809265137
vt -0.33156248927116394 0.9215624928474426
vt -0.33156248927116394 0.9215624928474426
vt -0.3400000035762787 0.9150000214576721
vt -0.3465625047683716 0.9065625071525574
vt -0.3465625047683716 0.9065625071525574
vt -0.3512499928474426 0.8962500095367432
vt -0.3540624976158142 0.8840625286102295
vt -0.3540624976158142 0.8840625286102295
vt -0.35499998927116394 0.8700000047683716
vt -0.35499998927116394 -0.8700000047683716
vt -0.35499998927116394 -0.8700000047683716
vt -0.3540624976158142 -0.8840625286102295
vt -0.3512499928474426 -0.8962500095367432
vt -0.3512499928474426 -0.8962500095367432
vt -0.3465625047683716 -0.9065625071525574
vt -0.3400000035762787 -0.9150000214576721
vt -0.3400000035762787 -0.9150000214576721
vt -0.33156248927116394 -0.9215624928474426
vt -0.32124999165534973 -0.9262499809265137
vt -0.32124999165534973 -0.9262499809265137
vt -0.29499998688697815 -0.9300000071525574
vt 0.30906251072883606 -0.9290624856948853
vt 0.30906251072883606 -0.9290624856948853
vt 0.33156248927116394 -0.9215624928474426
vt 0.3465625047683716 -0.9065625071525574
vt 0.3465625047683716 -0.9065625071525574
vt 0.3540624976158142 -0.8840625286102295
vt 0.35499998927116394 0.8700000047683716
vt 0.35499998927116394 0.8700000047683716
vt 0.3512499928474426 0.8962500095367432
vt 0.3400000035762787 0.9150000214576721
vt 0.3400000035762787 0.9150000214576721
vt 0.32124999165534973 0.9262499809265137
vt 0.29499998688697815 0.9300000071525574
vt 0.29499998688697815 0.9300000071525574
vt -0.30906251072883606 0.9290624856948853
vt -0.33156248927116394 0.9215624928474426
vt -0.33156248927116394 0.9215624928474426
vt -0.3465625047683716 0.9065625071525574
vt -0.3540624976158142 0.8840625286102295
vt -0.3540624976158142 0.8840625286102295
vt -0.35499998927116394 -0.8700000047683716
vt -0.3512499928474426 -0.8962500095367432
vt -0.3512499928474426 -0.8962500095367432
vt -0.3400000035762787 -0.9150000214576721
vt -0.32124999165534973 -0.9262499809265137
vt -0.32124999165534973 -0.9262499809265137
vt 0.30906251072883606 -0.9290624856948853
vt 0.3465625047683716 -0.9065625071525574
vt 0.3465625047683716 -0.9065625071525574
vt 0.35499998927116394 0.8700000047683716
vt 0.3400000035762787 0.9150000214576721
vt 0.3400000035762787 0.9150000214576721
vt 0.29499998688697815 0.9300000071525574
vt -0.33156248927116394 0.9215624928474426
vt -0.33156248927116394 0.9215624928474426
vt -0.3540624976158142 0.8840625286102295
vt -0.3512499928474426 -0.8962500095367432
vt -0.3512499928474426 -0.8962500095367432
vt -0.32124999165534973 -0.9262499809265137
vt 0.3465625047683716 -0.9065625071525574
vt 0.3465625047683716 -0.9065625071525574
vt 0.3400000035762787 0.9150000214576721
vt -0.33156248927116394 0.9215624928474426
vt -0.33156248927116394 0.9215624928474426
vt -0.3512499928474426 -0.8962500095367432
vt 0.3465625047683716 -0.9065625071525574
vt -0.29499998688697815 1
vt 0.29499998688697815 1
vt -0.29499998688697815 0.9200000166893005
vt 0.29499998688697815 1
vt 0.29499998688697815 0.9200000166893005
vt -0.29499998688697815 0.9200000166893005
vt 0.29499998688697815 1
vt 0.30906251072883606 1
vt 0.29499998688697815 0.9200000166893005
vt 0.30906251072883606 1
vt 0.30906251072883606 0.9200000166893005
vt 0.29499998688697815 0.9200000166893005
vt 0.30906251072883606 1
vt 0.32124999165534973 1
vt 0.30906251072883606 0.9200000166893005
vt 0.32124999165534973 1
vt 0.32124999165534973 0.9200000166893005
vt 0.30906251072883606 0.9200000166893005
vt 0.32124999165534973 1
vt 0.33156248927116394 1
vt 0.32124999165534973 0.9200000166893005
vt 0.33156248927116394 1
vt 0.33156248927116394 0.9200000166893005
vt 0.32124999165534973 0.9200000166893005
vt 0.33156248927116394 1
vt 0.3400000035762787 1
vt 0.33156248927116394 0.9200000166893005
vt 0.3400000035762787 1
vt 0.3400000035762787 0.9200000166893005
vt 0.33156248927116394 0.9200000166893005
vt -0.9150000214576721 1
vt -0.9065625071525574 1
vt -0.9150000214576721 0.9200000166893005
vt -0.9065625071525574 1
vt -0.9065625071525574 0.9200000166893005
vt -0.9150000214576721 0.9200000166893005
vt -0.9065625071525574 1
vt -0.8962500095367432 1
vt -0.9065625071525574 0.9200000166893005
vt -0.8962500095367432 1
vt -0.8962500095367432 0.9200000166893005
vt -0.9065625071525574 0.9200000166893005
vt -0.8962500095367432 1
vt -0.8840625286102295 1
vt -0.8962500095367432 0.9200000166893005
vt -0.8840625286102295 1
vt -0.8840625286102295 0.9200000166893005
vt -0.8962500095367432 0.9200000166893005
vt -0.8840625286102295 1
vt -0.8700000047683716 1
vt -0.8840625286102295 0.9200000166893005
vt -0.8700000047683716 1
vt -0.8700000047683716 0.9200000166893005
vt -0.8840625286102295 0.9200000166893005
vt -0.8700000047683716 1
vt 0.8700000047683716 1
vt -0.8700000047683716 0.9200000166893005
vt 0.8700000047683716 1
vt 0.8700000047683716 0.9200000166893005
vt -0.8700000047683716 0.9200000166893005
vt 0.8700000047683716 1
vt 0.8840625286102295 1
vt 0.8700000047683716 0.9200000166893005
vt 0.8840625286102295 1
vt 0.8840625286102295 0.9200000166893005
vt 0.8700000047683716 0.9200000166893005
vt 0.8840625286102295 1
vt 0.8962500095367432 1
vt 0.8840625286102295 0.9200000166893005
vt 0.8962500095367432 1
vt 0.8962500095367432 0.9200000166893005
vt 0.8840625286102295 0.9200000166893005
vt 0.8962500095367432 1
vt 0.9065625071525574 1
vt 0.8962500095367432 0.9200000166893005
vt 0.9065625071525574 1
vt 0.9065625071525574 0.9200000166893005
vt 0.8962500095367432 0.9200000166893005
vt 0.9065625071525574 1
vt 0.9150000214576721 1
vt 0.9065625071525574 0.9200000166893005
vt 0.9150000214576721 1
vt 0.9150000214576721 0.9200000166893005
vt 0.9065625071525574 0.9200000166893005
vt 0.3400000035762787 1
vt 0.33156248927116394 1
vt 0.3400000035762787 0.9200000166893005
vt 0.33156248927116394 1
vt 0.33156248927116394 0.9200000166893005
vt 0.3400000035762787 0.9200000166893005
vt 0.33156248927116394 1
vt 0.32124999165534973 1
vt 0.33156248927116394 0.9200000166893005
vt 0.32124999165534973 1
vt 0.32124999165534973 0.9200000166893005
vt 0.33156248927116394 0.9200000166893005
vt 0.32124999165534973 1
vt 0.30906251072883606 1
vt 0.32124999165534973 0.9200000166893005
vt 0.30906251072883606 1
vt 0.30906251072883606 0.9200000166893005
vt 0.32124999165534973 0.9200000166893005
vt 0.30906251072883606 1
vt 0.29499998688697815 1
vt 0.30906251072883606 0.9200000166893005
vt 0.29499998688697815 1
vt 0.29499998688697815 0.9200000166893005
vt 0.30906251072883606 0.9200000166893005
vt 0.29499998688697815 1
vt -0.29499998688697815 1
vt 0.29499998688697815 0.9200000166893005
vt -0.29499998688697815 1
vt -0.29499998688697815 0.9200000166893005
vt 0.29499998688697815 0.9200000166893005
vt -0.29499998688697815 1
vt -0.30906251072883606 1
vt -0.29499998688697815 0.9200000166893005
vt -0.30906251072883606 1
vt -0.30906251072883606 0.9200000166893005
vt -0.29499998688697815 0.9200000166893005
vt -0.30906251072883606 1
vt -0.32124999165534973 1
vt -0.30906251072883606 0.9200000166893005
vt -0.32124999165534973 1
vt -0.32124999165534973 0.9200000166893005
vt -0.30906251072883606 0.9200000166893005
vt -0.32124999165534973 1
vt -0.33156248927116394 1
vt -0.32124999165534973 0.9200000166893005
vt -0.33156248927116394 1
vt -0.33156248927116394 0.9200000166893005
vt -0.32124999165534973 0.9200000166893005
vt -0.33156248927116394 1
vt -0.3400000035762787 1
vt -0.33156248927116394 0.9200000166893005
vt -0.3400000035762787 1
vt -0.3400000035762787 0.9200000166893005
vt -0.33156248927116394 0.9200000166893005
vt 0.9150000214576721 1
vt 0.9065625071525574 1
vt 0.9150000214576721 0.9200000166893005
vt 0.9065625071525574 1
vt 0.9065625071525574 0.9200000166893005
vt 0.9150000214576721 0.9200000166893005
vt 0.9065625071525574 1
vt 0.8962500095367432 1
vt 0.9065625071525574 0.9200000166893005
vt 0.8962500095367432 1
vt 0.8962500095367432 0.9200000166893005
vt 0.9065625071525574 0.9200000166893005
vt 0.8962500095367432 1
vt 0.8840625286102295 1
vt 0.8962500095367432 0.9200000166893005
vt 0.8840625286102295 1
vt 0.8840625286102295 0.9200000166893005
vt 0.8962500095367432 0.9200000166893005
vt 0.8840625286102295 1
vt 0.8700000047683716 1
vt 0.8840625286102295 0.9200000166893005
vt 0.8700000047683716 1
vt 0.8700000047683716 0.9200000166893005
vt 0.8840625286102295 0.9200000166893005
vt 0.8700000047683716 1
vt -0.8700000047683716 1
vt 0.8700000047683716 0.9200000166893005
vt -0.8700000047683716 1
vt -0.8700000047683716 0.9200000166893005
vt 0.8700000047683716 0.9200000166893005
vt -0.8700000047683716 1
vt -0.8840625286102295 1
vt -0.8700000047683716 0.9200000166893005
vt -0.8840625286102295 1
vt -0.8840625286102295 0.9200000166893005
vt -0.8700000047683716 0.9200000166893005
vt -0.8840625286102295 1
vt -0.8962500095367432 1
vt -0.8840625286102295 0.9200000166893005
vt -0.8962500095367432 1
vt -0.8962500095367432 0.9200000166893005
vt -0.8840625286102295 0.9200000166893005
vt -0.8962500095367432 1
vt -0.9065625071525574 1
vt -0.8962500095367432 0.9200000166893005
vt -0.9065625071525574 1
vt -0.9065625071525574 0.9200000166893005
vt -0.8962500095367432 0.9200000166893005
vt -0.9065625071525574 1
vt -0.9150000214576721 1
vt -0.9065625071525574 0.9200000166893005
vt -0.9150000214576721 1
vt -0.9150000214576721 0.9200000166893005
vt -0.9065625071525574 0.9200000166893005
vt -0.3400000035762787 1
vt -0.33156248927116394 1
vt -0.3400000035762787 0.9200000166893005
vt -0.33156248927116394 1
vt -0.33156248927116394 0.9200000166893005
vt -0.3400000035762787 0.9200000166893005
vt -0.33156248927116394 1
vt -0.32124999165534973 1
vt -0.33156248927116394 0.9200000166893005
vt -0.32124999165534973 1
vt -0.32124999165534973 0.9200000166893005
vt -0.33156248927116394 0.9200000166893005
vt -0.32124999165534973 1
vt -0.30906251072883606 1
vt -0.32124999165534973 0.9200000166893005
vt -0.30906251072883606 1
vt -0.30906251072883606 0.9200000166893005
vt -0.32124999165534973 0.9200000166893005
vt -0.30906251072883606 1
vt -0.29499998688697815 1
vt -0.30906251072883606 0.9200000166893005
vt -0.29499998688697815 1
vt -0.29499998688697815 0.9200000166893005
vt -0.30906251072883606 0.9200000166893005
vn 0 0 -1
vn 0 0 -1
vn 0 0 -1
vn 0 0 -1
vn 0 0 -1
vn 0 0 -1
vn 0 0 -1
vn 0 0 -1
vn 0 0 -1
vn 0 0 -1
vn 0 0 -1
vn 0 0 -1
vn 0 0 -1
vn 0 0 -1
vn 0 0 -1
vn 0 0 -1
vn 0 0 -1
vn 0 0 -1
vn 0 0 -1
vn 0 0 -1
vn 0 0 -1
vn 0 0 -1
vn 0 0 -1
vn 0 0 -1
vn 0 0 -1
vn 0 0 -1
vn 0 0 -1
vn 0 0 -1
vn 0 0 -1
vn 0 0 -1
vn 0 0 -1
vn 0 0 -1
vn 0 0 -1
vn 0 0 -1
vn 0 0 -1
vn 0 0 -1
vn 0 0 -1
vn 0 0 -1
vn 0 0 -1
vn 0 0 -1
vn 0 0 -1
vn 0 0 -1
vn 0 0 -1
vn 0 0 -1
vn 0 0 -1
vn 0 0 -1
vn 0 0 -1
vn 0 0 -1
vn 0 0 -1
vn 0 0 -1
vn 0 0 -1
vn 0 0 -1
vn 0 0 -1
vn 0 0 -1
vn 0 0 -1
vn 0 0 -1
vn 0 0 -1
vn 0 0 -1
vn 0 0 -1
vn 0 0 -1
vn 0 0 -1
vn 0 0 -1
vn 0 0 -1
vn 0 0 -1
vn 0 0 -1
vn 0 0 -1
vn 0 0 -1
vn 0 0 -1
vn 0 0 -1
vn 0 0 -1
vn 0 0 -1
vn 0 0 -1
vn 0 0 -1
vn 0 0 -1
vn 0 0 -1
vn 0 0 -1
vn 0 0 -1
vn 0 0 -1
vn 0 0 -1
vn 0 0 -1
vn 0 0 -1
vn 0 0 -1
vn 0 0 -1
vn 0 0 -1
vn 0 0 -1
vn 0 0 -1
vn 0 0 -1
vn 0 0 -1
vn 0 0 -1
vn 0 0 -1
vn 0 0 -1
vn 0 0 -1
vn 0 0 -1
vn 0 0 -1
vn 0 0 -1
vn 0 0 -1
vn 0 0 -1
vn 0 0 -1
vn 0 0 -1
vn 0 0 -1
vn 0 0 -1
vn 0 0 -1
vn 0 0 1
vn 0 0 1
vn 0 0 1
vn 0 0 1
vn 0 0 1
vn 0 0 1
vn 0 0 1
vn 0 0 1
vn 0 0 1
vn 0 0 1
vn 0 0 1
vn 0 0 1
vn 0 0 1
vn 0 0 1
vn 0 0 1
vn 0 0 1
vn 0 0 1
vn 0 0 1
vn 0 0 1
vn 0 0 1
vn 0 0 1
vn 0 0 1
vn 0 0 1
vn 0 0 1
vn 0 0 1
vn 0 0 1
vn 0 0 1
vn 0 0 1
vn 0 0 1
vn 0 0 1
vn 0 0 1
vn 0 0 1
vn 0 0 1
vn 0 0 1
vn 0 0 1
vn 0 0 1
vn 0 0 1
vn 0 0 1
vn 0 0 1
vn 0 0 1
vn 0 0 1
vn 0 0 1
vn 0 0 1
vn 0 0 1
vn 0 0 1
vn 0 0 1
vn 0 0 1
vn 0 0 1
vn 0 0 1
vn 0 0 1
vn 0 0 1
vn 0 0 1
vn 0 0 1
vn 0 0 1
vn 0 0 1
vn 0 0 1
vn 0 0 1
vn 0 0 1
vn 0 0 1
vn 0 0 1
vn 0 0 1
vn 0 0 1
vn 0 0 1
vn 0 0 1
vn 0 0 1
vn 0 0 1
vn 0 0 1
vn 0 0 1
vn 0 0 1
vn 0 0 1
vn 0 0 1
vn 0 0 1
vn 0 0 1
vn 0 0 1
vn 0 0 1
vn 0 0 1
vn 0 0 1
vn 0 0 1
vn 0 0 1
vn 0 0 1
vn 0 0 1
vn 0 0 1
vn 0 0 1
vn 0 0 1
vn 0 0 1
vn 0 0 1
vn 0 0 1
vn 0 0 1
vn 0 0 1
vn 0 0 1
vn 0 0 1
vn 0 0 1
vn 0 0 1
vn 0 0 1
vn 0 0 1
vn 0 0 1
vn 0 0 1
vn 0 0 1
vn 0 0 1
vn 0 0 1
vn 0 0 1
vn 0 0 1
vn 0 -1 0
vn 0 -1 0
vn 0 -1 0
vn 0 -1 0
vn 0 -1 0
vn 0 -1 0
vn 0.06652040602401094 -0.9977850648222796 0
vn 0.06652040602401094 -0.9977850648222796 0
vn 0.06652040602401094 -0.9977850648222796 0
vn 0.06652040602401094 -0.9977850648222796 0
vn 0.06652040602401094 -0.9977850648222796 0
vn 0.06652040602401094 -0.9977850648222796 0
vn 0.22486020429069606 -0.9743910347116022 0
vn 0.22486020429069606 -0.9743910347116022 0
vn 0.22486020429069606 -0.9743910347116022 0
vn 0.22486020429069606 -0.9743910347116022 0
vn 0.22486020429069606 -0.9743910347116022 0
vn 0.22486020429069606 -0.9743910347116022 0
vn 0.413802174135545 -0.9103668275375021 0
vn 0.413802174135545 -0.9103668275375021 0
vn 0.413802174135545 -0.9103668275375021 0
vn 0.413802174135545 -0.9103668275375021 0
vn 0.413802174135545 -0.9103668275375021 0
vn 0.413802174135545 -0.9103668275375021 0
vn 0.6139383150655777 -0.789354005053778 0
vn 0.6139383150655777 -0.789354005053778 0
vn 0.6139383150655777 -0.789354005053778 0
vn 0.6139383150655777 -0.789354005053778 0
vn 0.6139383150655777 -0.789354005053778 0
vn 0.6139383150655777 -0.789354005053778 0
vn 0.7893526506560449 -0.6139400564405909 0
vn 0.7893526506560449 -0.6139400564405909 0
vn 0.7893526506560449 -0.6139400564405909 0
vn 0.7893526506560449 -0.6139400564405909 0
vn 0.7893526506560449 -0.6139400564405909 0
vn 0.7893526506560449 -0.6139400564405909 0
vn 0.9103668275375021 -0.413802174135545 0
vn 0.9103668275375021 -0.413802174135545 0
vn 0.9103668275375021 -0.413802174135545 0
vn 0.9103668275375021 -0.413802174135545 0
vn 0.9103668275375021 -0.413802174135545 0
vn 0.9103668275375021 -0.413802174135545 0
vn 0.9743910347116022 -0.22486020429069606 0
vn 0.9743910347116022 -0.22486020429069606 0
vn 0.9743910347116022 -0.22486020429069606 0
vn 0.9743910347116022 -0.22486020429069606 0
vn 0.9743910347116022 -0.22486020429069606 0
vn 0.9743910347116022 -0.22486020429069606 0
vn 0.9977852048016114 -0.06651830634499353 0
vn 0.9977852048016114 -0.06651830634499353 0
vn 0.9977852048016114 -0.06651830634499353 0
vn 0.9977852048016114 -0.06651830634499353 0
vn 0.9977852048016114 -0.06651830634499353 0
vn 0.9977852048016114 -0.06651830634499353 0
vn 1 0 0
vn 1 0 0
vn 1 0 0
vn 1 0 0
vn 1 0 0
vn 1 0 0
vn 0.9977852048016114 0.06651830634499353 0
vn 0.9977852048016114 0.06651830634499353 0
vn 0.9977852048016114 0.06651830634499353 0
vn 0.9977852048016114 0.06651830634499353 0
vn 0.9977852048016114 0.06651830634499353 0
vn 0.9977852048016114 0.06651830634499353 0
vn 0.9743910347116022 0.22486020429069606 0
vn 0.9743910347116022 0.22486020429069606 0
vn 0.9743910347116022 0.22486020429069606 0
vn 0.9743910347116022 0.22486020429069606 0
vn 0.9743910347116022 0.22486020429069606 0
vn 0.9743910347116022 0.22486020429069606 0
vn 0.9103668275375021 0.413802174135545 0
vn 0.9103668275375021 0.413802174135545 0
vn 0.9103668275375021 0.413802174135545 0
vn 0.9103668275375021 0.413802174135545 0
vn 0.9103668275375021 0.413802174135545 0
vn 0.9103668275375021 0.413802174135545 0
vn 0.7893526506560449 0.6139400564405909 0
vn 0.7893526506560449 0.6139400564405909 0
vn 0.7893526506560449 0.6139400564405909 0
vn 0.7893526506560449 0.6139400564405909 0
vn 0.7893526506560449 0.6139400564405909 0
vn 0.7893526506560449 0.6139400564405909 0
vn 0.6139383150655777 0.789354005053778 0
vn 0.6139383150655777 0.789354005053778 0
vn 0.6139383150655777 0.789354005053778 0
vn 0.6139383150655777 0.789354005053778 0
vn 0.6139383150655777 0.789354005053778 0
vn 0.6139383150655777 0.789354005053778 0
vn 0.413802174135545 0.9103668275375021 0
vn 0.413802174135545 0.9103668275375021 0
vn 0.413802174135545 0.9103668275375021 0
vn 0.413802174135545 0.9103668275375021 0
vn 0.413802174135545 0.9103668275375021 0
vn 0.413802174135545 0.9103668275375021 0
vn 0.22486020429069606 0.9743910347116022 0
vn 0.22486020429069606 0.9743910347116022 0
vn 0.22486020429069606 0.9743910347116022 0
vn 0.22486020429069606 0.9743910347116022 0
vn 0.22486020429069606 0.9743910347116022 0
vn 0.22486020429069606 0.9743910347116022 0
vn 0.06652040602401094 0.9977850648222796 0
vn 0.06652040602401094 0.9977850648222796 0
vn 0.06652040602401094 0.9977850648222796 0
vn 0.06652040602401094 0.9977850648222796 0
vn 0.06652040602401094 0.9977850648222796 0
vn 0.06652040602401094 0.9977850648222796 0
vn 0 1 0
vn 0 1 0
vn 0 1 0
vn 0 1 0
vn 0 1 0
vn 0 1 0
vn -0.06652040602401094 0.9977850648222796 0
vn -0.06652040602401094 0.9977850648222796 0
vn -0.06652040602401094 0.9977850648222796 0
vn -0.06652040602401094 0.9977850648222796 0
vn -0.06652040602401094 0.9977850648222796 0
vn -0.06652040602401094 0.9977850648222796 0
vn -0.22486020429069606 0.9743910347116022 0
vn -0.22486020429069606 0.9743910347116022 0
vn -0.22486020429069606 0.9743910347116022 0
vn -0.22486020429069606 0.9743910347116022 0
vn -0.22486020429069606 0.9743910347116022 0
vn -0.22486020429069606 0.9743910347116022 0
vn -0.413802174135545 0.9103668275375021 0
vn -0.413802174135545 0.9103668275375021 0
vn -0.413802174135545 0.9103668275375021 0
vn -0.413802174135545 0.9103668275375021 0
vn -0.413802174135545 0.9103668275375021 0
vn -0.413802174135545 0.9103668275375021 0
vn -0.6139383150655777 0.789354005053778 0
vn -0.6139383150655777 0.789354005053778 0
vn -0.6139383150655777 0.789354005053778 0
vn -0.6139383150655777 0.789354005053778 0
vn -0.6139383150655777 0.789354005053778 0
vn -0.6139383150655777 0.789354005053778 0
vn -0.7893526506560449 0.6139400564405909 0
vn -0.7893526506560449 0.6139400564405909 0
vn -0.7893526506560449 0.6139400564405909 0
vn -0.7893526506560449 0.6139400564405909 0
vn -0.7893526506560449 0.6139400564405909 0
vn -0.7893526506560449 0.6139400564405909 0
vn -0.9103668275375021 0.413802174135545 0
vn -0.9103668275375021 0.413802174135545 0
vn -0.9103668275375021 0.413802174135545 0
vn -0.9103668275375021 0.413802174135545 0
vn -0.9103668275375021 0.413802174135545 0
vn -0.9103668275375021 0.413802174135545 0
vn -0.9743910347116022 0.22486020429069606 0
vn -0.9743910347116022 0.22486020429069606 0
vn -0.9743910347116022 0.22486020429069606 0
vn -0.9743910347116022 0.22486020429069606 0
vn -0.9743910347116022 0.22486020429069606 0
vn -0.9743910347116022 0.22486020429069606 0
vn -0.9977852048016114 0.06651830634499353 0
vn -0.9977852048016114 0.06651830634499353 0
vn -0.9977852048016114 0.06651830634499353 0
vn -0.9977852048016114 0.06651830634499353 0
vn -0.9977852048016114 0.06651830634499353 0
vn -0.9977852048016114 0.06651830634499353 0
vn -1 0 0
vn -1 0 0
vn -1 0 0
vn -1 0 0
vn -1 0 0
vn -1 0 0
vn -0.9977852048016114 -0.06651830634499353 0
vn -0.9977852048016114 -0.06651830634499353 0
vn -0.9977852048016114 -0.06651830634499353 0
vn -0.9977852048016114 -0.06651830634499353 0
vn -0.9977852048016114 -0.06651830634499353 0
vn -0.9977852048016114 -0.06651830634499353 0
vn -0.9743910347116022 -0.22486020429069606 0
vn -0.9743910347116022 -0.22486020429069606 0
vn -0.9743910347116022 -0.22486020429069606 0
vn -0.9743910347116022 -0.22486020429069606 0
vn -0.9743910347116022 -0.22486020429069606 0
vn -0.9743910347116022 -0.22486020429069606 0
vn -0.9103668275375021 -0.413802174135545 0
vn -0.9103668275375021 -0.413802174135545 0
vn -0.9103668275375021 -0.413802174135545 0
vn -0.9103668275375021 -0.413802174135545 0
vn -0.9103668275375021 -0.413802174135545 0
vn -0.9103668275375021 -0.413802174135545 0
vn -0.7893526506560449 -0.6139400564405909 0
vn -0.7893526506560449 -0.6139400564405909 0
vn -0.7893526506560449 -0.6139400564405909 0
vn -0.7893526506560449 -0.6139400564405909 0
vn -0.7893526506560449 -0.6139400564405909 0
vn -0.7893526506560449 -0.6139400564405909 0
vn -0.6139383150655777 -0.789354005053778 0
vn -0.6139383150655777 -0.789354005053778 0
vn -0.6139383150655777 -0.789354005053778 0
vn -0.6139383150655777 -0.789354005053778 0
vn -0.6139383150655777 -0.789354005053778 0
vn -0.6139383150655777 -0.789354005053778 0
vn -0.413802174135545 -0.9103668275375021 0
vn -0.413802174135545 -0.9103668275375021 0
vn -0.413802174135545 -0.9103668275375021 0
vn -0.413802174135545 -0.9103668275375021 0
vn -0.413802174135545 -0.9103668275375021 0
vn -0.413802174135545 -0.9103668275375021 0
vn -0.22486020429069606 -0.9743910347116022 0
vn -0.22486020429069606 -0.9743910347116022 0
vn -0.22486020429069606 -0.9743910347116022 0
vn -0.22486020429069606 -0.9743910347116022 0
vn -0.22486020429069606 -0.9743910347116022 0
vn -0.22486020429069606 -0.9743910347116022 0
vn -0.06652040602401094 -0.9977850648222796 0
vn -0.06652040602401094 -0.9977850648222796 0
vn -0.06652040602401094 -0.9977850648222796 0
vn -0.06652040602401094 -0.9977850648222796 0
vn -0.06652040602401094 -0.9977850648222796 0
vn -0.06652040602401094 -0.9977850648222796 0
f 25/25/25 26/26/26 27/27/27
f 28/28/28 29/29/29 30/30/30
f 31/31/31 32/32/32 33/33/33
f 34/34/34 35/35/35 36/36/36
f 37/37/37 38/38/38 39/39/39
f 40/40/40 41/41/41 42/42/42
f 43/43/43 44/44/44 45/45/45
f 46/46/46 47/47/47 48/48/48
f 49/49/49 50/50/50 51/51/51
f 52/52/52 53/53/53 54/54/54
f 55/55/55 56/56/56 57/57/57
f 58/58/58 59/59/59 60/60/60
f 61/61/61 62/62/62 63/63/63
f 64/64/64 65/65/65 66/66/66
f 67/67/67 68/68/68 69/69/69
f 70/70/70 71/71/71 72/72/72
f 73/73/73 74/74/74 75/75/75
f 76/76/76 77/77/77 78/78/78
f 79/79/79 80/80/80 81/81/81
f 82/82/82 83/83/83 84/84/84
f 85/85/85 86/86/86 87/87/87
f 88/88/88 89/89/89 90/90/90
f 91/91/91 92/92/92 93/93/93
f 94/94/94 95/95/95 96/96/96
f 97/97/97 98/98/98 99/99/99
f 100/100/100 101/101/101 102/102/102
f 103/103/103 104/104/104 105/105/105
f 106/106/106 107/107/107 108/108/108
f 109/109/109 110/110/110 111/111/111
f 112/112/112 113/113/113 114/114/114
f 115/115/115 116/116/116 117/117/117
f 118/118/118 119/119/119 120/120/120
f 121/121/121 122/122/122 123/123/123
f 124/124/124 125/125/125 126/126/126
f 127/127/127 128/128/128 129/129/129
f 130/130/130 131/131/131 132/132/132
f 133/133/133 134/134/134 135/135/135
f 136/136/136 137/137/137 138/138/138
f 139/139/139 140/140/140 141/141/141
f 142/142/142 143/143/143 144/144/144
f 145/145/145 146/146/146 147/147/147
f 148/148/148 149/149/149 150/150/150
f 151/151/151 152/152/152 153/153/153
f 154/154/154 155/155/155 156/156/156
f 157/157/157 158/158/158 159/159/159
f 160/160/160 161/161/161 162/162/162
f 163/163/163 164/164/164 165/165/165
f 166/166/166 167/167/167 168/168/168
f 169/169/169 170/170/170 171/171/171
f 172/172/172 173/173/173 174/174/174
f 175/175/175 176/176/176 177/177/177
f 178/178/178 179/179/179 180/180/180
f 181/181/181 182/182/182 183/183/183
f 184/184/184 185/185/185 186/186/186
f 187/187/187 188/188/188 189/189/189
f 190/190/190 191/191/191 192/192/192
f 193/193/193 194/194/194 195/195/195
f 196/196/196 197/197/197 198/198/198
f 199/199/199 200/200/200 201/201/201
f 202/202/202 203/203/203 204/204/204
f 205/205/205 206/206/206 207/207/207
f 208/208/208 209/209/209 210/210/210
f 211/211/211 212/212/212 213/213/213
f 214/214/214 215/215/215 216/216/216
f 217/217/217 218/218/218 219/219/219
f 220/220/220 221/221/221 222/222/222
f 223/223/223 224/224/224 225/225/225
f 226/226/226 227/227/227 228/228/228
f 229/229/229 230/230/230 231/231/231
f 232/232/232 233/233/233 234/234/234
f 235/235/235 236/236/236 237/237/237
f 238/238/238 239/239/239 240/240/240
f 241/241/241 242/242/242 243/243/243
f 244/244/244 245/245/245 246/246/246
f 247/247/247 248/248/248 249/249/249
f 250/250/250 251/251/251 252/252/252
f 253/253/253 254/254/254 255/255/255
f 256/256/256 257/257/257 258/258/258
f 259/259/259 260/260/260 261/261/261
f 262/262/262 263/263/263 264/264/264
f 265/265/265 266/266/266 267/267/267
f 268/268/268 269/269/269 270/270/270
f 271/271/271 272/272/272 273/273/273
f 274/274/274 275/275/275 276/276/276
f 277/277/277 278/278/278 279/279/279
f 280/280/280 281/281/281 282/282/282
f 283/283/283 284/284/284 285/285/285
f 286/286/286 287/287/287 288/288/288
f 289/289/289 290/290/290 291/291/291
f 292/292/292 293/293/293 294/294/294
f 295/295/295 296/296/296 297/297/297
f 298/298/298 299/299/299 300/300/300
f 301/301/301 302/302/302 303/303/303
f 304/304/304 305/305/305 306/306/306
f 307/307/307 308/308/308 309/309/309
f 310/310/310 311/311/311 312/312/312
f 313/313/313 314/314/314 315/315/315
f 316/316/316 317/317/317 318/318/318
f 319/319/319 320/320/320 321/321/321
f 322/322/322 323/323/323 324/324/324
f 325/325/325 326/326/326 327/327/327
f 328/328/328 329/329/329 330/330/330
f 331/331/331 332/332/332 333/333/333
f 334/334/334 335/335/335 336/336/336
f 337/337/337 338/338/338 339/339/339
f 340/340/340 341/341/341 342/342/342
f 343/343/343 344/344/344 345/345/345
f 346/346/346 347/347/347 348/348/348
f 349/349/349 350/350/350 351/351/351
f 352/352/352 353/353/353 354/354/354
f 355/355/355 356/356/356 357/357/357
f 358/358/358 359/359/359 360/360/360
f 361/361/361 362/362/362 363/363/363
f 364/364/364 365/365/365 366/366/366
f 367/367/367 368/368/368 369/369/369
f 370/370/370 371/371/371 372/372/372
f 373/373/373 374/374/374 375/375/375
f 376/376/376 377/377/377 378/378/378
f 379/379/379 380/380/380 381/381/381
f 382/382/382 383/383/383 384/384/384
f 385/385/385 386/386/386 387/387/387
f 388/388/388 389/389/389 390/390/390
f 391/391/391 392/392/392 393/393/393
f 394/394/394 395/395/395 396/396/396
f 397/397/397 398/398/398 399/399/399
f 400/400/400 401/401/401 402/402/402
f 403/403/403 404/404/404 405/405/405
f 406/406/406 407/407/407 408/408/408
f 409/409/409 410/410/410 411/411/411
f 412/412/412 413/413/413 414/414/414
f 415/415/415 416/416/416 417/417/417
f 418/418/418 419/419/419 420/420/420
f 421/421/421 422/422/422 423/423/423
f 424/424/424 425/425/425 426/426/426
f 427/427/427 428/428/428 429/429/429
f 430/430/430 431/431/431 432/432/432
f 433/433/433 434/434/434 435/435/435
f 436/436/436 437/437/437 438/438/438
f 439/439/439 440/440/440 441/441/441
f 442/442/442 443/443/443 444/444/444
o vent_0_0
usemtl navy
v -0.9750000059604647 1.775000000372529 0.37000000037252906
v -0.9750000059604647 1.775000000372529 0.319999999627471
v -0.9750000059604647 1.724999999627471 0.37000000037252906
v -0.9750000059604647 1.724999999627471 0.319999999627471
v -1.4249999940395357 1.775000000372529 0.319999999627471
v -1.4249999940395357 1.775000000372529 0.37000000037252906
v -1.4249999940395357 1.724999999627471 0.319999999627471
v -1.4249999940395357 1.724999999627471 0.37000000037252906
v -1.4249999940395357 1.775000000372529 0.319999999627471
v -0.9750000059604647 1.775000000372529 0.319999999627471
v -1.4249999940395357 1.775000000372529 0.37000000037252906
v -0.9750000059604647 1.775000000372529 0.37000000037252906
v -1.4249999940395357 1.724999999627471 0.37000000037252906
v -0.9750000059604647 1.724999999627471 0.37000000037252906
v -1.4249999940395357 1.724999999627471 0.319999999627471
v -0.9750000059604647 1.724999999627471 0.319999999627471
v -1.4249999940395357 1.775000000372529 0.37000000037252906
v -0.9750000059604647 1.775000000372529 0.37000000037252906
v -1.4249999940395357 1.724999999627471 0.37000000037252906
v -0.9750000059604647 1.724999999627471 0.37000000037252906
v -0.9750000059604647 1.775000000372529 0.319999999627471
v -1.4249999940395357 1.775000000372529 0.319999999627471
v -0.9750000059604647 1.724999999627471 0.319999999627471
v -1.4249999940395357 1.724999999627471 0.319999999627471
vt 0 1
vt 1 1
vt 0 0
vt 1 0
vt 0 1
vt 1 1
vt 0 0
vt 1 0
vt 0 1
vt 1 1
vt 0 0
vt 1 0
vt 0 1
vt 1 1
vt 0 0
vt 1 0
vt 0 1
vt 1 1
vt 0 0
vt 1 0
vt 0 1
vt 1 1
vt 0 0
vt 1 0
vn 1 0 0
vn 1 0 0
vn 1 0 0
vn 1 0 0
vn -1 0 0
vn -1 0 0
vn -1 0 0
vn -1 0 0
vn 0 1 0
vn 0 1 0
vn 0 1 0
vn 0 1 0
vn 0 -1 0
vn 0 -1 0
vn 0 -1 0
vn 0 -1 0
vn 0 0 1
vn 0 0 1
vn 0 0 1
vn 0 0 1
vn 0 0 -1
vn 0 0 -1
vn 0 0 -1
vn 0 0 -1
f 445/445/445 447/447/447 446/446/446
f 447/447/447 448/448/448 446/446/446
f 449/449/449 451/451/451 450/450/450
f 451/451/451 452/452/452 450/450/450
f 453/453/453 455/455/455 454/454/454
f 455/455/455 456/456/456 454/454/454
f 457/457/457 459/459/459 458/458/458
f 459/459/459 460/460/460 458/458/458
f 461/461/461 463/463/463 462/462/462
f 463/463/463 464/464/464 462/462/462
f 465/465/465 467/467/467 466/466/466
f 467/467/467 468/468/468 466/466/466
o vent_0_1
usemtl navy
v -0.9750000059604647 1.635000000372529 0.37000000037252906
v -0.9750000059604647 1.635000000372529 0.319999999627471
v -0.9750000059604647 1.5849999996274708 0.37000000037252906
v -0.9750000059604647 1.5849999996274708 0.319999999627471
v -1.4249999940395357 1.635000000372529 0.319999999627471
v -1.4249999940395357 1.635000000372529 0.37000000037252906
v -1.4249999940395357 1.5849999996274708 0.319999999627471
v -1.4249999940395357 1.5849999996274708 0.37000000037252906
v -1.4249999940395357 1.635000000372529 0.319999999627471
v -0.9750000059604647 1.635000000372529 0.319999999627471
v -1.4249999940395357 1.635000000372529 0.37000000037252906
v -0.9750000059604647 1.635000000372529 0.37000000037252906
v -1.4249999940395357 1.5849999996274708 0.37000000037252906
v -0.9750000059604647 1.5849999996274708 0.37000000037252906
v -1.4249999940395357 1.5849999996274708 0.319999999627471
v -0.9750000059604647 1.5849999996274708 0.319999999627471
v -1.4249999940395357 1.635000000372529 0.37000000037252906
v -0.9750000059604647 1.635000000372529 0.37000000037252906
v -1.4249999940395357 1.5849999996274708 0.37000000037252906
v -0.9750000059604647 1.5849999996274708 0.37000000037252906
v -0.9750000059604647 1.635000000372529 0.319999999627471
v -1.4249999940395357 1.635000000372529 0.319999999627471
v -0.9750000059604647 1.5849999996274708 0.319999999627471
v -1.4249999940395357 1.5849999996274708 0.319999999627471
vt 0 1
vt 1 1
vt 0 0
vt 1 0
vt 0 1
vt 1 1
vt 0 0
vt 1 0
vt 0 1
vt 1 1
vt 0 0
vt 1 0
vt 0 1
vt 1 1
vt 0 0
vt 1 0
vt 0 1
vt 1 1
vt 0 0
vt 1 0
vt 0 1
vt 1 1
vt 0 0
vt 1 0
vn 1 0 0
vn 1 0 0
vn 1 0 0
vn 1 0 0
vn -1 0 0
vn -1 0 0
vn -1 0 0
vn -1 0 0
vn 0 1 0
vn 0 1 0
vn 0 1 0
vn 0 1 0
vn 0 -1 0
vn 0 -1 0
vn 0 -1 0
vn 0 -1 0
vn 0 0 1
vn 0 0 1
vn 0 0 1
vn 0 0 1
vn 0 0 -1
vn 0 0 -1
vn 0 0 -1
vn 0 0 -1
f 469/469/469 471/471/471 470/470/470
f 471/471/471 472/472/472 470/470/470
f 473/473/473 475/475/475 474/474/474
f 475/475/475 476/476/476 474/474/474
f 477/477/477 479/479/479 478/478/478
f 479/479/479 480/480/480 478/478/478
f 481/481/481 483/483/483 482/482/482
f 483/483/483 484/484/484 482/482/482
f 485/485/485 487/487/487 486/486/486
f 487/487/487 488/488/488 486/486/486
f 489/489/489 491/491/491 490/490/490
f 491/491/491 492/492/492 490/490/490
o vent_0_2
usemtl navy
v -0.9750000059604647 1.495000000372529 0.37000000037252906
v -0.9750000059604647 1.495000000372529 0.319999999627471
v -0.9750000059604647 1.444999999627471 0.37000000037252906
v -0.9750000059604647 1.444999999627471 0.319999999627471
v -1.4249999940395357 1.495000000372529 0.319999999627471
v -1.4249999940395357 1.495000000372529 0.37000000037252906
v -1.4249999940395357 1.444999999627471 0.319999999627471
v -1.4249999940395357 1.444999999627471 0.37000000037252906
v -1.4249999940395357 1.495000000372529 0.319999999627471
v -0.9750000059604647 1.495000000372529 0.319999999627471
v -1.4249999940395357 1.495000000372529 0.37000000037252906
v -0.9750000059604647 1.495000000372529 0.37000000037252906
v -1.4249999940395357 1.444999999627471 0.37000000037252906
v -0.9750000059604647 1.444999999627471 0.37000000037252906
v -1.4249999940395357 1.444999999627471 0.319999999627471
v -0.9750000059604647 1.444999999627471 0.319999999627471
v -1.4249999940395357 1.495000000372529 0.37000000037252906
v -0.9750000059604647 1.495000000372529 0.37000000037252906
v -1.4249999940395357 1.444999999627471 0.37000000037252906
v -0.9750000059604647 1.444999999627471 0.37000000037252906
v -0.9750000059604647 1.495000000372529 0.319999999627471
v -1.4249999940395357 1.495000000372529 0.319999999627471
v -0.9750000059604647 1.444999999627471 0.319999999627471
v -1.4249999940395357 1.444999999627471 0.319999999627471
vt 0 1
vt 1 1
vt 0 0
vt 1 0
vt 0 1
vt 1 1
vt 0 0
vt 1 0
vt 0 1
vt 1 1
vt 0 0
vt 1 0
vt 0 1
vt 1 1
vt 0 0
vt 1 0
vt 0 1
vt 1 1
vt 0 0
vt 1 0
vt 0 1
vt 1 1
vt 0 0
vt 1 0
vn 1 0 0
vn 1 0 0
vn 1 0 0
vn 1 0 0
vn -1 0 0
vn -1 0 0
vn -1 0 0
vn -1 0 0
vn 0 1 0
vn 0 1 0
vn 0 1 0
vn 0 1 0
vn 0 -1 0
vn 0 -1 0
vn 0 -1 0
vn 0 -1 0
vn 0 0 1
vn 0 0 1
vn 0 0 1
vn 0 0 1
vn 0 0 -1
vn 0 0 -1
vn 0 0 -1
vn 0 0 -1
f 493/493/493 495/495/495 494/494/494
f 495/495/495 496/496/496 494/494/494
f 497/497/497 499/499/499 498/498/498
f 499/499/499 500/500/500 498/498/498
f 501/501/501 503/503/503 502/502/502
f 503/503/503 504/504/504 502/502/502
f 505/505/505 507/507/507 506/506/506
f 507/507/507 508/508/508 506/506/506
f 509/509/509 511/511/511 510/510/510
f 511/511/511 512/512/512 510/510/510
f 513/513/513 515/515/515 514/514/514
f 515/515/515 516/516/516 514/514/514
o lock_0
usemtl silver
v -0.9800000000000002 0.9499999992549419 0.41499999865889553
v -0.9608658286929133 0.9538060240447521 0.41499999865889553
v -0.9446446593105795 0.9646446593105793 0.41499999865889553
v -0.9338060240447523 0.980865828692913 0.41499999865889553
v -0.9299999992549421 1 0.41499999865889553
v -0.9338060240447523 1.019134171307087 0.41499999865889553
v -0.9446446593105795 1.0353553406894207 0.41499999865889553
v -0.9608658286929133 1.0461939759552479 0.41499999865889553
v -0.9800000000000002 1.050000000745058 0.41499999865889553
v -0.9991341713070871 1.0461939759552479 0.41499999865889553
v -1.015355340689421 1.0353553406894207 0.41499999865889553
v -1.026193975955248 1.019134171307087 0.41499999865889553
v -1.0300000007450583 1 0.41499999865889553
v -1.026193975955248 0.980865828692913 0.41499999865889553
v -1.015355340689421 0.9646446593105793 0.41499999865889553
v -0.9991341713070871 0.9538060240447521 0.41499999865889553
v -0.9800000000000002 0.9499999992549419 0.41499999865889553
v -0.9800000000000002 0.9499999992549419 0.29500000134110455
v -0.9608658286929133 0.9538060240447521 0.29500000134110455
v -0.9446446593105795 0.9646446593105793 0.29500000134110455
v -0.9338060240447523 0.980865828692913 0.29500000134110455
v -0.9299999992549421 1 0.29500000134110455
v -0.9338060240447523 1.019134171307087 0.29500000134110455
v -0.9446446593105795 1.0353553406894207 0.29500000134110455
v -0.9608658286929133 1.0461939759552479 0.29500000134110455
v -0.9800000000000002 1.050000000745058 0.29500000134110455
v -0.9991341713070871 1.0461939759552479 0.29500000134110455
v -1.015355340689421 1.0353553406894207 0.29500000134110455
v -1.026193975955248 1.019134171307087 0.29500000134110455
v -1.0300000007450583 1 0.29500000134110455
v -1.026193975955248 0.980865828692913 0.29500000134110455
v -1.015355340689421 0.9646446593105793 0.29500000134110455
v -0.9991341713070871 0.9538060240447521 0.29500000134110455
v -0.9800000000000002 0.9499999992549419 0.29500000134110455
v -0.9800000000000002 1 0.41499999865889553
v -0.9800000000000002 1 0.41499999865889553
v -0.9800000000000002 1 0.41499999865889553
v -0.9800000000000002 1 0.41499999865889553
v -0.9800000000000002 1 0.41499999865889553
v -0.9800000000000002 1 0.41499999865889553
v -0.9800000000000002 1 0.41499999865889553
v -0.9800000000000002 1 0.41499999865889553
v -0.9800000000000002 1 0.41499999865889553
v -0.9800000000000002 1 0.41499999865889553
v -0.9800000000000002 1 0.41499999865889553
v -0.9800000000000002 1 0.41499999865889553
v -0.9800000000000002 1 0.41499999865889553
v -0.9800000000000002 1 0.41499999865889553
v -0.9800000000000002 1 0.41499999865889553
v -0.9800000000000002 1 0.41499999865889553
v -0.9800000000000002 0.9499999992549419 0.41499999865889553
v -0.9608658286929133 0.9538060240447521 0.41499999865889553
v -0.9446446593105795 0.9646446593105793 0.41499999865889553
v -0.9338060240447523 0.980865828692913 0.41499999865889553
v -0.9299999992549421 1 0.41499999865889553
v -0.9338060240447523 1.019134171307087 0.41499999865889553
v -0.9446446593105795 1.0353553406894207 0.41499999865889553
v -0.9608658286929133 1.0461939759552479 0.41499999865889553
v -0.9800000000000002 1.050000000745058 0.41499999865889553
v -0.9991341713070871 1.0461939759552479 0.41499999865889553
v -1.015355340689421 1.0353553406894207 0.41499999865889553
v -1.026193975955248 1.019134171307087 0.41499999865889553
v -1.0300000007450583 1 0.41499999865889553
v -1.026193975955248 0.980865828692913 0.41499999865889553
v -1.015355340689421 0.9646446593105793 0.41499999865889553
v -0.9991341713070871 0.9538060240447521 0.41499999865889553
v -0.9800000000000002 0.9499999992549419 0.41499999865889553
v -0.9800000000000002 1 0.29500000134110455
v -0.9800000000000002 1 0.29500000134110455
v -0.9800000000000002 1 0.29500000134110455
v -0.9800000000000002 1 0.29500000134110455
v -0.9800000000000002 1 0.29500000134110455
v -0.9800000000000002 1 0.29500000134110455
v -0.9800000000000002 1 0.29500000134110455
v -0.9800000000000002 1 0.29500000134110455
v -0.9800000000000002 1 0.29500000134110455
v -0.9800000000000002 1 0.29500000134110455
v -0.9800000000000002 1 0.29500000134110455
v -0.9800000000000002 1 0.29500000134110455
v -0.9800000000000002 1 0.29500000134110455
v -0.9800000000000002 1 0.29500000134110455
v -0.9800000000000002 1 0.29500000134110455
v -0.9800000000000002 1 0.29500000134110455
v -0.9800000000000002 0.9499999992549419 0.29500000134110455
v -0.9608658286929133 0.9538060240447521 0.29500000134110455
v -0.9446446593105795 0.9646446593105793 0.29500000134110455
v -0.9338060240447523 0.980865828692913 0.29500000134110455
v -0.9299999992549421 1 0.29500000134110455
v -0.9338060240447523 1.019134171307087 0.29500000134110455
v -0.9446446593105795 1.0353553406894207 0.29500000134110455
v -0.9608658286929133 1.0461939759552479 0.29500000134110455
v -0.9800000000000002 1.050000000745058 0.29500000134110455
v -0.9991341713070871 1.0461939759552479 0.29500000134110455
v -1.015355340689421 1.0353553406894207 0.29500000134110455
v -1.026193975955248 1.019134171307087 0.29500000134110455
v -1.0300000007450583 1 0.29500000134110455
v -1.026193975955248 0.980865828692913 0.29500000134110455
v -1.015355340689421 0.9646446593105793 0.29500000134110455
v -0.9991341713070871 0.9538060240447521 0.29500000134110455
v -0.9800000000000002 0.9499999992549419 0.29500000134110455
vt 0 1
vt 0.0625 1
vt 0.125 1
vt 0.1875 1
vt 0.25 1
vt 0.3125 1
vt 0.375 1
vt 0.4375 1
vt 0.5 1
vt 0.5625 1
vt 0.625 1
vt 0.6875 1
vt 0.75 1
vt 0.8125 1
vt 0.875 1
vt 0.9375 1
vt 1 1
vt 0 0
vt 0.0625 0
vt 0.125 0
vt 0.1875 0
vt 0.25 0
vt 0.3125 0
vt 0.375 0
vt 0.4375 0
vt 0.5 0
vt 0.5625 0
vt 0.625 0
vt 0.6875 0
vt 0.75 0
vt 0.8125 0
vt 0.875 0
vt 0.9375 0
vt 1 0
vt 0.5 0.5
vt 0.5 0.5
vt 0.5 0.5
vt 0.5 0.5
vt 0.5 0.5
vt 0.5 0.5
vt 0.5 0.5
vt 0.5 0.5
vt 0.5 0.5
vt 0.5 0.5
vt 0.5 0.5
vt 0.5 0.5
vt 0.5 0.5
vt 0.5 0.5
vt 0.5 0.5
vt 0.5 0.5
vt 1 0.5
vt 0.9619397521018982 0.6913416981697083
vt 0.8535534143447876 0.8535534143447876
vt 0.6913416981697083 0.9619397521018982
vt 0.5 1
vt 0.30865827202796936 0.9619397521018982
vt 0.1464466154575348 0.8535534143447876
vt 0.03806023299694061 0.6913416981697083
vt 0 0.5
vt 0.03806023299694061 0.30865827202796936
vt 0.1464466154575348 0.1464466154575348
vt 0.30865827202796936 0.03806023299694061
vt 0.5 0
vt 0.6913416981697083 0.03806023299694061
vt 0.8535534143447876 0.1464466154575348
vt 0.9619397521018982 0.30865827202796936
vt 1 0.5
vt 0.5 0.5
vt 0.5 0.5
vt 0.5 0.5
vt 0.5 0.5
vt 0.5 0.5
vt 0.5 0.5
vt 0.5 0.5
vt 0.5 0.5
vt 0.5 0.5
vt 0.5 0.5
vt 0.5 0.5
vt 0.5 0.5
vt 0.5 0.5
vt 0.5 0.5
vt 0.5 0.5
vt 0.5 0.5
vt 1 0.5
vt 0.9619397521018982 0.30865827202796936
vt 0.8535534143447876 0.1464466154575348
vt 0.6913416981697083 0.03806023299694061
vt 0.5 0
vt 0.30865827202796936 0.03806023299694061
vt 0.1464466154575348 0.1464466154575348
vt 0.03806023299694061 0.30865827202796936
vt 0 0.5
vt 0.03806023299694061 0.6913416981697083
vt 0.1464466154575348 0.8535534143447876
vt 0.30865827202796936 0.9619397521018982
vt 0.5 1
vt 0.6913416981697083 0.9619397521018982
vt 0.8535534143447876 0.8535534143447876
vt 0.9619397521018982 0.6913416981697083
vt 1 0.5
vn 0 -1 2.220446049250313e-16
vn 0.3826834370613369 -0.9238795305660377 2.0514246536285922e-16
vn 0.7071067811865476 -0.7071067811865476 1.5700924586837752e-16
vn 0.9238795305660377 -0.3826834370613369 8.497279259363763e-17
vn 1 -6.123234262925839e-17 1.3596311327747833e-32
vn 0.9238795305660377 0.3826834370613369 -8.497279259363763e-17
vn 0.7071067811865476 0.7071067811865476 -1.5700924586837752e-16
vn 0.3826834370613369 0.9238795305660377 -2.0514246536285922e-16
vn 1.2246468525851679e-16 1 -2.220446049250313e-16
vn -0.3826834370613369 0.9238795305660377 -2.0514246536285922e-16
vn -0.7071067811865476 0.7071067811865476 -1.5700924586837752e-16
vn -0.9238795305660377 0.3826834370613369 -8.497279259363763e-17
vn -1 1.8369701465288538e-16 -4.078893104450762e-32
vn -0.9238795305660377 -0.3826834370613369 8.497279259363763e-17
vn -0.7071067811865476 -0.7071067811865476 1.5700924586837752e-16
vn -0.3826834370613369 -0.9238795305660377 2.0514246536285922e-16
vn -2.4492937051703357e-16 -1 2.220446049250313e-16
vn 0 -1 2.220446049250313e-16
vn 0.3826834370613369 -0.9238795305660377 2.0514246536285922e-16
vn 0.7071067811865476 -0.7071067811865476 1.5700924586837752e-16
vn 0.9238795305660377 -0.3826834370613369 8.497279259363763e-17
vn 1 -6.123234262925839e-17 1.3596311327747833e-32
vn 0.9238795305660377 0.3826834370613369 -8.497279259363763e-17
vn 0.7071067811865476 0.7071067811865476 -1.5700924586837752e-16
vn 0.3826834370613369 0.9238795305660377 -2.0514246536285922e-16
vn 1.2246468525851679e-16 1 -2.220446049250313e-16
vn -0.3826834370613369 0.9238795305660377 -2.0514246536285922e-16
vn -0.7071067811865476 0.7071067811865476 -1.5700924586837752e-16
vn -0.9238795305660377 0.3826834370613369 -8.497279259363763e-17
vn -1 1.8369701465288538e-16 -4.078893104450762e-32
vn -0.9238795305660377 -0.3826834370613369 8.497279259363763e-17
vn -0.7071067811865476 -0.7071067811865476 1.5700924586837752e-16
vn -0.3826834370613369 -0.9238795305660377 2.0514246536285922e-16
vn -2.4492937051703357e-16 -1 2.220446049250313e-16
vn 0 2.220446049250313e-16 1
vn 0 2.220446049250313e-16 1
vn 0 2.220446049250313e-16 1
vn 0 2.220446049250313e-16 1
vn 0 2.220446049250313e-16 1
vn 0 2.220446049250313e-16 1
vn 0 2.220446049250313e-16 1
vn 0 2.220446049250313e-16 1
vn 0 2.220446049250313e-16 1
vn 0 2.220446049250313e-16 1
vn 0 2.220446049250313e-16 1
vn 0 2.220446049250313e-16 1
vn 0 2.220446049250313e-16 1
vn 0 2.220446049250313e-16 1
vn 0 2.220446049250313e-16 1
vn 0 2.220446049250313e-16 1
vn 0 2.220446049250313e-16 1
vn 0 2.220446049250313e-16 1
vn 0 2.220446049250313e-16 1
vn 0 2.220446049250313e-16 1
vn 0 2.220446049250313e-16 1
vn 0 2.220446049250313e-16 1
vn 0 2.220446049250313e-16 1
vn 0 2.220446049250313e-16 1
vn 0 2.220446049250313e-16 1
vn 0 2.220446049250313e-16 1
vn 0 2.220446049250313e-16 1
vn 0 2.220446049250313e-16 1
vn 0 2.220446049250313e-16 1
vn 0 2.220446049250313e-16 1
vn 0 2.220446049250313e-16 1
vn 0 2.220446049250313e-16 1
vn 0 2.220446049250313e-16 1
vn 0 -2.220446049250313e-16 -1
vn 0 -2.220446049250313e-16 -1
vn 0 -2.220446049250313e-16 -1
vn 0 -2.220446049250313e-16 -1
vn 0 -2.220446049250313e-16 -1
vn 0 -2.220446049250313e-16 -1
vn 0 -2.220446049250313e-16 -1
vn 0 -2.220446049250313e-16 -1
vn 0 -2.220446049250313e-16 -1
vn 0 -2.220446049250313e-16 -1
vn 0 -2.220446049250313e-16 -1
vn 0 -2.220446049250313e-16 -1
vn 0 -2.220446049250313e-16 -1
vn 0 -2.220446049250313e-16 -1
vn 0 -2.220446049250313e-16 -1
vn 0 -2.220446049250313e-16 -1
vn 0 -2.220446049250313e-16 -1
vn 0 -2.220446049250313e-16 -1
vn 0 -2.220446049250313e-16 -1
vn 0 -2.220446049250313e-16 -1
vn 0 -2.220446049250313e-16 -1
vn 0 -2.220446049250313e-16 -1
vn 0 -2.220446049250313e-16 -1
vn 0 -2.220446049250313e-16 -1
vn 0 -2.220446049250313e-16 -1
vn 0 -2.220446049250313e-16 -1
vn 0 -2.220446049250313e-16 -1
vn 0 -2.220446049250313e-16 -1
vn 0 -2.220446049250313e-16 -1
vn 0 -2.220446049250313e-16 -1
vn 0 -2.220446049250313e-16 -1
vn 0 -2.220446049250313e-16 -1
vn 0 -2.220446049250313e-16 -1
f 517/517/517 534/534/534 518/518/518
f 534/534/534 535/535/535 518/518/518
f 518/518/518 535/535/535 519/519/519
f 535/535/535 536/536/536 519/519/519
f 519/519/519 536/536/536 520/520/520
f 536/536/536 537/537/537 520/520/520
f 520/520/520 537/537/537 521/521/521
f 537/537/537 538/538/538 521/521/521
f 521/521/521 538/538/538 522/522/522
f 538/538/538 539/539/539 522/522/522
f 522/522/522 539/539/539 523/523/523
f 539/539/539 540/540/540 523/523/523
f 523/523/523 540/540/540 524/524/524
f 540/540/540 541/541/541 524/524/524
f 524/524/524 541/541/541 525/525/525
f 541/541/541 542/542/542 525/525/525
f 525/525/525 542/542/542 526/526/526
f 542/542/542 543/543/543 526/526/526
f 526/526/526 543/543/543 527/527/527
f 543/543/543 544/544/544 527/527/527
f 527/527/527 544/544/544 528/528/528
f 544/544/544 545/545/545 528/528/528
f 528/528/528 545/545/545 529/529/529
f 545/545/545 546/546/546 529/529/529
f 529/529/529 546/546/546 530/530/530
f 546/546/546 547/547/547 530/530/530
f 530/530/530 547/547/547 531/531/531
f 547/547/547 548/548/548 531/531/531
f 531/531/531 548/548/548 532/532/532
f 548/548/548 549/549/549 532/532/532
f 532/532/532 549/549/549 533/533/533
f 549/549/549 550/550/550 533/533/533
f 567/567/567 568/568/568 551/551/551
f 568/568/568 569/569/569 552/552/552
f 569/569/569 570/570/570 553/553/553
f 570/570/570 571/571/571 554/554/554
f 571/571/571 572/572/572 555/555/555
f 572/572/572 573/573/573 556/556/556
f 573/573/573 574/574/574 557/557/557
f 574/574/574 575/575/575 558/558/558
f 575/575/575 576/576/576 559/559/559
f 576/576/576 577/577/577 560/560/560
f 577/577/577 578/578/578 561/561/561
f 578/578/578 579/579/579 562/562/562
f 579/579/579 580/580/580 563/563/563
f 580/580/580 581/581/581 564/564/564
f 581/581/581 582/582/582 565/565/565
f 582/582/582 583/583/583 566/566/566
f 601/601/601 600/600/600 584/584/584
f 602/602/602 601/601/601 585/585/585
f 603/603/603 602/602/602 586/586/586
f 604/604/604 603/603/603 587/587/587
f 605/605/605 604/604/604 588/588/588
f 606/606/606 605/605/605 589/589/589
f 607/607/607 606/606/606 590/590/590
f 608/608/608 607/607/607 591/591/591
f 609/609/609 608/608/608 592/592/592
f 610/610/610 609/609/609 593/593/593
f 611/611/611 610/610/610 594/594/594
f 612/612/612 611/611/611 595/595/595
f 613/613/613 612/612/612 596/596/596
f 614/614/614 613/613/613 597/597/597
f 615/615/615 614/614/614 598/598/598
f 616/616/616 615/615/615 599/599/599
o handle_0
usemtl silver
v -0.9299999992549421 1.4500000059604645 0.3749999993294478
v -0.9299999992549421 1.4500000059604645 0.3150000006705523
v -0.9299999992549421 1.1499999940395356 0.3749999993294478
v -0.9299999992549421 1.1499999940395356 0.3150000006705523
v -1.0300000007450583 1.4500000059604645 0.3150000006705523
v -1.0300000007450583 1.4500000059604645 0.3749999993294478
v -1.0300000007450583 1.1499999940395356 0.3150000006705523
v -1.0300000007450583 1.1499999940395356 0.3749999993294478
v -1.0300000007450583 1.4500000059604645 0.3150000006705523
v -0.9299999992549421 1.4500000059604645 0.3150000006705523
v -1.0300000007450583 1.4500000059604645 0.3749999993294478
v -0.9299999992549421 1.4500000059604645 0.3749999993294478
v -1.0300000007450583 1.1499999940395356 0.3749999993294478
v -0.9299999992549421 1.1499999940395356 0.3749999993294478
v -1.0300000007450583 1.1499999940395356 0.3150000006705523
v -0.9299999992549421 1.1499999940395356 0.3150000006705523
v -1.0300000007450583 1.4500000059604645 0.3749999993294478
v -0.9299999992549421 1.4500000059604645 0.3749999993294478
v -1.0300000007450583 1.1499999940395356 0.3749999993294478
v -0.9299999992549421 1.1499999940395356 0.3749999993294478
v -0.9299999992549421 1.4500000059604645 0.3150000006705523
v -1.0300000007450583 1.4500000059604645 0.3150000006705523
v -0.9299999992549421 1.1499999940395356 0.3150000006705523
v -1.0300000007450583 1.1499999940395356 0.3150000006705523
vt 0 1
vt 1 1
vt 0 0
vt 1 0
vt 0 1
vt 1 1
vt 0 0
vt 1 0
vt 0 1
vt 1 1
vt 0 0
vt 1 0
vt 0 1
vt 1 1
vt 0 0
vt 1 0
vt 0 1
vt 1 1
vt 0 0
vt 1 0
vt 0 1
vt 1 1
vt 0 0
vt 1 0
vn 1 0 0
vn 1 0 0
vn 1 0 0
vn 1 0 0
vn -1 0 0
vn -1 0 0
vn -1 0 0
vn -1 0 0
vn 0 1 0
vn 0 1 0
vn 0 1 0
vn 0 1 0
vn 0 -1 0
vn 0 -1 0
vn 0 -1 0
vn 0 -1 0
vn 0 0 1
vn 0 0 1
vn 0 0 1
vn 0 0 1
vn 0 0 -1
vn 0 0 -1
vn 0 0 -1
vn 0 0 -1
f 617/617/617 619/619/619 618/618/618
f 619/619/619 620/620/620 618/618/618
f 621/621/621 623/623/623 622/622/622
f 623/623/623 624/624/624 622/622/622
f 625/625/625 627/627/627 626/626/626
f 627/627/627 628/628/628 626/626/626
f 629/629/629 631/631/631 630/630/630
f 631/631/631 632/632/632 630/630/630
f 633/633/633 635/635/635 634/634/634
f 635/635/635 636/636/636 634/634/634
f 637/637/637 639/639/639 638/638/638
f 639/639/639 640/640/640 638/638/638
o locker_door_1
usemtl blue
v -0.6949999868869783 0.12999999284744268 0.2550000008940697
v -0.7090625107288362 0.1309375143051148 0.2550000008940697
v -0.7212499916553499 0.13375001907348638 0.2550000008940697
v -0.09093748927116407 0.1309375143051148 0.2550000008940697
v -0.10500001311302198 0.12999999284744268 0.2550000008940697
v -0.6949999868869783 0.12999999284744268 0.2550000008940697
v -0.06843751072883619 0.13843750715255743 0.2550000008940697
v -0.0787500083446504 0.13375001907348638 0.2550000008940697
v -0.09093748927116407 0.1309375143051148 0.2550000008940697
v -0.05343749523162855 0.15343749284744268 0.2550000008940697
v -0.05999999642372145 0.14499997854232793 0.2550000008940697
v -0.06843751072883619 0.13843750715255743 0.2550000008940697
v -0.045937502384185924 0.17593747138977056 0.2550000008940697
v -0.048750007152557506 0.1637499904632569 0.2550000008940697
v -0.05343749523162855 0.15343749284744268 0.2550000008940697
v -0.04500001072883619 1.9300000047683716 0.2550000008940697
v -0.04500001072883619 0.18999999523162847 0.2550000008940697
v -0.045937502384185924 0.17593747138977056 0.2550000008940697
v -0.048750007152557506 1.9562500095367432 0.2550000008940697
v -0.045937502384185924 1.9440625286102295 0.2550000008940697
v -0.04500001072883619 1.9300000047683716 0.2550000008940697
v -0.05999999642372145 1.9750000214576722 0.2550000008940697
v -0.05343749523162855 1.9665625071525574 0.2550000008940697
v -0.048750007152557506 1.9562500095367432 0.2550000008940697
v -0.0787500083446504 1.9862499809265137 0.2550000008940697
v -0.06843751072883619 1.9815624928474427 0.2550000008940697
v -0.05999999642372145 1.9750000214576722 0.2550000008940697
v -0.10500001311302198 1.9900000071525574 0.2550000008940697
v -0.09093748927116407 1.9890624856948853 0.2550000008940697
v -0.0787500083446504 1.9862499809265137 0.2550000008940697
v -0.7090625107288362 1.9890624856948853 0.2550000008940697
v -0.6949999868869783 1.9900000071525574 0.2550000008940697
v -0.10500001311302198 1.9900000071525574 0.2550000008940697
v -0.7315624892711641 1.9815624928474427 0.2550000008940697
v -0.7212499916553499 1.9862499809265137 0.2550000008940697
v -0.7090625107288362 1.9890624856948853 0.2550000008940697
v -0.7465625047683717 1.9665625071525574 0.2550000008940697
v -0.7400000035762788 1.9750000214576722 0.2550000008940697
v -0.7315624892711641 1.9815624928474427 0.2550000008940697
v -0.7540624976158143 1.9440625286102295 0.2550000008940697
v -0.7512499928474428 1.9562500095367432 0.2550000008940697
v -0.7465625047683717 1.9665625071525574 0.2550000008940697
v -0.7549999892711641 0.18999999523162847 0.2550000008940697
v -0.7549999892711641 1.9300000047683716 0.2550000008940697
v -0.7540624976158143 1.9440625286102295 0.2550000008940697
v -0.7512499928474428 0.1637499904632569 0.2550000008940697
v -0.7540624976158143 0.17593747138977056 0.2550000008940697
v -0.7549999892711641 0.18999999523162847 0.2550000008940697
v -0.7400000035762788 0.14499997854232793 0.2550000008940697
v -0.7465625047683717 0.15343749284744268 0.2550000008940697
v -0.7512499928474428 0.1637499904632569 0.2550000008940697
v -0.7212499916553499 0.13375001907348638 0.2550000008940697
v -0.7315624892711641 0.13843750715255743 0.2550000008940697
v -0.7400000035762788 0.14499997854232793 0.2550000008940697
v -0.09093748927116407 0.1309375143051148 0.2550000008940697
v -0.6949999868869783 0.12999999284744268 0.2550000008940697
v -0.7212499916553499 0.13375001907348638 0.2550000008940697
v -0.05343749523162855 0.15343749284744268 0.2550000008940697
v -0.06843751072883619 0.13843750715255743 0.2550000008940697
v -0.09093748927116407 0.1309375143051148 0.2550000008940697
v -0.04500001072883619 1.9300000047683716 0.2550000008940697
v -0.045937502384185924 0.17593747138977056 0.2550000008940697
v -0.05343749523162855 0.15343749284744268 0.2550000008940697
v -0.05999999642372145 1.9750000214576722 0.2550000008940697
v -0.048750007152557506 1.9562500095367432 0.2550000008940697
v -0.04500001072883619 1.9300000047683716 0.2550000008940697
v -0.10500001311302198 1.9900000071525574 0.2550000008940697
v -0.0787500083446504 1.9862499809265137 0.2550000008940697
v -0.05999999642372145 1.9750000214576722 0.2550000008940697
v -0.7315624892711641 1.9815624928474427 0.2550000008940697
v -0.7090625107288362 1.9890624856948853 0.2550000008940697
v -0.10500001311302198 1.9900000071525574 0.2550000008940697
v -0.7540624976158143 1.9440625286102295 0.2550000008940697
v -0.7465625047683717 1.9665625071525574 0.2550000008940697
v -0.7315624892711641 1.9815624928474427 0.2550000008940697
v -0.7512499928474428 0.1637499904632569 0.2550000008940697
v -0.7549999892711641 0.18999999523162847 0.2550000008940697
v -0.7540624976158143 1.9440625286102295 0.2550000008940697
v -0.7212499916553499 0.13375001907348638 0.2550000008940697
v -0.7400000035762788 0.14499997854232793 0.2550000008940697
v -0.7512499928474428 0.1637499904632569 0.2550000008940697
v -0.05343749523162855 0.15343749284744268 0.2550000008940697
v -0.09093748927116407 0.1309375143051148 0.2550000008940697
v -0.7212499916553499 0.13375001907348638 0.2550000008940697
v -0.05999999642372145 1.9750000214576722 0.2550000008940697
v -0.04500001072883619 1.9300000047683716 0.2550000008940697
v -0.05343749523162855 0.15343749284744268 0.2550000008940697
v -0.7315624892711641 1.9815624928474427 0.2550000008940697
v -0.10500001311302198 1.9900000071525574 0.2550000008940697
v -0.05999999642372145 1.9750000214576722 0.2550000008940697
v -0.7512499928474428 0.1637499904632569 0.2550000008940697
v -0.7540624976158143 1.9440625286102295 0.2550000008940697
v -0.7315624892711641 1.9815624928474427 0.2550000008940697
v -0.05343749523162855 0.15343749284744268 0.2550000008940697
v -0.7212499916553499 0.13375001907348638 0.2550000008940697
v -0.7512499928474428 0.1637499904632569 0.2550000008940697
v -0.7315624892711641 1.9815624928474427 0.2550000008940697
v -0.05999999642372145 1.9750000214576722 0.2550000008940697
v -0.05343749523162855 0.15343749284744268 0.2550000008940697
v -0.05343749523162855 0.15343749284744268 0.2550000008940697
v -0.7512499928474428 0.1637499904632569 0.2550000008940697
v -0.7315624892711641 1.9815624928474427 0.2550000008940697
v -0.7212499916553499 0.13375001907348638 0.33499999910593037
v -0.7090625107288362 0.1309375143051148 0.33499999910593037
v -0.6949999868869783 0.12999999284744268 0.33499999910593037
v -0.6949999868869783 0.12999999284744268 0.33499999910593037
v -0.10500001311302198 0.12999999284744268 0.33499999910593037
v -0.09093748927116407 0.1309375143051148 0.33499999910593037
v -0.09093748927116407 0.1309375143051148 0.33499999910593037
v -0.0787500083446504 0.13375001907348638 0.33499999910593037
v -0.06843751072883619 0.13843750715255743 0.33499999910593037
v -0.06843751072883619 0.13843750715255743 0.33499999910593037
v -0.05999999642372145 0.14499997854232793 0.33499999910593037
v -0.05343749523162855 0.15343749284744268 0.33499999910593037
v -0.05343749523162855 0.15343749284744268 0.33499999910593037
v -0.048750007152557506 0.1637499904632569 0.33499999910593037
v -0.045937502384185924 0.17593747138977056 0.33499999910593037
v -0.045937502384185924 0.17593747138977056 0.33499999910593037
v -0.04500001072883619 0.18999999523162847 0.33499999910593037
v -0.04500001072883619 1.9300000047683716 0.33499999910593037
v -0.04500001072883619 1.9300000047683716 0.33499999910593037
v -0.045937502384185924 1.9440625286102295 0.33499999910593037
v -0.048750007152557506 1.9562500095367432 0.33499999910593037
v -0.048750007152557506 1.9562500095367432 0.33499999910593037
v -0.05343749523162855 1.9665625071525574 0.33499999910593037
v -0.05999999642372145 1.9750000214576722 0.33499999910593037
v -0.05999999642372145 1.9750000214576722 0.33499999910593037
v -0.06843751072883619 1.9815624928474427 0.33499999910593037
v -0.0787500083446504 1.9862499809265137 0.33499999910593037
v -0.0787500083446504 1.9862499809265137 0.33499999910593037
v -0.09093748927116407 1.9890624856948853 0.33499999910593037
v -0.10500001311302198 1.9900000071525574 0.33499999910593037
v -0.10500001311302198 1.9900000071525574 0.33499999910593037
v -0.6949999868869783 1.9900000071525574 0.33499999910593037
v -0.7090625107288362 1.9890624856948853 0.33499999910593037
v -0.7090625107288362 1.9890624856948853 0.33499999910593037
v -0.7212499916553499 1.9862499809265137 0.33499999910593037
v -0.7315624892711641 1.9815624928474427 0.33499999910593037
v -0.7315624892711641 1.9815624928474427 0.33499999910593037
v -0.7400000035762788 1.9750000214576722 0.33499999910593037
v -0.7465625047683717 1.9665625071525574 0.33499999910593037
v -0.7465625047683717 1.9665625071525574 0.33499999910593037
v -0.7512499928474428 1.9562500095367432 0.33499999910593037
v -0.7540624976158143 1.9440625286102295 0.33499999910593037
v -0.7540624976158143 1.9440625286102295 0.33499999910593037
v -0.7549999892711641 1.9300000047683716 0.33499999910593037
v -0.7549999892711641 0.18999999523162847 0.33499999910593037
v -0.7549999892711641 0.18999999523162847 0.33499999910593037
v -0.7540624976158143 0.17593747138977056 0.33499999910593037
v -0.7512499928474428 0.1637499904632569 0.33499999910593037
v -0.7512499928474428 0.1637499904632569 0.33499999910593037
v -0.7465625047683717 0.15343749284744268 0.33499999910593037
v -0.7400000035762788 0.14499997854232793 0.33499999910593037
v -0.7400000035762788 0.14499997854232793 0.33499999910593037
v -0.7315624892711641 0.13843750715255743 0.33499999910593037
v -0.7212499916553499 0.13375001907348638 0.33499999910593037
v -0.7212499916553499 0.13375001907348638 0.33499999910593037
v -0.6949999868869783 0.12999999284744268 0.33499999910593037
v -0.09093748927116407 0.1309375143051148 0.33499999910593037
v -0.09093748927116407 0.1309375143051148 0.33499999910593037
v -0.06843751072883619 0.13843750715255743 0.33499999910593037
v -0.05343749523162855 0.15343749284744268 0.33499999910593037
v -0.05343749523162855 0.15343749284744268 0.33499999910593037
v -0.045937502384185924 0.17593747138977056 0.33499999910593037
v -0.04500001072883619 1.9300000047683716 0.33499999910593037
v -0.04500001072883619 1.9300000047683716 0.33499999910593037
v -0.048750007152557506 1.9562500095367432 0.33499999910593037
v -0.05999999642372145 1.9750000214576722 0.33499999910593037
v -0.05999999642372145 1.9750000214576722 0.33499999910593037
v -0.0787500083446504 1.9862499809265137 0.33499999910593037
v -0.10500001311302198 1.9900000071525574 0.33499999910593037
v -0.10500001311302198 1.9900000071525574 0.33499999910593037
v -0.7090625107288362 1.9890624856948853 0.33499999910593037
v -0.7315624892711641 1.9815624928474427 0.33499999910593037
v -0.7315624892711641 1.9815624928474427 0.33499999910593037
v -0.7465625047683717 1.9665625071525574 0.33499999910593037
v -0.7540624976158143 1.9440625286102295 0.33499999910593037
v -0.7540624976158143 1.9440625286102295 0.33499999910593037
v -0.7549999892711641 0.18999999523162847 0.33499999910593037
v -0.7512499928474428 0.1637499904632569 0.33499999910593037
v -0.7512499928474428 0.1637499904632569 0.33499999910593037
v -0.7400000035762788 0.14499997854232793 0.33499999910593037
v -0.7212499916553499 0.13375001907348638 0.33499999910593037
v -0.7212499916553499 0.13375001907348638 0.33499999910593037
v -0.09093748927116407 0.1309375143051148 0.33499999910593037
v -0.05343749523162855 0.15343749284744268 0.33499999910593037
v -0.05343749523162855 0.15343749284744268 0.33499999910593037
v -0.04500001072883619 1.9300000047683716 0.33499999910593037
v -0.05999999642372145 1.9750000214576722 0.33499999910593037
v -0.05999999642372145 1.9750000214576722 0.33499999910593037
v -0.10500001311302198 1.9900000071525574 0.33499999910593037
v -0.7315624892711641 1.9815624928474427 0.33499999910593037
v -0.7315624892711641 1.9815624928474427 0.33499999910593037
v -0.7540624976158143 1.9440625286102295 0.33499999910593037
v -0.7512499928474428 0.1637499904632569 0.33499999910593037
v -0.7512499928474428 0.1637499904632569 0.33499999910593037
v -0.7212499916553499 0.13375001907348638 0.33499999910593037
v -0.05343749523162855 0.15343749284744268 0.33499999910593037
v -0.05343749523162855 0.15343749284744268 0.33499999910593037
v -0.05999999642372145 1.9750000214576722 0.33499999910593037
v -0.7315624892711641 1.9815624928474427 0.33499999910593037
v -0.7315624892711641 1.9815624928474427 0.33499999910593037
v -0.7512499928474428 0.1637499904632569 0.33499999910593037
v -0.05343749523162855 0.15343749284744268 0.33499999910593037
v -0.6949999868869783 0.12999999284744268 0.2550000008940697
v -0.10500001311302198 0.12999999284744268 0.2550000008940697
v -0.6949999868869783 0.12999999284744268 0.33499999910593037
v -0.10500001311302198 0.12999999284744268 0.2550000008940697
v -0.10500001311302198 0.12999999284744268 0.33499999910593037
v -0.6949999868869783 0.12999999284744268 0.33499999910593037
v -0.10500001311302198 0.12999999284744268 0.2550000008940697
v -0.09093748927116407 0.1309375143051148 0.2550000008940697
v -0.10500001311302198 0.12999999284744268 0.33499999910593037
v -0.09093748927116407 0.1309375143051148 0.2550000008940697
v -0.09093748927116407 0.1309375143051148 0.33499999910593037
v -0.10500001311302198 0.12999999284744268 0.33499999910593037
v -0.09093748927116407 0.1309375143051148 0.2550000008940697
v -0.0787500083446504 0.13375001907348638 0.2550000008940697
v -0.09093748927116407 0.1309375143051148 0.33499999910593037
v -0.0787500083446504 0.13375001907348638 0.2550000008940697
v -0.0787500083446504 0.13375001907348638 0.33499999910593037
v -0.09093748927116407 0.1309375143051148 0.33499999910593037
v -0.0787500083446504 0.13375001907348638 0.2550000008940697
v -0.06843751072883619 0.13843750715255743 0.2550000008940697
v -0.0787500083446504 0.13375001907348638 0.33499999910593037
v -0.06843751072883619 0.13843750715255743 0.2550000008940697
v -0.06843751072883619 0.13843750715255743 0.33499999910593037
v -0.0787500083446504 0.13375001907348638 0.33499999910593037
v -0.06843751072883619 0.13843750715255743 0.2550000008940697
v -0.05999999642372145 0.14499997854232793 0.2550000008940697
v -0.06843751072883619 0.13843750715255743 0.33499999910593037
v -0.05999999642372145 0.14499997854232793 0.2550000008940697
v -0.05999999642372145 0.14499997854232793 0.33499999910593037
v -0.06843751072883619 0.13843750715255743 0.33499999910593037
v -0.05999999642372145 0.14499997854232793 0.2550000008940697
v -0.05343749523162855 0.15343749284744268 0.2550000008940697
v -0.05999999642372145 0.14499997854232793 0.33499999910593037
v -0.05343749523162855 0.15343749284744268 0.2550000008940697
v -0.05343749523162855 0.15343749284744268 0.33499999910593037
v -0.05999999642372145 0.14499997854232793 0.33499999910593037
v -0.05343749523162855 0.15343749284744268 0.2550000008940697
v -0.048750007152557506 0.1637499904632569 0.2550000008940697
v -0.05343749523162855 0.15343749284744268 0.33499999910593037
v -0.048750007152557506 0.1637499904632569 0.2550000008940697
v -0.048750007152557506 0.1637499904632569 0.33499999910593037
v -0.05343749523162855 0.15343749284744268 0.33499999910593037
v -0.048750007152557506 0.1637499904632569 0.2550000008940697
v -0.045937502384185924 0.17593747138977056 0.2550000008940697
v -0.048750007152557506 0.1637499904632569 0.33499999910593037
v -0.045937502384185924 0.17593747138977056 0.2550000008940697
v -0.045937502384185924 0.17593747138977056 0.33499999910593037
v -0.048750007152557506 0.1637499904632569 0.33499999910593037
v -0.045937502384185924 0.17593747138977056 0.2550000008940697
v -0.04500001072883619 0.18999999523162847 0.2550000008940697
v -0.045937502384185924 0.17593747138977056 0.33499999910593037
v -0.04500001072883619 0.18999999523162847 0.2550000008940697
v -0.04500001072883619 0.18999999523162847 0.33499999910593037
v -0.045937502384185924 0.17593747138977056 0.33499999910593037
v -0.04500001072883619 0.18999999523162847 0.2550000008940697
v -0.04500001072883619 1.9300000047683716 0.2550000008940697
v -0.04500001072883619 0.18999999523162847 0.33499999910593037
v -0.04500001072883619 1.9300000047683716 0.2550000008940697
v -0.04500001072883619 1.9300000047683716 0.33499999910593037
v -0.04500001072883619 0.18999999523162847 0.33499999910593037
v -0.04500001072883619 1.9300000047683716 0.2550000008940697
v -0.045937502384185924 1.9440625286102295 0.2550000008940697
v -0.04500001072883619 1.9300000047683716 0.33499999910593037
v -0.045937502384185924 1.9440625286102295 0.2550000008940697
v -0.045937502384185924 1.9440625286102295 0.33499999910593037
v -0.04500001072883619 1.9300000047683716 0.33499999910593037
v -0.045937502384185924 1.9440625286102295 0.2550000008940697
v -0.048750007152557506 1.9562500095367432 0.2550000008940697
v -0.045937502384185924 1.9440625286102295 0.33499999910593037
v -0.048750007152557506 1.9562500095367432 0.2550000008940697
v -0.048750007152557506 1.9562500095367432 0.33499999910593037
v -0.045937502384185924 1.9440625286102295 0.33499999910593037
v -0.048750007152557506 1.9562500095367432 0.2550000008940697
v -0.05343749523162855 1.9665625071525574 0.2550000008940697
v -0.048750007152557506 1.9562500095367432 0.33499999910593037
v -0.05343749523162855 1.9665625071525574 0.2550000008940697
v -0.05343749523162855 1.9665625071525574 0.33499999910593037
v -0.048750007152557506 1.9562500095367432 0.33499999910593037
v -0.05343749523162855 1.9665625071525574 0.2550000008940697
v -0.05999999642372145 1.9750000214576722 0.2550000008940697
v -0.05343749523162855 1.9665625071525574 0.33499999910593037
v -0.05999999642372145 1.9750000214576722 0.2550000008940697
v -0.05999999642372145 1.9750000214576722 0.33499999910593037
v -0.05343749523162855 1.9665625071525574 0.33499999910593037
v -0.05999999642372145 1.9750000214576722 0.2550000008940697
v -0.06843751072883619 1.9815624928474427 0.2550000008940697
v -0.05999999642372145 1.9750000214576722 0.33499999910593037
v -0.06843751072883619 1.9815624928474427 0.2550000008940697
v -0.06843751072883619 1.9815624928474427 0.33499999910593037
v -0.05999999642372145 1.9750000214576722 0.33499999910593037
v -0.06843751072883619 1.9815624928474427 0.2550000008940697
v -0.0787500083446504 1.9862499809265137 0.2550000008940697
v -0.06843751072883619 1.9815624928474427 0.33499999910593037
v -0.0787500083446504 1.9862499809265137 0.2550000008940697
v -0.0787500083446504 1.9862499809265137 0.33499999910593037
v -0.06843751072883619 1.9815624928474427 0.33499999910593037
v -0.0787500083446504 1.9862499809265137 0.2550000008940697
v -0.09093748927116407 1.9890624856948853 0.2550000008940697
v -0.0787500083446504 1.9862499809265137 0.33499999910593037
v -0.09093748927116407 1.9890624856948853 0.2550000008940697
v -0.09093748927116407 1.9890624856948853 0.33499999910593037
v -0.0787500083446504 1.9862499809265137 0.33499999910593037
v -0.09093748927116407 1.9890624856948853 0.2550000008940697
v -0.10500001311302198 1.9900000071525574 0.2550000008940697
v -0.09093748927116407 1.9890624856948853 0.33499999910593037
v -0.10500001311302198 1.9900000071525574 0.2550000008940697
v -0.10500001311302198 1.9900000071525574 0.33499999910593037
v -0.09093748927116407 1.9890624856948853 0.33499999910593037
v -0.10500001311302198 1.9900000071525574 0.2550000008940697
v -0.6949999868869783 1.9900000071525574 0.2550000008940697
v -0.10500001311302198 1.9900000071525574 0.33499999910593037
v -0.6949999868869783 1.9900000071525574 0.2550000008940697
v -0.6949999868869783 1.9900000071525574 0.33499999910593037
v -0.10500001311302198 1.9900000071525574 0.33499999910593037
v -0.6949999868869783 1.9900000071525574 0.2550000008940697
v -0.7090625107288362 1.9890624856948853 0.2550000008940697
v -0.6949999868869783 1.9900000071525574 0.33499999910593037
v -0.7090625107288362 1.9890624856948853 0.2550000008940697
v -0.7090625107288362 1.9890624856948853 0.33499999910593037
v -0.6949999868869783 1.9900000071525574 0.33499999910593037
v -0.7090625107288362 1.9890624856948853 0.2550000008940697
v -0.7212499916553499 1.9862499809265137 0.2550000008940697
v -0.7090625107288362 1.9890624856948853 0.33499999910593037
v -0.7212499916553499 1.9862499809265137 0.2550000008940697
v -0.7212499916553499 1.9862499809265137 0.33499999910593037
v -0.7090625107288362 1.9890624856948853 0.33499999910593037
v -0.7212499916553499 1.9862499809265137 0.2550000008940697
v -0.7315624892711641 1.9815624928474427 0.2550000008940697
v -0.7212499916553499 1.9862499809265137 0.33499999910593037
v -0.7315624892711641 1.9815624928474427 0.2550000008940697
v -0.7315624892711641 1.9815624928474427 0.33499999910593037
v -0.7212499916553499 1.9862499809265137 0.33499999910593037
v -0.7315624892711641 1.9815624928474427 0.2550000008940697
v -0.7400000035762788 1.9750000214576722 0.2550000008940697
v -0.7315624892711641 1.9815624928474427 0.33499999910593037
v -0.7400000035762788 1.9750000214576722 0.2550000008940697
v -0.7400000035762788 1.9750000214576722 0.33499999910593037
v -0.7315624892711641 1.9815624928474427 0.33499999910593037
v -0.7400000035762788 1.9750000214576722 0.2550000008940697
v -0.7465625047683717 1.9665625071525574 0.2550000008940697
v -0.7400000035762788 1.9750000214576722 0.33499999910593037
v -0.7465625047683717 1.9665625071525574 0.2550000008940697
v -0.7465625047683717 1.9665625071525574 0.33499999910593037
v -0.7400000035762788 1.9750000214576722 0.33499999910593037
v -0.7465625047683717 1.9665625071525574 0.2550000008940697
v -0.7512499928474428 1.9562500095367432 0.2550000008940697
v -0.7465625047683717 1.9665625071525574 0.33499999910593037
v -0.7512499928474428 1.9562500095367432 0.2550000008940697
v -0.7512499928474428 1.9562500095367432 0.33499999910593037
v -0.7465625047683717 1.9665625071525574 0.33499999910593037
v -0.7512499928474428 1.9562500095367432 0.2550000008940697
v -0.7540624976158143 1.9440625286102295 0.2550000008940697
v -0.7512499928474428 1.9562500095367432 0.33499999910593037
v -0.7540624976158143 1.9440625286102295 0.2550000008940697
v -0.7540624976158143 1.9440625286102295 0.33499999910593037
v -0.7512499928474428 1.9562500095367432 0.33499999910593037
v -0.7540624976158143 1.9440625286102295 0.2550000008940697
v -0.7549999892711641 1.9300000047683716 0.2550000008940697
v -0.7540624976158143 1.9440625286102295 0.33499999910593037
v -0.7549999892711641 1.9300000047683716 0.2550000008940697
v -0.7549999892711641 1.9300000047683716 0.33499999910593037
v -0.7540624976158143 1.9440625286102295 0.33499999910593037
v -0.7549999892711641 1.9300000047683716 0.2550000008940697
v -0.7549999892711641 0.18999999523162847 0.2550000008940697
v -0.7549999892711641 1.9300000047683716 0.33499999910593037
v -0.7549999892711641 0.18999999523162847 0.2550000008940697
v -0.7549999892711641 0.18999999523162847 0.33499999910593037
v -0.7549999892711641 1.9300000047683716 0.33499999910593037
v -0.7549999892711641 0.18999999523162847 0.2550000008940697
v -0.7540624976158143 0.17593747138977056 0.2550000008940697
v -0.7549999892711641 0.18999999523162847 0.33499999910593037
v -0.7540624976158143 0.17593747138977056 0.2550000008940697
v -0.7540624976158143 0.17593747138977056 0.33499999910593037
v -0.7549999892711641 0.18999999523162847 0.33499999910593037
v -0.7540624976158143 0.17593747138977056 0.2550000008940697
v -0.7512499928474428 0.1637499904632569 0.2550000008940697
v -0.7540624976158143 0.17593747138977056 0.33499999910593037
v -0.7512499928474428 0.1637499904632569 0.2550000008940697
v -0.7512499928474428 0.1637499904632569 0.33499999910593037
v -0.7540624976158143 0.17593747138977056 0.33499999910593037
v -0.7512499928474428 0.1637499904632569 0.2550000008940697
v -0.7465625047683717 0.15343749284744268 0.2550000008940697
v -0.7512499928474428 0.1637499904632569 0.33499999910593037
v -0.7465625047683717 0.15343749284744268 0.2550000008940697
v -0.7465625047683717 0.15343749284744268 0.33499999910593037
v -0.7512499928474428 0.1637499904632569 0.33499999910593037
v -0.7465625047683717 0.15343749284744268 0.2550000008940697
v -0.7400000035762788 0.14499997854232793 0.2550000008940697
v -0.7465625047683717 0.15343749284744268 0.33499999910593037
v -0.7400000035762788 0.14499997854232793 0.2550000008940697
v -0.7400000035762788 0.14499997854232793 0.33499999910593037
v -0.7465625047683717 0.15343749284744268 0.33499999910593037
v -0.7400000035762788 0.14499997854232793 0.2550000008940697
v -0.7315624892711641 0.13843750715255743 0.2550000008940697
v -0.7400000035762788 0.14499997854232793 0.33499999910593037
v -0.7315624892711641 0.13843750715255743 0.2550000008940697
v -0.7315624892711641 0.13843750715255743 0.33499999910593037
v -0.7400000035762788 0.14499997854232793 0.33499999910593037
v -0.7315624892711641 0.13843750715255743 0.2550000008940697
v -0.7212499916553499 0.13375001907348638 0.2550000008940697
v -0.7315624892711641 0.13843750715255743 0.33499999910593037
v -0.7212499916553499 0.13375001907348638 0.2550000008940697
v -0.7212499916553499 0.13375001907348638 0.33499999910593037
v -0.7315624892711641 0.13843750715255743 0.33499999910593037
v -0.7212499916553499 0.13375001907348638 0.2550000008940697
v -0.7090625107288362 0.1309375143051148 0.2550000008940697
v -0.7212499916553499 0.13375001907348638 0.33499999910593037
v -0.7090625107288362 0.1309375143051148 0.2550000008940697
v -0.7090625107288362 0.1309375143051148 0.33499999910593037
v -0.7212499916553499 0.13375001907348638 0.33499999910593037
v -0.7090625107288362 0.1309375143051148 0.2550000008940697
v -0.6949999868869783 0.12999999284744268 0.2550000008940697
v -0.7090625107288362 0.1309375143051148 0.33499999910593037
v -0.6949999868869783 0.12999999284744268 0.2550000008940697
v -0.6949999868869783 0.12999999284744268 0.33499999910593037
v -0.7090625107288362 0.1309375143051148 0.33499999910593037
vt -0.29499998688697815 -0.9300000071525574
vt -0.30906251072883606 -0.9290624856948853
vt -0.32124999165534973 -0.9262499809265137
vt 0.30906251072883606 -0.9290624856948853
vt 0.29499998688697815 -0.9300000071525574
vt -0.29499998688697815 -0.9300000071525574
vt 0.33156248927116394 -0.9215624928474426
vt 0.32124999165534973 -0.9262499809265137
vt 0.30906251072883606 -0.9290624856948853
vt 0.3465625047683716 -0.9065625071525574
vt 0.3400000035762787 -0.9150000214576721
vt 0.33156248927116394 -0.9215624928474426
vt 0.3540624976158142 -0.8840625286102295
vt 0.3512499928474426 -0.8962500095367432
vt 0.3465625047683716 -0.9065625071525574
vt 0.35499998927116394 0.8700000047683716
vt 0.35499998927116394 -0.8700000047683716
vt 0.3540624976158142 -0.8840625286102295
vt 0.3512499928474426 0.8962500095367432
vt 0.3540624976158142 0.8840625286102295
vt 0.35499998927116394 0.8700000047683716
vt 0.3400000035762787 0.9150000214576721
vt 0.3465625047683716 0.9065625071525574
vt 0.3512499928474426 0.8962500095367432
vt 0.32124999165534973 0.9262499809265137
vt 0.33156248927116394 0.9215624928474426
vt 0.3400000035762787 0.9150000214576721
vt 0.29499998688697815 0.9300000071525574
vt 0.30906251072883606 0.9290624856948853
vt 0.32124999165534973 0.9262499809265137
vt -0.30906251072883606 0.9290624856948853
vt -0.29499998688697815 0.9300000071525574
vt 0.29499998688697815 0.9300000071525574
vt -0.33156248927116394 0.9215624928474426
vt -0.32124999165534973 0.9262499809265137
vt -0.30906251072883606 0.9290624856948853
vt -0.3465625047683716 0.9065625071525574
vt -0.3400000035762787 0.9150000214576721
vt -0.33156248927116394 0.9215624928474426
vt -0.3540624976158142 0.8840625286102295
vt -0.3512499928474426 0.8962500095367432
vt -0.3465625047683716 0.9065625071525574
vt -0.35499998927116394 -0.8700000047683716
vt -0.35499998927116394 0.8700000047683716
vt -0.3540624976158142 0.8840625286102295
vt -0.3512499928474426 -0.8962500095367432
vt -0.3540624976158142 -0.8840625286102295
vt -0.35499998927116394 -0.8700000047683716
vt -0.3400000035762787 -0.9150000214576721
vt -0.3465625047683716 -0.9065625071525574
vt -0.3512499928474426 -0.8962500095367432
vt -0.32124999165534973 -0.9262499809265137
vt -0.33156248927116394 -0.9215624928474426
vt -0.3400000035762787 -0.9150000214576721
vt 0.30906251072883606 -0.9290624856948853
vt -0.29499998688697815 -0.9300000071525574
vt -0.32124999165534973 -0.9262499809265137
vt 0.3465625047683716 -0.9065625071525574
vt 0.33156248927116394 -0.9215624928474426
vt 0.30906251072883606 -0.9290624856948853
vt 0.35499998927116394 0.8700000047683716
vt 0.3540624976158142 -0.8840625286102295
vt 0.3465625047683716 -0.9065625071525574
vt 0.3400000035762787 0.9150000214576721
vt 0.3512499928474426 0.8962500095367432
vt 0.35499998927116394 0.8700000047683716
vt 0.29499998688697815 0.9300000071525574
vt 0.32124999165534973 0.9262499809265137
vt 0.3400000035762787 0.9150000214576721
vt -0.33156248927116394 0.9215624928474426
vt -0.30906251072883606 0.9290624856948853
vt 0.29499998688697815 0.9300000071525574
vt -0.3540624976158142 0.8840625286102295
vt -0.3465625047683716 0.9065625071525574
vt -0.33156248927116394 0.9215624928474426
vt -0.3512499928474426 -0.8962500095367432
vt -0.35499998927116394 -0.8700000047683716
vt -0.3540624976158142 0.8840625286102295
vt -0.32124999165534973 -0.9262499809265137
vt -0.3400000035762787 -0.9150000214576721
vt -0.3512499928474426 -0.8962500095367432
vt 0.3465625047683716 -0.9065625071525574
vt 0.30906251072883606 -0.9290624856948853
vt -0.32124999165534973 -0.9262499809265137
vt 0.3400000035762787 0.9150000214576721
vt 0.35499998927116394 0.8700000047683716
vt 0.3465625047683716 -0.9065625071525574
vt -0.33156248927116394 0.9215624928474426
vt 0.29499998688697815 0.9300000071525574
vt 0.3400000035762787 0.9150000214576721
vt -0.3512499928474426 -0.8962500095367432
vt -0.3540624976158142 0.8840625286102295
vt -0.33156248927116394 0.9215624928474426
vt 0.3465625047683716 -0.9065625071525574
vt -0.32124999165534973 -0.9262499809265137
vt -0.3512499928474426 -0.8962500095367432
vt -0.33156248927116394 0.9215624928474426
vt 0.3400000035762787 0.9150000214576721
vt 0.3465625047683716 -0.9065625071525574
vt 0.3465625047683716 -0.9065625071525574
vt -0.3512499928474426 -0.8962500095367432
vt -0.33156248927116394 0.9215624928474426
vt -0.32124999165534973 -0.9262499809265137
vt -0.30906251072883606 -0.9290624856948853
vt -0.29499998688697815 -0.9300000071525574
vt -0.29499998688697815 -0.9300000071525574
vt 0.29499998688697815 -0.9300000071525574
vt 0.30906251072883606 -0.9290624856948853
vt 0.30906251072883606 -0.9290624856948853
vt 0.32124999165534973 -0.9262499809265137
vt 0.33156248927116394 -0.9215624928474426
vt 0.33156248927116394 -0.9215624928474426
vt 0.3400000035762787 -0.9150000214576721
vt 0.3465625047683716 -0.9065625071525574
vt 0.3465625047683716 -0.9065625071525574
vt 0.3512499928474426 -0.8962500095367432
vt 0.3540624976158142 -0.8840625286102295
vt 0.3540624976158142 -0.8840625286102295
vt 0.35499998927116394 -0.8700000047683716
vt 0.35499998927116394 0.8700000047683716
vt 0.35499998927116394 0.8700000047683716
vt 0.3540624976158142 0.8840625286102295
vt 0.3512499928474426 0.8962500095367432
vt 0.3512499928474426 0.8962500095367432
vt 0.3465625047683716 0.9065625071525574
vt 0.3400000035762787 0.9150000214576721
vt 0.3400000035762787 0.9150000214576721
vt 0.33156248927116394 0.9215624928474426
vt 0.32124999165534973 0.9262499809265137
vt 0.32124999165534973 0.9262499809265137
vt 0.30906251072883606 0.9290624856948853
vt 0.29499998688697815 0.9300000071525574
vt 0.29499998688697815 0.9300000071525574
vt -0.29499998688697815 0.9300000071525574
vt -0.30906251072883606 0.9290624856948853
vt -0.30906251072883606 0.9290624856948853
vt -0.32124999165534973 0.9262499809265137
vt -0.33156248927116394 0.9215624928474426
vt -0.33156248927116394 0.9215624928474426
vt -0.3400000035762787 0.9150000214576721
vt -0.3465625047683716 0.9065625071525574
vt -0.3465625047683716 0.9065625071525574
vt -0.3512499928474426 0.8962500095367432
vt -0.3540624976158142 0.8840625286102295
vt -0.3540624976158142 0.8840625286102295
vt -0.35499998927116394 0.8700000047683716
vt -0.35499998927116394 -0.8700000047683716
vt -0.35499998927116394 -0.8700000047683716
vt -0.3540624976158142 -0.8840625286102295
vt -0.3512499928474426 -0.8962500095367432
vt -0.3512499928474426 -0.8962500095367432
vt -0.3465625047683716 -0.9065625071525574
vt -0.3400000035762787 -0.9150000214576721
vt -0.3400000035762787 -0.9150000214576721
vt -0.33156248927116394 -0.9215624928474426
vt -0.32124999165534973 -0.9262499809265137
vt -0.32124999165534973 -0.9262499809265137
vt -0.29499998688697815 -0.9300000071525574
vt 0.30906251072883606 -0.9290624856948853
vt 0.30906251072883606 -0.9290624856948853
vt 0.33156248927116394 -0.9215624928474426
vt 0.3465625047683716 -0.9065625071525574
vt 0.3465625047683716 -0.9065625071525574
vt 0.3540624976158142 -0.8840625286102295
vt 0.35499998927116394 0.8700000047683716
vt 0.35499998927116394 0.8700000047683716
vt 0.3512499928474426 0.8962500095367432
vt 0.3400000035762787 0.9150000214576721
vt 0.3400000035762787 0.9150000214576721
vt 0.32124999165534973 0.9262499809265137
vt 0.29499998688697815 0.9300000071525574
vt 0.29499998688697815 0.9300000071525574
vt -0.30906251072883606 0.9290624856948853
vt -0.33156248927116394 0.9215624928474426
vt -0.33156248927116394 0.9215624928474426
vt -0.3465625047683716 0.9065625071525574
vt -0.3540624976158142 0.8840625286102295
vt -0.3540624976158142 0.8840625286102295
vt -0.35499998927116394 -0.8700000047683716
vt -0.3512499928474426 -0.8962500095367432
vt -0.3512499928474426 -0.8962500095367432
vt -0.3400000035762787 -0.9150000214576721
vt -0.32124999165534973 -0.9262499809265137
vt -0.32124999165534973 -0.9262499809265137
vt 0.30906251072883606 -0.9290624856948853
vt 0.3465625047683716 -0.9065625071525574
vt 0.3465625047683716 -0.9065625071525574
vt 0.35499998927116394 0.8700000047683716
vt 0.3400000035762787 0.9150000214576721
vt 0.3400000035762787 0.9150000214576721
vt 0.29499998688697815 0.9300000071525574
vt -0.33156248927116394 0.9215624928474426
vt -0.33156248927116394 0.9215624928474426
vt -0.3540624976158142 0.8840625286102295
vt -0.3512499928474426 -0.8962500095367432
vt -0.3512499928474426 -0.8962500095367432
vt -0.32124999165534973 -0.9262499809265137
vt 0.3465625047683716 -0.9065625071525574
vt 0.3465625047683716 -0.9065625071525574
vt 0.3400000035762787 0.9150000214576721
vt -0.33156248927116394 0.9215624928474426
vt -0.33156248927116394 0.9215624928474426
vt -0.3512499928474426 -0.8962500095367432
vt 0.3465625047683716 -0.9065625071525574
vt -0.29499998688697815 1
vt 0.29499998688697815 1
vt -0.29499998688697815 0.9200000166893005
vt 0.29499998688697815 1
vt 0.29499998688697815 0.9200000166893005
vt -0.29499998688697815 0.9200000166893005
vt 0.29499998688697815 1
vt 0.30906251072883606 1
vt 0.29499998688697815 0.9200000166893005
vt 0.30906251072883606 1
vt 0.30906251072883606 0.9200000166893005
vt 0.29499998688697815 0.9200000166893005
vt 0.30906251072883606 1
vt 0.32124999165534973 1
vt 0.30906251072883606 0.9200000166893005
vt 0.32124999165534973 1
vt 0.32124999165534973 0.9200000166893005
vt 0.30906251072883606 0.9200000166893005
vt 0.32124999165534973 1
vt 0.33156248927116394 1
vt 0.32124999165534973 0.9200000166893005
vt 0.33156248927116394 1
vt 0.33156248927116394 0.9200000166893005
vt 0.32124999165534973 0.9200000166893005
vt 0.33156248927116394 1
vt 0.3400000035762787 1
vt 0.33156248927116394 0.9200000166893005
vt 0.3400000035762787 1
vt 0.3400000035762787 0.9200000166893005
vt 0.33156248927116394 0.9200000166893005
vt -0.9150000214576721 1
vt -0.9065625071525574 1
vt -0.9150000214576721 0.9200000166893005
vt -0.9065625071525574 1
vt -0.9065625071525574 0.9200000166893005
vt -0.9150000214576721 0.9200000166893005
vt -0.9065625071525574 1
vt -0.8962500095367432 1
vt -0.9065625071525574 0.9200000166893005
vt -0.8962500095367432 1
vt -0.8962500095367432 0.9200000166893005
vt -0.9065625071525574 0.9200000166893005
vt -0.8962500095367432 1
vt -0.8840625286102295 1
vt -0.8962500095367432 0.9200000166893005
vt -0.8840625286102295 1
vt -0.8840625286102295 0.9200000166893005
vt -0.8962500095367432 0.9200000166893005
vt -0.8840625286102295 1
vt -0.8700000047683716 1
vt -0.8840625286102295 0.9200000166893005
vt -0.8700000047683716 1
vt -0.8700000047683716 0.9200000166893005
vt -0.8840625286102295 0.9200000166893005
vt -0.8700000047683716 1
vt 0.8700000047683716 1
vt -0.8700000047683716 0.9200000166893005
vt 0.8700000047683716 1
vt 0.8700000047683716 0.9200000166893005
vt -0.8700000047683716 0.9200000166893005
vt 0.8700000047683716 1
vt 0.8840625286102295 1
vt 0.8700000047683716 0.9200000166893005
vt 0.8840625286102295 1
vt 0.8840625286102295 0.9200000166893005
vt 0.8700000047683716 0.9200000166893005
vt 0.8840625286102295 1
vt 0.8962500095367432 1
vt 0.8840625286102295 0.9200000166893005
vt 0.8962500095367432 1
vt 0.8962500095367432 0.9200000166893005
vt 0.8840625286102295 0.9200000166893005
vt 0.8962500095367432 1
vt 0.9065625071525574 1
vt 0.8962500095367432 0.9200000166893005
vt 0.9065625071525574 1
vt 0.9065625071525574 0.9200000166893005
vt 0.8962500095367432 0.9200000166893005
vt 0.9065625071525574 1
vt 0.9150000214576721 1
vt 0.9065625071525574 0.9200000166893005
vt 0.9150000214576721 1
vt 0.9150000214576721 0.9200000166893005
vt 0.9065625071525574 0.9200000166893005
vt 0.3400000035762787 1
vt 0.33156248927116394 1
vt 0.3400000035762787 0.9200000166893005
vt 0.33156248927116394 1
vt 0.33156248927116394 0.9200000166893005
vt 0.3400000035762787 0.9200000166893005
vt 0.33156248927116394 1
vt 0.32124999165534973 1
vt 0.33156248927116394 0.9200000166893005
vt 0.32124999165534973 1
vt 0.32124999165534973 0.9200000166893005
vt 0.33156248927116394 0.9200000166893005
vt 0.32124999165534973 1
vt 0.30906251072883606 1
vt 0.32124999165534973 0.9200000166893005
vt 0.30906251072883606 1
vt 0.30906251072883606 0.9200000166893005
vt 0.32124999165534973 0.9200000166893005
vt 0.30906251072883606 1
vt 0.29499998688697815 1
vt 0.30906251072883606 0.9200000166893005
vt 0.29499998688697815 1
vt 0.29499998688697815 0.9200000166893005
vt 0.30906251072883606 0.9200000166893005
vt 0.29499998688697815 1
vt -0.29499998688697815 1
vt 0.29499998688697815 0.9200000166893005
vt -0.29499998688697815 1
vt -0.29499998688697815 0.9200000166893005
vt 0.29499998688697815 0.9200000166893005
vt -0.29499998688697815 1
vt -0.30906251072883606 1
vt -0.29499998688697815 0.9200000166893005
vt -0.30906251072883606 1
vt -0.30906251072883606 0.9200000166893005
vt -0.29499998688697815 0.9200000166893005
vt -0.30906251072883606 1
vt -0.32124999165534973 1
vt -0.30906251072883606 0.9200000166893005
vt -0.32124999165534973 1
vt -0.32124999165534973 0.9200000166893005
vt -0.30906251072883606 0.9200000166893005
vt -0.32124999165534973 1
vt -0.33156248927116394 1
vt -0.32124999165534973 0.9200000166893005
vt -0.33156248927116394 1
vt -0.33156248927116394 0.9200000166893005
vt -0.32124999165534973 0.9200000166893005
vt -0.33156248927116394 1
vt -0.3400000035762787 1
vt -0.33156248927116394 0.9200000166893005
vt -0.3400000035762787 1
vt -0.3400000035762787 0.9200000166893005
vt -0.33156248927116394 0.9200000166893005
vt 0.9150000214576721 1
vt 0.9065625071525574 1
vt 0.9150000214576721 0.9200000166893005
vt 0.9065625071525574 1
vt 0.9065625071525574 0.9200000166893005
vt 0.9150000214576721 0.9200000166893005
vt 0.9065625071525574 1
vt 0.8962500095367432 1
vt 0.9065625071525574 0.9200000166893005
vt 0.8962500095367432 1
vt 0.8962500095367432 0.9200000166893005
vt 0.9065625071525574 0.9200000166893005
vt 0.8962500095367432 1
vt 0.8840625286102295 1
vt 0.8962500095367432 0.9200000166893005
vt 0.8840625286102295 1
vt 0.8840625286102295 0.9200000166893005
vt 0.8962500095367432 0.9200000166893005
vt 0.8840625286102295 1
vt 0.8700000047683716 1
vt 0.8840625286102295 0.9200000166893005
vt 0.8700000047683716 1
vt 0.8700000047683716 0.9200000166893005
vt 0.8840625286102295 0.9200000166893005
vt 0.8700000047683716 1
vt -0.8700000047683716 1
vt 0.8700000047683716 0.9200000166893005
vt -0.8700000047683716 1
vt -0.8700000047683716 0.9200000166893005
vt 0.8700000047683716 0.9200000166893005
vt -0.8700000047683716 1
vt -0.8840625286102295 1
vt -0.8700000047683716 0.9200000166893005
vt -0.8840625286102295 1
vt -0.8840625286102295 0.9200000166893005
vt -0.8700000047683716 0.9200000166893005
vt -0.8840625286102295 1
vt -0.8962500095367432 1
vt -0.8840625286102295 0.9200000166893005
vt -0.8962500095367432 1
vt -0.8962500095367432 0.9200000166893005
vt -0.8840625286102295 0.9200000166893005
vt -0.8962500095367432 1
vt -0.9065625071525574 1
vt -0.8962500095367432 0.9200000166893005
vt -0.9065625071525574 1
vt -0.9065625071525574 0.9200000166893005
vt -0.8962500095367432 0.9200000166893005
vt -0.9065625071525574 1
vt -0.9150000214576721 1
vt -0.9065625071525574 0.9200000166893005
vt -0.9150000214576721 1
vt -0.9150000214576721 0.9200000166893005
vt -0.9065625071525574 0.9200000166893005
vt -0.3400000035762787 1
vt -0.33156248927116394 1
vt -0.3400000035762787 0.9200000166893005
vt -0.33156248927116394 1
vt -0.33156248927116394 0.9200000166893005
vt -0.3400000035762787 0.9200000166893005
vt -0.33156248927116394 1
vt -0.32124999165534973 1
vt -0.33156248927116394 0.9200000166893005
vt -0.32124999165534973 1
vt -0.32124999165534973 0.9200000166893005
vt -0.33156248927116394 0.9200000166893005
vt -0.32124999165534973 1
vt -0.30906251072883606 1
vt -0.32124999165534973 0.9200000166893005
vt -0.30906251072883606 1
vt -0.30906251072883606 0.9200000166893005
vt -0.32124999165534973 0.9200000166893005
vt -0.30906251072883606 1
vt -0.29499998688697815 1
vt -0.30906251072883606 0.9200000166893005
vt -0.29499998688697815 1
vt -0.29499998688697815 0.9200000166893005
vt -0.30906251072883606 0.9200000166893005
vn 0 0 -1
vn 0 0 -1
vn 0 0 -1
vn 0 0 -1
vn 0 0 -1
vn 0 0 -1
vn 0 0 -1
vn 0 0 -1
vn 0 0 -1
vn 0 0 -1
vn 0 0 -1
vn 0 0 -1
vn 0 0 -1
vn 0 0 -1
vn 0 0 -1
vn 0 0 -1
vn 0 0 -1
vn 0 0 -1
vn 0 0 -1
vn 0 0 -1
vn 0 0 -1
vn 0 0 -1
vn 0 0 -1
vn 0 0 -1
vn 0 0 -1
vn 0 0 -1
vn 0 0 -1
vn 0 0 -1
vn 0 0 -1
vn 0 0 -1
vn 0 0 -1
vn 0 0 -1
vn 0 0 -1
vn 0 0 -1
vn 0 0 -1
vn 0 0 -1
vn 0 0 -1
vn 0 0 -1
vn 0 0 -1
vn 0 0 -1
vn 0 0 -1
vn 0 0 -1
vn 0 0 -1
vn 0 0 -1
vn 0 0 -1
vn 0 0 -1
vn 0 0 -1
vn 0 0 -1
vn 0 0 -1
vn 0 0 -1
vn 0 0 -1
vn 0 0 -1
vn 0 0 -1
vn 0 0 -1
vn 0 0 -1
vn 0 0 -1
vn 0 0 -1
vn 0 0 -1
vn 0 0 -1
vn 0 0 -1
vn 0 0 -1
vn 0 0 -1
vn 0 0 -1
vn 0 0 -1
vn 0 0 -1
vn 0 0 -1
vn 0 0 -1
vn 0 0 -1
vn 0 0 -1
vn 0 0 -1
vn 0 0 -1
vn 0 0 -1
vn 0 0 -1
vn 0 0 -1
vn 0 0 -1
vn 0 0 -1
vn 0 0 -1
vn 0 0 -1
vn 0 0 -1
vn 0 0 -1
vn 0 0 -1
vn 0 0 -1
vn 0 0 -1
vn 0 0 -1
vn 0 0 -1
vn 0 0 -1
vn 0 0 -1
vn 0 0 -1
vn 0 0 -1
vn 0 0 -1
vn 0 0 -1
vn 0 0 -1
vn 0 0 -1
vn 0 0 -1
vn 0 0 -1
vn 0 0 -1
vn 0 0 -1
vn 0 0 -1
vn 0 0 -1
vn 0 0 -1
vn 0 0 -1
vn 0 0 -1
vn 0 0 1
vn 0 0 1
vn 0 0 1
vn 0 0 1
vn 0 0 1
vn 0 0 1
vn 0 0 1
vn 0 0 1
vn 0 0 1
vn 0 0 1
vn 0 0 1
vn 0 0 1
vn 0 0 1
vn 0 0 1
vn 0 0 1
vn 0 0 1
vn 0 0 1
vn 0 0 1
vn 0 0 1
vn 0 0 1
vn 0 0 1
vn 0 0 1
vn 0 0 1
vn 0 0 1
vn 0 0 1
vn 0 0 1
vn 0 0 1
vn 0 0 1
vn 0 0 1
vn 0 0 1
vn 0 0 1
vn 0 0 1
vn 0 0 1
vn 0 0 1
vn 0 0 1
vn 0 0 1
vn 0 0 1
vn 0 0 1
vn 0 0 1
vn 0 0 1
vn 0 0 1
vn 0 0 1
vn 0 0 1
vn 0 0 1
vn 0 0 1
vn 0 0 1
vn 0 0 1
vn 0 0 1
vn 0 0 1
vn 0 0 1
vn 0 0 1
vn 0 0 1
vn 0 0 1
vn 0 0 1
vn 0 0 1
vn 0 0 1
vn 0 0 1
vn 0 0 1
vn 0 0 1
vn 0 0 1
vn 0 0 1
vn 0 0 1
vn 0 0 1
vn 0 0 1
vn 0 0 1
vn 0 0 1
vn 0 0 1
vn 0 0 1
vn 0 0 1
vn 0 0 1
vn 0 0 1
vn 0 0 1
vn 0 0 1
vn 0 0 1
vn 0 0 1
vn 0 0 1
vn 0 0 1
vn 0 0 1
vn 0 0 1
vn 0 0 1
vn 0 0 1
vn 0 0 1
vn 0 0 1
vn 0 0 1
vn 0 0 1
vn 0 0 1
vn 0 0 1
vn 0 0 1
vn 0 0 1
vn 0 0 1
vn 0 0 1
vn 0 0 1
vn 0 0 1
vn 0 0 1
vn 0 0 1
vn 0 0 1
vn 0 0 1
vn 0 0 1
vn 0 0 1
vn 0 0 1
vn 0 0 1
vn 0 0 1
vn 0 -1 0
vn 0 -1 0
vn 0 -1 0
vn 0 -1 0
vn 0 -1 0
vn 0 -1 0
vn 0.06652040602401094 -0.9977850648222796 0
vn 0.06652040602401094 -0.9977850648222796 0
vn 0.06652040602401094 -0.9977850648222796 0
vn 0.06652040602401094 -0.9977850648222796 0
vn 0.06652040602401094 -0.9977850648222796 0
vn 0.06652040602401094 -0.9977850648222796 0
vn 0.22486020429069606 -0.9743910347116022 0
vn 0.22486020429069606 -0.9743910347116022 0
vn 0.22486020429069606 -0.9743910347116022 0
vn 0.22486020429069606 -0.9743910347116022 0
vn 0.22486020429069606 -0.9743910347116022 0
vn 0.22486020429069606 -0.9743910347116022 0
vn 0.413802174135545 -0.9103668275375021 0
vn 0.413802174135545 -0.9103668275375021 0
vn 0.413802174135545 -0.9103668275375021 0
vn 0.413802174135545 -0.9103668275375021 0
vn 0.413802174135545 -0.9103668275375021 0
vn 0.413802174135545 -0.9103668275375021 0
vn 0.6139383150655777 -0.789354005053778 0
vn 0.6139383150655777 -0.789354005053778 0
vn 0.6139383150655777 -0.789354005053778 0
vn 0.6139383150655777 -0.789354005053778 0
vn 0.6139383150655777 -0.789354005053778 0
vn 0.6139383150655777 -0.789354005053778 0
vn 0.7893526506560449 -0.6139400564405909 0
vn 0.7893526506560449 -0.6139400564405909 0
vn 0.7893526506560449 -0.6139400564405909 0
vn 0.7893526506560449 -0.6139400564405909 0
vn 0.7893526506560449 -0.6139400564405909 0
vn 0.7893526506560449 -0.6139400564405909 0
vn 0.9103668275375021 -0.413802174135545 0
vn 0.9103668275375021 -0.413802174135545 0
vn 0.9103668275375021 -0.413802174135545 0
vn 0.9103668275375021 -0.413802174135545 0
vn 0.9103668275375021 -0.413802174135545 0
vn 0.9103668275375021 -0.413802174135545 0
vn 0.9743910347116022 -0.22486020429069606 0
vn 0.9743910347116022 -0.22486020429069606 0
vn 0.9743910347116022 -0.22486020429069606 0
vn 0.9743910347116022 -0.22486020429069606 0
vn 0.9743910347116022 -0.22486020429069606 0
vn 0.9743910347116022 -0.22486020429069606 0
vn 0.9977852048016114 -0.06651830634499353 0
vn 0.9977852048016114 -0.06651830634499353 0
vn 0.9977852048016114 -0.06651830634499353 0
vn 0.9977852048016114 -0.06651830634499353 0
vn 0.9977852048016114 -0.06651830634499353 0
vn 0.9977852048016114 -0.06651830634499353 0
vn 1 0 0
vn 1 0 0
vn 1 0 0
vn 1 0 0
vn 1 0 0
vn 1 0 0
vn 0.9977852048016114 0.06651830634499353 0
vn 0.9977852048016114 0.06651830634499353 0
vn 0.9977852048016114 0.06651830634499353 0
vn 0.9977852048016114 0.06651830634499353 0
vn 0.9977852048016114 0.06651830634499353 0
vn 0.9977852048016114 0.06651830634499353 0
vn 0.9743910347116022 0.22486020429069606 0
vn 0.9743910347116022 0.22486020429069606 0
vn 0.9743910347116022 0.22486020429069606 0
vn 0.9743910347116022 0.22486020429069606 0
vn 0.9743910347116022 0.22486020429069606 0
vn 0.9743910347116022 0.22486020429069606 0
vn 0.9103668275375021 0.413802174135545 0
vn 0.9103668275375021 0.413802174135545 0
vn 0.9103668275375021 0.413802174135545 0
vn 0.9103668275375021 0.413802174135545 0
vn 0.9103668275375021 0.413802174135545 0
vn 0.9103668275375021 0.413802174135545 0
vn 0.7893526506560449 0.6139400564405909 0
vn 0.7893526506560449 0.6139400564405909 0
vn 0.7893526506560449 0.6139400564405909 0
vn 0.7893526506560449 0.6139400564405909 0
vn 0.7893526506560449 0.6139400564405909 0
vn 0.7893526506560449 0.6139400564405909 0
vn 0.6139383150655777 0.789354005053778 0
vn 0.6139383150655777 0.789354005053778 0
vn 0.6139383150655777 0.789354005053778 0
vn 0.6139383150655777 0.789354005053778 0
vn 0.6139383150655777 0.789354005053778 0
vn 0.6139383150655777 0.789354005053778 0
vn 0.413802174135545 0.9103668275375021 0
vn 0.413802174135545 0.9103668275375021 0
vn 0.413802174135545 0.9103668275375021 0
vn 0.413802174135545 0.9103668275375021 0
vn 0.413802174135545 0.9103668275375021 0
vn 0.413802174135545 0.9103668275375021 0
vn 0.22486020429069606 0.9743910347116022 0
vn 0.22486020429069606 0.9743910347116022 0
vn 0.22486020429069606 0.9743910347116022 0
vn 0.22486020429069606 0.9743910347116022 0
vn 0.22486020429069606 0.9743910347116022 0
vn 0.22486020429069606 0.9743910347116022 0
vn 0.06652040602401094 0.9977850648222796 0
vn 0.06652040602401094 0.9977850648222796 0
vn 0.06652040602401094 0.9977850648222796 0
vn 0.06652040602401094 0.9977850648222796 0
vn 0.06652040602401094 0.9977850648222796 0
vn 0.06652040602401094 0.9977850648222796 0
vn 0 1 0
vn 0 1 0
vn 0 1 0
vn 0 1 0
vn 0 1 0
vn 0 1 0
vn -0.06652040602401094 0.9977850648222796 0
vn -0.06652040602401094 0.9977850648222796 0
vn -0.06652040602401094 0.9977850648222796 0
vn -0.06652040602401094 0.9977850648222796 0
vn -0.06652040602401094 0.9977850648222796 0
vn -0.06652040602401094 0.9977850648222796 0
vn -0.22486020429069606 0.9743910347116022 0
vn -0.22486020429069606 0.9743910347116022 0
vn -0.22486020429069606 0.9743910347116022 0
vn -0.22486020429069606 0.9743910347116022 0
vn -0.22486020429069606 0.9743910347116022 0
vn -0.22486020429069606 0.9743910347116022 0
vn -0.413802174135545 0.9103668275375021 0
vn -0.413802174135545 0.9103668275375021 0
vn -0.413802174135545 0.9103668275375021 0
vn -0.413802174135545 0.9103668275375021 0
vn -0.413802174135545 0.9103668275375021 0
vn -0.413802174135545 0.9103668275375021 0
vn -0.6139383150655777 0.789354005053778 0
vn -0.6139383150655777 0.789354005053778 0
vn -0.6139383150655777 0.789354005053778 0
vn -0.6139383150655777 0.789354005053778 0
vn -0.6139383150655777 0.789354005053778 0
vn -0.6139383150655777 0.789354005053778 0
vn -0.7893526506560449 0.6139400564405909 0
vn -0.7893526506560449 0.6139400564405909 0
vn -0.7893526506560449 0.6139400564405909 0
vn -0.7893526506560449 0.6139400564405909 0
vn -0.7893526506560449 0.6139400564405909 0
vn -0.7893526506560449 0.6139400564405909 0
vn -0.9103668275375021 0.413802174135545 0
vn -0.9103668275375021 0.413802174135545 0
vn -0.9103668275375021 0.413802174135545 0
vn -0.9103668275375021 0.413802174135545 0
vn -0.9103668275375021 0.413802174135545 0
vn -0.9103668275375021 0.413802174135545 0
vn -0.9743910347116022 0.22486020429069606 0
vn -0.9743910347116022 0.22486020429069606 0
vn -0.9743910347116022 0.22486020429069606 0
vn -0.9743910347116022 0.22486020429069606 0
vn -0.9743910347116022 0.22486020429069606 0
vn -0.9743910347116022 0.22486020429069606 0
vn -0.9977852048016114 0.06651830634499353 0
vn -0.9977852048016114 0.06651830634499353 0
vn -0.9977852048016114 0.06651830634499353 0
vn -0.9977852048016114 0.06651830634499353 0
vn -0.9977852048016114 0.06651830634499353 0
vn -0.9977852048016114 0.06651830634499353 0
vn -1 0 0
vn -1 0 0
vn -1 0 0
vn -1 0 0
vn -1 0 0
vn -1 0 0
vn -0.9977852048016114 -0.06651830634499353 0
vn -0.9977852048016114 -0.06651830634499353 0
vn -0.9977852048016114 -0.06651830634499353 0
vn -0.9977852048016114 -0.06651830634499353 0
vn -0.9977852048016114 -0.06651830634499353 0
vn -0.9977852048016114 -0.06651830634499353 0
vn -0.9743910347116022 -0.22486020429069606 0
vn -0.9743910347116022 -0.22486020429069606 0
vn -0.9743910347116022 -0.22486020429069606 0
vn -0.9743910347116022 -0.22486020429069606 0
vn -0.9743910347116022 -0.22486020429069606 0
vn -0.9743910347116022 -0.22486020429069606 0
vn -0.9103668275375021 -0.413802174135545 0
vn -0.9103668275375021 -0.413802174135545 0
vn -0.9103668275375021 -0.413802174135545 0
vn -0.9103668275375021 -0.413802174135545 0
vn -0.9103668275375021 -0.413802174135545 0
vn -0.9103668275375021 -0.413802174135545 0
vn -0.7893526506560449 -0.6139400564405909 0
vn -0.7893526506560449 -0.6139400564405909 0
vn -0.7893526506560449 -0.6139400564405909 0
vn -0.7893526506560449 -0.6139400564405909 0
vn -0.7893526506560449 -0.6139400564405909 0
vn -0.7893526506560449 -0.6139400564405909 0
vn -0.6139383150655777 -0.789354005053778 0
vn -0.6139383150655777 -0.789354005053778 0
vn -0.6139383150655777 -0.789354005053778 0
vn -0.6139383150655777 -0.789354005053778 0
vn -0.6139383150655777 -0.789354005053778 0
vn -0.6139383150655777 -0.789354005053778 0
vn -0.413802174135545 -0.9103668275375021 0
vn -0.413802174135545 -0.9103668275375021 0
vn -0.413802174135545 -0.9103668275375021 0
vn -0.413802174135545 -0.9103668275375021 0
vn -0.413802174135545 -0.9103668275375021 0
vn -0.413802174135545 -0.9103668275375021 0
vn -0.22486020429069606 -0.9743910347116022 0
vn -0.22486020429069606 -0.9743910347116022 0
vn -0.22486020429069606 -0.9743910347116022 0
vn -0.22486020429069606 -0.9743910347116022 0
vn -0.22486020429069606 -0.9743910347116022 0
vn -0.22486020429069606 -0.9743910347116022 0
vn -0.06652040602401094 -0.9977850648222796 0
vn -0.06652040602401094 -0.9977850648222796 0
vn -0.06652040602401094 -0.9977850648222796 0
vn -0.06652040602401094 -0.9977850648222796 0
vn -0.06652040602401094 -0.9977850648222796 0
vn -0.06652040602401094 -0.9977850648222796 0
f 641/641/641 642/642/642 643/643/643
f 644/644/644 645/645/645 646/646/646
f 647/647/647 648/648/648 649/649/649
f 650/650/650 651/651/651 652/652/652
f 653/653/653 654/654/654 655/655/655
f 656/656/656 657/657/657 658/658/658
f 659/659/659 660/660/660 661/661/661
f 662/662/662 663/663/663 664/664/664
f 665/665/665 666/666/666 667/667/667
f 668/668/668 669/669/669 670/670/670
f 671/671/671 672/672/672 673/673/673
f 674/674/674 675/675/675 676/676/676
f 677/677/677 678/678/678 679/679/679
f 680/680/680 681/681/681 682/682/682
f 683/683/683 684/684/684 685/685/685
f 686/686/686 687/687/687 688/688/688
f 689/689/689 690/690/690 691/691/691
f 692/692/692 693/693/693 694/694/694
f 695/695/695 696/696/696 697/697/697
f 698/698/698 699/699/699 700/700/700
f 701/701/701 702/702/702 703/703/703
f 704/704/704 705/705/705 706/706/706
f 707/707/707 708/708/708 709/709/709
f 710/710/710 711/711/711 712/712/712
f 713/713/713 714/714/714 715/715/715
f 716/716/716 717/717/717 718/718/718
f 719/719/719 720/720/720 721/721/721
f 722/722/722 723/723/723 724/724/724
f 725/725/725 726/726/726 727/727/727
f 728/728/728 729/729/729 730/730/730
f 731/731/731 732/732/732 733/733/733
f 734/734/734 735/735/735 736/736/736
f 737/737/737 738/738/738 739/739/739
f 740/740/740 741/741/741 742/742/742
f 743/743/743 744/744/744 745/745/745
f 746/746/746 747/747/747 748/748/748
f 749/749/749 750/750/750 751/751/751
f 752/752/752 753/753/753 754/754/754
f 755/755/755 756/756/756 757/757/757
f 758/758/758 759/759/759 760/760/760
f 761/761/761 762/762/762 763/763/763
f 764/764/764 765/765/765 766/766/766
f 767/767/767 768/768/768 769/769/769
f 770/770/770 771/771/771 772/772/772
f 773/773/773 774/774/774 775/775/775
f 776/776/776 777/777/777 778/778/778
f 779/779/779 780/780/780 781/781/781
f 782/782/782 783/783/783 784/784/784
f 785/785/785 786/786/786 787/787/787
f 788/788/788 789/789/789 790/790/790
f 791/791/791 792/792/792 793/793/793
f 794/794/794 795/795/795 796/796/796
f 797/797/797 798/798/798 799/799/799
f 800/800/800 801/801/801 802/802/802
f 803/803/803 804/804/804 805/805/805
f 806/806/806 807/807/807 808/808/808
f 809/809/809 810/810/810 811/811/811
f 812/812/812 813/813/813 814/814/814
f 815/815/815 816/816/816 817/817/817
f 818/818/818 819/819/819 820/820/820
f 821/821/821 822/822/822 823/823/823
f 824/824/824 825/825/825 826/826/826
f 827/827/827 828/828/828 829/829/829
f 830/830/830 831/831/831 832/832/832
f 833/833/833 834/834/834 835/835/835
f 836/836/836 837/837/837 838/838/838
f 839/839/839 840/840/840 841/841/841
f 842/842/842 843/843/843 844/844/844
f 845/845/845 846/846/846 847/847/847
f 848/848/848 849/849/849 850/850/850
f 851/851/851 852/852/852 853/853/853
f 854/854/854 855/855/855 856/856/856
f 857/857/857 858/858/858 859/859/859
f 860/860/860 861/861/861 862/862/862
f 863/863/863 864/864/864 865/865/865
f 866/866/866 867/867/867 868/868/868
f 869/869/869 870/870/870 871/871/871
f 872/872/872 873/873/873 874/874/874
f 875/875/875 876/876/876 877/877/877
f 878/878/878 879/879/879 880/880/880
f 881/881/881 882/882/882 883/883/883
f 884/884/884 885/885/885 886/886/886
f 887/887/887 888/888/888 889/889/889
f 890/890/890 891/891/891 892/892/892
f 893/893/893 894/894/894 895/895/895
f 896/896/896 897/897/897 898/898/898
f 899/899/899 900/900/900 901/901/901
f 902/902/902 903/903/903 904/904/904
f 905/905/905 906/906/906 907/907/907
f 908/908/908 909/909/909 910/910/910
f 911/911/911 912/912/912 913/913/913
f 914/914/914 915/915/915 916/916/916
f 917/917/917 918/918/918 919/919/919
f 920/920/920 921/921/921 922/922/922
f 923/923/923 924/924/924 925/925/925
f 926/926/926 927/927/927 928/928/928
f 929/929/929 930/930/930 931/931/931
f 932/932/932 933/933/933 934/934/934
f 935/935/935 936/936/936 937/937/937
f 938/938/938 939/939/939 940/940/940
f 941/941/941 942/942/942 943/943/943
f 944/944/944 945/945/945 946/946/946
f 947/947/947 948/948/948 949/949/949
f 950/950/950 951/951/951 952/952/952
f 953/953/953 954/954/954 955/955/955
f 956/956/956 957/957/957 958/958/958
f 959/959/959 960/960/960 961/961/961
f 962/962/962 963/963/963 964/964/964
f 965/965/965 966/966/966 967/967/967
f 968/968/968 969/969/969 970/970/970
f 971/971/971 972/972/972 973/973/973
f 974/974/974 975/975/975 976/976/976
f 977/977/977 978/978/978 979/979/979
f 980/980/980 981/981/981 982/982/982
f 983/983/983 984/984/984 985/985/985
f 986/986/986 987/987/987 988/988/988
f 989/989/989 990/990/990 991/991/991
f 992/992/992 993/993/993 994/994/994
f 995/995/995 996/996/996 997/997/997
f 998/998/998 999/999/999 1000/1000/1000
f 1001/1001/1001 1002/1002/1002 1003/1003/1003
f 1004/1004/1004 1005/1005/1005 1006/1006/1006
f 1007/1007/1007 1008/1008/1008 1009/1009/1009
f 1010/1010/1010 1011/1011/1011 1012/1012/1012
f 1013/1013/1013 1014/1014/1014 1015/1015/1015
f 1016/1016/1016 1017/1017/1017 1018/1018/1018
f 1019/1019/1019 1020/1020/1020 1021/1021/1021
f 1022/1022/1022 1023/1023/1023 1024/1024/1024
f 1025/1025/1025 1026/1026/1026 1027/1027/1027
f 1028/1028/1028 1029/1029/1029 1030/1030/1030
f 1031/1031/1031 1032/1032/1032 1033/1033/1033
f 1034/1034/1034 1035/1035/1035 1036/1036/1036
f 1037/1037/1037 1038/1038/1038 1039/1039/1039
f 1040/1040/1040 1041/1041/1041 1042/1042/1042
f 1043/1043/1043 1044/1044/1044 1045/1045/1045
f 1046/1046/1046 1047/1047/1047 1048/1048/1048
f 1049/1049/1049 1050/1050/1050 1051/1051/1051
f 1052/1052/1052 1053/1053/1053 1054/1054/1054
f 1055/1055/1055 1056/1056/1056 1057/1057/1057
f 1058/1058/1058 1059/1059/1059 1060/1060/1060
o vent_1_0
usemtl navy
v -0.1750000059604646 1.775000000372529 0.37000000037252906
v -0.1750000059604646 1.775000000372529 0.319999999627471
v -0.1750000059604646 1.724999999627471 0.37000000037252906
v -0.1750000059604646 1.724999999627471 0.319999999627471
v -0.6249999940395357 1.775000000372529 0.319999999627471
v -0.6249999940395357 1.775000000372529 0.37000000037252906
v -0.6249999940395357 1.724999999627471 0.319999999627471
v -0.6249999940395357 1.724999999627471 0.37000000037252906
v -0.6249999940395357 1.775000000372529 0.319999999627471
v -0.1750000059604646 1.775000000372529 0.319999999627471
v -0.6249999940395357 1.775000000372529 0.37000000037252906
v -0.1750000059604646 1.775000000372529 0.37000000037252906
v -0.6249999940395357 1.724999999627471 0.37000000037252906
v -0.1750000059604646 1.724999999627471 0.37000000037252906
v -0.6249999940395357 1.724999999627471 0.319999999627471
v -0.1750000059604646 1.724999999627471 0.319999999627471
v -0.6249999940395357 1.775000000372529 0.37000000037252906
v -0.1750000059604646 1.775000000372529 0.37000000037252906
v -0.6249999940395357 1.724999999627471 0.37000000037252906
v -0.1750000059604646 1.724999999627471 0.37000000037252906
v -0.1750000059604646 1.775000000372529 0.319999999627471
v -0.6249999940395357 1.775000000372529 0.319999999627471
v -0.1750000059604646 1.724999999627471 0.319999999627471
v -0.6249999940395357 1.724999999627471 0.319999999627471
vt 0 1
vt 1 1
vt 0 0
vt 1 0
vt 0 1
vt 1 1
vt 0 0
vt 1 0
vt 0 1
vt 1 1
vt 0 0
vt 1 0
vt 0 1
vt 1 1
vt 0 0
vt 1 0
vt 0 1
vt 1 1
vt 0 0
vt 1 0
vt 0 1
vt 1 1
vt 0 0
vt 1 0
vn 1 0 0
vn 1 0 0
vn 1 0 0
vn 1 0 0
vn -1 0 0
vn -1 0 0
vn -1 0 0
vn -1 0 0
vn 0 1 0
vn 0 1 0
vn 0 1 0
vn 0 1 0
vn 0 -1 0
vn 0 -1 0
vn 0 -1 0
vn 0 -1 0
vn 0 0 1
vn 0 0 1
vn 0 0 1
vn 0 0 1
vn 0 0 -1
vn 0 0 -1
vn 0 0 -1
vn 0 0 -1
f 1061/1061/1061 1063/1063/1063 1062/1062/1062
f 1063/1063/1063 1064/1064/1064 1062/1062/1062
f 1065/1065/1065 1067/1067/1067 1066/1066/1066
f 1067/1067/1067 1068/1068/1068 1066/1066/1066
f 1069/1069/1069 1071/1071/1071 1070/1070/1070
f 1071/1071/1071 1072/1072/1072 1070/1070/1070
f 1073/1073/1073 1075/1075/1075 1074/1074/1074
f 1075/1075/1075 1076/1076/1076 1074/1074/1074
f 1077/1077/1077 1079/1079/1079 1078/1078/1078
f 1079/1079/1079 1080/1080/1080 1078/1078/1078
f 1081/1081/1081 1083/1083/1083 1082/1082/1082
f 1083/1083/1083 1084/1084/1084 1082/1082/1082
o vent_1_1
usemtl navy
v -0.1750000059604646 1.635000000372529 0.37000000037252906
v -0.1750000059604646 1.635000000372529 0.319999999627471
v -0.1750000059604646 1.5849999996274708 0.37000000037252906
v -0.1750000059604646 1.5849999996274708 0.319999999627471
v -0.6249999940395357 1.635000000372529 0.319999999627471
v -0.6249999940395357 1.635000000372529 0.37000000037252906
v -0.6249999940395357 1.5849999996274708 0.319999999627471
v -0.6249999940395357 1.5849999996274708 0.37000000037252906
v -0.6249999940395357 1.635000000372529 0.319999999627471
v -0.1750000059604646 1.635000000372529 0.319999999627471
v -0.6249999940395357 1.635000000372529 0.37000000037252906
v -0.1750000059604646 1.635000000372529 0.37000000037252906
v -0.6249999940395357 1.5849999996274708 0.37000000037252906
v -0.1750000059604646 1.5849999996274708 0.37000000037252906
v -0.6249999940395357 1.5849999996274708 0.319999999627471
v -0.1750000059604646 1.5849999996274708 0.319999999627471
v -0.6249999940395357 1.635000000372529 0.37000000037252906
v -0.1750000059604646 1.635000000372529 0.37000000037252906
v -0.6249999940395357 1.5849999996274708 0.37000000037252906
v -0.1750000059604646 1.5849999996274708 0.37000000037252906
v -0.1750000059604646 1.635000000372529 0.319999999627471
v -0.6249999940395357 1.635000000372529 0.319999999627471
v -0.1750000059604646 1.5849999996274708 0.319999999627471
v -0.6249999940395357 1.5849999996274708 0.319999999627471
vt 0 1
vt 1 1
vt 0 0
vt 1 0
vt 0 1
vt 1 1
vt 0 0
vt 1 0
vt 0 1
vt 1 1
vt 0 0
vt 1 0
vt 0 1
vt 1 1
vt 0 0
vt 1 0
vt 0 1
vt 1 1
vt 0 0
vt 1 0
vt 0 1
vt 1 1
vt 0 0
vt 1 0
vn 1 0 0
vn 1 0 0
vn 1 0 0
vn 1 0 0
vn -1 0 0
vn -1 0 0
vn -1 0 0
vn -1 0 0
vn 0 1 0
vn 0 1 0
vn 0 1 0
vn 0 1 0
vn 0 -1 0
vn 0 -1 0
vn 0 -1 0
vn 0 -1 0
vn 0 0 1
vn 0 0 1
vn 0 0 1
vn 0 0 1
vn 0 0 -1
vn 0 0 -1
vn 0 0 -1
vn 0 0 -1
f 1085/1085/1085 1087/1087/1087 1086/1086/1086
f 1087/1087/1087 1088/1088/1088 1086/1086/1086
f 1089/1089/1089 1091/1091/1091 1090/1090/1090
f 1091/1091/1091 1092/1092/1092 1090/1090/1090
f 1093/1093/1093 1095/1095/1095 1094/1094/1094
f 1095/1095/1095 1096/1096/1096 1094/1094/1094
f 1097/1097/1097 1099/1099/1099 1098/1098/1098
f 1099/1099/1099 1100/1100/1100 1098/1098/1098
f 1101/1101/1101 1103/1103/1103 1102/1102/1102
f 1103/1103/1103 1104/1104/1104 1102/1102/1102
f 1105/1105/1105 1107/1107/1107 1106/1106/1106
f 1107/1107/1107 1108/1108/1108 1106/1106/1106
o vent_1_2
usemtl navy
v -0.1750000059604646 1.495000000372529 0.37000000037252906
v -0.1750000059604646 1.495000000372529 0.319999999627471
v -0.1750000059604646 1.444999999627471 0.37000000037252906
v -0.1750000059604646 1.444999999627471 0.319999999627471
v -0.6249999940395357 1.495000000372529 0.319999999627471
v -0.6249999940395357 1.495000000372529 0.37000000037252906
v -0.6249999940395357 1.444999999627471 0.319999999627471
v -0.6249999940395357 1.444999999627471 0.37000000037252906
v -0.6249999940395357 1.495000000372529 0.319999999627471
v -0.1750000059604646 1.495000000372529 0.319999999627471
v -0.6249999940395357 1.495000000372529 0.37000000037252906
v -0.1750000059604646 1.495000000372529 0.37000000037252906
v -0.6249999940395357 1.444999999627471 0.37000000037252906
v -0.1750000059604646 1.444999999627471 0.37000000037252906
v -0.6249999940395357 1.444999999627471 0.319999999627471
v -0.1750000059604646 1.444999999627471 0.319999999627471
v -0.6249999940395357 1.495000000372529 0.37000000037252906
v -0.1750000059604646 1.495000000372529 0.37000000037252906
v -0.6249999940395357 1.444999999627471 0.37000000037252906
v -0.1750000059604646 1.444999999627471 0.37000000037252906
v -0.1750000059604646 1.495000000372529 0.319999999627471
v -0.6249999940395357 1.495000000372529 0.319999999627471
v -0.1750000059604646 1.444999999627471 0.319999999627471
v -0.6249999940395357 1.444999999627471 0.319999999627471
vt 0 1
vt 1 1
vt 0 0
vt 1 0
vt 0 1
vt 1 1
vt 0 0
vt 1 0
vt 0 1
vt 1 1
vt 0 0
vt 1 0
vt 0 1
vt 1 1
vt 0 0
vt 1 0
vt 0 1
vt 1 1
vt 0 0
vt 1 0
vt 0 1
vt 1 1
vt 0 0
vt 1 0
vn 1 0 0
vn 1 0 0
vn 1 0 0
vn 1 0 0
vn -1 0 0
vn -1 0 0
vn -1 0 0
vn -1 0 0
vn 0 1 0
vn 0 1 0
vn 0 1 0
vn 0 1 0
vn 0 -1 0
vn 0 -1 0
vn 0 -1 0
vn 0 -1 0
vn 0 0 1
vn 0 0 1
vn 0 0 1
vn 0 0 1
vn 0 0 -1
vn 0 0 -1
vn 0 0 -1
vn 0 0 -1
f 1109/1109/1109 1111/1111/1111 1110/1110/1110
f 1111/1111/1111 1112/1112/1112 1110/1110/1110
f 1113/1113/1113 1115/1115/1115 1114/1114/1114
f 1115/1115/1115 1116/1116/1116 1114/1114/1114
f 1117/1117/1117 1119/1119/1119 1118/1118/1118
f 1119/1119/1119 1120/1120/1120 1118/1118/1118
f 1121/1121/1121 1123/1123/1123 1122/1122/1122
f 1123/1123/1123 1124/1124/1124 1122/1122/1122
f 1125/1125/1125 1127/1127/1127 1126/1126/1126
f 1127/1127/1127 1128/1128/1128 1126/1126/1126
f 1129/1129/1129 1131/1131/1131 1130/1130/1130
f 1131/1131/1131 1132/1132/1132 1130/1130/1130
o lock_1
usemtl silver
v -0.18000000000000013 0.9499999992549419 0.41499999865889553
v -0.1608658286929132 0.9538060240447521 0.41499999865889553
v -0.14464465931057943 0.9646446593105793 0.41499999865889553
v -0.13380602404475225 0.980865828692913 0.41499999865889553
v -0.12999999925494207 1 0.41499999865889553
v -0.13380602404475225 1.019134171307087 0.41499999865889553
v -0.14464465931057943 1.0353553406894207 0.41499999865889553
v -0.1608658286929132 1.0461939759552479 0.41499999865889553
v -0.18000000000000013 1.050000000745058 0.41499999865889553
v -0.19913417130708708 1.0461939759552479 0.41499999865889553
v -0.21535534068942083 1.0353553406894207 0.41499999865889553
v -0.226193975955248 1.019134171307087 0.41499999865889553
v -0.2300000007450582 1 0.41499999865889553
v -0.226193975955248 0.980865828692913 0.41499999865889553
v -0.21535534068942083 0.9646446593105793 0.41499999865889553
v -0.19913417130708708 0.9538060240447521 0.41499999865889553
v -0.18000000000000013 0.9499999992549419 0.41499999865889553
v -0.18000000000000013 0.9499999992549419 0.29500000134110455
v -0.1608658286929132 0.9538060240447521 0.29500000134110455
v -0.14464465931057943 0.9646446593105793 0.29500000134110455
v -0.13380602404475225 0.980865828692913 0.29500000134110455
v -0.12999999925494207 1 0.29500000134110455
v -0.13380602404475225 1.019134171307087 0.29500000134110455
v -0.14464465931057943 1.0353553406894207 0.29500000134110455
v -0.1608658286929132 1.0461939759552479 0.29500000134110455
v -0.18000000000000013 1.050000000745058 0.29500000134110455
v -0.19913417130708708 1.0461939759552479 0.29500000134110455
v -0.21535534068942083 1.0353553406894207 0.29500000134110455
v -0.226193975955248 1.019134171307087 0.29500000134110455
v -0.2300000007450582 1 0.29500000134110455
v -0.226193975955248 0.980865828692913 0.29500000134110455
v -0.21535534068942083 0.9646446593105793 0.29500000134110455
v -0.19913417130708708 0.9538060240447521 0.29500000134110455
v -0.18000000000000013 0.9499999992549419 0.29500000134110455
v -0.18000000000000013 1 0.41499999865889553
v -0.18000000000000013 1 0.41499999865889553
v -0.18000000000000013 1 0.41499999865889553
v -0.18000000000000013 1 0.41499999865889553
v -0.18000000000000013 1 0.41499999865889553
v -0.18000000000000013 1 0.41499999865889553
v -0.18000000000000013 1 0.41499999865889553
v -0.18000000000000013 1 0.41499999865889553
v -0.18000000000000013 1 0.41499999865889553
v -0.18000000000000013 1 0.41499999865889553
v -0.18000000000000013 1 0.41499999865889553
v -0.18000000000000013 1 0.41499999865889553
v -0.18000000000000013 1 0.41499999865889553
v -0.18000000000000013 1 0.41499999865889553
v -0.18000000000000013 1 0.41499999865889553
v -0.18000000000000013 1 0.41499999865889553
v -0.18000000000000013 0.9499999992549419 0.41499999865889553
v -0.1608658286929132 0.9538060240447521 0.41499999865889553
v -0.14464465931057943 0.9646446593105793 0.41499999865889553
v -0.13380602404475225 0.980865828692913 0.41499999865889553
v -0.12999999925494207 1 0.41499999865889553
v -0.13380602404475225 1.019134171307087 0.41499999865889553
v -0.14464465931057943 1.0353553406894207 0.41499999865889553
v -0.1608658286929132 1.0461939759552479 0.41499999865889553
v -0.18000000000000013 1.050000000745058 0.41499999865889553
v -0.19913417130708708 1.0461939759552479 0.41499999865889553
v -0.21535534068942083 1.0353553406894207 0.41499999865889553
v -0.226193975955248 1.019134171307087 0.41499999865889553
v -0.2300000007450582 1 0.41499999865889553
v -0.226193975955248 0.980865828692913 0.41499999865889553
v -0.21535534068942083 0.9646446593105793 0.41499999865889553
v -0.19913417130708708 0.9538060240447521 0.41499999865889553
v -0.18000000000000013 0.9499999992549419 0.41499999865889553
v -0.18000000000000013 1 0.29500000134110455
v -0.18000000000000013 1 0.29500000134110455
v -0.18000000000000013 1 0.29500000134110455
v -0.18000000000000013 1 0.29500000134110455
v -0.18000000000000013 1 0.29500000134110455
v -0.18000000000000013 1 0.29500000134110455
v -0.18000000000000013 1 0.29500000134110455
v -0.18000000000000013 1 0.29500000134110455
v -0.18000000000000013 1 0.29500000134110455
v -0.18000000000000013 1 0.29500000134110455
v -0.18000000000000013 1 0.29500000134110455
v -0.18000000000000013 1 0.29500000134110455
v -0.18000000000000013 1 0.29500000134110455
v -0.18000000000000013 1 0.29500000134110455
v -0.18000000000000013 1 0.29500000134110455
v -0.18000000000000013 1 0.29500000134110455
v -0.18000000000000013 0.9499999992549419 0.29500000134110455
v -0.1608658286929132 0.9538060240447521 0.29500000134110455
v -0.14464465931057943 0.9646446593105793 0.29500000134110455
v -0.13380602404475225 0.980865828692913 0.29500000134110455
v -0.12999999925494207 1 0.29500000134110455
v -0.13380602404475225 1.019134171307087 0.29500000134110455
v -0.14464465931057943 1.0353553406894207 0.29500000134110455
v -0.1608658286929132 1.0461939759552479 0.29500000134110455
v -0.18000000000000013 1.050000000745058 0.29500000134110455
v -0.19913417130708708 1.0461939759552479 0.29500000134110455
v -0.21535534068942083 1.0353553406894207 0.29500000134110455
v -0.226193975955248 1.019134171307087 0.29500000134110455
v -0.2300000007450582 1 0.29500000134110455
v -0.226193975955248 0.980865828692913 0.29500000134110455
v -0.21535534068942083 0.9646446593105793 0.29500000134110455
v -0.19913417130708708 0.9538060240447521 0.29500000134110455
v -0.18000000000000013 0.9499999992549419 0.29500000134110455
vt 0 1
vt 0.0625 1
vt 0.125 1
vt 0.1875 1
vt 0.25 1
vt 0.3125 1
vt 0.375 1
vt 0.4375 1
vt 0.5 1
vt 0.5625 1
vt 0.625 1
vt 0.6875 1
vt 0.75 1
vt 0.8125 1
vt 0.875 1
vt 0.9375 1
vt 1 1
vt 0 0
vt 0.0625 0
vt 0.125 0
vt 0.1875 0
vt 0.25 0
vt 0.3125 0
vt 0.375 0
vt 0.4375 0
vt 0.5 0
vt 0.5625 0
vt 0.625 0
vt 0.6875 0
vt 0.75 0
vt 0.8125 0
vt 0.875 0
vt 0.9375 0
vt 1 0
vt 0.5 0.5
vt 0.5 0.5
vt 0.5 0.5
vt 0.5 0.5
vt 0.5 0.5
vt 0.5 0.5
vt 0.5 0.5
vt 0.5 0.5
vt 0.5 0.5
vt 0.5 0.5
vt 0.5 0.5
vt 0.5 0.5
vt 0.5 0.5
vt 0.5 0.5
vt 0.5 0.5
vt 0.5 0.5
vt 1 0.5
vt 0.9619397521018982 0.6913416981697083
vt 0.8535534143447876 0.8535534143447876
vt 0.6913416981697083 0.9619397521018982
vt 0.5 1
vt 0.30865827202796936 0.9619397521018982
vt 0.1464466154575348 0.8535534143447876
vt 0.03806023299694061 0.6913416981697083
vt 0 0.5
vt 0.03806023299694061 0.30865827202796936
vt 0.1464466154575348 0.1464466154575348
vt 0.30865827202796936 0.03806023299694061
vt 0.5 0
vt 0.6913416981697083 0.03806023299694061
vt 0.8535534143447876 0.1464466154575348
vt 0.9619397521018982 0.30865827202796936
vt 1 0.5
vt 0.5 0.5
vt 0.5 0.5
vt 0.5 0.5
vt 0.5 0.5
vt 0.5 0.5
vt 0.5 0.5
vt 0.5 0.5
vt 0.5 0.5
vt 0.5 0.5
vt 0.5 0.5
vt 0.5 0.5
vt 0.5 0.5
vt 0.5 0.5
vt 0.5 0.5
vt 0.5 0.5
vt 0.5 0.5
vt 1 0.5
vt 0.9619397521018982 0.30865827202796936
vt 0.8535534143447876 0.1464466154575348
vt 0.6913416981697083 0.03806023299694061
vt 0.5 0
vt 0.30865827202796936 0.03806023299694061
vt 0.1464466154575348 0.1464466154575348
vt 0.03806023299694061 0.30865827202796936
vt 0 0.5
vt 0.03806023299694061 0.6913416981697083
vt 0.1464466154575348 0.8535534143447876
vt 0.30865827202796936 0.9619397521018982
vt 0.5 1
vt 0.6913416981697083 0.9619397521018982
vt 0.8535534143447876 0.8535534143447876
vt 0.9619397521018982 0.6913416981697083
vt 1 0.5
vn 0 -1 2.220446049250313e-16
vn 0.3826834370613369 -0.9238795305660377 2.0514246536285922e-16
vn 0.7071067811865476 -0.7071067811865476 1.5700924586837752e-16
vn 0.9238795305660377 -0.3826834370613369 8.497279259363763e-17
vn 1 -6.123234262925839e-17 1.3596311327747833e-32
vn 0.9238795305660377 0.3826834370613369 -8.497279259363763e-17
vn 0.7071067811865476 0.7071067811865476 -1.5700924586837752e-16
vn 0.3826834370613369 0.9238795305660377 -2.0514246536285922e-16
vn 1.2246468525851679e-16 1 -2.220446049250313e-16
vn -0.3826834370613369 0.9238795305660377 -2.0514246536285922e-16
vn -0.7071067811865476 0.7071067811865476 -1.5700924586837752e-16
vn -0.9238795305660377 0.3826834370613369 -8.497279259363763e-17
vn -1 1.8369701465288538e-16 -4.078893104450762e-32
vn -0.9238795305660377 -0.3826834370613369 8.497279259363763e-17
vn -0.7071067811865476 -0.7071067811865476 1.5700924586837752e-16
vn -0.3826834370613369 -0.9238795305660377 2.0514246536285922e-16
vn -2.4492937051703357e-16 -1 2.220446049250313e-16
vn 0 -1 2.220446049250313e-16
vn 0.3826834370613369 -0.9238795305660377 2.0514246536285922e-16
vn 0.7071067811865476 -0.7071067811865476 1.5700924586837752e-16
vn 0.9238795305660377 -0.3826834370613369 8.497279259363763e-17
vn 1 -6.123234262925839e-17 1.3596311327747833e-32
vn 0.9238795305660377 0.3826834370613369 -8.497279259363763e-17
vn 0.7071067811865476 0.7071067811865476 -1.5700924586837752e-16
vn 0.3826834370613369 0.9238795305660377 -2.0514246536285922e-16
vn 1.2246468525851679e-16 1 -2.220446049250313e-16
vn -0.3826834370613369 0.9238795305660377 -2.0514246536285922e-16
vn -0.7071067811865476 0.7071067811865476 -1.5700924586837752e-16
vn -0.9238795305660377 0.3826834370613369 -8.497279259363763e-17
vn -1 1.8369701465288538e-16 -4.078893104450762e-32
vn -0.9238795305660377 -0.3826834370613369 8.497279259363763e-17
vn -0.7071067811865476 -0.7071067811865476 1.5700924586837752e-16
vn -0.3826834370613369 -0.9238795305660377 2.0514246536285922e-16
vn -2.4492937051703357e-16 -1 2.220446049250313e-16
vn 0 2.220446049250313e-16 1
vn 0 2.220446049250313e-16 1
vn 0 2.220446049250313e-16 1
vn 0 2.220446049250313e-16 1
vn 0 2.220446049250313e-16 1
vn 0 2.220446049250313e-16 1
vn 0 2.220446049250313e-16 1
vn 0 2.220446049250313e-16 1
vn 0 2.220446049250313e-16 1
vn 0 2.220446049250313e-16 1
vn 0 2.220446049250313e-16 1
vn 0 2.220446049250313e-16 1
vn 0 2.220446049250313e-16 1
vn 0 2.220446049250313e-16 1
vn 0 2.220446049250313e-16 1
vn 0 2.220446049250313e-16 1
vn 0 2.220446049250313e-16 1
vn 0 2.220446049250313e-16 1
vn 0 2.220446049250313e-16 1
vn 0 2.220446049250313e-16 1
vn 0 2.220446049250313e-16 1
vn 0 2.220446049250313e-16 1
vn 0 2.220446049250313e-16 1
vn 0 2.220446049250313e-16 1
vn 0 2.220446049250313e-16 1
vn 0 2.220446049250313e-16 1
vn 0 2.220446049250313e-16 1
vn 0 2.220446049250313e-16 1
vn 0 2.220446049250313e-16 1
vn 0 2.220446049250313e-16 1
vn 0 2.220446049250313e-16 1
vn 0 2.220446049250313e-16 1
vn 0 2.220446049250313e-16 1
vn 0 -2.220446049250313e-16 -1
vn 0 -2.220446049250313e-16 -1
vn 0 -2.220446049250313e-16 -1
vn 0 -2.220446049250313e-16 -1
vn 0 -2.220446049250313e-16 -1
vn 0 -2.220446049250313e-16 -1
vn 0 -2.220446049250313e-16 -1
vn 0 -2.220446049250313e-16 -1
vn 0 -2.220446049250313e-16 -1
vn 0 -2.220446049250313e-16 -1
vn 0 -2.220446049250313e-16 -1
vn 0 -2.220446049250313e-16 -1
vn 0 -2.220446049250313e-16 -1
vn 0 -2.220446049250313e-16 -1
vn 0 -2.220446049250313e-16 -1
vn 0 -2.220446049250313e-16 -1
vn 0 -2.220446049250313e-16 -1
vn 0 -2.220446049250313e-16 -1
vn 0 -2.220446049250313e-16 -1
vn 0 -2.220446049250313e-16 -1
vn 0 -2.220446049250313e-16 -1
vn 0 -2.220446049250313e-16 -1
vn 0 -2.220446049250313e-16 -1
vn 0 -2.220446049250313e-16 -1
vn 0 -2.220446049250313e-16 -1
vn 0 -2.220446049250313e-16 -1
vn 0 -2.220446049250313e-16 -1
vn 0 -2.220446049250313e-16 -1
vn 0 -2.220446049250313e-16 -1
vn 0 -2.220446049250313e-16 -1
vn 0 -2.220446049250313e-16 -1
vn 0 -2.220446049250313e-16 -1
vn 0 -2.220446049250313e-16 -1
f 1133/1133/1133 1150/1150/1150 1134/1134/1134
f 1150/1150/1150 1151/1151/1151 1134/1134/1134
f 1134/1134/1134 1151/1151/1151 1135/1135/1135
f 1151/1151/1151 1152/1152/1152 1135/1135/1135
f 1135/1135/1135 1152/1152/1152 1136/1136/1136
f 1152/1152/1152 1153/1153/1153 1136/1136/1136
f 1136/1136/1136 1153/1153/1153 1137/1137/1137
f 1153/1153/1153 1154/1154/1154 1137/1137/1137
f 1137/1137/1137 1154/1154/1154 1138/1138/1138
f 1154/1154/1154 1155/1155/1155 1138/1138/1138
f 1138/1138/1138 1155/1155/1155 1139/1139/1139
f 1155/1155/1155 1156/1156/1156 1139/1139/1139
f 1139/1139/1139 1156/1156/1156 1140/1140/1140
f 1156/1156/1156 1157/1157/1157 1140/1140/1140
f 1140/1140/1140 1157/1157/1157 1141/1141/1141
f 1157/1157/1157 1158/1158/1158 1141/1141/1141
f 1141/1141/1141 1158/1158/1158 1142/1142/1142
f 1158/1158/1158 1159/1159/1159 1142/1142/1142
f 1142/1142/1142 1159/1159/1159 1143/1143/1143
f 1159/1159/1159 1160/1160/1160 1143/1143/1143
f 1143/1143/1143 1160/1160/1160 1144/1144/1144
f 1160/1160/1160 1161/1161/1161 1144/1144/1144
f 1144/1144/1144 1161/1161/1161 1145/1145/1145
f 1161/1161/1161 1162/1162/1162 1145/1145/1145
f 1145/1145/1145 1162/1162/1162 1146/1146/1146
f 1162/1162/1162 1163/1163/1163 1146/1146/1146
f 1146/1146/1146 1163/1163/1163 1147/1147/1147
f 1163/1163/1163 1164/1164/1164 1147/1147/1147
f 1147/1147/1147 1164/1164/1164 1148/1148/1148
f 1164/1164/1164 1165/1165/1165 1148/1148/1148
f 1148/1148/1148 1165/1165/1165 1149/1149/1149
f 1165/1165/1165 1166/1166/1166 1149/1149/1149
f 1183/1183/1183 1184/1184/1184 1167/1167/1167
f 1184/1184/1184 1185/1185/1185 1168/1168/1168
f 1185/1185/1185 1186/1186/1186 1169/1169/1169
f 1186/1186/1186 1187/1187/1187 1170/1170/1170
f 1187/1187/1187 1188/1188/1188 1171/1171/1171
f 1188/1188/1188 1189/1189/1189 1172/1172/1172
f 1189/1189/1189 1190/1190/1190 1173/1173/1173
f 1190/1190/1190 1191/1191/1191 1174/1174/1174
f 1191/1191/1191 1192/1192/1192 1175/1175/1175
f 1192/1192/1192 1193/1193/1193 1176/1176/1176
f 1193/1193/1193 1194/1194/1194 1177/1177/1177
f 1194/1194/1194 1195/1195/1195 1178/1178/1178
f 1195/1195/1195 1196/1196/1196 1179/1179/1179
f 1196/1196/1196 1197/1197/1197 1180/1180/1180
f 1197/1197/1197 1198/1198/1198 1181/1181/1181
f 1198/1198/1198 1199/1199/1199 1182/1182/1182
f 1217/1217/1217 1216/1216/1216 1200/1200/1200
f 1218/1218/1218 1217/1217/1217 1201/1201/1201
f 1219/1219/1219 1218/1218/1218 1202/1202/1202
f 1220/1220/1220 1219/1219/1219 1203/1203/1203
f 1221/1221/1221 1220/1220/1220 1204/1204/1204
f 1222/1222/1222 1221/1221/1221 1205/1205/1205
f 1223/1223/1223 1222/1222/1222 1206/1206/1206
f 1224/1224/1224 1223/1223/1223 1207/1207/1207
f 1225/1225/1225 1224/1224/1224 1208/1208/1208
f 1226/1226/1226 1225/1225/1225 1209/1209/1209
f 1227/1227/1227 1226/1226/1226 1210/1210/1210
f 1228/1228/1228 1227/1227/1227 1211/1211/1211
f 1229/1229/1229 1228/1228/1228 1212/1212/1212
f 1230/1230/1230 1229/1229/1229 1213/1213/1213
f 1231/1231/1231 1230/1230/1230 1214/1214/1214
f 1232/1232/1232 1231/1231/1231 1215/1215/1215
o handle_1
usemtl silver
v -0.12999999925494207 1.4500000059604645 0.3749999993294478
v -0.12999999925494207 1.4500000059604645 0.3150000006705523
v -0.12999999925494207 1.1499999940395356 0.3749999993294478
v -0.12999999925494207 1.1499999940395356 0.3150000006705523
v -0.2300000007450582 1.4500000059604645 0.3150000006705523
v -0.2300000007450582 1.4500000059604645 0.3749999993294478
v -0.2300000007450582 1.1499999940395356 0.3150000006705523
v -0.2300000007450582 1.1499999940395356 0.3749999993294478
v -0.2300000007450582 1.4500000059604645 0.3150000006705523
v -0.12999999925494207 1.4500000059604645 0.3150000006705523
v -0.2300000007450582 1.4500000059604645 0.3749999993294478
v -0.12999999925494207 1.4500000059604645 0.3749999993294478
v -0.2300000007450582 1.1499999940395356 0.3749999993294478
v -0.12999999925494207 1.1499999940395356 0.3749999993294478
v -0.2300000007450582 1.1499999940395356 0.3150000006705523
v -0.12999999925494207 1.1499999940395356 0.3150000006705523
v -0.2300000007450582 1.4500000059604645 0.3749999993294478
v -0.12999999925494207 1.4500000059604645 0.3749999993294478
v -0.2300000007450582 1.1499999940395356 0.3749999993294478
v -0.12999999925494207 1.1499999940395356 0.3749999993294478
v -0.12999999925494207 1.4500000059604645 0.3150000006705523
v -0.2300000007450582 1.4500000059604645 0.3150000006705523
v -0.12999999925494207 1.1499999940395356 0.3150000006705523
v -0.2300000007450582 1.1499999940395356 0.3150000006705523
vt 0 1
vt 1 1
vt 0 0
vt 1 0
vt 0 1
vt 1 1
vt 0 0
vt 1 0
vt 0 1
vt 1 1
vt 0 0
vt 1 0
vt 0 1
vt 1 1
vt 0 0
vt 1 0
vt 0 1
vt 1 1
vt 0 0
vt 1 0
vt 0 1
vt 1 1
vt 0 0
vt 1 0
vn 1 0 0
vn 1 0 0
vn 1 0 0
vn 1 0 0
vn -1 0 0
vn -1 0 0
vn -1 0 0
vn -1 0 0
vn 0 1 0
vn 0 1 0
vn 0 1 0
vn 0 1 0
vn 0 -1 0
vn 0 -1 0
vn 0 -1 0
vn 0 -1 0
vn 0 0 1
vn 0 0 1
vn 0 0 1
vn 0 0 1
vn 0 0 -1
vn 0 0 -1
vn 0 0 -1
vn 0 0 -1
f 1233/1233/1233 1235/1235/1235 1234/1234/1234
f 1235/1235/1235 1236/1236/1236 1234/1234/1234
f 1237/1237/1237 1239/1239/1239 1238/1238/1238
f 1239/1239/1239 1240/1240/1240 1238/1238/1238
f 1241/1241/1241 1243/1243/1243 1242/1242/1242
f 1243/1243/1243 1244/1244/1244 1242/1242/1242
f 1245/1245/1245 1247/1247/1247 1246/1246/1246
f 1247/1247/1247 1248/1248/1248 1246/1246/1246
f 1249/1249/1249 1251/1251/1251 1250/1250/1250
f 1251/1251/1251 1252/1252/1252 1250/1250/1250
f 1253/1253/1253 1255/1255/1255 1254/1254/1254
f 1255/1255/1255 1256/1256/1256 1254/1254/1254
o locker_door_2
usemtl blue
v 0.10500001311302176 0.12999999284744268 0.2550000008940697
v 0.09093748927116385 0.1309375143051148 0.2550000008940697
v 0.07875000834465018 0.13375001907348638 0.2550000008940697
v 0.709062510728836 0.1309375143051148 0.2550000008940697
v 0.6949999868869781 0.12999999284744268 0.2550000008940697
v 0.10500001311302176 0.12999999284744268 0.2550000008940697
v 0.7315624892711639 0.13843750715255743 0.2550000008940697
v 0.7212499916553496 0.13375001907348638 0.2550000008940697
v 0.709062510728836 0.1309375143051148 0.2550000008940697
v 0.7465625047683715 0.15343749284744268 0.2550000008940697
v 0.7400000035762786 0.14499997854232793 0.2550000008940697
v 0.7315624892711639 0.13843750715255743 0.2550000008940697
v 0.7540624976158141 0.17593747138977056 0.2550000008940697
v 0.7512499928474425 0.1637499904632569 0.2550000008940697
v 0.7465625047683715 0.15343749284744268 0.2550000008940697
v 0.7549999892711639 1.9300000047683716 0.2550000008940697
v 0.7549999892711639 0.18999999523162847 0.2550000008940697
v 0.7540624976158141 0.17593747138977056 0.2550000008940697
v 0.7512499928474425 1.9562500095367432 0.2550000008940697
v 0.7540624976158141 1.9440625286102295 0.2550000008940697
v 0.7549999892711639 1.9300000047683716 0.2550000008940697
v 0.7400000035762786 1.9750000214576722 0.2550000008940697
v 0.7465625047683715 1.9665625071525574 0.2550000008940697
v 0.7512499928474425 1.9562500095367432 0.2550000008940697
v 0.7212499916553496 1.9862499809265137 0.2550000008940697
v 0.7315624892711639 1.9815624928474427 0.2550000008940697
v 0.7400000035762786 1.9750000214576722 0.2550000008940697
v 0.6949999868869781 1.9900000071525574 0.2550000008940697
v 0.709062510728836 1.9890624856948853 0.2550000008940697
v 0.7212499916553496 1.9862499809265137 0.2550000008940697
v 0.09093748927116385 1.9890624856948853 0.2550000008940697
v 0.10500001311302176 1.9900000071525574 0.2550000008940697
v 0.6949999868869781 1.9900000071525574 0.2550000008940697
v 0.06843751072883597 1.9815624928474427 0.2550000008940697
v 0.07875000834465018 1.9862499809265137 0.2550000008940697
v 0.09093748927116385 1.9890624856948853 0.2550000008940697
v 0.05343749523162833 1.9665625071525574 0.2550000008940697
v 0.059999996423721225 1.9750000214576722 0.2550000008940697
v 0.06843751072883597 1.9815624928474427 0.2550000008940697
v 0.0459375023841857 1.9440625286102295 0.2550000008940697
v 0.048750007152557284 1.9562500095367432 0.2550000008940697
v 0.05343749523162833 1.9665625071525574 0.2550000008940697
v 0.04500001072883597 0.18999999523162847 0.2550000008940697
v 0.04500001072883597 1.9300000047683716 0.2550000008940697
v 0.0459375023841857 1.9440625286102295 0.2550000008940697
v 0.048750007152557284 0.1637499904632569 0.2550000008940697
v 0.0459375023841857 0.17593747138977056 0.2550000008940697
v 0.04500001072883597 0.18999999523162847 0.2550000008940697
v 0.059999996423721225 0.14499997854232793 0.2550000008940697
v 0.05343749523162833 0.15343749284744268 0.2550000008940697
v 0.048750007152557284 0.1637499904632569 0.2550000008940697
v 0.07875000834465018 0.13375001907348638 0.2550000008940697
v 0.06843751072883597 0.13843750715255743 0.2550000008940697
v 0.059999996423721225 0.14499997854232793 0.2550000008940697
v 0.709062510728836 0.1309375143051148 0.2550000008940697
v 0.10500001311302176 0.12999999284744268 0.2550000008940697
v 0.07875000834465018 0.13375001907348638 0.2550000008940697
v 0.7465625047683715 0.15343749284744268 0.2550000008940697
v 0.7315624892711639 0.13843750715255743 0.2550000008940697
v 0.709062510728836 0.1309375143051148 0.2550000008940697
v 0.7549999892711639 1.9300000047683716 0.2550000008940697
v 0.7540624976158141 0.17593747138977056 0.2550000008940697
v 0.7465625047683715 0.15343749284744268 0.2550000008940697
v 0.7400000035762786 1.9750000214576722 0.2550000008940697
v 0.7512499928474425 1.9562500095367432 0.2550000008940697
v 0.7549999892711639 1.9300000047683716 0.2550000008940697
v 0.6949999868869781 1.9900000071525574 0.2550000008940697
v 0.7212499916553496 1.9862499809265137 0.2550000008940697
v 0.7400000035762786 1.9750000214576722 0.2550000008940697
v 0.06843751072883597 1.9815624928474427 0.2550000008940697
v 0.09093748927116385 1.9890624856948853 0.2550000008940697
v 0.6949999868869781 1.9900000071525574 0.2550000008940697
v 0.0459375023841857 1.9440625286102295 0.2550000008940697
v 0.05343749523162833 1.9665625071525574 0.2550000008940697
v 0.06843751072883597 1.9815624928474427 0.2550000008940697
v 0.048750007152557284 0.1637499904632569 0.2550000008940697
v 0.04500001072883597 0.18999999523162847 0.2550000008940697
v 0.0459375023841857 1.9440625286102295 0.2550000008940697
v 0.07875000834465018 0.13375001907348638 0.2550000008940697
v 0.059999996423721225 0.14499997854232793 0.2550000008940697
v 0.048750007152557284 0.1637499904632569 0.2550000008940697
v 0.7465625047683715 0.15343749284744268 0.2550000008940697
v 0.709062510728836 0.1309375143051148 0.2550000008940697
v 0.07875000834465018 0.13375001907348638 0.2550000008940697
v 0.7400000035762786 1.9750000214576722 0.2550000008940697
v 0.7549999892711639 1.9300000047683716 0.2550000008940697
v 0.7465625047683715 0.15343749284744268 0.2550000008940697
v 0.06843751072883597 1.9815624928474427 0.2550000008940697
v 0.6949999868869781 1.9900000071525574 0.2550000008940697
v 0.7400000035762786 1.9750000214576722 0.2550000008940697
v 0.048750007152557284 0.1637499904632569 0.2550000008940697
v 0.0459375023841857 1.9440625286102295 0.2550000008940697
v 0.06843751072883597 1.9815624928474427 0.2550000008940697
v 0.7465625047683715 0.15343749284744268 0.2550000008940697
v 0.07875000834465018 0.13375001907348638 0.2550000008940697
v 0.048750007152557284 0.1637499904632569 0.2550000008940697
v 0.06843751072883597 1.9815624928474427 0.2550000008940697
v 0.7400000035762786 1.9750000214576722 0.2550000008940697
v 0.7465625047683715 0.15343749284744268 0.2550000008940697
v 0.7465625047683715 0.15343749284744268 0.2550000008940697
v 0.048750007152557284 0.1637499904632569 0.2550000008940697
v 0.06843751072883597 1.9815624928474427 0.2550000008940697
v 0.07875000834465018 0.13375001907348638 0.33499999910593037
v 0.09093748927116385 0.1309375143051148 0.33499999910593037
v 0.10500001311302176 0.12999999284744268 0.33499999910593037
v 0.10500001311302176 0.12999999284744268 0.33499999910593037
v 0.6949999868869781 0.12999999284744268 0.33499999910593037
v 0.709062510728836 0.1309375143051148 0.33499999910593037
v 0.709062510728836 0.1309375143051148 0.33499999910593037
v 0.7212499916553496 0.13375001907348638 0.33499999910593037
v 0.7315624892711639 0.13843750715255743 0.33499999910593037
v 0.7315624892711639 0.13843750715255743 0.33499999910593037
v 0.7400000035762786 0.14499997854232793 0.33499999910593037
v 0.7465625047683715 0.15343749284744268 0.33499999910593037
v 0.7465625047683715 0.15343749284744268 0.33499999910593037
v 0.7512499928474425 0.1637499904632569 0.33499999910593037
v 0.7540624976158141 0.17593747138977056 0.33499999910593037
v 0.7540624976158141 0.17593747138977056 0.33499999910593037
v 0.7549999892711639 0.18999999523162847 0.33499999910593037
v 0.7549999892711639 1.9300000047683716 0.33499999910593037
v 0.7549999892711639 1.9300000047683716 0.33499999910593037
v 0.7540624976158141 1.9440625286102295 0.33499999910593037
v 0.7512499928474425 1.9562500095367432 0.33499999910593037
v 0.7512499928474425 1.9562500095367432 0.33499999910593037
v 0.7465625047683715 1.9665625071525574 0.33499999910593037
v 0.7400000035762786 1.9750000214576722 0.33499999910593037
v 0.7400000035762786 1.9750000214576722 0.33499999910593037
v 0.7315624892711639 1.9815624928474427 0.33499999910593037
v 0.7212499916553496 1.9862499809265137 0.33499999910593037
v 0.7212499916553496 1.9862499809265137 0.33499999910593037
v 0.709062510728836 1.9890624856948853 0.33499999910593037
v 0.6949999868869781 1.9900000071525574 0.33499999910593037
v 0.6949999868869781 1.9900000071525574 0.33499999910593037
v 0.10500001311302176 1.9900000071525574 0.33499999910593037
v 0.09093748927116385 1.9890624856948853 0.33499999910593037
v 0.09093748927116385 1.9890624856948853 0.33499999910593037
v 0.07875000834465018 1.9862499809265137 0.33499999910593037
v 0.06843751072883597 1.9815624928474427 0.33499999910593037
v 0.06843751072883597 1.9815624928474427 0.33499999910593037
v 0.059999996423721225 1.9750000214576722 0.33499999910593037
v 0.05343749523162833 1.9665625071525574 0.33499999910593037
v 0.05343749523162833 1.9665625071525574 0.33499999910593037
v 0.048750007152557284 1.9562500095367432 0.33499999910593037
v 0.0459375023841857 1.9440625286102295 0.33499999910593037
v 0.0459375023841857 1.9440625286102295 0.33499999910593037
v 0.04500001072883597 1.9300000047683716 0.33499999910593037
v 0.04500001072883597 0.18999999523162847 0.33499999910593037
v 0.04500001072883597 0.18999999523162847 0.33499999910593037
v 0.0459375023841857 0.17593747138977056 0.33499999910593037
v 0.048750007152557284 0.1637499904632569 0.33499999910593037
v 0.048750007152557284 0.1637499904632569 0.33499999910593037
v 0.05343749523162833 0.15343749284744268 0.33499999910593037
v 0.059999996423721225 0.14499997854232793 0.33499999910593037
v 0.059999996423721225 0.14499997854232793 0.33499999910593037
v 0.06843751072883597 0.13843750715255743 0.33499999910593037
v 0.07875000834465018 0.13375001907348638 0.33499999910593037
v 0.07875000834465018 0.13375001907348638 0.33499999910593037
v 0.10500001311302176 0.12999999284744268 0.33499999910593037
v 0.709062510728836 0.1309375143051148 0.33499999910593037
v 0.709062510728836 0.1309375143051148 0.33499999910593037
v 0.7315624892711639 0.13843750715255743 0.33499999910593037
v 0.7465625047683715 0.15343749284744268 0.33499999910593037
v 0.7465625047683715 0.15343749284744268 0.33499999910593037
v 0.7540624976158141 0.17593747138977056 0.33499999910593037
v 0.7549999892711639 1.9300000047683716 0.33499999910593037
v 0.7549999892711639 1.9300000047683716 0.33499999910593037
v 0.7512499928474425 1.9562500095367432 0.33499999910593037
v 0.7400000035762786 1.9750000214576722 0.33499999910593037
v 0.7400000035762786 1.9750000214576722 0.33499999910593037
v 0.7212499916553496 1.9862499809265137 0.33499999910593037
v 0.6949999868869781 1.9900000071525574 0.33499999910593037
v 0.6949999868869781 1.9900000071525574 0.33499999910593037
v 0.09093748927116385 1.9890624856948853 0.33499999910593037
v 0.06843751072883597 1.9815624928474427 0.33499999910593037
v 0.06843751072883597 1.9815624928474427 0.33499999910593037
v 0.05343749523162833 1.9665625071525574 0.33499999910593037
v 0.0459375023841857 1.9440625286102295 0.33499999910593037
v 0.0459375023841857 1.9440625286102295 0.33499999910593037
v 0.04500001072883597 0.18999999523162847 0.33499999910593037
v 0.048750007152557284 0.1637499904632569 0.33499999910593037
v 0.048750007152557284 0.1637499904632569 0.33499999910593037
v 0.059999996423721225 0.14499997854232793 0.33499999910593037
v 0.07875000834465018 0.13375001907348638 0.33499999910593037
v 0.07875000834465018 0.13375001907348638 0.33499999910593037
v 0.709062510728836 0.1309375143051148 0.33499999910593037
v 0.7465625047683715 0.15343749284744268 0.33499999910593037
v 0.7465625047683715 0.15343749284744268 0.33499999910593037
v 0.7549999892711639 1.9300000047683716 0.33499999910593037
v 0.7400000035762786 1.9750000214576722 0.33499999910593037
v 0.7400000035762786 1.9750000214576722 0.33499999910593037
v 0.6949999868869781 1.9900000071525574 0.33499999910593037
v 0.06843751072883597 1.9815624928474427 0.33499999910593037
v 0.06843751072883597 1.9815624928474427 0.33499999910593037
v 0.0459375023841857 1.9440625286102295 0.33499999910593037
v 0.048750007152557284 0.1637499904632569 0.33499999910593037
v 0.048750007152557284 0.1637499904632569 0.33499999910593037
v 0.07875000834465018 0.13375001907348638 0.33499999910593037
v 0.7465625047683715 0.15343749284744268 0.33499999910593037
v 0.7465625047683715 0.15343749284744268 0.33499999910593037
v 0.7400000035762786 1.9750000214576722 0.33499999910593037
v 0.06843751072883597 1.9815624928474427 0.33499999910593037
v 0.06843751072883597 1.9815624928474427 0.33499999910593037
v 0.048750007152557284 0.1637499904632569 0.33499999910593037
v 0.7465625047683715 0.15343749284744268 0.33499999910593037
v 0.10500001311302176 0.12999999284744268 0.2550000008940697
v 0.6949999868869781 0.12999999284744268 0.2550000008940697
v 0.10500001311302176 0.12999999284744268 0.33499999910593037
v 0.6949999868869781 0.12999999284744268 0.2550000008940697
v 0.6949999868869781 0.12999999284744268 0.33499999910593037
v 0.10500001311302176 0.12999999284744268 0.33499999910593037
v 0.6949999868869781 0.12999999284744268 0.2550000008940697
v 0.709062510728836 0.1309375143051148 0.2550000008940697
v 0.6949999868869781 0.12999999284744268 0.33499999910593037
v 0.709062510728836 0.1309375143051148 0.2550000008940697
v 0.709062510728836 0.1309375143051148 0.33499999910593037
v 0.6949999868869781 0.12999999284744268 0.33499999910593037
v 0.709062510728836 0.1309375143051148 0.2550000008940697
v 0.7212499916553496 0.13375001907348638 0.2550000008940697
v 0.709062510728836 0.1309375143051148 0.33499999910593037
v 0.7212499916553496 0.13375001907348638 0.2550000008940697
v 0.7212499916553496 0.13375001907348638 0.33499999910593037
v 0.709062510728836 0.1309375143051148 0.33499999910593037
v 0.7212499916553496 0.13375001907348638 0.2550000008940697
v 0.7315624892711639 0.13843750715255743 0.2550000008940697
v 0.7212499916553496 0.13375001907348638 0.33499999910593037
v 0.7315624892711639 0.13843750715255743 0.2550000008940697
v 0.7315624892711639 0.13843750715255743 0.33499999910593037
v 0.7212499916553496 0.13375001907348638 0.33499999910593037
v 0.7315624892711639 0.13843750715255743 0.2550000008940697
v 0.7400000035762786 0.14499997854232793 0.2550000008940697
v 0.7315624892711639 0.13843750715255743 0.33499999910593037
v 0.7400000035762786 0.14499997854232793 0.2550000008940697
v 0.7400000035762786 0.14499997854232793 0.33499999910593037
v 0.7315624892711639 0.13843750715255743 0.33499999910593037
v 0.7400000035762786 0.14499997854232793 0.2550000008940697
v 0.7465625047683715 0.15343749284744268 0.2550000008940697
v 0.7400000035762786 0.14499997854232793 0.33499999910593037
v 0.7465625047683715 0.15343749284744268 0.2550000008940697
v 0.7465625047683715 0.15343749284744268 0.33499999910593037
v 0.7400000035762786 0.14499997854232793 0.33499999910593037
v 0.7465625047683715 0.15343749284744268 0.2550000008940697
v 0.7512499928474425 0.1637499904632569 0.2550000008940697
v 0.7465625047683715 0.15343749284744268 0.33499999910593037
v 0.7512499928474425 0.1637499904632569 0.2550000008940697
v 0.7512499928474425 0.1637499904632569 0.33499999910593037
v 0.7465625047683715 0.15343749284744268 0.33499999910593037
v 0.7512499928474425 0.1637499904632569 0.2550000008940697
v 0.7540624976158141 0.17593747138977056 0.2550000008940697
v 0.7512499928474425 0.1637499904632569 0.33499999910593037
v 0.7540624976158141 0.17593747138977056 0.2550000008940697
v 0.7540624976158141 0.17593747138977056 0.33499999910593037
v 0.7512499928474425 0.1637499904632569 0.33499999910593037
v 0.7540624976158141 0.17593747138977056 0.2550000008940697
v 0.7549999892711639 0.18999999523162847 0.2550000008940697
v 0.7540624976158141 0.17593747138977056 0.33499999910593037
v 0.7549999892711639 0.18999999523162847 0.2550000008940697
v 0.7549999892711639 0.18999999523162847 0.33499999910593037
v 0.7540624976158141 0.17593747138977056 0.33499999910593037
v 0.7549999892711639 0.18999999523162847 0.2550000008940697
v 0.7549999892711639 1.9300000047683716 0.2550000008940697
v 0.7549999892711639 0.18999999523162847 0.33499999910593037
v 0.7549999892711639 1.9300000047683716 0.2550000008940697
v 0.7549999892711639 1.9300000047683716 0.33499999910593037
v 0.7549999892711639 0.18999999523162847 0.33499999910593037
v 0.7549999892711639 1.9300000047683716 0.2550000008940697
v 0.7540624976158141 1.9440625286102295 0.2550000008940697
v 0.7549999892711639 1.9300000047683716 0.33499999910593037
v 0.7540624976158141 1.9440625286102295 0.2550000008940697
v 0.7540624976158141 1.9440625286102295 0.33499999910593037
v 0.7549999892711639 1.9300000047683716 0.33499999910593037
v 0.7540624976158141 1.9440625286102295 0.2550000008940697
v 0.7512499928474425 1.9562500095367432 0.2550000008940697
v 0.7540624976158141 1.9440625286102295 0.33499999910593037
v 0.7512499928474425 1.9562500095367432 0.2550000008940697
v 0.7512499928474425 1.9562500095367432 0.33499999910593037
v 0.7540624976158141 1.9440625286102295 0.33499999910593037
v 0.7512499928474425 1.9562500095367432 0.2550000008940697
v 0.7465625047683715 1.9665625071525574 0.2550000008940697
v 0.7512499928474425 1.9562500095367432 0.33499999910593037
v 0.7465625047683715 1.9665625071525574 0.2550000008940697
v 0.7465625047683715 1.9665625071525574 0.33499999910593037
v 0.7512499928474425 1.9562500095367432 0.33499999910593037
v 0.7465625047683715 1.9665625071525574 0.2550000008940697
v 0.7400000035762786 1.9750000214576722 0.2550000008940697
v 0.7465625047683715 1.9665625071525574 0.33499999910593037
v 0.7400000035762786 1.9750000214576722 0.2550000008940697
v 0.7400000035762786 1.9750000214576722 0.33499999910593037
v 0.7465625047683715 1.9665625071525574 0.33499999910593037
v 0.7400000035762786 1.9750000214576722 0.2550000008940697
v 0.7315624892711639 1.9815624928474427 0.2550000008940697
v 0.7400000035762786 1.9750000214576722 0.33499999910593037
v 0.7315624892711639 1.9815624928474427 0.2550000008940697
v 0.7315624892711639 1.9815624928474427 0.33499999910593037
v 0.7400000035762786 1.9750000214576722 0.33499999910593037
v 0.7315624892711639 1.9815624928474427 0.2550000008940697
v 0.7212499916553496 1.9862499809265137 0.2550000008940697
v 0.7315624892711639 1.9815624928474427 0.33499999910593037
v 0.7212499916553496 1.9862499809265137 0.2550000008940697
v 0.7212499916553496 1.9862499809265137 0.33499999910593037
v 0.7315624892711639 1.9815624928474427 0.33499999910593037
v 0.7212499916553496 1.9862499809265137 0.2550000008940697
v 0.709062510728836 1.9890624856948853 0.2550000008940697
v 0.7212499916553496 1.9862499809265137 0.33499999910593037
v 0.709062510728836 1.9890624856948853 0.2550000008940697
v 0.709062510728836 1.9890624856948853 0.33499999910593037
v 0.7212499916553496 1.9862499809265137 0.33499999910593037
v 0.709062510728836 1.9890624856948853 0.2550000008940697
v 0.6949999868869781 1.9900000071525574 0.2550000008940697
v 0.709062510728836 1.9890624856948853 0.33499999910593037
v 0.6949999868869781 1.9900000071525574 0.2550000008940697
v 0.6949999868869781 1.9900000071525574 0.33499999910593037
v 0.709062510728836 1.9890624856948853 0.33499999910593037
v 0.6949999868869781 1.9900000071525574 0.2550000008940697
v 0.10500001311302176 1.9900000071525574 0.2550000008940697
v 0.6949999868869781 1.9900000071525574 0.33499999910593037
v 0.10500001311302176 1.9900000071525574 0.2550000008940697
v 0.10500001311302176 1.9900000071525574 0.33499999910593037
v 0.6949999868869781 1.9900000071525574 0.33499999910593037
v 0.10500001311302176 1.9900000071525574 0.2550000008940697
v 0.09093748927116385 1.9890624856948853 0.2550000008940697
v 0.10500001311302176 1.9900000071525574 0.33499999910593037
v 0.09093748927116385 1.9890624856948853 0.2550000008940697
v 0.09093748927116385 1.9890624856948853 0.33499999910593037
v 0.10500001311302176 1.9900000071525574 0.33499999910593037
v 0.09093748927116385 1.9890624856948853 0.2550000008940697
v 0.07875000834465018 1.9862499809265137 0.2550000008940697
v 0.09093748927116385 1.9890624856948853 0.33499999910593037
v 0.07875000834465018 1.9862499809265137 0.2550000008940697
v 0.07875000834465018 1.9862499809265137 0.33499999910593037
v 0.09093748927116385 1.9890624856948853 0.33499999910593037
v 0.07875000834465018 1.9862499809265137 0.2550000008940697
v 0.06843751072883597 1.9815624928474427 0.2550000008940697
v 0.07875000834465018 1.9862499809265137 0.33499999910593037
v 0.06843751072883597 1.9815624928474427 0.2550000008940697
v 0.06843751072883597 1.9815624928474427 0.33499999910593037
v 0.07875000834465018 1.9862499809265137 0.33499999910593037
v 0.06843751072883597 1.9815624928474427 0.2550000008940697
v 0.059999996423721225 1.9750000214576722 0.2550000008940697
v 0.06843751072883597 1.9815624928474427 0.33499999910593037
v 0.059999996423721225 1.9750000214576722 0.2550000008940697
v 0.059999996423721225 1.9750000214576722 0.33499999910593037
v 0.06843751072883597 1.9815624928474427 0.33499999910593037
v 0.059999996423721225 1.9750000214576722 0.2550000008940697
v 0.05343749523162833 1.9665625071525574 0.2550000008940697
v 0.059999996423721225 1.9750000214576722 0.33499999910593037
v 0.05343749523162833 1.9665625071525574 0.2550000008940697
v 0.05343749523162833 1.9665625071525574 0.33499999910593037
v 0.059999996423721225 1.9750000214576722 0.33499999910593037
v 0.05343749523162833 1.9665625071525574 0.2550000008940697
v 0.048750007152557284 1.9562500095367432 0.2550000008940697
v 0.05343749523162833 1.9665625071525574 0.33499999910593037
v 0.048750007152557284 1.9562500095367432 0.2550000008940697
v 0.048750007152557284 1.9562500095367432 0.33499999910593037
v 0.05343749523162833 1.9665625071525574 0.33499999910593037
v 0.048750007152557284 1.9562500095367432 0.2550000008940697
v 0.0459375023841857 1.9440625286102295 0.2550000008940697
v 0.048750007152557284 1.9562500095367432 0.33499999910593037
v 0.0459375023841857 1.9440625286102295 0.2550000008940697
v 0.0459375023841857 1.9440625286102295 0.33499999910593037
v 0.048750007152557284 1.9562500095367432 0.33499999910593037
v 0.0459375023841857 1.9440625286102295 0.2550000008940697
v 0.04500001072883597 1.9300000047683716 0.2550000008940697
v 0.0459375023841857 1.9440625286102295 0.33499999910593037
v 0.04500001072883597 1.9300000047683716 0.2550000008940697
v 0.04500001072883597 1.9300000047683716 0.33499999910593037
v 0.0459375023841857 1.9440625286102295 0.33499999910593037
v 0.04500001072883597 1.9300000047683716 0.2550000008940697
v 0.04500001072883597 0.18999999523162847 0.2550000008940697
v 0.04500001072883597 1.9300000047683716 0.33499999910593037
v 0.04500001072883597 0.18999999523162847 0.2550000008940697
v 0.04500001072883597 0.18999999523162847 0.33499999910593037
v 0.04500001072883597 1.9300000047683716 0.33499999910593037
v 0.04500001072883597 0.18999999523162847 0.2550000008940697
v 0.0459375023841857 0.17593747138977056 0.2550000008940697
v 0.04500001072883597 0.18999999523162847 0.33499999910593037
v 0.0459375023841857 0.17593747138977056 0.2550000008940697
v 0.0459375023841857 0.17593747138977056 0.33499999910593037
v 0.04500001072883597 0.18999999523162847 0.33499999910593037
v 0.0459375023841857 0.17593747138977056 0.2550000008940697
v 0.048750007152557284 0.1637499904632569 0.2550000008940697
v 0.0459375023841857 0.17593747138977056 0.33499999910593037
v 0.048750007152557284 0.1637499904632569 0.2550000008940697
v 0.048750007152557284 0.1637499904632569 0.33499999910593037
v 0.0459375023841857 0.17593747138977056 0.33499999910593037
v 0.048750007152557284 0.1637499904632569 0.2550000008940697
v 0.05343749523162833 0.15343749284744268 0.2550000008940697
v 0.048750007152557284 0.1637499904632569 0.33499999910593037
v 0.05343749523162833 0.15343749284744268 0.2550000008940697
v 0.05343749523162833 0.15343749284744268 0.33499999910593037
v 0.048750007152557284 0.1637499904632569 0.33499999910593037
v 0.05343749523162833 0.15343749284744268 0.2550000008940697
v 0.059999996423721225 0.14499997854232793 0.2550000008940697
v 0.05343749523162833 0.15343749284744268 0.33499999910593037
v 0.059999996423721225 0.14499997854232793 0.2550000008940697
v 0.059999996423721225 0.14499997854232793 0.33499999910593037
v 0.05343749523162833 0.15343749284744268 0.33499999910593037
v 0.059999996423721225 0.14499997854232793 0.2550000008940697
v 0.06843751072883597 0.13843750715255743 0.2550000008940697
v 0.059999996423721225 0.14499997854232793 0.33499999910593037
v 0.06843751072883597 0.13843750715255743 0.2550000008940697
v 0.06843751072883597 0.13843750715255743 0.33499999910593037
v 0.059999996423721225 0.14499997854232793 0.33499999910593037
v 0.06843751072883597 0.13843750715255743 0.2550000008940697
v 0.07875000834465018 0.13375001907348638 0.2550000008940697
v 0.06843751072883597 0.13843750715255743 0.33499999910593037
v 0.07875000834465018 0.13375001907348638 0.2550000008940697
v 0.07875000834465018 0.13375001907348638 0.33499999910593037
v 0.06843751072883597 0.13843750715255743 0.33499999910593037
v 0.07875000834465018 0.13375001907348638 0.2550000008940697
v 0.09093748927116385 0.1309375143051148 0.2550000008940697
v 0.07875000834465018 0.13375001907348638 0.33499999910593037
v 0.09093748927116385 0.1309375143051148 0.2550000008940697
v 0.09093748927116385 0.1309375143051148 0.33499999910593037
v 0.07875000834465018 0.13375001907348638 0.33499999910593037
v 0.09093748927116385 0.1309375143051148 0.2550000008940697
v 0.10500001311302176 0.12999999284744268 0.2550000008940697
v 0.09093748927116385 0.1309375143051148 0.33499999910593037
v 0.10500001311302176 0.12999999284744268 0.2550000008940697
v 0.10500001311302176 0.12999999284744268 0.33499999910593037
v 0.09093748927116385 0.1309375143051148 0.33499999910593037
vt -0.29499998688697815 -0.9300000071525574
vt -0.30906251072883606 -0.9290624856948853
vt -0.32124999165534973 -0.9262499809265137
vt 0.30906251072883606 -0.9290624856948853
vt 0.29499998688697815 -0.9300000071525574
vt -0.29499998688697815 -0.9300000071525574
vt 0.33156248927116394 -0.9215624928474426
vt 0.32124999165534973 -0.9262499809265137
vt 0.30906251072883606 -0.9290624856948853
vt 0.3465625047683716 -0.9065625071525574
vt 0.3400000035762787 -0.9150000214576721
vt 0.33156248927116394 -0.9215624928474426
vt 0.3540624976158142 -0.8840625286102295
vt 0.3512499928474426 -0.8962500095367432
vt 0.3465625047683716 -0.9065625071525574
vt 0.35499998927116394 0.8700000047683716
vt 0.35499998927116394 -0.8700000047683716
vt 0.3540624976158142 -0.8840625286102295
vt 0.3512499928474426 0.8962500095367432
vt 0.3540624976158142 0.8840625286102295
vt 0.35499998927116394 0.8700000047683716
vt 0.3400000035762787 0.9150000214576721
vt 0.3465625047683716 0.9065625071525574
vt 0.3512499928474426 0.8962500095367432
vt 0.32124999165534973 0.9262499809265137
vt 0.33156248927116394 0.9215624928474426
vt 0.3400000035762787 0.9150000214576721
vt 0.29499998688697815 0.9300000071525574
vt 0.30906251072883606 0.9290624856948853
vt 0.32124999165534973 0.9262499809265137
vt -0.30906251072883606 0.9290624856948853
vt -0.29499998688697815 0.9300000071525574
vt 0.29499998688697815 0.9300000071525574
vt -0.33156248927116394 0.9215624928474426
vt -0.32124999165534973 0.9262499809265137
vt -0.30906251072883606 0.9290624856948853
vt -0.3465625047683716 0.9065625071525574
vt -0.3400000035762787 0.9150000214576721
vt -0.33156248927116394 0.9215624928474426
vt -0.3540624976158142 0.8840625286102295
vt -0.3512499928474426 0.8962500095367432
vt -0.3465625047683716 0.9065625071525574
vt -0.35499998927116394 -0.8700000047683716
vt -0.35499998927116394 0.8700000047683716
vt -0.3540624976158142 0.8840625286102295
vt -0.3512499928474426 -0.8962500095367432
vt -0.3540624976158142 -0.8840625286102295
vt -0.35499998927116394 -0.8700000047683716
vt -0.3400000035762787 -0.9150000214576721
vt -0.3465625047683716 -0.9065625071525574
vt -0.3512499928474426 -0.8962500095367432
vt -0.32124999165534973 -0.9262499809265137
vt -0.33156248927116394 -0.9215624928474426
vt -0.3400000035762787 -0.9150000214576721
vt 0.30906251072883606 -0.9290624856948853
vt -0.29499998688697815 -0.9300000071525574
vt -0.32124999165534973 -0.9262499809265137
vt 0.3465625047683716 -0.9065625071525574
vt 0.33156248927116394 -0.9215624928474426
vt 0.30906251072883606 -0.9290624856948853
vt 0.35499998927116394 0.8700000047683716
vt 0.3540624976158142 -0.8840625286102295
vt 0.3465625047683716 -0.9065625071525574
vt 0.3400000035762787 0.9150000214576721
vt 0.3512499928474426 0.8962500095367432
vt 0.35499998927116394 0.8700000047683716
vt 0.29499998688697815 0.9300000071525574
vt 0.32124999165534973 0.9262499809265137
vt 0.3400000035762787 0.9150000214576721
vt -0.33156248927116394 0.9215624928474426
vt -0.30906251072883606 0.9290624856948853
vt 0.29499998688697815 0.9300000071525574
vt -0.3540624976158142 0.8840625286102295
vt -0.3465625047683716 0.9065625071525574
vt -0.33156248927116394 0.9215624928474426
vt -0.3512499928474426 -0.8962500095367432
vt -0.35499998927116394 -0.8700000047683716
vt -0.3540624976158142 0.8840625286102295
vt -0.32124999165534973 -0.9262499809265137
vt -0.3400000035762787 -0.9150000214576721
vt -0.3512499928474426 -0.8962500095367432
vt 0.3465625047683716 -0.9065625071525574
vt 0.30906251072883606 -0.9290624856948853
vt -0.32124999165534973 -0.9262499809265137
vt 0.3400000035762787 0.9150000214576721
vt 0.35499998927116394 0.8700000047683716
vt 0.3465625047683716 -0.9065625071525574
vt -0.33156248927116394 0.9215624928474426
vt 0.29499998688697815 0.9300000071525574
vt 0.3400000035762787 0.9150000214576721
vt -0.3512499928474426 -0.8962500095367432
vt -0.3540624976158142 0.8840625286102295
vt -0.33156248927116394 0.9215624928474426
vt 0.3465625047683716 -0.9065625071525574
vt -0.32124999165534973 -0.9262499809265137
vt -0.3512499928474426 -0.8962500095367432
vt -0.33156248927116394 0.9215624928474426
vt 0.3400000035762787 0.9150000214576721
vt 0.3465625047683716 -0.9065625071525574
vt 0.3465625047683716 -0.9065625071525574
vt -0.3512499928474426 -0.8962500095367432
vt -0.33156248927116394 0.9215624928474426
vt -0.32124999165534973 -0.9262499809265137
vt -0.30906251072883606 -0.9290624856948853
vt -0.29499998688697815 -0.9300000071525574
vt -0.29499998688697815 -0.9300000071525574
vt 0.29499998688697815 -0.9300000071525574
vt 0.30906251072883606 -0.9290624856948853
vt 0.30906251072883606 -0.9290624856948853
vt 0.32124999165534973 -0.9262499809265137
vt 0.33156248927116394 -0.9215624928474426
vt 0.33156248927116394 -0.9215624928474426
vt 0.3400000035762787 -0.9150000214576721
vt 0.3465625047683716 -0.9065625071525574
vt 0.3465625047683716 -0.9065625071525574
vt 0.3512499928474426 -0.8962500095367432
vt 0.3540624976158142 -0.8840625286102295
vt 0.3540624976158142 -0.8840625286102295
vt 0.35499998927116394 -0.8700000047683716
vt 0.35499998927116394 0.8700000047683716
vt 0.35499998927116394 0.8700000047683716
vt 0.3540624976158142 0.8840625286102295
vt 0.3512499928474426 0.8962500095367432
vt 0.3512499928474426 0.8962500095367432
vt 0.3465625047683716 0.9065625071525574
vt 0.3400000035762787 0.9150000214576721
vt 0.3400000035762787 0.9150000214576721
vt 0.33156248927116394 0.9215624928474426
vt 0.32124999165534973 0.9262499809265137
vt 0.32124999165534973 0.9262499809265137
vt 0.30906251072883606 0.9290624856948853
vt 0.29499998688697815 0.9300000071525574
vt 0.29499998688697815 0.9300000071525574
vt -0.29499998688697815 0.9300000071525574
vt -0.30906251072883606 0.9290624856948853
vt -0.30906251072883606 0.9290624856948853
vt -0.32124999165534973 0.9262499809265137
vt -0.33156248927116394 0.9215624928474426
vt -0.33156248927116394 0.9215624928474426
vt -0.3400000035762787 0.9150000214576721
vt -0.3465625047683716 0.9065625071525574
vt -0.3465625047683716 0.9065625071525574
vt -0.3512499928474426 0.8962500095367432
vt -0.3540624976158142 0.8840625286102295
vt -0.3540624976158142 0.8840625286102295
vt -0.35499998927116394 0.8700000047683716
vt -0.35499998927116394 -0.8700000047683716
vt -0.35499998927116394 -0.8700000047683716
vt -0.3540624976158142 -0.8840625286102295
vt -0.3512499928474426 -0.8962500095367432
vt -0.3512499928474426 -0.8962500095367432
vt -0.3465625047683716 -0.9065625071525574
vt -0.3400000035762787 -0.9150000214576721
vt -0.3400000035762787 -0.9150000214576721
vt -0.33156248927116394 -0.9215624928474426
vt -0.32124999165534973 -0.9262499809265137
vt -0.32124999165534973 -0.9262499809265137
vt -0.29499998688697815 -0.9300000071525574
vt 0.30906251072883606 -0.9290624856948853
vt 0.30906251072883606 -0.9290624856948853
vt 0.33156248927116394 -0.9215624928474426
vt 0.3465625047683716 -0.9065625071525574
vt 0.3465625047683716 -0.9065625071525574
vt 0.3540624976158142 -0.8840625286102295
vt 0.35499998927116394 0.8700000047683716
vt 0.35499998927116394 0.8700000047683716
vt 0.3512499928474426 0.8962500095367432
vt 0.3400000035762787 0.9150000214576721
vt 0.3400000035762787 0.9150000214576721
vt 0.32124999165534973 0.9262499809265137
vt 0.29499998688697815 0.9300000071525574
vt 0.29499998688697815 0.9300000071525574
vt -0.30906251072883606 0.9290624856948853
vt -0.33156248927116394 0.9215624928474426
vt -0.33156248927116394 0.9215624928474426
vt -0.3465625047683716 0.9065625071525574
vt -0.3540624976158142 0.8840625286102295
vt -0.3540624976158142 0.8840625286102295
vt -0.35499998927116394 -0.8700000047683716
vt -0.3512499928474426 -0.8962500095367432
vt -0.3512499928474426 -0.8962500095367432
vt -0.3400000035762787 -0.9150000214576721
vt -0.32124999165534973 -0.9262499809265137
vt -0.32124999165534973 -0.9262499809265137
vt 0.30906251072883606 -0.9290624856948853
vt 0.3465625047683716 -0.9065625071525574
vt 0.3465625047683716 -0.9065625071525574
vt 0.35499998927116394 0.8700000047683716
vt 0.3400000035762787 0.9150000214576721
vt 0.3400000035762787 0.9150000214576721
vt 0.29499998688697815 0.9300000071525574
vt -0.33156248927116394 0.9215624928474426
vt -0.33156248927116394 0.9215624928474426
vt -0.3540624976158142 0.8840625286102295
vt -0.3512499928474426 -0.8962500095367432
vt -0.3512499928474426 -0.8962500095367432
vt -0.32124999165534973 -0.9262499809265137
vt 0.3465625047683716 -0.9065625071525574
vt 0.3465625047683716 -0.9065625071525574
vt 0.3400000035762787 0.9150000214576721
vt -0.33156248927116394 0.9215624928474426
vt -0.33156248927116394 0.9215624928474426
vt -0.3512499928474426 -0.8962500095367432
vt 0.3465625047683716 -0.9065625071525574
vt -0.29499998688697815 1
vt 0.29499998688697815 1
vt -0.29499998688697815 0.9200000166893005
vt 0.29499998688697815 1
vt 0.29499998688697815 0.9200000166893005
vt -0.29499998688697815 0.9200000166893005
vt 0.29499998688697815 1
vt 0.30906251072883606 1
vt 0.29499998688697815 0.9200000166893005
vt 0.30906251072883606 1
vt 0.30906251072883606 0.9200000166893005
vt 0.29499998688697815 0.9200000166893005
vt 0.30906251072883606 1
vt 0.32124999165534973 1
vt 0.30906251072883606 0.9200000166893005
vt 0.32124999165534973 1
vt 0.32124999165534973 0.9200000166893005
vt 0.30906251072883606 0.9200000166893005
vt 0.32124999165534973 1
vt 0.33156248927116394 1
vt 0.32124999165534973 0.9200000166893005
vt 0.33156248927116394 1
vt 0.33156248927116394 0.9200000166893005
vt 0.32124999165534973 0.9200000166893005
vt 0.33156248927116394 1
vt 0.3400000035762787 1
vt 0.33156248927116394 0.9200000166893005
vt 0.3400000035762787 1
vt 0.3400000035762787 0.9200000166893005
vt 0.33156248927116394 0.9200000166893005
vt -0.9150000214576721 1
vt -0.9065625071525574 1
vt -0.9150000214576721 0.9200000166893005
vt -0.9065625071525574 1
vt -0.9065625071525574 0.9200000166893005
vt -0.9150000214576721 0.9200000166893005
vt -0.9065625071525574 1
vt -0.8962500095367432 1
vt -0.9065625071525574 0.9200000166893005
vt -0.8962500095367432 1
vt -0.8962500095367432 0.9200000166893005
vt -0.9065625071525574 0.9200000166893005
vt -0.8962500095367432 1
vt -0.8840625286102295 1
vt -0.8962500095367432 0.9200000166893005
vt -0.8840625286102295 1
vt -0.8840625286102295 0.9200000166893005
vt -0.8962500095367432 0.9200000166893005
vt -0.8840625286102295 1
vt -0.8700000047683716 1
vt -0.8840625286102295 0.9200000166893005
vt -0.8700000047683716 1
vt -0.8700000047683716 0.9200000166893005
vt -0.8840625286102295 0.9200000166893005
vt -0.8700000047683716 1
vt 0.8700000047683716 1
vt -0.8700000047683716 0.9200000166893005
vt 0.8700000047683716 1
vt 0.8700000047683716 0.9200000166893005
vt -0.8700000047683716 0.9200000166893005
vt 0.8700000047683716 1
vt 0.8840625286102295 1
vt 0.8700000047683716 0.9200000166893005
vt 0.8840625286102295 1
vt 0.8840625286102295 0.9200000166893005
vt 0.8700000047683716 0.9200000166893005
vt 0.8840625286102295 1
vt 0.8962500095367432 1
vt 0.8840625286102295 0.9200000166893005
vt 0.8962500095367432 1
vt 0.8962500095367432 0.9200000166893005
vt 0.8840625286102295 0.9200000166893005
vt 0.8962500095367432 1
vt 0.9065625071525574 1
vt 0.8962500095367432 0.9200000166893005
vt 0.9065625071525574 1
vt 0.9065625071525574 0.9200000166893005
vt 0.8962500095367432 0.9200000166893005
vt 0.9065625071525574 1
vt 0.9150000214576721 1
vt 0.9065625071525574 0.9200000166893005
vt 0.9150000214576721 1
vt 0.9150000214576721 0.9200000166893005
vt 0.9065625071525574 0.9200000166893005
vt 0.3400000035762787 1
vt 0.33156248927116394 1
vt 0.3400000035762787 0.9200000166893005
vt 0.33156248927116394 1
vt 0.33156248927116394 0.9200000166893005
vt 0.3400000035762787 0.9200000166893005
vt 0.33156248927116394 1
vt 0.32124999165534973 1
vt 0.33156248927116394 0.9200000166893005
vt 0.32124999165534973 1
vt 0.32124999165534973 0.9200000166893005
vt 0.33156248927116394 0.9200000166893005
vt 0.32124999165534973 1
vt 0.30906251072883606 1
vt 0.32124999165534973 0.9200000166893005
vt 0.30906251072883606 1
vt 0.30906251072883606 0.9200000166893005
vt 0.32124999165534973 0.9200000166893005
vt 0.30906251072883606 1
vt 0.29499998688697815 1
vt 0.30906251072883606 0.9200000166893005
vt 0.29499998688697815 1
vt 0.29499998688697815 0.9200000166893005
vt 0.30906251072883606 0.9200000166893005
vt 0.29499998688697815 1
vt -0.29499998688697815 1
vt 0.29499998688697815 0.9200000166893005
vt -0.29499998688697815 1
vt -0.29499998688697815 0.9200000166893005
vt 0.29499998688697815 0.9200000166893005
vt -0.29499998688697815 1
vt -0.30906251072883606 1
vt -0.29499998688697815 0.9200000166893005
vt -0.30906251072883606 1
vt -0.30906251072883606 0.9200000166893005
vt -0.29499998688697815 0.9200000166893005
vt -0.30906251072883606 1
vt -0.32124999165534973 1
vt -0.30906251072883606 0.9200000166893005
vt -0.32124999165534973 1
vt -0.32124999165534973 0.9200000166893005
vt -0.30906251072883606 0.9200000166893005
vt -0.32124999165534973 1
vt -0.33156248927116394 1
vt -0.32124999165534973 0.9200000166893005
vt -0.33156248927116394 1
vt -0.33156248927116394 0.9200000166893005
vt -0.32124999165534973 0.9200000166893005
vt -0.33156248927116394 1
vt -0.3400000035762787 1
vt -0.33156248927116394 0.9200000166893005
vt -0.3400000035762787 1
vt -0.3400000035762787 0.9200000166893005
vt -0.33156248927116394 0.9200000166893005
vt 0.9150000214576721 1
vt 0.9065625071525574 1
vt 0.9150000214576721 0.9200000166893005
vt 0.9065625071525574 1
vt 0.9065625071525574 0.9200000166893005
vt 0.9150000214576721 0.9200000166893005
vt 0.9065625071525574 1
vt 0.8962500095367432 1
vt 0.9065625071525574 0.9200000166893005
vt 0.8962500095367432 1
vt 0.8962500095367432 0.9200000166893005
vt 0.9065625071525574 0.9200000166893005
vt 0.8962500095367432 1
vt 0.8840625286102295 1
vt 0.8962500095367432 0.9200000166893005
vt 0.8840625286102295 1
vt 0.8840625286102295 0.9200000166893005
vt 0.8962500095367432 0.9200000166893005
vt 0.8840625286102295 1
vt 0.8700000047683716 1
vt 0.8840625286102295 0.9200000166893005
vt 0.8700000047683716 1
vt 0.8700000047683716 0.9200000166893005
vt 0.8840625286102295 0.9200000166893005
vt 0.8700000047683716 1
vt -0.8700000047683716 1
vt 0.8700000047683716 0.9200000166893005
vt -0.8700000047683716 1
vt -0.8700000047683716 0.9200000166893005
vt 0.8700000047683716 0.9200000166893005
vt -0.8700000047683716 1
vt -0.8840625286102295 1
vt -0.8700000047683716 0.9200000166893005
vt -0.8840625286102295 1
vt -0.8840625286102295 0.9200000166893005
vt -0.8700000047683716 0.9200000166893005
vt -0.8840625286102295 1
vt -0.8962500095367432 1
vt -0.8840625286102295 0.9200000166893005
vt -0.8962500095367432 1
vt -0.8962500095367432 0.9200000166893005
vt -0.8840625286102295 0.9200000166893005
vt -0.8962500095367432 1
vt -0.9065625071525574 1
vt -0.8962500095367432 0.9200000166893005
vt -0.9065625071525574 1
vt -0.9065625071525574 0.9200000166893005
vt -0.8962500095367432 0.9200000166893005
vt -0.9065625071525574 1
vt -0.9150000214576721 1
vt -0.9065625071525574 0.9200000166893005
vt -0.9150000214576721 1
vt -0.9150000214576721 0.9200000166893005
vt -0.9065625071525574 0.9200000166893005
vt -0.3400000035762787 1
vt -0.33156248927116394 1
vt -0.3400000035762787 0.9200000166893005
vt -0.33156248927116394 1
vt -0.33156248927116394 0.9200000166893005
vt -0.3400000035762787 0.9200000166893005
vt -0.33156248927116394 1
vt -0.32124999165534973 1
vt -0.33156248927116394 0.9200000166893005
vt -0.32124999165534973 1
vt -0.32124999165534973 0.9200000166893005
vt -0.33156248927116394 0.9200000166893005
vt -0.32124999165534973 1
vt -0.30906251072883606 1
vt -0.32124999165534973 0.9200000166893005
vt -0.30906251072883606 1
vt -0.30906251072883606 0.9200000166893005
vt -0.32124999165534973 0.9200000166893005
vt -0.30906251072883606 1
vt -0.29499998688697815 1
vt -0.30906251072883606 0.9200000166893005
vt -0.29499998688697815 1
vt -0.29499998688697815 0.9200000166893005
vt -0.30906251072883606 0.9200000166893005
vn 0 0 -1
vn 0 0 -1
vn 0 0 -1
vn 0 0 -1
vn 0 0 -1
vn 0 0 -1
vn 0 0 -1
vn 0 0 -1
vn 0 0 -1
vn 0 0 -1
vn 0 0 -1
vn 0 0 -1
vn 0 0 -1
vn 0 0 -1
vn 0 0 -1
vn 0 0 -1
vn 0 0 -1
vn 0 0 -1
vn 0 0 -1
vn 0 0 -1
vn 0 0 -1
vn 0 0 -1
vn 0 0 -1
vn 0 0 -1
vn 0 0 -1
vn 0 0 -1
vn 0 0 -1
vn 0 0 -1
vn 0 0 -1
vn 0 0 -1
vn 0 0 -1
vn 0 0 -1
vn 0 0 -1
vn 0 0 -1
vn 0 0 -1
vn 0 0 -1
vn 0 0 -1
vn 0 0 -1
vn 0 0 -1
vn 0 0 -1
vn 0 0 -1
vn 0 0 -1
vn 0 0 -1
vn 0 0 -1
vn 0 0 -1
vn 0 0 -1
vn 0 0 -1
vn 0 0 -1
vn 0 0 -1
vn 0 0 -1
vn 0 0 -1
vn 0 0 -1
vn 0 0 -1
vn 0 0 -1
vn 0 0 -1
vn 0 0 -1
vn 0 0 -1
vn 0 0 -1
vn 0 0 -1
vn 0 0 -1
vn 0 0 -1
vn 0 0 -1
vn 0 0 -1
vn 0 0 -1
vn 0 0 -1
vn 0 0 -1
vn 0 0 -1
vn 0 0 -1
vn 0 0 -1
vn 0 0 -1
vn 0 0 -1
vn 0 0 -1
vn 0 0 -1
vn 0 0 -1
vn 0 0 -1
vn 0 0 -1
vn 0 0 -1
vn 0 0 -1
vn 0 0 -1
vn 0 0 -1
vn 0 0 -1
vn 0 0 -1
vn 0 0 -1
vn 0 0 -1
vn 0 0 -1
vn 0 0 -1
vn 0 0 -1
vn 0 0 -1
vn 0 0 -1
vn 0 0 -1
vn 0 0 -1
vn 0 0 -1
vn 0 0 -1
vn 0 0 -1
vn 0 0 -1
vn 0 0 -1
vn 0 0 -1
vn 0 0 -1
vn 0 0 -1
vn 0 0 -1
vn 0 0 -1
vn 0 0 -1
vn 0 0 1
vn 0 0 1
vn 0 0 1
vn 0 0 1
vn 0 0 1
vn 0 0 1
vn 0 0 1
vn 0 0 1
vn 0 0 1
vn 0 0 1
vn 0 0 1
vn 0 0 1
vn 0 0 1
vn 0 0 1
vn 0 0 1
vn 0 0 1
vn 0 0 1
vn 0 0 1
vn 0 0 1
vn 0 0 1
vn 0 0 1
vn 0 0 1
vn 0 0 1
vn 0 0 1
vn 0 0 1
vn 0 0 1
vn 0 0 1
vn 0 0 1
vn 0 0 1
vn 0 0 1
vn 0 0 1
vn 0 0 1
vn 0 0 1
vn 0 0 1
vn 0 0 1
vn 0 0 1
vn 0 0 1
vn 0 0 1
vn 0 0 1
vn 0 0 1
vn 0 0 1
vn 0 0 1
vn 0 0 1
vn 0 0 1
vn 0 0 1
vn 0 0 1
vn 0 0 1
vn 0 0 1
vn 0 0 1
vn 0 0 1
vn 0 0 1
vn 0 0 1
vn 0 0 1
vn 0 0 1
vn 0 0 1
vn 0 0 1
vn 0 0 1
vn 0 0 1
vn 0 0 1
vn 0 0 1
vn 0 0 1
vn 0 0 1
vn 0 0 1
vn 0 0 1
vn 0 0 1
vn 0 0 1
vn 0 0 1
vn 0 0 1
vn 0 0 1
vn 0 0 1
vn 0 0 1
vn 0 0 1
vn 0 0 1
vn 0 0 1
vn 0 0 1
vn 0 0 1
vn 0 0 1
vn 0 0 1
vn 0 0 1
vn 0 0 1
vn 0 0 1
vn 0 0 1
vn 0 0 1
vn 0 0 1
vn 0 0 1
vn 0 0 1
vn 0 0 1
vn 0 0 1
vn 0 0 1
vn 0 0 1
vn 0 0 1
vn 0 0 1
vn 0 0 1
vn 0 0 1
vn 0 0 1
vn 0 0 1
vn 0 0 1
vn 0 0 1
vn 0 0 1
vn 0 0 1
vn 0 0 1
vn 0 0 1
vn 0 -1 0
vn 0 -1 0
vn 0 -1 0
vn 0 -1 0
vn 0 -1 0
vn 0 -1 0
vn 0.06652040602401094 -0.9977850648222796 0
vn 0.06652040602401094 -0.9977850648222796 0
vn 0.06652040602401094 -0.9977850648222796 0
vn 0.06652040602401094 -0.9977850648222796 0
vn 0.06652040602401094 -0.9977850648222796 0
vn 0.06652040602401094 -0.9977850648222796 0
vn 0.22486020429069606 -0.9743910347116022 0
vn 0.22486020429069606 -0.9743910347116022 0
vn 0.22486020429069606 -0.9743910347116022 0
vn 0.22486020429069606 -0.9743910347116022 0
vn 0.22486020429069606 -0.9743910347116022 0
vn 0.22486020429069606 -0.9743910347116022 0
vn 0.413802174135545 -0.9103668275375021 0
vn 0.413802174135545 -0.9103668275375021 0
vn 0.413802174135545 -0.9103668275375021 0
vn 0.413802174135545 -0.9103668275375021 0
vn 0.413802174135545 -0.9103668275375021 0
vn 0.413802174135545 -0.9103668275375021 0
vn 0.6139383150655777 -0.789354005053778 0
vn 0.6139383150655777 -0.789354005053778 0
vn 0.6139383150655777 -0.789354005053778 0
vn 0.6139383150655777 -0.789354005053778 0
vn 0.6139383150655777 -0.789354005053778 0
vn 0.6139383150655777 -0.789354005053778 0
vn 0.7893526506560449 -0.6139400564405909 0
vn 0.7893526506560449 -0.6139400564405909 0
vn 0.7893526506560449 -0.6139400564405909 0
vn 0.7893526506560449 -0.6139400564405909 0
vn 0.7893526506560449 -0.6139400564405909 0
vn 0.7893526506560449 -0.6139400564405909 0
vn 0.9103668275375021 -0.413802174135545 0
vn 0.9103668275375021 -0.413802174135545 0
vn 0.9103668275375021 -0.413802174135545 0
vn 0.9103668275375021 -0.413802174135545 0
vn 0.9103668275375021 -0.413802174135545 0
vn 0.9103668275375021 -0.413802174135545 0
vn 0.9743910347116022 -0.22486020429069606 0
vn 0.9743910347116022 -0.22486020429069606 0
vn 0.9743910347116022 -0.22486020429069606 0
vn 0.9743910347116022 -0.22486020429069606 0
vn 0.9743910347116022 -0.22486020429069606 0
vn 0.9743910347116022 -0.22486020429069606 0
vn 0.9977852048016114 -0.06651830634499353 0
vn 0.9977852048016114 -0.06651830634499353 0
vn 0.9977852048016114 -0.06651830634499353 0
vn 0.9977852048016114 -0.06651830634499353 0
vn 0.9977852048016114 -0.06651830634499353 0
vn 0.9977852048016114 -0.06651830634499353 0
vn 1 0 0
vn 1 0 0
vn 1 0 0
vn 1 0 0
vn 1 0 0
vn 1 0 0
vn 0.9977852048016114 0.06651830634499353 0
vn 0.9977852048016114 0.06651830634499353 0
vn 0.9977852048016114 0.06651830634499353 0
vn 0.9977852048016114 0.06651830634499353 0
vn 0.9977852048016114 0.06651830634499353 0
vn 0.9977852048016114 0.06651830634499353 0
vn 0.9743910347116022 0.22486020429069606 0
vn 0.9743910347116022 0.22486020429069606 0
vn 0.9743910347116022 0.22486020429069606 0
vn 0.9743910347116022 0.22486020429069606 0
vn 0.9743910347116022 0.22486020429069606 0
vn 0.9743910347116022 0.22486020429069606 0
vn 0.9103668275375021 0.413802174135545 0
vn 0.9103668275375021 0.413802174135545 0
vn 0.9103668275375021 0.413802174135545 0
vn 0.9103668275375021 0.413802174135545 0
vn 0.9103668275375021 0.413802174135545 0
vn 0.9103668275375021 0.413802174135545 0
vn 0.7893526506560449 0.6139400564405909 0
vn 0.7893526506560449 0.6139400564405909 0
vn 0.7893526506560449 0.6139400564405909 0
vn 0.7893526506560449 0.6139400564405909 0
vn 0.7893526506560449 0.6139400564405909 0
vn 0.7893526506560449 0.6139400564405909 0
vn 0.6139383150655777 0.789354005053778 0
vn 0.6139383150655777 0.789354005053778 0
vn 0.6139383150655777 0.789354005053778 0
vn 0.6139383150655777 0.789354005053778 0
vn 0.6139383150655777 0.789354005053778 0
vn 0.6139383150655777 0.789354005053778 0
vn 0.413802174135545 0.9103668275375021 0
vn 0.413802174135545 0.9103668275375021 0
vn 0.413802174135545 0.9103668275375021 0
vn 0.413802174135545 0.9103668275375021 0
vn 0.413802174135545 0.9103668275375021 0
vn 0.413802174135545 0.9103668275375021 0
vn 0.22486020429069606 0.9743910347116022 0
vn 0.22486020429069606 0.9743910347116022 0
vn 0.22486020429069606 0.9743910347116022 0
vn 0.22486020429069606 0.9743910347116022 0
vn 0.22486020429069606 0.9743910347116022 0
vn 0.22486020429069606 0.9743910347116022 0
vn 0.06652040602401094 0.9977850648222796 0
vn 0.06652040602401094 0.9977850648222796 0
vn 0.06652040602401094 0.9977850648222796 0
vn 0.06652040602401094 0.9977850648222796 0
vn 0.06652040602401094 0.9977850648222796 0
vn 0.06652040602401094 0.9977850648222796 0
vn 0 1 0
vn 0 1 0
vn 0 1 0
vn 0 1 0
vn 0 1 0
vn 0 1 0
vn -0.06652040602401094 0.9977850648222796 0
vn -0.06652040602401094 0.9977850648222796 0
vn -0.06652040602401094 0.9977850648222796 0
vn -0.06652040602401094 0.9977850648222796 0
vn -0.06652040602401094 0.9977850648222796 0
vn -0.06652040602401094 0.9977850648222796 0
vn -0.22486020429069606 0.9743910347116022 0
vn -0.22486020429069606 0.9743910347116022 0
vn -0.22486020429069606 0.9743910347116022 0
vn -0.22486020429069606 0.9743910347116022 0
vn -0.22486020429069606 0.9743910347116022 0
vn -0.22486020429069606 0.9743910347116022 0
vn -0.413802174135545 0.9103668275375021 0
vn -0.413802174135545 0.9103668275375021 0
vn -0.413802174135545 0.9103668275375021 0
vn -0.413802174135545 0.9103668275375021 0
vn -0.413802174135545 0.9103668275375021 0
vn -0.413802174135545 0.9103668275375021 0
vn -0.6139383150655777 0.789354005053778 0
vn -0.6139383150655777 0.789354005053778 0
vn -0.6139383150655777 0.789354005053778 0
vn -0.6139383150655777 0.789354005053778 0
vn -0.6139383150655777 0.789354005053778 0
vn -0.6139383150655777 0.789354005053778 0
vn -0.7893526506560449 0.6139400564405909 0
vn -0.7893526506560449 0.6139400564405909 0
vn -0.7893526506560449 0.6139400564405909 0
vn -0.7893526506560449 0.6139400564405909 0
vn -0.7893526506560449 0.6139400564405909 0
vn -0.7893526506560449 0.6139400564405909 0
vn -0.9103668275375021 0.413802174135545 0
vn -0.9103668275375021 0.413802174135545 0
vn -0.9103668275375021 0.413802174135545 0
vn -0.9103668275375021 0.413802174135545 0
vn -0.9103668275375021 0.413802174135545 0
vn -0.9103668275375021 0.413802174135545 0
vn -0.9743910347116022 0.22486020429069606 0
vn -0.9743910347116022 0.22486020429069606 0
vn -0.9743910347116022 0.22486020429069606 0
vn -0.9743910347116022 0.22486020429069606 0
vn -0.9743910347116022 0.22486020429069606 0
vn -0.9743910347116022 0.22486020429069606 0
vn -0.9977852048016114 0.06651830634499353 0
vn -0.9977852048016114 0.06651830634499353 0
vn -0.9977852048016114 0.06651830634499353 0
vn -0.9977852048016114 0.06651830634499353 0
vn -0.9977852048016114 0.06651830634499353 0
vn -0.9977852048016114 0.06651830634499353 0
vn -1 0 0
vn -1 0 0
vn -1 0 0
vn -1 0 0
vn -1 0 0
vn -1 0 0
vn -0.9977852048016114 -0.06651830634499353 0
vn -0.9977852048016114 -0.06651830634499353 0
vn -0.9977852048016114 -0.06651830634499353 0
vn -0.9977852048016114 -0.06651830634499353 0
vn -0.9977852048016114 -0.06651830634499353 0
vn -0.9977852048016114 -0.06651830634499353 0
vn -0.9743910347116022 -0.22486020429069606 0
vn -0.9743910347116022 -0.22486020429069606 0
vn -0.9743910347116022 -0.22486020429069606 0
vn -0.9743910347116022 -0.22486020429069606 0
vn -0.9743910347116022 -0.22486020429069606 0
vn -0.9743910347116022 -0.22486020429069606 0
vn -0.9103668275375021 -0.413802174135545 0
vn -0.9103668275375021 -0.413802174135545 0
vn -0.9103668275375021 -0.413802174135545 0
vn -0.9103668275375021 -0.413802174135545 0
vn -0.9103668275375021 -0.413802174135545 0
vn -0.9103668275375021 -0.413802174135545 0
vn -0.7893526506560449 -0.6139400564405909 0
vn -0.7893526506560449 -0.6139400564405909 0
vn -0.7893526506560449 -0.6139400564405909 0
vn -0.7893526506560449 -0.6139400564405909 0
vn -0.7893526506560449 -0.6139400564405909 0
vn -0.7893526506560449 -0.6139400564405909 0
vn -0.6139383150655777 -0.789354005053778 0
vn -0.6139383150655777 -0.789354005053778 0
vn -0.6139383150655777 -0.789354005053778 0
vn -0.6139383150655777 -0.789354005053778 0
vn -0.6139383150655777 -0.789354005053778 0
vn -0.6139383150655777 -0.789354005053778 0
vn -0.413802174135545 -0.9103668275375021 0
vn -0.413802174135545 -0.9103668275375021 0
vn -0.413802174135545 -0.9103668275375021 0
vn -0.413802174135545 -0.9103668275375021 0
vn -0.413802174135545 -0.9103668275375021 0
vn -0.413802174135545 -0.9103668275375021 0
vn -0.22486020429069606 -0.9743910347116022 0
vn -0.22486020429069606 -0.9743910347116022 0
vn -0.22486020429069606 -0.9743910347116022 0
vn -0.22486020429069606 -0.9743910347116022 0
vn -0.22486020429069606 -0.9743910347116022 0
vn -0.22486020429069606 -0.9743910347116022 0
vn -0.06652040602401094 -0.9977850648222796 0
vn -0.06652040602401094 -0.9977850648222796 0
vn -0.06652040602401094 -0.9977850648222796 0
vn -0.06652040602401094 -0.9977850648222796 0
vn -0.06652040602401094 -0.9977850648222796 0
vn -0.06652040602401094 -0.9977850648222796 0
f 1257/1257/1257 1258/1258/1258 1259/1259/1259
f 1260/1260/1260 1261/1261/1261 1262/1262/1262
f 1263/1263/1263 1264/1264/1264 1265/1265/1265
f 1266/1266/1266 1267/1267/1267 1268/1268/1268
f 1269/1269/1269 1270/1270/1270 1271/1271/1271
f 1272/1272/1272 1273/1273/1273 1274/1274/1274
f 1275/1275/1275 1276/1276/1276 1277/1277/1277
f 1278/1278/1278 1279/1279/1279 1280/1280/1280
f 1281/1281/1281 1282/1282/1282 1283/1283/1283
f 1284/1284/1284 1285/1285/1285 1286/1286/1286
f 1287/1287/1287 1288/1288/1288 1289/1289/1289
f 1290/1290/1290 1291/1291/1291 1292/1292/1292
f 1293/1293/1293 1294/1294/1294 1295/1295/1295
f 1296/1296/1296 1297/1297/1297 1298/1298/1298
f 1299/1299/1299 1300/1300/1300 1301/1301/1301
f 1302/1302/1302 1303/1303/1303 1304/1304/1304
f 1305/1305/1305 1306/1306/1306 1307/1307/1307
f 1308/1308/1308 1309/1309/1309 1310/1310/1310
f 1311/1311/1311 1312/1312/1312 1313/1313/1313
f 1314/1314/1314 1315/1315/1315 1316/1316/1316
f 1317/1317/1317 1318/1318/1318 1319/1319/1319
f 1320/1320/1320 1321/1321/1321 1322/1322/1322
f 1323/1323/1323 1324/1324/1324 1325/1325/1325
f 1326/1326/1326 1327/1327/1327 1328/1328/1328
f 1329/1329/1329 1330/1330/1330 1331/1331/1331
f 1332/1332/1332 1333/1333/1333 1334/1334/1334
f 1335/1335/1335 1336/1336/1336 1337/1337/1337
f 1338/1338/1338 1339/1339/1339 1340/1340/1340
f 1341/1341/1341 1342/1342/1342 1343/1343/1343
f 1344/1344/1344 1345/1345/1345 1346/1346/1346
f 1347/1347/1347 1348/1348/1348 1349/1349/1349
f 1350/1350/1350 1351/1351/1351 1352/1352/1352
f 1353/1353/1353 1354/1354/1354 1355/1355/1355
f 1356/1356/1356 1357/1357/1357 1358/1358/1358
f 1359/1359/1359 1360/1360/1360 1361/1361/1361
f 1362/1362/1362 1363/1363/1363 1364/1364/1364
f 1365/1365/1365 1366/1366/1366 1367/1367/1367
f 1368/1368/1368 1369/1369/1369 1370/1370/1370
f 1371/1371/1371 1372/1372/1372 1373/1373/1373
f 1374/1374/1374 1375/1375/1375 1376/1376/1376
f 1377/1377/1377 1378/1378/1378 1379/1379/1379
f 1380/1380/1380 1381/1381/1381 1382/1382/1382
f 1383/1383/1383 1384/1384/1384 1385/1385/1385
f 1386/1386/1386 1387/1387/1387 1388/1388/1388
f 1389/1389/1389 1390/1390/1390 1391/1391/1391
f 1392/1392/1392 1393/1393/1393 1394/1394/1394
f 1395/1395/1395 1396/1396/1396 1397/1397/1397
f 1398/1398/1398 1399/1399/1399 1400/1400/1400
f 1401/1401/1401 1402/1402/1402 1403/1403/1403
f 1404/1404/1404 1405/1405/1405 1406/1406/1406
f 1407/1407/1407 1408/1408/1408 1409/1409/1409
f 1410/1410/1410 1411/1411/1411 1412/1412/1412
f 1413/1413/1413 1414/1414/1414 1415/1415/1415
f 1416/1416/1416 1417/1417/1417 1418/1418/1418
f 1419/1419/1419 1420/1420/1420 1421/1421/1421
f 1422/1422/1422 1423/1423/1423 1424/1424/1424
f 1425/1425/1425 1426/1426/1426 1427/1427/1427
f 1428/1428/1428 1429/1429/1429 1430/1430/1430
f 1431/1431/1431 1432/1432/1432 1433/1433/1433
f 1434/1434/1434 1435/1435/1435 1436/1436/1436
f 1437/1437/1437 1438/1438/1438 1439/1439/1439
f 1440/1440/1440 1441/1441/1441 1442/1442/1442
f 1443/1443/1443 1444/1444/1444 1445/1445/1445
f 1446/1446/1446 1447/1447/1447 1448/1448/1448
f 1449/1449/1449 1450/1450/1450 1451/1451/1451
f 1452/1452/1452 1453/1453/1453 1454/1454/1454
f 1455/1455/1455 1456/1456/1456 1457/1457/1457
f 1458/1458/1458 1459/1459/1459 1460/1460/1460
f 1461/1461/1461 1462/1462/1462 1463/1463/1463
f 1464/1464/1464 1465/1465/1465 1466/1466/1466
f 1467/1467/1467 1468/1468/1468 1469/1469/1469
f 1470/1470/1470 1471/1471/1471 1472/1472/1472
f 1473/1473/1473 1474/1474/1474 1475/1475/1475
f 1476/1476/1476 1477/1477/1477 1478/1478/1478
f 1479/1479/1479 1480/1480/1480 1481/1481/1481
f 1482/1482/1482 1483/1483/1483 1484/1484/1484
f 1485/1485/1485 1486/1486/1486 1487/1487/1487
f 1488/1488/1488 1489/1489/1489 1490/1490/1490
f 1491/1491/1491 1492/1492/1492 1493/1493/1493
f 1494/1494/1494 1495/1495/1495 1496/1496/1496
f 1497/1497/1497 1498/1498/1498 1499/1499/1499
f 1500/1500/1500 1501/1501/1501 1502/1502/1502
f 1503/1503/1503 1504/1504/1504 1505/1505/1505
f 1506/1506/1506 1507/1507/1507 1508/1508/1508
f 1509/1509/1509 1510/1510/1510 1511/1511/1511
f 1512/1512/1512 1513/1513/1513 1514/1514/1514
f 1515/1515/1515 1516/1516/1516 1517/1517/1517
f 1518/1518/1518 1519/1519/1519 1520/1520/1520
f 1521/1521/1521 1522/1522/1522 1523/1523/1523
f 1524/1524/1524 1525/1525/1525 1526/1526/1526
f 1527/1527/1527 1528/1528/1528 1529/1529/1529
f 1530/1530/1530 1531/1531/1531 1532/1532/1532
f 1533/1533/1533 1534/1534/1534 1535/1535/1535
f 1536/1536/1536 1537/1537/1537 1538/1538/1538
f 1539/1539/1539 1540/1540/1540 1541/1541/1541
f 1542/1542/1542 1543/1543/1543 1544/1544/1544
f 1545/1545/1545 1546/1546/1546 1547/1547/1547
f 1548/1548/1548 1549/1549/1549 1550/1550/1550
f 1551/1551/1551 1552/1552/1552 1553/1553/1553
f 1554/1554/1554 1555/1555/1555 1556/1556/1556
f 1557/1557/1557 1558/1558/1558 1559/1559/1559
f 1560/1560/1560 1561/1561/1561 1562/1562/1562
f 1563/1563/1563 1564/1564/1564 1565/1565/1565
f 1566/1566/1566 1567/1567/1567 1568/1568/1568
f 1569/1569/1569 1570/1570/1570 1571/1571/1571
f 1572/1572/1572 1573/1573/1573 1574/1574/1574
f 1575/1575/1575 1576/1576/1576 1577/1577/1577
f 1578/1578/1578 1579/1579/1579 1580/1580/1580
f 1581/1581/1581 1582/1582/1582 1583/1583/1583
f 1584/1584/1584 1585/1585/1585 1586/1586/1586
f 1587/1587/1587 1588/1588/1588 1589/1589/1589
f 1590/1590/1590 1591/1591/1591 1592/1592/1592
f 1593/1593/1593 1594/1594/1594 1595/1595/1595
f 1596/1596/1596 1597/1597/1597 1598/1598/1598
f 1599/1599/1599 1600/1600/1600 1601/1601/1601
f 1602/1602/1602 1603/1603/1603 1604/1604/1604
f 1605/1605/1605 1606/1606/1606 1607/1607/1607
f 1608/1608/1608 1609/1609/1609 1610/1610/1610
f 1611/1611/1611 1612/1612/1612 1613/1613/1613
f 1614/1614/1614 1615/1615/1615 1616/1616/1616
f 1617/1617/1617 1618/1618/1618 1619/1619/1619
f 1620/1620/1620 1621/1621/1621 1622/1622/1622
f 1623/1623/1623 1624/1624/1624 1625/1625/1625
f 1626/1626/1626 1627/1627/1627 1628/1628/1628
f 1629/1629/1629 1630/1630/1630 1631/1631/1631
f 1632/1632/1632 1633/1633/1633 1634/1634/1634
f 1635/1635/1635 1636/1636/1636 1637/1637/1637
f 1638/1638/1638 1639/1639/1639 1640/1640/1640
f 1641/1641/1641 1642/1642/1642 1643/1643/1643
f 1644/1644/1644 1645/1645/1645 1646/1646/1646
f 1647/1647/1647 1648/1648/1648 1649/1649/1649
f 1650/1650/1650 1651/1651/1651 1652/1652/1652
f 1653/1653/1653 1654/1654/1654 1655/1655/1655
f 1656/1656/1656 1657/1657/1657 1658/1658/1658
f 1659/1659/1659 1660/1660/1660 1661/1661/1661
f 1662/1662/1662 1663/1663/1663 1664/1664/1664
f 1665/1665/1665 1666/1666/1666 1667/1667/1667
f 1668/1668/1668 1669/1669/1669 1670/1670/1670
f 1671/1671/1671 1672/1672/1672 1673/1673/1673
f 1674/1674/1674 1675/1675/1675 1676/1676/1676
o vent_2_0
usemtl navy
v 0.6249999940395354 1.775000000372529 0.37000000037252906
v 0.6249999940395354 1.775000000372529 0.319999999627471
v 0.6249999940395354 1.724999999627471 0.37000000037252906
v 0.6249999940395354 1.724999999627471 0.319999999627471
v 0.1750000059604644 1.775000000372529 0.319999999627471
v 0.1750000059604644 1.775000000372529 0.37000000037252906
v 0.1750000059604644 1.724999999627471 0.319999999627471
v 0.1750000059604644 1.724999999627471 0.37000000037252906
v 0.1750000059604644 1.775000000372529 0.319999999627471
v 0.6249999940395354 1.775000000372529 0.319999999627471
v 0.1750000059604644 1.775000000372529 0.37000000037252906
v 0.6249999940395354 1.775000000372529 0.37000000037252906
v 0.1750000059604644 1.724999999627471 0.37000000037252906
v 0.6249999940395354 1.724999999627471 0.37000000037252906
v 0.1750000059604644 1.724999999627471 0.319999999627471
v 0.6249999940395354 1.724999999627471 0.319999999627471
v 0.1750000059604644 1.775000000372529 0.37000000037252906
v 0.6249999940395354 1.775000000372529 0.37000000037252906
v 0.1750000059604644 1.724999999627471 0.37000000037252906
v 0.6249999940395354 1.724999999627471 0.37000000037252906
v 0.6249999940395354 1.775000000372529 0.319999999627471
v 0.1750000059604644 1.775000000372529 0.319999999627471
v 0.6249999940395354 1.724999999627471 0.319999999627471
v 0.1750000059604644 1.724999999627471 0.319999999627471
vt 0 1
vt 1 1
vt 0 0
vt 1 0
vt 0 1
vt 1 1
vt 0 0
vt 1 0
vt 0 1
vt 1 1
vt 0 0
vt 1 0
vt 0 1
vt 1 1
vt 0 0
vt 1 0
vt 0 1
vt 1 1
vt 0 0
vt 1 0
vt 0 1
vt 1 1
vt 0 0
vt 1 0
vn 1 0 0
vn 1 0 0
vn 1 0 0
vn 1 0 0
vn -1 0 0
vn -1 0 0
vn -1 0 0
vn -1 0 0
vn 0 1 0
vn 0 1 0
vn 0 1 0
vn 0 1 0
vn 0 -1 0
vn 0 -1 0
vn 0 -1 0
vn 0 -1 0
vn 0 0 1
vn 0 0 1
vn 0 0 1
vn 0 0 1
vn 0 0 -1
vn 0 0 -1
vn 0 0 -1
vn 0 0 -1
f 1677/1677/1677 1679/1679/1679 1678/1678/1678
f 1679/1679/1679 1680/1680/1680 1678/1678/1678
f 1681/1681/1681 1683/1683/1683 1682/1682/1682
f 1683/1683/1683 1684/1684/1684 1682/1682/1682
f 1685/1685/1685 1687/1687/1687 1686/1686/1686
f 1687/1687/1687 1688/1688/1688 1686/1686/1686
f 1689/1689/1689 1691/1691/1691 1690/1690/1690
f 1691/1691/1691 1692/1692/1692 1690/1690/1690
f 1693/1693/1693 1695/1695/1695 1694/1694/1694
f 1695/1695/1695 1696/1696/1696 1694/1694/1694
f 1697/1697/1697 1699/1699/1699 1698/1698/1698
f 1699/1699/1699 1700/1700/1700 1698/1698/1698
o vent_2_1
usemtl navy
v 0.6249999940395354 1.635000000372529 0.37000000037252906
v 0.6249999940395354 1.635000000372529 0.319999999627471
v 0.6249999940395354 1.5849999996274708 0.37000000037252906
v 0.6249999940395354 1.5849999996274708 0.319999999627471
v 0.1750000059604644 1.635000000372529 0.319999999627471
v 0.1750000059604644 1.635000000372529 0.37000000037252906
v 0.1750000059604644 1.5849999996274708 0.319999999627471
v 0.1750000059604644 1.5849999996274708 0.37000000037252906
v 0.1750000059604644 1.635000000372529 0.319999999627471
v 0.6249999940395354 1.635000000372529 0.319999999627471
v 0.1750000059604644 1.635000000372529 0.37000000037252906
v 0.6249999940395354 1.635000000372529 0.37000000037252906
v 0.1750000059604644 1.5849999996274708 0.37000000037252906
v 0.6249999940395354 1.5849999996274708 0.37000000037252906
v 0.1750000059604644 1.5849999996274708 0.319999999627471
v 0.6249999940395354 1.5849999996274708 0.319999999627471
v 0.1750000059604644 1.635000000372529 0.37000000037252906
v 0.6249999940395354 1.635000000372529 0.37000000037252906
v 0.1750000059604644 1.5849999996274708 0.37000000037252906
v 0.6249999940395354 1.5849999996274708 0.37000000037252906
v 0.6249999940395354 1.635000000372529 0.319999999627471
v 0.1750000059604644 1.635000000372529 0.319999999627471
v 0.6249999940395354 1.5849999996274708 0.319999999627471
v 0.1750000059604644 1.5849999996274708 0.319999999627471
vt 0 1
vt 1 1
vt 0 0
vt 1 0
vt 0 1
vt 1 1
vt 0 0
vt 1 0
vt 0 1
vt 1 1
vt 0 0
vt 1 0
vt 0 1
vt 1 1
vt 0 0
vt 1 0
vt 0 1
vt 1 1
vt 0 0
vt 1 0
vt 0 1
vt 1 1
vt 0 0
vt 1 0
vn 1 0 0
vn 1 0 0
vn 1 0 0
vn 1 0 0
vn -1 0 0
vn -1 0 0
vn -1 0 0
vn -1 0 0
vn 0 1 0
vn 0 1 0
vn 0 1 0
vn 0 1 0
vn 0 -1 0
vn 0 -1 0
vn 0 -1 0
vn 0 -1 0
vn 0 0 1
vn 0 0 1
vn 0 0 1
vn 0 0 1
vn 0 0 -1
vn 0 0 -1
vn 0 0 -1
vn 0 0 -1
f 1701/1701/1701 1703/1703/1703 1702/1702/1702
f 1703/1703/1703 1704/1704/1704 1702/1702/1702
f 1705/1705/1705 1707/1707/1707 1706/1706/1706
f 1707/1707/1707 1708/1708/1708 1706/1706/1706
f 1709/1709/1709 1711/1711/1711 1710/1710/1710
f 1711/1711/1711 1712/1712/1712 1710/1710/1710
f 1713/1713/1713 1715/1715/1715 1714/1714/1714
f 1715/1715/1715 1716/1716/1716 1714/1714/1714
f 1717/1717/1717 1719/1719/1719 1718/1718/1718
f 1719/1719/1719 1720/1720/1720 1718/1718/1718
f 1721/1721/1721 1723/1723/1723 1722/1722/1722
f 1723/1723/1723 1724/1724/1724 1722/1722/1722
o vent_2_2
usemtl navy
v 0.6249999940395354 1.495000000372529 0.37000000037252906
v 0.6249999940395354 1.495000000372529 0.319999999627471
v 0.6249999940395354 1.444999999627471 0.37000000037252906
v 0.6249999940395354 1.444999999627471 0.319999999627471
v 0.1750000059604644 1.495000000372529 0.319999999627471
v 0.1750000059604644 1.495000000372529 0.37000000037252906
v 0.1750000059604644 1.444999999627471 0.319999999627471
v 0.1750000059604644 1.444999999627471 0.37000000037252906
v 0.1750000059604644 1.495000000372529 0.319999999627471
v 0.6249999940395354 1.495000000372529 0.319999999627471
v 0.1750000059604644 1.495000000372529 0.37000000037252906
v 0.6249999940395354 1.495000000372529 0.37000000037252906
v 0.1750000059604644 1.444999999627471 0.37000000037252906
v 0.6249999940395354 1.444999999627471 0.37000000037252906
v 0.1750000059604644 1.444999999627471 0.319999999627471
v 0.6249999940395354 1.444999999627471 0.319999999627471
v 0.1750000059604644 1.495000000372529 0.37000000037252906
v 0.6249999940395354 1.495000000372529 0.37000000037252906
v 0.1750000059604644 1.444999999627471 0.37000000037252906
v 0.6249999940395354 1.444999999627471 0.37000000037252906
v 0.6249999940395354 1.495000000372529 0.319999999627471
v 0.1750000059604644 1.495000000372529 0.319999999627471
v 0.6249999940395354 1.444999999627471 0.319999999627471
v 0.1750000059604644 1.444999999627471 0.319999999627471
vt 0 1
vt 1 1
vt 0 0
vt 1 0
vt 0 1
vt 1 1
vt 0 0
vt 1 0
vt 0 1
vt 1 1
vt 0 0
vt 1 0
vt 0 1
vt 1 1
vt 0 0
vt 1 0
vt 0 1
vt 1 1
vt 0 0
vt 1 0
vt 0 1
vt 1 1
vt 0 0
vt 1 0
vn 1 0 0
vn 1 0 0
vn 1 0 0
vn 1 0 0
vn -1 0 0
vn -1 0 0
vn -1 0 0
vn -1 0 0
vn 0 1 0
vn 0 1 0
vn 0 1 0
vn 0 1 0
vn 0 -1 0
vn 0 -1 0
vn 0 -1 0
vn 0 -1 0
vn 0 0 1
vn 0 0 1
vn 0 0 1
vn 0 0 1
vn 0 0 -1
vn 0 0 -1
vn 0 0 -1
vn 0 0 -1
f 1725/1725/1725 1727/1727/1727 1726/1726/1726
f 1727/1727/1727 1728/1728/1728 1726/1726/1726
f 1729/1729/1729 1731/1731/1731 1730/1730/1730
f 1731/1731/1731 1732/1732/1732 1730/1730/1730
f 1733/1733/1733 1735/1735/1735 1734/1734/1734
f 1735/1735/1735 1736/1736/1736 1734/1734/1734
f 1737/1737/1737 1739/1739/1739 1738/1738/1738
f 1739/1739/1739 1740/1740/1740 1738/1738/1738
f 1741/1741/1741 1743/1743/1743 1742/1742/1742
f 1743/1743/1743 1744/1744/1744 1742/1742/1742
f 1745/1745/1745 1747/1747/1747 1746/1746/1746
f 1747/1747/1747 1748/1748/1748 1746/1746/1746
o lock_2
usemtl silver
v 0.6199999999999999 0.9499999992549419 0.41499999865889553
v 0.6391341713070868 0.9538060240447521 0.41499999865889553
v 0.6553553406894206 0.9646446593105793 0.41499999865889553
v 0.6661939759552478 0.980865828692913 0.41499999865889553
v 0.6700000007450579 1 0.41499999865889553
v 0.6661939759552478 1.019134171307087 0.41499999865889553
v 0.6553553406894206 1.0353553406894207 0.41499999865889553
v 0.6391341713070868 1.0461939759552479 0.41499999865889553
v 0.6199999999999999 1.050000000745058 0.41499999865889553
v 0.6008658286929129 1.0461939759552479 0.41499999865889553
v 0.5846446593105792 1.0353553406894207 0.41499999865889553
v 0.573806024044752 1.019134171307087 0.41499999865889553
v 0.5699999992549418 1 0.41499999865889553
v 0.573806024044752 0.980865828692913 0.41499999865889553
v 0.5846446593105792 0.9646446593105793 0.41499999865889553
v 0.6008658286929129 0.9538060240447521 0.41499999865889553
v 0.6199999999999999 0.9499999992549419 0.41499999865889553
v 0.6199999999999999 0.9499999992549419 0.29500000134110455
v 0.6391341713070868 0.9538060240447521 0.29500000134110455
v 0.6553553406894206 0.9646446593105793 0.29500000134110455
v 0.6661939759552478 0.980865828692913 0.29500000134110455
v 0.6700000007450579 1 0.29500000134110455
v 0.6661939759552478 1.019134171307087 0.29500000134110455
v 0.6553553406894206 1.0353553406894207 0.29500000134110455
v 0.6391341713070868 1.0461939759552479 0.29500000134110455
v 0.6199999999999999 1.050000000745058 0.29500000134110455
v 0.6008658286929129 1.0461939759552479 0.29500000134110455
v 0.5846446593105792 1.0353553406894207 0.29500000134110455
v 0.573806024044752 1.019134171307087 0.29500000134110455
v 0.5699999992549418 1 0.29500000134110455
v 0.573806024044752 0.980865828692913 0.29500000134110455
v 0.5846446593105792 0.9646446593105793 0.29500000134110455
v 0.6008658286929129 0.9538060240447521 0.29500000134110455
v 0.6199999999999999 0.9499999992549419 0.29500000134110455
v 0.6199999999999999 1 0.41499999865889553
v 0.6199999999999999 1 0.41499999865889553
v 0.6199999999999999 1 0.41499999865889553
v 0.6199999999999999 1 0.41499999865889553
v 0.6199999999999999 1 0.41499999865889553
v 0.6199999999999999 1 0.41499999865889553
v 0.6199999999999999 1 0.41499999865889553
v 0.6199999999999999 1 0.41499999865889553
v 0.6199999999999999 1 0.41499999865889553
v 0.6199999999999999 1 0.41499999865889553
v 0.6199999999999999 1 0.41499999865889553
v 0.6199999999999999 1 0.41499999865889553
v 0.6199999999999999 1 0.41499999865889553
v 0.6199999999999999 1 0.41499999865889553
v 0.6199999999999999 1 0.41499999865889553
v 0.6199999999999999 1 0.41499999865889553
v 0.6199999999999999 0.9499999992549419 0.41499999865889553
v 0.6391341713070868 0.9538060240447521 0.41499999865889553
v 0.6553553406894206 0.9646446593105793 0.41499999865889553
v 0.6661939759552478 0.980865828692913 0.41499999865889553
v 0.6700000007450579 1 0.41499999865889553
v 0.6661939759552478 1.019134171307087 0.41499999865889553
v 0.6553553406894206 1.0353553406894207 0.41499999865889553
v 0.6391341713070868 1.0461939759552479 0.41499999865889553
v 0.6199999999999999 1.050000000745058 0.41499999865889553
v 0.6008658286929129 1.0461939759552479 0.41499999865889553
v 0.5846446593105792 1.0353553406894207 0.41499999865889553
v 0.573806024044752 1.019134171307087 0.41499999865889553
v 0.5699999992549418 1 0.41499999865889553
v 0.573806024044752 0.980865828692913 0.41499999865889553
v 0.5846446593105792 0.9646446593105793 0.41499999865889553
v 0.6008658286929129 0.9538060240447521 0.41499999865889553
v 0.6199999999999999 0.9499999992549419 0.41499999865889553
v 0.6199999999999999 1 0.29500000134110455
v 0.6199999999999999 1 0.29500000134110455
v 0.6199999999999999 1 0.29500000134110455
v 0.6199999999999999 1 0.29500000134110455
v 0.6199999999999999 1 0.29500000134110455
v 0.6199999999999999 1 0.29500000134110455
v 0.6199999999999999 1 0.29500000134110455
v 0.6199999999999999 1 0.29500000134110455
v 0.6199999999999999 1 0.29500000134110455
v 0.6199999999999999 1 0.29500000134110455
v 0.6199999999999999 1 0.29500000134110455
v 0.6199999999999999 1 0.29500000134110455
v 0.6199999999999999 1 0.29500000134110455
v 0.6199999999999999 1 0.29500000134110455
v 0.6199999999999999 1 0.29500000134110455
v 0.6199999999999999 1 0.29500000134110455
v 0.6199999999999999 0.9499999992549419 0.29500000134110455
v 0.6391341713070868 0.9538060240447521 0.29500000134110455
v 0.6553553406894206 0.9646446593105793 0.29500000134110455
v 0.6661939759552478 0.980865828692913 0.29500000134110455
v 0.6700000007450579 1 0.29500000134110455
v 0.6661939759552478 1.019134171307087 0.29500000134110455
v 0.6553553406894206 1.0353553406894207 0.29500000134110455
v 0.6391341713070868 1.0461939759552479 0.29500000134110455
v 0.6199999999999999 1.050000000745058 0.29500000134110455
v 0.6008658286929129 1.0461939759552479 0.29500000134110455
v 0.5846446593105792 1.0353553406894207 0.29500000134110455
v 0.573806024044752 1.019134171307087 0.29500000134110455
v 0.5699999992549418 1 0.29500000134110455
v 0.573806024044752 0.980865828692913 0.29500000134110455
v 0.5846446593105792 0.9646446593105793 0.29500000134110455
v 0.6008658286929129 0.9538060240447521 0.29500000134110455
v 0.6199999999999999 0.9499999992549419 0.29500000134110455
vt 0 1
vt 0.0625 1
vt 0.125 1
vt 0.1875 1
vt 0.25 1
vt 0.3125 1
vt 0.375 1
vt 0.4375 1
vt 0.5 1
vt 0.5625 1
vt 0.625 1
vt 0.6875 1
vt 0.75 1
vt 0.8125 1
vt 0.875 1
vt 0.9375 1
vt 1 1
vt 0 0
vt 0.0625 0
vt 0.125 0
vt 0.1875 0
vt 0.25 0
vt 0.3125 0
vt 0.375 0
vt 0.4375 0
vt 0.5 0
vt 0.5625 0
vt 0.625 0
vt 0.6875 0
vt 0.75 0
vt 0.8125 0
vt 0.875 0
vt 0.9375 0
vt 1 0
vt 0.5 0.5
vt 0.5 0.5
vt 0.5 0.5
vt 0.5 0.5
vt 0.5 0.5
vt 0.5 0.5
vt 0.5 0.5
vt 0.5 0.5
vt 0.5 0.5
vt 0.5 0.5
vt 0.5 0.5
vt 0.5 0.5
vt 0.5 0.5
vt 0.5 0.5
vt 0.5 0.5
vt 0.5 0.5
vt 1 0.5
vt 0.9619397521018982 0.6913416981697083
vt 0.8535534143447876 0.8535534143447876
vt 0.6913416981697083 0.9619397521018982
vt 0.5 1
vt 0.30865827202796936 0.9619397521018982
vt 0.1464466154575348 0.8535534143447876
vt 0.03806023299694061 0.6913416981697083
vt 0 0.5
vt 0.03806023299694061 0.30865827202796936
vt 0.1464466154575348 0.1464466154575348
vt 0.30865827202796936 0.03806023299694061
vt 0.5 0
vt 0.6913416981697083 0.03806023299694061
vt 0.8535534143447876 0.1464466154575348
vt 0.9619397521018982 0.30865827202796936
vt 1 0.5
vt 0.5 0.5
vt 0.5 0.5
vt 0.5 0.5
vt 0.5 0.5
vt 0.5 0.5
vt 0.5 0.5
vt 0.5 0.5
vt 0.5 0.5
vt 0.5 0.5
vt 0.5 0.5
vt 0.5 0.5
vt 0.5 0.5
vt 0.5 0.5
vt 0.5 0.5
vt 0.5 0.5
vt 0.5 0.5
vt 1 0.5
vt 0.9619397521018982 0.30865827202796936
vt 0.8535534143447876 0.1464466154575348
vt 0.6913416981697083 0.03806023299694061
vt 0.5 0
vt 0.30865827202796936 0.03806023299694061
vt 0.1464466154575348 0.1464466154575348
vt 0.03806023299694061 0.30865827202796936
vt 0 0.5
vt 0.03806023299694061 0.6913416981697083
vt 0.1464466154575348 0.8535534143447876
vt 0.30865827202796936 0.9619397521018982
vt 0.5 1
vt 0.6913416981697083 0.9619397521018982
vt 0.8535534143447876 0.8535534143447876
vt 0.9619397521018982 0.6913416981697083
vt 1 0.5
vn 0 -1 2.220446049250313e-16
vn 0.3826834370613369 -0.9238795305660377 2.0514246536285922e-16
vn 0.7071067811865476 -0.7071067811865476 1.5700924586837752e-16
vn 0.9238795305660377 -0.3826834370613369 8.497279259363763e-17
vn 1 -6.123234262925839e-17 1.3596311327747833e-32
vn 0.9238795305660377 0.3826834370613369 -8.497279259363763e-17
vn 0.7071067811865476 0.7071067811865476 -1.5700924586837752e-16
vn 0.3826834370613369 0.9238795305660377 -2.0514246536285922e-16
vn 1.2246468525851679e-16 1 -2.220446049250313e-16
vn -0.3826834370613369 0.9238795305660377 -2.0514246536285922e-16
vn -0.7071067811865476 0.7071067811865476 -1.5700924586837752e-16
vn -0.9238795305660377 0.3826834370613369 -8.497279259363763e-17
vn -1 1.8369701465288538e-16 -4.078893104450762e-32
vn -0.9238795305660377 -0.3826834370613369 8.497279259363763e-17
vn -0.7071067811865476 -0.7071067811865476 1.5700924586837752e-16
vn -0.3826834370613369 -0.9238795305660377 2.0514246536285922e-16
vn -2.4492937051703357e-16 -1 2.220446049250313e-16
vn 0 -1 2.220446049250313e-16
vn 0.3826834370613369 -0.9238795305660377 2.0514246536285922e-16
vn 0.7071067811865476 -0.7071067811865476 1.5700924586837752e-16
vn 0.9238795305660377 -0.3826834370613369 8.497279259363763e-17
vn 1 -6.123234262925839e-17 1.3596311327747833e-32
vn 0.9238795305660377 0.3826834370613369 -8.497279259363763e-17
vn 0.7071067811865476 0.7071067811865476 -1.5700924586837752e-16
vn 0.3826834370613369 0.9238795305660377 -2.0514246536285922e-16
vn 1.2246468525851679e-16 1 -2.220446049250313e-16
vn -0.3826834370613369 0.9238795305660377 -2.0514246536285922e-16
vn -0.7071067811865476 0.7071067811865476 -1.5700924586837752e-16
vn -0.9238795305660377 0.3826834370613369 -8.497279259363763e-17
vn -1 1.8369701465288538e-16 -4.078893104450762e-32
vn -0.9238795305660377 -0.3826834370613369 8.497279259363763e-17
vn -0.7071067811865476 -0.7071067811865476 1.5700924586837752e-16
vn -0.3826834370613369 -0.9238795305660377 2.0514246536285922e-16
vn -2.4492937051703357e-16 -1 2.220446049250313e-16
vn 0 2.220446049250313e-16 1
vn 0 2.220446049250313e-16 1
vn 0 2.220446049250313e-16 1
vn 0 2.220446049250313e-16 1
vn 0 2.220446049250313e-16 1
vn 0 2.220446049250313e-16 1
vn 0 2.220446049250313e-16 1
vn 0 2.220446049250313e-16 1
vn 0 2.220446049250313e-16 1
vn 0 2.220446049250313e-16 1
vn 0 2.220446049250313e-16 1
vn 0 2.220446049250313e-16 1
vn 0 2.220446049250313e-16 1
vn 0 2.220446049250313e-16 1
vn 0 2.220446049250313e-16 1
vn 0 2.220446049250313e-16 1
vn 0 2.220446049250313e-16 1
vn 0 2.220446049250313e-16 1
vn 0 2.220446049250313e-16 1
vn 0 2.220446049250313e-16 1
vn 0 2.220446049250313e-16 1
vn 0 2.220446049250313e-16 1
vn 0 2.220446049250313e-16 1
vn 0 2.220446049250313e-16 1
vn 0 2.220446049250313e-16 1
vn 0 2.220446049250313e-16 1
vn 0 2.220446049250313e-16 1
vn 0 2.220446049250313e-16 1
vn 0 2.220446049250313e-16 1
vn 0 2.220446049250313e-16 1
vn 0 2.220446049250313e-16 1
vn 0 2.220446049250313e-16 1
vn 0 2.220446049250313e-16 1
vn 0 -2.220446049250313e-16 -1
vn 0 -2.220446049250313e-16 -1
vn 0 -2.220446049250313e-16 -1
vn 0 -2.220446049250313e-16 -1
vn 0 -2.220446049250313e-16 -1
vn 0 -2.220446049250313e-16 -1
vn 0 -2.220446049250313e-16 -1
vn 0 -2.220446049250313e-16 -1
vn 0 -2.220446049250313e-16 -1
vn 0 -2.220446049250313e-16 -1
vn 0 -2.220446049250313e-16 -1
vn 0 -2.220446049250313e-16 -1
vn 0 -2.220446049250313e-16 -1
vn 0 -2.220446049250313e-16 -1
vn 0 -2.220446049250313e-16 -1
vn 0 -2.220446049250313e-16 -1
vn 0 -2.220446049250313e-16 -1
vn 0 -2.220446049250313e-16 -1
vn 0 -2.220446049250313e-16 -1
vn 0 -2.220446049250313e-16 -1
vn 0 -2.220446049250313e-16 -1
vn 0 -2.220446049250313e-16 -1
vn 0 -2.220446049250313e-16 -1
vn 0 -2.220446049250313e-16 -1
vn 0 -2.220446049250313e-16 -1
vn 0 -2.220446049250313e-16 -1
vn 0 -2.220446049250313e-16 -1
vn 0 -2.220446049250313e-16 -1
vn 0 -2.220446049250313e-16 -1
vn 0 -2.220446049250313e-16 -1
vn 0 -2.220446049250313e-16 -1
vn 0 -2.220446049250313e-16 -1
vn 0 -2.220446049250313e-16 -1
f 1749/1749/1749 1766/1766/1766 1750/1750/1750
f 1766/1766/1766 1767/1767/1767 1750/1750/1750
f 1750/1750/1750 1767/1767/1767 1751/1751/1751
f 1767/1767/1767 1768/1768/1768 1751/1751/1751
f 1751/1751/1751 1768/1768/1768 1752/1752/1752
f 1768/1768/1768 1769/1769/1769 1752/1752/1752
f 1752/1752/1752 1769/1769/1769 1753/1753/1753
f 1769/1769/1769 1770/1770/1770 1753/1753/1753
f 1753/1753/1753 1770/1770/1770 1754/1754/1754
f 1770/1770/1770 1771/1771/1771 1754/1754/1754
f 1754/1754/1754 1771/1771/1771 1755/1755/1755
f 1771/1771/1771 1772/1772/1772 1755/1755/1755
f 1755/1755/1755 1772/1772/1772 1756/1756/1756
f 1772/1772/1772 1773/1773/1773 1756/1756/1756
f 1756/1756/1756 1773/1773/1773 1757/1757/1757
f 1773/1773/1773 1774/1774/1774 1757/1757/1757
f 1757/1757/1757 1774/1774/1774 1758/1758/1758
f 1774/1774/1774 1775/1775/1775 1758/1758/1758
f 1758/1758/1758 1775/1775/1775 1759/1759/1759
f 1775/1775/1775 1776/1776/1776 1759/1759/1759
f 1759/1759/1759 1776/1776/1776 1760/1760/1760
f 1776/1776/1776 1777/1777/1777 1760/1760/1760
f 1760/1760/1760 1777/1777/1777 1761/1761/1761
f 1777/1777/1777 1778/1778/1778 1761/1761/1761
f 1761/1761/1761 1778/1778/1778 1762/1762/1762
f 1778/1778/1778 1779/1779/1779 1762/1762/1762
f 1762/1762/1762 1779/1779/1779 1763/1763/1763
f 1779/1779/1779 1780/1780/1780 1763/1763/1763
f 1763/1763/1763 1780/1780/1780 1764/1764/1764
f 1780/1780/1780 1781/1781/1781 1764/1764/1764
f 1764/1764/1764 1781/1781/1781 1765/1765/1765
f 1781/1781/1781 1782/1782/1782 1765/1765/1765
f 1799/1799/1799 1800/1800/1800 1783/1783/1783
f 1800/1800/1800 1801/1801/1801 1784/1784/1784
f 1801/1801/1801 1802/1802/1802 1785/1785/1785
f 1802/1802/1802 1803/1803/1803 1786/1786/1786
f 1803/1803/1803 1804/1804/1804 1787/1787/1787
f 1804/1804/1804 1805/1805/1805 1788/1788/1788
f 1805/1805/1805 1806/1806/1806 1789/1789/1789
f 1806/1806/1806 1807/1807/1807 1790/1790/1790
f 1807/1807/1807 1808/1808/1808 1791/1791/1791
f 1808/1808/1808 1809/1809/1809 1792/1792/1792
f 1809/1809/1809 1810/1810/1810 1793/1793/1793
f 1810/1810/1810 1811/1811/1811 1794/1794/1794
f 1811/1811/1811 1812/1812/1812 1795/1795/1795
f 1812/1812/1812 1813/1813/1813 1796/1796/1796
f 1813/1813/1813 1814/1814/1814 1797/1797/1797
f 1814/1814/1814 1815/1815/1815 1798/1798/1798
f 1833/1833/1833 1832/1832/1832 1816/1816/1816
f 1834/1834/1834 1833/1833/1833 1817/1817/1817
f 1835/1835/1835 1834/1834/1834 1818/1818/1818
f 1836/1836/1836 1835/1835/1835 1819/1819/1819
f 1837/1837/1837 1836/1836/1836 1820/1820/1820
f 1838/1838/1838 1837/1837/1837 1821/1821/1821
f 1839/1839/1839 1838/1838/1838 1822/1822/1822
f 1840/1840/1840 1839/1839/1839 1823/1823/1823
f 1841/1841/1841 1840/1840/1840 1824/1824/1824
f 1842/1842/1842 1841/1841/1841 1825/1825/1825
f 1843/1843/1843 1842/1842/1842 1826/1826/1826
f 1844/1844/1844 1843/1843/1843 1827/1827/1827
f 1845/1845/1845 1844/1844/1844 1828/1828/1828
f 1846/1846/1846 1845/1845/1845 1829/1829/1829
f 1847/1847/1847 1846/1846/1846 1830/1830/1830
f 1848/1848/1848 1847/1847/1847 1831/1831/1831
o handle_2
usemtl silver
v 0.6700000007450579 1.4500000059604645 0.3749999993294478
v 0.6700000007450579 1.4500000059604645 0.3150000006705523
v 0.6700000007450579 1.1499999940395356 0.3749999993294478
v 0.6700000007450579 1.1499999940395356 0.3150000006705523
v 0.5699999992549418 1.4500000059604645 0.3150000006705523
v 0.5699999992549418 1.4500000059604645 0.3749999993294478
v 0.5699999992549418 1.1499999940395356 0.3150000006705523
v 0.5699999992549418 1.1499999940395356 0.3749999993294478
v 0.5699999992549418 1.4500000059604645 0.3150000006705523
v 0.6700000007450579 1.4500000059604645 0.3150000006705523
v 0.5699999992549418 1.4500000059604645 0.3749999993294478
v 0.6700000007450579 1.4500000059604645 0.3749999993294478
v 0.5699999992549418 1.1499999940395356 0.3749999993294478
v 0.6700000007450579 1.1499999940395356 0.3749999993294478
v 0.5699999992549418 1.1499999940395356 0.3150000006705523
v 0.6700000007450579 1.1499999940395356 0.3150000006705523
v 0.5699999992549418 1.4500000059604645 0.3749999993294478
v 0.6700000007450579 1.4500000059604645 0.3749999993294478
v 0.5699999992549418 1.1499999940395356 0.3749999993294478
v 0.6700000007450579 1.1499999940395356 0.3749999993294478
v 0.6700000007450579 1.4500000059604645 0.3150000006705523
v 0.5699999992549418 1.4500000059604645 0.3150000006705523
v 0.6700000007450579 1.1499999940395356 0.3150000006705523
v 0.5699999992549418 1.1499999940395356 0.3150000006705523
vt 0 1
vt 1 1
vt 0 0
vt 1 0
vt 0 1
vt 1 1
vt 0 0
vt 1 0
vt 0 1
vt 1 1
vt 0 0
vt 1 0
vt 0 1
vt 1 1
vt 0 0
vt 1 0
vt 0 1
vt 1 1
vt 0 0
vt 1 0
vt 0 1
vt 1 1
vt 0 0
vt 1 0
vn 1 0 0
vn 1 0 0
vn 1 0 0
vn 1 0 0
vn -1 0 0
vn -1 0 0
vn -1 0 0
vn -1 0 0
vn 0 1 0
vn 0 1 0
vn 0 1 0
vn 0 1 0
vn 0 -1 0
vn 0 -1 0
vn 0 -1 0
vn 0 -1 0
vn 0 0 1
vn 0 0 1
vn 0 0 1
vn 0 0 1
vn 0 0 -1
vn 0 0 -1
vn 0 0 -1
vn 0 0 -1
f 1849/1849/1849 1851/1851/1851 1850/1850/1850
f 1851/1851/1851 1852/1852/1852 1850/1850/1850
f 1853/1853/1853 1855/1855/1855 1854/1854/1854
f 1855/1855/1855 1856/1856/1856 1854/1854/1854
f 1857/1857/1857 1859/1859/1859 1858/1858/1858
f 1859/1859/1859 1860/1860/1860 1858/1858/1858
f 1861/1861/1861 1863/1863/1863 1862/1862/1862
f 1863/1863/1863 1864/1864/1864 1862/1862/1862
f 1865/1865/1865 1867/1867/1867 1866/1866/1866
f 1867/1867/1867 1868/1868/1868 1866/1866/1866
f 1869/1869/1869 1871/1871/1871 1870/1870/1870
f 1871/1871/1871 1872/1872/1872 1870/1870/1870
o locker_door_3
usemtl blue
v 0.905000013113022 0.12999999284744268 0.2550000008940697
v 0.8909374892711641 0.1309375143051148 0.2550000008940697
v 0.8787500083446504 0.13375001907348638 0.2550000008940697
v 1.5090625107288362 0.1309375143051148 0.2550000008940697
v 1.4949999868869783 0.12999999284744268 0.2550000008940697
v 0.905000013113022 0.12999999284744268 0.2550000008940697
v 1.5315624892711641 0.13843750715255743 0.2550000008940697
v 1.52124999165535 0.13375001907348638 0.2550000008940697
v 1.5090625107288362 0.1309375143051148 0.2550000008940697
v 1.5465625047683718 0.15343749284744268 0.2550000008940697
v 1.5400000035762789 0.14499997854232793 0.2550000008940697
v 1.5315624892711641 0.13843750715255743 0.2550000008940697
v 1.5540624976158144 0.17593747138977056 0.2550000008940697
v 1.5512499928474428 0.1637499904632569 0.2550000008940697
v 1.5465625047683718 0.15343749284744268 0.2550000008940697
v 1.5549999892711641 1.9300000047683716 0.2550000008940697
v 1.5549999892711641 0.18999999523162847 0.2550000008940697
v 1.5540624976158144 0.17593747138977056 0.2550000008940697
v 1.5512499928474428 1.9562500095367432 0.2550000008940697
v 1.5540624976158144 1.9440625286102295 0.2550000008940697
v 1.5549999892711641 1.9300000047683716 0.2550000008940697
v 1.5400000035762789 1.9750000214576722 0.2550000008940697
v 1.5465625047683718 1.9665625071525574 0.2550000008940697
v 1.5512499928474428 1.9562500095367432 0.2550000008940697
v 1.52124999165535 1.9862499809265137 0.2550000008940697
v 1.5315624892711641 1.9815624928474427 0.2550000008940697
v 1.5400000035762789 1.9750000214576722 0.2550000008940697
v 1.4949999868869783 1.9900000071525574 0.2550000008940697
v 1.5090625107288362 1.9890624856948853 0.2550000008940697
v 1.52124999165535 1.9862499809265137 0.2550000008940697
v 0.8909374892711641 1.9890624856948853 0.2550000008940697
v 0.905000013113022 1.9900000071525574 0.2550000008940697
v 1.4949999868869783 1.9900000071525574 0.2550000008940697
v 0.8684375107288362 1.9815624928474427 0.2550000008940697
v 0.8787500083446504 1.9862499809265137 0.2550000008940697
v 0.8909374892711641 1.9890624856948853 0.2550000008940697
v 0.8534374952316286 1.9665625071525574 0.2550000008940697
v 0.8599999964237215 1.9750000214576722 0.2550000008940697
v 0.8684375107288362 1.9815624928474427 0.2550000008940697
v 0.845937502384186 1.9440625286102295 0.2550000008940697
v 0.8487500071525576 1.9562500095367432 0.2550000008940697
v 0.8534374952316286 1.9665625071525574 0.2550000008940697
v 0.8450000107288362 0.18999999523162847 0.2550000008940697
v 0.8450000107288362 1.9300000047683716 0.2550000008940697
v 0.845937502384186 1.9440625286102295 0.2550000008940697
v 0.8487500071525576 0.1637499904632569 0.2550000008940697
v 0.845937502384186 0.17593747138977056 0.2550000008940697
v 0.8450000107288362 0.18999999523162847 0.2550000008940697
v 0.8599999964237215 0.14499997854232793 0.2550000008940697
v 0.8534374952316286 0.15343749284744268 0.2550000008940697
v 0.8487500071525576 0.1637499904632569 0.2550000008940697
v 0.8787500083446504 0.13375001907348638 0.2550000008940697
v 0.8684375107288362 0.13843750715255743 0.2550000008940697
v 0.8599999964237215 0.14499997854232793 0.2550000008940697
v 1.5090625107288362 0.1309375143051148 0.2550000008940697
v 0.905000013113022 0.12999999284744268 0.2550000008940697
v 0.8787500083446504 0.13375001907348638 0.2550000008940697
v 1.5465625047683718 0.15343749284744268 0.2550000008940697
v 1.5315624892711641 0.13843750715255743 0.2550000008940697
v 1.5090625107288362 0.1309375143051148 0.2550000008940697
v 1.5549999892711641 1.9300000047683716 0.2550000008940697
v 1.5540624976158144 0.17593747138977056 0.2550000008940697
v 1.5465625047683718 0.15343749284744268 0.2550000008940697
v 1.5400000035762789 1.9750000214576722 0.2550000008940697
v 1.5512499928474428 1.9562500095367432 0.2550000008940697
v 1.5549999892711641 1.9300000047683716 0.2550000008940697
v 1.4949999868869783 1.9900000071525574 0.2550000008940697
v 1.52124999165535 1.9862499809265137 0.2550000008940697
v 1.5400000035762789 1.9750000214576722 0.2550000008940697
v 0.8684375107288362 1.9815624928474427 0.2550000008940697
v 0.8909374892711641 1.9890624856948853 0.2550000008940697
v 1.4949999868869783 1.9900000071525574 0.2550000008940697
v 0.845937502384186 1.9440625286102295 0.2550000008940697
v 0.8534374952316286 1.9665625071525574 0.2550000008940697
v 0.8684375107288362 1.9815624928474427 0.2550000008940697
v 0.8487500071525576 0.1637499904632569 0.2550000008940697
v 0.8450000107288362 0.18999999523162847 0.2550000008940697
v 0.845937502384186 1.9440625286102295 0.2550000008940697
v 0.8787500083446504 0.13375001907348638 0.2550000008940697
v 0.8599999964237215 0.14499997854232793 0.2550000008940697
v 0.8487500071525576 0.1637499904632569 0.2550000008940697
v 1.5465625047683718 0.15343749284744268 0.2550000008940697
v 1.5090625107288362 0.1309375143051148 0.2550000008940697
v 0.8787500083446504 0.13375001907348638 0.2550000008940697
v 1.5400000035762789 1.9750000214576722 0.2550000008940697
v 1.5549999892711641 1.9300000047683716 0.2550000008940697
v 1.5465625047683718 0.15343749284744268 0.2550000008940697
v 0.8684375107288362 1.9815624928474427 0.2550000008940697
v 1.4949999868869783 1.9900000071525574 0.2550000008940697
v 1.5400000035762789 1.9750000214576722 0.2550000008940697
v 0.8487500071525576 0.1637499904632569 0.2550000008940697
v 0.845937502384186 1.9440625286102295 0.2550000008940697
v 0.8684375107288362 1.9815624928474427 0.2550000008940697
v 1.5465625047683718 0.15343749284744268 0.2550000008940697
v 0.8787500083446504 0.13375001907348638 0.2550000008940697
v 0.8487500071525576 0.1637499904632569 0.2550000008940697
v 0.8684375107288362 1.9815624928474427 0.2550000008940697
v 1.5400000035762789 1.9750000214576722 0.2550000008940697
v 1.5465625047683718 0.15343749284744268 0.2550000008940697
v 1.5465625047683718 0.15343749284744268 0.2550000008940697
v 0.8487500071525576 0.1637499904632569 0.2550000008940697
v 0.8684375107288362 1.9815624928474427 0.2550000008940697
v 0.8787500083446504 0.13375001907348638 0.33499999910593037
v 0.8909374892711641 0.1309375143051148 0.33499999910593037
v 0.905000013113022 0.12999999284744268 0.33499999910593037
v 0.905000013113022 0.12999999284744268 0.33499999910593037
v 1.4949999868869783 0.12999999284744268 0.33499999910593037
v 1.5090625107288362 0.1309375143051148 0.33499999910593037
v 1.5090625107288362 0.1309375143051148 0.33499999910593037
v 1.52124999165535 0.13375001907348638 0.33499999910593037
v 1.5315624892711641 0.13843750715255743 0.33499999910593037
v 1.5315624892711641 0.13843750715255743 0.33499999910593037
v 1.5400000035762789 0.14499997854232793 0.33499999910593037
v 1.5465625047683718 0.15343749284744268 0.33499999910593037
v 1.5465625047683718 0.15343749284744268 0.33499999910593037
v 1.5512499928474428 0.1637499904632569 0.33499999910593037
v 1.5540624976158144 0.17593747138977056 0.33499999910593037
v 1.5540624976158144 0.17593747138977056 0.33499999910593037
v 1.5549999892711641 0.18999999523162847 0.33499999910593037
v 1.5549999892711641 1.9300000047683716 0.33499999910593037
v 1.5549999892711641 1.9300000047683716 0.33499999910593037
v 1.5540624976158144 1.9440625286102295 0.33499999910593037
v 1.5512499928474428 1.9562500095367432 0.33499999910593037
v 1.5512499928474428 1.9562500095367432 0.33499999910593037
v 1.5465625047683718 1.9665625071525574 0.33499999910593037
v 1.5400000035762789 1.9750000214576722 0.33499999910593037
v 1.5400000035762789 1.9750000214576722 0.33499999910593037
v 1.5315624892711641 1.9815624928474427 0.33499999910593037
v 1.52124999165535 1.9862499809265137 0.33499999910593037
v 1.52124999165535 1.9862499809265137 0.33499999910593037
v 1.5090625107288362 1.9890624856948853 0.33499999910593037
v 1.4949999868869783 1.9900000071525574 0.33499999910593037
v 1.4949999868869783 1.9900000071525574 0.33499999910593037
v 0.905000013113022 1.9900000071525574 0.33499999910593037
v 0.8909374892711641 1.9890624856948853 0.33499999910593037
v 0.8909374892711641 1.9890624856948853 0.33499999910593037
v 0.8787500083446504 1.9862499809265137 0.33499999910593037
v 0.8684375107288362 1.9815624928474427 0.33499999910593037
v 0.8684375107288362 1.9815624928474427 0.33499999910593037
v 0.8599999964237215 1.9750000214576722 0.33499999910593037
v 0.8534374952316286 1.9665625071525574 0.33499999910593037
v 0.8534374952316286 1.9665625071525574 0.33499999910593037
v 0.8487500071525576 1.9562500095367432 0.33499999910593037
v 0.845937502384186 1.9440625286102295 0.33499999910593037
v 0.845937502384186 1.9440625286102295 0.33499999910593037
v 0.8450000107288362 1.9300000047683716 0.33499999910593037
v 0.8450000107288362 0.18999999523162847 0.33499999910593037
v 0.8450000107288362 0.18999999523162847 0.33499999910593037
v 0.845937502384186 0.17593747138977056 0.33499999910593037
v 0.8487500071525576 0.1637499904632569 0.33499999910593037
v 0.8487500071525576 0.1637499904632569 0.33499999910593037
v 0.8534374952316286 0.15343749284744268 0.33499999910593037
v 0.8599999964237215 0.14499997854232793 0.33499999910593037
v 0.8599999964237215 0.14499997854232793 0.33499999910593037
v 0.8684375107288362 0.13843750715255743 0.33499999910593037
v 0.8787500083446504 0.13375001907348638 0.33499999910593037
v 0.8787500083446504 0.13375001907348638 0.33499999910593037
v 0.905000013113022 0.12999999284744268 0.33499999910593037
v 1.5090625107288362 0.1309375143051148 0.33499999910593037
v 1.5090625107288362 0.1309375143051148 0.33499999910593037
v 1.5315624892711641 0.13843750715255743 0.33499999910593037
v 1.5465625047683718 0.15343749284744268 0.33499999910593037
v 1.5465625047683718 0.15343749284744268 0.33499999910593037
v 1.5540624976158144 0.17593747138977056 0.33499999910593037
v 1.5549999892711641 1.9300000047683716 0.33499999910593037
v 1.5549999892711641 1.9300000047683716 0.33499999910593037
v 1.5512499928474428 1.9562500095367432 0.33499999910593037
v 1.5400000035762789 1.9750000214576722 0.33499999910593037
v 1.5400000035762789 1.9750000214576722 0.33499999910593037
v 1.52124999165535 1.9862499809265137 0.33499999910593037
v 1.4949999868869783 1.9900000071525574 0.33499999910593037
v 1.4949999868869783 1.9900000071525574 0.33499999910593037
v 0.8909374892711641 1.9890624856948853 0.33499999910593037
v 0.8684375107288362 1.9815624928474427 0.33499999910593037
v 0.8684375107288362 1.9815624928474427 0.33499999910593037
v 0.8534374952316286 1.9665625071525574 0.33499999910593037
v 0.845937502384186 1.9440625286102295 0.33499999910593037
v 0.845937502384186 1.9440625286102295 0.33499999910593037
v 0.8450000107288362 0.18999999523162847 0.33499999910593037
v 0.8487500071525576 0.1637499904632569 0.33499999910593037
v 0.8487500071525576 0.1637499904632569 0.33499999910593037
v 0.8599999964237215 0.14499997854232793 0.33499999910593037
v 0.8787500083446504 0.13375001907348638 0.33499999910593037
v 0.8787500083446504 0.13375001907348638 0.33499999910593037
v 1.5090625107288362 0.1309375143051148 0.33499999910593037
v 1.5465625047683718 0.15343749284744268 0.33499999910593037
v 1.5465625047683718 0.15343749284744268 0.33499999910593037
v 1.5549999892711641 1.9300000047683716 0.33499999910593037
v 1.5400000035762789 1.9750000214576722 0.33499999910593037
v 1.5400000035762789 1.9750000214576722 0.33499999910593037
v 1.4949999868869783 1.9900000071525574 0.33499999910593037
v 0.8684375107288362 1.9815624928474427 0.33499999910593037
v 0.8684375107288362 1.9815624928474427 0.33499999910593037
v 0.845937502384186 1.9440625286102295 0.33499999910593037
v 0.8487500071525576 0.1637499904632569 0.33499999910593037
v 0.8487500071525576 0.1637499904632569 0.33499999910593037
v 0.8787500083446504 0.13375001907348638 0.33499999910593037
v 1.5465625047683718 0.15343749284744268 0.33499999910593037
v 1.5465625047683718 0.15343749284744268 0.33499999910593037
v 1.5400000035762789 1.9750000214576722 0.33499999910593037
v 0.8684375107288362 1.9815624928474427 0.33499999910593037
v 0.8684375107288362 1.9815624928474427 0.33499999910593037
v 0.8487500071525576 0.1637499904632569 0.33499999910593037
v 1.5465625047683718 0.15343749284744268 0.33499999910593037
v 0.905000013113022 0.12999999284744268 0.2550000008940697
v 1.4949999868869783 0.12999999284744268 0.2550000008940697
v 0.905000013113022 0.12999999284744268 0.33499999910593037
v 1.4949999868869783 0.12999999284744268 0.2550000008940697
v 1.4949999868869783 0.12999999284744268 0.33499999910593037
v 0.905000013113022 0.12999999284744268 0.33499999910593037
v 1.4949999868869783 0.12999999284744268 0.2550000008940697
v 1.5090625107288362 0.1309375143051148 0.2550000008940697
v 1.4949999868869783 0.12999999284744268 0.33499999910593037
v 1.5090625107288362 0.1309375143051148 0.2550000008940697
v 1.5090625107288362 0.1309375143051148 0.33499999910593037
v 1.4949999868869783 0.12999999284744268 0.33499999910593037
v 1.5090625107288362 0.1309375143051148 0.2550000008940697
v 1.52124999165535 0.13375001907348638 0.2550000008940697
v 1.5090625107288362 0.1309375143051148 0.33499999910593037
v 1.52124999165535 0.13375001907348638 0.2550000008940697
v 1.52124999165535 0.13375001907348638 0.33499999910593037
v 1.5090625107288362 0.1309375143051148 0.33499999910593037
v 1.52124999165535 0.13375001907348638 0.2550000008940697
v 1.5315624892711641 0.13843750715255743 0.2550000008940697
v 1.52124999165535 0.13375001907348638 0.33499999910593037
v 1.5315624892711641 0.13843750715255743 0.2550000008940697
v 1.5315624892711641 0.13843750715255743 0.33499999910593037
v 1.52124999165535 0.13375001907348638 0.33499999910593037
v 1.5315624892711641 0.13843750715255743 0.2550000008940697
v 1.5400000035762789 0.14499997854232793 0.2550000008940697
v 1.5315624892711641 0.13843750715255743 0.33499999910593037
v 1.5400000035762789 0.14499997854232793 0.2550000008940697
v 1.5400000035762789 0.14499997854232793 0.33499999910593037
v 1.5315624892711641 0.13843750715255743 0.33499999910593037
v 1.5400000035762789 0.14499997854232793 0.2550000008940697
v 1.5465625047683718 0.15343749284744268 0.2550000008940697
v 1.5400000035762789 0.14499997854232793 0.33499999910593037
v 1.5465625047683718 0.15343749284744268 0.2550000008940697
v 1.5465625047683718 0.15343749284744268 0.33499999910593037
v 1.5400000035762789 0.14499997854232793 0.33499999910593037
v 1.5465625047683718 0.15343749284744268 0.2550000008940697
v 1.5512499928474428 0.1637499904632569 0.2550000008940697
v 1.5465625047683718 0.15343749284744268 0.33499999910593037
v 1.5512499928474428 0.1637499904632569 0.2550000008940697
v 1.5512499928474428 0.1637499904632569 0.33499999910593037
v 1.5465625047683718 0.15343749284744268 0.33499999910593037
v 1.5512499928474428 0.1637499904632569 0.2550000008940697
v 1.5540624976158144 0.17593747138977056 0.2550000008940697
v 1.5512499928474428 0.1637499904632569 0.33499999910593037
v 1.5540624976158144 0.17593747138977056 0.2550000008940697
v 1.5540624976158144 0.17593747138977056 0.33499999910593037
v 1.5512499928474428 0.1637499904632569 0.33499999910593037
v 1.5540624976158144 0.17593747138977056 0.2550000008940697
v 1.5549999892711641 0.18999999523162847 0.2550000008940697
v 1.5540624976158144 0.17593747138977056 0.33499999910593037
v 1.5549999892711641 0.18999999523162847 0.2550000008940697
v 1.5549999892711641 0.18999999523162847 0.33499999910593037
v 1.5540624976158144 0.17593747138977056 0.33499999910593037
v 1.5549999892711641 0.18999999523162847 0.2550000008940697
v 1.5549999892711641 1.9300000047683716 0.2550000008940697
v 1.5549999892711641 0.18999999523162847 0.33499999910593037
v 1.5549999892711641 1.9300000047683716 0.2550000008940697
v 1.5549999892711641 1.9300000047683716 0.33499999910593037
v 1.5549999892711641 0.18999999523162847 0.33499999910593037
v 1.5549999892711641 1.9300000047683716 0.2550000008940697
v 1.5540624976158144 1.9440625286102295 0.2550000008940697
v 1.5549999892711641 1.9300000047683716 0.33499999910593037
v 1.5540624976158144 1.9440625286102295 0.2550000008940697
v 1.5540624976158144 1.9440625286102295 0.33499999910593037
v 1.5549999892711641 1.9300000047683716 0.33499999910593037
v 1.5540624976158144 1.9440625286102295 0.2550000008940697
v 1.5512499928474428 1.9562500095367432 0.2550000008940697
v 1.5540624976158144 1.9440625286102295 0.33499999910593037
v 1.5512499928474428 1.9562500095367432 0.2550000008940697
v 1.5512499928474428 1.9562500095367432 0.33499999910593037
v 1.5540624976158144 1.9440625286102295 0.33499999910593037
v 1.5512499928474428 1.9562500095367432 0.2550000008940697
v 1.5465625047683718 1.9665625071525574 0.2550000008940697
v 1.5512499928474428 1.9562500095367432 0.33499999910593037
v 1.5465625047683718 1.9665625071525574 0.2550000008940697
v 1.5465625047683718 1.9665625071525574 0.33499999910593037
v 1.5512499928474428 1.9562500095367432 0.33499999910593037
v 1.5465625047683718 1.9665625071525574 0.2550000008940697
v 1.5400000035762789 1.9750000214576722 0.2550000008940697
v 1.5465625047683718 1.9665625071525574 0.33499999910593037
v 1.5400000035762789 1.9750000214576722 0.2550000008940697
v 1.5400000035762789 1.9750000214576722 0.33499999910593037
v 1.5465625047683718 1.9665625071525574 0.33499999910593037
v 1.5400000035762789 1.9750000214576722 0.2550000008940697
v 1.5315624892711641 1.9815624928474427 0.2550000008940697
v 1.5400000035762789 1.9750000214576722 0.33499999910593037
v 1.5315624892711641 1.9815624928474427 0.2550000008940697
v 1.5315624892711641 1.9815624928474427 0.33499999910593037
v 1.5400000035762789 1.9750000214576722 0.33499999910593037
v 1.5315624892711641 1.9815624928474427 0.2550000008940697
v 1.52124999165535 1.9862499809265137 0.2550000008940697
v 1.5315624892711641 1.9815624928474427 0.33499999910593037
v 1.52124999165535 1.9862499809265137 0.2550000008940697
v 1.52124999165535 1.9862499809265137 0.33499999910593037
v 1.5315624892711641 1.9815624928474427 0.33499999910593037
v 1.52124999165535 1.9862499809265137 0.2550000008940697
v 1.5090625107288362 1.9890624856948853 0.2550000008940697
v 1.52124999165535 1.9862499809265137 0.33499999910593037
v 1.5090625107288362 1.9890624856948853 0.2550000008940697
v 1.5090625107288362 1.9890624856948853 0.33499999910593037
v 1.52124999165535 1.9862499809265137 0.33499999910593037
v 1.5090625107288362 1.9890624856948853 0.2550000008940697
v 1.4949999868869783 1.9900000071525574 0.2550000008940697
v 1.5090625107288362 1.9890624856948853 0.33499999910593037
v 1.4949999868869783 1.9900000071525574 0.2550000008940697
v 1.4949999868869783 1.9900000071525574 0.33499999910593037
v 1.5090625107288362 1.9890624856948853 0.33499999910593037
v 1.4949999868869783 1.9900000071525574 0.2550000008940697
v 0.905000013113022 1.9900000071525574 0.2550000008940697
v 1.4949999868869783 1.9900000071525574 0.33499999910593037
v 0.905000013113022 1.9900000071525574 0.2550000008940697
v 0.905000013113022 1.9900000071525574 0.33499999910593037
v 1.4949999868869783 1.9900000071525574 0.33499999910593037
v 0.905000013113022 1.9900000071525574 0.2550000008940697
v 0.8909374892711641 1.9890624856948853 0.2550000008940697
v 0.905000013113022 1.9900000071525574 0.33499999910593037
v 0.8909374892711641 1.9890624856948853 0.2550000008940697
v 0.8909374892711641 1.9890624856948853 0.33499999910593037
v 0.905000013113022 1.9900000071525574 0.33499999910593037
v 0.8909374892711641 1.9890624856948853 0.2550000008940697
v 0.8787500083446504 1.9862499809265137 0.2550000008940697
v 0.8909374892711641 1.9890624856948853 0.33499999910593037
v 0.8787500083446504 1.9862499809265137 0.2550000008940697
v 0.8787500083446504 1.9862499809265137 0.33499999910593037
v 0.8909374892711641 1.9890624856948853 0.33499999910593037
v 0.8787500083446504 1.9862499809265137 0.2550000008940697
v 0.8684375107288362 1.9815624928474427 0.2550000008940697
v 0.8787500083446504 1.9862499809265137 0.33499999910593037
v 0.8684375107288362 1.9815624928474427 0.2550000008940697
v 0.8684375107288362 1.9815624928474427 0.33499999910593037
v 0.8787500083446504 1.9862499809265137 0.33499999910593037
v 0.8684375107288362 1.9815624928474427 0.2550000008940697
v 0.8599999964237215 1.9750000214576722 0.2550000008940697
v 0.8684375107288362 1.9815624928474427 0.33499999910593037
v 0.8599999964237215 1.9750000214576722 0.2550000008940697
v 0.8599999964237215 1.9750000214576722 0.33499999910593037
v 0.8684375107288362 1.9815624928474427 0.33499999910593037
v 0.8599999964237215 1.9750000214576722 0.2550000008940697
v 0.8534374952316286 1.9665625071525574 0.2550000008940697
v 0.8599999964237215 1.9750000214576722 0.33499999910593037
v 0.8534374952316286 1.9665625071525574 0.2550000008940697
v 0.8534374952316286 1.9665625071525574 0.33499999910593037
v 0.8599999964237215 1.9750000214576722 0.33499999910593037
v 0.8534374952316286 1.9665625071525574 0.2550000008940697
v 0.8487500071525576 1.9562500095367432 0.2550000008940697
v 0.8534374952316286 1.9665625071525574 0.33499999910593037
v 0.8487500071525576 1.9562500095367432 0.2550000008940697
v 0.8487500071525576 1.9562500095367432 0.33499999910593037
v 0.8534374952316286 1.9665625071525574 0.33499999910593037
v 0.8487500071525576 1.9562500095367432 0.2550000008940697
v 0.845937502384186 1.9440625286102295 0.2550000008940697
v 0.8487500071525576 1.9562500095367432 0.33499999910593037
v 0.845937502384186 1.9440625286102295 0.2550000008940697
v 0.845937502384186 1.9440625286102295 0.33499999910593037
v 0.8487500071525576 1.9562500095367432 0.33499999910593037
v 0.845937502384186 1.9440625286102295 0.2550000008940697
v 0.8450000107288362 1.9300000047683716 0.2550000008940697
v 0.845937502384186 1.9440625286102295 0.33499999910593037
v 0.8450000107288362 1.9300000047683716 0.2550000008940697
v 0.8450000107288362 1.9300000047683716 0.33499999910593037
v 0.845937502384186 1.9440625286102295 0.33499999910593037
v 0.8450000107288362 1.9300000047683716 0.2550000008940697
v 0.8450000107288362 0.18999999523162847 0.2550000008940697
v 0.8450000107288362 1.9300000047683716 0.33499999910593037
v 0.8450000107288362 0.18999999523162847 0.2550000008940697
v 0.8450000107288362 0.18999999523162847 0.33499999910593037
v 0.8450000107288362 1.9300000047683716 0.33499999910593037
v 0.8450000107288362 0.18999999523162847 0.2550000008940697
v 0.845937502384186 0.17593747138977056 0.2550000008940697
v 0.8450000107288362 0.18999999523162847 0.33499999910593037
v 0.845937502384186 0.17593747138977056 0.2550000008940697
v 0.845937502384186 0.17593747138977056 0.33499999910593037
v 0.8450000107288362 0.18999999523162847 0.33499999910593037
v 0.845937502384186 0.17593747138977056 0.2550000008940697
v 0.8487500071525576 0.1637499904632569 0.2550000008940697
v 0.845937502384186 0.17593747138977056 0.33499999910593037
v 0.8487500071525576 0.1637499904632569 0.2550000008940697
v 0.8487500071525576 0.1637499904632569 0.33499999910593037
v 0.845937502384186 0.17593747138977056 0.33499999910593037
v 0.8487500071525576 0.1637499904632569 0.2550000008940697
v 0.8534374952316286 0.15343749284744268 0.2550000008940697
v 0.8487500071525576 0.1637499904632569 0.33499999910593037
v 0.8534374952316286 0.15343749284744268 0.2550000008940697
v 0.8534374952316286 0.15343749284744268 0.33499999910593037
v 0.8487500071525576 0.1637499904632569 0.33499999910593037
v 0.8534374952316286 0.15343749284744268 0.2550000008940697
v 0.8599999964237215 0.14499997854232793 0.2550000008940697
v 0.8534374952316286 0.15343749284744268 0.33499999910593037
v 0.8599999964237215 0.14499997854232793 0.2550000008940697
v 0.8599999964237215 0.14499997854232793 0.33499999910593037
v 0.8534374952316286 0.15343749284744268 0.33499999910593037
v 0.8599999964237215 0.14499997854232793 0.2550000008940697
v 0.8684375107288362 0.13843750715255743 0.2550000008940697
v 0.8599999964237215 0.14499997854232793 0.33499999910593037
v 0.8684375107288362 0.13843750715255743 0.2550000008940697
v 0.8684375107288362 0.13843750715255743 0.33499999910593037
v 0.8599999964237215 0.14499997854232793 0.33499999910593037
v 0.8684375107288362 0.13843750715255743 0.2550000008940697
v 0.8787500083446504 0.13375001907348638 0.2550000008940697
v 0.8684375107288362 0.13843750715255743 0.33499999910593037
v 0.8787500083446504 0.13375001907348638 0.2550000008940697
v 0.8787500083446504 0.13375001907348638 0.33499999910593037
v 0.8684375107288362 0.13843750715255743 0.33499999910593037
v 0.8787500083446504 0.13375001907348638 0.2550000008940697
v 0.8909374892711641 0.1309375143051148 0.2550000008940697
v 0.8787500083446504 0.13375001907348638 0.33499999910593037
v 0.8909374892711641 0.1309375143051148 0.2550000008940697
v 0.8909374892711641 0.1309375143051148 0.33499999910593037
v 0.8787500083446504 0.13375001907348638 0.33499999910593037
v 0.8909374892711641 0.1309375143051148 0.2550000008940697
v 0.905000013113022 0.12999999284744268 0.2550000008940697
v 0.8909374892711641 0.1309375143051148 0.33499999910593037
v 0.905000013113022 0.12999999284744268 0.2550000008940697
v 0.905000013113022 0.12999999284744268 0.33499999910593037
v 0.8909374892711641 0.1309375143051148 0.33499999910593037
vt -0.29499998688697815 -0.9300000071525574
vt -0.30906251072883606 -0.9290624856948853
vt -0.32124999165534973 -0.9262499809265137
vt 0.30906251072883606 -0.9290624856948853
vt 0.29499998688697815 -0.9300000071525574
vt -0.29499998688697815 -0.9300000071525574
vt 0.33156248927116394 -0.9215624928474426
vt 0.32124999165534973 -0.9262499809265137
vt 0.30906251072883606 -0.9290624856948853
vt 0.3465625047683716 -0.9065625071525574
vt 0.3400000035762787 -0.9150000214576721
vt 0.33156248927116394 -0.9215624928474426
vt 0.3540624976158142 -0.8840625286102295
vt 0.3512499928474426 -0.8962500095367432
vt 0.3465625047683716 -0.9065625071525574
vt 0.35499998927116394 0.8700000047683716
vt 0.35499998927116394 -0.8700000047683716
vt 0.3540624976158142 -0.8840625286102295
vt 0.3512499928474426 0.8962500095367432
vt 0.3540624976158142 0.8840625286102295
vt 0.35499998927116394 0.8700000047683716
vt 0.3400000035762787 0.9150000214576721
vt 0.3465625047683716 0.9065625071525574
vt 0.3512499928474426 0.8962500095367432
vt 0.32124999165534973 0.9262499809265137
vt 0.33156248927116394 0.9215624928474426
vt 0.3400000035762787 0.9150000214576721
vt 0.29499998688697815 0.9300000071525574
vt 0.30906251072883606 0.9290624856948853
vt 0.32124999165534973 0.9262499809265137
vt -0.30906251072883606 0.9290624856948853
vt -0.29499998688697815 0.9300000071525574
vt 0.29499998688697815 0.9300000071525574
vt -0.33156248927116394 0.9215624928474426
vt -0.32124999165534973 0.9262499809265137
vt -0.30906251072883606 0.9290624856948853
vt -0.3465625047683716 0.9065625071525574
vt -0.3400000035762787 0.9150000214576721
vt -0.33156248927116394 0.9215624928474426
vt -0.3540624976158142 0.8840625286102295
vt -0.3512499928474426 0.8962500095367432
vt -0.3465625047683716 0.9065625071525574
vt -0.35499998927116394 -0.8700000047683716
vt -0.35499998927116394 0.8700000047683716
vt -0.3540624976158142 0.8840625286102295
vt -0.3512499928474426 -0.8962500095367432
vt -0.3540624976158142 -0.8840625286102295
vt -0.35499998927116394 -0.8700000047683716
vt -0.3400000035762787 -0.9150000214576721
vt -0.3465625047683716 -0.9065625071525574
vt -0.3512499928474426 -0.8962500095367432
vt -0.32124999165534973 -0.9262499809265137
vt -0.33156248927116394 -0.9215624928474426
vt -0.3400000035762787 -0.9150000214576721
vt 0.30906251072883606 -0.9290624856948853
vt -0.29499998688697815 -0.9300000071525574
vt -0.32124999165534973 -0.9262499809265137
vt 0.3465625047683716 -0.9065625071525574
vt 0.33156248927116394 -0.9215624928474426
vt 0.30906251072883606 -0.9290624856948853
vt 0.35499998927116394 0.8700000047683716
vt 0.3540624976158142 -0.8840625286102295
vt 0.3465625047683716 -0.9065625071525574
vt 0.3400000035762787 0.9150000214576721
vt 0.3512499928474426 0.8962500095367432
vt 0.35499998927116394 0.8700000047683716
vt 0.29499998688697815 0.9300000071525574
vt 0.32124999165534973 0.9262499809265137
vt 0.3400000035762787 0.9150000214576721
vt -0.33156248927116394 0.9215624928474426
vt -0.30906251072883606 0.9290624856948853
vt 0.29499998688697815 0.9300000071525574
vt -0.3540624976158142 0.8840625286102295
vt -0.3465625047683716 0.9065625071525574
vt -0.33156248927116394 0.9215624928474426
vt -0.3512499928474426 -0.8962500095367432
vt -0.35499998927116394 -0.8700000047683716
vt -0.3540624976158142 0.8840625286102295
vt -0.32124999165534973 -0.9262499809265137
vt -0.3400000035762787 -0.9150000214576721
vt -0.3512499928474426 -0.8962500095367432
vt 0.3465625047683716 -0.9065625071525574
vt 0.30906251072883606 -0.9290624856948853
vt -0.32124999165534973 -0.9262499809265137
vt 0.3400000035762787 0.9150000214576721
vt 0.35499998927116394 0.8700000047683716
vt 0.3465625047683716 -0.9065625071525574
vt -0.33156248927116394 0.9215624928474426
vt 0.29499998688697815 0.9300000071525574
vt 0.3400000035762787 0.9150000214576721
vt -0.3512499928474426 -0.8962500095367432
vt -0.3540624976158142 0.8840625286102295
vt -0.33156248927116394 0.9215624928474426
vt 0.3465625047683716 -0.9065625071525574
vt -0.32124999165534973 -0.9262499809265137
vt -0.3512499928474426 -0.8962500095367432
vt -0.33156248927116394 0.9215624928474426
vt 0.3400000035762787 0.9150000214576721
vt 0.3465625047683716 -0.9065625071525574
vt 0.3465625047683716 -0.9065625071525574
vt -0.3512499928474426 -0.8962500095367432
vt -0.33156248927116394 0.9215624928474426
vt -0.32124999165534973 -0.9262499809265137
vt -0.30906251072883606 -0.9290624856948853
vt -0.29499998688697815 -0.9300000071525574
vt -0.29499998688697815 -0.9300000071525574
vt 0.29499998688697815 -0.9300000071525574
vt 0.30906251072883606 -0.9290624856948853
vt 0.30906251072883606 -0.9290624856948853
vt 0.32124999165534973 -0.9262499809265137
vt 0.33156248927116394 -0.9215624928474426
vt 0.33156248927116394 -0.9215624928474426
vt 0.3400000035762787 -0.9150000214576721
vt 0.3465625047683716 -0.9065625071525574
vt 0.3465625047683716 -0.9065625071525574
vt 0.3512499928474426 -0.8962500095367432
vt 0.3540624976158142 -0.8840625286102295
vt 0.3540624976158142 -0.8840625286102295
vt 0.35499998927116394 -0.8700000047683716
vt 0.35499998927116394 0.8700000047683716
vt 0.35499998927116394 0.8700000047683716
vt 0.3540624976158142 0.8840625286102295
vt 0.3512499928474426 0.8962500095367432
vt 0.3512499928474426 0.8962500095367432
vt 0.3465625047683716 0.9065625071525574
vt 0.3400000035762787 0.9150000214576721
vt 0.3400000035762787 0.9150000214576721
vt 0.33156248927116394 0.9215624928474426
vt 0.32124999165534973 0.9262499809265137
vt 0.32124999165534973 0.9262499809265137
vt 0.30906251072883606 0.9290624856948853
vt 0.29499998688697815 0.9300000071525574
vt 0.29499998688697815 0.9300000071525574
vt -0.29499998688697815 0.9300000071525574
vt -0.30906251072883606 0.9290624856948853
vt -0.30906251072883606 0.9290624856948853
vt -0.32124999165534973 0.9262499809265137
vt -0.33156248927116394 0.9215624928474426
vt -0.33156248927116394 0.9215624928474426
vt -0.3400000035762787 0.9150000214576721
vt -0.3465625047683716 0.9065625071525574
vt -0.3465625047683716 0.9065625071525574
vt -0.3512499928474426 0.8962500095367432
vt -0.3540624976158142 0.8840625286102295
vt -0.3540624976158142 0.8840625286102295
vt -0.35499998927116394 0.8700000047683716
vt -0.35499998927116394 -0.8700000047683716
vt -0.35499998927116394 -0.8700000047683716
vt -0.3540624976158142 -0.8840625286102295
vt -0.3512499928474426 -0.8962500095367432
vt -0.3512499928474426 -0.8962500095367432
vt -0.3465625047683716 -0.9065625071525574
vt -0.3400000035762787 -0.9150000214576721
vt -0.3400000035762787 -0.9150000214576721
vt -0.33156248927116394 -0.9215624928474426
vt -0.32124999165534973 -0.9262499809265137
vt -0.32124999165534973 -0.9262499809265137
vt -0.29499998688697815 -0.9300000071525574
vt 0.30906251072883606 -0.9290624856948853
vt 0.30906251072883606 -0.9290624856948853
vt 0.33156248927116394 -0.9215624928474426
vt 0.3465625047683716 -0.9065625071525574
vt 0.3465625047683716 -0.9065625071525574
vt 0.3540624976158142 -0.8840625286102295
vt 0.35499998927116394 0.8700000047683716
vt 0.35499998927116394 0.8700000047683716
vt 0.3512499928474426 0.8962500095367432
vt 0.3400000035762787 0.9150000214576721
vt 0.3400000035762787 0.9150000214576721
vt 0.32124999165534973 0.9262499809265137
vt 0.29499998688697815 0.9300000071525574
vt 0.29499998688697815 0.9300000071525574
vt -0.30906251072883606 0.9290624856948853
vt -0.33156248927116394 0.9215624928474426
vt -0.33156248927116394 0.9215624928474426
vt -0.3465625047683716 0.9065625071525574
vt -0.3540624976158142 0.8840625286102295
vt -0.3540624976158142 0.8840625286102295
vt -0.35499998927116394 -0.8700000047683716
vt -0.3512499928474426 -0.8962500095367432
vt -0.3512499928474426 -0.8962500095367432
vt -0.3400000035762787 -0.9150000214576721
vt -0.32124999165534973 -0.9262499809265137
vt -0.32124999165534973 -0.9262499809265137
vt 0.30906251072883606 -0.9290624856948853
vt 0.3465625047683716 -0.9065625071525574
vt 0.3465625047683716 -0.9065625071525574
vt 0.35499998927116394 0.8700000047683716
vt 0.3400000035762787 0.9150000214576721
vt 0.3400000035762787 0.9150000214576721
vt 0.29499998688697815 0.9300000071525574
vt -0.33156248927116394 0.9215624928474426
vt -0.33156248927116394 0.9215624928474426
vt -0.3540624976158142 0.8840625286102295
vt -0.3512499928474426 -0.8962500095367432
vt -0.3512499928474426 -0.8962500095367432
vt -0.32124999165534973 -0.9262499809265137
vt 0.3465625047683716 -0.9065625071525574
vt 0.3465625047683716 -0.9065625071525574
vt 0.3400000035762787 0.9150000214576721
vt -0.33156248927116394 0.9215624928474426
vt -0.33156248927116394 0.9215624928474426
vt -0.3512499928474426 -0.8962500095367432
vt 0.3465625047683716 -0.9065625071525574
vt -0.29499998688697815 1
vt 0.29499998688697815 1
vt -0.29499998688697815 0.9200000166893005
vt 0.29499998688697815 1
vt 0.29499998688697815 0.9200000166893005
vt -0.29499998688697815 0.9200000166893005
vt 0.29499998688697815 1
vt 0.30906251072883606 1
vt 0.29499998688697815 0.9200000166893005
vt 0.30906251072883606 1
vt 0.30906251072883606 0.9200000166893005
vt 0.29499998688697815 0.9200000166893005
vt 0.30906251072883606 1
vt 0.32124999165534973 1
vt 0.30906251072883606 0.9200000166893005
vt 0.32124999165534973 1
vt 0.32124999165534973 0.9200000166893005
vt 0.30906251072883606 0.9200000166893005
vt 0.32124999165534973 1
vt 0.33156248927116394 1
vt 0.32124999165534973 0.9200000166893005
vt 0.33156248927116394 1
vt 0.33156248927116394 0.9200000166893005
vt 0.32124999165534973 0.9200000166893005
vt 0.33156248927116394 1
vt 0.3400000035762787 1
vt 0.33156248927116394 0.9200000166893005
vt 0.3400000035762787 1
vt 0.3400000035762787 0.9200000166893005
vt 0.33156248927116394 0.9200000166893005
vt -0.9150000214576721 1
vt -0.9065625071525574 1
vt -0.9150000214576721 0.9200000166893005
vt -0.9065625071525574 1
vt -0.9065625071525574 0.9200000166893005
vt -0.9150000214576721 0.9200000166893005
vt -0.9065625071525574 1
vt -0.8962500095367432 1
vt -0.9065625071525574 0.9200000166893005
vt -0.8962500095367432 1
vt -0.8962500095367432 0.9200000166893005
vt -0.9065625071525574 0.9200000166893005
vt -0.8962500095367432 1
vt -0.8840625286102295 1
vt -0.8962500095367432 0.9200000166893005
vt -0.8840625286102295 1
vt -0.8840625286102295 0.9200000166893005
vt -0.8962500095367432 0.9200000166893005
vt -0.8840625286102295 1
vt -0.8700000047683716 1
vt -0.8840625286102295 0.9200000166893005
vt -0.8700000047683716 1
vt -0.8700000047683716 0.9200000166893005
vt -0.8840625286102295 0.9200000166893005
vt -0.8700000047683716 1
vt 0.8700000047683716 1
vt -0.8700000047683716 0.9200000166893005
vt 0.8700000047683716 1
vt 0.8700000047683716 0.9200000166893005
vt -0.8700000047683716 0.9200000166893005
vt 0.8700000047683716 1
vt 0.8840625286102295 1
vt 0.8700000047683716 0.9200000166893005
vt 0.8840625286102295 1
vt 0.8840625286102295 0.9200000166893005
vt 0.8700000047683716 0.9200000166893005
vt 0.8840625286102295 1
vt 0.8962500095367432 1
vt 0.8840625286102295 0.9200000166893005
vt 0.8962500095367432 1
vt 0.8962500095367432 0.9200000166893005
vt 0.8840625286102295 0.9200000166893005
vt 0.8962500095367432 1
vt 0.9065625071525574 1
vt 0.8962500095367432 0.9200000166893005
vt 0.9065625071525574 1
vt 0.9065625071525574 0.9200000166893005
vt 0.8962500095367432 0.9200000166893005
vt 0.9065625071525574 1
vt 0.9150000214576721 1
vt 0.9065625071525574 0.9200000166893005
vt 0.9150000214576721 1
vt 0.9150000214576721 0.9200000166893005
vt 0.9065625071525574 0.9200000166893005
vt 0.3400000035762787 1
vt 0.33156248927116394 1
vt 0.3400000035762787 0.9200000166893005
vt 0.33156248927116394 1
vt 0.33156248927116394 0.9200000166893005
vt 0.3400000035762787 0.9200000166893005
vt 0.33156248927116394 1
vt 0.32124999165534973 1
vt 0.33156248927116394 0.9200000166893005
vt 0.32124999165534973 1
vt 0.32124999165534973 0.9200000166893005
vt 0.33156248927116394 0.9200000166893005
vt 0.32124999165534973 1
vt 0.30906251072883606 1
vt 0.32124999165534973 0.9200000166893005
vt 0.30906251072883606 1
vt 0.30906251072883606 0.9200000166893005
vt 0.32124999165534973 0.9200000166893005
vt 0.30906251072883606 1
vt 0.29499998688697815 1
vt 0.30906251072883606 0.9200000166893005
vt 0.29499998688697815 1
vt 0.29499998688697815 0.9200000166893005
vt 0.30906251072883606 0.9200000166893005
vt 0.29499998688697815 1
vt -0.29499998688697815 1
vt 0.29499998688697815 0.9200000166893005
vt -0.29499998688697815 1
vt -0.29499998688697815 0.9200000166893005
vt 0.29499998688697815 0.9200000166893005
vt -0.29499998688697815 1
vt -0.30906251072883606 1
vt -0.29499998688697815 0.9200000166893005
vt -0.30906251072883606 1
vt -0.30906251072883606 0.9200000166893005
vt -0.29499998688697815 0.9200000166893005
vt -0.30906251072883606 1
vt -0.32124999165534973 1
vt -0.30906251072883606 0.9200000166893005
vt -0.32124999165534973 1
vt -0.32124999165534973 0.9200000166893005
vt -0.30906251072883606 0.9200000166893005
vt -0.32124999165534973 1
vt -0.33156248927116394 1
vt -0.32124999165534973 0.9200000166893005
vt -0.33156248927116394 1
vt -0.33156248927116394 0.9200000166893005
vt -0.32124999165534973 0.9200000166893005
vt -0.33156248927116394 1
vt -0.3400000035762787 1
vt -0.33156248927116394 0.9200000166893005
vt -0.3400000035762787 1
vt -0.3400000035762787 0.9200000166893005
vt -0.33156248927116394 0.9200000166893005
vt 0.9150000214576721 1
vt 0.9065625071525574 1
vt 0.9150000214576721 0.9200000166893005
vt 0.9065625071525574 1
vt 0.9065625071525574 0.9200000166893005
vt 0.9150000214576721 0.9200000166893005
vt 0.9065625071525574 1
vt 0.8962500095367432 1
vt 0.9065625071525574 0.9200000166893005
vt 0.8962500095367432 1
vt 0.8962500095367432 0.9200000166893005
vt 0.9065625071525574 0.9200000166893005
vt 0.8962500095367432 1
vt 0.8840625286102295 1
vt 0.8962500095367432 0.9200000166893005
vt 0.8840625286102295 1
vt 0.8840625286102295 0.9200000166893005
vt 0.8962500095367432 0.9200000166893005
vt 0.8840625286102295 1
vt 0.8700000047683716 1
vt 0.8840625286102295 0.9200000166893005
vt 0.8700000047683716 1
vt 0.8700000047683716 0.9200000166893005
vt 0.8840625286102295 0.9200000166893005
vt 0.8700000047683716 1
vt -0.8700000047683716 1
vt 0.8700000047683716 0.9200000166893005
vt -0.8700000047683716 1
vt -0.8700000047683716 0.9200000166893005
vt 0.8700000047683716 0.9200000166893005
vt -0.8700000047683716 1
vt -0.8840625286102295 1
vt -0.8700000047683716 0.9200000166893005
vt -0.8840625286102295 1
vt -0.8840625286102295 0.9200000166893005
vt -0.8700000047683716 0.9200000166893005
vt -0.8840625286102295 1
vt -0.8962500095367432 1
vt -0.8840625286102295 0.9200000166893005
vt -0.8962500095367432 1
vt -0.8962500095367432 0.9200000166893005
vt -0.8840625286102295 0.9200000166893005
vt -0.8962500095367432 1
vt -0.9065625071525574 1
vt -0.8962500095367432 0.9200000166893005
vt -0.9065625071525574 1
vt -0.9065625071525574 0.9200000166893005
vt -0.8962500095367432 0.9200000166893005
vt -0.9065625071525574 1
vt -0.9150000214576721 1
vt -0.9065625071525574 0.9200000166893005
vt -0.9150000214576721 1
vt -0.9150000214576721 0.9200000166893005
vt -0.9065625071525574 0.9200000166893005
vt -0.3400000035762787 1
vt -0.33156248927116394 1
vt -0.3400000035762787 0.9200000166893005
vt -0.33156248927116394 1
vt -0.33156248927116394 0.9200000166893005
vt -0.3400000035762787 0.9200000166893005
vt -0.33156248927116394 1
vt -0.32124999165534973 1
vt -0.33156248927116394 0.9200000166893005
vt -0.32124999165534973 1
vt -0.32124999165534973 0.9200000166893005
vt -0.33156248927116394 0.9200000166893005
vt -0.32124999165534973 1
vt -0.30906251072883606 1
vt -0.32124999165534973 0.9200000166893005
vt -0.30906251072883606 1
vt -0.30906251072883606 0.9200000166893005
vt -0.32124999165534973 0.9200000166893005
vt -0.30906251072883606 1
vt -0.29499998688697815 1
vt -0.30906251072883606 0.9200000166893005
vt -0.29499998688697815 1
vt -0.29499998688697815 0.9200000166893005
vt -0.30906251072883606 0.9200000166893005
vn 0 0 -1
vn 0 0 -1
vn 0 0 -1
vn 0 0 -1
vn 0 0 -1
vn 0 0 -1
vn 0 0 -1
vn 0 0 -1
vn 0 0 -1
vn 0 0 -1
vn 0 0 -1
vn 0 0 -1
vn 0 0 -1
vn 0 0 -1
vn 0 0 -1
vn 0 0 -1
vn 0 0 -1
vn 0 0 -1
vn 0 0 -1
vn 0 0 -1
vn 0 0 -1
vn 0 0 -1
vn 0 0 -1
vn 0 0 -1
vn 0 0 -1
vn 0 0 -1
vn 0 0 -1
vn 0 0 -1
vn 0 0 -1
vn 0 0 -1
vn 0 0 -1
vn 0 0 -1
vn 0 0 -1
vn 0 0 -1
vn 0 0 -1
vn 0 0 -1
vn 0 0 -1
vn 0 0 -1
vn 0 0 -1
vn 0 0 -1
vn 0 0 -1
vn 0 0 -1
vn 0 0 -1
vn 0 0 -1
vn 0 0 -1
vn 0 0 -1
vn 0 0 -1
vn 0 0 -1
vn 0 0 -1
vn 0 0 -1
vn 0 0 -1
vn 0 0 -1
vn 0 0 -1
vn 0 0 -1
vn 0 0 -1
vn 0 0 -1
vn 0 0 -1
vn 0 0 -1
vn 0 0 -1
vn 0 0 -1
vn 0 0 -1
vn 0 0 -1
vn 0 0 -1
vn 0 0 -1
vn 0 0 -1
vn 0 0 -1
vn 0 0 -1
vn 0 0 -1
vn 0 0 -1
vn 0 0 -1
vn 0 0 -1
vn 0 0 -1
vn 0 0 -1
vn 0 0 -1
vn 0 0 -1
vn 0 0 -1
vn 0 0 -1
vn 0 0 -1
vn 0 0 -1
vn 0 0 -1
vn 0 0 -1
vn 0 0 -1
vn 0 0 -1
vn 0 0 -1
vn 0 0 -1
vn 0 0 -1
vn 0 0 -1
vn 0 0 -1
vn 0 0 -1
vn 0 0 -1
vn 0 0 -1
vn 0 0 -1
vn 0 0 -1
vn 0 0 -1
vn 0 0 -1
vn 0 0 -1
vn 0 0 -1
vn 0 0 -1
vn 0 0 -1
vn 0 0 -1
vn 0 0 -1
vn 0 0 -1
vn 0 0 1
vn 0 0 1
vn 0 0 1
vn 0 0 1
vn 0 0 1
vn 0 0 1
vn 0 0 1
vn 0 0 1
vn 0 0 1
vn 0 0 1
vn 0 0 1
vn 0 0 1
vn 0 0 1
vn 0 0 1
vn 0 0 1
vn 0 0 1
vn 0 0 1
vn 0 0 1
vn 0 0 1
vn 0 0 1
vn 0 0 1
vn 0 0 1
vn 0 0 1
vn 0 0 1
vn 0 0 1
vn 0 0 1
vn 0 0 1
vn 0 0 1
vn 0 0 1
vn 0 0 1
vn 0 0 1
vn 0 0 1
vn 0 0 1
vn 0 0 1
vn 0 0 1
vn 0 0 1
vn 0 0 1
vn 0 0 1
vn 0 0 1
vn 0 0 1
vn 0 0 1
vn 0 0 1
vn 0 0 1
vn 0 0 1
vn 0 0 1
vn 0 0 1
vn 0 0 1
vn 0 0 1
vn 0 0 1
vn 0 0 1
vn 0 0 1
vn 0 0 1
vn 0 0 1
vn 0 0 1
vn 0 0 1
vn 0 0 1
vn 0 0 1
vn 0 0 1
vn 0 0 1
vn 0 0 1
vn 0 0 1
vn 0 0 1
vn 0 0 1
vn 0 0 1
vn 0 0 1
vn 0 0 1
vn 0 0 1
vn 0 0 1
vn 0 0 1
vn 0 0 1
vn 0 0 1
vn 0 0 1
vn 0 0 1
vn 0 0 1
vn 0 0 1
vn 0 0 1
vn 0 0 1
vn 0 0 1
vn 0 0 1
vn 0 0 1
vn 0 0 1
vn 0 0 1
vn 0 0 1
vn 0 0 1
vn 0 0 1
vn 0 0 1
vn 0 0 1
vn 0 0 1
vn 0 0 1
vn 0 0 1
vn 0 0 1
vn 0 0 1
vn 0 0 1
vn 0 0 1
vn 0 0 1
vn 0 0 1
vn 0 0 1
vn 0 0 1
vn 0 0 1
vn 0 0 1
vn 0 0 1
vn 0 0 1
vn 0 -1 0
vn 0 -1 0
vn 0 -1 0
vn 0 -1 0
vn 0 -1 0
vn 0 -1 0
vn 0.06652040602401094 -0.9977850648222796 0
vn 0.06652040602401094 -0.9977850648222796 0
vn 0.06652040602401094 -0.9977850648222796 0
vn 0.06652040602401094 -0.9977850648222796 0
vn 0.06652040602401094 -0.9977850648222796 0
vn 0.06652040602401094 -0.9977850648222796 0
vn 0.22486020429069606 -0.9743910347116022 0
vn 0.22486020429069606 -0.9743910347116022 0
vn 0.22486020429069606 -0.9743910347116022 0
vn 0.22486020429069606 -0.9743910347116022 0
vn 0.22486020429069606 -0.9743910347116022 0
vn 0.22486020429069606 -0.9743910347116022 0
vn 0.413802174135545 -0.9103668275375021 0
vn 0.413802174135545 -0.9103668275375021 0
vn 0.413802174135545 -0.9103668275375021 0
vn 0.413802174135545 -0.9103668275375021 0
vn 0.413802174135545 -0.9103668275375021 0
vn 0.413802174135545 -0.9103668275375021 0
vn 0.6139383150655777 -0.789354005053778 0
vn 0.6139383150655777 -0.789354005053778 0
vn 0.6139383150655777 -0.789354005053778 0
vn 0.6139383150655777 -0.789354005053778 0
vn 0.6139383150655777 -0.789354005053778 0
vn 0.6139383150655777 -0.789354005053778 0
vn 0.7893526506560449 -0.6139400564405909 0
vn 0.7893526506560449 -0.6139400564405909 0
vn 0.7893526506560449 -0.6139400564405909 0
vn 0.7893526506560449 -0.6139400564405909 0
vn 0.7893526506560449 -0.6139400564405909 0
vn 0.7893526506560449 -0.6139400564405909 0
vn 0.9103668275375021 -0.413802174135545 0
vn 0.9103668275375021 -0.413802174135545 0
vn 0.9103668275375021 -0.413802174135545 0
vn 0.9103668275375021 -0.413802174135545 0
vn 0.9103668275375021 -0.413802174135545 0
vn 0.9103668275375021 -0.413802174135545 0
vn 0.9743910347116022 -0.22486020429069606 0
vn 0.9743910347116022 -0.22486020429069606 0
vn 0.9743910347116022 -0.22486020429069606 0
vn 0.9743910347116022 -0.22486020429069606 0
vn 0.9743910347116022 -0.22486020429069606 0
vn 0.9743910347116022 -0.22486020429069606 0
vn 0.9977852048016114 -0.06651830634499353 0
vn 0.9977852048016114 -0.06651830634499353 0
vn 0.9977852048016114 -0.06651830634499353 0
vn 0.9977852048016114 -0.06651830634499353 0
vn 0.9977852048016114 -0.06651830634499353 0
vn 0.9977852048016114 -0.06651830634499353 0
vn 1 0 0
vn 1 0 0
vn 1 0 0
vn 1 0 0
vn 1 0 0
vn 1 0 0
vn 0.9977852048016114 0.06651830634499353 0
vn 0.9977852048016114 0.06651830634499353 0
vn 0.9977852048016114 0.06651830634499353 0
vn 0.9977852048016114 0.06651830634499353 0
vn 0.9977852048016114 0.06651830634499353 0
vn 0.9977852048016114 0.06651830634499353 0
vn 0.9743910347116022 0.22486020429069606 0
vn 0.9743910347116022 0.22486020429069606 0
vn 0.9743910347116022 0.22486020429069606 0
vn 0.9743910347116022 0.22486020429069606 0
vn 0.9743910347116022 0.22486020429069606 0
vn 0.9743910347116022 0.22486020429069606 0
vn 0.9103668275375021 0.413802174135545 0
vn 0.9103668275375021 0.413802174135545 0
vn 0.9103668275375021 0.413802174135545 0
vn 0.9103668275375021 0.413802174135545 0
vn 0.9103668275375021 0.413802174135545 0
vn 0.9103668275375021 0.413802174135545 0
vn 0.7893526506560449 0.6139400564405909 0
vn 0.7893526506560449 0.6139400564405909 0
vn 0.7893526506560449 0.6139400564405909 0
vn 0.7893526506560449 0.6139400564405909 0
vn 0.7893526506560449 0.6139400564405909 0
vn 0.7893526506560449 0.6139400564405909 0
vn 0.6139383150655777 0.789354005053778 0
vn 0.6139383150655777 0.789354005053778 0
vn 0.6139383150655777 0.789354005053778 0
vn 0.6139383150655777 0.789354005053778 0
vn 0.6139383150655777 0.789354005053778 0
vn 0.6139383150655777 0.789354005053778 0
vn 0.413802174135545 0.9103668275375021 0
vn 0.413802174135545 0.9103668275375021 0
vn 0.413802174135545 0.9103668275375021 0
vn 0.413802174135545 0.9103668275375021 0
vn 0.413802174135545 0.9103668275375021 0
vn 0.413802174135545 0.9103668275375021 0
vn 0.22486020429069606 0.9743910347116022 0
vn 0.22486020429069606 0.9743910347116022 0
vn 0.22486020429069606 0.9743910347116022 0
vn 0.22486020429069606 0.9743910347116022 0
vn 0.22486020429069606 0.9743910347116022 0
vn 0.22486020429069606 0.9743910347116022 0
vn 0.06652040602401094 0.9977850648222796 0
vn 0.06652040602401094 0.9977850648222796 0
vn 0.06652040602401094 0.9977850648222796 0
vn 0.06652040602401094 0.9977850648222796 0
vn 0.06652040602401094 0.9977850648222796 0
vn 0.06652040602401094 0.9977850648222796 0
vn 0 1 0
vn 0 1 0
vn 0 1 0
vn 0 1 0
vn 0 1 0
vn 0 1 0
vn -0.06652040602401094 0.9977850648222796 0
vn -0.06652040602401094 0.9977850648222796 0
vn -0.06652040602401094 0.9977850648222796 0
vn -0.06652040602401094 0.9977850648222796 0
vn -0.06652040602401094 0.9977850648222796 0
vn -0.06652040602401094 0.9977850648222796 0
vn -0.22486020429069606 0.9743910347116022 0
vn -0.22486020429069606 0.9743910347116022 0
vn -0.22486020429069606 0.9743910347116022 0
vn -0.22486020429069606 0.9743910347116022 0
vn -0.22486020429069606 0.9743910347116022 0
vn -0.22486020429069606 0.9743910347116022 0
vn -0.413802174135545 0.9103668275375021 0
vn -0.413802174135545 0.9103668275375021 0
vn -0.413802174135545 0.9103668275375021 0
vn -0.413802174135545 0.9103668275375021 0
vn -0.413802174135545 0.9103668275375021 0
vn -0.413802174135545 0.9103668275375021 0
vn -0.6139383150655777 0.789354005053778 0
vn -0.6139383150655777 0.789354005053778 0
vn -0.6139383150655777 0.789354005053778 0
vn -0.6139383150655777 0.789354005053778 0
vn -0.6139383150655777 0.789354005053778 0
vn -0.6139383150655777 0.789354005053778 0
vn -0.7893526506560449 0.6139400564405909 0
vn -0.7893526506560449 0.6139400564405909 0
vn -0.7893526506560449 0.6139400564405909 0
vn -0.7893526506560449 0.6139400564405909 0
vn -0.7893526506560449 0.6139400564405909 0
vn -0.7893526506560449 0.6139400564405909 0
vn -0.9103668275375021 0.413802174135545 0
vn -0.9103668275375021 0.413802174135545 0
vn -0.9103668275375021 0.413802174135545 0
vn -0.9103668275375021 0.413802174135545 0
vn -0.9103668275375021 0.413802174135545 0
vn -0.9103668275375021 0.413802174135545 0
vn -0.9743910347116022 0.22486020429069606 0
vn -0.9743910347116022 0.22486020429069606 0
vn -0.9743910347116022 0.22486020429069606 0
vn -0.9743910347116022 0.22486020429069606 0
vn -0.9743910347116022 0.22486020429069606 0
vn -0.9743910347116022 0.22486020429069606 0
vn -0.9977852048016114 0.06651830634499353 0
vn -0.9977852048016114 0.06651830634499353 0
vn -0.9977852048016114 0.06651830634499353 0
vn -0.9977852048016114 0.06651830634499353 0
vn -0.9977852048016114 0.06651830634499353 0
vn -0.9977852048016114 0.06651830634499353 0
vn -1 0 0
vn -1 0 0
vn -1 0 0
vn -1 0 0
vn -1 0 0
vn -1 0 0
vn -0.9977852048016114 -0.06651830634499353 0
vn -0.9977852048016114 -0.06651830634499353 0
vn -0.9977852048016114 -0.06651830634499353 0
vn -0.9977852048016114 -0.06651830634499353 0
vn -0.9977852048016114 -0.06651830634499353 0
vn -0.9977852048016114 -0.06651830634499353 0
vn -0.9743910347116022 -0.22486020429069606 0
vn -0.9743910347116022 -0.22486020429069606 0
vn -0.9743910347116022 -0.22486020429069606 0
vn -0.9743910347116022 -0.22486020429069606 0
vn -0.9743910347116022 -0.22486020429069606 0
vn -0.9743910347116022 -0.22486020429069606 0
vn -0.9103668275375021 -0.413802174135545 0
vn -0.9103668275375021 -0.413802174135545 0
vn -0.9103668275375021 -0.413802174135545 0
vn -0.9103668275375021 -0.413802174135545 0
vn -0.9103668275375021 -0.413802174135545 0
vn -0.9103668275375021 -0.413802174135545 0
vn -0.7893526506560449 -0.6139400564405909 0
vn -0.7893526506560449 -0.6139400564405909 0
vn -0.7893526506560449 -0.6139400564405909 0
vn -0.7893526506560449 -0.6139400564405909 0
vn -0.7893526506560449 -0.6139400564405909 0
vn -0.7893526506560449 -0.6139400564405909 0
vn -0.6139383150655777 -0.789354005053778 0
vn -0.6139383150655777 -0.789354005053778 0
vn -0.6139383150655777 -0.789354005053778 0
vn -0.6139383150655777 -0.789354005053778 0
vn -0.6139383150655777 -0.789354005053778 0
vn -0.6139383150655777 -0.789354005053778 0
vn -0.413802174135545 -0.9103668275375021 0
vn -0.413802174135545 -0.9103668275375021 0
vn -0.413802174135545 -0.9103668275375021 0
vn -0.413802174135545 -0.9103668275375021 0
vn -0.413802174135545 -0.9103668275375021 0
vn -0.413802174135545 -0.9103668275375021 0
vn -0.22486020429069606 -0.9743910347116022 0
vn -0.22486020429069606 -0.9743910347116022 0
vn -0.22486020429069606 -0.9743910347116022 0
vn -0.22486020429069606 -0.9743910347116022 0
vn -0.22486020429069606 -0.9743910347116022 0
vn -0.22486020429069606 -0.9743910347116022 0
vn -0.06652040602401094 -0.9977850648222796 0
vn -0.06652040602401094 -0.9977850648222796 0
vn -0.06652040602401094 -0.9977850648222796 0
vn -0.06652040602401094 -0.9977850648222796 0
vn -0.06652040602401094 -0.9977850648222796 0
vn -0.06652040602401094 -0.9977850648222796 0
f 1873/1873/1873 1874/1874/1874 1875/1875/1875
f 1876/1876/1876 1877/1877/1877 1878/1878/1878
f 1879/1879/1879 1880/1880/1880 1881/1881/1881
f 1882/1882/1882 1883/1883/1883 1884/1884/1884
f 1885/1885/1885 1886/1886/1886 1887/1887/1887
f 1888/1888/1888 1889/1889/1889 1890/1890/1890
f 1891/1891/1891 1892/1892/1892 1893/1893/1893
f 1894/1894/1894 1895/1895/1895 1896/1896/1896
f 1897/1897/1897 1898/1898/1898 1899/1899/1899
f 1900/1900/1900 1901/1901/1901 1902/1902/1902
f 1903/1903/1903 1904/1904/1904 1905/1905/1905
f 1906/1906/1906 1907/1907/1907 1908/1908/1908
f 1909/1909/1909 1910/1910/1910 1911/1911/1911
f 1912/1912/1912 1913/1913/1913 1914/1914/1914
f 1915/1915/1915 1916/1916/1916 1917/1917/1917
f 1918/1918/1918 1919/1919/1919 1920/1920/1920
f 1921/1921/1921 1922/1922/1922 1923/1923/1923
f 1924/1924/1924 1925/1925/1925 1926/1926/1926
f 1927/1927/1927 1928/1928/1928 1929/1929/1929
f 1930/1930/1930 1931/1931/1931 1932/1932/1932
f 1933/1933/1933 1934/1934/1934 1935/1935/1935
f 1936/1936/1936 1937/1937/1937 1938/1938/1938
f 1939/1939/1939 1940/1940/1940 1941/1941/1941
f 1942/1942/1942 1943/1943/1943 1944/1944/1944
f 1945/1945/1945 1946/1946/1946 1947/1947/1947
f 1948/1948/1948 1949/1949/1949 1950/1950/1950
f 1951/1951/1951 1952/1952/1952 1953/1953/1953
f 1954/1954/1954 1955/1955/1955 1956/1956/1956
f 1957/1957/1957 1958/1958/1958 1959/1959/1959
f 1960/1960/1960 1961/1961/1961 1962/1962/1962
f 1963/1963/1963 1964/1964/1964 1965/1965/1965
f 1966/1966/1966 1967/1967/1967 1968/1968/1968
f 1969/1969/1969 1970/1970/1970 1971/1971/1971
f 1972/1972/1972 1973/1973/1973 1974/1974/1974
f 1975/1975/1975 1976/1976/1976 1977/1977/1977
f 1978/1978/1978 1979/1979/1979 1980/1980/1980
f 1981/1981/1981 1982/1982/1982 1983/1983/1983
f 1984/1984/1984 1985/1985/1985 1986/1986/1986
f 1987/1987/1987 1988/1988/1988 1989/1989/1989
f 1990/1990/1990 1991/1991/1991 1992/1992/1992
f 1993/1993/1993 1994/1994/1994 1995/1995/1995
f 1996/1996/1996 1997/1997/1997 1998/1998/1998
f 1999/1999/1999 2000/2000/2000 2001/2001/2001
f 2002/2002/2002 2003/2003/2003 2004/2004/2004
f 2005/2005/2005 2006/2006/2006 2007/2007/2007
f 2008/2008/2008 2009/2009/2009 2010/2010/2010
f 2011/2011/2011 2012/2012/2012 2013/2013/2013
f 2014/2014/2014 2015/2015/2015 2016/2016/2016
f 2017/2017/2017 2018/2018/2018 2019/2019/2019
f 2020/2020/2020 2021/2021/2021 2022/2022/2022
f 2023/2023/2023 2024/2024/2024 2025/2025/2025
f 2026/2026/2026 2027/2027/2027 2028/2028/2028
f 2029/2029/2029 2030/2030/2030 2031/2031/2031
f 2032/2032/2032 2033/2033/2033 2034/2034/2034
f 2035/2035/2035 2036/2036/2036 2037/2037/2037
f 2038/2038/2038 2039/2039/2039 2040/2040/2040
f 2041/2041/2041 2042/2042/2042 2043/2043/2043
f 2044/2044/2044 2045/2045/2045 2046/2046/2046
f 2047/2047/2047 2048/2048/2048 2049/2049/2049
f 2050/2050/2050 2051/2051/2051 2052/2052/2052
f 2053/2053/2053 2054/2054/2054 2055/2055/2055
f 2056/2056/2056 2057/2057/2057 2058/2058/2058
f 2059/2059/2059 2060/2060/2060 2061/2061/2061
f 2062/2062/2062 2063/2063/2063 2064/2064/2064
f 2065/2065/2065 2066/2066/2066 2067/2067/2067
f 2068/2068/2068 2069/2069/2069 2070/2070/2070
f 2071/2071/2071 2072/2072/2072 2073/2073/2073
f 2074/2074/2074 2075/2075/2075 2076/2076/2076
f 2077/2077/2077 2078/2078/2078 2079/2079/2079
f 2080/2080/2080 2081/2081/2081 2082/2082/2082
f 2083/2083/2083 2084/2084/2084 2085/2085/2085
f 2086/2086/2086 2087/2087/2087 2088/2088/2088
f 2089/2089/2089 2090/2090/2090 2091/2091/2091
f 2092/2092/2092 2093/2093/2093 2094/2094/2094
f 2095/2095/2095 2096/2096/2096 2097/2097/2097
f 2098/2098/2098 2099/2099/2099 2100/2100/2100
f 2101/2101/2101 2102/2102/2102 2103/2103/2103
f 2104/2104/2104 2105/2105/2105 2106/2106/2106
f 2107/2107/2107 2108/2108/2108 2109/2109/2109
f 2110/2110/2110 2111/2111/2111 2112/2112/2112
f 2113/2113/2113 2114/2114/2114 2115/2115/2115
f 2116/2116/2116 2117/2117/2117 2118/2118/2118
f 2119/2119/2119 2120/2120/2120 2121/2121/2121
f 2122/2122/2122 2123/2123/2123 2124/2124/2124
f 2125/2125/2125 2126/2126/2126 2127/2127/2127
f 2128/2128/2128 2129/2129/2129 2130/2130/2130
f 2131/2131/2131 2132/2132/2132 2133/2133/2133
f 2134/2134/2134 2135/2135/2135 2136/2136/2136
f 2137/2137/2137 2138/2138/2138 2139/2139/2139
f 2140/2140/2140 2141/2141/2141 2142/2142/2142
f 2143/2143/2143 2144/2144/2144 2145/2145/2145
f 2146/2146/2146 2147/2147/2147 2148/2148/2148
f 2149/2149/2149 2150/2150/2150 2151/2151/2151
f 2152/2152/2152 2153/2153/2153 2154/2154/2154
f 2155/2155/2155 2156/2156/2156 2157/2157/2157
f 2158/2158/2158 2159/2159/2159 2160/2160/2160
f 2161/2161/2161 2162/2162/2162 2163/2163/2163
f 2164/2164/2164 2165/2165/2165 2166/2166/2166
f 2167/2167/2167 2168/2168/2168 2169/2169/2169
f 2170/2170/2170 2171/2171/2171 2172/2172/2172
f 2173/2173/2173 2174/2174/2174 2175/2175/2175
f 2176/2176/2176 2177/2177/2177 2178/2178/2178
f 2179/2179/2179 2180/2180/2180 2181/2181/2181
f 2182/2182/2182 2183/2183/2183 2184/2184/2184
f 2185/2185/2185 2186/2186/2186 2187/2187/2187
f 2188/2188/2188 2189/2189/2189 2190/2190/2190
f 2191/2191/2191 2192/2192/2192 2193/2193/2193
f 2194/2194/2194 2195/2195/2195 2196/2196/2196
f 2197/2197/2197 2198/2198/2198 2199/2199/2199
f 2200/2200/2200 2201/2201/2201 2202/2202/2202
f 2203/2203/2203 2204/2204/2204 2205/2205/2205
f 2206/2206/2206 2207/2207/2207 2208/2208/2208
f 2209/2209/2209 2210/2210/2210 2211/2211/2211
f 2212/2212/2212 2213/2213/2213 2214/2214/2214
f 2215/2215/2215 2216/2216/2216 2217/2217/2217
f 2218/2218/2218 2219/2219/2219 2220/2220/2220
f 2221/2221/2221 2222/2222/2222 2223/2223/2223
f 2224/2224/2224 2225/2225/2225 2226/2226/2226
f 2227/2227/2227 2228/2228/2228 2229/2229/2229
f 2230/2230/2230 2231/2231/2231 2232/2232/2232
f 2233/2233/2233 2234/2234/2234 2235/2235/2235
f 2236/2236/2236 2237/2237/2237 2238/2238/2238
f 2239/2239/2239 2240/2240/2240 2241/2241/2241
f 2242/2242/2242 2243/2243/2243 2244/2244/2244
f 2245/2245/2245 2246/2246/2246 2247/2247/2247
f 2248/2248/2248 2249/2249/2249 2250/2250/2250
f 2251/2251/2251 2252/2252/2252 2253/2253/2253
f 2254/2254/2254 2255/2255/2255 2256/2256/2256
f 2257/2257/2257 2258/2258/2258 2259/2259/2259
f 2260/2260/2260 2261/2261/2261 2262/2262/2262
f 2263/2263/2263 2264/2264/2264 2265/2265/2265
f 2266/2266/2266 2267/2267/2267 2268/2268/2268
f 2269/2269/2269 2270/2270/2270 2271/2271/2271
f 2272/2272/2272 2273/2273/2273 2274/2274/2274
f 2275/2275/2275 2276/2276/2276 2277/2277/2277
f 2278/2278/2278 2279/2279/2279 2280/2280/2280
f 2281/2281/2281 2282/2282/2282 2283/2283/2283
f 2284/2284/2284 2285/2285/2285 2286/2286/2286
f 2287/2287/2287 2288/2288/2288 2289/2289/2289
f 2290/2290/2290 2291/2291/2291 2292/2292/2292
o vent_3_0
usemtl navy
v 1.4249999940395357 1.775000000372529 0.37000000037252906
v 1.4249999940395357 1.775000000372529 0.319999999627471
v 1.4249999940395357 1.724999999627471 0.37000000037252906
v 1.4249999940395357 1.724999999627471 0.319999999627471
v 0.9750000059604647 1.775000000372529 0.319999999627471
v 0.9750000059604647 1.775000000372529 0.37000000037252906
v 0.9750000059604647 1.724999999627471 0.319999999627471
v 0.9750000059604647 1.724999999627471 0.37000000037252906
v 0.9750000059604647 1.775000000372529 0.319999999627471
v 1.4249999940395357 1.775000000372529 0.319999999627471
v 0.9750000059604647 1.775000000372529 0.37000000037252906
v 1.4249999940395357 1.775000000372529 0.37000000037252906
v 0.9750000059604647 1.724999999627471 0.37000000037252906
v 1.4249999940395357 1.724999999627471 0.37000000037252906
v 0.9750000059604647 1.724999999627471 0.319999999627471
v 1.4249999940395357 1.724999999627471 0.319999999627471
v 0.9750000059604647 1.775000000372529 0.37000000037252906
v 1.4249999940395357 1.775000000372529 0.37000000037252906
v 0.9750000059604647 1.724999999627471 0.37000000037252906
v 1.4249999940395357 1.724999999627471 0.37000000037252906
v 1.4249999940395357 1.775000000372529 0.319999999627471
v 0.9750000059604647 1.775000000372529 0.319999999627471
v 1.4249999940395357 1.724999999627471 0.319999999627471
v 0.9750000059604647 1.724999999627471 0.319999999627471
vt 0 1
vt 1 1
vt 0 0
vt 1 0
vt 0 1
vt 1 1
vt 0 0
vt 1 0
vt 0 1
vt 1 1
vt 0 0
vt 1 0
vt 0 1
vt 1 1
vt 0 0
vt 1 0
vt 0 1
vt 1 1
vt 0 0
vt 1 0
vt 0 1
vt 1 1
vt 0 0
vt 1 0
vn 1 0 0
vn 1 0 0
vn 1 0 0
vn 1 0 0
vn -1 0 0
vn -1 0 0
vn -1 0 0
vn -1 0 0
vn 0 1 0
vn 0 1 0
vn 0 1 0
vn 0 1 0
vn 0 -1 0
vn 0 -1 0
vn 0 -1 0
vn 0 -1 0
vn 0 0 1
vn 0 0 1
vn 0 0 1
vn 0 0 1
vn 0 0 -1
vn 0 0 -1
vn 0 0 -1
vn 0 0 -1
f 2293/2293/2293 2295/2295/2295 2294/2294/2294
f 2295/2295/2295 2296/2296/2296 2294/2294/2294
f 2297/2297/2297 2299/2299/2299 2298/2298/2298
f 2299/2299/2299 2300/2300/2300 2298/2298/2298
f 2301/2301/2301 2303/2303/2303 2302/2302/2302
f 2303/2303/2303 2304/2304/2304 2302/2302/2302
f 2305/2305/2305 2307/2307/2307 2306/2306/2306
f 2307/2307/2307 2308/2308/2308 2306/2306/2306
f 2309/2309/2309 2311/2311/2311 2310/2310/2310
f 2311/2311/2311 2312/2312/2312 2310/2310/2310
f 2313/2313/2313 2315/2315/2315 2314/2314/2314
f 2315/2315/2315 2316/2316/2316 2314/2314/2314
o vent_3_1
usemtl navy
v 1.4249999940395357 1.635000000372529 0.37000000037252906
v 1.4249999940395357 1.635000000372529 0.319999999627471
v 1.4249999940395357 1.5849999996274708 0.37000000037252906
v 1.4249999940395357 1.5849999996274708 0.319999999627471
v 0.9750000059604647 1.635000000372529 0.319999999627471
v 0.9750000059604647 1.635000000372529 0.37000000037252906
v 0.9750000059604647 1.5849999996274708 0.319999999627471
v 0.9750000059604647 1.5849999996274708 0.37000000037252906
v 0.9750000059604647 1.635000000372529 0.319999999627471
v 1.4249999940395357 1.635000000372529 0.319999999627471
v 0.9750000059604647 1.635000000372529 0.37000000037252906
v 1.4249999940395357 1.635000000372529 0.37000000037252906
v 0.9750000059604647 1.5849999996274708 0.37000000037252906
v 1.4249999940395357 1.5849999996274708 0.37000000037252906
v 0.9750000059604647 1.5849999996274708 0.319999999627471
v 1.4249999940395357 1.5849999996274708 0.319999999627471
v 0.9750000059604647 1.635000000372529 0.37000000037252906
v 1.4249999940395357 1.635000000372529 0.37000000037252906
v 0.9750000059604647 1.5849999996274708 0.37000000037252906
v 1.4249999940395357 1.5849999996274708 0.37000000037252906
v 1.4249999940395357 1.635000000372529 0.319999999627471
v 0.9750000059604647 1.635000000372529 0.319999999627471
v 1.4249999940395357 1.5849999996274708 0.319999999627471
v 0.9750000059604647 1.5849999996274708 0.319999999627471
vt 0 1
vt 1 1
vt 0 0
vt 1 0
vt 0 1
vt 1 1
vt 0 0
vt 1 0
vt 0 1
vt 1 1
vt 0 0
vt 1 0
vt 0 1
vt 1 1
vt 0 0
vt 1 0
vt 0 1
vt 1 1
vt 0 0
vt 1 0
vt 0 1
vt 1 1
vt 0 0
vt 1 0
vn 1 0 0
vn 1 0 0
vn 1 0 0
vn 1 0 0
vn -1 0 0
vn -1 0 0
vn -1 0 0
vn -1 0 0
vn 0 1 0
vn 0 1 0
vn 0 1 0
vn 0 1 0
vn 0 -1 0
vn 0 -1 0
vn 0 -1 0
vn 0 -1 0
vn 0 0 1
vn 0 0 1
vn 0 0 1
vn 0 0 1
vn 0 0 -1
vn 0 0 -1
vn 0 0 -1
vn 0 0 -1
f 2317/2317/2317 2319/2319/2319 2318/2318/2318
f 2319/2319/2319 2320/2320/2320 2318/2318/2318
f 2321/2321/2321 2323/2323/2323 2322/2322/2322
f 2323/2323/2323 2324/2324/2324 2322/2322/2322
f 2325/2325/2325 2327/2327/2327 2326/2326/2326
f 2327/2327/2327 2328/2328/2328 2326/2326/2326
f 2329/2329/2329 2331/2331/2331 2330/2330/2330
f 2331/2331/2331 2332/2332/2332 2330/2330/2330
f 2333/2333/2333 2335/2335/2335 2334/2334/2334
f 2335/2335/2335 2336/2336/2336 2334/2334/2334
f 2337/2337/2337 2339/2339/2339 2338/2338/2338
f 2339/2339/2339 2340/2340/2340 2338/2338/2338
o vent_3_2
usemtl navy
v 1.4249999940395357 1.495000000372529 0.37000000037252906
v 1.4249999940395357 1.495000000372529 0.319999999627471
v 1.4249999940395357 1.444999999627471 0.37000000037252906
v 1.4249999940395357 1.444999999627471 0.319999999627471
v 0.9750000059604647 1.495000000372529 0.319999999627471
v 0.9750000059604647 1.495000000372529 0.37000000037252906
v 0.9750000059604647 1.444999999627471 0.319999999627471
v 0.9750000059604647 1.444999999627471 0.37000000037252906
v 0.9750000059604647 1.495000000372529 0.319999999627471
v 1.4249999940395357 1.495000000372529 0.319999999627471
v 0.9750000059604647 1.495000000372529 0.37000000037252906
v 1.4249999940395357 1.495000000372529 0.37000000037252906
v 0.9750000059604647 1.444999999627471 0.37000000037252906
v 1.4249999940395357 1.444999999627471 0.37000000037252906
v 0.9750000059604647 1.444999999627471 0.319999999627471
v 1.4249999940395357 1.444999999627471 0.319999999627471
v 0.9750000059604647 1.495000000372529 0.37000000037252906
v 1.4249999940395357 1.495000000372529 0.37000000037252906
v 0.9750000059604647 1.444999999627471 0.37000000037252906
v 1.4249999940395357 1.444999999627471 0.37000000037252906
v 1.4249999940395357 1.495000000372529 0.319999999627471
v 0.9750000059604647 1.495000000372529 0.319999999627471
v 1.4249999940395357 1.444999999627471 0.319999999627471
v 0.9750000059604647 1.444999999627471 0.319999999627471
vt 0 1
vt 1 1
vt 0 0
vt 1 0
vt 0 1
vt 1 1
vt 0 0
vt 1 0
vt 0 1
vt 1 1
vt 0 0
vt 1 0
vt 0 1
vt 1 1
vt 0 0
vt 1 0
vt 0 1
vt 1 1
vt 0 0
vt 1 0
vt 0 1
vt 1 1
vt 0 0
vt 1 0
vn 1 0 0
vn 1 0 0
vn 1 0 0
vn 1 0 0
vn -1 0 0
vn -1 0 0
vn -1 0 0
vn -1 0 0
vn 0 1 0
vn 0 1 0
vn 0 1 0
vn 0 1 0
vn 0 -1 0
vn 0 -1 0
vn 0 -1 0
vn 0 -1 0
vn 0 0 1
vn 0 0 1
vn 0 0 1
vn 0 0 1
vn 0 0 -1
vn 0 0 -1
vn 0 0 -1
vn 0 0 -1
f 2341/2341/2341 2343/2343/2343 2342/2342/2342
f 2343/2343/2343 2344/2344/2344 2342/2342/2342
f 2345/2345/2345 2347/2347/2347 2346/2346/2346
f 2347/2347/2347 2348/2348/2348 2346/2346/2346
f 2349/2349/2349 2351/2351/2351 2350/2350/2350
f 2351/2351/2351 2352/2352/2352 2350/2350/2350
f 2353/2353/2353 2355/2355/2355 2354/2354/2354
f 2355/2355/2355 2356/2356/2356 2354/2354/2354
f 2357/2357/2357 2359/2359/2359 2358/2358/2358
f 2359/2359/2359 2360/2360/2360 2358/2358/2358
f 2361/2361/2361 2363/2363/2363 2362/2362/2362
f 2363/2363/2363 2364/2364/2364 2362/2362/2362
o lock_3
usemtl silver
v 1.4200000000000002 0.9499999992549419 0.41499999865889553
v 1.439134171307087 0.9538060240447521 0.41499999865889553
v 1.4553553406894209 0.9646446593105793 0.41499999865889553
v 1.466193975955248 0.980865828692913 0.41499999865889553
v 1.4700000007450582 1 0.41499999865889553
v 1.466193975955248 1.019134171307087 0.41499999865889553
v 1.4553553406894209 1.0353553406894207 0.41499999865889553
v 1.439134171307087 1.0461939759552479 0.41499999865889553
v 1.4200000000000002 1.050000000745058 0.41499999865889553
v 1.4008658286929132 1.0461939759552479 0.41499999865889553
v 1.3846446593105795 1.0353553406894207 0.41499999865889553
v 1.3738060240447523 1.019134171307087 0.41499999865889553
v 1.369999999254942 1 0.41499999865889553
v 1.3738060240447523 0.980865828692913 0.41499999865889553
v 1.3846446593105795 0.9646446593105793 0.41499999865889553
v 1.4008658286929132 0.9538060240447521 0.41499999865889553
v 1.4200000000000002 0.9499999992549419 0.41499999865889553
v 1.4200000000000002 0.9499999992549419 0.29500000134110455
v 1.439134171307087 0.9538060240447521 0.29500000134110455
v 1.4553553406894209 0.9646446593105793 0.29500000134110455
v 1.466193975955248 0.980865828692913 0.29500000134110455
v 1.4700000007450582 1 0.29500000134110455
v 1.466193975955248 1.019134171307087 0.29500000134110455
v 1.4553553406894209 1.0353553406894207 0.29500000134110455
v 1.439134171307087 1.0461939759552479 0.29500000134110455
v 1.4200000000000002 1.050000000745058 0.29500000134110455
v 1.4008658286929132 1.0461939759552479 0.29500000134110455
v 1.3846446593105795 1.0353553406894207 0.29500000134110455
v 1.3738060240447523 1.019134171307087 0.29500000134110455
v 1.369999999254942 1 0.29500000134110455
v 1.3738060240447523 0.980865828692913 0.29500000134110455
v 1.3846446593105795 0.9646446593105793 0.29500000134110455
v 1.4008658286929132 0.9538060240447521 0.29500000134110455
v 1.4200000000000002 0.9499999992549419 0.29500000134110455
v 1.4200000000000002 1 0.41499999865889553
v 1.4200000000000002 1 0.41499999865889553
v 1.4200000000000002 1 0.41499999865889553
v 1.4200000000000002 1 0.41499999865889553
v 1.4200000000000002 1 0.41499999865889553
v 1.4200000000000002 1 0.41499999865889553
v 1.4200000000000002 1 0.41499999865889553
v 1.4200000000000002 1 0.41499999865889553
v 1.4200000000000002 1 0.41499999865889553
v 1.4200000000000002 1 0.41499999865889553
v 1.4200000000000002 1 0.41499999865889553
v 1.4200000000000002 1 0.41499999865889553
v 1.4200000000000002 1 0.41499999865889553
v 1.4200000000000002 1 0.41499999865889553
v 1.4200000000000002 1 0.41499999865889553
v 1.4200000000000002 1 0.41499999865889553
v 1.4200000000000002 0.9499999992549419 0.41499999865889553
v 1.439134171307087 0.9538060240447521 0.41499999865889553
v 1.4553553406894209 0.9646446593105793 0.41499999865889553
v 1.466193975955248 0.980865828692913 0.41499999865889553
v 1.4700000007450582 1 0.41499999865889553
v 1.466193975955248 1.019134171307087 0.41499999865889553
v 1.4553553406894209 1.0353553406894207 0.41499999865889553
v 1.439134171307087 1.0461939759552479 0.41499999865889553
v 1.4200000000000002 1.050000000745058 0.41499999865889553
v 1.4008658286929132 1.0461939759552479 0.41499999865889553
v 1.3846446593105795 1.0353553406894207 0.41499999865889553
v 1.3738060240447523 1.019134171307087 0.41499999865889553
v 1.369999999254942 1 0.41499999865889553
v 1.3738060240447523 0.980865828692913 0.41499999865889553
v 1.3846446593105795 0.9646446593105793 0.41499999865889553
v 1.4008658286929132 0.9538060240447521 0.41499999865889553
v 1.4200000000000002 0.9499999992549419 0.41499999865889553
v 1.4200000000000002 1 0.29500000134110455
v 1.4200000000000002 1 0.29500000134110455
v 1.4200000000000002 1 0.29500000134110455
v 1.4200000000000002 1 0.29500000134110455
v 1.4200000000000002 1 0.29500000134110455
v 1.4200000000000002 1 0.29500000134110455
v 1.4200000000000002 1 0.29500000134110455
v 1.4200000000000002 1 0.29500000134110455
v 1.4200000000000002 1 0.29500000134110455
v 1.4200000000000002 1 0.29500000134110455
v 1.4200000000000002 1 0.29500000134110455
v 1.4200000000000002 1 0.29500000134110455
v 1.4200000000000002 1 0.29500000134110455
v 1.4200000000000002 1 0.29500000134110455
v 1.4200000000000002 1 0.29500000134110455
v 1.4200000000000002 1 0.29500000134110455
v 1.4200000000000002 0.9499999992549419 0.29500000134110455
v 1.439134171307087 0.9538060240447521 0.29500000134110455
v 1.4553553406894209 0.9646446593105793 0.29500000134110455
v 1.466193975955248 0.980865828692913 0.29500000134110455
v 1.4700000007450582 1 0.29500000134110455
v 1.466193975955248 1.019134171307087 0.29500000134110455
v 1.4553553406894209 1.0353553406894207 0.29500000134110455
v 1.439134171307087 1.0461939759552479 0.29500000134110455
v 1.4200000000000002 1.050000000745058 0.29500000134110455
v 1.4008658286929132 1.0461939759552479 0.29500000134110455
v 1.3846446593105795 1.0353553406894207 0.29500000134110455
v 1.3738060240447523 1.019134171307087 0.29500000134110455
v 1.369999999254942 1 0.29500000134110455
v 1.3738060240447523 0.980865828692913 0.29500000134110455
v 1.3846446593105795 0.9646446593105793 0.29500000134110455
v 1.4008658286929132 0.9538060240447521 0.29500000134110455
v 1.4200000000000002 0.9499999992549419 0.29500000134110455
vt 0 1
vt 0.0625 1
vt 0.125 1
vt 0.1875 1
vt 0.25 1
vt 0.3125 1
vt 0.375 1
vt 0.4375 1
vt 0.5 1
vt 0.5625 1
vt 0.625 1
vt 0.6875 1
vt 0.75 1
vt 0.8125 1
vt 0.875 1
vt 0.9375 1
vt 1 1
vt 0 0
vt 0.0625 0
vt 0.125 0
vt 0.1875 0
vt 0.25 0
vt 0.3125 0
vt 0.375 0
vt 0.4375 0
vt 0.5 0
vt 0.5625 0
vt 0.625 0
vt 0.6875 0
vt 0.75 0
vt 0.8125 0
vt 0.875 0
vt 0.9375 0
vt 1 0
vt 0.5 0.5
vt 0.5 0.5
vt 0.5 0.5
vt 0.5 0.5
vt 0.5 0.5
vt 0.5 0.5
vt 0.5 0.5
vt 0.5 0.5
vt 0.5 0.5
vt 0.5 0.5
vt 0.5 0.5
vt 0.5 0.5
vt 0.5 0.5
vt 0.5 0.5
vt 0.5 0.5
vt 0.5 0.5
vt 1 0.5
vt 0.9619397521018982 0.6913416981697083
vt 0.8535534143447876 0.8535534143447876
vt 0.6913416981697083 0.9619397521018982
vt 0.5 1
vt 0.30865827202796936 0.9619397521018982
vt 0.1464466154575348 0.8535534143447876
vt 0.03806023299694061 0.6913416981697083
vt 0 0.5
vt 0.03806023299694061 0.30865827202796936
vt 0.1464466154575348 0.1464466154575348
vt 0.30865827202796936 0.03806023299694061
vt 0.5 0
vt 0.6913416981697083 0.03806023299694061
vt 0.8535534143447876 0.1464466154575348
vt 0.9619397521018982 0.30865827202796936
vt 1 0.5
vt 0.5 0.5
vt 0.5 0.5
vt 0.5 0.5
vt 0.5 0.5
vt 0.5 0.5
vt 0.5 0.5
vt 0.5 0.5
vt 0.5 0.5
vt 0.5 0.5
vt 0.5 0.5
vt 0.5 0.5
vt 0.5 0.5
vt 0.5 0.5
vt 0.5 0.5
vt 0.5 0.5
vt 0.5 0.5
vt 1 0.5
vt 0.9619397521018982 0.30865827202796936
vt 0.8535534143447876 0.1464466154575348
vt 0.6913416981697083 0.03806023299694061
vt 0.5 0
vt 0.30865827202796936 0.03806023299694061
vt 0.1464466154575348 0.1464466154575348
vt 0.03806023299694061 0.30865827202796936
vt 0 0.5
vt 0.03806023299694061 0.6913416981697083
vt 0.1464466154575348 0.8535534143447876
vt 0.30865827202796936 0.9619397521018982
vt 0.5 1
vt 0.6913416981697083 0.9619397521018982
vt 0.8535534143447876 0.8535534143447876
vt 0.9619397521018982 0.6913416981697083
vt 1 0.5
vn 0 -1 2.220446049250313e-16
vn 0.3826834370613369 -0.9238795305660377 2.0514246536285922e-16
vn 0.7071067811865476 -0.7071067811865476 1.5700924586837752e-16
vn 0.9238795305660377 -0.3826834370613369 8.497279259363763e-17
vn 1 -6.123234262925839e-17 1.3596311327747833e-32
vn 0.9238795305660377 0.3826834370613369 -8.497279259363763e-17
vn 0.7071067811865476 0.7071067811865476 -1.5700924586837752e-16
vn 0.3826834370613369 0.9238795305660377 -2.0514246536285922e-16
vn 1.2246468525851679e-16 1 -2.220446049250313e-16
vn -0.3826834370613369 0.9238795305660377 -2.0514246536285922e-16
vn -0.7071067811865476 0.7071067811865476 -1.5700924586837752e-16
vn -0.9238795305660377 0.3826834370613369 -8.497279259363763e-17
vn -1 1.8369701465288538e-16 -4.078893104450762e-32
vn -0.9238795305660377 -0.3826834370613369 8.497279259363763e-17
vn -0.7071067811865476 -0.7071067811865476 1.5700924586837752e-16
vn -0.3826834370613369 -0.9238795305660377 2.0514246536285922e-16
vn -2.4492937051703357e-16 -1 2.220446049250313e-16
vn 0 -1 2.220446049250313e-16
vn 0.3826834370613369 -0.9238795305660377 2.0514246536285922e-16
vn 0.7071067811865476 -0.7071067811865476 1.5700924586837752e-16
vn 0.9238795305660377 -0.3826834370613369 8.497279259363763e-17
vn 1 -6.123234262925839e-17 1.3596311327747833e-32
vn 0.9238795305660377 0.3826834370613369 -8.497279259363763e-17
vn 0.7071067811865476 0.7071067811865476 -1.5700924586837752e-16
vn 0.3826834370613369 0.9238795305660377 -2.0514246536285922e-16
vn 1.2246468525851679e-16 1 -2.220446049250313e-16
vn -0.3826834370613369 0.9238795305660377 -2.0514246536285922e-16
vn -0.7071067811865476 0.7071067811865476 -1.5700924586837752e-16
vn -0.9238795305660377 0.3826834370613369 -8.497279259363763e-17
vn -1 1.8369701465288538e-16 -4.078893104450762e-32
vn -0.9238795305660377 -0.3826834370613369 8.497279259363763e-17
vn -0.7071067811865476 -0.7071067811865476 1.5700924586837752e-16
vn -0.3826834370613369 -0.9238795305660377 2.0514246536285922e-16
vn -2.4492937051703357e-16 -1 2.220446049250313e-16
vn 0 2.220446049250313e-16 1
vn 0 2.220446049250313e-16 1
vn 0 2.220446049250313e-16 1
vn 0 2.220446049250313e-16 1
vn 0 2.220446049250313e-16 1
vn 0 2.220446049250313e-16 1
vn 0 2.220446049250313e-16 1
vn 0 2.220446049250313e-16 1
vn 0 2.220446049250313e-16 1
vn 0 2.220446049250313e-16 1
vn 0 2.220446049250313e-16 1
vn 0 2.220446049250313e-16 1
vn 0 2.220446049250313e-16 1
vn 0 2.220446049250313e-16 1
vn 0 2.220446049250313e-16 1
vn 0 2.220446049250313e-16 1
vn 0 2.220446049250313e-16 1
vn 0 2.220446049250313e-16 1
vn 0 2.220446049250313e-16 1
vn 0 2.220446049250313e-16 1
vn 0 2.220446049250313e-16 1
vn 0 2.220446049250313e-16 1
vn 0 2.220446049250313e-16 1
vn 0 2.220446049250313e-16 1
vn 0 2.220446049250313e-16 1
vn 0 2.220446049250313e-16 1
vn 0 2.220446049250313e-16 1
vn 0 2.220446049250313e-16 1
vn 0 2.220446049250313e-16 1
vn 0 2.220446049250313e-16 1
vn 0 2.220446049250313e-16 1
vn 0 2.220446049250313e-16 1
vn 0 2.220446049250313e-16 1
vn 0 -2.220446049250313e-16 -1
vn 0 -2.220446049250313e-16 -1
vn 0 -2.220446049250313e-16 -1
vn 0 -2.220446049250313e-16 -1
vn 0 -2.220446049250313e-16 -1
vn 0 -2.220446049250313e-16 -1
vn 0 -2.220446049250313e-16 -1
vn 0 -2.220446049250313e-16 -1
vn 0 -2.220446049250313e-16 -1
vn 0 -2.220446049250313e-16 -1
vn 0 -2.220446049250313e-16 -1
vn 0 -2.220446049250313e-16 -1
vn 0 -2.220446049250313e-16 -1
vn 0 -2.220446049250313e-16 -1
vn 0 -2.220446049250313e-16 -1
vn 0 -2.220446049250313e-16 -1
vn 0 -2.220446049250313e-16 -1
vn 0 -2.220446049250313e-16 -1
vn 0 -2.220446049250313e-16 -1
vn 0 -2.220446049250313e-16 -1
vn 0 -2.220446049250313e-16 -1
vn 0 -2.220446049250313e-16 -1
vn 0 -2.220446049250313e-16 -1
vn 0 -2.220446049250313e-16 -1
vn 0 -2.220446049250313e-16 -1
vn 0 -2.220446049250313e-16 -1
vn 0 -2.220446049250313e-16 -1
vn 0 -2.220446049250313e-16 -1
vn 0 -2.220446049250313e-16 -1
vn 0 -2.220446049250313e-16 -1
vn 0 -2.220446049250313e-16 -1
vn 0 -2.220446049250313e-16 -1
vn 0 -2.220446049250313e-16 -1
f 2365/2365/2365 2382/2382/2382 2366/2366/2366
f 2382/2382/2382 2383/2383/2383 2366/2366/2366
f 2366/2366/2366 2383/2383/2383 2367/2367/2367
f 2383/2383/2383 2384/2384/2384 2367/2367/2367
f 2367/2367/2367 2384/2384/2384 2368/2368/2368
f 2384/2384/2384 2385/2385/2385 2368/2368/2368
f 2368/2368/2368 2385/2385/2385 2369/2369/2369
f 2385/2385/2385 2386/2386/2386 2369/2369/2369
f 2369/2369/2369 2386/2386/2386 2370/2370/2370
f 2386/2386/2386 2387/2387/2387 2370/2370/2370
f 2370/2370/2370 2387/2387/2387 2371/2371/2371
f 2387/2387/2387 2388/2388/2388 2371/2371/2371
f 2371/2371/2371 2388/2388/2388 2372/2372/2372
f 2388/2388/2388 2389/2389/2389 2372/2372/2372
f 2372/2372/2372 2389/2389/2389 2373/2373/2373
f 2389/2389/2389 2390/2390/2390 2373/2373/2373
f 2373/2373/2373 2390/2390/2390 2374/2374/2374
f 2390/2390/2390 2391/2391/2391 2374/2374/2374
f 2374/2374/2374 2391/2391/2391 2375/2375/2375
f 2391/2391/2391 2392/2392/2392 2375/2375/2375
f 2375/2375/2375 2392/2392/2392 2376/2376/2376
f 2392/2392/2392 2393/2393/2393 2376/2376/2376
f 2376/2376/2376 2393/2393/2393 2377/2377/2377
f 2393/2393/2393 2394/2394/2394 2377/2377/2377
f 2377/2377/2377 2394/2394/2394 2378/2378/2378
f 2394/2394/2394 2395/2395/2395 2378/2378/2378
f 2378/2378/2378 2395/2395/2395 2379/2379/2379
f 2395/2395/2395 2396/2396/2396 2379/2379/2379
f 2379/2379/2379 2396/2396/2396 2380/2380/2380
f 2396/2396/2396 2397/2397/2397 2380/2380/2380
f 2380/2380/2380 2397/2397/2397 2381/2381/2381
f 2397/2397/2397 2398/2398/2398 2381/2381/2381
f 2415/2415/2415 2416/2416/2416 2399/2399/2399
f 2416/2416/2416 2417/2417/2417 2400/2400/2400
f 2417/2417/2417 2418/2418/2418 2401/2401/2401
f 2418/2418/2418 2419/2419/2419 2402/2402/2402
f 2419/2419/2419 2420/2420/2420 2403/2403/2403
f 2420/2420/2420 2421/2421/2421 2404/2404/2404
f 2421/2421/2421 2422/2422/2422 2405/2405/2405
f 2422/2422/2422 2423/2423/2423 2406/2406/2406
f 2423/2423/2423 2424/2424/2424 2407/2407/2407
f 2424/2424/2424 2425/2425/2425 2408/2408/2408
f 2425/2425/2425 2426/2426/2426 2409/2409/2409
f 2426/2426/2426 2427/2427/2427 2410/2410/2410
f 2427/2427/2427 2428/2428/2428 2411/2411/2411
f 2428/2428/2428 2429/2429/2429 2412/2412/2412
f 2429/2429/2429 2430/2430/2430 2413/2413/2413
f 2430/2430/2430 2431/2431/2431 2414/2414/2414
f 2449/2449/2449 2448/2448/2448 2432/2432/2432
f 2450/2450/2450 2449/2449/2449 2433/2433/2433
f 2451/2451/2451 2450/2450/2450 2434/2434/2434
f 2452/2452/2452 2451/2451/2451 2435/2435/2435
f 2453/2453/2453 2452/2452/2452 2436/2436/2436
f 2454/2454/2454 2453/2453/2453 2437/2437/2437
f 2455/2455/2455 2454/2454/2454 2438/2438/2438
f 2456/2456/2456 2455/2455/2455 2439/2439/2439
f 2457/2457/2457 2456/2456/2456 2440/2440/2440
f 2458/2458/2458 2457/2457/2457 2441/2441/2441
f 2459/2459/2459 2458/2458/2458 2442/2442/2442
f 2460/2460/2460 2459/2459/2459 2443/2443/2443
f 2461/2461/2461 2460/2460/2460 2444/2444/2444
f 2462/2462/2462 2461/2461/2461 2445/2445/2445
f 2463/2463/2463 2462/2462/2462 2446/2446/2446
f 2464/2464/2464 2463/2463/2463 2447/2447/2447
o handle_3
usemtl silver
v 1.4700000007450582 1.4500000059604645 0.3749999993294478
v 1.4700000007450582 1.4500000059604645 0.3150000006705523
v 1.4700000007450582 1.1499999940395356 0.3749999993294478
v 1.4700000007450582 1.1499999940395356 0.3150000006705523
v 1.369999999254942 1.4500000059604645 0.3150000006705523
v 1.369999999254942 1.4500000059604645 0.3749999993294478
v 1.369999999254942 1.1499999940395356 0.3150000006705523
v 1.369999999254942 1.1499999940395356 0.3749999993294478
v 1.369999999254942 1.4500000059604645 0.3150000006705523
v 1.4700000007450582 1.4500000059604645 0.3150000006705523
v 1.369999999254942 1.4500000059604645 0.3749999993294478
v 1.4700000007450582 1.4500000059604645 0.3749999993294478
v 1.369999999254942 1.1499999940395356 0.3749999993294478
v 1.4700000007450582 1.1499999940395356 0.3749999993294478
v 1.369999999254942 1.1499999940395356 0.3150000006705523
v 1.4700000007450582 1.1499999940395356 0.3150000006705523
v 1.369999999254942 1.4500000059604645 0.3749999993294478
v 1.4700000007450582 1.4500000059604645 0.3749999993294478
v 1.369999999254942 1.1499999940395356 0.3749999993294478
v 1.4700000007450582 1.1499999940395356 0.3749999993294478
v 1.4700000007450582 1.4500000059604645 0.3150000006705523
v 1.369999999254942 1.4500000059604645 0.3150000006705523
v 1.4700000007450582 1.1499999940395356 0.3150000006705523
v 1.369999999254942 1.1499999940395356 0.3150000006705523
vt 0 1
vt 1 1
vt 0 0
vt 1 0
vt 0 1
vt 1 1
vt 0 0
vt 1 0
vt 0 1
vt 1 1
vt 0 0
vt 1 0
vt 0 1
vt 1 1
vt 0 0
vt 1 0
vt 0 1
vt 1 1
vt 0 0
vt 1 0
vt 0 1
vt 1 1
vt 0 0
vt 1 0
vn 1 0 0
vn 1 0 0
vn 1 0 0
vn 1 0 0
vn -1 0 0
vn -1 0 0
vn -1 0 0
vn -1 0 0
vn 0 1 0
vn 0 1 0
vn 0 1 0
vn 0 1 0
vn 0 -1 0
vn 0 -1 0
vn 0 -1 0
vn 0 -1 0
vn 0 0 1
vn 0 0 1
vn 0 0 1
vn 0 0 1
vn 0 0 -1
vn 0 0 -1
vn 0 0 -1
vn 0 0 -1
f 2465/2465/2465 2467/2467/2467 2466/2466/2466
f 2467/2467/2467 2468/2468/2468 2466/2466/2466
f 2469/2469/2469 2471/2471/2471 2470/2470/2470
f 2471/2471/2471 2472/2472/2472 2470/2470/2470
f 2473/2473/2473 2475/2475/2475 2474/2474/2474
f 2475/2475/2475 2476/2476/2476 2474/2474/2474
f 2477/2477/2477 2479/2479/2479 2478/2478/2478
f 2479/2479/2479 2480/2480/2480 2478/2478/2478
f 2481/2481/2481 2483/2483/2483 2482/2482/2482
f 2483/2483/2483 2484/2484/2484 2482/2482/2482
f 2485/2485/2485 2487/2487/2487 2486/2486/2486
f 2487/2487/2487 2488/2488/2488 2486/2486/2486
o locker_top
usemtl navy
v 1.7200000286102295 2.2500000002980234 0.36500000953674316
v 1.7200000286102295 2.2500000002980234 -0.36500000953674316
v 1.7200000286102295 2.109999999701977 0.36500000953674316
v 1.7200000286102295 2.109999999701977 -0.36500000953674316
v -1.7200000286102295 2.2500000002980234 -0.36500000953674316
v -1.7200000286102295 2.2500000002980234 0.36500000953674316
v -1.7200000286102295 2.109999999701977 -0.36500000953674316
v -1.7200000286102295 2.109999999701977 0.36500000953674316
v -1.7200000286102295 2.2500000002980234 -0.36500000953674316
v 1.7200000286102295 2.2500000002980234 -0.36500000953674316
v -1.7200000286102295 2.2500000002980234 0.36500000953674316
v 1.7200000286102295 2.2500000002980234 0.36500000953674316
v -1.7200000286102295 2.109999999701977 0.36500000953674316
v 1.7200000286102295 2.109999999701977 0.36500000953674316
v -1.7200000286102295 2.109999999701977 -0.36500000953674316
v 1.7200000286102295 2.109999999701977 -0.36500000953674316
v -1.7200000286102295 2.2500000002980234 0.36500000953674316
v 1.7200000286102295 2.2500000002980234 0.36500000953674316
v -1.7200000286102295 2.109999999701977 0.36500000953674316
v 1.7200000286102295 2.109999999701977 0.36500000953674316
v 1.7200000286102295 2.2500000002980234 -0.36500000953674316
v -1.7200000286102295 2.2500000002980234 -0.36500000953674316
v 1.7200000286102295 2.109999999701977 -0.36500000953674316
v -1.7200000286102295 2.109999999701977 -0.36500000953674316
vt 0 1
vt 1 1
vt 0 0
vt 1 0
vt 0 1
vt 1 1
vt 0 0
vt 1 0
vt 0 1
vt 1 1
vt 0 0
vt 1 0
vt 0 1
vt 1 1
vt 0 0
vt 1 0
vt 0 1
vt 1 1
vt 0 0
vt 1 0
vt 0 1
vt 1 1
vt 0 0
vt 1 0
vn 1 0 0
vn 1 0 0
vn 1 0 0
vn 1 0 0
vn -1 0 0
vn -1 0 0
vn -1 0 0
vn -1 0 0
vn 0 1 0
vn 0 1 0
vn 0 1 0
vn 0 1 0
vn 0 -1 0
vn 0 -1 0
vn 0 -1 0
vn 0 -1 0
vn 0 0 1
vn 0 0 1
vn 0 0 1
vn 0 0 1
vn 0 0 -1
vn 0 0 -1
vn 0 0 -1
vn 0 0 -1
f 2489/2489/2489 2491/2491/2491 2490/2490/2490
f 2491/2491/2491 2492/2492/2492 2490/2490/2490
f 2493/2493/2493 2495/2495/2495 2494/2494/2494
f 2495/2495/2495 2496/2496/2496 2494/2494/2494
f 2497/2497/2497 2499/2499/2499 2498/2498/2498
f 2499/2499/2499 2500/2500/2500 2498/2498/2498
f 2501/2501/2501 2503/2503/2503 2502/2502/2502
f 2503/2503/2503 2504/2504/2504 2502/2502/2502
f 2505/2505/2505 2507/2507/2507 2506/2506/2506
f 2507/2507/2507 2508/2508/2508 2506/2506/2506
f 2509/2509/2509 2511/2511/2511 2510/2510/2510
f 2511/2511/2511 2512/2512/2512 2510/2510/2510
