mtllib tower.mtl
o tier_0
usemtl cream
v 3 14 3
v 3 14 -3
v 3 0 3
v 3 0 -3
v -3 14 -3
v -3 14 3
v -3 0 -3
v -3 0 3
v -3 14 -3
v 3 14 -3
v -3 14 3
v 3 14 3
v -3 0 3
v 3 0 3
v -3 0 -3
v 3 0 -3
v -3 14 3
v 3 14 3
v -3 0 3
v 3 0 3
v 3 14 -3
v -3 14 -3
v 3 0 -3
v -3 0 -3
vt 0 1
vt 1 1
vt 0 0
vt 1 0
vt 0 1
vt 1 1
vt 0 0
vt 1 0
vt 0 1
vt 1 1
vt 0 0
vt 1 0
vt 0 1
vt 1 1
vt 0 0
vt 1 0
vt 0 1
vt 1 1
vt 0 0
vt 1 0
vt 0 1
vt 1 1
vt 0 0
vt 1 0
vn 1 0 0
vn 1 0 0
vn 1 0 0
vn 1 0 0
vn -1 0 0
vn -1 0 0
vn -1 0 0
vn -1 0 0
vn 0 1 0
vn 0 1 0
vn 0 1 0
vn 0 1 0
vn 0 -1 0
vn 0 -1 0
vn 0 -1 0
vn 0 -1 0
vn 0 0 1
vn 0 0 1
vn 0 0 1
vn 0 0 1
vn 0 0 -1
vn 0 0 -1
vn 0 0 -1
vn 0 0 -1
f 1/1/1 3/3/3 2/2/2
f 3/3/3 4/4/4 2/2/2
f 5/5/5 7/7/7 6/6/6
f 7/7/7 8/8/8 6/6/6
f 9/9/9 11/11/11 10/10/10
f 11/11/11 12/12/12 10/10/10
f 13/13/13 15/15/15 14/14/14
f 15/15/15 16/16/16 14/14/14
f 17/17/17 19/19/19 18/18/18
f 19/19/19 20/20/20 18/18/18
f 21/21/21 23/23/23 22/22/22
f 23/23/23 24/24/24 22/22/22
o tier_cap_0
usemtl silver
v 3.200000047683716 14.300000002980232 3.200000047683716
v 3.200000047683716 14.300000002980232 -3.200000047683716
v 3.200000047683716 13.899999997019767 3.200000047683716
v 3.200000047683716 13.899999997019767 -3.200000047683716
v -3.200000047683716 14.300000002980232 -3.200000047683716
v -3.200000047683716 14.300000002980232 3.200000047683716
v -3.200000047683716 13.899999997019767 -3.200000047683716
v -3.200000047683716 13.899999997019767 3.200000047683716
v -3.200000047683716 14.300000002980232 -3.200000047683716
v 3.200000047683716 14.300000002980232 -3.200000047683716
v -3.200000047683716 14.300000002980232 3.200000047683716
v 3.200000047683716 14.300000002980232 3.200000047683716
v -3.200000047683716 13.899999997019767 3.200000047683716
v 3.200000047683716 13.899999997019767 3.200000047683716
v -3.200000047683716 13.899999997019767 -3.200000047683716
v 3.200000047683716 13.899999997019767 -3.200000047683716
v -3.200000047683716 14.300000002980232 3.200000047683716
v 3.200000047683716 14.300000002980232 3.200000047683716
v -3.200000047683716 13.899999997019767 3.200000047683716
v 3.200000047683716 13.899999997019767 3.200000047683716
v 3.200000047683716 14.300000002980232 -3.200000047683716
v -3.200000047683716 14.300000002980232 -3.200000047683716
v 3.200000047683716 13.899999997019767 -3.200000047683716
v -3.200000047683716 13.899999997019767 -3.200000047683716
vt 0 1
vt 1 1
vt 0 0
vt 1 0
vt 0 1
vt 1 1
vt 0 0
vt 1 0
vt 0 1
vt 1 1
vt 0 0
vt 1 0
vt 0 1
vt 1 1
vt 0 0
vt 1 0
vt 0 1
vt 1 1
vt 0 0
vt 1 0
vt 0 1
vt 1 1
vt 0 0
vt 1 0
vn 1 0 0
vn 1 0 0
vn 1 0 0
vn 1 0 0
vn -1 0 0
vn -1 0 0
vn -1 0 0
vn -1 0 0
vn 0 1 0
vn 0 1 0
vn 0 1 0
vn 0 1 0
vn 0 -1 0
vn 0 -1 0
vn 0 -1 0
vn 0 -1 0
vn 0 0 1
vn 0 0 1
vn 0 0 1
vn 0 0 1
vn 0 0 -1
vn 0 0 -1
vn 0 0 -1
vn 0 0 -1
f 25/25/25 27/27/27 26/26/26
f 27/27/27 28/28/28 26/26/26
f 29/29/29 31/31/31 30/30/30
f 31/31/31 32/32/32 30/30/30
f 33/33/33 35/35/35 34/34/34
f 35/35/35 36/36/36 34/34/34
f 37/37/37 39/39/39 38/38/38
f 39/39/39 40/40/40 38/38/38
f 41/41/41 43/43/43 42/42/42
f 43/43/43 44/44/44 42/42/42
f 45/45/45 47/47/47 46/46/46
f 47/47/47 48/48/48 46/46/46
o glass_0001
usemtl paleblue
v -1.675000011920929 1.700000023841858 3.04999999910593
v -1.675000011920929 1.700000023841858 2.9700000008940695
v -1.675000011920929 0.4999999761581422 3.04999999910593
v -1.675000011920929 0.4999999761581422 2.9700000008940695
v -2.824999988079071 1.700000023841858 2.9700000008940695
v -2.824999988079071 1.700000023841858 3.04999999910593
v -2.824999988079071 0.4999999761581422 2.9700000008940695
v -2.824999988079071 0.4999999761581422 3.04999999910593
v -2.824999988079071 1.700000023841858 2.9700000008940695
v -1.675000011920929 1.700000023841858 2.9700000008940695
v -2.824999988079071 1.700000023841858 3.04999999910593
v -1.675000011920929 1.700000023841858 3.04999999910593
v -2.824999988079071 0.4999999761581422 3.04999999910593
v -1.675000011920929 0.4999999761581422 3.04999999910593
v -2.824999988079071 0.4999999761581422 2.9700000008940695
v -1.675000011920929 0.4999999761581422 2.9700000008940695
v -2.824999988079071 1.700000023841858 3.04999999910593
v -1.675000011920929 1.700000023841858 3.04999999910593
v -2.824999988079071 0.4999999761581422 3.04999999910593
v -1.675000011920929 0.4999999761581422 3.04999999910593
v -1.675000011920929 1.700000023841858 2.9700000008940695
v -2.824999988079071 1.700000023841858 2.9700000008940695
v -1.675000011920929 0.4999999761581422 2.9700000008940695
v -2.824999988079071 0.4999999761581422 2.9700000008940695
vt 0 1
vt 1 1
vt 0 0
vt 1 0
vt 0 1
vt 1 1
vt 0 0
vt 1 0
vt 0 1
vt 1 1
vt 0 0
vt 1 0
vt 0 1
vt 1 1
vt 0 0
vt 1 0
vt 0 1
vt 1 1
vt 0 0
vt 1 0
vt 0 1
vt 1 1
vt 0 0
vt 1 0
vn 1 0 0
vn 1 0 0
vn 1 0 0
vn 1 0 0
vn -1 0 0
vn -1 0 0
vn -1 0 0
vn -1 0 0
vn 0 1 0
vn 0 1 0
vn 0 1 0
vn 0 1 0
vn 0 -1 0
vn 0 -1 0
vn 0 -1 0
vn 0 -1 0
vn 0 0 1
vn 0 0 1
vn 0 0 1
vn 0 0 1
vn 0 0 -1
vn 0 0 -1
vn 0 0 -1
vn 0 0 -1
f 49/49/49 51/51/51 50/50/50
f 51/51/51 52/52/52 50/50/50
f 53/53/53 55/55/55 54/54/54
f 55/55/55 56/56/56 54/54/54
f 57/57/57 59/59/59 58/58/58
f 59/59/59 60/60/60 58/58/58
f 61/61/61 63/63/63 62/62/62
f 63/63/63 64/64/64 62/62/62
f 65/65/65 67/67/67 66/66/66
f 67/67/67 68/68/68 66/66/66
f 69/69/69 71/71/71 70/70/70
f 71/71/71 72/72/72 70/70/70
o glass_s0001
usemtl paleblue
v 3.04999999910593 1.700000023841858 -1.675000011920929
v 3.04999999910593 1.700000023841858 -2.824999988079071
v 3.04999999910593 0.4999999761581422 -1.675000011920929
v 3.04999999910593 0.4999999761581422 -2.824999988079071
v 2.9700000008940695 1.700000023841858 -2.824999988079071
v 2.9700000008940695 1.700000023841858 -1.675000011920929
v 2.9700000008940695 0.4999999761581422 -2.824999988079071
v 2.9700000008940695 0.4999999761581422 -1.675000011920929
v 2.9700000008940695 1.700000023841858 -2.824999988079071
v 3.04999999910593 1.700000023841858 -2.824999988079071
v 2.9700000008940695 1.700000023841858 -1.675000011920929
v 3.04999999910593 1.700000023841858 -1.675000011920929
v 2.9700000008940695 0.4999999761581422 -1.675000011920929
v 3.04999999910593 0.4999999761581422 -1.675000011920929
v 2.9700000008940695 0.4999999761581422 -2.824999988079071
v 3.04999999910593 0.4999999761581422 -2.824999988079071
v 2.9700000008940695 1.700000023841858 -1.675000011920929
v 3.04999999910593 1.700000023841858 -1.675000011920929
v 2.9700000008940695 0.4999999761581422 -1.675000011920929
v 3.04999999910593 0.4999999761581422 -1.675000011920929
v 3.04999999910593 1.700000023841858 -2.824999988079071
v 2.9700000008940695 1.700000023841858 -2.824999988079071
v 3.04999999910593 0.4999999761581422 -2.824999988079071
v 2.9700000008940695 0.4999999761581422 -2.824999988079071
vt 0 1
vt 1 1
vt 0 0
vt 1 0
vt 0 1
vt 1 1
vt 0 0
vt 1 0
vt 0 1
vt 1 1
vt 0 0
vt 1 0
vt 0 1
vt 1 1
vt 0 0
vt 1 0
vt 0 1
vt 1 1
vt 0 0
vt 1 0
vt 0 1
vt 1 1
vt 0 0
vt 1 0
vn 1 0 0
vn 1 0 0
vn 1 0 0
vn 1 0 0
vn -1 0 0
vn -1 0 0
vn -1 0 0
vn -1 0 0
vn 0 1 0
vn 0 1 0
vn 0 1 0
vn 0 1 0
vn 0 -1 0
vn 0 -1 0
vn 0 -1 0
vn 0 -1 0
vn 0 0 1
vn 0 0 1
vn 0 0 1
vn 0 0 1
vn 0 0 -1
vn 0 0 -1
vn 0 0 -1
vn 0 0 -1
f 73/73/73 75/75/75 74/74/74
f 75/75/75 76/76/76 74/74/74
f 77/77/77 79/79/79 78/78/78
f 79/79/79 80/80/80 78/78/78
f 81/81/81 83/83/83 82/82/82
f 83/83/83 84/84/84 82/82/82
f 85/85/85 87/87/87 86/86/86
f 87/87/87 88/88/88 86/86/86
f 89/89/89 91/91/91 90/90/90
f 91/91/91 92/92/92 90/90/90
f 93/93/93 95/95/95 94/94/94
f 95/95/95 96/96/96 94/94/94
o glass_000-1
usemtl paleblue
v -1.675000011920929 1.700000023841858 -2.9700000008940695
v -1.675000011920929 1.700000023841858 -3.04999999910593
v -1.675000011920929 0.4999999761581422 -2.9700000008940695
v -1.675000011920929 0.4999999761581422 -3.04999999910593
v -2.824999988079071 1.700000023841858 -3.04999999910593
v -2.824999988079071 1.700000023841858 -2.9700000008940695
v -2.824999988079071 0.4999999761581422 -3.04999999910593
v -2.824999988079071 0.4999999761581422 -2.9700000008940695
v -2.824999988079071 1.700000023841858 -3.04999999910593
v -1.675000011920929 1.700000023841858 -3.04999999910593
v -2.824999988079071 1.700000023841858 -2.9700000008940695
v -1.675000011920929 1.700000023841858 -2.9700000008940695
v -2.824999988079071 0.4999999761581422 -2.9700000008940695
v -1.675000011920929 0.4999999761581422 -2.9700000008940695
v -2.824999988079071 0.4999999761581422 -3.04999999910593
v -1.675000011920929 0.4999999761581422 -3.04999999910593
v -2.824999988079071 1.700000023841858 -2.9700000008940695
v -1.675000011920929 1.700000023841858 -2.9700000008940695
v -2.824999988079071 0.4999999761581422 -2.9700000008940695
v -1.675000011920929 0.4999999761581422 -2.9700000008940695
v -1.675000011920929 1.700000023841858 -3.04999999910593
v -2.824999988079071 1.700000023841858 -3.04999999910593
v -1.675000011920929 0.4999999761581422 -3.04999999910593
v -2.824999988079071 0.4999999761581422 -3.04999999910593
vt 0 1
vt 1 1
vt 0 0
vt 1 0
vt 0 1
vt 1 1
vt 0 0
vt 1 0
vt 0 1
vt 1 1
vt 0 0
vt 1 0
vt 0 1
vt 1 1
vt 0 0
vt 1 0
vt 0 1
vt 1 1
vt 0 0
vt 1 0
vt 0 1
vt 1 1
vt 0 0
vt 1 0
vn 1 0 0
vn 1 0 0
vn 1 0 0
vn 1 0 0
vn -1 0 0
vn -1 0 0
vn -1 0 0
vn -1 0 0
vn 0 1 0
vn 0 1 0
vn 0 1 0
vn 0 1 0
vn 0 -1 0
vn 0 -1 0
vn 0 -1 0
vn 0 -1 0
vn 0 0 1
vn 0 0 1
vn 0 0 1
vn 0 0 1
vn 0 0 -1
vn 0 0 -1
vn 0 0 -1
vn 0 0 -1
f 97/97/97 99/99/99 98/98/98
f 99/99/99 100/100/100 98/98/98
f 101/101/101 103/103/103 102/102/102
f 103/103/103 104/104/104 102/102/102
f 105/105/105 107/107/107 106/106/106
f 107/107/107 108/108/108 106/106/106
f 109/109/109 111/111/111 110/110/110
f 111/111/111 112/112/112 110/110/110
f 113/113/113 115/115/115 114/114/114
f 115/115/115 116/116/116 114/114/114
f 117/117/117 119/119/119 118/118/118
f 119/119/119 120/120/120 118/118/118
o glass_s000-1
usemtl paleblue
v -2.9700000008940695 1.700000023841858 -1.675000011920929
v -2.9700000008940695 1.700000023841858 -2.824999988079071
v -2.9700000008940695 0.4999999761581422 -1.675000011920929
v -2.9700000008940695 0.4999999761581422 -2.824999988079071
v -3.04999999910593 1.700000023841858 -2.824999988079071
v -3.04999999910593 1.700000023841858 -1.675000011920929
v -3.04999999910593 0.4999999761581422 -2.824999988079071
v -3.04999999910593 0.4999999761581422 -1.675000011920929
v -3.04999999910593 1.700000023841858 -2.824999988079071
v -2.9700000008940695 1.700000023841858 -2.824999988079071
v -3.04999999910593 1.700000023841858 -1.675000011920929
v -2.9700000008940695 1.700000023841858 -1.675000011920929
v -3.04999999910593 0.4999999761581422 -1.675000011920929
v -2.9700000008940695 0.4999999761581422 -1.675000011920929
v -3.04999999910593 0.4999999761581422 -2.824999988079071
v -2.9700000008940695 0.4999999761581422 -2.824999988079071
v -3.04999999910593 1.700000023841858 -1.675000011920929
v -2.9700000008940695 1.700000023841858 -1.675000011920929
v -3.04999999910593 0.4999999761581422 -1.675000011920929
v -2.9700000008940695 0.4999999761581422 -1.675000011920929
v -2.9700000008940695 1.700000023841858 -2.824999988079071
v -3.04999999910593 1.700000023841858 -2.824999988079071
v -2.9700000008940695 0.4999999761581422 -2.824999988079071
v -3.04999999910593 0.4999999761581422 -2.824999988079071
vt 0 1
vt 1 1
vt 0 0
vt 1 0
vt 0 1
vt 1 1
vt 0 0
vt 1 0
vt 0 1
vt 1 1
vt 0 0
vt 1 0
vt 0 1
vt 1 1
vt 0 0
vt 1 0
vt 0 1
vt 1 1
vt 0 0
vt 1 0
vt 0 1
vt 1 1
vt 0 0
vt 1 0
vn 1 0 0
vn 1 0 0
vn 1 0 0
vn 1 0 0
vn -1 0 0
vn -1 0 0
vn -1 0 0
vn -1 0 0
vn 0 1 0
vn 0 1 0
vn 0 1 0
vn 0 1 0
vn 0 -1 0
vn 0 -1 0
vn 0 -1 0
vn 0 -1 0
vn 0 0 1
vn 0 0 1
vn 0 0 1
vn 0 0 1
vn 0 0 -1
vn 0 0 -1
vn 0 0 -1
vn 0 0 -1
f 121/121/121 123/123/123 122/122/122
f 123/123/123 124/124/124 122/122/122
f 125/125/125 127/127/127 126/126/126
f 127/127/127 128/128/128 126/126/126
f 129/129/129 131/131/131 130/130/130
f 131/131/131 132/132/132 130/130/130
f 133/133/133 135/135/135 134/134/134
f 135/135/135 136/136/136 134/134/134
f 137/137/137 139/139/139 138/138/138
f 139/139/139 140/140/140 138/138/138
f 141/141/141 143/143/143 142/142/142
f 143/143/143 144/144/144 142/142/142
o glass_0011
usemtl paleblue
v -0.17500001192092896 1.700000023841858 3.04999999910593
v -0.17500001192092896 1.700000023841858 2.9700000008940695
v -0.17500001192092896 0.4999999761581422 3.04999999910593
v -0.17500001192092896 0.4999999761581422 2.9700000008940695
v -1.324999988079071 1.700000023841858 2.9700000008940695
v -1.324999988079071 1.700000023841858 3.04999999910593
v -1.324999988079071 0.4999999761581422 2.9700000008940695
v -1.324999988079071 0.4999999761581422 3.04999999910593
v -1.324999988079071 1.700000023841858 2.9700000008940695
v -0.17500001192092896 1.700000023841858 2.9700000008940695
v -1.324999988079071 1.700000023841858 3.04999999910593
v -0.17500001192092896 1.700000023841858 3.04999999910593
v -1.324999988079071 0.4999999761581422 3.04999999910593
v -0.17500001192092896 0.4999999761581422 3.04999999910593
v -1.324999988079071 0.4999999761581422 2.9700000008940695
v -0.17500001192092896 0.4999999761581422 2.9700000008940695
v -1.324999988079071 1.700000023841858 3.04999999910593
v -0.17500001192092896 1.700000023841858 3.04999999910593
v -1.324999988079071 0.4999999761581422 3.04999999910593
v -0.17500001192092896 0.4999999761581422 3.04999999910593
v -0.17500001192092896 1.700000023841858 2.9700000008940695
v -1.324999988079071 1.700000023841858 2.9700000008940695
v -0.17500001192092896 0.4999999761581422 2.9700000008940695
v -1.324999988079071 0.4999999761581422 2.9700000008940695
vt 0 1
vt 1 1
vt 0 0
vt 1 0
vt 0 1
vt 1 1
vt 0 0
vt 1 0
vt 0 1
vt 1 1
vt 0 0
vt 1 0
vt 0 1
vt 1 1
vt 0 0
vt 1 0
vt 0 1
vt 1 1
vt 0 0
vt 1 0
vt 0 1
vt 1 1
vt 0 0
vt 1 0
vn 1 0 0
vn 1 0 0
vn 1 0 0
vn 1 0 0
vn -1 0 0
vn -1 0 0
vn -1 0 0
vn -1 0 0
vn 0 1 0
vn 0 1 0
vn 0 1 0
vn 0 1 0
vn 0 -1 0
vn 0 -1 0
vn 0 -1 0
vn 0 -1 0
vn 0 0 1
vn 0 0 1
vn 0 0 1
vn 0 0 1
vn 0 0 -1
vn 0 0 -1
vn 0 0 -1
vn 0 0 -1
f 145/145/145 147/147/147 146/146/146
f 147/147/147 148/148/148 146/146/146
f 149/149/149 151/151/151 150/150/150
f 151/151/151 152/152/152 150/150/150
f 153/153/153 155/155/155 154/154/154
f 155/155/155 156/156/156 154/154/154
f 157/157/157 159/159/159 158/158/158
f 159/159/159 160/160/160 158/158/158
f 161/161/161 163/163/163 162/162/162
f 163/163/163 164/164/164 162/162/162
f 165/165/165 167/167/167 166/166/166
f 167/167/167 168/168/168 166/166/166
o glass_s0011
usemtl paleblue
v 3.04999999910593 1.700000023841858 -0.17500001192092896
v 3.04999999910593 1.700000023841858 -1.324999988079071
v 3.04999999910593 0.4999999761581422 -0.17500001192092896
v 3.04999999910593 0.4999999761581422 -1.324999988079071
v 2.9700000008940695 1.700000023841858 -1.324999988079071
v 2.9700000008940695 1.700000023841858 -0.17500001192092896
v 2.9700000008940695 0.4999999761581422 -1.324999988079071
v 2.9700000008940695 0.4999999761581422 -0.17500001192092896
v 2.9700000008940695 1.700000023841858 -1.324999988079071
v 3.04999999910593 1.700000023841858 -1.324999988079071
v 2.9700000008940695 1.700000023841858 -0.17500001192092896
v 3.04999999910593 1.700000023841858 -0.17500001192092896
v 2.9700000008940695 0.4999999761581422 -0.17500001192092896
v 3.04999999910593 0.4999999761581422 -0.17500001192092896
v 2.9700000008940695 0.4999999761581422 -1.324999988079071
v 3.04999999910593 0.4999999761581422 -1.324999988079071
v 2.9700000008940695 1.700000023841858 -0.17500001192092896
v 3.04999999910593 1.700000023841858 -0.17500001192092896
v 2.9700000008940695 0.4999999761581422 -0.17500001192092896
v 3.04999999910593 0.4999999761581422 -0.17500001192092896
v 3.04999999910593 1.700000023841858 -1.324999988079071
v 2.9700000008940695 1.700000023841858 -1.324999988079071
v 3.04999999910593 0.4999999761581422 -1.324999988079071
v 2.9700000008940695 0.4999999761581422 -1.324999988079071
vt 0 1
vt 1 1
vt 0 0
vt 1 0
vt 0 1
vt 1 1
vt 0 0
vt 1 0
vt 0 1
vt 1 1
vt 0 0
vt 1 0
vt 0 1
vt 1 1
vt 0 0
vt 1 0
vt 0 1
vt 1 1
vt 0 0
vt 1 0
vt 0 1
vt 1 1
vt 0 0
vt 1 0
vn 1 0 0
vn 1 0 0
vn 1 0 0
vn 1 0 0
vn -1 0 0
vn -1 0 0
vn -1 0 0
vn -1 0 0
vn 0 1 0
vn 0 1 0
vn 0 1 0
vn 0 1 0
vn 0 -1 0
vn 0 -1 0
vn 0 -1 0
vn 0 -1 0
vn 0 0 1
vn 0 0 1
vn 0 0 1
vn 0 0 1
vn 0 0 -1
vn 0 0 -1
vn 0 0 -1
vn 0 0 -1
f 169/169/169 171/171/171 170/170/170
f 171/171/171 172/172/172 170/170/170
f 173/173/173 175/175/175 174/174/174
f 175/175/175 176/176/176 174/174/174
f 177/177/177 179/179/179 178/178/178
f 179/179/179 180/180/180 178/178/178
f 181/181/181 183/183/183 182/182/182
f 183/183/183 184/184/184 182/182/182
f 185/185/185 187/187/187 186/186/186
f 187/187/187 188/188/188 186/186/186
f 189/189/189 191/191/191 190/190/190
f 191/191/191 192/192/192 190/190/190
o glass_001-1
usemtl paleblue
v -0.17500001192092896 1.700000023841858 -2.9700000008940695
v -0.17500001192092896 1.700000023841858 -3.04999999910593
v -0.17500001192092896 0.4999999761581422 -2.9700000008940695
v -0.17500001192092896 0.4999999761581422 -3.04999999910593
v -1.324999988079071 1.700000023841858 -3.04999999910593
v -1.324999988079071 1.700000023841858 -2.9700000008940695
v -1.324999988079071 0.4999999761581422 -3.04999999910593
v -1.324999988079071 0.4999999761581422 -2.9700000008940695
v -1.324999988079071 1.700000023841858 -3.04999999910593
v -0.17500001192092896 1.700000023841858 -3.04999999910593
v -1.324999988079071 1.700000023841858 -2.9700000008940695
v -0.17500001192092896 1.700000023841858 -2.9700000008940695
v -1.324999988079071 0.4999999761581422 -2.9700000008940695
v -0.17500001192092896 0.4999999761581422 -2.9700000008940695
v -1.324999988079071 0.4999999761581422 -3.04999999910593
v -0.17500001192092896 0.4999999761581422 -3.04999999910593
v -1.324999988079071 1.700000023841858 -2.9700000008940695
v -0.17500001192092896 1.700000023841858 -2.9700000008940695
v -1.324999988079071 0.4999999761581422 -2.9700000008940695
v -0.17500001192092896 0.4999999761581422 -2.9700000008940695
v -0.17500001192092896 1.700000023841858 -3.04999999910593
v -1.324999988079071 1.700000023841858 -3.04999999910593
v -0.17500001192092896 0.4999999761581422 -3.04999999910593
v -1.324999988079071 0.4999999761581422 -3.04999999910593
vt 0 1
vt 1 1
vt 0 0
vt 1 0
vt 0 1
vt 1 1
vt 0 0
vt 1 0
vt 0 1
vt 1 1
vt 0 0
vt 1 0
vt 0 1
vt 1 1
vt 0 0
vt 1 0
vt 0 1
vt 1 1
vt 0 0
vt 1 0
vt 0 1
vt 1 1
vt 0 0
vt 1 0
vn 1 0 0
vn 1 0 0
vn 1 0 0
vn 1 0 0
vn -1 0 0
vn -1 0 0
vn -1 0 0
vn -1 0 0
vn 0 1 0
vn 0 1 0
vn 0 1 0
vn 0 1 0
vn 0 -1 0
vn 0 -1 0
vn 0 -1 0
vn 0 -1 0
vn 0 0 1
vn 0 0 1
vn 0 0 1
vn 0 0 1
vn 0 0 -1
vn 0 0 -1
vn 0 0 -1
vn 0 0 -1
f 193/193/193 195/195/195 194/194/194
f 195/195/195 196/196/196 194/194/194
f 197/197/197 199/199/199 198/198/198
f 199/199/199 200/200/200 198/198/198
f 201/201/201 203/203/203 202/202/202
f 203/203/203 204/204/204 202/202/202
f 205/205/205 207/207/207 206/206/206
f 207/207/207 208/208/208 206/206/206
f 209/209/209 211/211/211 210/210/210
f 211/211/211 212/212/212 210/210/210
f 213/213/213 215/215/215 214/214/214
f 215/215/215 216/216/216 214/214/214
o glass_s001-1
usemtl paleblue
v -2.9700000008940695 1.700000023841858 -0.17500001192092896
v -2.9700000008940695 1.700000023841858 -1.324999988079071
v -2.9700000008940695 0.4999999761581422 -0.17500001192092896
v -2.9700000008940695 0.4999999761581422 -1.324999988079071
v -3.04999999910593 1.700000023841858 -1.324999988079071
v -3.04999999910593 1.700000023841858 -0.17500001192092896
v -3.04999999910593 0.4999999761581422 -1.324999988079071
v -3.04999999910593 0.4999999761581422 -0.17500001192092896
v -3.04999999910593 1.700000023841858 -1.324999988079071
v -2.9700000008940695 1.700000023841858 -1.324999988079071
v -3.04999999910593 1.700000023841858 -0.17500001192092896
v -2.9700000008940695 1.700000023841858 -0.17500001192092896
v -3.04999999910593 0.4999999761581422 -0.17500001192092896
v -2.9700000008940695 0.4999999761581422 -0.17500001192092896
v -3.04999999910593 0.4999999761581422 -1.324999988079071
v -2.9700000008940695 0.4999999761581422 -1.324999988079071
v -3.04999999910593 1.700000023841858 -0.17500001192092896
v -2.9700000008940695 1.700000023841858 -0.17500001192092896
v -3.04999999910593 0.4999999761581422 -0.17500001192092896
v -2.9700000008940695 0.4999999761581422 -0.17500001192092896
v -2.9700000008940695 1.700000023841858 -1.324999988079071
v -3.04999999910593 1.700000023841858 -1.324999988079071
v -2.9700000008940695 0.4999999761581422 -1.324999988079071
v -3.04999999910593 0.4999999761581422 -1.324999988079071
vt 0 1
vt 1 1
vt 0 0
vt 1 0
vt 0 1
vt 1 1
vt 0 0
vt 1 0
vt 0 1
vt 1 1
vt 0 0
vt 1 0
vt 0 1
vt 1 1
vt 0 0
vt 1 0
vt 0 1
vt 1 1
vt 0 0
vt 1 0
vt 0 1
vt 1 1
vt 0 0
vt 1 0
vn 1 0 0
vn 1 0 0
vn 1 0 0
vn 1 0 0
vn -1 0 0
vn -1 0 0
vn -1 0 0
vn -1 0 0
vn 0 1 0
vn 0 1 0
vn 0 1 0
vn 0 1 0
vn 0 -1 0
vn 0 -1 0
vn 0 -1 0
vn 0 -1 0
vn 0 0 1
vn 0 0 1
vn 0 0 1
vn 0 0 1
vn 0 0 -1
vn 0 0 -1
vn 0 0 -1
vn 0 0 -1
f 217/217/217 219/219/219 218/218/218
f 219/219/219 220/220/220 218/218/218
f 221/221/221 223/223/223 222/222/222
f 223/223/223 224/224/224 222/222/222
f 225/225/225 227/227/227 226/226/226
f 227/227/227 228/228/228 226/226/226
f 229/229/229 231/231/231 230/230/230
f 231/231/231 232/232/232 230/230/230
f 233/233/233 235/235/235 234/234/234
f 235/235/235 236/236/236 234/234/234
f 237/237/237 239/239/239 238/238/238
f 239/239/239 240/240/240 238/238/238
o glass_0021
usemtl paleblue
v 1.324999988079071 1.700000023841858 3.04999999910593
v 1.324999988079071 1.700000023841858 2.9700000008940695
v 1.324999988079071 0.4999999761581422 3.04999999910593
v 1.324999988079071 0.4999999761581422 2.9700000008940695
v 0.17500001192092896 1.700000023841858 2.9700000008940695
v 0.17500001192092896 1.700000023841858 3.04999999910593
v 0.17500001192092896 0.4999999761581422 2.9700000008940695
v 0.17500001192092896 0.4999999761581422 3.04999999910593
v 0.17500001192092896 1.700000023841858 2.9700000008940695
v 1.324999988079071 1.700000023841858 2.9700000008940695
v 0.17500001192092896 1.700000023841858 3.04999999910593
v 1.324999988079071 1.700000023841858 3.04999999910593
v 0.17500001192092896 0.4999999761581422 3.04999999910593
v 1.324999988079071 0.4999999761581422 3.04999999910593
v 0.17500001192092896 0.4999999761581422 2.9700000008940695
v 1.324999988079071 0.4999999761581422 2.9700000008940695
v 0.17500001192092896 1.700000023841858 3.04999999910593
v 1.324999988079071 1.700000023841858 3.04999999910593
v 0.17500001192092896 0.4999999761581422 3.04999999910593
v 1.324999988079071 0.4999999761581422 3.04999999910593
v 1.324999988079071 1.700000023841858 2.9700000008940695
v 0.17500001192092896 1.700000023841858 2.9700000008940695
v 1.324999988079071 0.4999999761581422 2.9700000008940695
v 0.17500001192092896 0.4999999761581422 2.9700000008940695
vt 0 1
vt 1 1
vt 0 0
vt 1 0
vt 0 1
vt 1 1
vt 0 0
vt 1 0
vt 0 1
vt 1 1
vt 0 0
vt 1 0
vt 0 1
vt 1 1
vt 0 0
vt 1 0
vt 0 1
vt 1 1
vt 0 0
vt 1 0
vt 0 1
vt 1 1
vt 0 0
vt 1 0
vn 1 0 0
vn 1 0 0
vn 1 0 0
vn 1 0 0
vn -1 0 0
vn -1 0 0
vn -1 0 0
vn -1 0 0
vn 0 1 0
vn 0 1 0
vn 0 1 0
vn 0 1 0
vn 0 -1 0
vn 0 -1 0
vn 0 -1 0
vn 0 -1 0
vn 0 0 1
vn 0 0 1
vn 0 0 1
vn 0 0 1
vn 0 0 -1
vn 0 0 -1
vn 0 0 -1
vn 0 0 -1
f 241/241/241 243/243/243 242/242/242
f 243/243/243 244/244/244 242/242/242
f 245/245/245 247/247/247 246/246/246
f 247/247/247 248/248/248 246/246/246
f 249/249/249 251/251/251 250/250/250
f 251/251/251 252/252/252 250/250/250
f 253/253/253 255/255/255 254/254/254
f 255/255/255 256/256/256 254/254/254
f 257/257/257 259/259/259 258/258/258
f 259/259/259 260/260/260 258/258/258
f 261/261/261 263/263/263 262/262/262
f 263/263/263 264/264/264 262/262/262
o glass_s0021
usemtl paleblue
v 3.04999999910593 1.700000023841858 1.324999988079071
v 3.04999999910593 1.700000023841858 0.17500001192092896
v 3.04999999910593 0.4999999761581422 1.324999988079071
v 3.04999999910593 0.4999999761581422 0.17500001192092896
v 2.9700000008940695 1.700000023841858 0.17500001192092896
v 2.9700000008940695 1.700000023841858 1.324999988079071
v 2.9700000008940695 0.4999999761581422 0.17500001192092896
v 2.9700000008940695 0.4999999761581422 1.324999988079071
v 2.9700000008940695 1.700000023841858 0.17500001192092896
v 3.04999999910593 1.700000023841858 0.17500001192092896
v 2.9700000008940695 1.700000023841858 1.324999988079071
v 3.04999999910593 1.700000023841858 1.324999988079071
v 2.9700000008940695 0.4999999761581422 1.324999988079071
v 3.04999999910593 0.4999999761581422 1.324999988079071
v 2.9700000008940695 0.4999999761581422 0.17500001192092896
v 3.04999999910593 0.4999999761581422 0.17500001192092896
v 2.9700000008940695 1.700000023841858 1.324999988079071
v 3.04999999910593 1.700000023841858 1.324999988079071
v 2.9700000008940695 0.4999999761581422 1.324999988079071
v 3.04999999910593 0.4999999761581422 1.324999988079071
v 3.04999999910593 1.700000023841858 0.17500001192092896
v 2.9700000008940695 1.700000023841858 0.17500001192092896
v 3.04999999910593 0.4999999761581422 0.17500001192092896
v 2.9700000008940695 0.4999999761581422 0.17500001192092896
vt 0 1
vt 1 1
vt 0 0
vt 1 0
vt 0 1
vt 1 1
vt 0 0
vt 1 0
vt 0 1
vt 1 1
vt 0 0
vt 1 0
vt 0 1
vt 1 1
vt 0 0
vt 1 0
vt 0 1
vt 1 1
vt 0 0
vt 1 0
vt 0 1
vt 1 1
vt 0 0
vt 1 0
vn 1 0 0
vn 1 0 0
vn 1 0 0
vn 1 0 0
vn -1 0 0
vn -1 0 0
vn -1 0 0
vn -1 0 0
vn 0 1 0
vn 0 1 0
vn 0 1 0
vn 0 1 0
vn 0 -1 0
vn 0 -1 0
vn 0 -1 0
vn 0 -1 0
vn 0 0 1
vn 0 0 1
vn 0 0 1
vn 0 0 1
vn 0 0 -1
vn 0 0 -1
vn 0 0 -1
vn 0 0 -1
f 265/265/265 267/267/267 266/266/266
f 267/267/267 268/268/268 266/266/266
f 269/269/269 271/271/271 270/270/270
f 271/271/271 272/272/272 270/270/270
f 273/273/273 275/275/275 274/274/274
f 275/275/275 276/276/276 274/274/274
f 277/277/277 279/279/279 278/278/278
f 279/279/279 280/280/280 278/278/278
f 281/281/281 283/283/283 282/282/282
f 283/283/283 284/284/284 282/282/282
f 285/285/285 287/287/287 286/286/286
f 287/287/287 288/288/288 286/286/286
o glass_002-1
usemtl paleblue
v 1.324999988079071 1.700000023841858 -2.9700000008940695
v 1.324999988079071 1.700000023841858 -3.04999999910593
v 1.324999988079071 0.4999999761581422 -2.9700000008940695
v 1.324999988079071 0.4999999761581422 -3.04999999910593
v 0.17500001192092896 1.700000023841858 -3.04999999910593
v 0.17500001192092896 1.700000023841858 -2.9700000008940695
v 0.17500001192092896 0.4999999761581422 -3.04999999910593
v 0.17500001192092896 0.4999999761581422 -2.9700000008940695
v 0.17500001192092896 1.700000023841858 -3.04999999910593
v 1.324999988079071 1.700000023841858 -3.04999999910593
v 0.17500001192092896 1.700000023841858 -2.9700000008940695
v 1.324999988079071 1.700000023841858 -2.9700000008940695
v 0.17500001192092896 0.4999999761581422 -2.9700000008940695
v 1.324999988079071 0.4999999761581422 -2.9700000008940695
v 0.17500001192092896 0.4999999761581422 -3.04999999910593
v 1.324999988079071 0.4999999761581422 -3.04999999910593
v 0.17500001192092896 1.700000023841858 -2.9700000008940695
v 1.324999988079071 1.700000023841858 -2.9700000008940695
v 0.17500001192092896 0.4999999761581422 -2.9700000008940695
v 1.324999988079071 0.4999999761581422 -2.9700000008940695
v 1.324999988079071 1.700000023841858 -3.04999999910593
v 0.17500001192092896 1.700000023841858 -3.04999999910593
v 1.324999988079071 0.4999999761581422 -3.04999999910593
v 0.17500001192092896 0.4999999761581422 -3.04999999910593
vt 0 1
vt 1 1
vt 0 0
vt 1 0
vt 0 1
vt 1 1
vt 0 0
vt 1 0
vt 0 1
vt 1 1
vt 0 0
vt 1 0
vt 0 1
vt 1 1
vt 0 0
vt 1 0
vt 0 1
vt 1 1
vt 0 0
vt 1 0
vt 0 1
vt 1 1
vt 0 0
vt 1 0
vn 1 0 0
vn 1 0 0
vn 1 0 0
vn 1 0 0
vn -1 0 0
vn -1 0 0
vn -1 0 0
vn -1 0 0
vn 0 1 0
vn 0 1 0
vn 0 1 0
vn 0 1 0
vn 0 -1 0
vn 0 -1 0
vn 0 -1 0
vn 0 -1 0
vn 0 0 1
vn 0 0 1
vn 0 0 1
vn 0 0 1
vn 0 0 -1
vn 0 0 -1
vn 0 0 -1
vn 0 0 -1
f 289/289/289 291/291/291 290/290/290
f 291/291/291 292/292/292 290/290/290
f 293/293/293 295/295/295 294/294/294
f 295/295/295 296/296/296 294/294/294
f 297/297/297 299/299/299 298/298/298
f 299/299/299 300/300/300 298/298/298
f 301/301/301 303/303/303 302/302/302
f 303/303/303 304/304/304 302/302/302
f 305/305/305 307/307/307 306/306/306
f 307/307/307 308/308/308 306/306/306
f 309/309/309 311/311/311 310/310/310
f 311/311/311 312/312/312 310/310/310
o glass_s002-1
usemtl paleblue
v -2.9700000008940695 1.700000023841858 1.324999988079071
v -2.9700000008940695 1.700000023841858 0.17500001192092896
v -2.9700000008940695 0.4999999761581422 1.324999988079071
v -2.9700000008940695 0.4999999761581422 0.17500001192092896
v -3.04999999910593 1.700000023841858 0.17500001192092896
v -3.04999999910593 1.700000023841858 1.324999988079071
v -3.04999999910593 0.4999999761581422 0.17500001192092896
v -3.04999999910593 0.4999999761581422 1.324999988079071
v -3.04999999910593 1.700000023841858 0.17500001192092896
v -2.9700000008940695 1.700000023841858 0.17500001192092896
v -3.04999999910593 1.700000023841858 1.324999988079071
v -2.9700000008940695 1.700000023841858 1.324999988079071
v -3.04999999910593 0.4999999761581422 1.324999988079071
v -2.9700000008940695 0.4999999761581422 1.324999988079071
v -3.04999999910593 0.4999999761581422 0.17500001192092896
v -2.9700000008940695 0.4999999761581422 0.17500001192092896
v -3.04999999910593 1.700000023841858 1.324999988079071
v -2.9700000008940695 1.700000023841858 1.324999988079071
v -3.04999999910593 0.4999999761581422 1.324999988079071
v -2.9700000008940695 0.4999999761581422 1.324999988079071
v -2.9700000008940695 1.700000023841858 0.17500001192092896
v -3.04999999910593 1.700000023841858 0.17500001192092896
v -2.9700000008940695 0.4999999761581422 0.17500001192092896
v -3.04999999910593 0.4999999761581422 0.17500001192092896
vt 0 1
vt 1 1
vt 0 0
vt 1 0
vt 0 1
vt 1 1
vt 0 0
vt 1 0
vt 0 1
vt 1 1
vt 0 0
vt 1 0
vt 0 1
vt 1 1
vt 0 0
vt 1 0
vt 0 1
vt 1 1
vt 0 0
vt 1 0
vt 0 1
vt 1 1
vt 0 0
vt 1 0
vn 1 0 0
vn 1 0 0
vn 1 0 0
vn 1 0 0
vn -1 0 0
vn -1 0 0
vn -1 0 0
vn -1 0 0
vn 0 1 0
vn 0 1 0
vn 0 1 0
vn 0 1 0
vn 0 -1 0
vn 0 -1 0
vn 0 -1 0
vn 0 -1 0
vn 0 0 1
vn 0 0 1
vn 0 0 1
vn 0 0 1
vn 0 0 -1
vn 0 0 -1
vn 0 0 -1
vn 0 0 -1
f 313/313/313 315/315/315 314/314/314
f 315/315/315 316/316/316 314/314/314
f 317/317/317 319/319/319 318/318/318
f 319/319/319 320/320/320 318/318/318
f 321/321/321 323/323/323 322/322/322
f 323/323/323 324/324/324 322/322/322
f 325/325/325 327/327/327 326/326/326
f 327/327/327 328/328/328 326/326/326
f 329/329/329 331/331/331 330/330/330
f 331/331/331 332/332/332 330/330/330
f 333/333/333 335/335/335 334/334/334
f 335/335/335 336/336/336 334/334/334
o glass_0031
usemtl paleblue
v 2.824999988079071 1.700000023841858 3.04999999910593
v 2.824999988079071 1.700000023841858 2.9700000008940695
v 2.824999988079071 0.4999999761581422 3.04999999910593
v 2.824999988079071 0.4999999761581422 2.9700000008940695
v 1.675000011920929 1.700000023841858 2.9700000008940695
v 1.675000011920929 1.700000023841858 3.04999999910593
v 1.675000011920929 0.4999999761581422 2.9700000008940695
v 1.675000011920929 0.4999999761581422 3.04999999910593
v 1.675000011920929 1.700000023841858 2.9700000008940695
v 2.824999988079071 1.700000023841858 2.9700000008940695
v 1.675000011920929 1.700000023841858 3.04999999910593
v 2.824999988079071 1.700000023841858 3.04999999910593
v 1.675000011920929 0.4999999761581422 3.04999999910593
v 2.824999988079071 0.4999999761581422 3.04999999910593
v 1.675000011920929 0.4999999761581422 2.9700000008940695
v 2.824999988079071 0.4999999761581422 2.9700000008940695
v 1.675000011920929 1.700000023841858 3.04999999910593
v 2.824999988079071 1.700000023841858 3.04999999910593
v 1.675000011920929 0.4999999761581422 3.04999999910593
v 2.824999988079071 0.4999999761581422 3.04999999910593
v 2.824999988079071 1.700000023841858 2.9700000008940695
v 1.675000011920929 1.700000023841858 2.9700000008940695
v 2.824999988079071 0.4999999761581422 2.9700000008940695
v 1.675000011920929 0.4999999761581422 2.9700000008940695
vt 0 1
vt 1 1
vt 0 0
vt 1 0
vt 0 1
vt 1 1
vt 0 0
vt 1 0
vt 0 1
vt 1 1
vt 0 0
vt 1 0
vt 0 1
vt 1 1
vt 0 0
vt 1 0
vt 0 1
vt 1 1
vt 0 0
vt 1 0
vt 0 1
vt 1 1
vt 0 0
vt 1 0
vn 1 0 0
vn 1 0 0
vn 1 0 0
vn 1 0 0
vn -1 0 0
vn -1 0 0
vn -1 0 0
vn -1 0 0
vn 0 1 0
vn 0 1 0
vn 0 1 0
vn 0 1 0
vn 0 -1 0
vn 0 -1 0
vn 0 -1 0
vn 0 -1 0
vn 0 0 1
vn 0 0 1
vn 0 0 1
vn 0 0 1
vn 0 0 -1
vn 0 0 -1
vn 0 0 -1
vn 0 0 -1
f 337/337/337 339/339/339 338/338/338
f 339/339/339 340/340/340 338/338/338
f 341/341/341 343/343/343 342/342/342
f 343/343/343 344/344/344 342/342/342
f 345/345/345 347/347/347 346/346/346
f 347/347/347 348/348/348 346/346/346
f 349/349/349 351/351/351 350/350/350
f 351/351/351 352/352/352 350/350/350
f 353/353/353 355/355/355 354/354/354
f 355/355/355 356/356/356 354/354/354
f 357/357/357 359/359/359 358/358/358
f 359/359/359 360/360/360 358/358/358
o glass_s0031
usemtl paleblue
v 3.04999999910593 1.700000023841858 2.824999988079071
v 3.04999999910593 1.700000023841858 1.675000011920929
v 3.04999999910593 0.4999999761581422 2.824999988079071
v 3.04999999910593 0.4999999761581422 1.675000011920929
v 2.9700000008940695 1.700000023841858 1.675000011920929
v 2.9700000008940695 1.700000023841858 2.824999988079071
v 2.9700000008940695 0.4999999761581422 1.675000011920929
v 2.9700000008940695 0.4999999761581422 2.824999988079071
v 2.9700000008940695 1.700000023841858 1.675000011920929
v 3.04999999910593 1.700000023841858 1.675000011920929
v 2.9700000008940695 1.700000023841858 2.824999988079071
v 3.04999999910593 1.700000023841858 2.824999988079071
v 2.9700000008940695 0.4999999761581422 2.824999988079071
v 3.04999999910593 0.4999999761581422 2.824999988079071
v 2.9700000008940695 0.4999999761581422 1.675000011920929
v 3.04999999910593 0.4999999761581422 1.675000011920929
v 2.9700000008940695 1.700000023841858 2.824999988079071
v 3.04999999910593 1.700000023841858 2.824999988079071
v 2.9700000008940695 0.4999999761581422 2.824999988079071
v 3.04999999910593 0.4999999761581422 2.824999988079071
v 3.04999999910593 1.700000023841858 1.675000011920929
v 2.9700000008940695 1.700000023841858 1.675000011920929
v 3.04999999910593 0.4999999761581422 1.675000011920929
v 2.9700000008940695 0.4999999761581422 1.675000011920929
vt 0 1
vt 1 1
vt 0 0
vt 1 0
vt 0 1
vt 1 1
vt 0 0
vt 1 0
vt 0 1
vt 1 1
vt 0 0
vt 1 0
vt 0 1
vt 1 1
vt 0 0
vt 1 0
vt 0 1
vt 1 1
vt 0 0
vt 1 0
vt 0 1
vt 1 1
vt 0 0
vt 1 0
vn 1 0 0
vn 1 0 0
vn 1 0 0
vn 1 0 0
vn -1 0 0
vn -1 0 0
vn -1 0 0
vn -1 0 0
vn 0 1 0
vn 0 1 0
vn 0 1 0
vn 0 1 0
vn 0 -1 0
vn 0 -1 0
vn 0 -1 0
vn 0 -1 0
vn 0 0 1
vn 0 0 1
vn 0 0 1
vn 0 0 1
vn 0 0 -1
vn 0 0 -1
vn 0 0 -1
vn 0 0 -1
f 361/361/361 363/363/363 362/362/362
f 363/363/363 364/364/364 362/362/362
f 365/365/365 367/367/367 366/366/366
f 367/367/367 368/368/368 366/366/366
f 369/369/369 371/371/371 370/370/370
f 371/371/371 372/372/372 370/370/370
f 373/373/373 375/375/375 374/374/374
f 375/375/375 376/376/376 374/374/374
f 377/377/377 379/379/379 378/378/378
f 379/379/379 380/380/380 378/378/378
f 381/381/381 383/383/383 382/382/382
f 383/383/383 384/384/384 382/382/382
o glass_003-1
usemtl paleblue
v 2.824999988079071 1.700000023841858 -2.9700000008940695
v 2.824999988079071 1.700000023841858 -3.04999999910593
v 2.824999988079071 0.4999999761581422 -2.9700000008940695
v 2.824999988079071 0.4999999761581422 -3.04999999910593
v 1.675000011920929 1.700000023841858 -3.04999999910593
v 1.675000011920929 1.700000023841858 -2.9700000008940695
v 1.675000011920929 0.4999999761581422 -3.04999999910593
v 1.675000011920929 0.4999999761581422 -2.9700000008940695
v 1.675000011920929 1.700000023841858 -3.04999999910593
v 2.824999988079071 1.700000023841858 -3.04999999910593
v 1.675000011920929 1.700000023841858 -2.9700000008940695
v 2.824999988079071 1.700000023841858 -2.9700000008940695
v 1.675000011920929 0.4999999761581422 -2.9700000008940695
v 2.824999988079071 0.4999999761581422 -2.9700000008940695
v 1.675000011920929 0.4999999761581422 -3.04999999910593
v 2.824999988079071 0.4999999761581422 -3.04999999910593
v 1.675000011920929 1.700000023841858 -2.9700000008940695
v 2.824999988079071 1.700000023841858 -2.9700000008940695
v 1.675000011920929 0.4999999761581422 -2.9700000008940695
v 2.824999988079071 0.4999999761581422 -2.9700000008940695
v 2.824999988079071 1.700000023841858 -3.04999999910593
v 1.675000011920929 1.700000023841858 -3.04999999910593
v 2.824999988079071 0.4999999761581422 -3.04999999910593
v 1.675000011920929 0.4999999761581422 -3.04999999910593
vt 0 1
vt 1 1
vt 0 0
vt 1 0
vt 0 1
vt 1 1
vt 0 0
vt 1 0
vt 0 1
vt 1 1
vt 0 0
vt 1 0
vt 0 1
vt 1 1
vt 0 0
vt 1 0
vt 0 1
vt 1 1
vt 0 0
vt 1 0
vt 0 1
vt 1 1
vt 0 0
vt 1 0
vn 1 0 0
vn 1 0 0
vn 1 0 0
vn 1 0 0
vn -1 0 0
vn -1 0 0
vn -1 0 0
vn -1 0 0
vn 0 1 0
vn 0 1 0
vn 0 1 0
vn 0 1 0
vn 0 -1 0
vn 0 -1 0
vn 0 -1 0
vn 0 -1 0
vn 0 0 1
vn 0 0 1
vn 0 0 1
vn 0 0 1
vn 0 0 -1
vn 0 0 -1
vn 0 0 -1
vn 0 0 -1
f 385/385/385 387/387/387 386/386/386
f 387/387/387 388/388/388 386/386/386
f 389/389/389 391/391/391 390/390/390
f 391/391/391 392/392/392 390/390/390
f 393/393/393 395/395/395 394/394/394
f 395/395/395 396/396/396 394/394/394
f 397/397/397 399/399/399 398/398/398
f 399/399/399 400/400/400 398/398/398
f 401/401/401 403/403/403 402/402/402
f 403/403/403 404/404/404 402/402/402
f 405/405/405 407/407/407 406/406/406
f 407/407/407 408/408/408 406/406/406
o glass_s003-1
usemtl paleblue
v -2.9700000008940695 1.700000023841858 2.824999988079071
v -2.9700000008940695 1.700000023841858 1.675000011920929
v -2.9700000008940695 0.4999999761581422 2.824999988079071
v -2.9700000008940695 0.4999999761581422 1.675000011920929
v -3.04999999910593 1.700000023841858 1.675000011920929
v -3.04999999910593 1.700000023841858 2.824999988079071
v -3.04999999910593 0.4999999761581422 1.675000011920929
v -3.04999999910593 0.4999999761581422 2.824999988079071
v -3.04999999910593 1.700000023841858 1.675000011920929
v -2.9700000008940695 1.700000023841858 1.675000011920929
v -3.04999999910593 1.700000023841858 2.824999988079071
v -2.9700000008940695 1.700000023841858 2.824999988079071
v -3.04999999910593 0.4999999761581422 2.824999988079071
v -2.9700000008940695 0.4999999761581422 2.824999988079071
v -3.04999999910593 0.4999999761581422 1.675000011920929
v -2.9700000008940695 0.4999999761581422 1.675000011920929
v -3.04999999910593 1.700000023841858 2.824999988079071
v -2.9700000008940695 1.700000023841858 2.824999988079071
v -3.04999999910593 0.4999999761581422 2.824999988079071
v -2.9700000008940695 0.4999999761581422 2.824999988079071
v -2.9700000008940695 1.700000023841858 1.675000011920929
v -3.04999999910593 1.700000023841858 1.675000011920929
v -2.9700000008940695 0.4999999761581422 1.675000011920929
v -3.04999999910593 0.4999999761581422 1.675000011920929
vt 0 1
vt 1 1
vt 0 0
vt 1 0
vt 0 1
vt 1 1
vt 0 0
vt 1 0
vt 0 1
vt 1 1
vt 0 0
vt 1 0
vt 0 1
vt 1 1
vt 0 0
vt 1 0
vt 0 1
vt 1 1
vt 0 0
vt 1 0
vt 0 1
vt 1 1
vt 0 0
vt 1 0
vn 1 0 0
vn 1 0 0
vn 1 0 0
vn 1 0 0
vn -1 0 0
vn -1 0 0
vn -1 0 0
vn -1 0 0
vn 0 1 0
vn 0 1 0
vn 0 1 0
vn 0 1 0
vn 0 -1 0
vn 0 -1 0
vn 0 -1 0
vn 0 -1 0
vn 0 0 1
vn 0 0 1
vn 0 0 1
vn 0 0 1
vn 0 0 -1
vn 0 0 -1
vn 0 0 -1
vn 0 0 -1
f 409/409/409 411/411/411 410/410/410
f 411/411/411 412/412/412 410/410/410
f 413/413/413 415/415/415 414/414/414
f 415/415/415 416/416/416 414/414/414
f 417/417/417 419/419/419 418/418/418
f 419/419/419 420/420/420 418/418/418
f 421/421/421 423/423/423 422/422/422
f 423/423/423 424/424/424 422/422/422
f 425/425/425 427/427/427 426/426/426
f 427/427/427 428/428/428 426/426/426
f 429/429/429 431/431/431 430/430/430
f 431/431/431 432/432/432 430/430/430
o glass_0101
usemtl paleblue
v -1.675000011920929 3.700000023841858 3.04999999910593
v -1.675000011920929 3.700000023841858 2.9700000008940695
v -1.675000011920929 2.499999976158142 3.04999999910593
v -1.675000011920929 2.499999976158142 2.9700000008940695
v -2.824999988079071 3.700000023841858 2.9700000008940695
v -2.824999988079071 3.700000023841858 3.04999999910593
v -2.824999988079071 2.499999976158142 2.9700000008940695
v -2.824999988079071 2.499999976158142 3.04999999910593
v -2.824999988079071 3.700000023841858 2.9700000008940695
v -1.675000011920929 3.700000023841858 2.9700000008940695
v -2.824999988079071 3.700000023841858 3.04999999910593
v -1.675000011920929 3.700000023841858 3.04999999910593
v -2.824999988079071 2.499999976158142 3.04999999910593
v -1.675000011920929 2.499999976158142 3.04999999910593
v -2.824999988079071 2.499999976158142 2.9700000008940695
v -1.675000011920929 2.499999976158142 2.9700000008940695
v -2.824999988079071 3.700000023841858 3.04999999910593
v -1.675000011920929 3.700000023841858 3.04999999910593
v -2.824999988079071 2.499999976158142 3.04999999910593
v -1.675000011920929 2.499999976158142 3.04999999910593
v -1.675000011920929 3.700000023841858 2.9700000008940695
v -2.824999988079071 3.700000023841858 2.9700000008940695
v -1.675000011920929 2.499999976158142 2.9700000008940695
v -2.824999988079071 2.499999976158142 2.9700000008940695
vt 0 1
vt 1 1
vt 0 0
vt 1 0
vt 0 1
vt 1 1
vt 0 0
vt 1 0
vt 0 1
vt 1 1
vt 0 0
vt 1 0
vt 0 1
vt 1 1
vt 0 0
vt 1 0
vt 0 1
vt 1 1
vt 0 0
vt 1 0
vt 0 1
vt 1 1
vt 0 0
vt 1 0
vn 1 0 0
vn 1 0 0
vn 1 0 0
vn 1 0 0
vn -1 0 0
vn -1 0 0
vn -1 0 0
vn -1 0 0
vn 0 1 0
vn 0 1 0
vn 0 1 0
vn 0 1 0
vn 0 -1 0
vn 0 -1 0
vn 0 -1 0
vn 0 -1 0
vn 0 0 1
vn 0 0 1
vn 0 0 1
vn 0 0 1
vn 0 0 -1
vn 0 0 -1
vn 0 0 -1
vn 0 0 -1
f 433/433/433 435/435/435 434/434/434
f 435/435/435 436/436/436 434/434/434
f 437/437/437 439/439/439 438/438/438
f 439/439/439 440/440/440 438/438/438
f 441/441/441 443/443/443 442/442/442
f 443/443/443 444/444/444 442/442/442
f 445/445/445 447/447/447 446/446/446
f 447/447/447 448/448/448 446/446/446
f 449/449/449 451/451/451 450/450/450
f 451/451/451 452/452/452 450/450/450
f 453/453/453 455/455/455 454/454/454
f 455/455/455 456/456/456 454/454/454
o glass_s0101
usemtl paleblue
v 3.04999999910593 3.700000023841858 -1.675000011920929
v 3.04999999910593 3.700000023841858 -2.824999988079071
v 3.04999999910593 2.499999976158142 -1.675000011920929
v 3.04999999910593 2.499999976158142 -2.824999988079071
v 2.9700000008940695 3.700000023841858 -2.824999988079071
v 2.9700000008940695 3.700000023841858 -1.675000011920929
v 2.9700000008940695 2.499999976158142 -2.824999988079071
v 2.9700000008940695 2.499999976158142 -1.675000011920929
v 2.9700000008940695 3.700000023841858 -2.824999988079071
v 3.04999999910593 3.700000023841858 -2.824999988079071
v 2.9700000008940695 3.700000023841858 -1.675000011920929
v 3.04999999910593 3.700000023841858 -1.675000011920929
v 2.9700000008940695 2.499999976158142 -1.675000011920929
v 3.04999999910593 2.499999976158142 -1.675000011920929
v 2.9700000008940695 2.499999976158142 -2.824999988079071
v 3.04999999910593 2.499999976158142 -2.824999988079071
v 2.9700000008940695 3.700000023841858 -1.675000011920929
v 3.04999999910593 3.700000023841858 -1.675000011920929
v 2.9700000008940695 2.499999976158142 -1.675000011920929
v 3.04999999910593 2.499999976158142 -1.675000011920929
v 3.04999999910593 3.700000023841858 -2.824999988079071
v 2.9700000008940695 3.700000023841858 -2.824999988079071
v 3.04999999910593 2.499999976158142 -2.824999988079071
v 2.9700000008940695 2.499999976158142 -2.824999988079071
vt 0 1
vt 1 1
vt 0 0
vt 1 0
vt 0 1
vt 1 1
vt 0 0
vt 1 0
vt 0 1
vt 1 1
vt 0 0
vt 1 0
vt 0 1
vt 1 1
vt 0 0
vt 1 0
vt 0 1
vt 1 1
vt 0 0
vt 1 0
vt 0 1
vt 1 1
vt 0 0
vt 1 0
vn 1 0 0
vn 1 0 0
vn 1 0 0
vn 1 0 0
vn -1 0 0
vn -1 0 0
vn -1 0 0
vn -1 0 0
vn 0 1 0
vn 0 1 0
vn 0 1 0
vn 0 1 0
vn 0 -1 0
vn 0 -1 0
vn 0 -1 0
vn 0 -1 0
vn 0 0 1
vn 0 0 1
vn 0 0 1
vn 0 0 1
vn 0 0 -1
vn 0 0 -1
vn 0 0 -1
vn 0 0 -1
f 457/457/457 459/459/459 458/458/458
f 459/459/459 460/460/460 458/458/458
f 461/461/461 463/463/463 462/462/462
f 463/463/463 464/464/464 462/462/462
f 465/465/465 467/467/467 466/466/466
f 467/467/467 468/468/468 466/466/466
f 469/469/469 471/471/471 470/470/470
f 471/471/471 472/472/472 470/470/470
f 473/473/473 475/475/475 474/474/474
f 475/475/475 476/476/476 474/474/474
f 477/477/477 479/479/479 478/478/478
f 479/479/479 480/480/480 478/478/478
o glass_010-1
usemtl paleblue
v -1.675000011920929 3.700000023841858 -2.9700000008940695
v -1.675000011920929 3.700000023841858 -3.04999999910593
v -1.675000011920929 2.499999976158142 -2.9700000008940695
v -1.675000011920929 2.499999976158142 -3.04999999910593
v -2.824999988079071 3.700000023841858 -3.04999999910593
v -2.824999988079071 3.700000023841858 -2.9700000008940695
v -2.824999988079071 2.499999976158142 -3.04999999910593
v -2.824999988079071 2.499999976158142 -2.9700000008940695
v -2.824999988079071 3.700000023841858 -3.04999999910593
v -1.675000011920929 3.700000023841858 -3.04999999910593
v -2.824999988079071 3.700000023841858 -2.9700000008940695
v -1.675000011920929 3.700000023841858 -2.9700000008940695
v -2.824999988079071 2.499999976158142 -2.9700000008940695
v -1.675000011920929 2.499999976158142 -2.9700000008940695
v -2.824999988079071 2.499999976158142 -3.04999999910593
v -1.675000011920929 2.499999976158142 -3.04999999910593
v -2.824999988079071 3.700000023841858 -2.9700000008940695
v -1.675000011920929 3.700000023841858 -2.9700000008940695
v -2.824999988079071 2.499999976158142 -2.9700000008940695
v -1.675000011920929 2.499999976158142 -2.9700000008940695
v -1.675000011920929 3.700000023841858 -3.04999999910593
v -2.824999988079071 3.700000023841858 -3.04999999910593
v -1.675000011920929 2.499999976158142 -3.04999999910593
v -2.824999988079071 2.499999976158142 -3.04999999910593
vt 0 1
vt 1 1
vt 0 0
vt 1 0
vt 0 1
vt 1 1
vt 0 0
vt 1 0
vt 0 1
vt 1 1
vt 0 0
vt 1 0
vt 0 1
vt 1 1
vt 0 0
vt 1 0
vt 0 1
vt 1 1
vt 0 0
vt 1 0
vt 0 1
vt 1 1
vt 0 0
vt 1 0
vn 1 0 0
vn 1 0 0
vn 1 0 0
vn 1 0 0
vn -1 0 0
vn -1 0 0
vn -1 0 0
vn -1 0 0
vn 0 1 0
vn 0 1 0
vn 0 1 0
vn 0 1 0
vn 0 -1 0
vn 0 -1 0
vn 0 -1 0
vn 0 -1 0
vn 0 0 1
vn 0 0 1
vn 0 0 1
vn 0 0 1
vn 0 0 -1
vn 0 0 -1
vn 0 0 -1
vn 0 0 -1
f 481/481/481 483/483/483 482/482/482
f 483/483/483 484/484/484 482/482/482
f 485/485/485 487/487/487 486/486/486
f 487/487/487 488/488/488 486/486/486
f 489/489/489 491/491/491 490/490/490
f 491/491/491 492/492/492 490/490/490
f 493/493/493 495/495/495 494/494/494
f 495/495/495 496/496/496 494/494/494
f 497/497/497 499/499/499 498/498/498
f 499/499/499 500/500/500 498/498/498
f 501/501/501 503/503/503 502/502/502
f 503/503/503 504/504/504 502/502/502
o glass_s010-1
usemtl paleblue
v -2.9700000008940695 3.700000023841858 -1.675000011920929
v -2.9700000008940695 3.700000023841858 -2.824999988079071
v -2.9700000008940695 2.499999976158142 -1.675000011920929
v -2.9700000008940695 2.499999976158142 -2.824999988079071
v -3.04999999910593 3.700000023841858 -2.824999988079071
v -3.04999999910593 3.700000023841858 -1.675000011920929
v -3.04999999910593 2.499999976158142 -2.824999988079071
v -3.04999999910593 2.499999976158142 -1.675000011920929
v -3.04999999910593 3.700000023841858 -2.824999988079071
v -2.9700000008940695 3.700000023841858 -2.824999988079071
v -3.04999999910593 3.700000023841858 -1.675000011920929
v -2.9700000008940695 3.700000023841858 -1.675000011920929
v -3.04999999910593 2.499999976158142 -1.675000011920929
v -2.9700000008940695 2.499999976158142 -1.675000011920929
v -3.04999999910593 2.499999976158142 -2.824999988079071
v -2.9700000008940695 2.499999976158142 -2.824999988079071
v -3.04999999910593 3.700000023841858 -1.675000011920929
v -2.9700000008940695 3.700000023841858 -1.675000011920929
v -3.04999999910593 2.499999976158142 -1.675000011920929
v -2.9700000008940695 2.499999976158142 -1.675000011920929
v -2.9700000008940695 3.700000023841858 -2.824999988079071
v -3.04999999910593 3.700000023841858 -2.824999988079071
v -2.9700000008940695 2.499999976158142 -2.824999988079071
v -3.04999999910593 2.499999976158142 -2.824999988079071
vt 0 1
vt 1 1
vt 0 0
vt 1 0
vt 0 1
vt 1 1
vt 0 0
vt 1 0
vt 0 1
vt 1 1
vt 0 0
vt 1 0
vt 0 1
vt 1 1
vt 0 0
vt 1 0
vt 0 1
vt 1 1
vt 0 0
vt 1 0
vt 0 1
vt 1 1
vt 0 0
vt 1 0
vn 1 0 0
vn 1 0 0
vn 1 0 0
vn 1 0 0
vn -1 0 0
vn -1 0 0
vn -1 0 0
vn -1 0 0
vn 0 1 0
vn 0 1 0
vn 0 1 0
vn 0 1 0
vn 0 -1 0
vn 0 -1 0
vn 0 -1 0
vn 0 -1 0
vn 0 0 1
vn 0 0 1
vn 0 0 1
vn 0 0 1
vn 0 0 -1
vn 0 0 -1
vn 0 0 -1
vn 0 0 -1
f 505/505/505 507/507/507 506/506/506
f 507/507/507 508/508/508 506/506/506
f 509/509/509 511/511/511 510/510/510
f 511/511/511 512/512/512 510/510/510
f 513/513/513 515/515/515 514/514/514
f 515/515/515 516/516/516 514/514/514
f 517/517/517 519/519/519 518/518/518
f 519/519/519 520/520/520 518/518/518
f 521/521/521 523/523/523 522/522/522
f 523/523/523 524/524/524 522/522/522
f 525/525/525 527/527/527 526/526/526
f 527/527/527 528/528/528 526/526/526
o glass_0111
usemtl paleblue
v -0.17500001192092896 3.700000023841858 3.04999999910593
v -0.17500001192092896 3.700000023841858 2.9700000008940695
v -0.17500001192092896 2.499999976158142 3.04999999910593
v -0.17500001192092896 2.499999976158142 2.9700000008940695
v -1.324999988079071 3.700000023841858 2.9700000008940695
v -1.324999988079071 3.700000023841858 3.04999999910593
v -1.324999988079071 2.499999976158142 2.9700000008940695
v -1.324999988079071 2.499999976158142 3.04999999910593
v -1.324999988079071 3.700000023841858 2.9700000008940695
v -0.17500001192092896 3.700000023841858 2.9700000008940695
v -1.324999988079071 3.700000023841858 3.04999999910593
v -0.17500001192092896 3.700000023841858 3.04999999910593
v -1.324999988079071 2.499999976158142 3.04999999910593
v -0.17500001192092896 2.499999976158142 3.04999999910593
v -1.324999988079071 2.499999976158142 2.9700000008940695
v -0.17500001192092896 2.499999976158142 2.9700000008940695
v -1.324999988079071 3.700000023841858 3.04999999910593
v -0.17500001192092896 3.700000023841858 3.04999999910593
v -1.324999988079071 2.499999976158142 3.04999999910593
v -0.17500001192092896 2.499999976158142 3.04999999910593
v -0.17500001192092896 3.700000023841858 2.9700000008940695
v -1.324999988079071 3.700000023841858 2.9700000008940695
v -0.17500001192092896 2.499999976158142 2.9700000008940695
v -1.324999988079071 2.499999976158142 2.9700000008940695
vt 0 1
vt 1 1
vt 0 0
vt 1 0
vt 0 1
vt 1 1
vt 0 0
vt 1 0
vt 0 1
vt 1 1
vt 0 0
vt 1 0
vt 0 1
vt 1 1
vt 0 0
vt 1 0
vt 0 1
vt 1 1
vt 0 0
vt 1 0
vt 0 1
vt 1 1
vt 0 0
vt 1 0
vn 1 0 0
vn 1 0 0
vn 1 0 0
vn 1 0 0
vn -1 0 0
vn -1 0 0
vn -1 0 0
vn -1 0 0
vn 0 1 0
vn 0 1 0
vn 0 1 0
vn 0 1 0
vn 0 -1 0
vn 0 -1 0
vn 0 -1 0
vn 0 -1 0
vn 0 0 1
vn 0 0 1
vn 0 0 1
vn 0 0 1
vn 0 0 -1
vn 0 0 -1
vn 0 0 -1
vn 0 0 -1
f 529/529/529 531/531/531 530/530/530
f 531/531/531 532/532/532 530/530/530
f 533/533/533 535/535/535 534/534/534
f 535/535/535 536/536/536 534/534/534
f 537/537/537 539/539/539 538/538/538
f 539/539/539 540/540/540 538/538/538
f 541/541/541 543/543/543 542/542/542
f 543/543/543 544/544/544 542/542/542
f 545/545/545 547/547/547 546/546/546
f 547/547/547 548/548/548 546/546/546
f 549/549/549 551/551/551 550/550/550
f 551/551/551 552/552/552 550/550/550
o glass_s0111
usemtl paleblue
v 3.04999999910593 3.700000023841858 -0.17500001192092896
v 3.04999999910593 3.700000023841858 -1.324999988079071
v 3.04999999910593 2.499999976158142 -0.17500001192092896
v 3.04999999910593 2.499999976158142 -1.324999988079071
v 2.9700000008940695 3.700000023841858 -1.324999988079071
v 2.9700000008940695 3.700000023841858 -0.17500001192092896
v 2.9700000008940695 2.499999976158142 -1.324999988079071
v 2.9700000008940695 2.499999976158142 -0.17500001192092896
v 2.9700000008940695 3.700000023841858 -1.324999988079071
v 3.04999999910593 3.700000023841858 -1.324999988079071
v 2.9700000008940695 3.700000023841858 -0.17500001192092896
v 3.04999999910593 3.700000023841858 -0.17500001192092896
v 2.9700000008940695 2.499999976158142 -0.17500001192092896
v 3.04999999910593 2.499999976158142 -0.17500001192092896
v 2.9700000008940695 2.499999976158142 -1.324999988079071
v 3.04999999910593 2.499999976158142 -1.324999988079071
v 2.9700000008940695 3.700000023841858 -0.17500001192092896
v 3.04999999910593 3.700000023841858 -0.17500001192092896
v 2.9700000008940695 2.499999976158142 -0.17500001192092896
v 3.04999999910593 2.499999976158142 -0.17500001192092896
v 3.04999999910593 3.700000023841858 -1.324999988079071
v 2.9700000008940695 3.700000023841858 -1.324999988079071
v 3.04999999910593 2.499999976158142 -1.324999988079071
v 2.9700000008940695 2.499999976158142 -1.324999988079071
vt 0 1
vt 1 1
vt 0 0
vt 1 0
vt 0 1
vt 1 1
vt 0 0
vt 1 0
vt 0 1
vt 1 1
vt 0 0
vt 1 0
vt 0 1
vt 1 1
vt 0 0
vt 1 0
vt 0 1
vt 1 1
vt 0 0
vt 1 0
vt 0 1
vt 1 1
vt 0 0
vt 1 0
vn 1 0 0
vn 1 0 0
vn 1 0 0
vn 1 0 0
vn -1 0 0
vn -1 0 0
vn -1 0 0
vn -1 0 0
vn 0 1 0
vn 0 1 0
vn 0 1 0
vn 0 1 0
vn 0 -1 0
vn 0 -1 0
vn 0 -1 0
vn 0 -1 0
vn 0 0 1
vn 0 0 1
vn 0 0 1
vn 0 0 1
vn 0 0 -1
vn 0 0 -1
vn 0 0 -1
vn 0 0 -1
f 553/553/553 555/555/555 554/554/554
f 555/555/555 556/556/556 554/554/554
f 557/557/557 559/559/559 558/558/558
f 559/559/559 560/560/560 558/558/558
f 561/561/561 563/563/563 562/562/562
f 563/563/563 564/564/564 562/562/562
f 565/565/565 567/567/567 566/566/566
f 567/567/567 568/568/568 566/566/566
f 569/569/569 571/571/571 570/570/570
f 571/571/571 572/572/572 570/570/570
f 573/573/573 575/575/575 574/574/574
f 575/575/575 576/576/576 574/574/574
o glass_011-1
usemtl paleblue
v -0.17500001192092896 3.700000023841858 -2.9700000008940695
v -0.17500001192092896 3.700000023841858 -3.04999999910593
v -0.17500001192092896 2.499999976158142 -2.9700000008940695
v -0.17500001192092896 2.499999976158142 -3.04999999910593
v -1.324999988079071 3.700000023841858 -3.04999999910593
v -1.324999988079071 3.700000023841858 -2.9700000008940695
v -1.324999988079071 2.499999976158142 -3.04999999910593
v -1.324999988079071 2.499999976158142 -2.9700000008940695
v -1.324999988079071 3.700000023841858 -3.04999999910593
v -0.17500001192092896 3.700000023841858 -3.04999999910593
v -1.324999988079071 3.700000023841858 -2.9700000008940695
v -0.17500001192092896 3.700000023841858 -2.9700000008940695
v -1.324999988079071 2.499999976158142 -2.9700000008940695
v -0.17500001192092896 2.499999976158142 -2.9700000008940695
v -1.324999988079071 2.499999976158142 -3.04999999910593
v -0.17500001192092896 2.499999976158142 -3.04999999910593
v -1.324999988079071 3.700000023841858 -2.9700000008940695
v -0.17500001192092896 3.700000023841858 -2.9700000008940695
v -1.324999988079071 2.499999976158142 -2.9700000008940695
v -0.17500001192092896 2.499999976158142 -2.9700000008940695
v -0.17500001192092896 3.700000023841858 -3.04999999910593
v -1.324999988079071 3.700000023841858 -3.04999999910593
v -0.17500001192092896 2.499999976158142 -3.04999999910593
v -1.324999988079071 2.499999976158142 -3.04999999910593
vt 0 1
vt 1 1
vt 0 0
vt 1 0
vt 0 1
vt 1 1
vt 0 0
vt 1 0
vt 0 1
vt 1 1
vt 0 0
vt 1 0
vt 0 1
vt 1 1
vt 0 0
vt 1 0
vt 0 1
vt 1 1
vt 0 0
vt 1 0
vt 0 1
vt 1 1
vt 0 0
vt 1 0
vn 1 0 0
vn 1 0 0
vn 1 0 0
vn 1 0 0
vn -1 0 0
vn -1 0 0
vn -1 0 0
vn -1 0 0
vn 0 1 0
vn 0 1 0
vn 0 1 0
vn 0 1 0
vn 0 -1 0
vn 0 -1 0
vn 0 -1 0
vn 0 -1 0
vn 0 0 1
vn 0 0 1
vn 0 0 1
vn 0 0 1
vn 0 0 -1
vn 0 0 -1
vn 0 0 -1
vn 0 0 -1
f 577/577/577 579/579/579 578/578/578
f 579/579/579 580/580/580 578/578/578
f 581/581/581 583/583/583 582/582/582
f 583/583/583 584/584/584 582/582/582
f 585/585/585 587/587/587 586/586/586
f 587/587/587 588/588/588 586/586/586
f 589/589/589 591/591/591 590/590/590
f 591/591/591 592/592/592 590/590/590
f 593/593/593 595/595/595 594/594/594
f 595/595/595 596/596/596 594/594/594
f 597/597/597 599/599/599 598/598/598
f 599/599/599 600/600/600 598/598/598
o glass_s011-1
usemtl paleblue
v -2.9700000008940695 3.700000023841858 -0.17500001192092896
v -2.9700000008940695 3.700000023841858 -1.324999988079071
v -2.9700000008940695 2.499999976158142 -0.17500001192092896
v -2.9700000008940695 2.499999976158142 -1.324999988079071
v -3.04999999910593 3.700000023841858 -1.324999988079071
v -3.04999999910593 3.700000023841858 -0.17500001192092896
v -3.04999999910593 2.499999976158142 -1.324999988079071
v -3.04999999910593 2.499999976158142 -0.17500001192092896
v -3.04999999910593 3.700000023841858 -1.324999988079071
v -2.9700000008940695 3.700000023841858 -1.324999988079071
v -3.04999999910593 3.700000023841858 -0.17500001192092896
v -2.9700000008940695 3.700000023841858 -0.17500001192092896
v -3.04999999910593 2.499999976158142 -0.17500001192092896
v -2.9700000008940695 2.499999976158142 -0.17500001192092896
v -3.04999999910593 2.499999976158142 -1.324999988079071
v -2.9700000008940695 2.499999976158142 -1.324999988079071
v -3.04999999910593 3.700000023841858 -0.17500001192092896
v -2.9700000008940695 3.700000023841858 -0.17500001192092896
v -3.04999999910593 2.499999976158142 -0.17500001192092896
v -2.9700000008940695 2.499999976158142 -0.17500001192092896
v -2.9700000008940695 3.700000023841858 -1.324999988079071
v -3.04999999910593 3.700000023841858 -1.324999988079071
v -2.9700000008940695 2.499999976158142 -1.324999988079071
v -3.04999999910593 2.499999976158142 -1.324999988079071
vt 0 1
vt 1 1
vt 0 0
vt 1 0
vt 0 1
vt 1 1
vt 0 0
vt 1 0
vt 0 1
vt 1 1
vt 0 0
vt 1 0
vt 0 1
vt 1 1
vt 0 0
vt 1 0
vt 0 1
vt 1 1
vt 0 0
vt 1 0
vt 0 1
vt 1 1
vt 0 0
vt 1 0
vn 1 0 0
vn 1 0 0
vn 1 0 0
vn 1 0 0
vn -1 0 0
vn -1 0 0
vn -1 0 0
vn -1 0 0
vn 0 1 0
vn 0 1 0
vn 0 1 0
vn 0 1 0
vn 0 -1 0
vn 0 -1 0
vn 0 -1 0
vn 0 -1 0
vn 0 0 1
vn 0 0 1
vn 0 0 1
vn 0 0 1
vn 0 0 -1
vn 0 0 -1
vn 0 0 -1
vn 0 0 -1
f 601/601/601 603/603/603 602/602/602
f 603/603/603 604/604/604 602/602/602
f 605/605/605 607/607/607 606/606/606
f 607/607/607 608/608/608 606/606/606
f 609/609/609 611/611/611 610/610/610
f 611/611/611 612/612/612 610/610/610
f 613/613/613 615/615/615 614/614/614
f 615/615/615 616/616/616 614/614/614
f 617/617/617 619/619/619 618/618/618
f 619/619/619 620/620/620 618/618/618
f 621/621/621 623/623/623 622/622/622
f 623/623/623 624/624/624 622/622/622
o glass_0121
usemtl paleblue
v 1.324999988079071 3.700000023841858 3.04999999910593
v 1.324999988079071 3.700000023841858 2.9700000008940695
v 1.324999988079071 2.499999976158142 3.04999999910593
v 1.324999988079071 2.499999976158142 2.9700000008940695
v 0.17500001192092896 3.700000023841858 2.9700000008940695
v 0.17500001192092896 3.700000023841858 3.04999999910593
v 0.17500001192092896 2.499999976158142 2.9700000008940695
v 0.17500001192092896 2.499999976158142 3.04999999910593
v 0.17500001192092896 3.700000023841858 2.9700000008940695
v 1.324999988079071 3.700000023841858 2.9700000008940695
v 0.17500001192092896 3.700000023841858 3.04999999910593
v 1.324999988079071 3.700000023841858 3.04999999910593
v 0.17500001192092896 2.499999976158142 3.04999999910593
v 1.324999988079071 2.499999976158142 3.04999999910593
v 0.17500001192092896 2.499999976158142 2.9700000008940695
v 1.324999988079071 2.499999976158142 2.9700000008940695
v 0.17500001192092896 3.700000023841858 3.04999999910593
v 1.324999988079071 3.700000023841858 3.04999999910593
v 0.17500001192092896 2.499999976158142 3.04999999910593
v 1.324999988079071 2.499999976158142 3.04999999910593
v 1.324999988079071 3.700000023841858 2.9700000008940695
v 0.17500001192092896 3.700000023841858 2.9700000008940695
v 1.324999988079071 2.499999976158142 2.9700000008940695
v 0.17500001192092896 2.499999976158142 2.9700000008940695
vt 0 1
vt 1 1
vt 0 0
vt 1 0
vt 0 1
vt 1 1
vt 0 0
vt 1 0
vt 0 1
vt 1 1
vt 0 0
vt 1 0
vt 0 1
vt 1 1
vt 0 0
vt 1 0
vt 0 1
vt 1 1
vt 0 0
vt 1 0
vt 0 1
vt 1 1
vt 0 0
vt 1 0
vn 1 0 0
vn 1 0 0
vn 1 0 0
vn 1 0 0
vn -1 0 0
vn -1 0 0
vn -1 0 0
vn -1 0 0
vn 0 1 0
vn 0 1 0
vn 0 1 0
vn 0 1 0
vn 0 -1 0
vn 0 -1 0
vn 0 -1 0
vn 0 -1 0
vn 0 0 1
vn 0 0 1
vn 0 0 1
vn 0 0 1
vn 0 0 -1
vn 0 0 -1
vn 0 0 -1
vn 0 0 -1
f 625/625/625 627/627/627 626/626/626
f 627/627/627 628/628/628 626/626/626
f 629/629/629 631/631/631 630/630/630
f 631/631/631 632/632/632 630/630/630
f 633/633/633 635/635/635 634/634/634
f 635/635/635 636/636/636 634/634/634
f 637/637/637 639/639/639 638/638/638
f 639/639/639 640/640/640 638/638/638
f 641/641/641 643/643/643 642/642/642
f 643/643/643 644/644/644 642/642/642
f 645/645/645 647/647/647 646/646/646
f 647/647/647 648/648/648 646/646/646
o glass_s0121
usemtl paleblue
v 3.04999999910593 3.700000023841858 1.324999988079071
v 3.04999999910593 3.700000023841858 0.17500001192092896
v 3.04999999910593 2.499999976158142 1.324999988079071
v 3.04999999910593 2.499999976158142 0.17500001192092896
v 2.9700000008940695 3.700000023841858 0.17500001192092896
v 2.9700000008940695 3.700000023841858 1.324999988079071
v 2.9700000008940695 2.499999976158142 0.17500001192092896
v 2.9700000008940695 2.499999976158142 1.324999988079071
v 2.9700000008940695 3.700000023841858 0.17500001192092896
v 3.04999999910593 3.700000023841858 0.17500001192092896
v 2.9700000008940695 3.700000023841858 1.324999988079071
v 3.04999999910593 3.700000023841858 1.324999988079071
v 2.9700000008940695 2.499999976158142 1.324999988079071
v 3.04999999910593 2.499999976158142 1.324999988079071
v 2.9700000008940695 2.499999976158142 0.17500001192092896
v 3.04999999910593 2.499999976158142 0.17500001192092896
v 2.9700000008940695 3.700000023841858 1.324999988079071
v 3.04999999910593 3.700000023841858 1.324999988079071
v 2.9700000008940695 2.499999976158142 1.324999988079071
v 3.04999999910593 2.499999976158142 1.324999988079071
v 3.04999999910593 3.700000023841858 0.17500001192092896
v 2.9700000008940695 3.700000023841858 0.17500001192092896
v 3.04999999910593 2.499999976158142 0.17500001192092896
v 2.9700000008940695 2.499999976158142 0.17500001192092896
vt 0 1
vt 1 1
vt 0 0
vt 1 0
vt 0 1
vt 1 1
vt 0 0
vt 1 0
vt 0 1
vt 1 1
vt 0 0
vt 1 0
vt 0 1
vt 1 1
vt 0 0
vt 1 0
vt 0 1
vt 1 1
vt 0 0
vt 1 0
vt 0 1
vt 1 1
vt 0 0
vt 1 0
vn 1 0 0
vn 1 0 0
vn 1 0 0
vn 1 0 0
vn -1 0 0
vn -1 0 0
vn -1 0 0
vn -1 0 0
vn 0 1 0
vn 0 1 0
vn 0 1 0
vn 0 1 0
vn 0 -1 0
vn 0 -1 0
vn 0 -1 0
vn 0 -1 0
vn 0 0 1
vn 0 0 1
vn 0 0 1
vn 0 0 1
vn 0 0 -1
vn 0 0 -1
vn 0 0 -1
vn 0 0 -1
f 649/649/649 651/651/651 650/650/650
f 651/651/651 652/652/652 650/650/650
f 653/653/653 655/655/655 654/654/654
f 655/655/655 656/656/656 654/654/654
f 657/657/657 659/659/659 658/658/658
f 659/659/659 660/660/660 658/658/658
f 661/661/661 663/663/663 662/662/662
f 663/663/663 664/664/664 662/662/662
f 665/665/665 667/667/667 666/666/666
f 667/667/667 668/668/668 666/666/666
f 669/669/669 671/671/671 670/670/670
f 671/671/671 672/672/672 670/670/670
o glass_012-1
usemtl paleblue
v 1.324999988079071 3.700000023841858 -2.9700000008940695
v 1.324999988079071 3.700000023841858 -3.04999999910593
v 1.324999988079071 2.499999976158142 -2.9700000008940695
v 1.324999988079071 2.499999976158142 -3.04999999910593
v 0.17500001192092896 3.700000023841858 -3.04999999910593
v 0.17500001192092896 3.700000023841858 -2.9700000008940695
v 0.17500001192092896 2.499999976158142 -3.04999999910593
v 0.17500001192092896 2.499999976158142 -2.9700000008940695
v 0.17500001192092896 3.700000023841858 -3.04999999910593
v 1.324999988079071 3.700000023841858 -3.04999999910593
v 0.17500001192092896 3.700000023841858 -2.9700000008940695
v 1.324999988079071 3.700000023841858 -2.9700000008940695
v 0.17500001192092896 2.499999976158142 -2.9700000008940695
v 1.324999988079071 2.499999976158142 -2.9700000008940695
v 0.17500001192092896 2.499999976158142 -3.04999999910593
v 1.324999988079071 2.499999976158142 -3.04999999910593
v 0.17500001192092896 3.700000023841858 -2.9700000008940695
v 1.324999988079071 3.700000023841858 -2.9700000008940695
v 0.17500001192092896 2.499999976158142 -2.9700000008940695
v 1.324999988079071 2.499999976158142 -2.9700000008940695
v 1.324999988079071 3.700000023841858 -3.04999999910593
v 0.17500001192092896 3.700000023841858 -3.04999999910593
v 1.324999988079071 2.499999976158142 -3.04999999910593
v 0.17500001192092896 2.499999976158142 -3.04999999910593
vt 0 1
vt 1 1
vt 0 0
vt 1 0
vt 0 1
vt 1 1
vt 0 0
vt 1 0
vt 0 1
vt 1 1
vt 0 0
vt 1 0
vt 0 1
vt 1 1
vt 0 0
vt 1 0
vt 0 1
vt 1 1
vt 0 0
vt 1 0
vt 0 1
vt 1 1
vt 0 0
vt 1 0
vn 1 0 0
vn 1 0 0
vn 1 0 0
vn 1 0 0
vn -1 0 0
vn -1 0 0
vn -1 0 0
vn -1 0 0
vn 0 1 0
vn 0 1 0
vn 0 1 0
vn 0 1 0
vn 0 -1 0
vn 0 -1 0
vn 0 -1 0
vn 0 -1 0
vn 0 0 1
vn 0 0 1
vn 0 0 1
vn 0 0 1
vn 0 0 -1
vn 0 0 -1
vn 0 0 -1
vn 0 0 -1
f 673/673/673 675/675/675 674/674/674
f 675/675/675 676/676/676 674/674/674
f 677/677/677 679/679/679 678/678/678
f 679/679/679 680/680/680 678/678/678
f 681/681/681 683/683/683 682/682/682
f 683/683/683 684/684/684 682/682/682
f 685/685/685 687/687/687 686/686/686
f 687/687/687 688/688/688 686/686/686
f 689/689/689 691/691/691 690/690/690
f 691/691/691 692/692/692 690/690/690
f 693/693/693 695/695/695 694/694/694
f 695/695/695 696/696/696 694/694/694
o glass_s012-1
usemtl paleblue
v -2.9700000008940695 3.700000023841858 1.324999988079071
v -2.9700000008940695 3.700000023841858 0.17500001192092896
v -2.9700000008940695 2.499999976158142 1.324999988079071
v -2.9700000008940695 2.499999976158142 0.17500001192092896
v -3.04999999910593 3.700000023841858 0.17500001192092896
v -3.04999999910593 3.700000023841858 1.324999988079071
v -3.04999999910593 2.499999976158142 0.17500001192092896
v -3.04999999910593 2.499999976158142 1.324999988079071
v -3.04999999910593 3.700000023841858 0.17500001192092896
v -2.9700000008940695 3.700000023841858 0.17500001192092896
v -3.04999999910593 3.700000023841858 1.324999988079071
v -2.9700000008940695 3.700000023841858 1.324999988079071
v -3.04999999910593 2.499999976158142 1.324999988079071
v -2.9700000008940695 2.499999976158142 1.324999988079071
v -3.04999999910593 2.499999976158142 0.17500001192092896
v -2.9700000008940695 2.499999976158142 0.17500001192092896
v -3.04999999910593 3.700000023841858 1.324999988079071
v -2.9700000008940695 3.700000023841858 1.324999988079071
v -3.04999999910593 2.499999976158142 1.324999988079071
v -2.9700000008940695 2.499999976158142 1.324999988079071
v -2.9700000008940695 3.700000023841858 0.17500001192092896
v -3.04999999910593 3.700000023841858 0.17500001192092896
v -2.9700000008940695 2.499999976158142 0.17500001192092896
v -3.04999999910593 2.499999976158142 0.17500001192092896
vt 0 1
vt 1 1
vt 0 0
vt 1 0
vt 0 1
vt 1 1
vt 0 0
vt 1 0
vt 0 1
vt 1 1
vt 0 0
vt 1 0
vt 0 1
vt 1 1
vt 0 0
vt 1 0
vt 0 1
vt 1 1
vt 0 0
vt 1 0
vt 0 1
vt 1 1
vt 0 0
vt 1 0
vn 1 0 0
vn 1 0 0
vn 1 0 0
vn 1 0 0
vn -1 0 0
vn -1 0 0
vn -1 0 0
vn -1 0 0
vn 0 1 0
vn 0 1 0
vn 0 1 0
vn 0 1 0
vn 0 -1 0
vn 0 -1 0
vn 0 -1 0
vn 0 -1 0
vn 0 0 1
vn 0 0 1
vn 0 0 1
vn 0 0 1
vn 0 0 -1
vn 0 0 -1
vn 0 0 -1
vn 0 0 -1
f 697/697/697 699/699/699 698/698/698
f 699/699/699 700/700/700 698/698/698
f 701/701/701 703/703/703 702/702/702
f 703/703/703 704/704/704 702/702/702
f 705/705/705 707/707/707 706/706/706
f 707/707/707 708/708/708 706/706/706
f 709/709/709 711/711/711 710/710/710
f 711/711/711 712/712/712 710/710/710
f 713/713/713 715/715/715 714/714/714
f 715/715/715 716/716/716 714/714/714
f 717/717/717 719/719/719 718/718/718
f 719/719/719 720/720/720 718/718/718
o glass_0131
usemtl paleblue
v 2.824999988079071 3.700000023841858 3.04999999910593
v 2.824999988079071 3.700000023841858 2.9700000008940695
v 2.824999988079071 2.499999976158142 3.04999999910593
v 2.824999988079071 2.499999976158142 2.9700000008940695
v 1.675000011920929 3.700000023841858 2.9700000008940695
v 1.675000011920929 3.700000023841858 3.04999999910593
v 1.675000011920929 2.499999976158142 2.9700000008940695
v 1.675000011920929 2.499999976158142 3.04999999910593
v 1.675000011920929 3.700000023841858 2.9700000008940695
v 2.824999988079071 3.700000023841858 2.9700000008940695
v 1.675000011920929 3.700000023841858 3.04999999910593
v 2.824999988079071 3.700000023841858 3.04999999910593
v 1.675000011920929 2.499999976158142 3.04999999910593
v 2.824999988079071 2.499999976158142 3.04999999910593
v 1.675000011920929 2.499999976158142 2.9700000008940695
v 2.824999988079071 2.499999976158142 2.9700000008940695
v 1.675000011920929 3.700000023841858 3.04999999910593
v 2.824999988079071 3.700000023841858 3.04999999910593
v 1.675000011920929 2.499999976158142 3.04999999910593
v 2.824999988079071 2.499999976158142 3.04999999910593
v 2.824999988079071 3.700000023841858 2.9700000008940695
v 1.675000011920929 3.700000023841858 2.9700000008940695
v 2.824999988079071 2.499999976158142 2.9700000008940695
v 1.675000011920929 2.499999976158142 2.9700000008940695
vt 0 1
vt 1 1
vt 0 0
vt 1 0
vt 0 1
vt 1 1
vt 0 0
vt 1 0
vt 0 1
vt 1 1
vt 0 0
vt 1 0
vt 0 1
vt 1 1
vt 0 0
vt 1 0
vt 0 1
vt 1 1
vt 0 0
vt 1 0
vt 0 1
vt 1 1
vt 0 0
vt 1 0
vn 1 0 0
vn 1 0 0
vn 1 0 0
vn 1 0 0
vn -1 0 0
vn -1 0 0
vn -1 0 0
vn -1 0 0
vn 0 1 0
vn 0 1 0
vn 0 1 0
vn 0 1 0
vn 0 -1 0
vn 0 -1 0
vn 0 -1 0
vn 0 -1 0
vn 0 0 1
vn 0 0 1
vn 0 0 1
vn 0 0 1
vn 0 0 -1
vn 0 0 -1
vn 0 0 -1
vn 0 0 -1
f 721/721/721 723/723/723 722/722/722
f 723/723/723 724/724/724 722/722/722
f 725/725/725 727/727/727 726/726/726
f 727/727/727 728/728/728 726/726/726
f 729/729/729 731/731/731 730/730/730
f 731/731/731 732/732/732 730/730/730
f 733/733/733 735/735/735 734/734/734
f 735/735/735 736/736/736 734/734/734
f 737/737/737 739/739/739 738/738/738
f 739/739/739 740/740/740 738/738/738
f 741/741/741 743/743/743 742/742/742
f 743/743/743 744/744/744 742/742/742
o glass_s0131
usemtl paleblue
v 3.04999999910593 3.700000023841858 2.824999988079071
v 3.04999999910593 3.700000023841858 1.675000011920929
v 3.04999999910593 2.499999976158142 2.824999988079071
v 3.04999999910593 2.499999976158142 1.675000011920929
v 2.9700000008940695 3.700000023841858 1.675000011920929
v 2.9700000008940695 3.700000023841858 2.824999988079071
v 2.9700000008940695 2.499999976158142 1.675000011920929
v 2.9700000008940695 2.499999976158142 2.824999988079071
v 2.9700000008940695 3.700000023841858 1.675000011920929
v 3.04999999910593 3.700000023841858 1.675000011920929
v 2.9700000008940695 3.700000023841858 2.824999988079071
v 3.04999999910593 3.700000023841858 2.824999988079071
v 2.9700000008940695 2.499999976158142 2.824999988079071
v 3.04999999910593 2.499999976158142 2.824999988079071
v 2.9700000008940695 2.499999976158142 1.675000011920929
v 3.04999999910593 2.499999976158142 1.675000011920929
v 2.9700000008940695 3.700000023841858 2.824999988079071
v 3.04999999910593 3.700000023841858 2.824999988079071
v 2.9700000008940695 2.499999976158142 2.824999988079071
v 3.04999999910593 2.499999976158142 2.824999988079071
v 3.04999999910593 3.700000023841858 1.675000011920929
v 2.9700000008940695 3.700000023841858 1.675000011920929
v 3.04999999910593 2.499999976158142 1.675000011920929
v 2.9700000008940695 2.499999976158142 1.675000011920929
vt 0 1
vt 1 1
vt 0 0
vt 1 0
vt 0 1
vt 1 1
vt 0 0
vt 1 0
vt 0 1
vt 1 1
vt 0 0
vt 1 0
vt 0 1
vt 1 1
vt 0 0
vt 1 0
vt 0 1
vt 1 1
vt 0 0
vt 1 0
vt 0 1
vt 1 1
vt 0 0
vt 1 0
vn 1 0 0
vn 1 0 0
vn 1 0 0
vn 1 0 0
vn -1 0 0
vn -1 0 0
vn -1 0 0
vn -1 0 0
vn 0 1 0
vn 0 1 0
vn 0 1 0
vn 0 1 0
vn 0 -1 0
vn 0 -1 0
vn 0 -1 0
vn 0 -1 0
vn 0 0 1
vn 0 0 1
vn 0 0 1
vn 0 0 1
vn 0 0 -1
vn 0 0 -1
vn 0 0 -1
vn 0 0 -1
f 745/745/745 747/747/747 746/746/746
f 747/747/747 748/748/748 746/746/746
f 749/749/749 751/751/751 750/750/750
f 751/751/751 752/752/752 750/750/750
f 753/753/753 755/755/755 754/754/754
f 755/755/755 756/756/756 754/754/754
f 757/757/757 759/759/759 758/758/758
f 759/759/759 760/760/760 758/758/758
f 761/761/761 763/763/763 762/762/762
f 763/763/763 764/764/764 762/762/762
f 765/765/765 767/767/767 766/766/766
f 767/767/767 768/768/768 766/766/766
o glass_013-1
usemtl paleblue
v 2.824999988079071 3.700000023841858 -2.9700000008940695
v 2.824999988079071 3.700000023841858 -3.04999999910593
v 2.824999988079071 2.499999976158142 -2.9700000008940695
v 2.824999988079071 2.499999976158142 -3.04999999910593
v 1.675000011920929 3.700000023841858 -3.04999999910593
v 1.675000011920929 3.700000023841858 -2.9700000008940695
v 1.675000011920929 2.499999976158142 -3.04999999910593
v 1.675000011920929 2.499999976158142 -2.9700000008940695
v 1.675000011920929 3.700000023841858 -3.04999999910593
v 2.824999988079071 3.700000023841858 -3.04999999910593
v 1.675000011920929 3.700000023841858 -2.9700000008940695
v 2.824999988079071 3.700000023841858 -2.9700000008940695
v 1.675000011920929 2.499999976158142 -2.9700000008940695
v 2.824999988079071 2.499999976158142 -2.9700000008940695
v 1.675000011920929 2.499999976158142 -3.04999999910593
v 2.824999988079071 2.499999976158142 -3.04999999910593
v 1.675000011920929 3.700000023841858 -2.9700000008940695
v 2.824999988079071 3.700000023841858 -2.9700000008940695
v 1.675000011920929 2.499999976158142 -2.9700000008940695
v 2.824999988079071 2.499999976158142 -2.9700000008940695
v 2.824999988079071 3.700000023841858 -3.04999999910593
v 1.675000011920929 3.700000023841858 -3.04999999910593
v 2.824999988079071 2.499999976158142 -3.04999999910593
v 1.675000011920929 2.499999976158142 -3.04999999910593
vt 0 1
vt 1 1
vt 0 0
vt 1 0
vt 0 1
vt 1 1
vt 0 0
vt 1 0
vt 0 1
vt 1 1
vt 0 0
vt 1 0
vt 0 1
vt 1 1
vt 0 0
vt 1 0
vt 0 1
vt 1 1
vt 0 0
vt 1 0
vt 0 1
vt 1 1
vt 0 0
vt 1 0
vn 1 0 0
vn 1 0 0
vn 1 0 0
vn 1 0 0
vn -1 0 0
vn -1 0 0
vn -1 0 0
vn -1 0 0
vn 0 1 0
vn 0 1 0
vn 0 1 0
vn 0 1 0
vn 0 -1 0
vn 0 -1 0
vn 0 -1 0
vn 0 -1 0
vn 0 0 1
vn 0 0 1
vn 0 0 1
vn 0 0 1
vn 0 0 -1
vn 0 0 -1
vn 0 0 -1
vn 0 0 -1
f 769/769/769 771/771/771 770/770/770
f 771/771/771 772/772/772 770/770/770
f 773/773/773 775/775/775 774/774/774
f 775/775/775 776/776/776 774/774/774
f 777/777/777 779/779/779 778/778/778
f 779/779/779 780/780/780 778/778/778
f 781/781/781 783/783/783 782/782/782
f 783/783/783 784/784/784 782/782/782
f 785/785/785 787/787/787 786/786/786
f 787/787/787 788/788/788 786/786/786
f 789/789/789 791/791/791 790/790/790
f 791/791/791 792/792/792 790/790/790
o glass_s013-1
usemtl paleblue
v -2.9700000008940695 3.700000023841858 2.824999988079071
v -2.9700000008940695 3.700000023841858 1.675000011920929
v -2.9700000008940695 2.499999976158142 2.824999988079071
v -2.9700000008940695 2.499999976158142 1.675000011920929
v -3.04999999910593 3.700000023841858 1.675000011920929
v -3.04999999910593 3.700000023841858 2.824999988079071
v -3.04999999910593 2.499999976158142 1.675000011920929
v -3.04999999910593 2.499999976158142 2.824999988079071
v -3.04999999910593 3.700000023841858 1.675000011920929
v -2.9700000008940695 3.700000023841858 1.675000011920929
v -3.04999999910593 3.700000023841858 2.824999988079071
v -2.9700000008940695 3.700000023841858 2.824999988079071
v -3.04999999910593 2.499999976158142 2.824999988079071
v -2.9700000008940695 2.499999976158142 2.824999988079071
v -3.04999999910593 2.499999976158142 1.675000011920929
v -2.9700000008940695 2.499999976158142 1.675000011920929
v -3.04999999910593 3.700000023841858 2.824999988079071
v -2.9700000008940695 3.700000023841858 2.824999988079071
v -3.04999999910593 2.499999976158142 2.824999988079071
v -2.9700000008940695 2.499999976158142 2.824999988079071
v -2.9700000008940695 3.700000023841858 1.675000011920929
v -3.04999999910593 3.700000023841858 1.675000011920929
v -2.9700000008940695 2.499999976158142 1.675000011920929
v -3.04999999910593 2.499999976158142 1.675000011920929
vt 0 1
vt 1 1
vt 0 0
vt 1 0
vt 0 1
vt 1 1
vt 0 0
vt 1 0
vt 0 1
vt 1 1
vt 0 0
vt 1 0
vt 0 1
vt 1 1
vt 0 0
vt 1 0
vt 0 1
vt 1 1
vt 0 0
vt 1 0
vt 0 1
vt 1 1
vt 0 0
vt 1 0
vn 1 0 0
vn 1 0 0
vn 1 0 0
vn 1 0 0
vn -1 0 0
vn -1 0 0
vn -1 0 0
vn -1 0 0
vn 0 1 0
vn 0 1 0
vn 0 1 0
vn 0 1 0
vn 0 -1 0
vn 0 -1 0
vn 0 -1 0
vn 0 -1 0
vn 0 0 1
vn 0 0 1
vn 0 0 1
vn 0 0 1
vn 0 0 -1
vn 0 0 -1
vn 0 0 -1
vn 0 0 -1
f 793/793/793 795/795/795 794/794/794
f 795/795/795 796/796/796 794/794/794
f 797/797/797 799/799/799 798/798/798
f 799/799/799 800/800/800 798/798/798
f 801/801/801 803/803/803 802/802/802
f 803/803/803 804/804/804 802/802/802
f 805/805/805 807/807/807 806/806/806
f 807/807/807 808/808/808 806/806/806
f 809/809/809 811/811/811 810/810/810
f 811/811/811 812/812/812 810/810/810
f 813/813/813 815/815/815 814/814/814
f 815/815/815 816/816/816 814/814/814
o glass_0201
usemtl paleblue
v -1.675000011920929 5.7000000238418576 3.04999999910593
v -1.675000011920929 5.7000000238418576 2.9700000008940695
v -1.675000011920929 4.499999976158142 3.04999999910593
v -1.675000011920929 4.499999976158142 2.9700000008940695
v -2.824999988079071 5.7000000238418576 2.9700000008940695
v -2.824999988079071 5.7000000238418576 3.04999999910593
v -2.824999988079071 4.499999976158142 2.9700000008940695
v -2.824999988079071 4.499999976158142 3.04999999910593
v -2.824999988079071 5.7000000238418576 2.9700000008940695
v -1.675000011920929 5.7000000238418576 2.9700000008940695
v -2.824999988079071 5.7000000238418576 3.04999999910593
v -1.675000011920929 5.7000000238418576 3.04999999910593
v -2.824999988079071 4.499999976158142 3.04999999910593
v -1.675000011920929 4.499999976158142 3.04999999910593
v -2.824999988079071 4.499999976158142 2.9700000008940695
v -1.675000011920929 4.499999976158142 2.9700000008940695
v -2.824999988079071 5.7000000238418576 3.04999999910593
v -1.675000011920929 5.7000000238418576 3.04999999910593
v -2.824999988079071 4.499999976158142 3.04999999910593
v -1.675000011920929 4.499999976158142 3.04999999910593
v -1.675000011920929 5.7000000238418576 2.9700000008940695
v -2.824999988079071 5.7000000238418576 2.9700000008940695
v -1.675000011920929 4.499999976158142 2.9700000008940695
v -2.824999988079071 4.499999976158142 2.9700000008940695
vt 0 1
vt 1 1
vt 0 0
vt 1 0
vt 0 1
vt 1 1
vt 0 0
vt 1 0
vt 0 1
vt 1 1
vt 0 0
vt 1 0
vt 0 1
vt 1 1
vt 0 0
vt 1 0
vt 0 1
vt 1 1
vt 0 0
vt 1 0
vt 0 1
vt 1 1
vt 0 0
vt 1 0
vn 1 0 0
vn 1 0 0
vn 1 0 0
vn 1 0 0
vn -1 0 0
vn -1 0 0
vn -1 0 0
vn -1 0 0
vn 0 1 0
vn 0 1 0
vn 0 1 0
vn 0 1 0
vn 0 -1 0
vn 0 -1 0
vn 0 -1 0
vn 0 -1 0
vn 0 0 1
vn 0 0 1
vn 0 0 1
vn 0 0 1
vn 0 0 -1
vn 0 0 -1
vn 0 0 -1
vn 0 0 -1
f 817/817/817 819/819/819 818/818/818
f 819/819/819 820/820/820 818/818/818
f 821/821/821 823/823/823 822/822/822
f 823/823/823 824/824/824 822/822/822
f 825/825/825 827/827/827 826/826/826
f 827/827/827 828/828/828 826/826/826
f 829/829/829 831/831/831 830/830/830
f 831/831/831 832/832/832 830/830/830
f 833/833/833 835/835/835 834/834/834
f 835/835/835 836/836/836 834/834/834
f 837/837/837 839/839/839 838/838/838
f 839/839/839 840/840/840 838/838/838
o glass_s0201
usemtl paleblue
v 3.04999999910593 5.7000000238418576 -1.675000011920929
v 3.04999999910593 5.7000000238418576 -2.824999988079071
v 3.04999999910593 4.499999976158142 -1.675000011920929
v 3.04999999910593 4.499999976158142 -2.824999988079071
v 2.9700000008940695 5.7000000238418576 -2.824999988079071
v 2.9700000008940695 5.7000000238418576 -1.675000011920929
v 2.9700000008940695 4.499999976158142 -2.824999988079071
v 2.9700000008940695 4.499999976158142 -1.675000011920929
v 2.9700000008940695 5.7000000238418576 -2.824999988079071
v 3.04999999910593 5.7000000238418576 -2.824999988079071
v 2.9700000008940695 5.7000000238418576 -1.675000011920929
v 3.04999999910593 5.7000000238418576 -1.675000011920929
v 2.9700000008940695 4.499999976158142 -1.675000011920929
v 3.04999999910593 4.499999976158142 -1.675000011920929
v 2.9700000008940695 4.499999976158142 -2.824999988079071
v 3.04999999910593 4.499999976158142 -2.824999988079071
v 2.9700000008940695 5.7000000238418576 -1.675000011920929
v 3.04999999910593 5.7000000238418576 -1.675000011920929
v 2.9700000008940695 4.499999976158142 -1.675000011920929
v 3.04999999910593 4.499999976158142 -1.675000011920929
v 3.04999999910593 5.7000000238418576 -2.824999988079071
v 2.9700000008940695 5.7000000238418576 -2.824999988079071
v 3.04999999910593 4.499999976158142 -2.824999988079071
v 2.9700000008940695 4.499999976158142 -2.824999988079071
vt 0 1
vt 1 1
vt 0 0
vt 1 0
vt 0 1
vt 1 1
vt 0 0
vt 1 0
vt 0 1
vt 1 1
vt 0 0
vt 1 0
vt 0 1
vt 1 1
vt 0 0
vt 1 0
vt 0 1
vt 1 1
vt 0 0
vt 1 0
vt 0 1
vt 1 1
vt 0 0
vt 1 0
vn 1 0 0
vn 1 0 0
vn 1 0 0
vn 1 0 0
vn -1 0 0
vn -1 0 0
vn -1 0 0
vn -1 0 0
vn 0 1 0
vn 0 1 0
vn 0 1 0
vn 0 1 0
vn 0 -1 0
vn 0 -1 0
vn 0 -1 0
vn 0 -1 0
vn 0 0 1
vn 0 0 1
vn 0 0 1
vn 0 0 1
vn 0 0 -1
vn 0 0 -1
vn 0 0 -1
vn 0 0 -1
f 841/841/841 843/843/843 842/842/842
f 843/843/843 844/844/844 842/842/842
f 845/845/845 847/847/847 846/846/846
f 847/847/847 848/848/848 846/846/846
f 849/849/849 851/851/851 850/850/850
f 851/851/851 852/852/852 850/850/850
f 853/853/853 855/855/855 854/854/854
f 855/855/855 856/856/856 854/854/854
f 857/857/857 859/859/859 858/858/858
f 859/859/859 860/860/860 858/858/858
f 861/861/861 863/863/863 862/862/862
f 863/863/863 864/864/864 862/862/862
o glass_020-1
usemtl paleblue
v -1.675000011920929 5.7000000238418576 -2.9700000008940695
v -1.675000011920929 5.7000000238418576 -3.04999999910593
v -1.675000011920929 4.499999976158142 -2.9700000008940695
v -1.675000011920929 4.499999976158142 -3.04999999910593
v -2.824999988079071 5.7000000238418576 -3.04999999910593
v -2.824999988079071 5.7000000238418576 -2.9700000008940695
v -2.824999988079071 4.499999976158142 -3.04999999910593
v -2.824999988079071 4.499999976158142 -2.9700000008940695
v -2.824999988079071 5.7000000238418576 -3.04999999910593
v -1.675000011920929 5.7000000238418576 -3.04999999910593
v -2.824999988079071 5.7000000238418576 -2.9700000008940695
v -1.675000011920929 5.7000000238418576 -2.9700000008940695
v -2.824999988079071 4.499999976158142 -2.9700000008940695
v -1.675000011920929 4.499999976158142 -2.9700000008940695
v -2.824999988079071 4.499999976158142 -3.04999999910593
v -1.675000011920929 4.499999976158142 -3.04999999910593
v -2.824999988079071 5.7000000238418576 -2.9700000008940695
v -1.675000011920929 5.7000000238418576 -2.9700000008940695
v -2.824999988079071 4.499999976158142 -2.9700000008940695
v -1.675000011920929 4.499999976158142 -2.9700000008940695
v -1.675000011920929 5.7000000238418576 -3.04999999910593
v -2.824999988079071 5.7000000238418576 -3.04999999910593
v -1.675000011920929 4.499999976158142 -3.04999999910593
v -2.824999988079071 4.499999976158142 -3.04999999910593
vt 0 1
vt 1 1
vt 0 0
vt 1 0
vt 0 1
vt 1 1
vt 0 0
vt 1 0
vt 0 1
vt 1 1
vt 0 0
vt 1 0
vt 0 1
vt 1 1
vt 0 0
vt 1 0
vt 0 1
vt 1 1
vt 0 0
vt 1 0
vt 0 1
vt 1 1
vt 0 0
vt 1 0
vn 1 0 0
vn 1 0 0
vn 1 0 0
vn 1 0 0
vn -1 0 0
vn -1 0 0
vn -1 0 0
vn -1 0 0
vn 0 1 0
vn 0 1 0
vn 0 1 0
vn 0 1 0
vn 0 -1 0
vn 0 -1 0
vn 0 -1 0
vn 0 -1 0
vn 0 0 1
vn 0 0 1
vn 0 0 1
vn 0 0 1
vn 0 0 -1
vn 0 0 -1
vn 0 0 -1
vn 0 0 -1
f 865/865/865 867/867/867 866/866/866
f 867/867/867 868/868/868 866/866/866
f 869/869/869 871/871/871 870/870/870
f 871/871/871 872/872/872 870/870/870
f 873/873/873 875/875/875 874/874/874
f 875/875/875 876/876/876 874/874/874
f 877/877/877 879/879/879 878/878/878
f 879/879/879 880/880/880 878/878/878
f 881/881/881 883/883/883 882/882/882
f 883/883/883 884/884/884 882/882/882
f 885/885/885 887/887/887 886/886/886
f 887/887/887 888/888/888 886/886/886
o glass_s020-1
usemtl paleblue
v -2.9700000008940695 5.7000000238418576 -1.675000011920929
v -2.9700000008940695 5.7000000238418576 -2.824999988079071
v -2.9700000008940695 4.499999976158142 -1.675000011920929
v -2.9700000008940695 4.499999976158142 -2.824999988079071
v -3.04999999910593 5.7000000238418576 -2.824999988079071
v -3.04999999910593 5.7000000238418576 -1.675000011920929
v -3.04999999910593 4.499999976158142 -2.824999988079071
v -3.04999999910593 4.499999976158142 -1.675000011920929
v -3.04999999910593 5.7000000238418576 -2.824999988079071
v -2.9700000008940695 5.7000000238418576 -2.824999988079071
v -3.04999999910593 5.7000000238418576 -1.675000011920929
v -2.9700000008940695 5.7000000238418576 -1.675000011920929
v -3.04999999910593 4.499999976158142 -1.675000011920929
v -2.9700000008940695 4.499999976158142 -1.675000011920929
v -3.04999999910593 4.499999976158142 -2.824999988079071
v -2.9700000008940695 4.499999976158142 -2.824999988079071
v -3.04999999910593 5.7000000238418576 -1.675000011920929
v -2.9700000008940695 5.7000000238418576 -1.675000011920929
v -3.04999999910593 4.499999976158142 -1.675000011920929
v -2.9700000008940695 4.499999976158142 -1.675000011920929
v -2.9700000008940695 5.7000000238418576 -2.824999988079071
v -3.04999999910593 5.7000000238418576 -2.824999988079071
v -2.9700000008940695 4.499999976158142 -2.824999988079071
v -3.04999999910593 4.499999976158142 -2.824999988079071
vt 0 1
vt 1 1
vt 0 0
vt 1 0
vt 0 1
vt 1 1
vt 0 0
vt 1 0
vt 0 1
vt 1 1
vt 0 0
vt 1 0
vt 0 1
vt 1 1
vt 0 0
vt 1 0
vt 0 1
vt 1 1
vt 0 0
vt 1 0
vt 0 1
vt 1 1
vt 0 0
vt 1 0
vn 1 0 0
vn 1 0 0
vn 1 0 0
vn 1 0 0
vn -1 0 0
vn -1 0 0
vn -1 0 0
vn -1 0 0
vn 0 1 0
vn 0 1 0
vn 0 1 0
vn 0 1 0
vn 0 -1 0
vn 0 -1 0
vn 0 -1 0
vn 0 -1 0
vn 0 0 1
vn 0 0 1
vn 0 0 1
vn 0 0 1
vn 0 0 -1
vn 0 0 -1
vn 0 0 -1
vn 0 0 -1
f 889/889/889 891/891/891 890/890/890
f 891/891/891 892/892/892 890/890/890
f 893/893/893 895/895/895 894/894/894
f 895/895/895 896/896/896 894/894/894
f 897/897/897 899/899/899 898/898/898
f 899/899/899 900/900/900 898/898/898
f 901/901/901 903/903/903 902/902/902
f 903/903/903 904/904/904 902/902/902
f 905/905/905 907/907/907 906/906/906
f 907/907/907 908/908/908 906/906/906
f 909/909/909 911/911/911 910/910/910
f 911/911/911 912/912/912 910/910/910
o glass_0211
usemtl paleblue
v -0.17500001192092896 5.7000000238418576 3.04999999910593
v -0.17500001192092896 5.7000000238418576 2.9700000008940695
v -0.17500001192092896 4.499999976158142 3.04999999910593
v -0.17500001192092896 4.499999976158142 2.9700000008940695
v -1.324999988079071 5.7000000238418576 2.9700000008940695
v -1.324999988079071 5.7000000238418576 3.04999999910593
v -1.324999988079071 4.499999976158142 2.9700000008940695
v -1.324999988079071 4.499999976158142 3.04999999910593
v -1.324999988079071 5.7000000238418576 2.9700000008940695
v -0.17500001192092896 5.7000000238418576 2.9700000008940695
v -1.324999988079071 5.7000000238418576 3.04999999910593
v -0.17500001192092896 5.7000000238418576 3.04999999910593
v -1.324999988079071 4.499999976158142 3.04999999910593
v -0.17500001192092896 4.499999976158142 3.04999999910593
v -1.324999988079071 4.499999976158142 2.9700000008940695
v -0.17500001192092896 4.499999976158142 2.9700000008940695
v -1.324999988079071 5.7000000238418576 3.04999999910593
v -0.17500001192092896 5.7000000238418576 3.04999999910593
v -1.324999988079071 4.499999976158142 3.04999999910593
v -0.17500001192092896 4.499999976158142 3.04999999910593
v -0.17500001192092896 5.7000000238418576 2.9700000008940695
v -1.324999988079071 5.7000000238418576 2.9700000008940695
v -0.17500001192092896 4.499999976158142 2.9700000008940695
v -1.324999988079071 4.499999976158142 2.9700000008940695
vt 0 1
vt 1 1
vt 0 0
vt 1 0
vt 0 1
vt 1 1
vt 0 0
vt 1 0
vt 0 1
vt 1 1
vt 0 0
vt 1 0
vt 0 1
vt 1 1
vt 0 0
vt 1 0
vt 0 1
vt 1 1
vt 0 0
vt 1 0
vt 0 1
vt 1 1
vt 0 0
vt 1 0
vn 1 0 0
vn 1 0 0
vn 1 0 0
vn 1 0 0
vn -1 0 0
vn -1 0 0
vn -1 0 0
vn -1 0 0
vn 0 1 0
vn 0 1 0
vn 0 1 0
vn 0 1 0
vn 0 -1 0
vn 0 -1 0
vn 0 -1 0
vn 0 -1 0
vn 0 0 1
vn 0 0 1
vn 0 0 1
vn 0 0 1
vn 0 0 -1
vn 0 0 -1
vn 0 0 -1
vn 0 0 -1
f 913/913/913 915/915/915 914/914/914
f 915/915/915 916/916/916 914/914/914
f 917/917/917 919/919/919 918/918/918
f 919/919/919 920/920/920 918/918/918
f 921/921/921 923/923/923 922/922/922
f 923/923/923 924/924/924 922/922/922
f 925/925/925 927/927/927 926/926/926
f 927/927/927 928/928/928 926/926/926
f 929/929/929 931/931/931 930/930/930
f 931/931/931 932/932/932 930/930/930
f 933/933/933 935/935/935 934/934/934
f 935/935/935 936/936/936 934/934/934
o glass_s0211
usemtl paleblue
v 3.04999999910593 5.7000000238418576 -0.17500001192092896
v 3.04999999910593 5.7000000238418576 -1.324999988079071
v 3.04999999910593 4.499999976158142 -0.17500001192092896
v 3.04999999910593 4.499999976158142 -1.324999988079071
v 2.9700000008940695 5.7000000238418576 -1.324999988079071
v 2.9700000008940695 5.7000000238418576 -0.17500001192092896
v 2.9700000008940695 4.499999976158142 -1.324999988079071
v 2.9700000008940695 4.499999976158142 -0.17500001192092896
v 2.9700000008940695 5.7000000238418576 -1.324999988079071
v 3.04999999910593 5.7000000238418576 -1.324999988079071
v 2.9700000008940695 5.7000000238418576 -0.17500001192092896
v 3.04999999910593 5.7000000238418576 -0.17500001192092896
v 2.9700000008940695 4.499999976158142 -0.17500001192092896
v 3.04999999910593 4.499999976158142 -0.17500001192092896
v 2.9700000008940695 4.499999976158142 -1.324999988079071
v 3.04999999910593 4.499999976158142 -1.324999988079071
v 2.9700000008940695 5.7000000238418576 -0.17500001192092896
v 3.04999999910593 5.7000000238418576 -0.17500001192092896
v 2.9700000008940695 4.499999976158142 -0.17500001192092896
v 3.04999999910593 4.499999976158142 -0.17500001192092896
v 3.04999999910593 5.7000000238418576 -1.324999988079071
v 2.9700000008940695 5.7000000238418576 -1.324999988079071
v 3.04999999910593 4.499999976158142 -1.324999988079071
v 2.9700000008940695 4.499999976158142 -1.324999988079071
vt 0 1
vt 1 1
vt 0 0
vt 1 0
vt 0 1
vt 1 1
vt 0 0
vt 1 0
vt 0 1
vt 1 1
vt 0 0
vt 1 0
vt 0 1
vt 1 1
vt 0 0
vt 1 0
vt 0 1
vt 1 1
vt 0 0
vt 1 0
vt 0 1
vt 1 1
vt 0 0
vt 1 0
vn 1 0 0
vn 1 0 0
vn 1 0 0
vn 1 0 0
vn -1 0 0
vn -1 0 0
vn -1 0 0
vn -1 0 0
vn 0 1 0
vn 0 1 0
vn 0 1 0
vn 0 1 0
vn 0 -1 0
vn 0 -1 0
vn 0 -1 0
vn 0 -1 0
vn 0 0 1
vn 0 0 1
vn 0 0 1
vn 0 0 1
vn 0 0 -1
vn 0 0 -1
vn 0 0 -1
vn 0 0 -1
f 937/937/937 939/939/939 938/938/938
f 939/939/939 940/940/940 938/938/938
f 941/941/941 943/943/943 942/942/942
f 943/943/943 944/944/944 942/942/942
f 945/945/945 947/947/947 946/946/946
f 947/947/947 948/948/948 946/946/946
f 949/949/949 951/951/951 950/950/950
f 951/951/951 952/952/952 950/950/950
f 953/953/953 955/955/955 954/954/954
f 955/955/955 956/956/956 954/954/954
f 957/957/957 959/959/959 958/958/958
f 959/959/959 960/960/960 958/958/958
o glass_021-1
usemtl paleblue
v -0.17500001192092896 5.7000000238418576 -2.9700000008940695
v -0.17500001192092896 5.7000000238418576 -3.04999999910593
v -0.17500001192092896 4.499999976158142 -2.9700000008940695
v -0.17500001192092896 4.499999976158142 -3.04999999910593
v -1.324999988079071 5.7000000238418576 -3.04999999910593
v -1.324999988079071 5.7000000238418576 -2.9700000008940695
v -1.324999988079071 4.499999976158142 -3.04999999910593
v -1.324999988079071 4.499999976158142 -2.9700000008940695
v -1.324999988079071 5.7000000238418576 -3.04999999910593
v -0.17500001192092896 5.7000000238418576 -3.04999999910593
v -1.324999988079071 5.7000000238418576 -2.9700000008940695
v -0.17500001192092896 5.7000000238418576 -2.9700000008940695
v -1.324999988079071 4.499999976158142 -2.9700000008940695
v -0.17500001192092896 4.499999976158142 -2.9700000008940695
v -1.324999988079071 4.499999976158142 -3.04999999910593
v -0.17500001192092896 4.499999976158142 -3.04999999910593
v -1.324999988079071 5.7000000238418576 -2.9700000008940695
v -0.17500001192092896 5.7000000238418576 -2.9700000008940695
v -1.324999988079071 4.499999976158142 -2.9700000008940695
v -0.17500001192092896 4.499999976158142 -2.9700000008940695
v -0.17500001192092896 5.7000000238418576 -3.04999999910593
v -1.324999988079071 5.7000000238418576 -3.04999999910593
v -0.17500001192092896 4.499999976158142 -3.04999999910593
v -1.324999988079071 4.499999976158142 -3.04999999910593
vt 0 1
vt 1 1
vt 0 0
vt 1 0
vt 0 1
vt 1 1
vt 0 0
vt 1 0
vt 0 1
vt 1 1
vt 0 0
vt 1 0
vt 0 1
vt 1 1
vt 0 0
vt 1 0
vt 0 1
vt 1 1
vt 0 0
vt 1 0
vt 0 1
vt 1 1
vt 0 0
vt 1 0
vn 1 0 0
vn 1 0 0
vn 1 0 0
vn 1 0 0
vn -1 0 0
vn -1 0 0
vn -1 0 0
vn -1 0 0
vn 0 1 0
vn 0 1 0
vn 0 1 0
vn 0 1 0
vn 0 -1 0
vn 0 -1 0
vn 0 -1 0
vn 0 -1 0
vn 0 0 1
vn 0 0 1
vn 0 0 1
vn 0 0 1
vn 0 0 -1
vn 0 0 -1
vn 0 0 -1
vn 0 0 -1
f 961/961/961 963/963/963 962/962/962
f 963/963/963 964/964/964 962/962/962
f 965/965/965 967/967/967 966/966/966
f 967/967/967 968/968/968 966/966/966
f 969/969/969 971/971/971 970/970/970
f 971/971/971 972/972/972 970/970/970
f 973/973/973 975/975/975 974/974/974
f 975/975/975 976/976/976 974/974/974
f 977/977/977 979/979/979 978/978/978
f 979/979/979 980/980/980 978/978/978
f 981/981/981 983/983/983 982/982/982
f 983/983/983 984/984/984 982/982/982
o glass_s021-1
usemtl paleblue
v -2.9700000008940695 5.7000000238418576 -0.17500001192092896
v -2.9700000008940695 5.7000000238418576 -1.324999988079071
v -2.9700000008940695 4.499999976158142 -0.17500001192092896
v -2.9700000008940695 4.499999976158142 -1.324999988079071
v -3.04999999910593 5.7000000238418576 -1.324999988079071
v -3.04999999910593 5.7000000238418576 -0.17500001192092896
v -3.04999999910593 4.499999976158142 -1.324999988079071
v -3.04999999910593 4.499999976158142 -0.17500001192092896
v -3.04999999910593 5.7000000238418576 -1.324999988079071
v -2.9700000008940695 5.7000000238418576 -1.324999988079071
v -3.04999999910593 5.7000000238418576 -0.17500001192092896
v -2.9700000008940695 5.7000000238418576 -0.17500001192092896
v -3.04999999910593 4.499999976158142 -0.17500001192092896
v -2.9700000008940695 4.499999976158142 -0.17500001192092896
v -3.04999999910593 4.499999976158142 -1.324999988079071
v -2.9700000008940695 4.499999976158142 -1.324999988079071
v -3.04999999910593 5.7000000238418576 -0.17500001192092896
v -2.9700000008940695 5.7000000238418576 -0.17500001192092896
v -3.04999999910593 4.499999976158142 -0.17500001192092896
v -2.9700000008940695 4.499999976158142 -0.17500001192092896
v -2.9700000008940695 5.7000000238418576 -1.324999988079071
v -3.04999999910593 5.7000000238418576 -1.324999988079071
v -2.9700000008940695 4.499999976158142 -1.324999988079071
v -3.04999999910593 4.499999976158142 -1.324999988079071
vt 0 1
vt 1 1
vt 0 0
vt 1 0
vt 0 1
vt 1 1
vt 0 0
vt 1 0
vt 0 1
vt 1 1
vt 0 0
vt 1 0
vt 0 1
vt 1 1
vt 0 0
vt 1 0
vt 0 1
vt 1 1
vt 0 0
vt 1 0
vt 0 1
vt 1 1
vt 0 0
vt 1 0
vn 1 0 0
vn 1 0 0
vn 1 0 0
vn 1 0 0
vn -1 0 0
vn -1 0 0
vn -1 0 0
vn -1 0 0
vn 0 1 0
vn 0 1 0
vn 0 1 0
vn 0 1 0
vn 0 -1 0
vn 0 -1 0
vn 0 -1 0
vn 0 -1 0
vn 0 0 1
vn 0 0 1
vn 0 0 1
vn 0 0 1
vn 0 0 -1
vn 0 0 -1
vn 0 0 -1
vn 0 0 -1
f 985/985/985 987/987/987 986/986/986
f 987/987/987 988/988/988 986/986/986
f 989/989/989 991/991/991 990/990/990
f 991/991/991 992/992/992 990/990/990
f 993/993/993 995/995/995 994/994/994
f 995/995/995 996/996/996 994/994/994
f 997/997/997 999/999/999 998/998/998
f 999/999/999 1000/1000/1000 998/998/998
f 1001/1001/1001 1003/1003/1003 1002/1002/1002
f 1003/1003/1003 1004/1004/1004 1002/1002/1002
f 1005/1005/1005 1007/1007/1007 1006/1006/1006
f 1007/1007/1007 1008/1008/1008 1006/1006/1006
o glass_0221
usemtl paleblue
v 1.324999988079071 5.7000000238418576 3.04999999910593
v 1.324999988079071 5.7000000238418576 2.9700000008940695
v 1.324999988079071 4.499999976158142 3.04999999910593
v 1.324999988079071 4.499999976158142 2.9700000008940695
v 0.17500001192092896 5.7000000238418576 2.9700000008940695
v 0.17500001192092896 5.7000000238418576 3.04999999910593
v 0.17500001192092896 4.499999976158142 2.9700000008940695
v 0.17500001192092896 4.499999976158142 3.04999999910593
v 0.17500001192092896 5.7000000238418576 2.9700000008940695
v 1.324999988079071 5.7000000238418576 2.9700000008940695
v 0.17500001192092896 5.7000000238418576 3.04999999910593
v 1.324999988079071 5.7000000238418576 3.04999999910593
v 0.17500001192092896 4.499999976158142 3.04999999910593
v 1.324999988079071 4.499999976158142 3.04999999910593
v 0.17500001192092896 4.499999976158142 2.9700000008940695
v 1.324999988079071 4.499999976158142 2.9700000008940695
v 0.17500001192092896 5.7000000238418576 3.04999999910593
v 1.324999988079071 5.7000000238418576 3.04999999910593
v 0.17500001192092896 4.499999976158142 3.04999999910593
v 1.324999988079071 4.499999976158142 3.04999999910593
v 1.324999988079071 5.7000000238418576 2.9700000008940695
v 0.17500001192092896 5.7000000238418576 2.9700000008940695
v 1.324999988079071 4.499999976158142 2.9700000008940695
v 0.17500001192092896 4.499999976158142 2.9700000008940695
vt 0 1
vt 1 1
vt 0 0
vt 1 0
vt 0 1
vt 1 1
vt 0 0
vt 1 0
vt 0 1
vt 1 1
vt 0 0
vt 1 0
vt 0 1
vt 1 1
vt 0 0
vt 1 0
vt 0 1
vt 1 1
vt 0 0
vt 1 0
vt 0 1
vt 1 1
vt 0 0
vt 1 0
vn 1 0 0
vn 1 0 0
vn 1 0 0
vn 1 0 0
vn -1 0 0
vn -1 0 0
vn -1 0 0
vn -1 0 0
vn 0 1 0
vn 0 1 0
vn 0 1 0
vn 0 1 0
vn 0 -1 0
vn 0 -1 0
vn 0 -1 0
vn 0 -1 0
vn 0 0 1
vn 0 0 1
vn 0 0 1
vn 0 0 1
vn 0 0 -1
vn 0 0 -1
vn 0 0 -1
vn 0 0 -1
f 1009/1009/1009 1011/1011/1011 1010/1010/1010
f 1011/1011/1011 1012/1012/1012 1010/1010/1010
f 1013/1013/1013 1015/1015/1015 1014/1014/1014
f 1015/1015/1015 1016/1016/1016 1014/1014/1014
f 1017/1017/1017 1019/1019/1019 1018/1018/1018
f 1019/1019/1019 1020/1020/1020 1018/1018/1018
f 1021/1021/1021 1023/1023/1023 1022/1022/1022
f 1023/1023/1023 1024/1024/1024 1022/1022/1022
f 1025/1025/1025 1027/1027/1027 1026/1026/1026
f 1027/1027/1027 1028/1028/1028 1026/1026/1026
f 1029/1029/1029 1031/1031/1031 1030/1030/1030
f 1031/1031/1031 1032/1032/1032 1030/1030/1030
o glass_s0221
usemtl paleblue
v 3.04999999910593 5.7000000238418576 1.324999988079071
v 3.04999999910593 5.7000000238418576 0.17500001192092896
v 3.04999999910593 4.499999976158142 1.324999988079071
v 3.04999999910593 4.499999976158142 0.17500001192092896
v 2.9700000008940695 5.7000000238418576 0.17500001192092896
v 2.9700000008940695 5.7000000238418576 1.324999988079071
v 2.9700000008940695 4.499999976158142 0.17500001192092896
v 2.9700000008940695 4.499999976158142 1.324999988079071
v 2.9700000008940695 5.7000000238418576 0.17500001192092896
v 3.04999999910593 5.7000000238418576 0.17500001192092896
v 2.9700000008940695 5.7000000238418576 1.324999988079071
v 3.04999999910593 5.7000000238418576 1.324999988079071
v 2.9700000008940695 4.499999976158142 1.324999988079071
v 3.04999999910593 4.499999976158142 1.324999988079071
v 2.9700000008940695 4.499999976158142 0.17500001192092896
v 3.04999999910593 4.499999976158142 0.17500001192092896
v 2.9700000008940695 5.7000000238418576 1.324999988079071
v 3.04999999910593 5.7000000238418576 1.324999988079071
v 2.9700000008940695 4.499999976158142 1.324999988079071
v 3.04999999910593 4.499999976158142 1.324999988079071
v 3.04999999910593 5.7000000238418576 0.17500001192092896
v 2.9700000008940695 5.7000000238418576 0.17500001192092896
v 3.04999999910593 4.499999976158142 0.17500001192092896
v 2.9700000008940695 4.499999976158142 0.17500001192092896
vt 0 1
vt 1 1
vt 0 0
vt 1 0
vt 0 1
vt 1 1
vt 0 0
vt 1 0
vt 0 1
vt 1 1
vt 0 0
vt 1 0
vt 0 1
vt 1 1
vt 0 0
vt 1 0
vt 0 1
vt 1 1
vt 0 0
vt 1 0
vt 0 1
vt 1 1
vt 0 0
vt 1 0
vn 1 0 0
vn 1 0 0
vn 1 0 0
vn 1 0 0
vn -1 0 0
vn -1 0 0
vn -1 0 0
vn -1 0 0
vn 0 1 0
vn 0 1 0
vn 0 1 0
vn 0 1 0
vn 0 -1 0
vn 0 -1 0
vn 0 -1 0
vn 0 -1 0
vn 0 0 1
vn 0 0 1
vn 0 0 1
vn 0 0 1
vn 0 0 -1
vn 0 0 -1
vn 0 0 -1
vn 0 0 -1
f 1033/1033/1033 1035/1035/1035 1034/1034/1034
f 1035/1035/1035 1036/1036/1036 1034/1034/1034
f 1037/1037/1037 1039/1039/1039 1038/1038/1038
f 1039/1039/1039 1040/1040/1040 1038/1038/1038
f 1041/1041/1041 1043/1043/1043 1042/1042/1042
f 1043/1043/1043 1044/1044/1044 1042/1042/1042
f 1045/1045/1045 1047/1047/1047 1046/1046/1046
f 1047/1047/1047 1048/1048/1048 1046/1046/1046
f 1049/1049/1049 1051/1051/1051 1050/1050/1050
f 1051/1051/1051 1052/1052/1052 1050/1050/1050
f 1053/1053/1053 1055/1055/1055 1054/1054/1054
f 1055/1055/1055 1056/1056/1056 1054/1054/1054
o glass_022-1
usemtl paleblue
v 1.324999988079071 5.7000000238418576 -2.9700000008940695
v 1.324999988079071 5.7000000238418576 -3.04999999910593
v 1.324999988079071 4.499999976158142 -2.9700000008940695
v 1.324999988079071 4.499999976158142 -3.04999999910593
v 0.17500001192092896 5.7000000238418576 -3.04999999910593
v 0.17500001192092896 5.7000000238418576 -2.9700000008940695
v 0.17500001192092896 4.499999976158142 -3.04999999910593
v 0.17500001192092896 4.499999976158142 -2.9700000008940695
v 0.17500001192092896 5.7000000238418576 -3.04999999910593
v 1.324999988079071 5.7000000238418576 -3.04999999910593
v 0.17500001192092896 5.7000000238418576 -2.9700000008940695
v 1.324999988079071 5.7000000238418576 -2.9700000008940695
v 0.17500001192092896 4.499999976158142 -2.9700000008940695
v 1.324999988079071 4.499999976158142 -2.9700000008940695
v 0.17500001192092896 4.499999976158142 -3.04999999910593
v 1.324999988079071 4.499999976158142 -3.04999999910593
v 0.17500001192092896 5.7000000238418576 -2.9700000008940695
v 1.324999988079071 5.7000000238418576 -2.9700000008940695
v 0.17500001192092896 4.499999976158142 -2.9700000008940695
v 1.324999988079071 4.499999976158142 -2.9700000008940695
v 1.324999988079071 5.7000000238418576 -3.04999999910593
v 0.17500001192092896 5.7000000238418576 -3.04999999910593
v 1.324999988079071 4.499999976158142 -3.04999999910593
v 0.17500001192092896 4.499999976158142 -3.04999999910593
vt 0 1
vt 1 1
vt 0 0
vt 1 0
vt 0 1
vt 1 1
vt 0 0
vt 1 0
vt 0 1
vt 1 1
vt 0 0
vt 1 0
vt 0 1
vt 1 1
vt 0 0
vt 1 0
vt 0 1
vt 1 1
vt 0 0
vt 1 0
vt 0 1
vt 1 1
vt 0 0
vt 1 0
vn 1 0 0
vn 1 0 0
vn 1 0 0
vn 1 0 0
vn -1 0 0
vn -1 0 0
vn -1 0 0
vn -1 0 0
vn 0 1 0
vn 0 1 0
vn 0 1 0
vn 0 1 0
vn 0 -1 0
vn 0 -1 0
vn 0 -1 0
vn 0 -1 0
vn 0 0 1
vn 0 0 1
vn 0 0 1
vn 0 0 1
vn 0 0 -1
vn 0 0 -1
vn 0 0 -1
vn 0 0 -1
f 1057/1057/1057 1059/1059/1059 1058/1058/1058
f 1059/1059/1059 1060/1060/1060 1058/1058/1058
f 1061/1061/1061 1063/1063/1063 1062/1062/1062
f 1063/1063/1063 1064/1064/1064 1062/1062/1062
f 1065/1065/1065 1067/1067/1067 1066/1066/1066
f 1067/1067/1067 1068/1068/1068 1066/1066/1066
f 1069/1069/1069 1071/1071/1071 1070/1070/1070
f 1071/1071/1071 1072/1072/1072 1070/1070/1070
f 1073/1073/1073 1075/1075/1075 1074/1074/1074
f 1075/1075/1075 1076/1076/1076 1074/1074/1074
f 1077/1077/1077 1079/1079/1079 1078/1078/1078
f 1079/1079/1079 1080/1080/1080 1078/1078/1078
o glass_s022-1
usemtl paleblue
v -2.9700000008940695 5.7000000238418576 1.324999988079071
v -2.9700000008940695 5.7000000238418576 0.17500001192092896
v -2.9700000008940695 4.499999976158142 1.324999988079071
v -2.9700000008940695 4.499999976158142 0.17500001192092896
v -3.04999999910593 5.7000000238418576 0.17500001192092896
v -3.04999999910593 5.7000000238418576 1.324999988079071
v -3.04999999910593 4.499999976158142 0.17500001192092896
v -3.04999999910593 4.499999976158142 1.324999988079071
v -3.04999999910593 5.7000000238418576 0.17500001192092896
v -2.9700000008940695 5.7000000238418576 0.17500001192092896
v -3.04999999910593 5.7000000238418576 1.324999988079071
v -2.9700000008940695 5.7000000238418576 1.324999988079071
v -3.04999999910593 4.499999976158142 1.324999988079071
v -2.9700000008940695 4.499999976158142 1.324999988079071
v -3.04999999910593 4.499999976158142 0.17500001192092896
v -2.9700000008940695 4.499999976158142 0.17500001192092896
v -3.04999999910593 5.7000000238418576 1.324999988079071
v -2.9700000008940695 5.7000000238418576 1.324999988079071
v -3.04999999910593 4.499999976158142 1.324999988079071
v -2.9700000008940695 4.499999976158142 1.324999988079071
v -2.9700000008940695 5.7000000238418576 0.17500001192092896
v -3.04999999910593 5.7000000238418576 0.17500001192092896
v -2.9700000008940695 4.499999976158142 0.17500001192092896
v -3.04999999910593 4.499999976158142 0.17500001192092896
vt 0 1
vt 1 1
vt 0 0
vt 1 0
vt 0 1
vt 1 1
vt 0 0
vt 1 0
vt 0 1
vt 1 1
vt 0 0
vt 1 0
vt 0 1
vt 1 1
vt 0 0
vt 1 0
vt 0 1
vt 1 1
vt 0 0
vt 1 0
vt 0 1
vt 1 1
vt 0 0
vt 1 0
vn 1 0 0
vn 1 0 0
vn 1 0 0
vn 1 0 0
vn -1 0 0
vn -1 0 0
vn -1 0 0
vn -1 0 0
vn 0 1 0
vn 0 1 0
vn 0 1 0
vn 0 1 0
vn 0 -1 0
vn 0 -1 0
vn 0 -1 0
vn 0 -1 0
vn 0 0 1
vn 0 0 1
vn 0 0 1
vn 0 0 1
vn 0 0 -1
vn 0 0 -1
vn 0 0 -1
vn 0 0 -1
f 1081/1081/1081 1083/1083/1083 1082/1082/1082
f 1083/1083/1083 1084/1084/1084 1082/1082/1082
f 1085/1085/1085 1087/1087/1087 1086/1086/1086
f 1087/1087/1087 1088/1088/1088 1086/1086/1086
f 1089/1089/1089 1091/1091/1091 1090/1090/1090
f 1091/1091/1091 1092/1092/1092 1090/1090/1090
f 1093/1093/1093 1095/1095/1095 1094/1094/1094
f 1095/1095/1095 1096/1096/1096 1094/1094/1094
f 1097/1097/1097 1099/1099/1099 1098/1098/1098
f 1099/1099/1099 1100/1100/1100 1098/1098/1098
f 1101/1101/1101 1103/1103/1103 1102/1102/1102
f 1103/1103/1103 1104/1104/1104 1102/1102/1102
o glass_0231
usemtl paleblue
v 2.824999988079071 5.7000000238418576 3.04999999910593
v 2.824999988079071 5.7000000238418576 2.9700000008940695
v 2.824999988079071 4.499999976158142 3.04999999910593
v 2.824999988079071 4.499999976158142 2.9700000008940695
v 1.675000011920929 5.7000000238418576 2.9700000008940695
v 1.675000011920929 5.7000000238418576 3.04999999910593
v 1.675000011920929 4.499999976158142 2.9700000008940695
v 1.675000011920929 4.499999976158142 3.04999999910593
v 1.675000011920929 5.7000000238418576 2.9700000008940695
v 2.824999988079071 5.7000000238418576 2.9700000008940695
v 1.675000011920929 5.7000000238418576 3.04999999910593
v 2.824999988079071 5.7000000238418576 3.04999999910593
v 1.675000011920929 4.499999976158142 3.04999999910593
v 2.824999988079071 4.499999976158142 3.04999999910593
v 1.675000011920929 4.499999976158142 2.9700000008940695
v 2.824999988079071 4.499999976158142 2.9700000008940695
v 1.675000011920929 5.7000000238418576 3.04999999910593
v 2.824999988079071 5.7000000238418576 3.04999999910593
v 1.675000011920929 4.499999976158142 3.04999999910593
v 2.824999988079071 4.499999976158142 3.04999999910593
v 2.824999988079071 5.7000000238418576 2.9700000008940695
v 1.675000011920929 5.7000000238418576 2.9700000008940695
v 2.824999988079071 4.499999976158142 2.9700000008940695
v 1.675000011920929 4.499999976158142 2.9700000008940695
vt 0 1
vt 1 1
vt 0 0
vt 1 0
vt 0 1
vt 1 1
vt 0 0
vt 1 0
vt 0 1
vt 1 1
vt 0 0
vt 1 0
vt 0 1
vt 1 1
vt 0 0
vt 1 0
vt 0 1
vt 1 1
vt 0 0
vt 1 0
vt 0 1
vt 1 1
vt 0 0
vt 1 0
vn 1 0 0
vn 1 0 0
vn 1 0 0
vn 1 0 0
vn -1 0 0
vn -1 0 0
vn -1 0 0
vn -1 0 0
vn 0 1 0
vn 0 1 0
vn 0 1 0
vn 0 1 0
vn 0 -1 0
vn 0 -1 0
vn 0 -1 0
vn 0 -1 0
vn 0 0 1
vn 0 0 1
vn 0 0 1
vn 0 0 1
vn 0 0 -1
vn 0 0 -1
vn 0 0 -1
vn 0 0 -1
f 1105/1105/1105 1107/1107/1107 1106/1106/1106
f 1107/1107/1107 1108/1108/1108 1106/1106/1106
f 1109/1109/1109 1111/1111/1111 1110/1110/1110
f 1111/1111/1111 1112/1112/1112 1110/1110/1110
f 1113/1113/1113 1115/1115/1115 1114/1114/1114
f 1115/1115/1115 1116/1116/1116 1114/1114/1114
f 1117/1117/1117 1119/1119/1119 1118/1118/1118
f 1119/1119/1119 1120/1120/1120 1118/1118/1118
f 1121/1121/1121 1123/1123/1123 1122/1122/1122
f 1123/1123/1123 1124/1124/1124 1122/1122/1122
f 1125/1125/1125 1127/1127/1127 1126/1126/1126
f 1127/1127/1127 1128/1128/1128 1126/1126/1126
o glass_s0231
usemtl paleblue
v 3.04999999910593 5.7000000238418576 2.824999988079071
v 3.04999999910593 5.7000000238418576 1.675000011920929
v 3.04999999910593 4.499999976158142 2.824999988079071
v 3.04999999910593 4.499999976158142 1.675000011920929
v 2.9700000008940695 5.7000000238418576 1.675000011920929
v 2.9700000008940695 5.7000000238418576 2.824999988079071
v 2.9700000008940695 4.499999976158142 1.675000011920929
v 2.9700000008940695 4.499999976158142 2.824999988079071
v 2.9700000008940695 5.7000000238418576 1.675000011920929
v 3.04999999910593 5.7000000238418576 1.675000011920929
v 2.9700000008940695 5.7000000238418576 2.824999988079071
v 3.04999999910593 5.7000000238418576 2.824999988079071
v 2.9700000008940695 4.499999976158142 2.824999988079071
v 3.04999999910593 4.499999976158142 2.824999988079071
v 2.9700000008940695 4.499999976158142 1.675000011920929
v 3.04999999910593 4.499999976158142 1.675000011920929
v 2.9700000008940695 5.7000000238418576 2.824999988079071
v 3.04999999910593 5.7000000238418576 2.824999988079071
v 2.9700000008940695 4.499999976158142 2.824999988079071
v 3.04999999910593 4.499999976158142 2.824999988079071
v 3.04999999910593 5.7000000238418576 1.675000011920929
v 2.9700000008940695 5.7000000238418576 1.675000011920929
v 3.04999999910593 4.499999976158142 1.675000011920929
v 2.9700000008940695 4.499999976158142 1.675000011920929
vt 0 1
vt 1 1
vt 0 0
vt 1 0
vt 0 1
vt 1 1
vt 0 0
vt 1 0
vt 0 1
vt 1 1
vt 0 0
vt 1 0
vt 0 1
vt 1 1
vt 0 0
vt 1 0
vt 0 1
vt 1 1
vt 0 0
vt 1 0
vt 0 1
vt 1 1
vt 0 0
vt 1 0
vn 1 0 0
vn 1 0 0
vn 1 0 0
vn 1 0 0
vn -1 0 0
vn -1 0 0
vn -1 0 0
vn -1 0 0
vn 0 1 0
vn 0 1 0
vn 0 1 0
vn 0 1 0
vn 0 -1 0
vn 0 -1 0
vn 0 -1 0
vn 0 -1 0
vn 0 0 1
vn 0 0 1
vn 0 0 1
vn 0 0 1
vn 0 0 -1
vn 0 0 -1
vn 0 0 -1
vn 0 0 -1
f 1129/1129/1129 1131/1131/1131 1130/1130/1130
f 1131/1131/1131 1132/1132/1132 1130/1130/1130
f 1133/1133/1133 1135/1135/1135 1134/1134/1134
f 1135/1135/1135 1136/1136/1136 1134/1134/1134
f 1137/1137/1137 1139/1139/1139 1138/1138/1138
f 1139/1139/1139 1140/1140/1140 1138/1138/1138
f 1141/1141/1141 1143/1143/1143 1142/1142/1142
f 1143/1143/1143 1144/1144/1144 1142/1142/1142
f 1145/1145/1145 1147/1147/1147 1146/1146/1146
f 1147/1147/1147 1148/1148/1148 1146/1146/1146
f 1149/1149/1149 1151/1151/1151 1150/1150/1150
f 1151/1151/1151 1152/1152/1152 1150/1150/1150
o glass_023-1
usemtl paleblue
v 2.824999988079071 5.7000000238418576 -2.9700000008940695
v 2.824999988079071 5.7000000238418576 -3.04999999910593
v 2.824999988079071 4.499999976158142 -2.9700000008940695
v 2.824999988079071 4.499999976158142 -3.04999999910593
v 1.675000011920929 5.7000000238418576 -3.04999999910593
v 1.675000011920929 5.7000000238418576 -2.9700000008940695
v 1.675000011920929 4.499999976158142 -3.04999999910593
v 1.675000011920929 4.499999976158142 -2.9700000008940695
v 1.675000011920929 5.7000000238418576 -3.04999999910593
v 2.824999988079071 5.7000000238418576 -3.04999999910593
v 1.675000011920929 5.7000000238418576 -2.9700000008940695
v 2.824999988079071 5.7000000238418576 -2.9700000008940695
v 1.675000011920929 4.499999976158142 -2.9700000008940695
v 2.824999988079071 4.499999976158142 -2.9700000008940695
v 1.675000011920929 4.499999976158142 -3.04999999910593
v 2.824999988079071 4.499999976158142 -3.04999999910593
v 1.675000011920929 5.7000000238418576 -2.9700000008940695
v 2.824999988079071 5.7000000238418576 -2.9700000008940695
v 1.675000011920929 4.499999976158142 -2.9700000008940695
v 2.824999988079071 4.499999976158142 -2.9700000008940695
v 2.824999988079071 5.7000000238418576 -3.04999999910593
v 1.675000011920929 5.7000000238418576 -3.04999999910593
v 2.824999988079071 4.499999976158142 -3.04999999910593
v 1.675000011920929 4.499999976158142 -3.04999999910593
vt 0 1
vt 1 1
vt 0 0
vt 1 0
vt 0 1
vt 1 1
vt 0 0
vt 1 0
vt 0 1
vt 1 1
vt 0 0
vt 1 0
vt 0 1
vt 1 1
vt 0 0
vt 1 0
vt 0 1
vt 1 1
vt 0 0
vt 1 0
vt 0 1
vt 1 1
vt 0 0
vt 1 0
vn 1 0 0
vn 1 0 0
vn 1 0 0
vn 1 0 0
vn -1 0 0
vn -1 0 0
vn -1 0 0
vn -1 0 0
vn 0 1 0
vn 0 1 0
vn 0 1 0
vn 0 1 0
vn 0 -1 0
vn 0 -1 0
vn 0 -1 0
vn 0 -1 0
vn 0 0 1
vn 0 0 1
vn 0 0 1
vn 0 0 1
vn 0 0 -1
vn 0 0 -1
vn 0 0 -1
vn 0 0 -1
f 1153/1153/1153 1155/1155/1155 1154/1154/1154
f 1155/1155/1155 1156/1156/1156 1154/1154/1154
f 1157/1157/1157 1159/1159/1159 1158/1158/1158
f 1159/1159/1159 1160/1160/1160 1158/1158/1158
f 1161/1161/1161 1163/1163/1163 1162/1162/1162
f 1163/1163/1163 1164/1164/1164 1162/1162/1162
f 1165/1165/1165 1167/1167/1167 1166/1166/1166
f 1167/1167/1167 1168/1168/1168 1166/1166/1166
f 1169/1169/1169 1171/1171/1171 1170/1170/1170
f 1171/1171/1171 1172/1172/1172 1170/1170/1170
f 1173/1173/1173 1175/1175/1175 1174/1174/1174
f 1175/1175/1175 1176/1176/1176 1174/1174/1174
o glass_s023-1
usemtl paleblue
v -2.9700000008940695 5.7000000238418576 2.824999988079071
v -2.9700000008940695 5.7000000238418576 1.675000011920929
v -2.9700000008940695 4.499999976158142 2.824999988079071
v -2.9700000008940695 4.499999976158142 1.675000011920929
v -3.04999999910593 5.7000000238418576 1.675000011920929
v -3.04999999910593 5.7000000238418576 2.824999988079071
v -3.04999999910593 4.499999976158142 1.675000011920929
v -3.04999999910593 4.499999976158142 2.824999988079071
v -3.04999999910593 5.7000000238418576 1.675000011920929
v -2.9700000008940695 5.7000000238418576 1.675000011920929
v -3.04999999910593 5.7000000238418576 2.824999988079071
v -2.9700000008940695 5.7000000238418576 2.824999988079071
v -3.04999999910593 4.499999976158142 2.824999988079071
v -2.9700000008940695 4.499999976158142 2.824999988079071
v -3.04999999910593 4.499999976158142 1.675000011920929
v -2.9700000008940695 4.499999976158142 1.675000011920929
v -3.04999999910593 5.7000000238418576 2.824999988079071
v -2.9700000008940695 5.7000000238418576 2.824999988079071
v -3.04999999910593 4.499999976158142 2.824999988079071
v -2.9700000008940695 4.499999976158142 2.824999988079071
v -2.9700000008940695 5.7000000238418576 1.675000011920929
v -3.04999999910593 5.7000000238418576 1.675000011920929
v -2.9700000008940695 4.499999976158142 1.675000011920929
v -3.04999999910593 4.499999976158142 1.675000011920929
vt 0 1
vt 1 1
vt 0 0
vt 1 0
vt 0 1
vt 1 1
vt 0 0
vt 1 0
vt 0 1
vt 1 1
vt 0 0
vt 1 0
vt 0 1
vt 1 1
vt 0 0
vt 1 0
vt 0 1
vt 1 1
vt 0 0
vt 1 0
vt 0 1
vt 1 1
vt 0 0
vt 1 0
vn 1 0 0
vn 1 0 0
vn 1 0 0
vn 1 0 0
vn -1 0 0
vn -1 0 0
vn -1 0 0
vn -1 0 0
vn 0 1 0
vn 0 1 0
vn 0 1 0
vn 0 1 0
vn 0 -1 0
vn 0 -1 0
vn 0 -1 0
vn 0 -1 0
vn 0 0 1
vn 0 0 1
vn 0 0 1
vn 0 0 1
vn 0 0 -1
vn 0 0 -1
vn 0 0 -1
vn 0 0 -1
f 1177/1177/1177 1179/1179/1179 1178/1178/1178
f 1179/1179/1179 1180/1180/1180 1178/1178/1178
f 1181/1181/1181 1183/1183/1183 1182/1182/1182
f 1183/1183/1183 1184/1184/1184 1182/1182/1182
f 1185/1185/1185 1187/1187/1187 1186/1186/1186
f 1187/1187/1187 1188/1188/1188 1186/1186/1186
f 1189/1189/1189 1191/1191/1191 1190/1190/1190
f 1191/1191/1191 1192/1192/1192 1190/1190/1190
f 1193/1193/1193 1195/1195/1195 1194/1194/1194
f 1195/1195/1195 1196/1196/1196 1194/1194/1194
f 1197/1197/1197 1199/1199/1199 1198/1198/1198
f 1199/1199/1199 1200/1200/1200 1198/1198/1198
o glass_0301
usemtl paleblue
v -1.675000011920929 7.7000000238418576 3.04999999910593
v -1.675000011920929 7.7000000238418576 2.9700000008940695
v -1.675000011920929 6.499999976158142 3.04999999910593
v -1.675000011920929 6.499999976158142 2.9700000008940695
v -2.824999988079071 7.7000000238418576 2.9700000008940695
v -2.824999988079071 7.7000000238418576 3.04999999910593
v -2.824999988079071 6.499999976158142 2.9700000008940695
v -2.824999988079071 6.499999976158142 3.04999999910593
v -2.824999988079071 7.7000000238418576 2.9700000008940695
v -1.675000011920929 7.7000000238418576 2.9700000008940695
v -2.824999988079071 7.7000000238418576 3.04999999910593
v -1.675000011920929 7.7000000238418576 3.04999999910593
v -2.824999988079071 6.499999976158142 3.04999999910593
v -1.675000011920929 6.499999976158142 3.04999999910593
v -2.824999988079071 6.499999976158142 2.9700000008940695
v -1.675000011920929 6.499999976158142 2.9700000008940695
v -2.824999988079071 7.7000000238418576 3.04999999910593
v -1.675000011920929 7.7000000238418576 3.04999999910593
v -2.824999988079071 6.499999976158142 3.04999999910593
v -1.675000011920929 6.499999976158142 3.04999999910593
v -1.675000011920929 7.7000000238418576 2.9700000008940695
v -2.824999988079071 7.7000000238418576 2.9700000008940695
v -1.675000011920929 6.499999976158142 2.9700000008940695
v -2.824999988079071 6.499999976158142 2.9700000008940695
vt 0 1
vt 1 1
vt 0 0
vt 1 0
vt 0 1
vt 1 1
vt 0 0
vt 1 0
vt 0 1
vt 1 1
vt 0 0
vt 1 0
vt 0 1
vt 1 1
vt 0 0
vt 1 0
vt 0 1
vt 1 1
vt 0 0
vt 1 0
vt 0 1
vt 1 1
vt 0 0
vt 1 0
vn 1 0 0
vn 1 0 0
vn 1 0 0
vn 1 0 0
vn -1 0 0
vn -1 0 0
vn -1 0 0
vn -1 0 0
vn 0 1 0
vn 0 1 0
vn 0 1 0
vn 0 1 0
vn 0 -1 0
vn 0 -1 0
vn 0 -1 0
vn 0 -1 0
vn 0 0 1
vn 0 0 1
vn 0 0 1
vn 0 0 1
vn 0 0 -1
vn 0 0 -1
vn 0 0 -1
vn 0 0 -1
f 1201/1201/1201 1203/1203/1203 1202/1202/1202
f 1203/1203/1203 1204/1204/1204 1202/1202/1202
f 1205/1205/1205 1207/1207/1207 1206/1206/1206
f 1207/1207/1207 1208/1208/1208 1206/1206/1206
f 1209/1209/1209 1211/1211/1211 1210/1210/1210
f 1211/1211/1211 1212/1212/1212 1210/1210/1210
f 1213/1213/1213 1215/1215/1215 1214/1214/1214
f 1215/1215/1215 1216/1216/1216 1214/1214/1214
f 1217/1217/1217 1219/1219/1219 1218/1218/1218
f 1219/1219/1219 1220/1220/1220 1218/1218/1218
f 1221/1221/1221 1223/1223/1223 1222/1222/1222
f 1223/1223/1223 1224/1224/1224 1222/1222/1222
o glass_s0301
usemtl paleblue
v 3.04999999910593 7.7000000238418576 -1.675000011920929
v 3.04999999910593 7.7000000238418576 -2.824999988079071
v 3.04999999910593 6.499999976158142 -1.675000011920929
v 3.04999999910593 6.499999976158142 -2.824999988079071
v 2.9700000008940695 7.7000000238418576 -2.824999988079071
v 2.9700000008940695 7.7000000238418576 -1.675000011920929
v 2.9700000008940695 6.499999976158142 -2.824999988079071
v 2.9700000008940695 6.499999976158142 -1.675000011920929
v 2.9700000008940695 7.7000000238418576 -2.824999988079071
v 3.04999999910593 7.7000000238418576 -2.824999988079071
v 2.9700000008940695 7.7000000238418576 -1.675000011920929
v 3.04999999910593 7.7000000238418576 -1.675000011920929
v 2.9700000008940695 6.499999976158142 -1.675000011920929
v 3.04999999910593 6.499999976158142 -1.675000011920929
v 2.9700000008940695 6.499999976158142 -2.824999988079071
v 3.04999999910593 6.499999976158142 -2.824999988079071
v 2.9700000008940695 7.7000000238418576 -1.675000011920929
v 3.04999999910593 7.7000000238418576 -1.675000011920929
v 2.9700000008940695 6.499999976158142 -1.675000011920929
v 3.04999999910593 6.499999976158142 -1.675000011920929
v 3.04999999910593 7.7000000238418576 -2.824999988079071
v 2.9700000008940695 7.7000000238418576 -2.824999988079071
v 3.04999999910593 6.499999976158142 -2.824999988079071
v 2.9700000008940695 6.499999976158142 -2.824999988079071
vt 0 1
vt 1 1
vt 0 0
vt 1 0
vt 0 1
vt 1 1
vt 0 0
vt 1 0
vt 0 1
vt 1 1
vt 0 0
vt 1 0
vt 0 1
vt 1 1
vt 0 0
vt 1 0
vt 0 1
vt 1 1
vt 0 0
vt 1 0
vt 0 1
vt 1 1
vt 0 0
vt 1 0
vn 1 0 0
vn 1 0 0
vn 1 0 0
vn 1 0 0
vn -1 0 0
vn -1 0 0
vn -1 0 0
vn -1 0 0
vn 0 1 0
vn 0 1 0
vn 0 1 0
vn 0 1 0
vn 0 -1 0
vn 0 -1 0
vn 0 -1 0
vn 0 -1 0
vn 0 0 1
vn 0 0 1
vn 0 0 1
vn 0 0 1
vn 0 0 -1
vn 0 0 -1
vn 0 0 -1
vn 0 0 -1
f 1225/1225/1225 1227/1227/1227 1226/1226/1226
f 1227/1227/1227 1228/1228/1228 1226/1226/1226
f 1229/1229/1229 1231/1231/1231 1230/1230/1230
f 1231/1231/1231 1232/1232/1232 1230/1230/1230
f 1233/1233/1233 1235/1235/1235 1234/1234/1234
f 1235/1235/1235 1236/1236/1236 1234/1234/1234
f 1237/1237/1237 1239/1239/1239 1238/1238/1238
f 1239/1239/1239 1240/1240/1240 1238/1238/1238
f 1241/1241/1241 1243/1243/1243 1242/1242/1242
f 1243/1243/1243 1244/1244/1244 1242/1242/1242
f 1245/1245/1245 1247/1247/1247 1246/1246/1246
f 1247/1247/1247 1248/1248/1248 1246/1246/1246
o glass_030-1
usemtl paleblue
v -1.675000011920929 7.7000000238418576 -2.9700000008940695
v -1.675000011920929 7.7000000238418576 -3.04999999910593
v -1.675000011920929 6.499999976158142 -2.9700000008940695
v -1.675000011920929 6.499999976158142 -3.04999999910593
v -2.824999988079071 7.7000000238418576 -3.04999999910593
v -2.824999988079071 7.7000000238418576 -2.9700000008940695
v -2.824999988079071 6.499999976158142 -3.04999999910593
v -2.824999988079071 6.499999976158142 -2.9700000008940695
v -2.824999988079071 7.7000000238418576 -3.04999999910593
v -1.675000011920929 7.7000000238418576 -3.04999999910593
v -2.824999988079071 7.7000000238418576 -2.9700000008940695
v -1.675000011920929 7.7000000238418576 -2.9700000008940695
v -2.824999988079071 6.499999976158142 -2.9700000008940695
v -1.675000011920929 6.499999976158142 -2.9700000008940695
v -2.824999988079071 6.499999976158142 -3.04999999910593
v -1.675000011920929 6.499999976158142 -3.04999999910593
v -2.824999988079071 7.7000000238418576 -2.9700000008940695
v -1.675000011920929 7.7000000238418576 -2.9700000008940695
v -2.824999988079071 6.499999976158142 -2.9700000008940695
v -1.675000011920929 6.499999976158142 -2.9700000008940695
v -1.675000011920929 7.7000000238418576 -3.04999999910593
v -2.824999988079071 7.7000000238418576 -3.04999999910593
v -1.675000011920929 6.499999976158142 -3.04999999910593
v -2.824999988079071 6.499999976158142 -3.04999999910593
vt 0 1
vt 1 1
vt 0 0
vt 1 0
vt 0 1
vt 1 1
vt 0 0
vt 1 0
vt 0 1
vt 1 1
vt 0 0
vt 1 0
vt 0 1
vt 1 1
vt 0 0
vt 1 0
vt 0 1
vt 1 1
vt 0 0
vt 1 0
vt 0 1
vt 1 1
vt 0 0
vt 1 0
vn 1 0 0
vn 1 0 0
vn 1 0 0
vn 1 0 0
vn -1 0 0
vn -1 0 0
vn -1 0 0
vn -1 0 0
vn 0 1 0
vn 0 1 0
vn 0 1 0
vn 0 1 0
vn 0 -1 0
vn 0 -1 0
vn 0 -1 0
vn 0 -1 0
vn 0 0 1
vn 0 0 1
vn 0 0 1
vn 0 0 1
vn 0 0 -1
vn 0 0 -1
vn 0 0 -1
vn 0 0 -1
f 1249/1249/1249 1251/1251/1251 1250/1250/1250
f 1251/1251/1251 1252/1252/1252 1250/1250/1250
f 1253/1253/1253 1255/1255/1255 1254/1254/1254
f 1255/1255/1255 1256/1256/1256 1254/1254/1254
f 1257/1257/1257 1259/1259/1259 1258/1258/1258
f 1259/1259/1259 1260/1260/1260 1258/1258/1258
f 1261/1261/1261 1263/1263/1263 1262/1262/1262
f 1263/1263/1263 1264/1264/1264 1262/1262/1262
f 1265/1265/1265 1267/1267/1267 1266/1266/1266
f 1267/1267/1267 1268/1268/1268 1266/1266/1266
f 1269/1269/1269 1271/1271/1271 1270/1270/1270
f 1271/1271/1271 1272/1272/1272 1270/1270/1270
o glass_s030-1
usemtl paleblue
v -2.9700000008940695 7.7000000238418576 -1.675000011920929
v -2.9700000008940695 7.7000000238418576 -2.824999988079071
v -2.9700000008940695 6.499999976158142 -1.675000011920929
v -2.9700000008940695 6.499999976158142 -2.824999988079071
v -3.04999999910593 7.7000000238418576 -2.824999988079071
v -3.04999999910593 7.7000000238418576 -1.675000011920929
v -3.04999999910593 6.499999976158142 -2.824999988079071
v -3.04999999910593 6.499999976158142 -1.675000011920929
v -3.04999999910593 7.7000000238418576 -2.824999988079071
v -2.9700000008940695 7.7000000238418576 -2.824999988079071
v -3.04999999910593 7.7000000238418576 -1.675000011920929
v -2.9700000008940695 7.7000000238418576 -1.675000011920929
v -3.04999999910593 6.499999976158142 -1.675000011920929
v -2.9700000008940695 6.499999976158142 -1.675000011920929
v -3.04999999910593 6.499999976158142 -2.824999988079071
v -2.9700000008940695 6.499999976158142 -2.824999988079071
v -3.04999999910593 7.7000000238418576 -1.675000011920929
v -2.9700000008940695 7.7000000238418576 -1.675000011920929
v -3.04999999910593 6.499999976158142 -1.675000011920929
v -2.9700000008940695 6.499999976158142 -1.675000011920929
v -2.9700000008940695 7.7000000238418576 -2.824999988079071
v -3.04999999910593 7.7000000238418576 -2.824999988079071
v -2.9700000008940695 6.499999976158142 -2.824999988079071
v -3.04999999910593 6.499999976158142 -2.824999988079071
vt 0 1
vt 1 1
vt 0 0
vt 1 0
vt 0 1
vt 1 1
vt 0 0
vt 1 0
vt 0 1
vt 1 1
vt 0 0
vt 1 0
vt 0 1
vt 1 1
vt 0 0
vt 1 0
vt 0 1
vt 1 1
vt 0 0
vt 1 0
vt 0 1
vt 1 1
vt 0 0
vt 1 0
vn 1 0 0
vn 1 0 0
vn 1 0 0
vn 1 0 0
vn -1 0 0
vn -1 0 0
vn -1 0 0
vn -1 0 0
vn 0 1 0
vn 0 1 0
vn 0 1 0
vn 0 1 0
vn 0 -1 0
vn 0 -1 0
vn 0 -1 0
vn 0 -1 0
vn 0 0 1
vn 0 0 1
vn 0 0 1
vn 0 0 1
vn 0 0 -1
vn 0 0 -1
vn 0 0 -1
vn 0 0 -1
f 1273/1273/1273 1275/1275/1275 1274/1274/1274
f 1275/1275/1275 1276/1276/1276 1274/1274/1274
f 1277/1277/1277 1279/1279/1279 1278/1278/1278
f 1279/1279/1279 1280/1280/1280 1278/1278/1278
f 1281/1281/1281 1283/1283/1283 1282/1282/1282
f 1283/1283/1283 1284/1284/1284 1282/1282/1282
f 1285/1285/1285 1287/1287/1287 1286/1286/1286
f 1287/1287/1287 1288/1288/1288 1286/1286/1286
f 1289/1289/1289 1291/1291/1291 1290/1290/1290
f 1291/1291/1291 1292/1292/1292 1290/1290/1290
f 1293/1293/1293 1295/1295/1295 1294/1294/1294
f 1295/1295/1295 1296/1296/1296 1294/1294/1294
o glass_0311
usemtl paleblue
v -0.17500001192092896 7.7000000238418576 3.04999999910593
v -0.17500001192092896 7.7000000238418576 2.9700000008940695
v -0.17500001192092896 6.499999976158142 3.04999999910593
v -0.17500001192092896 6.499999976158142 2.9700000008940695
v -1.324999988079071 7.7000000238418576 2.9700000008940695
v -1.324999988079071 7.7000000238418576 3.04999999910593
v -1.324999988079071 6.499999976158142 2.9700000008940695
v -1.324999988079071 6.499999976158142 3.04999999910593
v -1.324999988079071 7.7000000238418576 2.9700000008940695
v -0.17500001192092896 7.7000000238418576 2.9700000008940695
v -1.324999988079071 7.7000000238418576 3.04999999910593
v -0.17500001192092896 7.7000000238418576 3.04999999910593
v -1.324999988079071 6.499999976158142 3.04999999910593
v -0.17500001192092896 6.499999976158142 3.04999999910593
v -1.324999988079071 6.499999976158142 2.9700000008940695
v -0.17500001192092896 6.499999976158142 2.9700000008940695
v -1.324999988079071 7.7000000238418576 3.04999999910593
v -0.17500001192092896 7.7000000238418576 3.04999999910593
v -1.324999988079071 6.499999976158142 3.04999999910593
v -0.17500001192092896 6.499999976158142 3.04999999910593
v -0.17500001192092896 7.7000000238418576 2.9700000008940695
v -1.324999988079071 7.7000000238418576 2.9700000008940695
v -0.17500001192092896 6.499999976158142 2.9700000008940695
v -1.324999988079071 6.499999976158142 2.9700000008940695
vt 0 1
vt 1 1
vt 0 0
vt 1 0
vt 0 1
vt 1 1
vt 0 0
vt 1 0
vt 0 1
vt 1 1
vt 0 0
vt 1 0
vt 0 1
vt 1 1
vt 0 0
vt 1 0
vt 0 1
vt 1 1
vt 0 0
vt 1 0
vt 0 1
vt 1 1
vt 0 0
vt 1 0
vn 1 0 0
vn 1 0 0
vn 1 0 0
vn 1 0 0
vn -1 0 0
vn -1 0 0
vn -1 0 0
vn -1 0 0
vn 0 1 0
vn 0 1 0
vn 0 1 0
vn 0 1 0
vn 0 -1 0
vn 0 -1 0
vn 0 -1 0
vn 0 -1 0
vn 0 0 1
vn 0 0 1
vn 0 0 1
vn 0 0 1
vn 0 0 -1
vn 0 0 -1
vn 0 0 -1
vn 0 0 -1
f 1297/1297/1297 1299/1299/1299 1298/1298/1298
f 1299/1299/1299 1300/1300/1300 1298/1298/1298
f 1301/1301/1301 1303/1303/1303 1302/1302/1302
f 1303/1303/1303 1304/1304/1304 1302/1302/1302
f 1305/1305/1305 1307/1307/1307 1306/1306/1306
f 1307/1307/1307 1308/1308/1308 1306/1306/1306
f 1309/1309/1309 1311/1311/1311 1310/1310/1310
f 1311/1311/1311 1312/1312/1312 1310/1310/1310
f 1313/1313/1313 1315/1315/1315 1314/1314/1314
f 1315/1315/1315 1316/1316/1316 1314/1314/1314
f 1317/1317/1317 1319/1319/1319 1318/1318/1318
f 1319/1319/1319 1320/1320/1320 1318/1318/1318
o glass_s0311
usemtl paleblue
v 3.04999999910593 7.7000000238418576 -0.17500001192092896
v 3.04999999910593 7.7000000238418576 -1.324999988079071
v 3.04999999910593 6.499999976158142 -0.17500001192092896
v 3.04999999910593 6.499999976158142 -1.324999988079071
v 2.9700000008940695 7.7000000238418576 -1.324999988079071
v 2.9700000008940695 7.7000000238418576 -0.17500001192092896
v 2.9700000008940695 6.499999976158142 -1.324999988079071
v 2.9700000008940695 6.499999976158142 -0.17500001192092896
v 2.9700000008940695 7.7000000238418576 -1.324999988079071
v 3.04999999910593 7.7000000238418576 -1.324999988079071
v 2.9700000008940695 7.7000000238418576 -0.17500001192092896
v 3.04999999910593 7.7000000238418576 -0.17500001192092896
v 2.9700000008940695 6.499999976158142 -0.17500001192092896
v 3.04999999910593 6.499999976158142 -0.17500001192092896
v 2.9700000008940695 6.499999976158142 -1.324999988079071
v 3.04999999910593 6.499999976158142 -1.324999988079071
v 2.9700000008940695 7.7000000238418576 -0.17500001192092896
v 3.04999999910593 7.7000000238418576 -0.17500001192092896
v 2.9700000008940695 6.499999976158142 -0.17500001192092896
v 3.04999999910593 6.499999976158142 -0.17500001192092896
v 3.04999999910593 7.7000000238418576 -1.324999988079071
v 2.9700000008940695 7.7000000238418576 -1.324999988079071
v 3.04999999910593 6.499999976158142 -1.324999988079071
v 2.9700000008940695 6.499999976158142 -1.324999988079071
vt 0 1
vt 1 1
vt 0 0
vt 1 0
vt 0 1
vt 1 1
vt 0 0
vt 1 0
vt 0 1
vt 1 1
vt 0 0
vt 1 0
vt 0 1
vt 1 1
vt 0 0
vt 1 0
vt 0 1
vt 1 1
vt 0 0
vt 1 0
vt 0 1
vt 1 1
vt 0 0
vt 1 0
vn 1 0 0
vn 1 0 0
vn 1 0 0
vn 1 0 0
vn -1 0 0
vn -1 0 0
vn -1 0 0
vn -1 0 0
vn 0 1 0
vn 0 1 0
vn 0 1 0
vn 0 1 0
vn 0 -1 0
vn 0 -1 0
vn 0 -1 0
vn 0 -1 0
vn 0 0 1
vn 0 0 1
vn 0 0 1
vn 0 0 1
vn 0 0 -1
vn 0 0 -1
vn 0 0 -1
vn 0 0 -1
f 1321/1321/1321 1323/1323/1323 1322/1322/1322
f 1323/1323/1323 1324/1324/1324 1322/1322/1322
f 1325/1325/1325 1327/1327/1327 1326/1326/1326
f 1327/1327/1327 1328/1328/1328 1326/1326/1326
f 1329/1329/1329 1331/1331/1331 1330/1330/1330
f 1331/1331/1331 1332/1332/1332 1330/1330/1330
f 1333/1333/1333 1335/1335/1335 1334/1334/1334
f 1335/1335/1335 1336/1336/1336 1334/1334/1334
f 1337/1337/1337 1339/1339/1339 1338/1338/1338
f 1339/1339/1339 1340/1340/1340 1338/1338/1338
f 1341/1341/1341 1343/1343/1343 1342/1342/1342
f 1343/1343/1343 1344/1344/1344 1342/1342/1342
o glass_031-1
usemtl paleblue
v -0.17500001192092896 7.7000000238418576 -2.9700000008940695
v -0.17500001192092896 7.7000000238418576 -3.04999999910593
v -0.17500001192092896 6.499999976158142 -2.9700000008940695
v -0.17500001192092896 6.499999976158142 -3.04999999910593
v -1.324999988079071 7.7000000238418576 -3.04999999910593
v -1.324999988079071 7.7000000238418576 -2.9700000008940695
v -1.324999988079071 6.499999976158142 -3.04999999910593
v -1.324999988079071 6.499999976158142 -2.9700000008940695
v -1.324999988079071 7.7000000238418576 -3.04999999910593
v -0.17500001192092896 7.7000000238418576 -3.04999999910593
v -1.324999988079071 7.7000000238418576 -2.9700000008940695
v -0.17500001192092896 7.7000000238418576 -2.9700000008940695
v -1.324999988079071 6.499999976158142 -2.9700000008940695
v -0.17500001192092896 6.499999976158142 -2.9700000008940695
v -1.324999988079071 6.499999976158142 -3.04999999910593
v -0.17500001192092896 6.499999976158142 -3.04999999910593
v -1.324999988079071 7.7000000238418576 -2.9700000008940695
v -0.17500001192092896 7.7000000238418576 -2.9700000008940695
v -1.324999988079071 6.499999976158142 -2.9700000008940695
v -0.17500001192092896 6.499999976158142 -2.9700000008940695
v -0.17500001192092896 7.7000000238418576 -3.04999999910593
v -1.324999988079071 7.7000000238418576 -3.04999999910593
v -0.17500001192092896 6.499999976158142 -3.04999999910593
v -1.324999988079071 6.499999976158142 -3.04999999910593
vt 0 1
vt 1 1
vt 0 0
vt 1 0
vt 0 1
vt 1 1
vt 0 0
vt 1 0
vt 0 1
vt 1 1
vt 0 0
vt 1 0
vt 0 1
vt 1 1
vt 0 0
vt 1 0
vt 0 1
vt 1 1
vt 0 0
vt 1 0
vt 0 1
vt 1 1
vt 0 0
vt 1 0
vn 1 0 0
vn 1 0 0
vn 1 0 0
vn 1 0 0
vn -1 0 0
vn -1 0 0
vn -1 0 0
vn -1 0 0
vn 0 1 0
vn 0 1 0
vn 0 1 0
vn 0 1 0
vn 0 -1 0
vn 0 -1 0
vn 0 -1 0
vn 0 -1 0
vn 0 0 1
vn 0 0 1
vn 0 0 1
vn 0 0 1
vn 0 0 -1
vn 0 0 -1
vn 0 0 -1
vn 0 0 -1
f 1345/1345/1345 1347/1347/1347 1346/1346/1346
f 1347/1347/1347 1348/1348/1348 1346/1346/1346
f 1349/1349/1349 1351/1351/1351 1350/1350/1350
f 1351/1351/1351 1352/1352/1352 1350/1350/1350
f 1353/1353/1353 1355/1355/1355 1354/1354/1354
f 1355/1355/1355 1356/1356/1356 1354/1354/1354
f 1357/1357/1357 1359/1359/1359 1358/1358/1358
f 1359/1359/1359 1360/1360/1360 1358/1358/1358
f 1361/1361/1361 1363/1363/1363 1362/1362/1362
f 1363/1363/1363 1364/1364/1364 1362/1362/1362
f 1365/1365/1365 1367/1367/1367 1366/1366/1366
f 1367/1367/1367 1368/1368/1368 1366/1366/1366
o glass_s031-1
usemtl paleblue
v -2.9700000008940695 7.7000000238418576 -0.17500001192092896
v -2.9700000008940695 7.7000000238418576 -1.324999988079071
v -2.9700000008940695 6.499999976158142 -0.17500001192092896
v -2.9700000008940695 6.499999976158142 -1.324999988079071
v -3.04999999910593 7.7000000238418576 -1.324999988079071
v -3.04999999910593 7.7000000238418576 -0.17500001192092896
v -3.04999999910593 6.499999976158142 -1.324999988079071
v -3.04999999910593 6.499999976158142 -0.17500001192092896
v -3.04999999910593 7.7000000238418576 -1.324999988079071
v -2.9700000008940695 7.7000000238418576 -1.324999988079071
v -3.04999999910593 7.7000000238418576 -0.17500001192092896
v -2.9700000008940695 7.7000000238418576 -0.17500001192092896
v -3.04999999910593 6.499999976158142 -0.17500001192092896
v -2.9700000008940695 6.499999976158142 -0.17500001192092896
v -3.04999999910593 6.499999976158142 -1.324999988079071
v -2.9700000008940695 6.499999976158142 -1.324999988079071
v -3.04999999910593 7.7000000238418576 -0.17500001192092896
v -2.9700000008940695 7.7000000238418576 -0.17500001192092896
v -3.04999999910593 6.499999976158142 -0.17500001192092896
v -2.9700000008940695 6.499999976158142 -0.17500001192092896
v -2.9700000008940695 7.7000000238418576 -1.324999988079071
v -3.04999999910593 7.7000000238418576 -1.324999988079071
v -2.9700000008940695 6.499999976158142 -1.324999988079071
v -3.04999999910593 6.499999976158142 -1.324999988079071
vt 0 1
vt 1 1
vt 0 0
vt 1 0
vt 0 1
vt 1 1
vt 0 0
vt 1 0
vt 0 1
vt 1 1
vt 0 0
vt 1 0
vt 0 1
vt 1 1
vt 0 0
vt 1 0
vt 0 1
vt 1 1
vt 0 0
vt 1 0
vt 0 1
vt 1 1
vt 0 0
vt 1 0
vn 1 0 0
vn 1 0 0
vn 1 0 0
vn 1 0 0
vn -1 0 0
vn -1 0 0
vn -1 0 0
vn -1 0 0
vn 0 1 0
vn 0 1 0
vn 0 1 0
vn 0 1 0
vn 0 -1 0
vn 0 -1 0
vn 0 -1 0
vn 0 -1 0
vn 0 0 1
vn 0 0 1
vn 0 0 1
vn 0 0 1
vn 0 0 -1
vn 0 0 -1
vn 0 0 -1
vn 0 0 -1
f 1369/1369/1369 1371/1371/1371 1370/1370/1370
f 1371/1371/1371 1372/1372/1372 1370/1370/1370
f 1373/1373/1373 1375/1375/1375 1374/1374/1374
f 1375/1375/1375 1376/1376/1376 1374/1374/1374
f 1377/1377/1377 1379/1379/1379 1378/1378/1378
f 1379/1379/1379 1380/1380/1380 1378/1378/1378
f 1381/1381/1381 1383/1383/1383 1382/1382/1382
f 1383/1383/1383 1384/1384/1384 1382/1382/1382
f 1385/1385/1385 1387/1387/1387 1386/1386/1386
f 1387/1387/1387 1388/1388/1388 1386/1386/1386
f 1389/1389/1389 1391/1391/1391 1390/1390/1390
f 1391/1391/1391 1392/1392/1392 1390/1390/1390
o glass_0321
usemtl paleblue
v 1.324999988079071 7.7000000238418576 3.04999999910593
v 1.324999988079071 7.7000000238418576 2.9700000008940695
v 1.324999988079071 6.499999976158142 3.04999999910593
v 1.324999988079071 6.499999976158142 2.9700000008940695
v 0.17500001192092896 7.7000000238418576 2.9700000008940695
v 0.17500001192092896 7.7000000238418576 3.04999999910593
v 0.17500001192092896 6.499999976158142 2.9700000008940695
v 0.17500001192092896 6.499999976158142 3.04999999910593
v 0.17500001192092896 7.7000000238418576 2.9700000008940695
v 1.324999988079071 7.7000000238418576 2.9700000008940695
v 0.17500001192092896 7.7000000238418576 3.04999999910593
v 1.324999988079071 7.7000000238418576 3.04999999910593
v 0.17500001192092896 6.499999976158142 3.04999999910593
v 1.324999988079071 6.499999976158142 3.04999999910593
v 0.17500001192092896 6.499999976158142 2.9700000008940695
v 1.324999988079071 6.499999976158142 2.9700000008940695
v 0.17500001192092896 7.7000000238418576 3.04999999910593
v 1.324999988079071 7.7000000238418576 3.04999999910593
v 0.17500001192092896 6.499999976158142 3.04999999910593
v 1.324999988079071 6.499999976158142 3.04999999910593
v 1.324999988079071 7.7000000238418576 2.9700000008940695
v 0.17500001192092896 7.7000000238418576 2.9700000008940695
v 1.324999988079071 6.499999976158142 2.9700000008940695
v 0.17500001192092896 6.499999976158142 2.9700000008940695
vt 0 1
vt 1 1
vt 0 0
vt 1 0
vt 0 1
vt 1 1
vt 0 0
vt 1 0
vt 0 1
vt 1 1
vt 0 0
vt 1 0
vt 0 1
vt 1 1
vt 0 0
vt 1 0
vt 0 1
vt 1 1
vt 0 0
vt 1 0
vt 0 1
vt 1 1
vt 0 0
vt 1 0
vn 1 0 0
vn 1 0 0
vn 1 0 0
vn 1 0 0
vn -1 0 0
vn -1 0 0
vn -1 0 0
vn -1 0 0
vn 0 1 0
vn 0 1 0
vn 0 1 0
vn 0 1 0
vn 0 -1 0
vn 0 -1 0
vn 0 -1 0
vn 0 -1 0
vn 0 0 1
vn 0 0 1
vn 0 0 1
vn 0 0 1
vn 0 0 -1
vn 0 0 -1
vn 0 0 -1
vn 0 0 -1
f 1393/1393/1393 1395/1395/1395 1394/1394/1394
f 1395/1395/1395 1396/1396/1396 1394/1394/1394
f 1397/1397/1397 1399/1399/1399 1398/1398/1398
f 1399/1399/1399 1400/1400/1400 1398/1398/1398
f 1401/1401/1401 1403/1403/1403 1402/1402/1402
f 1403/1403/1403 1404/1404/1404 1402/1402/1402
f 1405/1405/1405 1407/1407/1407 1406/1406/1406
f 1407/1407/1407 1408/1408/1408 1406/1406/1406
f 1409/1409/1409 1411/1411/1411 1410/1410/1410
f 1411/1411/1411 1412/1412/1412 1410/1410/1410
f 1413/1413/1413 1415/1415/1415 1414/1414/1414
f 1415/1415/1415 1416/1416/1416 1414/1414/1414
o glass_s0321
usemtl paleblue
v 3.04999999910593 7.7000000238418576 1.324999988079071
v 3.04999999910593 7.7000000238418576 0.17500001192092896
v 3.04999999910593 6.499999976158142 1.324999988079071
v 3.04999999910593 6.499999976158142 0.17500001192092896
v 2.9700000008940695 7.7000000238418576 0.17500001192092896
v 2.9700000008940695 7.7000000238418576 1.324999988079071
v 2.9700000008940695 6.499999976158142 0.17500001192092896
v 2.9700000008940695 6.499999976158142 1.324999988079071
v 2.9700000008940695 7.7000000238418576 0.17500001192092896
v 3.04999999910593 7.7000000238418576 0.17500001192092896
v 2.9700000008940695 7.7000000238418576 1.324999988079071
v 3.04999999910593 7.7000000238418576 1.324999988079071
v 2.9700000008940695 6.499999976158142 1.324999988079071
v 3.04999999910593 6.499999976158142 1.324999988079071
v 2.9700000008940695 6.499999976158142 0.17500001192092896
v 3.04999999910593 6.499999976158142 0.17500001192092896
v 2.9700000008940695 7.7000000238418576 1.324999988079071
v 3.04999999910593 7.7000000238418576 1.324999988079071
v 2.9700000008940695 6.499999976158142 1.324999988079071
v 3.04999999910593 6.499999976158142 1.324999988079071
v 3.04999999910593 7.7000000238418576 0.17500001192092896
v 2.9700000008940695 7.7000000238418576 0.17500001192092896
v 3.04999999910593 6.499999976158142 0.17500001192092896
v 2.9700000008940695 6.499999976158142 0.17500001192092896
vt 0 1
vt 1 1
vt 0 0
vt 1 0
vt 0 1
vt 1 1
vt 0 0
vt 1 0
vt 0 1
vt 1 1
vt 0 0
vt 1 0
vt 0 1
vt 1 1
vt 0 0
vt 1 0
vt 0 1
vt 1 1
vt 0 0
vt 1 0
vt 0 1
vt 1 1
vt 0 0
vt 1 0
vn 1 0 0
vn 1 0 0
vn 1 0 0
vn 1 0 0
vn -1 0 0
vn -1 0 0
vn -1 0 0
vn -1 0 0
vn 0 1 0
vn 0 1 0
vn 0 1 0
vn 0 1 0
vn 0 -1 0
vn 0 -1 0
vn 0 -1 0
vn 0 -1 0
vn 0 0 1
vn 0 0 1
vn 0 0 1
vn 0 0 1
vn 0 0 -1
vn 0 0 -1
vn 0 0 -1
vn 0 0 -1
f 1417/1417/1417 1419/1419/1419 1418/1418/1418
f 1419/1419/1419 1420/1420/1420 1418/1418/1418
f 1421/1421/1421 1423/1423/1423 1422/1422/1422
f 1423/1423/1423 1424/1424/1424 1422/1422/1422
f 1425/1425/1425 1427/1427/1427 1426/1426/1426
f 1427/1427/1427 1428/1428/1428 1426/1426/1426
f 1429/1429/1429 1431/1431/1431 1430/1430/1430
f 1431/1431/1431 1432/1432/1432 1430/1430/1430
f 1433/1433/1433 1435/1435/1435 1434/1434/1434
f 1435/1435/1435 1436/1436/1436 1434/1434/1434
f 1437/1437/1437 1439/1439/1439 1438/1438/1438
f 1439/1439/1439 1440/1440/1440 1438/1438/1438
o glass_032-1
usemtl paleblue
v 1.324999988079071 7.7000000238418576 -2.9700000008940695
v 1.324999988079071 7.7000000238418576 -3.04999999910593
v 1.324999988079071 6.499999976158142 -2.9700000008940695
v 1.324999988079071 6.499999976158142 -3.04999999910593
v 0.17500001192092896 7.7000000238418576 -3.04999999910593
v 0.17500001192092896 7.7000000238418576 -2.9700000008940695
v 0.17500001192092896 6.499999976158142 -3.04999999910593
v 0.17500001192092896 6.499999976158142 -2.9700000008940695
v 0.17500001192092896 7.7000000238418576 -3.04999999910593
v 1.324999988079071 7.7000000238418576 -3.04999999910593
v 0.17500001192092896 7.7000000238418576 -2.9700000008940695
v 1.324999988079071 7.7000000238418576 -2.9700000008940695
v 0.17500001192092896 6.499999976158142 -2.9700000008940695
v 1.324999988079071 6.499999976158142 -2.9700000008940695
v 0.17500001192092896 6.499999976158142 -3.04999999910593
v 1.324999988079071 6.499999976158142 -3.04999999910593
v 0.17500001192092896 7.7000000238418576 -2.9700000008940695
v 1.324999988079071 7.7000000238418576 -2.9700000008940695
v 0.17500001192092896 6.499999976158142 -2.9700000008940695
v 1.324999988079071 6.499999976158142 -2.9700000008940695
v 1.324999988079071 7.7000000238418576 -3.04999999910593
v 0.17500001192092896 7.7000000238418576 -3.04999999910593
v 1.324999988079071 6.499999976158142 -3.04999999910593
v 0.17500001192092896 6.499999976158142 -3.04999999910593
vt 0 1
vt 1 1
vt 0 0
vt 1 0
vt 0 1
vt 1 1
vt 0 0
vt 1 0
vt 0 1
vt 1 1
vt 0 0
vt 1 0
vt 0 1
vt 1 1
vt 0 0
vt 1 0
vt 0 1
vt 1 1
vt 0 0
vt 1 0
vt 0 1
vt 1 1
vt 0 0
vt 1 0
vn 1 0 0
vn 1 0 0
vn 1 0 0
vn 1 0 0
vn -1 0 0
vn -1 0 0
vn -1 0 0
vn -1 0 0
vn 0 1 0
vn 0 1 0
vn 0 1 0
vn 0 1 0
vn 0 -1 0
vn 0 -1 0
vn 0 -1 0
vn 0 -1 0
vn 0 0 1
vn 0 0 1
vn 0 0 1
vn 0 0 1
vn 0 0 -1
vn 0 0 -1
vn 0 0 -1
vn 0 0 -1
f 1441/1441/1441 1443/1443/1443 1442/1442/1442
f 1443/1443/1443 1444/1444/1444 1442/1442/1442
f 1445/1445/1445 1447/1447/1447 1446/1446/1446
f 1447/1447/1447 1448/1448/1448 1446/1446/1446
f 1449/1449/1449 1451/1451/1451 1450/1450/1450
f 1451/1451/1451 1452/1452/1452 1450/1450/1450
f 1453/1453/1453 1455/1455/1455 1454/1454/1454
f 1455/1455/1455 1456/1456/1456 1454/1454/1454
f 1457/1457/1457 1459/1459/1459 1458/1458/1458
f 1459/1459/1459 1460/1460/1460 1458/1458/1458
f 1461/1461/1461 1463/1463/1463 1462/1462/1462
f 1463/1463/1463 1464/1464/1464 1462/1462/1462
o glass_s032-1
usemtl paleblue
v -2.9700000008940695 7.7000000238418576 1.324999988079071
v -2.9700000008940695 7.7000000238418576 0.17500001192092896
v -2.9700000008940695 6.499999976158142 1.324999988079071
v -2.9700000008940695 6.499999976158142 0.17500001192092896
v -3.04999999910593 7.7000000238418576 0.17500001192092896
v -3.04999999910593 7.7000000238418576 1.324999988079071
v -3.04999999910593 6.499999976158142 0.17500001192092896
v -3.04999999910593 6.499999976158142 1.324999988079071
v -3.04999999910593 7.7000000238418576 0.17500001192092896
v -2.9700000008940695 7.7000000238418576 0.17500001192092896
v -3.04999999910593 7.7000000238418576 1.324999988079071
v -2.9700000008940695 7.7000000238418576 1.324999988079071
v -3.04999999910593 6.499999976158142 1.324999988079071
v -2.9700000008940695 6.499999976158142 1.324999988079071
v -3.04999999910593 6.499999976158142 0.17500001192092896
v -2.9700000008940695 6.499999976158142 0.17500001192092896
v -3.04999999910593 7.7000000238418576 1.324999988079071
v -2.9700000008940695 7.7000000238418576 1.324999988079071
v -3.04999999910593 6.499999976158142 1.324999988079071
v -2.9700000008940695 6.499999976158142 1.324999988079071
v -2.9700000008940695 7.7000000238418576 0.17500001192092896
v -3.04999999910593 7.7000000238418576 0.17500001192092896
v -2.9700000008940695 6.499999976158142 0.17500001192092896
v -3.04999999910593 6.499999976158142 0.17500001192092896
vt 0 1
vt 1 1
vt 0 0
vt 1 0
vt 0 1
vt 1 1
vt 0 0
vt 1 0
vt 0 1
vt 1 1
vt 0 0
vt 1 0
vt 0 1
vt 1 1
vt 0 0
vt 1 0
vt 0 1
vt 1 1
vt 0 0
vt 1 0
vt 0 1
vt 1 1
vt 0 0
vt 1 0
vn 1 0 0
vn 1 0 0
vn 1 0 0
vn 1 0 0
vn -1 0 0
vn -1 0 0
vn -1 0 0
vn -1 0 0
vn 0 1 0
vn 0 1 0
vn 0 1 0
vn 0 1 0
vn 0 -1 0
vn 0 -1 0
vn 0 -1 0
vn 0 -1 0
vn 0 0 1
vn 0 0 1
vn 0 0 1
vn 0 0 1
vn 0 0 -1
vn 0 0 -1
vn 0 0 -1
vn 0 0 -1
f 1465/1465/1465 1467/1467/1467 1466/1466/1466
f 1467/1467/1467 1468/1468/1468 1466/1466/1466
f 1469/1469/1469 1471/1471/1471 1470/1470/1470
f 1471/1471/1471 1472/1472/1472 1470/1470/1470
f 1473/1473/1473 1475/1475/1475 1474/1474/1474
f 1475/1475/1475 1476/1476/1476 1474/1474/1474
f 1477/1477/1477 1479/1479/1479 1478/1478/1478
f 1479/1479/1479 1480/1480/1480 1478/1478/1478
f 1481/1481/1481 1483/1483/1483 1482/1482/1482
f 1483/1483/1483 1484/1484/1484 1482/1482/1482
f 1485/1485/1485 1487/1487/1487 1486/1486/1486
f 1487/1487/1487 1488/1488/1488 1486/1486/1486
o glass_0331
usemtl paleblue
v 2.824999988079071 7.7000000238418576 3.04999999910593
v 2.824999988079071 7.7000000238418576 2.9700000008940695
v 2.824999988079071 6.499999976158142 3.04999999910593
v 2.824999988079071 6.499999976158142 2.9700000008940695
v 1.675000011920929 7.7000000238418576 2.9700000008940695
v 1.675000011920929 7.7000000238418576 3.04999999910593
v 1.675000011920929 6.499999976158142 2.9700000008940695
v 1.675000011920929 6.499999976158142 3.04999999910593
v 1.675000011920929 7.7000000238418576 2.9700000008940695
v 2.824999988079071 7.7000000238418576 2.9700000008940695
v 1.675000011920929 7.7000000238418576 3.04999999910593
v 2.824999988079071 7.7000000238418576 3.04999999910593
v 1.675000011920929 6.499999976158142 3.04999999910593
v 2.824999988079071 6.499999976158142 3.04999999910593
v 1.675000011920929 6.499999976158142 2.9700000008940695
v 2.824999988079071 6.499999976158142 2.9700000008940695
v 1.675000011920929 7.7000000238418576 3.04999999910593
v 2.824999988079071 7.7000000238418576 3.04999999910593
v 1.675000011920929 6.499999976158142 3.04999999910593
v 2.824999988079071 6.499999976158142 3.04999999910593
v 2.824999988079071 7.7000000238418576 2.9700000008940695
v 1.675000011920929 7.7000000238418576 2.9700000008940695
v 2.824999988079071 6.499999976158142 2.9700000008940695
v 1.675000011920929 6.499999976158142 2.9700000008940695
vt 0 1
vt 1 1
vt 0 0
vt 1 0
vt 0 1
vt 1 1
vt 0 0
vt 1 0
vt 0 1
vt 1 1
vt 0 0
vt 1 0
vt 0 1
vt 1 1
vt 0 0
vt 1 0
vt 0 1
vt 1 1
vt 0 0
vt 1 0
vt 0 1
vt 1 1
vt 0 0
vt 1 0
vn 1 0 0
vn 1 0 0
vn 1 0 0
vn 1 0 0
vn -1 0 0
vn -1 0 0
vn -1 0 0
vn -1 0 0
vn 0 1 0
vn 0 1 0
vn 0 1 0
vn 0 1 0
vn 0 -1 0
vn 0 -1 0
vn 0 -1 0
vn 0 -1 0
vn 0 0 1
vn 0 0 1
vn 0 0 1
vn 0 0 1
vn 0 0 -1
vn 0 0 -1
vn 0 0 -1
vn 0 0 -1
f 1489/1489/1489 1491/1491/1491 1490/1490/1490
f 1491/1491/1491 1492/1492/1492 1490/1490/1490
f 1493/1493/1493 1495/1495/1495 1494/1494/1494
f 1495/1495/1495 1496/1496/1496 1494/1494/1494
f 1497/1497/1497 1499/1499/1499 1498/1498/1498
f 1499/1499/1499 1500/1500/1500 1498/1498/1498
f 1501/1501/1501 1503/1503/1503 1502/1502/1502
f 1503/1503/1503 1504/1504/1504 1502/1502/1502
f 1505/1505/1505 1507/1507/1507 1506/1506/1506
f 1507/1507/1507 1508/1508/1508 1506/1506/1506
f 1509/1509/1509 1511/1511/1511 1510/1510/1510
f 1511/1511/1511 1512/1512/1512 1510/1510/1510
o glass_s0331
usemtl paleblue
v 3.04999999910593 7.7000000238418576 2.824999988079071
v 3.04999999910593 7.7000000238418576 1.675000011920929
v 3.04999999910593 6.499999976158142 2.824999988079071
v 3.04999999910593 6.499999976158142 1.675000011920929
v 2.9700000008940695 7.7000000238418576 1.675000011920929
v 2.9700000008940695 7.7000000238418576 2.824999988079071
v 2.9700000008940695 6.499999976158142 1.675000011920929
v 2.9700000008940695 6.499999976158142 2.824999988079071
v 2.9700000008940695 7.7000000238418576 1.675000011920929
v 3.04999999910593 7.7000000238418576 1.675000011920929
v 2.9700000008940695 7.7000000238418576 2.824999988079071
v 3.04999999910593 7.7000000238418576 2.824999988079071
v 2.9700000008940695 6.499999976158142 2.824999988079071
v 3.04999999910593 6.499999976158142 2.824999988079071
v 2.9700000008940695 6.499999976158142 1.675000011920929
v 3.04999999910593 6.499999976158142 1.675000011920929
v 2.9700000008940695 7.7000000238418576 2.824999988079071
v 3.04999999910593 7.7000000238418576 2.824999988079071
v 2.9700000008940695 6.499999976158142 2.824999988079071
v 3.04999999910593 6.499999976158142 2.824999988079071
v 3.04999999910593 7.7000000238418576 1.675000011920929
v 2.9700000008940695 7.7000000238418576 1.675000011920929
v 3.04999999910593 6.499999976158142 1.675000011920929
v 2.9700000008940695 6.499999976158142 1.675000011920929
vt 0 1
vt 1 1
vt 0 0
vt 1 0
vt 0 1
vt 1 1
vt 0 0
vt 1 0
vt 0 1
vt 1 1
vt 0 0
vt 1 0
vt 0 1
vt 1 1
vt 0 0
vt 1 0
vt 0 1
vt 1 1
vt 0 0
vt 1 0
vt 0 1
vt 1 1
vt 0 0
vt 1 0
vn 1 0 0
vn 1 0 0
vn 1 0 0
vn 1 0 0
vn -1 0 0
vn -1 0 0
vn -1 0 0
vn -1 0 0
vn 0 1 0
vn 0 1 0
vn 0 1 0
vn 0 1 0
vn 0 -1 0
vn 0 -1 0
vn 0 -1 0
vn 0 -1 0
vn 0 0 1
vn 0 0 1
vn 0 0 1
vn 0 0 1
vn 0 0 -1
vn 0 0 -1
vn 0 0 -1
vn 0 0 -1
f 1513/1513/1513 1515/1515/1515 1514/1514/1514
f 1515/1515/1515 1516/1516/1516 1514/1514/1514
f 1517/1517/1517 1519/1519/1519 1518/1518/1518
f 1519/1519/1519 1520/1520/1520 1518/1518/1518
f 1521/1521/1521 1523/1523/1523 1522/1522/1522
f 1523/1523/1523 1524/1524/1524 1522/1522/1522
f 1525/1525/1525 1527/1527/1527 1526/1526/1526
f 1527/1527/1527 1528/1528/1528 1526/1526/1526
f 1529/1529/1529 1531/1531/1531 1530/1530/1530
f 1531/1531/1531 1532/1532/1532 1530/1530/1530
f 1533/1533/1533 1535/1535/1535 1534/1534/1534
f 1535/1535/1535 1536/1536/1536 1534/1534/1534
o glass_033-1
usemtl paleblue
v 2.824999988079071 7.7000000238418576 -2.9700000008940695
v 2.824999988079071 7.7000000238418576 -3.04999999910593
v 2.824999988079071 6.499999976158142 -2.9700000008940695
v 2.824999988079071 6.499999976158142 -3.04999999910593
v 1.675000011920929 7.7000000238418576 -3.04999999910593
v 1.675000011920929 7.7000000238418576 -2.9700000008940695
v 1.675000011920929 6.499999976158142 -3.04999999910593
v 1.675000011920929 6.499999976158142 -2.9700000008940695
v 1.675000011920929 7.7000000238418576 -3.04999999910593
v 2.824999988079071 7.7000000238418576 -3.04999999910593
v 1.675000011920929 7.7000000238418576 -2.9700000008940695
v 2.824999988079071 7.7000000238418576 -2.9700000008940695
v 1.675000011920929 6.499999976158142 -2.9700000008940695
v 2.824999988079071 6.499999976158142 -2.9700000008940695
v 1.675000011920929 6.499999976158142 -3.04999999910593
v 2.824999988079071 6.499999976158142 -3.04999999910593
v 1.675000011920929 7.7000000238418576 -2.9700000008940695
v 2.824999988079071 7.7000000238418576 -2.9700000008940695
v 1.675000011920929 6.499999976158142 -2.9700000008940695
v 2.824999988079071 6.499999976158142 -2.9700000008940695
v 2.824999988079071 7.7000000238418576 -3.04999999910593
v 1.675000011920929 7.7000000238418576 -3.04999999910593
v 2.824999988079071 6.499999976158142 -3.04999999910593
v 1.675000011920929 6.499999976158142 -3.04999999910593
vt 0 1
vt 1 1
vt 0 0
vt 1 0
vt 0 1
vt 1 1
vt 0 0
vt 1 0
vt 0 1
vt 1 1
vt 0 0
vt 1 0
vt 0 1
vt 1 1
vt 0 0
vt 1 0
vt 0 1
vt 1 1
vt 0 0
vt 1 0
vt 0 1
vt 1 1
vt 0 0
vt 1 0
vn 1 0 0
vn 1 0 0
vn 1 0 0
vn 1 0 0
vn -1 0 0
vn -1 0 0
vn -1 0 0
vn -1 0 0
vn 0 1 0
vn 0 1 0
vn 0 1 0
vn 0 1 0
vn 0 -1 0
vn 0 -1 0
vn 0 -1 0
vn 0 -1 0
vn 0 0 1
vn 0 0 1
vn 0 0 1
vn 0 0 1
vn 0 0 -1
vn 0 0 -1
vn 0 0 -1
vn 0 0 -1
f 1537/1537/1537 1539/1539/1539 1538/1538/1538
f 1539/1539/1539 1540/1540/1540 1538/1538/1538
f 1541/1541/1541 1543/1543/1543 1542/1542/1542
f 1543/1543/1543 1544/1544/1544 1542/1542/1542
f 1545/1545/1545 1547/1547/1547 1546/1546/1546
f 1547/1547/1547 1548/1548/1548 1546/1546/1546
f 1549/1549/1549 1551/1551/1551 1550/1550/1550
f 1551/1551/1551 1552/1552/1552 1550/1550/1550
f 1553/1553/1553 1555/1555/1555 1554/1554/1554
f 1555/1555/1555 1556/1556/1556 1554/1554/1554
f 1557/1557/1557 1559/1559/1559 1558/1558/1558
f 1559/1559/1559 1560/1560/1560 1558/1558/1558
o glass_s033-1
usemtl paleblue
v -2.9700000008940695 7.7000000238418576 2.824999988079071
v -2.9700000008940695 7.7000000238418576 1.675000011920929
v -2.9700000008940695 6.499999976158142 2.824999988079071
v -2.9700000008940695 6.499999976158142 1.675000011920929
v -3.04999999910593 7.7000000238418576 1.675000011920929
v -3.04999999910593 7.7000000238418576 2.824999988079071
v -3.04999999910593 6.499999976158142 1.675000011920929
v -3.04999999910593 6.499999976158142 2.824999988079071
v -3.04999999910593 7.7000000238418576 1.675000011920929
v -2.9700000008940695 7.7000000238418576 1.675000011920929
v -3.04999999910593 7.7000000238418576 2.824999988079071
v -2.9700000008940695 7.7000000238418576 2.824999988079071
v -3.04999999910593 6.499999976158142 2.824999988079071
v -2.9700000008940695 6.499999976158142 2.824999988079071
v -3.04999999910593 6.499999976158142 1.675000011920929
v -2.9700000008940695 6.499999976158142 1.675000011920929
v -3.04999999910593 7.7000000238418576 2.824999988079071
v -2.9700000008940695 7.7000000238418576 2.824999988079071
v -3.04999999910593 6.499999976158142 2.824999988079071
v -2.9700000008940695 6.499999976158142 2.824999988079071
v -2.9700000008940695 7.7000000238418576 1.675000011920929
v -3.04999999910593 7.7000000238418576 1.675000011920929
v -2.9700000008940695 6.499999976158142 1.675000011920929
v -3.04999999910593 6.499999976158142 1.675000011920929
vt 0 1
vt 1 1
vt 0 0
vt 1 0
vt 0 1
vt 1 1
vt 0 0
vt 1 0
vt 0 1
vt 1 1
vt 0 0
vt 1 0
vt 0 1
vt 1 1
vt 0 0
vt 1 0
vt 0 1
vt 1 1
vt 0 0
vt 1 0
vt 0 1
vt 1 1
vt 0 0
vt 1 0
vn 1 0 0
vn 1 0 0
vn 1 0 0
vn 1 0 0
vn -1 0 0
vn -1 0 0
vn -1 0 0
vn -1 0 0
vn 0 1 0
vn 0 1 0
vn 0 1 0
vn 0 1 0
vn 0 -1 0
vn 0 -1 0
vn 0 -1 0
vn 0 -1 0
vn 0 0 1
vn 0 0 1
vn 0 0 1
vn 0 0 1
vn 0 0 -1
vn 0 0 -1
vn 0 0 -1
vn 0 0 -1
f 1561/1561/1561 1563/1563/1563 1562/1562/1562
f 1563/1563/1563 1564/1564/1564 1562/1562/1562
f 1565/1565/1565 1567/1567/1567 1566/1566/1566
f 1567/1567/1567 1568/1568/1568 1566/1566/1566
f 1569/1569/1569 1571/1571/1571 1570/1570/1570
f 1571/1571/1571 1572/1572/1572 1570/1570/1570
f 1573/1573/1573 1575/1575/1575 1574/1574/1574
f 1575/1575/1575 1576/1576/1576 1574/1574/1574
f 1577/1577/1577 1579/1579/1579 1578/1578/1578
f 1579/1579/1579 1580/1580/1580 1578/1578/1578
f 1581/1581/1581 1583/1583/1583 1582/1582/1582
f 1583/1583/1583 1584/1584/1584 1582/1582/1582
o glass_0401
usemtl paleblue
v -1.675000011920929 9.700000023841858 3.04999999910593
v -1.675000011920929 9.700000023841858 2.9700000008940695
v -1.675000011920929 8.499999976158142 3.04999999910593
v -1.675000011920929 8.499999976158142 2.9700000008940695
v -2.824999988079071 9.700000023841858 2.9700000008940695
v -2.824999988079071 9.700000023841858 3.04999999910593
v -2.824999988079071 8.499999976158142 2.9700000008940695
v -2.824999988079071 8.499999976158142 3.04999999910593
v -2.824999988079071 9.700000023841858 2.9700000008940695
v -1.675000011920929 9.700000023841858 2.9700000008940695
v -2.824999988079071 9.700000023841858 3.04999999910593
v -1.675000011920929 9.700000023841858 3.04999999910593
v -2.824999988079071 8.499999976158142 3.04999999910593
v -1.675000011920929 8.499999976158142 3.04999999910593
v -2.824999988079071 8.499999976158142 2.9700000008940695
v -1.675000011920929 8.499999976158142 2.9700000008940695
v -2.824999988079071 9.700000023841858 3.04999999910593
v -1.675000011920929 9.700000023841858 3.04999999910593
v -2.824999988079071 8.499999976158142 3.04999999910593
v -1.675000011920929 8.499999976158142 3.04999999910593
v -1.675000011920929 9.700000023841858 2.9700000008940695
v -2.824999988079071 9.700000023841858 2.9700000008940695
v -1.675000011920929 8.499999976158142 2.9700000008940695
v -2.824999988079071 8.499999976158142 2.9700000008940695
vt 0 1
vt 1 1
vt 0 0
vt 1 0
vt 0 1
vt 1 1
vt 0 0
vt 1 0
vt 0 1
vt 1 1
vt 0 0
vt 1 0
vt 0 1
vt 1 1
vt 0 0
vt 1 0
vt 0 1
vt 1 1
vt 0 0
vt 1 0
vt 0 1
vt 1 1
vt 0 0
vt 1 0
vn 1 0 0
vn 1 0 0
vn 1 0 0
vn 1 0 0
vn -1 0 0
vn -1 0 0
vn -1 0 0
vn -1 0 0
vn 0 1 0
vn 0 1 0
vn 0 1 0
vn 0 1 0
vn 0 -1 0
vn 0 -1 0
vn 0 -1 0
vn 0 -1 0
vn 0 0 1
vn 0 0 1
vn 0 0 1
vn 0 0 1
vn 0 0 -1
vn 0 0 -1
vn 0 0 -1
vn 0 0 -1
f 1585/1585/1585 1587/1587/1587 1586/1586/1586
f 1587/1587/1587 1588/1588/1588 1586/1586/1586
f 1589/1589/1589 1591/1591/1591 1590/1590/1590
f 1591/1591/1591 1592/1592/1592 1590/1590/1590
f 1593/1593/1593 1595/1595/1595 1594/1594/1594
f 1595/1595/1595 1596/1596/1596 1594/1594/1594
f 1597/1597/1597 1599/1599/1599 1598/1598/1598
f 1599/1599/1599 1600/1600/1600 1598/1598/1598
f 1601/1601/1601 1603/1603/1603 1602/1602/1602
f 1603/1603/1603 1604/1604/1604 1602/1602/1602
f 1605/1605/1605 1607/1607/1607 1606/1606/1606
f 1607/1607/1607 1608/1608/1608 1606/1606/1606
o glass_s0401
usemtl paleblue
v 3.04999999910593 9.700000023841858 -1.675000011920929
v 3.04999999910593 9.700000023841858 -2.824999988079071
v 3.04999999910593 8.499999976158142 -1.675000011920929
v 3.04999999910593 8.499999976158142 -2.824999988079071
v 2.9700000008940695 9.700000023841858 -2.824999988079071
v 2.9700000008940695 9.700000023841858 -1.675000011920929
v 2.9700000008940695 8.499999976158142 -2.824999988079071
v 2.9700000008940695 8.499999976158142 -1.675000011920929
v 2.9700000008940695 9.700000023841858 -2.824999988079071
v 3.04999999910593 9.700000023841858 -2.824999988079071
v 2.9700000008940695 9.700000023841858 -1.675000011920929
v 3.04999999910593 9.700000023841858 -1.675000011920929
v 2.9700000008940695 8.499999976158142 -1.675000011920929
v 3.04999999910593 8.499999976158142 -1.675000011920929
v 2.9700000008940695 8.499999976158142 -2.824999988079071
v 3.04999999910593 8.499999976158142 -2.824999988079071
v 2.9700000008940695 9.700000023841858 -1.675000011920929
v 3.04999999910593 9.700000023841858 -1.675000011920929
v 2.9700000008940695 8.499999976158142 -1.675000011920929
v 3.04999999910593 8.499999976158142 -1.675000011920929
v 3.04999999910593 9.700000023841858 -2.824999988079071
v 2.9700000008940695 9.700000023841858 -2.824999988079071
v 3.04999999910593 8.499999976158142 -2.824999988079071
v 2.9700000008940695 8.499999976158142 -2.824999988079071
vt 0 1
vt 1 1
vt 0 0
vt 1 0
vt 0 1
vt 1 1
vt 0 0
vt 1 0
vt 0 1
vt 1 1
vt 0 0
vt 1 0
vt 0 1
vt 1 1
vt 0 0
vt 1 0
vt 0 1
vt 1 1
vt 0 0
vt 1 0
vt 0 1
vt 1 1
vt 0 0
vt 1 0
vn 1 0 0
vn 1 0 0
vn 1 0 0
vn 1 0 0
vn -1 0 0
vn -1 0 0
vn -1 0 0
vn -1 0 0
vn 0 1 0
vn 0 1 0
vn 0 1 0
vn 0 1 0
vn 0 -1 0
vn 0 -1 0
vn 0 -1 0
vn 0 -1 0
vn 0 0 1
vn 0 0 1
vn 0 0 1
vn 0 0 1
vn 0 0 -1
vn 0 0 -1
vn 0 0 -1
vn 0 0 -1
f 1609/1609/1609 1611/1611/1611 1610/1610/1610
f 1611/1611/1611 1612/1612/1612 1610/1610/1610
f 1613/1613/1613 1615/1615/1615 1614/1614/1614
f 1615/1615/1615 1616/1616/1616 1614/1614/1614
f 1617/1617/1617 1619/1619/1619 1618/1618/1618
f 1619/1619/1619 1620/1620/1620 1618/1618/1618
f 1621/1621/1621 1623/1623/1623 1622/1622/1622
f 1623/1623/1623 1624/1624/1624 1622/1622/1622
f 1625/1625/1625 1627/1627/1627 1626/1626/1626
f 1627/1627/1627 1628/1628/1628 1626/1626/1626
f 1629/1629/1629 1631/1631/1631 1630/1630/1630
f 1631/1631/1631 1632/1632/1632 1630/1630/1630
o glass_040-1
usemtl paleblue
v -1.675000011920929 9.700000023841858 -2.9700000008940695
v -1.675000011920929 9.700000023841858 -3.04999999910593
v -1.675000011920929 8.499999976158142 -2.9700000008940695
v -1.675000011920929 8.499999976158142 -3.04999999910593
v -2.824999988079071 9.700000023841858 -3.04999999910593
v -2.824999988079071 9.700000023841858 -2.9700000008940695
v -2.824999988079071 8.499999976158142 -3.04999999910593
v -2.824999988079071 8.499999976158142 -2.9700000008940695
v -2.824999988079071 9.700000023841858 -3.04999999910593
v -1.675000011920929 9.700000023841858 -3.04999999910593
v -2.824999988079071 9.700000023841858 -2.9700000008940695
v -1.675000011920929 9.700000023841858 -2.9700000008940695
v -2.824999988079071 8.499999976158142 -2.9700000008940695
v -1.675000011920929 8.499999976158142 -2.9700000008940695
v -2.824999988079071 8.499999976158142 -3.04999999910593
v -1.675000011920929 8.499999976158142 -3.04999999910593
v -2.824999988079071 9.700000023841858 -2.9700000008940695
v -1.675000011920929 9.700000023841858 -2.9700000008940695
v -2.824999988079071 8.499999976158142 -2.9700000008940695
v -1.675000011920929 8.499999976158142 -2.9700000008940695
v -1.675000011920929 9.700000023841858 -3.04999999910593
v -2.824999988079071 9.700000023841858 -3.04999999910593
v -1.675000011920929 8.499999976158142 -3.04999999910593
v -2.824999988079071 8.499999976158142 -3.04999999910593
vt 0 1
vt 1 1
vt 0 0
vt 1 0
vt 0 1
vt 1 1
vt 0 0
vt 1 0
vt 0 1
vt 1 1
vt 0 0
vt 1 0
vt 0 1
vt 1 1
vt 0 0
vt 1 0
vt 0 1
vt 1 1
vt 0 0
vt 1 0
vt 0 1
vt 1 1
vt 0 0
vt 1 0
vn 1 0 0
vn 1 0 0
vn 1 0 0
vn 1 0 0
vn -1 0 0
vn -1 0 0
vn -1 0 0
vn -1 0 0
vn 0 1 0
vn 0 1 0
vn 0 1 0
vn 0 1 0
vn 0 -1 0
vn 0 -1 0
vn 0 -1 0
vn 0 -1 0
vn 0 0 1
vn 0 0 1
vn 0 0 1
vn 0 0 1
vn 0 0 -1
vn 0 0 -1
vn 0 0 -1
vn 0 0 -1
f 1633/1633/1633 1635/1635/1635 1634/1634/1634
f 1635/1635/1635 1636/1636/1636 1634/1634/1634
f 1637/1637/1637 1639/1639/1639 1638/1638/1638
f 1639/1639/1639 1640/1640/1640 1638/1638/1638
f 1641/1641/1641 1643/1643/1643 1642/1642/1642
f 1643/1643/1643 1644/1644/1644 1642/1642/1642
f 1645/1645/1645 1647/1647/1647 1646/1646/1646
f 1647/1647/1647 1648/1648/1648 1646/1646/1646
f 1649/1649/1649 1651/1651/1651 1650/1650/1650
f 1651/1651/1651 1652/1652/1652 1650/1650/1650
f 1653/1653/1653 1655/1655/1655 1654/1654/1654
f 1655/1655/1655 1656/1656/1656 1654/1654/1654
o glass_s040-1
usemtl paleblue
v -2.9700000008940695 9.700000023841858 -1.675000011920929
v -2.9700000008940695 9.700000023841858 -2.824999988079071
v -2.9700000008940695 8.499999976158142 -1.675000011920929
v -2.9700000008940695 8.499999976158142 -2.824999988079071
v -3.04999999910593 9.700000023841858 -2.824999988079071
v -3.04999999910593 9.700000023841858 -1.675000011920929
v -3.04999999910593 8.499999976158142 -2.824999988079071
v -3.04999999910593 8.499999976158142 -1.675000011920929
v -3.04999999910593 9.700000023841858 -2.824999988079071
v -2.9700000008940695 9.700000023841858 -2.824999988079071
v -3.04999999910593 9.700000023841858 -1.675000011920929
v -2.9700000008940695 9.700000023841858 -1.675000011920929
v -3.04999999910593 8.499999976158142 -1.675000011920929
v -2.9700000008940695 8.499999976158142 -1.675000011920929
v -3.04999999910593 8.499999976158142 -2.824999988079071
v -2.9700000008940695 8.499999976158142 -2.824999988079071
v -3.04999999910593 9.700000023841858 -1.675000011920929
v -2.9700000008940695 9.700000023841858 -1.675000011920929
v -3.04999999910593 8.499999976158142 -1.675000011920929
v -2.9700000008940695 8.499999976158142 -1.675000011920929
v -2.9700000008940695 9.700000023841858 -2.824999988079071
v -3.04999999910593 9.700000023841858 -2.824999988079071
v -2.9700000008940695 8.499999976158142 -2.824999988079071
v -3.04999999910593 8.499999976158142 -2.824999988079071
vt 0 1
vt 1 1
vt 0 0
vt 1 0
vt 0 1
vt 1 1
vt 0 0
vt 1 0
vt 0 1
vt 1 1
vt 0 0
vt 1 0
vt 0 1
vt 1 1
vt 0 0
vt 1 0
vt 0 1
vt 1 1
vt 0 0
vt 1 0
vt 0 1
vt 1 1
vt 0 0
vt 1 0
vn 1 0 0
vn 1 0 0
vn 1 0 0
vn 1 0 0
vn -1 0 0
vn -1 0 0
vn -1 0 0
vn -1 0 0
vn 0 1 0
vn 0 1 0
vn 0 1 0
vn 0 1 0
vn 0 -1 0
vn 0 -1 0
vn 0 -1 0
vn 0 -1 0
vn 0 0 1
vn 0 0 1
vn 0 0 1
vn 0 0 1
vn 0 0 -1
vn 0 0 -1
vn 0 0 -1
vn 0 0 -1
f 1657/1657/1657 1659/1659/1659 1658/1658/1658
f 1659/1659/1659 1660/1660/1660 1658/1658/1658
f 1661/1661/1661 1663/1663/1663 1662/1662/1662
f 1663/1663/1663 1664/1664/1664 1662/1662/1662
f 1665/1665/1665 1667/1667/1667 1666/1666/1666
f 1667/1667/1667 1668/1668/1668 1666/1666/1666
f 1669/1669/1669 1671/1671/1671 1670/1670/1670
f 1671/1671/1671 1672/1672/1672 1670/1670/1670
f 1673/1673/1673 1675/1675/1675 1674/1674/1674
f 1675/1675/1675 1676/1676/1676 1674/1674/1674
f 1677/1677/1677 1679/1679/1679 1678/1678/1678
f 1679/1679/1679 1680/1680/1680 1678/1678/1678
o glass_0411
usemtl paleblue
v -0.17500001192092896 9.700000023841858 3.04999999910593
v -0.17500001192092896 9.700000023841858 2.9700000008940695
v -0.17500001192092896 8.499999976158142 3.04999999910593
v -0.17500001192092896 8.499999976158142 2.9700000008940695
v -1.324999988079071 9.700000023841858 2.9700000008940695
v -1.324999988079071 9.700000023841858 3.04999999910593
v -1.324999988079071 8.499999976158142 2.9700000008940695
v -1.324999988079071 8.499999976158142 3.04999999910593
v -1.324999988079071 9.700000023841858 2.9700000008940695
v -0.17500001192092896 9.700000023841858 2.9700000008940695
v -1.324999988079071 9.700000023841858 3.04999999910593
v -0.17500001192092896 9.700000023841858 3.04999999910593
v -1.324999988079071 8.499999976158142 3.04999999910593
v -0.17500001192092896 8.499999976158142 3.04999999910593
v -1.324999988079071 8.499999976158142 2.9700000008940695
v -0.17500001192092896 8.499999976158142 2.9700000008940695
v -1.324999988079071 9.700000023841858 3.04999999910593
v -0.17500001192092896 9.700000023841858 3.04999999910593
v -1.324999988079071 8.499999976158142 3.04999999910593
v -0.17500001192092896 8.499999976158142 3.04999999910593
v -0.17500001192092896 9.700000023841858 2.9700000008940695
v -1.324999988079071 9.700000023841858 2.9700000008940695
v -0.17500001192092896 8.499999976158142 2.9700000008940695
v -1.324999988079071 8.499999976158142 2.9700000008940695
vt 0 1
vt 1 1
vt 0 0
vt 1 0
vt 0 1
vt 1 1
vt 0 0
vt 1 0
vt 0 1
vt 1 1
vt 0 0
vt 1 0
vt 0 1
vt 1 1
vt 0 0
vt 1 0
vt 0 1
vt 1 1
vt 0 0
vt 1 0
vt 0 1
vt 1 1
vt 0 0
vt 1 0
vn 1 0 0
vn 1 0 0
vn 1 0 0
vn 1 0 0
vn -1 0 0
vn -1 0 0
vn -1 0 0
vn -1 0 0
vn 0 1 0
vn 0 1 0
vn 0 1 0
vn 0 1 0
vn 0 -1 0
vn 0 -1 0
vn 0 -1 0
vn 0 -1 0
vn 0 0 1
vn 0 0 1
vn 0 0 1
vn 0 0 1
vn 0 0 -1
vn 0 0 -1
vn 0 0 -1
vn 0 0 -1
f 1681/1681/1681 1683/1683/1683 1682/1682/1682
f 1683/1683/1683 1684/1684/1684 1682/1682/1682
f 1685/1685/1685 1687/1687/1687 1686/1686/1686
f 1687/1687/1687 1688/1688/1688 1686/1686/1686
f 1689/1689/1689 1691/1691/1691 1690/1690/1690
f 1691/1691/1691 1692/1692/1692 1690/1690/1690
f 1693/1693/1693 1695/1695/1695 1694/1694/1694
f 1695/1695/1695 1696/1696/1696 1694/1694/1694
f 1697/1697/1697 1699/1699/1699 1698/1698/1698
f 1699/1699/1699 1700/1700/1700 1698/1698/1698
f 1701/1701/1701 1703/1703/1703 1702/1702/1702
f 1703/1703/1703 1704/1704/1704 1702/1702/1702
o glass_s0411
usemtl paleblue
v 3.04999999910593 9.700000023841858 -0.17500001192092896
v 3.04999999910593 9.700000023841858 -1.324999988079071
v 3.04999999910593 8.499999976158142 -0.17500001192092896
v 3.04999999910593 8.499999976158142 -1.324999988079071
v 2.9700000008940695 9.700000023841858 -1.324999988079071
v 2.9700000008940695 9.700000023841858 -0.17500001192092896
v 2.9700000008940695 8.499999976158142 -1.324999988079071
v 2.9700000008940695 8.499999976158142 -0.17500001192092896
v 2.9700000008940695 9.700000023841858 -1.324999988079071
v 3.04999999910593 9.700000023841858 -1.324999988079071
v 2.9700000008940695 9.700000023841858 -0.17500001192092896
v 3.04999999910593 9.700000023841858 -0.17500001192092896
v 2.9700000008940695 8.499999976158142 -0.17500001192092896
v 3.04999999910593 8.499999976158142 -0.17500001192092896
v 2.9700000008940695 8.499999976158142 -1.324999988079071
v 3.04999999910593 8.499999976158142 -1.324999988079071
v 2.9700000008940695 9.700000023841858 -0.17500001192092896
v 3.04999999910593 9.700000023841858 -0.17500001192092896
v 2.9700000008940695 8.499999976158142 -0.17500001192092896
v 3.04999999910593 8.499999976158142 -0.17500001192092896
v 3.04999999910593 9.700000023841858 -1.324999988079071
v 2.9700000008940695 9.700000023841858 -1.324999988079071
v 3.04999999910593 8.499999976158142 -1.324999988079071
v 2.9700000008940695 8.499999976158142 -1.324999988079071
vt 0 1
vt 1 1
vt 0 0
vt 1 0
vt 0 1
vt 1 1
vt 0 0
vt 1 0
vt 0 1
vt 1 1
vt 0 0
vt 1 0
vt 0 1
vt 1 1
vt 0 0
vt 1 0
vt 0 1
vt 1 1
vt 0 0
vt 1 0
vt 0 1
vt 1 1
vt 0 0
vt 1 0
vn 1 0 0
vn 1 0 0
vn 1 0 0
vn 1 0 0
vn -1 0 0
vn -1 0 0
vn -1 0 0
vn -1 0 0
vn 0 1 0
vn 0 1 0
vn 0 1 0
vn 0 1 0
vn 0 -1 0
vn 0 -1 0
vn 0 -1 0
vn 0 -1 0
vn 0 0 1
vn 0 0 1
vn 0 0 1
vn 0 0 1
vn 0 0 -1
vn 0 0 -1
vn 0 0 -1
vn 0 0 -1
f 1705/1705/1705 1707/1707/1707 1706/1706/1706
f 1707/1707/1707 1708/1708/1708 1706/1706/1706
f 1709/1709/1709 1711/1711/1711 1710/1710/1710
f 1711/1711/1711 1712/1712/1712 1710/1710/1710
f 1713/1713/1713 1715/1715/1715 1714/1714/1714
f 1715/1715/1715 1716/1716/1716 1714/1714/1714
f 1717/1717/1717 1719/1719/1719 1718/1718/1718
f 1719/1719/1719 1720/1720/1720 1718/1718/1718
f 1721/1721/1721 1723/1723/1723 1722/1722/1722
f 1723/1723/1723 1724/1724/1724 1722/1722/1722
f 1725/1725/1725 1727/1727/1727 1726/1726/1726
f 1727/1727/1727 1728/1728/1728 1726/1726/1726
o glass_041-1
usemtl paleblue
v -0.17500001192092896 9.700000023841858 -2.9700000008940695
v -0.17500001192092896 9.700000023841858 -3.04999999910593
v -0.17500001192092896 8.499999976158142 -2.9700000008940695
v -0.17500001192092896 8.499999976158142 -3.04999999910593
v -1.324999988079071 9.700000023841858 -3.04999999910593
v -1.324999988079071 9.700000023841858 -2.9700000008940695
v -1.324999988079071 8.499999976158142 -3.04999999910593
v -1.324999988079071 8.499999976158142 -2.9700000008940695
v -1.324999988079071 9.700000023841858 -3.04999999910593
v -0.17500001192092896 9.700000023841858 -3.04999999910593
v -1.324999988079071 9.700000023841858 -2.9700000008940695
v -0.17500001192092896 9.700000023841858 -2.9700000008940695
v -1.324999988079071 8.499999976158142 -2.9700000008940695
v -0.17500001192092896 8.499999976158142 -2.9700000008940695
v -1.324999988079071 8.499999976158142 -3.04999999910593
v -0.17500001192092896 8.499999976158142 -3.04999999910593
v -1.324999988079071 9.700000023841858 -2.9700000008940695
v -0.17500001192092896 9.700000023841858 -2.9700000008940695
v -1.324999988079071 8.499999976158142 -2.9700000008940695
v -0.17500001192092896 8.499999976158142 -2.9700000008940695
v -0.17500001192092896 9.700000023841858 -3.04999999910593
v -1.324999988079071 9.700000023841858 -3.04999999910593
v -0.17500001192092896 8.499999976158142 -3.04999999910593
v -1.324999988079071 8.499999976158142 -3.04999999910593
vt 0 1
vt 1 1
vt 0 0
vt 1 0
vt 0 1
vt 1 1
vt 0 0
vt 1 0
vt 0 1
vt 1 1
vt 0 0
vt 1 0
vt 0 1
vt 1 1
vt 0 0
vt 1 0
vt 0 1
vt 1 1
vt 0 0
vt 1 0
vt 0 1
vt 1 1
vt 0 0
vt 1 0
vn 1 0 0
vn 1 0 0
vn 1 0 0
vn 1 0 0
vn -1 0 0
vn -1 0 0
vn -1 0 0
vn -1 0 0
vn 0 1 0
vn 0 1 0
vn 0 1 0
vn 0 1 0
vn 0 -1 0
vn 0 -1 0
vn 0 -1 0
vn 0 -1 0
vn 0 0 1
vn 0 0 1
vn 0 0 1
vn 0 0 1
vn 0 0 -1
vn 0 0 -1
vn 0 0 -1
vn 0 0 -1
f 1729/1729/1729 1731/1731/1731 1730/1730/1730
f 1731/1731/1731 1732/1732/1732 1730/1730/1730
f 1733/1733/1733 1735/1735/1735 1734/1734/1734
f 1735/1735/1735 1736/1736/1736 1734/1734/1734
f 1737/1737/1737 1739/1739/1739 1738/1738/1738
f 1739/1739/1739 1740/1740/1740 1738/1738/1738
f 1741/1741/1741 1743/1743/1743 1742/1742/1742
f 1743/1743/1743 1744/1744/1744 1742/1742/1742
f 1745/1745/1745 1747/1747/1747 1746/1746/1746
f 1747/1747/1747 1748/1748/1748 1746/1746/1746
f 1749/1749/1749 1751/1751/1751 1750/1750/1750
f 1751/1751/1751 1752/1752/1752 1750/1750/1750
o glass_s041-1
usemtl paleblue
v -2.9700000008940695 9.700000023841858 -0.17500001192092896
v -2.9700000008940695 9.700000023841858 -1.324999988079071
v -2.9700000008940695 8.499999976158142 -0.17500001192092896
v -2.9700000008940695 8.499999976158142 -1.324999988079071
v -3.04999999910593 9.700000023841858 -1.324999988079071
v -3.04999999910593 9.700000023841858 -0.17500001192092896
v -3.04999999910593 8.499999976158142 -1.324999988079071
v -3.04999999910593 8.499999976158142 -0.17500001192092896
v -3.04999999910593 9.700000023841858 -1.324999988079071
v -2.9700000008940695 9.700000023841858 -1.324999988079071
v -3.04999999910593 9.700000023841858 -0.17500001192092896
v -2.9700000008940695 9.700000023841858 -0.17500001192092896
v -3.04999999910593 8.499999976158142 -0.17500001192092896
v -2.9700000008940695 8.499999976158142 -0.17500001192092896
v -3.04999999910593 8.499999976158142 -1.324999988079071
v -2.9700000008940695 8.499999976158142 -1.324999988079071
v -3.04999999910593 9.700000023841858 -0.17500001192092896
v -2.9700000008940695 9.700000023841858 -0.17500001192092896
v -3.04999999910593 8.499999976158142 -0.17500001192092896
v -2.9700000008940695 8.499999976158142 -0.17500001192092896
v -2.9700000008940695 9.700000023841858 -1.324999988079071
v -3.04999999910593 9.700000023841858 -1.324999988079071
v -2.9700000008940695 8.499999976158142 -1.324999988079071
v -3.04999999910593 8.499999976158142 -1.324999988079071
vt 0 1
vt 1 1
vt 0 0
vt 1 0
vt 0 1
vt 1 1
vt 0 0
vt 1 0
vt 0 1
vt 1 1
vt 0 0
vt 1 0
vt 0 1
vt 1 1
vt 0 0
vt 1 0
vt 0 1
vt 1 1
vt 0 0
vt 1 0
vt 0 1
vt 1 1
vt 0 0
vt 1 0
vn 1 0 0
vn 1 0 0
vn 1 0 0
vn 1 0 0
vn -1 0 0
vn -1 0 0
vn -1 0 0
vn -1 0 0
vn 0 1 0
vn 0 1 0
vn 0 1 0
vn 0 1 0
vn 0 -1 0
vn 0 -1 0
vn 0 -1 0
vn 0 -1 0
vn 0 0 1
vn 0 0 1
vn 0 0 1
vn 0 0 1
vn 0 0 -1
vn 0 0 -1
vn 0 0 -1
vn 0 0 -1
f 1753/1753/1753 1755/1755/1755 1754/1754/1754
f 1755/1755/1755 1756/1756/1756 1754/1754/1754
f 1757/1757/1757 1759/1759/1759 1758/1758/1758
f 1759/1759/1759 1760/1760/1760 1758/1758/1758
f 1761/1761/1761 1763/1763/1763 1762/1762/1762
f 1763/1763/1763 1764/1764/1764 1762/1762/1762
f 1765/1765/1765 1767/1767/1767 1766/1766/1766
f 1767/1767/1767 1768/1768/1768 1766/1766/1766
f 1769/1769/1769 1771/1771/1771 1770/1770/1770
f 1771/1771/1771 1772/1772/1772 1770/1770/1770
f 1773/1773/1773 1775/1775/1775 1774/1774/1774
f 1775/1775/1775 1776/1776/1776 1774/1774/1774
o glass_0421
usemtl paleblue
v 1.324999988079071 9.700000023841858 3.04999999910593
v 1.324999988079071 9.700000023841858 2.9700000008940695
v 1.324999988079071 8.499999976158142 3.04999999910593
v 1.324999988079071 8.499999976158142 2.9700000008940695
v 0.17500001192092896 9.700000023841858 2.9700000008940695
v 0.17500001192092896 9.700000023841858 3.04999999910593
v 0.17500001192092896 8.499999976158142 2.9700000008940695
v 0.17500001192092896 8.499999976158142 3.04999999910593
v 0.17500001192092896 9.700000023841858 2.9700000008940695
v 1.324999988079071 9.700000023841858 2.9700000008940695
v 0.17500001192092896 9.700000023841858 3.04999999910593
v 1.324999988079071 9.700000023841858 3.04999999910593
v 0.17500001192092896 8.499999976158142 3.04999999910593
v 1.324999988079071 8.499999976158142 3.04999999910593
v 0.17500001192092896 8.499999976158142 2.9700000008940695
v 1.324999988079071 8.499999976158142 2.9700000008940695
v 0.17500001192092896 9.700000023841858 3.04999999910593
v 1.324999988079071 9.700000023841858 3.04999999910593
v 0.17500001192092896 8.499999976158142 3.04999999910593
v 1.324999988079071 8.499999976158142 3.04999999910593
v 1.324999988079071 9.700000023841858 2.9700000008940695
v 0.17500001192092896 9.700000023841858 2.9700000008940695
v 1.324999988079071 8.499999976158142 2.9700000008940695
v 0.17500001192092896 8.499999976158142 2.9700000008940695
vt 0 1
vt 1 1
vt 0 0
vt 1 0
vt 0 1
vt 1 1
vt 0 0
vt 1 0
vt 0 1
vt 1 1
vt 0 0
vt 1 0
vt 0 1
vt 1 1
vt 0 0
vt 1 0
vt 0 1
vt 1 1
vt 0 0
vt 1 0
vt 0 1
vt 1 1
vt 0 0
vt 1 0
vn 1 0 0
vn 1 0 0
vn 1 0 0
vn 1 0 0
vn -1 0 0
vn -1 0 0
vn -1 0 0
vn -1 0 0
vn 0 1 0
vn 0 1 0
vn 0 1 0
vn 0 1 0
vn 0 -1 0
vn 0 -1 0
vn 0 -1 0
vn 0 -1 0
vn 0 0 1
vn 0 0 1
vn 0 0 1
vn 0 0 1
vn 0 0 -1
vn 0 0 -1
vn 0 0 -1
vn 0 0 -1
f 1777/1777/1777 1779/1779/1779 1778/1778/1778
f 1779/1779/1779 1780/1780/1780 1778/1778/1778
f 1781/1781/1781 1783/1783/1783 1782/1782/1782
f 1783/1783/1783 1784/1784/1784 1782/1782/1782
f 1785/1785/1785 1787/1787/1787 1786/1786/1786
f 1787/1787/1787 1788/1788/1788 1786/1786/1786
f 1789/1789/1789 1791/1791/1791 1790/1790/1790
f 1791/1791/1791 1792/1792/1792 1790/1790/1790
f 1793/1793/1793 1795/1795/1795 1794/1794/1794
f 1795/1795/1795 1796/1796/1796 1794/1794/1794
f 1797/1797/1797 1799/1799/1799 1798/1798/1798
f 1799/1799/1799 1800/1800/1800 1798/1798/1798
o glass_s0421
usemtl paleblue
v 3.04999999910593 9.700000023841858 1.324999988079071
v 3.04999999910593 9.700000023841858 0.17500001192092896
v 3.04999999910593 8.499999976158142 1.324999988079071
v 3.04999999910593 8.499999976158142 0.17500001192092896
v 2.9700000008940695 9.700000023841858 0.17500001192092896
v 2.9700000008940695 9.700000023841858 1.324999988079071
v 2.9700000008940695 8.499999976158142 0.17500001192092896
v 2.9700000008940695 8.499999976158142 1.324999988079071
v 2.9700000008940695 9.700000023841858 0.17500001192092896
v 3.04999999910593 9.700000023841858 0.17500001192092896
v 2.9700000008940695 9.700000023841858 1.324999988079071
v 3.04999999910593 9.700000023841858 1.324999988079071
v 2.9700000008940695 8.499999976158142 1.324999988079071
v 3.04999999910593 8.499999976158142 1.324999988079071
v 2.9700000008940695 8.499999976158142 0.17500001192092896
v 3.04999999910593 8.499999976158142 0.17500001192092896
v 2.9700000008940695 9.700000023841858 1.324999988079071
v 3.04999999910593 9.700000023841858 1.324999988079071
v 2.9700000008940695 8.499999976158142 1.324999988079071
v 3.04999999910593 8.499999976158142 1.324999988079071
v 3.04999999910593 9.700000023841858 0.17500001192092896
v 2.9700000008940695 9.700000023841858 0.17500001192092896
v 3.04999999910593 8.499999976158142 0.17500001192092896
v 2.9700000008940695 8.499999976158142 0.17500001192092896
vt 0 1
vt 1 1
vt 0 0
vt 1 0
vt 0 1
vt 1 1
vt 0 0
vt 1 0
vt 0 1
vt 1 1
vt 0 0
vt 1 0
vt 0 1
vt 1 1
vt 0 0
vt 1 0
vt 0 1
vt 1 1
vt 0 0
vt 1 0
vt 0 1
vt 1 1
vt 0 0
vt 1 0
vn 1 0 0
vn 1 0 0
vn 1 0 0
vn 1 0 0
vn -1 0 0
vn -1 0 0
vn -1 0 0
vn -1 0 0
vn 0 1 0
vn 0 1 0
vn 0 1 0
vn 0 1 0
vn 0 -1 0
vn 0 -1 0
vn 0 -1 0
vn 0 -1 0
vn 0 0 1
vn 0 0 1
vn 0 0 1
vn 0 0 1
vn 0 0 -1
vn 0 0 -1
vn 0 0 -1
vn 0 0 -1
f 1801/1801/1801 1803/1803/1803 1802/1802/1802
f 1803/1803/1803 1804/1804/1804 1802/1802/1802
f 1805/1805/1805 1807/1807/1807 1806/1806/1806
f 1807/1807/1807 1808/1808/1808 1806/1806/1806
f 1809/1809/1809 1811/1811/1811 1810/1810/1810
f 1811/1811/1811 1812/1812/1812 1810/1810/1810
f 1813/1813/1813 1815/1815/1815 1814/1814/1814
f 1815/1815/1815 1816/1816/1816 1814/1814/1814
f 1817/1817/1817 1819/1819/1819 1818/1818/1818
f 1819/1819/1819 1820/1820/1820 1818/1818/1818
f 1821/1821/1821 1823/1823/1823 1822/1822/1822
f 1823/1823/1823 1824/1824/1824 1822/1822/1822
o glass_042-1
usemtl paleblue
v 1.324999988079071 9.700000023841858 -2.9700000008940695
v 1.324999988079071 9.700000023841858 -3.04999999910593
v 1.324999988079071 8.499999976158142 -2.9700000008940695
v 1.324999988079071 8.499999976158142 -3.04999999910593
v 0.17500001192092896 9.700000023841858 -3.04999999910593
v 0.17500001192092896 9.700000023841858 -2.9700000008940695
v 0.17500001192092896 8.499999976158142 -3.04999999910593
v 0.17500001192092896 8.499999976158142 -2.9700000008940695
v 0.17500001192092896 9.700000023841858 -3.04999999910593
v 1.324999988079071 9.700000023841858 -3.04999999910593
v 0.17500001192092896 9.700000023841858 -2.9700000008940695
v 1.324999988079071 9.700000023841858 -2.9700000008940695
v 0.17500001192092896 8.499999976158142 -2.9700000008940695
v 1.324999988079071 8.499999976158142 -2.9700000008940695
v 0.17500001192092896 8.499999976158142 -3.04999999910593
v 1.324999988079071 8.499999976158142 -3.04999999910593
v 0.17500001192092896 9.700000023841858 -2.9700000008940695
v 1.324999988079071 9.700000023841858 -2.9700000008940695
v 0.17500001192092896 8.499999976158142 -2.9700000008940695
v 1.324999988079071 8.499999976158142 -2.9700000008940695
v 1.324999988079071 9.700000023841858 -3.04999999910593
v 0.17500001192092896 9.700000023841858 -3.04999999910593
v 1.324999988079071 8.499999976158142 -3.04999999910593
v 0.17500001192092896 8.499999976158142 -3.04999999910593
vt 0 1
vt 1 1
vt 0 0
vt 1 0
vt 0 1
vt 1 1
vt 0 0
vt 1 0
vt 0 1
vt 1 1
vt 0 0
vt 1 0
vt 0 1
vt 1 1
vt 0 0
vt 1 0
vt 0 1
vt 1 1
vt 0 0
vt 1 0
vt 0 1
vt 1 1
vt 0 0
vt 1 0
vn 1 0 0
vn 1 0 0
vn 1 0 0
vn 1 0 0
vn -1 0 0
vn -1 0 0
vn -1 0 0
vn -1 0 0
vn 0 1 0
vn 0 1 0
vn 0 1 0
vn 0 1 0
vn 0 -1 0
vn 0 -1 0
vn 0 -1 0
vn 0 -1 0
vn 0 0 1
vn 0 0 1
vn 0 0 1
vn 0 0 1
vn 0 0 -1
vn 0 0 -1
vn 0 0 -1
vn 0 0 -1
f 1825/1825/1825 1827/1827/1827 1826/1826/1826
f 1827/1827/1827 1828/1828/1828 1826/1826/1826
f 1829/1829/1829 1831/1831/1831 1830/1830/1830
f 1831/1831/1831 1832/1832/1832 1830/1830/1830
f 1833/1833/1833 1835/1835/1835 1834/1834/1834
f 1835/1835/1835 1836/1836/1836 1834/1834/1834
f 1837/1837/1837 1839/1839/1839 1838/1838/1838
f 1839/1839/1839 1840/1840/1840 1838/1838/1838
f 1841/1841/1841 1843/1843/1843 1842/1842/1842
f 1843/1843/1843 1844/1844/1844 1842/1842/1842
f 1845/1845/1845 1847/1847/1847 1846/1846/1846
f 1847/1847/1847 1848/1848/1848 1846/1846/1846
o glass_s042-1
usemtl paleblue
v -2.9700000008940695 9.700000023841858 1.324999988079071
v -2.9700000008940695 9.700000023841858 0.17500001192092896
v -2.9700000008940695 8.499999976158142 1.324999988079071
v -2.9700000008940695 8.499999976158142 0.17500001192092896
v -3.04999999910593 9.700000023841858 0.17500001192092896
v -3.04999999910593 9.700000023841858 1.324999988079071
v -3.04999999910593 8.499999976158142 0.17500001192092896
v -3.04999999910593 8.499999976158142 1.324999988079071
v -3.04999999910593 9.700000023841858 0.17500001192092896
v -2.9700000008940695 9.700000023841858 0.17500001192092896
v -3.04999999910593 9.700000023841858 1.324999988079071
v -2.9700000008940695 9.700000023841858 1.324999988079071
v -3.04999999910593 8.499999976158142 1.324999988079071
v -2.9700000008940695 8.499999976158142 1.324999988079071
v -3.04999999910593 8.499999976158142 0.17500001192092896
v -2.9700000008940695 8.499999976158142 0.17500001192092896
v -3.04999999910593 9.700000023841858 1.324999988079071
v -2.9700000008940695 9.700000023841858 1.324999988079071
v -3.04999999910593 8.499999976158142 1.324999988079071
v -2.9700000008940695 8.499999976158142 1.324999988079071
v -2.9700000008940695 9.700000023841858 0.17500001192092896
v -3.04999999910593 9.700000023841858 0.17500001192092896
v -2.9700000008940695 8.499999976158142 0.17500001192092896
v -3.04999999910593 8.499999976158142 0.17500001192092896
vt 0 1
vt 1 1
vt 0 0
vt 1 0
vt 0 1
vt 1 1
vt 0 0
vt 1 0
vt 0 1
vt 1 1
vt 0 0
vt 1 0
vt 0 1
vt 1 1
vt 0 0
vt 1 0
vt 0 1
vt 1 1
vt 0 0
vt 1 0
vt 0 1
vt 1 1
vt 0 0
vt 1 0
vn 1 0 0
vn 1 0 0
vn 1 0 0
vn 1 0 0
vn -1 0 0
vn -1 0 0
vn -1 0 0
vn -1 0 0
vn 0 1 0
vn 0 1 0
vn 0 1 0
vn 0 1 0
vn 0 -1 0
vn 0 -1 0
vn 0 -1 0
vn 0 -1 0
vn 0 0 1
vn 0 0 1
vn 0 0 1
vn 0 0 1
vn 0 0 -1
vn 0 0 -1
vn 0 0 -1
vn 0 0 -1
f 1849/1849/1849 1851/1851/1851 1850/1850/1850
f 1851/1851/1851 1852/1852/1852 1850/1850/1850
f 1853/1853/1853 1855/1855/1855 1854/1854/1854
f 1855/1855/1855 1856/1856/1856 1854/1854/1854
f 1857/1857/1857 1859/1859/1859 1858/1858/1858
f 1859/1859/1859 1860/1860/1860 1858/1858/1858
f 1861/1861/1861 1863/1863/1863 1862/1862/1862
f 1863/1863/1863 1864/1864/1864 1862/1862/1862
f 1865/1865/1865 1867/1867/1867 1866/1866/1866
f 1867/1867/1867 1868/1868/1868 1866/1866/1866
f 1869/1869/1869 1871/1871/1871 1870/1870/1870
f 1871/1871/1871 1872/1872/1872 1870/1870/1870
o glass_0431
usemtl paleblue
v 2.824999988079071 9.700000023841858 3.04999999910593
v 2.824999988079071 9.700000023841858 2.9700000008940695
v 2.824999988079071 8.499999976158142 3.04999999910593
v 2.824999988079071 8.499999976158142 2.9700000008940695
v 1.675000011920929 9.700000023841858 2.9700000008940695
v 1.675000011920929 9.700000023841858 3.04999999910593
v 1.675000011920929 8.499999976158142 2.9700000008940695
v 1.675000011920929 8.499999976158142 3.04999999910593
v 1.675000011920929 9.700000023841858 2.9700000008940695
v 2.824999988079071 9.700000023841858 2.9700000008940695
v 1.675000011920929 9.700000023841858 3.04999999910593
v 2.824999988079071 9.700000023841858 3.04999999910593
v 1.675000011920929 8.499999976158142 3.04999999910593
v 2.824999988079071 8.499999976158142 3.04999999910593
v 1.675000011920929 8.499999976158142 2.9700000008940695
v 2.824999988079071 8.499999976158142 2.9700000008940695
v 1.675000011920929 9.700000023841858 3.04999999910593
v 2.824999988079071 9.700000023841858 3.04999999910593
v 1.675000011920929 8.499999976158142 3.04999999910593
v 2.824999988079071 8.499999976158142 3.04999999910593
v 2.824999988079071 9.700000023841858 2.9700000008940695
v 1.675000011920929 9.700000023841858 2.9700000008940695
v 2.824999988079071 8.499999976158142 2.9700000008940695
v 1.675000011920929 8.499999976158142 2.9700000008940695
vt 0 1
vt 1 1
vt 0 0
vt 1 0
vt 0 1
vt 1 1
vt 0 0
vt 1 0
vt 0 1
vt 1 1
vt 0 0
vt 1 0
vt 0 1
vt 1 1
vt 0 0
vt 1 0
vt 0 1
vt 1 1
vt 0 0
vt 1 0
vt 0 1
vt 1 1
vt 0 0
vt 1 0
vn 1 0 0
vn 1 0 0
vn 1 0 0
vn 1 0 0
vn -1 0 0
vn -1 0 0
vn -1 0 0
vn -1 0 0
vn 0 1 0
vn 0 1 0
vn 0 1 0
vn 0 1 0
vn 0 -1 0
vn 0 -1 0
vn 0 -1 0
vn 0 -1 0
vn 0 0 1
vn 0 0 1
vn 0 0 1
vn 0 0 1
vn 0 0 -1
vn 0 0 -1
vn 0 0 -1
vn 0 0 -1
f 1873/1873/1873 1875/1875/1875 1874/1874/1874
f 1875/1875/1875 1876/1876/1876 1874/1874/1874
f 1877/1877/1877 1879/1879/1879 1878/1878/1878
f 1879/1879/1879 1880/1880/1880 1878/1878/1878
f 1881/1881/1881 1883/1883/1883 1882/1882/1882
f 1883/1883/1883 1884/1884/1884 1882/1882/1882
f 1885/1885/1885 1887/1887/1887 1886/1886/1886
f 1887/1887/1887 1888/1888/1888 1886/1886/1886
f 1889/1889/1889 1891/1891/1891 1890/1890/1890
f 1891/1891/1891 1892/1892/1892 1890/1890/1890
f 1893/1893/1893 1895/1895/1895 1894/1894/1894
f 1895/1895/1895 1896/1896/1896 1894/1894/1894
o glass_s0431
usemtl paleblue
v 3.04999999910593 9.700000023841858 2.824999988079071
v 3.04999999910593 9.700000023841858 1.675000011920929
v 3.04999999910593 8.499999976158142 2.824999988079071
v 3.04999999910593 8.499999976158142 1.675000011920929
v 2.9700000008940695 9.700000023841858 1.675000011920929
v 2.9700000008940695 9.700000023841858 2.824999988079071
v 2.9700000008940695 8.499999976158142 1.675000011920929
v 2.9700000008940695 8.499999976158142 2.824999988079071
v 2.9700000008940695 9.700000023841858 1.675000011920929
v 3.04999999910593 9.700000023841858 1.675000011920929
v 2.9700000008940695 9.700000023841858 2.824999988079071
v 3.04999999910593 9.700000023841858 2.824999988079071
v 2.9700000008940695 8.499999976158142 2.824999988079071
v 3.04999999910593 8.499999976158142 2.824999988079071
v 2.9700000008940695 8.499999976158142 1.675000011920929
v 3.04999999910593 8.499999976158142 1.675000011920929
v 2.9700000008940695 9.700000023841858 2.824999988079071
v 3.04999999910593 9.700000023841858 2.824999988079071
v 2.9700000008940695 8.499999976158142 2.824999988079071
v 3.04999999910593 8.499999976158142 2.824999988079071
v 3.04999999910593 9.700000023841858 1.675000011920929
v 2.9700000008940695 9.700000023841858 1.675000011920929
v 3.04999999910593 8.499999976158142 1.675000011920929
v 2.9700000008940695 8.499999976158142 1.675000011920929
vt 0 1
vt 1 1
vt 0 0
vt 1 0
vt 0 1
vt 1 1
vt 0 0
vt 1 0
vt 0 1
vt 1 1
vt 0 0
vt 1 0
vt 0 1
vt 1 1
vt 0 0
vt 1 0
vt 0 1
vt 1 1
vt 0 0
vt 1 0
vt 0 1
vt 1 1
vt 0 0
vt 1 0
vn 1 0 0
vn 1 0 0
vn 1 0 0
vn 1 0 0
vn -1 0 0
vn -1 0 0
vn -1 0 0
vn -1 0 0
vn 0 1 0
vn 0 1 0
vn 0 1 0
vn 0 1 0
vn 0 -1 0
vn 0 -1 0
vn 0 -1 0
vn 0 -1 0
vn 0 0 1
vn 0 0 1
vn 0 0 1
vn 0 0 1
vn 0 0 -1
vn 0 0 -1
vn 0 0 -1
vn 0 0 -1
f 1897/1897/1897 1899/1899/1899 1898/1898/1898
f 1899/1899/1899 1900/1900/1900 1898/1898/1898
f 1901/1901/1901 1903/1903/1903 1902/1902/1902
f 1903/1903/1903 1904/1904/1904 1902/1902/1902
f 1905/1905/1905 1907/1907/1907 1906/1906/1906
f 1907/1907/1907 1908/1908/1908 1906/1906/1906
f 1909/1909/1909 1911/1911/1911 1910/1910/1910
f 1911/1911/1911 1912/1912/1912 1910/1910/1910
f 1913/1913/1913 1915/1915/1915 1914/1914/1914
f 1915/1915/1915 1916/1916/1916 1914/1914/1914
f 1917/1917/1917 1919/1919/1919 1918/1918/1918
f 1919/1919/1919 1920/1920/1920 1918/1918/1918
o glass_043-1
usemtl paleblue
v 2.824999988079071 9.700000023841858 -2.9700000008940695
v 2.824999988079071 9.700000023841858 -3.04999999910593
v 2.824999988079071 8.499999976158142 -2.9700000008940695
v 2.824999988079071 8.499999976158142 -3.04999999910593
v 1.675000011920929 9.700000023841858 -3.04999999910593
v 1.675000011920929 9.700000023841858 -2.9700000008940695
v 1.675000011920929 8.499999976158142 -3.04999999910593
v 1.675000011920929 8.499999976158142 -2.9700000008940695
v 1.675000011920929 9.700000023841858 -3.04999999910593
v 2.824999988079071 9.700000023841858 -3.04999999910593
v 1.675000011920929 9.700000023841858 -2.9700000008940695
v 2.824999988079071 9.700000023841858 -2.9700000008940695
v 1.675000011920929 8.499999976158142 -2.9700000008940695
v 2.824999988079071 8.499999976158142 -2.9700000008940695
v 1.675000011920929 8.499999976158142 -3.04999999910593
v 2.824999988079071 8.499999976158142 -3.04999999910593
v 1.675000011920929 9.700000023841858 -2.9700000008940695
v 2.824999988079071 9.700000023841858 -2.9700000008940695
v 1.675000011920929 8.499999976158142 -2.9700000008940695
v 2.824999988079071 8.499999976158142 -2.9700000008940695
v 2.824999988079071 9.700000023841858 -3.04999999910593
v 1.675000011920929 9.700000023841858 -3.04999999910593
v 2.824999988079071 8.499999976158142 -3.04999999910593
v 1.675000011920929 8.499999976158142 -3.04999999910593
vt 0 1
vt 1 1
vt 0 0
vt 1 0
vt 0 1
vt 1 1
vt 0 0
vt 1 0
vt 0 1
vt 1 1
vt 0 0
vt 1 0
vt 0 1
vt 1 1
vt 0 0
vt 1 0
vt 0 1
vt 1 1
vt 0 0
vt 1 0
vt 0 1
vt 1 1
vt 0 0
vt 1 0
vn 1 0 0
vn 1 0 0
vn 1 0 0
vn 1 0 0
vn -1 0 0
vn -1 0 0
vn -1 0 0
vn -1 0 0
vn 0 1 0
vn 0 1 0
vn 0 1 0
vn 0 1 0
vn 0 -1 0
vn 0 -1 0
vn 0 -1 0
vn 0 -1 0
vn 0 0 1
vn 0 0 1
vn 0 0 1
vn 0 0 1
vn 0 0 -1
vn 0 0 -1
vn 0 0 -1
vn 0 0 -1
f 1921/1921/1921 1923/1923/1923 1922/1922/1922
f 1923/1923/1923 1924/1924/1924 1922/1922/1922
f 1925/1925/1925 1927/1927/1927 1926/1926/1926
f 1927/1927/1927 1928/1928/1928 1926/1926/1926
f 1929/1929/1929 1931/1931/1931 1930/1930/1930
f 1931/1931/1931 1932/1932/1932 1930/1930/1930
f 1933/1933/1933 1935/1935/1935 1934/1934/1934
f 1935/1935/1935 1936/1936/1936 1934/1934/1934
f 1937/1937/1937 1939/1939/1939 1938/1938/1938
f 1939/1939/1939 1940/1940/1940 1938/1938/1938
f 1941/1941/1941 1943/1943/1943 1942/1942/1942
f 1943/1943/1943 1944/1944/1944 1942/1942/1942
o glass_s043-1
usemtl paleblue
v -2.9700000008940695 9.700000023841858 2.824999988079071
v -2.9700000008940695 9.700000023841858 1.675000011920929
v -2.9700000008940695 8.499999976158142 2.824999988079071
v -2.9700000008940695 8.499999976158142 1.675000011920929
v -3.04999999910593 9.700000023841858 1.675000011920929
v -3.04999999910593 9.700000023841858 2.824999988079071
v -3.04999999910593 8.499999976158142 1.675000011920929
v -3.04999999910593 8.499999976158142 2.824999988079071
v -3.04999999910593 9.700000023841858 1.675000011920929
v -2.9700000008940695 9.700000023841858 1.675000011920929
v -3.04999999910593 9.700000023841858 2.824999988079071
v -2.9700000008940695 9.700000023841858 2.824999988079071
v -3.04999999910593 8.499999976158142 2.824999988079071
v -2.9700000008940695 8.499999976158142 2.824999988079071
v -3.04999999910593 8.499999976158142 1.675000011920929
v -2.9700000008940695 8.499999976158142 1.675000011920929
v -3.04999999910593 9.700000023841858 2.824999988079071
v -2.9700000008940695 9.700000023841858 2.824999988079071
v -3.04999999910593 8.499999976158142 2.824999988079071
v -2.9700000008940695 8.499999976158142 2.824999988079071
v -2.9700000008940695 9.700000023841858 1.675000011920929
v -3.04999999910593 9.700000023841858 1.675000011920929
v -2.9700000008940695 8.499999976158142 1.675000011920929
v -3.04999999910593 8.499999976158142 1.675000011920929
vt 0 1
vt 1 1
vt 0 0
vt 1 0
vt 0 1
vt 1 1
vt 0 0
vt 1 0
vt 0 1
vt 1 1
vt 0 0
vt 1 0
vt 0 1
vt 1 1
vt 0 0
vt 1 0
vt 0 1
vt 1 1
vt 0 0
vt 1 0
vt 0 1
vt 1 1
vt 0 0
vt 1 0
vn 1 0 0
vn 1 0 0
vn 1 0 0
vn 1 0 0
vn -1 0 0
vn -1 0 0
vn -1 0 0
vn -1 0 0
vn 0 1 0
vn 0 1 0
vn 0 1 0
vn 0 1 0
vn 0 -1 0
vn 0 -1 0
vn 0 -1 0
vn 0 -1 0
vn 0 0 1
vn 0 0 1
vn 0 0 1
vn 0 0 1
vn 0 0 -1
vn 0 0 -1
vn 0 0 -1
vn 0 0 -1
f 1945/1945/1945 1947/1947/1947 1946/1946/1946
f 1947/1947/1947 1948/1948/1948 1946/1946/1946
f 1949/1949/1949 1951/1951/1951 1950/1950/1950
f 1951/1951/1951 1952/1952/1952 1950/1950/1950
f 1953/1953/1953 1955/1955/1955 1954/1954/1954
f 1955/1955/1955 1956/1956/1956 1954/1954/1954
f 1957/1957/1957 1959/1959/1959 1958/1958/1958
f 1959/1959/1959 1960/1960/1960 1958/1958/1958
f 1961/1961/1961 1963/1963/1963 1962/1962/1962
f 1963/1963/1963 1964/1964/1964 1962/1962/1962
f 1965/1965/1965 1967/1967/1967 1966/1966/1966
f 1967/1967/1967 1968/1968/1968 1966/1966/1966
o glass_0501
usemtl paleblue
v -1.675000011920929 11.700000023841858 3.04999999910593
v -1.675000011920929 11.700000023841858 2.9700000008940695
v -1.675000011920929 10.499999976158142 3.04999999910593
v -1.675000011920929 10.499999976158142 2.9700000008940695
v -2.824999988079071 11.700000023841858 2.9700000008940695
v -2.824999988079071 11.700000023841858 3.04999999910593
v -2.824999988079071 10.499999976158142 2.9700000008940695
v -2.824999988079071 10.499999976158142 3.04999999910593
v -2.824999988079071 11.700000023841858 2.9700000008940695
v -1.675000011920929 11.700000023841858 2.9700000008940695
v -2.824999988079071 11.700000023841858 3.04999999910593
v -1.675000011920929 11.700000023841858 3.04999999910593
v -2.824999988079071 10.499999976158142 3.04999999910593
v -1.675000011920929 10.499999976158142 3.04999999910593
v -2.824999988079071 10.499999976158142 2.9700000008940695
v -1.675000011920929 10.499999976158142 2.9700000008940695
v -2.824999988079071 11.700000023841858 3.04999999910593
v -1.675000011920929 11.700000023841858 3.04999999910593
v -2.824999988079071 10.499999976158142 3.04999999910593
v -1.675000011920929 10.499999976158142 3.04999999910593
v -1.675000011920929 11.700000023841858 2.9700000008940695
v -2.824999988079071 11.700000023841858 2.9700000008940695
v -1.675000011920929 10.499999976158142 2.9700000008940695
v -2.824999988079071 10.499999976158142 2.9700000008940695
vt 0 1
vt 1 1
vt 0 0
vt 1 0
vt 0 1
vt 1 1
vt 0 0
vt 1 0
vt 0 1
vt 1 1
vt 0 0
vt 1 0
vt 0 1
vt 1 1
vt 0 0
vt 1 0
vt 0 1
vt 1 1
vt 0 0
vt 1 0
vt 0 1
vt 1 1
vt 0 0
vt 1 0
vn 1 0 0
vn 1 0 0
vn 1 0 0
vn 1 0 0
vn -1 0 0
vn -1 0 0
vn -1 0 0
vn -1 0 0
vn 0 1 0
vn 0 1 0
vn 0 1 0
vn 0 1 0
vn 0 -1 0
vn 0 -1 0
vn 0 -1 0
vn 0 -1 0
vn 0 0 1
vn 0 0 1
vn 0 0 1
vn 0 0 1
vn 0 0 -1
vn 0 0 -1
vn 0 0 -1
vn 0 0 -1
f 1969/1969/1969 1971/1971/1971 1970/1970/1970
f 1971/1971/1971 1972/1972/1972 1970/1970/1970
f 1973/1973/1973 1975/1975/1975 1974/1974/1974
f 1975/1975/1975 1976/1976/1976 1974/1974/1974
f 1977/1977/1977 1979/1979/1979 1978/1978/1978
f 1979/1979/1979 1980/1980/1980 1978/1978/1978
f 1981/1981/1981 1983/1983/1983 1982/1982/1982
f 1983/1983/1983 1984/1984/1984 1982/1982/1982
f 1985/1985/1985 1987/1987/1987 1986/1986/1986
f 1987/1987/1987 1988/1988/1988 1986/1986/1986
f 1989/1989/1989 1991/1991/1991 1990/1990/1990
f 1991/1991/1991 1992/1992/1992 1990/1990/1990
o glass_s0501
usemtl paleblue
v 3.04999999910593 11.700000023841858 -1.675000011920929
v 3.04999999910593 11.700000023841858 -2.824999988079071
v 3.04999999910593 10.499999976158142 -1.675000011920929
v 3.04999999910593 10.499999976158142 -2.824999988079071
v 2.9700000008940695 11.700000023841858 -2.824999988079071
v 2.9700000008940695 11.700000023841858 -1.675000011920929
v 2.9700000008940695 10.499999976158142 -2.824999988079071
v 2.9700000008940695 10.499999976158142 -1.675000011920929
v 2.9700000008940695 11.700000023841858 -2.824999988079071
v 3.04999999910593 11.700000023841858 -2.824999988079071
v 2.9700000008940695 11.700000023841858 -1.675000011920929
v 3.04999999910593 11.700000023841858 -1.675000011920929
v 2.9700000008940695 10.499999976158142 -1.675000011920929
v 3.04999999910593 10.499999976158142 -1.675000011920929
v 2.9700000008940695 10.499999976158142 -2.824999988079071
v 3.04999999910593 10.499999976158142 -2.824999988079071
v 2.9700000008940695 11.700000023841858 -1.675000011920929
v 3.04999999910593 11.700000023841858 -1.675000011920929
v 2.9700000008940695 10.499999976158142 -1.675000011920929
v 3.04999999910593 10.499999976158142 -1.675000011920929
v 3.04999999910593 11.700000023841858 -2.824999988079071
v 2.9700000008940695 11.700000023841858 -2.824999988079071
v 3.04999999910593 10.499999976158142 -2.824999988079071
v 2.9700000008940695 10.499999976158142 -2.824999988079071
vt 0 1
vt 1 1
vt 0 0
vt 1 0
vt 0 1
vt 1 1
vt 0 0
vt 1 0
vt 0 1
vt 1 1
vt 0 0
vt 1 0
vt 0 1
vt 1 1
vt 0 0
vt 1 0
vt 0 1
vt 1 1
vt 0 0
vt 1 0
vt 0 1
vt 1 1
vt 0 0
vt 1 0
vn 1 0 0
vn 1 0 0
vn 1 0 0
vn 1 0 0
vn -1 0 0
vn -1 0 0
vn -1 0 0
vn -1 0 0
vn 0 1 0
vn 0 1 0
vn 0 1 0
vn 0 1 0
vn 0 -1 0
vn 0 -1 0
vn 0 -1 0
vn 0 -1 0
vn 0 0 1
vn 0 0 1
vn 0 0 1
vn 0 0 1
vn 0 0 -1
vn 0 0 -1
vn 0 0 -1
vn 0 0 -1
f 1993/1993/1993 1995/1995/1995 1994/1994/1994
f 1995/1995/1995 1996/1996/1996 1994/1994/1994
f 1997/1997/1997 1999/1999/1999 1998/1998/1998
f 1999/1999/1999 2000/2000/2000 1998/1998/1998
f 2001/2001/2001 2003/2003/2003 2002/2002/2002
f 2003/2003/2003 2004/2004/2004 2002/2002/2002
f 2005/2005/2005 2007/2007/2007 2006/2006/2006
f 2007/2007/2007 2008/2008/2008 2006/2006/2006
f 2009/2009/2009 2011/2011/2011 2010/2010/2010
f 2011/2011/2011 2012/2012/2012 2010/2010/2010
f 2013/2013/2013 2015/2015/2015 2014/2014/2014
f 2015/2015/2015 2016/2016/2016 2014/2014/2014
o glass_050-1
usemtl paleblue
v -1.675000011920929 11.700000023841858 -2.9700000008940695
v -1.675000011920929 11.700000023841858 -3.04999999910593
v -1.675000011920929 10.499999976158142 -2.9700000008940695
v -1.675000011920929 10.499999976158142 -3.04999999910593
v -2.824999988079071 11.700000023841858 -3.04999999910593
v -2.824999988079071 11.700000023841858 -2.9700000008940695
v -2.824999988079071 10.499999976158142 -3.04999999910593
v -2.824999988079071 10.499999976158142 -2.9700000008940695
v -2.824999988079071 11.700000023841858 -3.04999999910593
v -1.675000011920929 11.700000023841858 -3.04999999910593
v -2.824999988079071 11.700000023841858 -2.9700000008940695
v -1.675000011920929 11.700000023841858 -2.9700000008940695
v -2.824999988079071 10.499999976158142 -2.9700000008940695
v -1.675000011920929 10.499999976158142 -2.9700000008940695
v -2.824999988079071 10.499999976158142 -3.04999999910593
v -1.675000011920929 10.499999976158142 -3.04999999910593
v -2.824999988079071 11.700000023841858 -2.9700000008940695
v -1.675000011920929 11.700000023841858 -2.9700000008940695
v -2.824999988079071 10.499999976158142 -2.9700000008940695
v -1.675000011920929 10.499999976158142 -2.9700000008940695
v -1.675000011920929 11.700000023841858 -3.04999999910593
v -2.824999988079071 11.700000023841858 -3.04999999910593
v -1.675000011920929 10.499999976158142 -3.04999999910593
v -2.824999988079071 10.499999976158142 -3.04999999910593
vt 0 1
vt 1 1
vt 0 0
vt 1 0
vt 0 1
vt 1 1
vt 0 0
vt 1 0
vt 0 1
vt 1 1
vt 0 0
vt 1 0
vt 0 1
vt 1 1
vt 0 0
vt 1 0
vt 0 1
vt 1 1
vt 0 0
vt 1 0
vt 0 1
vt 1 1
vt 0 0
vt 1 0
vn 1 0 0
vn 1 0 0
vn 1 0 0
vn 1 0 0
vn -1 0 0
vn -1 0 0
vn -1 0 0
vn -1 0 0
vn 0 1 0
vn 0 1 0
vn 0 1 0
vn 0 1 0
vn 0 -1 0
vn 0 -1 0
vn 0 -1 0
vn 0 -1 0
vn 0 0 1
vn 0 0 1
vn 0 0 1
vn 0 0 1
vn 0 0 -1
vn 0 0 -1
vn 0 0 -1
vn 0 0 -1
f 2017/2017/2017 2019/2019/2019 2018/2018/2018
f 2019/2019/2019 2020/2020/2020 2018/2018/2018
f 2021/2021/2021 2023/2023/2023 2022/2022/2022
f 2023/2023/2023 2024/2024/2024 2022/2022/2022
f 2025/2025/2025 2027/2027/2027 2026/2026/2026
f 2027/2027/2027 2028/2028/2028 2026/2026/2026
f 2029/2029/2029 2031/2031/2031 2030/2030/2030
f 2031/2031/2031 2032/2032/2032 2030/2030/2030
f 2033/2033/2033 2035/2035/2035 2034/2034/2034
f 2035/2035/2035 2036/2036/2036 2034/2034/2034
f 2037/2037/2037 2039/2039/2039 2038/2038/2038
f 2039/2039/2039 2040/2040/2040 2038/2038/2038
o glass_s050-1
usemtl paleblue
v -2.9700000008940695 11.700000023841858 -1.675000011920929
v -2.9700000008940695 11.700000023841858 -2.824999988079071
v -2.9700000008940695 10.499999976158142 -1.675000011920929
v -2.9700000008940695 10.499999976158142 -2.824999988079071
v -3.04999999910593 11.700000023841858 -2.824999988079071
v -3.04999999910593 11.700000023841858 -1.675000011920929
v -3.04999999910593 10.499999976158142 -2.824999988079071
v -3.04999999910593 10.499999976158142 -1.675000011920929
v -3.04999999910593 11.700000023841858 -2.824999988079071
v -2.9700000008940695 11.700000023841858 -2.824999988079071
v -3.04999999910593 11.700000023841858 -1.675000011920929
v -2.9700000008940695 11.700000023841858 -1.675000011920929
v -3.04999999910593 10.499999976158142 -1.675000011920929
v -2.9700000008940695 10.499999976158142 -1.675000011920929
v -3.04999999910593 10.499999976158142 -2.824999988079071
v -2.9700000008940695 10.499999976158142 -2.824999988079071
v -3.04999999910593 11.700000023841858 -1.675000011920929
v -2.9700000008940695 11.700000023841858 -1.675000011920929
v -3.04999999910593 10.499999976158142 -1.675000011920929
v -2.9700000008940695 10.499999976158142 -1.675000011920929
v -2.9700000008940695 11.700000023841858 -2.824999988079071
v -3.04999999910593 11.700000023841858 -2.824999988079071
v -2.9700000008940695 10.499999976158142 -2.824999988079071
v -3.04999999910593 10.499999976158142 -2.824999988079071
vt 0 1
vt 1 1
vt 0 0
vt 1 0
vt 0 1
vt 1 1
vt 0 0
vt 1 0
vt 0 1
vt 1 1
vt 0 0
vt 1 0
vt 0 1
vt 1 1
vt 0 0
vt 1 0
vt 0 1
vt 1 1
vt 0 0
vt 1 0
vt 0 1
vt 1 1
vt 0 0
vt 1 0
vn 1 0 0
vn 1 0 0
vn 1 0 0
vn 1 0 0
vn -1 0 0
vn -1 0 0
vn -1 0 0
vn -1 0 0
vn 0 1 0
vn 0 1 0
vn 0 1 0
vn 0 1 0
vn 0 -1 0
vn 0 -1 0
vn 0 -1 0
vn 0 -1 0
vn 0 0 1
vn 0 0 1
vn 0 0 1
vn 0 0 1
vn 0 0 -1
vn 0 0 -1
vn 0 0 -1
vn 0 0 -1
f 2041/2041/2041 2043/2043/2043 2042/2042/2042
f 2043/2043/2043 2044/2044/2044 2042/2042/2042
f 2045/2045/2045 2047/2047/2047 2046/2046/2046
f 2047/2047/2047 2048/2048/2048 2046/2046/2046
f 2049/2049/2049 2051/2051/2051 2050/2050/2050
f 2051/2051/2051 2052/2052/2052 2050/2050/2050
f 2053/2053/2053 2055/2055/2055 2054/2054/2054
f 2055/2055/2055 2056/2056/2056 2054/2054/2054
f 2057/2057/2057 2059/2059/2059 2058/2058/2058
f 2059/2059/2059 2060/2060/2060 2058/2058/2058
f 2061/2061/2061 2063/2063/2063 2062/2062/2062
f 2063/2063/2063 2064/2064/2064 2062/2062/2062
o glass_0511
usemtl paleblue
v -0.17500001192092896 11.700000023841858 3.04999999910593
v -0.17500001192092896 11.700000023841858 2.9700000008940695
v -0.17500001192092896 10.499999976158142 3.04999999910593
v -0.17500001192092896 10.499999976158142 2.9700000008940695
v -1.324999988079071 11.700000023841858 2.9700000008940695
v -1.324999988079071 11.700000023841858 3.04999999910593
v -1.324999988079071 10.499999976158142 2.9700000008940695
v -1.324999988079071 10.499999976158142 3.04999999910593
v -1.324999988079071 11.700000023841858 2.9700000008940695
v -0.17500001192092896 11.700000023841858 2.9700000008940695
v -1.324999988079071 11.700000023841858 3.04999999910593
v -0.17500001192092896 11.700000023841858 3.04999999910593
v -1.324999988079071 10.499999976158142 3.04999999910593
v -0.17500001192092896 10.499999976158142 3.04999999910593
v -1.324999988079071 10.499999976158142 2.9700000008940695
v -0.17500001192092896 10.499999976158142 2.9700000008940695
v -1.324999988079071 11.700000023841858 3.04999999910593
v -0.17500001192092896 11.700000023841858 3.04999999910593
v -1.324999988079071 10.499999976158142 3.04999999910593
v -0.17500001192092896 10.499999976158142 3.04999999910593
v -0.17500001192092896 11.700000023841858 2.9700000008940695
v -1.324999988079071 11.700000023841858 2.9700000008940695
v -0.17500001192092896 10.499999976158142 2.9700000008940695
v -1.324999988079071 10.499999976158142 2.9700000008940695
vt 0 1
vt 1 1
vt 0 0
vt 1 0
vt 0 1
vt 1 1
vt 0 0
vt 1 0
vt 0 1
vt 1 1
vt 0 0
vt 1 0
vt 0 1
vt 1 1
vt 0 0
vt 1 0
vt 0 1
vt 1 1
vt 0 0
vt 1 0
vt 0 1
vt 1 1
vt 0 0
vt 1 0
vn 1 0 0
vn 1 0 0
vn 1 0 0
vn 1 0 0
vn -1 0 0
vn -1 0 0
vn -1 0 0
vn -1 0 0
vn 0 1 0
vn 0 1 0
vn 0 1 0
vn 0 1 0
vn 0 -1 0
vn 0 -1 0
vn 0 -1 0
vn 0 -1 0
vn 0 0 1
vn 0 0 1
vn 0 0 1
vn 0 0 1
vn 0 0 -1
vn 0 0 -1
vn 0 0 -1
vn 0 0 -1
f 2065/2065/2065 2067/2067/2067 2066/2066/2066
f 2067/2067/2067 2068/2068/2068 2066/2066/2066
f 2069/2069/2069 2071/2071/2071 2070/2070/2070
f 2071/2071/2071 2072/2072/2072 2070/2070/2070
f 2073/2073/2073 2075/2075/2075 2074/2074/2074
f 2075/2075/2075 2076/2076/2076 2074/2074/2074
f 2077/2077/2077 2079/2079/2079 2078/2078/2078
f 2079/2079/2079 2080/2080/2080 2078/2078/2078
f 2081/2081/2081 2083/2083/2083 2082/2082/2082
f 2083/2083/2083 2084/2084/2084 2082/2082/2082
f 2085/2085/2085 2087/2087/2087 2086/2086/2086
f 2087/2087/2087 2088/2088/2088 2086/2086/2086
o glass_s0511
usemtl paleblue
v 3.04999999910593 11.700000023841858 -0.17500001192092896
v 3.04999999910593 11.700000023841858 -1.324999988079071
v 3.04999999910593 10.499999976158142 -0.17500001192092896
v 3.04999999910593 10.499999976158142 -1.324999988079071
v 2.9700000008940695 11.700000023841858 -1.324999988079071
v 2.9700000008940695 11.700000023841858 -0.17500001192092896
v 2.9700000008940695 10.499999976158142 -1.324999988079071
v 2.9700000008940695 10.499999976158142 -0.17500001192092896
v 2.9700000008940695 11.700000023841858 -1.324999988079071
v 3.04999999910593 11.700000023841858 -1.324999988079071
v 2.9700000008940695 11.700000023841858 -0.17500001192092896
v 3.04999999910593 11.700000023841858 -0.17500001192092896
v 2.9700000008940695 10.499999976158142 -0.17500001192092896
v 3.04999999910593 10.499999976158142 -0.17500001192092896
v 2.9700000008940695 10.499999976158142 -1.324999988079071
v 3.04999999910593 10.499999976158142 -1.324999988079071
v 2.9700000008940695 11.700000023841858 -0.17500001192092896
v 3.04999999910593 11.700000023841858 -0.17500001192092896
v 2.9700000008940695 10.499999976158142 -0.17500001192092896
v 3.04999999910593 10.499999976158142 -0.17500001192092896
v 3.04999999910593 11.700000023841858 -1.324999988079071
v 2.9700000008940695 11.700000023841858 -1.324999988079071
v 3.04999999910593 10.499999976158142 -1.324999988079071
v 2.9700000008940695 10.499999976158142 -1.324999988079071
vt 0 1
vt 1 1
vt 0 0
vt 1 0
vt 0 1
vt 1 1
vt 0 0
vt 1 0
vt 0 1
vt 1 1
vt 0 0
vt 1 0
vt 0 1
vt 1 1
vt 0 0
vt 1 0
vt 0 1
vt 1 1
vt 0 0
vt 1 0
vt 0 1
vt 1 1
vt 0 0
vt 1 0
vn 1 0 0
vn 1 0 0
vn 1 0 0
vn 1 0 0
vn -1 0 0
vn -1 0 0
vn -1 0 0
vn -1 0 0
vn 0 1 0
vn 0 1 0
vn 0 1 0
vn 0 1 0
vn 0 -1 0
vn 0 -1 0
vn 0 -1 0
vn 0 -1 0
vn 0 0 1
vn 0 0 1
vn 0 0 1
vn 0 0 1
vn 0 0 -1
vn 0 0 -1
vn 0 0 -1
vn 0 0 -1
f 2089/2089/2089 2091/2091/2091 2090/2090/2090
f 2091/2091/2091 2092/2092/2092 2090/2090/2090
f 2093/2093/2093 2095/2095/2095 2094/2094/2094
f 2095/2095/2095 2096/2096/2096 2094/2094/2094
f 2097/2097/2097 2099/2099/2099 2098/2098/2098
f 2099/2099/2099 2100/2100/2100 2098/2098/2098
f 2101/2101/2101 2103/2103/2103 2102/2102/2102
f 2103/2103/2103 2104/2104/2104 2102/2102/2102
f 2105/2105/2105 2107/2107/2107 2106/2106/2106
f 2107/2107/2107 2108/2108/2108 2106/2106/2106
f 2109/2109/2109 2111/2111/2111 2110/2110/2110
f 2111/2111/2111 2112/2112/2112 2110/2110/2110
o glass_051-1
usemtl paleblue
v -0.17500001192092896 11.700000023841858 -2.9700000008940695
v -0.17500001192092896 11.700000023841858 -3.04999999910593
v -0.17500001192092896 10.499999976158142 -2.9700000008940695
v -0.17500001192092896 10.499999976158142 -3.04999999910593
v -1.324999988079071 11.700000023841858 -3.04999999910593
v -1.324999988079071 11.700000023841858 -2.9700000008940695
v -1.324999988079071 10.499999976158142 -3.04999999910593
v -1.324999988079071 10.499999976158142 -2.9700000008940695
v -1.324999988079071 11.700000023841858 -3.04999999910593
v -0.17500001192092896 11.700000023841858 -3.04999999910593
v -1.324999988079071 11.700000023841858 -2.9700000008940695
v -0.17500001192092896 11.700000023841858 -2.9700000008940695
v -1.324999988079071 10.499999976158142 -2.9700000008940695
v -0.17500001192092896 10.499999976158142 -2.9700000008940695
v -1.324999988079071 10.499999976158142 -3.04999999910593
v -0.17500001192092896 10.499999976158142 -3.04999999910593
v -1.324999988079071 11.700000023841858 -2.9700000008940695
v -0.17500001192092896 11.700000023841858 -2.9700000008940695
v -1.324999988079071 10.499999976158142 -2.9700000008940695
v -0.17500001192092896 10.499999976158142 -2.9700000008940695
v -0.17500001192092896 11.700000023841858 -3.04999999910593
v -1.324999988079071 11.700000023841858 -3.04999999910593
v -0.17500001192092896 10.499999976158142 -3.04999999910593
v -1.324999988079071 10.499999976158142 -3.04999999910593
vt 0 1
vt 1 1
vt 0 0
vt 1 0
vt 0 1
vt 1 1
vt 0 0
vt 1 0
vt 0 1
vt 1 1
vt 0 0
vt 1 0
vt 0 1
vt 1 1
vt 0 0
vt 1 0
vt 0 1
vt 1 1
vt 0 0
vt 1 0
vt 0 1
vt 1 1
vt 0 0
vt 1 0
vn 1 0 0
vn 1 0 0
vn 1 0 0
vn 1 0 0
vn -1 0 0
vn -1 0 0
vn -1 0 0
vn -1 0 0
vn 0 1 0
vn 0 1 0
vn 0 1 0
vn 0 1 0
vn 0 -1 0
vn 0 -1 0
vn 0 -1 0
vn 0 -1 0
vn 0 0 1
vn 0 0 1
vn 0 0 1
vn 0 0 1
vn 0 0 -1
vn 0 0 -1
vn 0 0 -1
vn 0 0 -1
f 2113/2113/2113 2115/2115/2115 2114/2114/2114
f 2115/2115/2115 2116/2116/2116 2114/2114/2114
f 2117/2117/2117 2119/2119/2119 2118/2118/2118
f 2119/2119/2119 2120/2120/2120 2118/2118/2118
f 2121/2121/2121 2123/2123/2123 2122/2122/2122
f 2123/2123/2123 2124/2124/2124 2122/2122/2122
f 2125/2125/2125 2127/2127/2127 2126/2126/2126
f 2127/2127/2127 2128/2128/2128 2126/2126/2126
f 2129/2129/2129 2131/2131/2131 2130/2130/2130
f 2131/2131/2131 2132/2132/2132 2130/2130/2130
f 2133/2133/2133 2135/2135/2135 2134/2134/2134
f 2135/2135/2135 2136/2136/2136 2134/2134/2134
o glass_s051-1
usemtl paleblue
v -2.9700000008940695 11.700000023841858 -0.17500001192092896
v -2.9700000008940695 11.700000023841858 -1.324999988079071
v -2.9700000008940695 10.499999976158142 -0.17500001192092896
v -2.9700000008940695 10.499999976158142 -1.324999988079071
v -3.04999999910593 11.700000023841858 -1.324999988079071
v -3.04999999910593 11.700000023841858 -0.17500001192092896
v -3.04999999910593 10.499999976158142 -1.324999988079071
v -3.04999999910593 10.499999976158142 -0.17500001192092896
v -3.04999999910593 11.700000023841858 -1.324999988079071
v -2.9700000008940695 11.700000023841858 -1.324999988079071
v -3.04999999910593 11.700000023841858 -0.17500001192092896
v -2.9700000008940695 11.700000023841858 -0.17500001192092896
v -3.04999999910593 10.499999976158142 -0.17500001192092896
v -2.9700000008940695 10.499999976158142 -0.17500001192092896
v -3.04999999910593 10.499999976158142 -1.324999988079071
v -2.9700000008940695 10.499999976158142 -1.324999988079071
v -3.04999999910593 11.700000023841858 -0.17500001192092896
v -2.9700000008940695 11.700000023841858 -0.17500001192092896
v -3.04999999910593 10.499999976158142 -0.17500001192092896
v -2.9700000008940695 10.499999976158142 -0.17500001192092896
v -2.9700000008940695 11.700000023841858 -1.324999988079071
v -3.04999999910593 11.700000023841858 -1.324999988079071
v -2.9700000008940695 10.499999976158142 -1.324999988079071
v -3.04999999910593 10.499999976158142 -1.324999988079071
vt 0 1
vt 1 1
vt 0 0
vt 1 0
vt 0 1
vt 1 1
vt 0 0
vt 1 0
vt 0 1
vt 1 1
vt 0 0
vt 1 0
vt 0 1
vt 1 1
vt 0 0
vt 1 0
vt 0 1
vt 1 1
vt 0 0
vt 1 0
vt 0 1
vt 1 1
vt 0 0
vt 1 0
vn 1 0 0
vn 1 0 0
vn 1 0 0
vn 1 0 0
vn -1 0 0
vn -1 0 0
vn -1 0 0
vn -1 0 0
vn 0 1 0
vn 0 1 0
vn 0 1 0
vn 0 1 0
vn 0 -1 0
vn 0 -1 0
vn 0 -1 0
vn 0 -1 0
vn 0 0 1
vn 0 0 1
vn 0 0 1
vn 0 0 1
vn 0 0 -1
vn 0 0 -1
vn 0 0 -1
vn 0 0 -1
f 2137/2137/2137 2139/2139/2139 2138/2138/2138
f 2139/2139/2139 2140/2140/2140 2138/2138/2138
f 2141/2141/2141 2143/2143/2143 2142/2142/2142
f 2143/2143/2143 2144/2144/2144 2142/2142/2142
f 2145/2145/2145 2147/2147/2147 2146/2146/2146
f 2147/2147/2147 2148/2148/2148 2146/2146/2146
f 2149/2149/2149 2151/2151/2151 2150/2150/2150
f 2151/2151/2151 2152/2152/2152 2150/2150/2150
f 2153/2153/2153 2155/2155/2155 2154/2154/2154
f 2155/2155/2155 2156/2156/2156 2154/2154/2154
f 2157/2157/2157 2159/2159/2159 2158/2158/2158
f 2159/2159/2159 2160/2160/2160 2158/2158/2158
o glass_0521
usemtl paleblue
v 1.324999988079071 11.700000023841858 3.04999999910593
v 1.324999988079071 11.700000023841858 2.9700000008940695
v 1.324999988079071 10.499999976158142 3.04999999910593
v 1.324999988079071 10.499999976158142 2.9700000008940695
v 0.17500001192092896 11.700000023841858 2.9700000008940695
v 0.17500001192092896 11.700000023841858 3.04999999910593
v 0.17500001192092896 10.499999976158142 2.9700000008940695
v 0.17500001192092896 10.499999976158142 3.04999999910593
v 0.17500001192092896 11.700000023841858 2.9700000008940695
v 1.324999988079071 11.700000023841858 2.9700000008940695
v 0.17500001192092896 11.700000023841858 3.04999999910593
v 1.324999988079071 11.700000023841858 3.04999999910593
v 0.17500001192092896 10.499999976158142 3.04999999910593
v 1.324999988079071 10.499999976158142 3.04999999910593
v 0.17500001192092896 10.499999976158142 2.9700000008940695
v 1.324999988079071 10.499999976158142 2.9700000008940695
v 0.17500001192092896 11.700000023841858 3.04999999910593
v 1.324999988079071 11.700000023841858 3.04999999910593
v 0.17500001192092896 10.499999976158142 3.04999999910593
v 1.324999988079071 10.499999976158142 3.04999999910593
v 1.324999988079071 11.700000023841858 2.9700000008940695
v 0.17500001192092896 11.700000023841858 2.9700000008940695
v 1.324999988079071 10.499999976158142 2.9700000008940695
v 0.17500001192092896 10.499999976158142 2.9700000008940695
vt 0 1
vt 1 1
vt 0 0
vt 1 0
vt 0 1
vt 1 1
vt 0 0
vt 1 0
vt 0 1
vt 1 1
vt 0 0
vt 1 0
vt 0 1
vt 1 1
vt 0 0
vt 1 0
vt 0 1
vt 1 1
vt 0 0
vt 1 0
vt 0 1
vt 1 1
vt 0 0
vt 1 0
vn 1 0 0
vn 1 0 0
vn 1 0 0
vn 1 0 0
vn -1 0 0
vn -1 0 0
vn -1 0 0
vn -1 0 0
vn 0 1 0
vn 0 1 0
vn 0 1 0
vn 0 1 0
vn 0 -1 0
vn 0 -1 0
vn 0 -1 0
vn 0 -1 0
vn 0 0 1
vn 0 0 1
vn 0 0 1
vn 0 0 1
vn 0 0 -1
vn 0 0 -1
vn 0 0 -1
vn 0 0 -1
f 2161/2161/2161 2163/2163/2163 2162/2162/2162
f 2163/2163/2163 2164/2164/2164 2162/2162/2162
f 2165/2165/2165 2167/2167/2167 2166/2166/2166
f 2167/2167/2167 2168/2168/2168 2166/2166/2166
f 2169/2169/2169 2171/2171/2171 2170/2170/2170
f 2171/2171/2171 2172/2172/2172 2170/2170/2170
f 2173/2173/2173 2175/2175/2175 2174/2174/2174
f 2175/2175/2175 2176/2176/2176 2174/2174/2174
f 2177/2177/2177 2179/2179/2179 2178/2178/2178
f 2179/2179/2179 2180/2180/2180 2178/2178/2178
f 2181/2181/2181 2183/2183/2183 2182/2182/2182
f 2183/2183/2183 2184/2184/2184 2182/2182/2182
o glass_s0521
usemtl paleblue
v 3.04999999910593 11.700000023841858 1.324999988079071
v 3.04999999910593 11.700000023841858 0.17500001192092896
v 3.04999999910593 10.499999976158142 1.324999988079071
v 3.04999999910593 10.499999976158142 0.17500001192092896
v 2.9700000008940695 11.700000023841858 0.17500001192092896
v 2.9700000008940695 11.700000023841858 1.324999988079071
v 2.9700000008940695 10.499999976158142 0.17500001192092896
v 2.9700000008940695 10.499999976158142 1.324999988079071
v 2.9700000008940695 11.700000023841858 0.17500001192092896
v 3.04999999910593 11.700000023841858 0.17500001192092896
v 2.9700000008940695 11.700000023841858 1.324999988079071
v 3.04999999910593 11.700000023841858 1.324999988079071
v 2.9700000008940695 10.499999976158142 1.324999988079071
v 3.04999999910593 10.499999976158142 1.324999988079071
v 2.9700000008940695 10.499999976158142 0.17500001192092896
v 3.04999999910593 10.499999976158142 0.17500001192092896
v 2.9700000008940695 11.700000023841858 1.324999988079071
v 3.04999999910593 11.700000023841858 1.324999988079071
v 2.9700000008940695 10.499999976158142 1.324999988079071
v 3.04999999910593 10.499999976158142 1.324999988079071
v 3.04999999910593 11.700000023841858 0.17500001192092896
v 2.9700000008940695 11.700000023841858 0.17500001192092896
v 3.04999999910593 10.499999976158142 0.17500001192092896
v 2.9700000008940695 10.499999976158142 0.17500001192092896
vt 0 1
vt 1 1
vt 0 0
vt 1 0
vt 0 1
vt 1 1
vt 0 0
vt 1 0
vt 0 1
vt 1 1
vt 0 0
vt 1 0
vt 0 1
vt 1 1
vt 0 0
vt 1 0
vt 0 1
vt 1 1
vt 0 0
vt 1 0
vt 0 1
vt 1 1
vt 0 0
vt 1 0
vn 1 0 0
vn 1 0 0
vn 1 0 0
vn 1 0 0
vn -1 0 0
vn -1 0 0
vn -1 0 0
vn -1 0 0
vn 0 1 0
vn 0 1 0
vn 0 1 0
vn 0 1 0
vn 0 -1 0
vn 0 -1 0
vn 0 -1 0
vn 0 -1 0
vn 0 0 1
vn 0 0 1
vn 0 0 1
vn 0 0 1
vn 0 0 -1
vn 0 0 -1
vn 0 0 -1
vn 0 0 -1
f 2185/2185/2185 2187/2187/2187 2186/2186/2186
f 2187/2187/2187 2188/2188/2188 2186/2186/2186
f 2189/2189/2189 2191/2191/2191 2190/2190/2190
f 2191/2191/2191 2192/2192/2192 2190/2190/2190
f 2193/2193/2193 2195/2195/2195 2194/2194/2194
f 2195/2195/2195 2196/2196/2196 2194/2194/2194
f 2197/2197/2197 2199/2199/2199 2198/2198/2198
f 2199/2199/2199 2200/2200/2200 2198/2198/2198
f 2201/2201/2201 2203/2203/2203 2202/2202/2202
f 2203/2203/2203 2204/2204/2204 2202/2202/2202
f 2205/2205/2205 2207/2207/2207 2206/2206/2206
f 2207/2207/2207 2208/2208/2208 2206/2206/2206
o glass_052-1
usemtl paleblue
v 1.324999988079071 11.700000023841858 -2.9700000008940695
v 1.324999988079071 11.700000023841858 -3.04999999910593
v 1.324999988079071 10.499999976158142 -2.9700000008940695
v 1.324999988079071 10.499999976158142 -3.04999999910593
v 0.17500001192092896 11.700000023841858 -3.04999999910593
v 0.17500001192092896 11.700000023841858 -2.9700000008940695
v 0.17500001192092896 10.499999976158142 -3.04999999910593
v 0.17500001192092896 10.499999976158142 -2.9700000008940695
v 0.17500001192092896 11.700000023841858 -3.04999999910593
v 1.324999988079071 11.700000023841858 -3.04999999910593
v 0.17500001192092896 11.700000023841858 -2.9700000008940695
v 1.324999988079071 11.700000023841858 -2.9700000008940695
v 0.17500001192092896 10.499999976158142 -2.9700000008940695
v 1.324999988079071 10.499999976158142 -2.9700000008940695
v 0.17500001192092896 10.499999976158142 -3.04999999910593
v 1.324999988079071 10.499999976158142 -3.04999999910593
v 0.17500001192092896 11.700000023841858 -2.9700000008940695
v 1.324999988079071 11.700000023841858 -2.9700000008940695
v 0.17500001192092896 10.499999976158142 -2.9700000008940695
v 1.324999988079071 10.499999976158142 -2.9700000008940695
v 1.324999988079071 11.700000023841858 -3.04999999910593
v 0.17500001192092896 11.700000023841858 -3.04999999910593
v 1.324999988079071 10.499999976158142 -3.04999999910593
v 0.17500001192092896 10.499999976158142 -3.04999999910593
vt 0 1
vt 1 1
vt 0 0
vt 1 0
vt 0 1
vt 1 1
vt 0 0
vt 1 0
vt 0 1
vt 1 1
vt 0 0
vt 1 0
vt 0 1
vt 1 1
vt 0 0
vt 1 0
vt 0 1
vt 1 1
vt 0 0
vt 1 0
vt 0 1
vt 1 1
vt 0 0
vt 1 0
vn 1 0 0
vn 1 0 0
vn 1 0 0
vn 1 0 0
vn -1 0 0
vn -1 0 0
vn -1 0 0
vn -1 0 0
vn 0 1 0
vn 0 1 0
vn 0 1 0
vn 0 1 0
vn 0 -1 0
vn 0 -1 0
vn 0 -1 0
vn 0 -1 0
vn 0 0 1
vn 0 0 1
vn 0 0 1
vn 0 0 1
vn 0 0 -1
vn 0 0 -1
vn 0 0 -1
vn 0 0 -1
f 2209/2209/2209 2211/2211/2211 2210/2210/2210
f 2211/2211/2211 2212/2212/2212 2210/2210/2210
f 2213/2213/2213 2215/2215/2215 2214/2214/2214
f 2215/2215/2215 2216/2216/2216 2214/2214/2214
f 2217/2217/2217 2219/2219/2219 2218/2218/2218
f 2219/2219/2219 2220/2220/2220 2218/2218/2218
f 2221/2221/2221 2223/2223/2223 2222/2222/2222
f 2223/2223/2223 2224/2224/2224 2222/2222/2222
f 2225/2225/2225 2227/2227/2227 2226/2226/2226
f 2227/2227/2227 2228/2228/2228 2226/2226/2226
f 2229/2229/2229 2231/2231/2231 2230/2230/2230
f 2231/2231/2231 2232/2232/2232 2230/2230/2230
o glass_s052-1
usemtl paleblue
v -2.9700000008940695 11.700000023841858 1.324999988079071
v -2.9700000008940695 11.700000023841858 0.17500001192092896
v -2.9700000008940695 10.499999976158142 1.324999988079071
v -2.9700000008940695 10.499999976158142 0.17500001192092896
v -3.04999999910593 11.700000023841858 0.17500001192092896
v -3.04999999910593 11.700000023841858 1.324999988079071
v -3.04999999910593 10.499999976158142 0.17500001192092896
v -3.04999999910593 10.499999976158142 1.324999988079071
v -3.04999999910593 11.700000023841858 0.17500001192092896
v -2.9700000008940695 11.700000023841858 0.17500001192092896
v -3.04999999910593 11.700000023841858 1.324999988079071
v -2.9700000008940695 11.700000023841858 1.324999988079071
v -3.04999999910593 10.499999976158142 1.324999988079071
v -2.9700000008940695 10.499999976158142 1.324999988079071
v -3.04999999910593 10.499999976158142 0.17500001192092896
v -2.9700000008940695 10.499999976158142 0.17500001192092896
v -3.04999999910593 11.700000023841858 1.324999988079071
v -2.9700000008940695 11.700000023841858 1.324999988079071
v -3.04999999910593 10.499999976158142 1.324999988079071
v -2.9700000008940695 10.499999976158142 1.324999988079071
v -2.9700000008940695 11.700000023841858 0.17500001192092896
v -3.04999999910593 11.700000023841858 0.17500001192092896
v -2.9700000008940695 10.499999976158142 0.17500001192092896
v -3.04999999910593 10.499999976158142 0.17500001192092896
vt 0 1
vt 1 1
vt 0 0
vt 1 0
vt 0 1
vt 1 1
vt 0 0
vt 1 0
vt 0 1
vt 1 1
vt 0 0
vt 1 0
vt 0 1
vt 1 1
vt 0 0
vt 1 0
vt 0 1
vt 1 1
vt 0 0
vt 1 0
vt 0 1
vt 1 1
vt 0 0
vt 1 0
vn 1 0 0
vn 1 0 0
vn 1 0 0
vn 1 0 0
vn -1 0 0
vn -1 0 0
vn -1 0 0
vn -1 0 0
vn 0 1 0
vn 0 1 0
vn 0 1 0
vn 0 1 0
vn 0 -1 0
vn 0 -1 0
vn 0 -1 0
vn 0 -1 0
vn 0 0 1
vn 0 0 1
vn 0 0 1
vn 0 0 1
vn 0 0 -1
vn 0 0 -1
vn 0 0 -1
vn 0 0 -1
f 2233/2233/2233 2235/2235/2235 2234/2234/2234
f 2235/2235/2235 2236/2236/2236 2234/2234/2234
f 2237/2237/2237 2239/2239/2239 2238/2238/2238
f 2239/2239/2239 2240/2240/2240 2238/2238/2238
f 2241/2241/2241 2243/2243/2243 2242/2242/2242
f 2243/2243/2243 2244/2244/2244 2242/2242/2242
f 2245/2245/2245 2247/2247/2247 2246/2246/2246
f 2247/2247/2247 2248/2248/2248 2246/2246/2246
f 2249/2249/2249 2251/2251/2251 2250/2250/2250
f 2251/2251/2251 2252/2252/2252 2250/2250/2250
f 2253/2253/2253 2255/2255/2255 2254/2254/2254
f 2255/2255/2255 2256/2256/2256 2254/2254/2254
o glass_0531
usemtl paleblue
v 2.824999988079071 11.700000023841858 3.04999999910593
v 2.824999988079071 11.700000023841858 2.9700000008940695
v 2.824999988079071 10.499999976158142 3.04999999910593
v 2.824999988079071 10.499999976158142 2.9700000008940695
v 1.675000011920929 11.700000023841858 2.9700000008940695
v 1.675000011920929 11.700000023841858 3.04999999910593
v 1.675000011920929 10.499999976158142 2.9700000008940695
v 1.675000011920929 10.499999976158142 3.04999999910593
v 1.675000011920929 11.700000023841858 2.9700000008940695
v 2.824999988079071 11.700000023841858 2.9700000008940695
v 1.675000011920929 11.700000023841858 3.04999999910593
v 2.824999988079071 11.700000023841858 3.04999999910593
v 1.675000011920929 10.499999976158142 3.04999999910593
v 2.824999988079071 10.499999976158142 3.04999999910593
v 1.675000011920929 10.499999976158142 2.9700000008940695
v 2.824999988079071 10.499999976158142 2.9700000008940695
v 1.675000011920929 11.700000023841858 3.04999999910593
v 2.824999988079071 11.700000023841858 3.04999999910593
v 1.675000011920929 10.499999976158142 3.04999999910593
v 2.824999988079071 10.499999976158142 3.04999999910593
v 2.824999988079071 11.700000023841858 2.9700000008940695
v 1.675000011920929 11.700000023841858 2.9700000008940695
v 2.824999988079071 10.499999976158142 2.9700000008940695
v 1.675000011920929 10.499999976158142 2.9700000008940695
vt 0 1
vt 1 1
vt 0 0
vt 1 0
vt 0 1
vt 1 1
vt 0 0
vt 1 0
vt 0 1
vt 1 1
vt 0 0
vt 1 0
vt 0 1
vt 1 1
vt 0 0
vt 1 0
vt 0 1
vt 1 1
vt 0 0
vt 1 0
vt 0 1
vt 1 1
vt 0 0
vt 1 0
vn 1 0 0
vn 1 0 0
vn 1 0 0
vn 1 0 0
vn -1 0 0
vn -1 0 0
vn -1 0 0
vn -1 0 0
vn 0 1 0
vn 0 1 0
vn 0 1 0
vn 0 1 0
vn 0 -1 0
vn 0 -1 0
vn 0 -1 0
vn 0 -1 0
vn 0 0 1
vn 0 0 1
vn 0 0 1
vn 0 0 1
vn 0 0 -1
vn 0 0 -1
vn 0 0 -1
vn 0 0 -1
f 2257/2257/2257 2259/2259/2259 2258/2258/2258
f 2259/2259/2259 2260/2260/2260 2258/2258/2258
f 2261/2261/2261 2263/2263/2263 2262/2262/2262
f 2263/2263/2263 2264/2264/2264 2262/2262/2262
f 2265/2265/2265 2267/2267/2267 2266/2266/2266
f 2267/2267/2267 2268/2268/2268 2266/2266/2266
f 2269/2269/2269 2271/2271/2271 2270/2270/2270
f 2271/2271/2271 2272/2272/2272 2270/2270/2270
f 2273/2273/2273 2275/2275/2275 2274/2274/2274
f 2275/2275/2275 2276/2276/2276 2274/2274/2274
f 2277/2277/2277 2279/2279/2279 2278/2278/2278
f 2279/2279/2279 2280/2280/2280 2278/2278/2278
o glass_s0531
usemtl paleblue
v 3.04999999910593 11.700000023841858 2.824999988079071
v 3.04999999910593 11.700000023841858 1.675000011920929
v 3.04999999910593 10.499999976158142 2.824999988079071
v 3.04999999910593 10.499999976158142 1.675000011920929
v 2.9700000008940695 11.700000023841858 1.675000011920929
v 2.9700000008940695 11.700000023841858 2.824999988079071
v 2.9700000008940695 10.499999976158142 1.675000011920929
v 2.9700000008940695 10.499999976158142 2.824999988079071
v 2.9700000008940695 11.700000023841858 1.675000011920929
v 3.04999999910593 11.700000023841858 1.675000011920929
v 2.9700000008940695 11.700000023841858 2.824999988079071
v 3.04999999910593 11.700000023841858 2.824999988079071
v 2.9700000008940695 10.499999976158142 2.824999988079071
v 3.04999999910593 10.499999976158142 2.824999988079071
v 2.9700000008940695 10.499999976158142 1.675000011920929
v 3.04999999910593 10.499999976158142 1.675000011920929
v 2.9700000008940695 11.700000023841858 2.824999988079071
v 3.04999999910593 11.700000023841858 2.824999988079071
v 2.9700000008940695 10.499999976158142 2.824999988079071
v 3.04999999910593 10.499999976158142 2.824999988079071
v 3.04999999910593 11.700000023841858 1.675000011920929
v 2.9700000008940695 11.700000023841858 1.675000011920929
v 3.04999999910593 10.499999976158142 1.675000011920929
v 2.9700000008940695 10.499999976158142 1.675000011920929
vt 0 1
vt 1 1
vt 0 0
vt 1 0
vt 0 1
vt 1 1
vt 0 0
vt 1 0
vt 0 1
vt 1 1
vt 0 0
vt 1 0
vt 0 1
vt 1 1
vt 0 0
vt 1 0
vt 0 1
vt 1 1
vt 0 0
vt 1 0
vt 0 1
vt 1 1
vt 0 0
vt 1 0
vn 1 0 0
vn 1 0 0
vn 1 0 0
vn 1 0 0
vn -1 0 0
vn -1 0 0
vn -1 0 0
vn -1 0 0
vn 0 1 0
vn 0 1 0
vn 0 1 0
vn 0 1 0
vn 0 -1 0
vn 0 -1 0
vn 0 -1 0
vn 0 -1 0
vn 0 0 1
vn 0 0 1
vn 0 0 1
vn 0 0 1
vn 0 0 -1
vn 0 0 -1
vn 0 0 -1
vn 0 0 -1
f 2281/2281/2281 2283/2283/2283 2282/2282/2282
f 2283/2283/2283 2284/2284/2284 2282/2282/2282
f 2285/2285/2285 2287/2287/2287 2286/2286/2286
f 2287/2287/2287 2288/2288/2288 2286/2286/2286
f 2289/2289/2289 2291/2291/2291 2290/2290/2290
f 2291/2291/2291 2292/2292/2292 2290/2290/2290
f 2293/2293/2293 2295/2295/2295 2294/2294/2294
f 2295/2295/2295 2296/2296/2296 2294/2294/2294
f 2297/2297/2297 2299/2299/2299 2298/2298/2298
f 2299/2299/2299 2300/2300/2300 2298/2298/2298
f 2301/2301/2301 2303/2303/2303 2302/2302/2302
f 2303/2303/2303 2304/2304/2304 2302/2302/2302
o glass_053-1
usemtl paleblue
v 2.824999988079071 11.700000023841858 -2.9700000008940695
v 2.824999988079071 11.700000023841858 -3.04999999910593
v 2.824999988079071 10.499999976158142 -2.9700000008940695
v 2.824999988079071 10.499999976158142 -3.04999999910593
v 1.675000011920929 11.700000023841858 -3.04999999910593
v 1.675000011920929 11.700000023841858 -2.9700000008940695
v 1.675000011920929 10.499999976158142 -3.04999999910593
v 1.675000011920929 10.499999976158142 -2.9700000008940695
v 1.675000011920929 11.700000023841858 -3.04999999910593
v 2.824999988079071 11.700000023841858 -3.04999999910593
v 1.675000011920929 11.700000023841858 -2.9700000008940695
v 2.824999988079071 11.700000023841858 -2.9700000008940695
v 1.675000011920929 10.499999976158142 -2.9700000008940695
v 2.824999988079071 10.499999976158142 -2.9700000008940695
v 1.675000011920929 10.499999976158142 -3.04999999910593
v 2.824999988079071 10.499999976158142 -3.04999999910593
v 1.675000011920929 11.700000023841858 -2.9700000008940695
v 2.824999988079071 11.700000023841858 -2.9700000008940695
v 1.675000011920929 10.499999976158142 -2.9700000008940695
v 2.824999988079071 10.499999976158142 -2.9700000008940695
v 2.824999988079071 11.700000023841858 -3.04999999910593
v 1.675000011920929 11.700000023841858 -3.04999999910593
v 2.824999988079071 10.499999976158142 -3.04999999910593
v 1.675000011920929 10.499999976158142 -3.04999999910593
vt 0 1
vt 1 1
vt 0 0
vt 1 0
vt 0 1
vt 1 1
vt 0 0
vt 1 0
vt 0 1
vt 1 1
vt 0 0
vt 1 0
vt 0 1
vt 1 1
vt 0 0
vt 1 0
vt 0 1
vt 1 1
vt 0 0
vt 1 0
vt 0 1
vt 1 1
vt 0 0
vt 1 0
vn 1 0 0
vn 1 0 0
vn 1 0 0
vn 1 0 0
vn -1 0 0
vn -1 0 0
vn -1 0 0
vn -1 0 0
vn 0 1 0
vn 0 1 0
vn 0 1 0
vn 0 1 0
vn 0 -1 0
vn 0 -1 0
vn 0 -1 0
vn 0 -1 0
vn 0 0 1
vn 0 0 1
vn 0 0 1
vn 0 0 1
vn 0 0 -1
vn 0 0 -1
vn 0 0 -1
vn 0 0 -1
f 2305/2305/2305 2307/2307/2307 2306/2306/2306
f 2307/2307/2307 2308/2308/2308 2306/2306/2306
f 2309/2309/2309 2311/2311/2311 2310/2310/2310
f 2311/2311/2311 2312/2312/2312 2310/2310/2310
f 2313/2313/2313 2315/2315/2315 2314/2314/2314
f 2315/2315/2315 2316/2316/2316 2314/2314/2314
f 2317/2317/2317 2319/2319/2319 2318/2318/2318
f 2319/2319/2319 2320/2320/2320 2318/2318/2318
f 2321/2321/2321 2323/2323/2323 2322/2322/2322
f 2323/2323/2323 2324/2324/2324 2322/2322/2322
f 2325/2325/2325 2327/2327/2327 2326/2326/2326
f 2327/2327/2327 2328/2328/2328 2326/2326/2326
o glass_s053-1
usemtl paleblue
v -2.9700000008940695 11.700000023841858 2.824999988079071
v -2.9700000008940695 11.700000023841858 1.675000011920929
v -2.9700000008940695 10.499999976158142 2.824999988079071
v -2.9700000008940695 10.499999976158142 1.675000011920929
v -3.04999999910593 11.700000023841858 1.675000011920929
v -3.04999999910593 11.700000023841858 2.824999988079071
v -3.04999999910593 10.499999976158142 1.675000011920929
v -3.04999999910593 10.499999976158142 2.824999988079071
v -3.04999999910593 11.700000023841858 1.675000011920929
v -2.9700000008940695 11.700000023841858 1.675000011920929
v -3.04999999910593 11.700000023841858 2.824999988079071
v -2.9700000008940695 11.700000023841858 2.824999988079071
v -3.04999999910593 10.499999976158142 2.824999988079071
v -2.9700000008940695 10.499999976158142 2.824999988079071
v -3.04999999910593 10.499999976158142 1.675000011920929
v -2.9700000008940695 10.499999976158142 1.675000011920929
v -3.04999999910593 11.700000023841858 2.824999988079071
v -2.9700000008940695 11.700000023841858 2.824999988079071
v -3.04999999910593 10.499999976158142 2.824999988079071
v -2.9700000008940695 10.499999976158142 2.824999988079071
v -2.9700000008940695 11.700000023841858 1.675000011920929
v -3.04999999910593 11.700000023841858 1.675000011920929
v -2.9700000008940695 10.499999976158142 1.675000011920929
v -3.04999999910593 10.499999976158142 1.675000011920929
vt 0 1
vt 1 1
vt 0 0
vt 1 0
vt 0 1
vt 1 1
vt 0 0
vt 1 0
vt 0 1
vt 1 1
vt 0 0
vt 1 0
vt 0 1
vt 1 1
vt 0 0
vt 1 0
vt 0 1
vt 1 1
vt 0 0
vt 1 0
vt 0 1
vt 1 1
vt 0 0
vt 1 0
vn 1 0 0
vn 1 0 0
vn 1 0 0
vn 1 0 0
vn -1 0 0
vn -1 0 0
vn -1 0 0
vn -1 0 0
vn 0 1 0
vn 0 1 0
vn 0 1 0
vn 0 1 0
vn 0 -1 0
vn 0 -1 0
vn 0 -1 0
vn 0 -1 0
vn 0 0 1
vn 0 0 1
vn 0 0 1
vn 0 0 1
vn 0 0 -1
vn 0 0 -1
vn 0 0 -1
vn 0 0 -1
f 2329/2329/2329 2331/2331/2331 2330/2330/2330
f 2331/2331/2331 2332/2332/2332 2330/2330/2330
f 2333/2333/2333 2335/2335/2335 2334/2334/2334
f 2335/2335/2335 2336/2336/2336 2334/2334/2334
f 2337/2337/2337 2339/2339/2339 2338/2338/2338
f 2339/2339/2339 2340/2340/2340 2338/2338/2338
f 2341/2341/2341 2343/2343/2343 2342/2342/2342
f 2343/2343/2343 2344/2344/2344 2342/2342/2342
f 2345/2345/2345 2347/2347/2347 2346/2346/2346
f 2347/2347/2347 2348/2348/2348 2346/2346/2346
f 2349/2349/2349 2351/2351/2351 2350/2350/2350
f 2351/2351/2351 2352/2352/2352 2350/2350/2350
o glass_0601
usemtl paleblue
v -1.675000011920929 13.700000023841858 3.04999999910593
v -1.675000011920929 13.700000023841858 2.9700000008940695
v -1.675000011920929 12.499999976158142 3.04999999910593
v -1.675000011920929 12.499999976158142 2.9700000008940695
v -2.824999988079071 13.700000023841858 2.9700000008940695
v -2.824999988079071 13.700000023841858 3.04999999910593
v -2.824999988079071 12.499999976158142 2.9700000008940695
v -2.824999988079071 12.499999976158142 3.04999999910593
v -2.824999988079071 13.700000023841858 2.9700000008940695
v -1.675000011920929 13.700000023841858 2.9700000008940695
v -2.824999988079071 13.700000023841858 3.04999999910593
v -1.675000011920929 13.700000023841858 3.04999999910593
v -2.824999988079071 12.499999976158142 3.04999999910593
v -1.675000011920929 12.499999976158142 3.04999999910593
v -2.824999988079071 12.499999976158142 2.9700000008940695
v -1.675000011920929 12.499999976158142 2.9700000008940695
v -2.824999988079071 13.700000023841858 3.04999999910593
v -1.675000011920929 13.700000023841858 3.04999999910593
v -2.824999988079071 12.499999976158142 3.04999999910593
v -1.675000011920929 12.499999976158142 3.04999999910593
v -1.675000011920929 13.700000023841858 2.9700000008940695
v -2.824999988079071 13.700000023841858 2.9700000008940695
v -1.675000011920929 12.499999976158142 2.9700000008940695
v -2.824999988079071 12.499999976158142 2.9700000008940695
vt 0 1
vt 1 1
vt 0 0
vt 1 0
vt 0 1
vt 1 1
vt 0 0
vt 1 0
vt 0 1
vt 1 1
vt 0 0
vt 1 0
vt 0 1
vt 1 1
vt 0 0
vt 1 0
vt 0 1
vt 1 1
vt 0 0
vt 1 0
vt 0 1
vt 1 1
vt 0 0
vt 1 0
vn 1 0 0
vn 1 0 0
vn 1 0 0
vn 1 0 0
vn -1 0 0
vn -1 0 0
vn -1 0 0
vn -1 0 0
vn 0 1 0
vn 0 1 0
vn 0 1 0
vn 0 1 0
vn 0 -1 0
vn 0 -1 0
vn 0 -1 0
vn 0 -1 0
vn 0 0 1
vn 0 0 1
vn 0 0 1
vn 0 0 1
vn 0 0 -1
vn 0 0 -1
vn 0 0 -1
vn 0 0 -1
f 2353/2353/2353 2355/2355/2355 2354/2354/2354
f 2355/2355/2355 2356/2356/2356 2354/2354/2354
f 2357/2357/2357 2359/2359/2359 2358/2358/2358
f 2359/2359/2359 2360/2360/2360 2358/2358/2358
f 2361/2361/2361 2363/2363/2363 2362/2362/2362
f 2363/2363/2363 2364/2364/2364 2362/2362/2362
f 2365/2365/2365 2367/2367/2367 2366/2366/2366
f 2367/2367/2367 2368/2368/2368 2366/2366/2366
f 2369/2369/2369 2371/2371/2371 2370/2370/2370
f 2371/2371/2371 2372/2372/2372 2370/2370/2370
f 2373/2373/2373 2375/2375/2375 2374/2374/2374
f 2375/2375/2375 2376/2376/2376 2374/2374/2374
o glass_s0601
usemtl paleblue
v 3.04999999910593 13.700000023841858 -1.675000011920929
v 3.04999999910593 13.700000023841858 -2.824999988079071
v 3.04999999910593 12.499999976158142 -1.675000011920929
v 3.04999999910593 12.499999976158142 -2.824999988079071
v 2.9700000008940695 13.700000023841858 -2.824999988079071
v 2.9700000008940695 13.700000023841858 -1.675000011920929
v 2.9700000008940695 12.499999976158142 -2.824999988079071
v 2.9700000008940695 12.499999976158142 -1.675000011920929
v 2.9700000008940695 13.700000023841858 -2.824999988079071
v 3.04999999910593 13.700000023841858 -2.824999988079071
v 2.9700000008940695 13.700000023841858 -1.675000011920929
v 3.04999999910593 13.700000023841858 -1.675000011920929
v 2.9700000008940695 12.499999976158142 -1.675000011920929
v 3.04999999910593 12.499999976158142 -1.675000011920929
v 2.9700000008940695 12.499999976158142 -2.824999988079071
v 3.04999999910593 12.499999976158142 -2.824999988079071
v 2.9700000008940695 13.700000023841858 -1.675000011920929
v 3.04999999910593 13.700000023841858 -1.675000011920929
v 2.9700000008940695 12.499999976158142 -1.675000011920929
v 3.04999999910593 12.499999976158142 -1.675000011920929
v 3.04999999910593 13.700000023841858 -2.824999988079071
v 2.9700000008940695 13.700000023841858 -2.824999988079071
v 3.04999999910593 12.499999976158142 -2.824999988079071
v 2.9700000008940695 12.499999976158142 -2.824999988079071
vt 0 1
vt 1 1
vt 0 0
vt 1 0
vt 0 1
vt 1 1
vt 0 0
vt 1 0
vt 0 1
vt 1 1
vt 0 0
vt 1 0
vt 0 1
vt 1 1
vt 0 0
vt 1 0
vt 0 1
vt 1 1
vt 0 0
vt 1 0
vt 0 1
vt 1 1
vt 0 0
vt 1 0
vn 1 0 0
vn 1 0 0
vn 1 0 0
vn 1 0 0
vn -1 0 0
vn -1 0 0
vn -1 0 0
vn -1 0 0
vn 0 1 0
vn 0 1 0
vn 0 1 0
vn 0 1 0
vn 0 -1 0
vn 0 -1 0
vn 0 -1 0
vn 0 -1 0
vn 0 0 1
vn 0 0 1
vn 0 0 1
vn 0 0 1
vn 0 0 -1
vn 0 0 -1
vn 0 0 -1
vn 0 0 -1
f 2377/2377/2377 2379/2379/2379 2378/2378/2378
f 2379/2379/2379 2380/2380/2380 2378/2378/2378
f 2381/2381/2381 2383/2383/2383 2382/2382/2382
f 2383/2383/2383 2384/2384/2384 2382/2382/2382
f 2385/2385/2385 2387/2387/2387 2386/2386/2386
f 2387/2387/2387 2388/2388/2388 2386/2386/2386
f 2389/2389/2389 2391/2391/2391 2390/2390/2390
f 2391/2391/2391 2392/2392/2392 2390/2390/2390
f 2393/2393/2393 2395/2395/2395 2394/2394/2394
f 2395/2395/2395 2396/2396/2396 2394/2394/2394
f 2397/2397/2397 2399/2399/2399 2398/2398/2398
f 2399/2399/2399 2400/2400/2400 2398/2398/2398
o glass_060-1
usemtl paleblue
v -1.675000011920929 13.700000023841858 -2.9700000008940695
v -1.675000011920929 13.700000023841858 -3.04999999910593
v -1.675000011920929 12.499999976158142 -2.9700000008940695
v -1.675000011920929 12.499999976158142 -3.04999999910593
v -2.824999988079071 13.700000023841858 -3.04999999910593
v -2.824999988079071 13.700000023841858 -2.9700000008940695
v -2.824999988079071 12.499999976158142 -3.04999999910593
v -2.824999988079071 12.499999976158142 -2.9700000008940695
v -2.824999988079071 13.700000023841858 -3.04999999910593
v -1.675000011920929 13.700000023841858 -3.04999999910593
v -2.824999988079071 13.700000023841858 -2.9700000008940695
v -1.675000011920929 13.700000023841858 -2.9700000008940695
v -2.824999988079071 12.499999976158142 -2.9700000008940695
v -1.675000011920929 12.499999976158142 -2.9700000008940695
v -2.824999988079071 12.499999976158142 -3.04999999910593
v -1.675000011920929 12.499999976158142 -3.04999999910593
v -2.824999988079071 13.700000023841858 -2.9700000008940695
v -1.675000011920929 13.700000023841858 -2.9700000008940695
v -2.824999988079071 12.499999976158142 -2.9700000008940695
v -1.675000011920929 12.499999976158142 -2.9700000008940695
v -1.675000011920929 13.700000023841858 -3.04999999910593
v -2.824999988079071 13.700000023841858 -3.04999999910593
v -1.675000011920929 12.499999976158142 -3.04999999910593
v -2.824999988079071 12.499999976158142 -3.04999999910593
vt 0 1
vt 1 1
vt 0 0
vt 1 0
vt 0 1
vt 1 1
vt 0 0
vt 1 0
vt 0 1
vt 1 1
vt 0 0
vt 1 0
vt 0 1
vt 1 1
vt 0 0
vt 1 0
vt 0 1
vt 1 1
vt 0 0
vt 1 0
vt 0 1
vt 1 1
vt 0 0
vt 1 0
vn 1 0 0
vn 1 0 0
vn 1 0 0
vn 1 0 0
vn -1 0 0
vn -1 0 0
vn -1 0 0
vn -1 0 0
vn 0 1 0
vn 0 1 0
vn 0 1 0
vn 0 1 0
vn 0 -1 0
vn 0 -1 0
vn 0 -1 0
vn 0 -1 0
vn 0 0 1
vn 0 0 1
vn 0 0 1
vn 0 0 1
vn 0 0 -1
vn 0 0 -1
vn 0 0 -1
vn 0 0 -1
f 2401/2401/2401 2403/2403/2403 2402/2402/2402
f 2403/2403/2403 2404/2404/2404 2402/2402/2402
f 2405/2405/2405 2407/2407/2407 2406/2406/2406
f 2407/2407/2407 2408/2408/2408 2406/2406/2406
f 2409/2409/2409 2411/2411/2411 2410/2410/2410
f 2411/2411/2411 2412/2412/2412 2410/2410/2410
f 2413/2413/2413 2415/2415/2415 2414/2414/2414
f 2415/2415/2415 2416/2416/2416 2414/2414/2414
f 2417/2417/2417 2419/2419/2419 2418/2418/2418
f 2419/2419/2419 2420/2420/2420 2418/2418/2418
f 2421/2421/2421 2423/2423/2423 2422/2422/2422
f 2423/2423/2423 2424/2424/2424 2422/2422/2422
o glass_s060-1
usemtl paleblue
v -2.9700000008940695 13.700000023841858 -1.675000011920929
v -2.9700000008940695 13.700000023841858 -2.824999988079071
v -2.9700000008940695 12.499999976158142 -1.675000011920929
v -2.9700000008940695 12.499999976158142 -2.824999988079071
v -3.04999999910593 13.700000023841858 -2.824999988079071
v -3.04999999910593 13.700000023841858 -1.675000011920929
v -3.04999999910593 12.499999976158142 -2.824999988079071
v -3.04999999910593 12.499999976158142 -1.675000011920929
v -3.04999999910593 13.700000023841858 -2.824999988079071
v -2.9700000008940695 13.700000023841858 -2.824999988079071
v -3.04999999910593 13.700000023841858 -1.675000011920929
v -2.9700000008940695 13.700000023841858 -1.675000011920929
v -3.04999999910593 12.499999976158142 -1.675000011920929
v -2.9700000008940695 12.499999976158142 -1.675000011920929
v -3.04999999910593 12.499999976158142 -2.824999988079071
v -2.9700000008940695 12.499999976158142 -2.824999988079071
v -3.04999999910593 13.700000023841858 -1.675000011920929
v -2.9700000008940695 13.700000023841858 -1.675000011920929
v -3.04999999910593 12.499999976158142 -1.675000011920929
v -2.9700000008940695 12.499999976158142 -1.675000011920929
v -2.9700000008940695 13.700000023841858 -2.824999988079071
v -3.04999999910593 13.700000023841858 -2.824999988079071
v -2.9700000008940695 12.499999976158142 -2.824999988079071
v -3.04999999910593 12.499999976158142 -2.824999988079071
vt 0 1
vt 1 1
vt 0 0
vt 1 0
vt 0 1
vt 1 1
vt 0 0
vt 1 0
vt 0 1
vt 1 1
vt 0 0
vt 1 0
vt 0 1
vt 1 1
vt 0 0
vt 1 0
vt 0 1
vt 1 1
vt 0 0
vt 1 0
vt 0 1
vt 1 1
vt 0 0
vt 1 0
vn 1 0 0
vn 1 0 0
vn 1 0 0
vn 1 0 0
vn -1 0 0
vn -1 0 0
vn -1 0 0
vn -1 0 0
vn 0 1 0
vn 0 1 0
vn 0 1 0
vn 0 1 0
vn 0 -1 0
vn 0 -1 0
vn 0 -1 0
vn 0 -1 0
vn 0 0 1
vn 0 0 1
vn 0 0 1
vn 0 0 1
vn 0 0 -1
vn 0 0 -1
vn 0 0 -1
vn 0 0 -1
f 2425/2425/2425 2427/2427/2427 2426/2426/2426
f 2427/2427/2427 2428/2428/2428 2426/2426/2426
f 2429/2429/2429 2431/2431/2431 2430/2430/2430
f 2431/2431/2431 2432/2432/2432 2430/2430/2430
f 2433/2433/2433 2435/2435/2435 2434/2434/2434
f 2435/2435/2435 2436/2436/2436 2434/2434/2434
f 2437/2437/2437 2439/2439/2439 2438/2438/2438
f 2439/2439/2439 2440/2440/2440 2438/2438/2438
f 2441/2441/2441 2443/2443/2443 2442/2442/2442
f 2443/2443/2443 2444/2444/2444 2442/2442/2442
f 2445/2445/2445 2447/2447/2447 2446/2446/2446
f 2447/2447/2447 2448/2448/2448 2446/2446/2446
o glass_0611
usemtl paleblue
v -0.17500001192092896 13.700000023841858 3.04999999910593
v -0.17500001192092896 13.700000023841858 2.9700000008940695
v -0.17500001192092896 12.499999976158142 3.04999999910593
v -0.17500001192092896 12.499999976158142 2.9700000008940695
v -1.324999988079071 13.700000023841858 2.9700000008940695
v -1.324999988079071 13.700000023841858 3.04999999910593
v -1.324999988079071 12.499999976158142 2.9700000008940695
v -1.324999988079071 12.499999976158142 3.04999999910593
v -1.324999988079071 13.700000023841858 2.9700000008940695
v -0.17500001192092896 13.700000023841858 2.9700000008940695
v -1.324999988079071 13.700000023841858 3.04999999910593
v -0.17500001192092896 13.700000023841858 3.04999999910593
v -1.324999988079071 12.499999976158142 3.04999999910593
v -0.17500001192092896 12.499999976158142 3.04999999910593
v -1.324999988079071 12.499999976158142 2.9700000008940695
v -0.17500001192092896 12.499999976158142 2.9700000008940695
v -1.324999988079071 13.700000023841858 3.04999999910593
v -0.17500001192092896 13.700000023841858 3.04999999910593
v -1.324999988079071 12.499999976158142 3.04999999910593
v -0.17500001192092896 12.499999976158142 3.04999999910593
v -0.17500001192092896 13.700000023841858 2.9700000008940695
v -1.324999988079071 13.700000023841858 2.9700000008940695
v -0.17500001192092896 12.499999976158142 2.9700000008940695
v -1.324999988079071 12.499999976158142 2.9700000008940695
vt 0 1
vt 1 1
vt 0 0
vt 1 0
vt 0 1
vt 1 1
vt 0 0
vt 1 0
vt 0 1
vt 1 1
vt 0 0
vt 1 0
vt 0 1
vt 1 1
vt 0 0
vt 1 0
vt 0 1
vt 1 1
vt 0 0
vt 1 0
vt 0 1
vt 1 1
vt 0 0
vt 1 0
vn 1 0 0
vn 1 0 0
vn 1 0 0
vn 1 0 0
vn -1 0 0
vn -1 0 0
vn -1 0 0
vn -1 0 0
vn 0 1 0
vn 0 1 0
vn 0 1 0
vn 0 1 0
vn 0 -1 0
vn 0 -1 0
vn 0 -1 0
vn 0 -1 0
vn 0 0 1
vn 0 0 1
vn 0 0 1
vn 0 0 1
vn 0 0 -1
vn 0 0 -1
vn 0 0 -1
vn 0 0 -1
f 2449/2449/2449 2451/2451/2451 2450/2450/2450
f 2451/2451/2451 2452/2452/2452 2450/2450/2450
f 2453/2453/2453 2455/2455/2455 2454/2454/2454
f 2455/2455/2455 2456/2456/2456 2454/2454/2454
f 2457/2457/2457 2459/2459/2459 2458/2458/2458
f 2459/2459/2459 2460/2460/2460 2458/2458/2458
f 2461/2461/2461 2463/2463/2463 2462/2462/2462
f 2463/2463/2463 2464/2464/2464 2462/2462/2462
f 2465/2465/2465 2467/2467/2467 2466/2466/2466
f 2467/2467/2467 2468/2468/2468 2466/2466/2466
f 2469/2469/2469 2471/2471/2471 2470/2470/2470
f 2471/2471/2471 2472/2472/2472 2470/2470/2470
o glass_s0611
usemtl paleblue
v 3.04999999910593 13.700000023841858 -0.17500001192092896
v 3.04999999910593 13.700000023841858 -1.324999988079071
v 3.04999999910593 12.499999976158142 -0.17500001192092896
v 3.04999999910593 12.499999976158142 -1.324999988079071
v 2.9700000008940695 13.700000023841858 -1.324999988079071
v 2.9700000008940695 13.700000023841858 -0.17500001192092896
v 2.9700000008940695 12.499999976158142 -1.324999988079071
v 2.9700000008940695 12.499999976158142 -0.17500001192092896
v 2.9700000008940695 13.700000023841858 -1.324999988079071
v 3.04999999910593 13.700000023841858 -1.324999988079071
v 2.9700000008940695 13.700000023841858 -0.17500001192092896
v 3.04999999910593 13.700000023841858 -0.17500001192092896
v 2.9700000008940695 12.499999976158142 -0.17500001192092896
v 3.04999999910593 12.499999976158142 -0.17500001192092896
v 2.9700000008940695 12.499999976158142 -1.324999988079071
v 3.04999999910593 12.499999976158142 -1.324999988079071
v 2.9700000008940695 13.700000023841858 -0.17500001192092896
v 3.04999999910593 13.700000023841858 -0.17500001192092896
v 2.9700000008940695 12.499999976158142 -0.17500001192092896
v 3.04999999910593 12.499999976158142 -0.17500001192092896
v 3.04999999910593 13.700000023841858 -1.324999988079071
v 2.9700000008940695 13.700000023841858 -1.324999988079071
v 3.04999999910593 12.499999976158142 -1.324999988079071
v 2.9700000008940695 12.499999976158142 -1.324999988079071
vt 0 1
vt 1 1
vt 0 0
vt 1 0
vt 0 1
vt 1 1
vt 0 0
vt 1 0
vt 0 1
vt 1 1
vt 0 0
vt 1 0
vt 0 1
vt 1 1
vt 0 0
vt 1 0
vt 0 1
vt 1 1
vt 0 0
vt 1 0
vt 0 1
vt 1 1
vt 0 0
vt 1 0
vn 1 0 0
vn 1 0 0
vn 1 0 0
vn 1 0 0
vn -1 0 0
vn -1 0 0
vn -1 0 0
vn -1 0 0
vn 0 1 0
vn 0 1 0
vn 0 1 0
vn 0 1 0
vn 0 -1 0
vn 0 -1 0
vn 0 -1 0
vn 0 -1 0
vn 0 0 1
vn 0 0 1
vn 0 0 1
vn 0 0 1
vn 0 0 -1
vn 0 0 -1
vn 0 0 -1
vn 0 0 -1
f 2473/2473/2473 2475/2475/2475 2474/2474/2474
f 2475/2475/2475 2476/2476/2476 2474/2474/2474
f 2477/2477/2477 2479/2479/2479 2478/2478/2478
f 2479/2479/2479 2480/2480/2480 2478/2478/2478
f 2481/2481/2481 2483/2483/2483 2482/2482/2482
f 2483/2483/2483 2484/2484/2484 2482/2482/2482
f 2485/2485/2485 2487/2487/2487 2486/2486/2486
f 2487/2487/2487 2488/2488/2488 2486/2486/2486
f 2489/2489/2489 2491/2491/2491 2490/2490/2490
f 2491/2491/2491 2492/2492/2492 2490/2490/2490
f 2493/2493/2493 2495/2495/2495 2494/2494/2494
f 2495/2495/2495 2496/2496/2496 2494/2494/2494
o glass_061-1
usemtl paleblue
v -0.17500001192092896 13.700000023841858 -2.9700000008940695
v -0.17500001192092896 13.700000023841858 -3.04999999910593
v -0.17500001192092896 12.499999976158142 -2.9700000008940695
v -0.17500001192092896 12.499999976158142 -3.04999999910593
v -1.324999988079071 13.700000023841858 -3.04999999910593
v -1.324999988079071 13.700000023841858 -2.9700000008940695
v -1.324999988079071 12.499999976158142 -3.04999999910593
v -1.324999988079071 12.499999976158142 -2.9700000008940695
v -1.324999988079071 13.700000023841858 -3.04999999910593
v -0.17500001192092896 13.700000023841858 -3.04999999910593
v -1.324999988079071 13.700000023841858 -2.9700000008940695
v -0.17500001192092896 13.700000023841858 -2.9700000008940695
v -1.324999988079071 12.499999976158142 -2.9700000008940695
v -0.17500001192092896 12.499999976158142 -2.9700000008940695
v -1.324999988079071 12.499999976158142 -3.04999999910593
v -0.17500001192092896 12.499999976158142 -3.04999999910593
v -1.324999988079071 13.700000023841858 -2.9700000008940695
v -0.17500001192092896 13.700000023841858 -2.9700000008940695
v -1.324999988079071 12.499999976158142 -2.9700000008940695
v -0.17500001192092896 12.499999976158142 -2.9700000008940695
v -0.17500001192092896 13.700000023841858 -3.04999999910593
v -1.324999988079071 13.700000023841858 -3.04999999910593
v -0.17500001192092896 12.499999976158142 -3.04999999910593
v -1.324999988079071 12.499999976158142 -3.04999999910593
vt 0 1
vt 1 1
vt 0 0
vt 1 0
vt 0 1
vt 1 1
vt 0 0
vt 1 0
vt 0 1
vt 1 1
vt 0 0
vt 1 0
vt 0 1
vt 1 1
vt 0 0
vt 1 0
vt 0 1
vt 1 1
vt 0 0
vt 1 0
vt 0 1
vt 1 1
vt 0 0
vt 1 0
vn 1 0 0
vn 1 0 0
vn 1 0 0
vn 1 0 0
vn -1 0 0
vn -1 0 0
vn -1 0 0
vn -1 0 0
vn 0 1 0
vn 0 1 0
vn 0 1 0
vn 0 1 0
vn 0 -1 0
vn 0 -1 0
vn 0 -1 0
vn 0 -1 0
vn 0 0 1
vn 0 0 1
vn 0 0 1
vn 0 0 1
vn 0 0 -1
vn 0 0 -1
vn 0 0 -1
vn 0 0 -1
f 2497/2497/2497 2499/2499/2499 2498/2498/2498
f 2499/2499/2499 2500/2500/2500 2498/2498/2498
f 2501/2501/2501 2503/2503/2503 2502/2502/2502
f 2503/2503/2503 2504/2504/2504 2502/2502/2502
f 2505/2505/2505 2507/2507/2507 2506/2506/2506
f 2507/2507/2507 2508/2508/2508 2506/2506/2506
f 2509/2509/2509 2511/2511/2511 2510/2510/2510
f 2511/2511/2511 2512/2512/2512 2510/2510/2510
f 2513/2513/2513 2515/2515/2515 2514/2514/2514
f 2515/2515/2515 2516/2516/2516 2514/2514/2514
f 2517/2517/2517 2519/2519/2519 2518/2518/2518
f 2519/2519/2519 2520/2520/2520 2518/2518/2518
o glass_s061-1
usemtl paleblue
v -2.9700000008940695 13.700000023841858 -0.17500001192092896
v -2.9700000008940695 13.700000023841858 -1.324999988079071
v -2.9700000008940695 12.499999976158142 -0.17500001192092896
v -2.9700000008940695 12.499999976158142 -1.324999988079071
v -3.04999999910593 13.700000023841858 -1.324999988079071
v -3.04999999910593 13.700000023841858 -0.17500001192092896
v -3.04999999910593 12.499999976158142 -1.324999988079071
v -3.04999999910593 12.499999976158142 -0.17500001192092896
v -3.04999999910593 13.700000023841858 -1.324999988079071
v -2.9700000008940695 13.700000023841858 -1.324999988079071
v -3.04999999910593 13.700000023841858 -0.17500001192092896
v -2.9700000008940695 13.700000023841858 -0.17500001192092896
v -3.04999999910593 12.499999976158142 -0.17500001192092896
v -2.9700000008940695 12.499999976158142 -0.17500001192092896
v -3.04999999910593 12.499999976158142 -1.324999988079071
v -2.9700000008940695 12.499999976158142 -1.324999988079071
v -3.04999999910593 13.700000023841858 -0.17500001192092896
v -2.9700000008940695 13.700000023841858 -0.17500001192092896
v -3.04999999910593 12.499999976158142 -0.17500001192092896
v -2.9700000008940695 12.499999976158142 -0.17500001192092896
v -2.9700000008940695 13.700000023841858 -1.324999988079071
v -3.04999999910593 13.700000023841858 -1.324999988079071
v -2.9700000008940695 12.499999976158142 -1.324999988079071
v -3.04999999910593 12.499999976158142 -1.324999988079071
vt 0 1
vt 1 1
vt 0 0
vt 1 0
vt 0 1
vt 1 1
vt 0 0
vt 1 0
vt 0 1
vt 1 1
vt 0 0
vt 1 0
vt 0 1
vt 1 1
vt 0 0
vt 1 0
vt 0 1
vt 1 1
vt 0 0
vt 1 0
vt 0 1
vt 1 1
vt 0 0
vt 1 0
vn 1 0 0
vn 1 0 0
vn 1 0 0
vn 1 0 0
vn -1 0 0
vn -1 0 0
vn -1 0 0
vn -1 0 0
vn 0 1 0
vn 0 1 0
vn 0 1 0
vn 0 1 0
vn 0 -1 0
vn 0 -1 0
vn 0 -1 0
vn 0 -1 0
vn 0 0 1
vn 0 0 1
vn 0 0 1
vn 0 0 1
vn 0 0 -1
vn 0 0 -1
vn 0 0 -1
vn 0 0 -1
f 2521/2521/2521 2523/2523/2523 2522/2522/2522
f 2523/2523/2523 2524/2524/2524 2522/2522/2522
f 2525/2525/2525 2527/2527/2527 2526/2526/2526
f 2527/2527/2527 2528/2528/2528 2526/2526/2526
f 2529/2529/2529 2531/2531/2531 2530/2530/2530
f 2531/2531/2531 2532/2532/2532 2530/2530/2530
f 2533/2533/2533 2535/2535/2535 2534/2534/2534
f 2535/2535/2535 2536/2536/2536 2534/2534/2534
f 2537/2537/2537 2539/2539/2539 2538/2538/2538
f 2539/2539/2539 2540/2540/2540 2538/2538/2538
f 2541/2541/2541 2543/2543/2543 2542/2542/2542
f 2543/2543/2543 2544/2544/2544 2542/2542/2542
o glass_0621
usemtl paleblue
v 1.324999988079071 13.700000023841858 3.04999999910593
v 1.324999988079071 13.700000023841858 2.9700000008940695
v 1.324999988079071 12.499999976158142 3.04999999910593
v 1.324999988079071 12.499999976158142 2.9700000008940695
v 0.17500001192092896 13.700000023841858 2.9700000008940695
v 0.17500001192092896 13.700000023841858 3.04999999910593
v 0.17500001192092896 12.499999976158142 2.9700000008940695
v 0.17500001192092896 12.499999976158142 3.04999999910593
v 0.17500001192092896 13.700000023841858 2.9700000008940695
v 1.324999988079071 13.700000023841858 2.9700000008940695
v 0.17500001192092896 13.700000023841858 3.04999999910593
v 1.324999988079071 13.700000023841858 3.04999999910593
v 0.17500001192092896 12.499999976158142 3.04999999910593
v 1.324999988079071 12.499999976158142 3.04999999910593
v 0.17500001192092896 12.499999976158142 2.9700000008940695
v 1.324999988079071 12.499999976158142 2.9700000008940695
v 0.17500001192092896 13.700000023841858 3.04999999910593
v 1.324999988079071 13.700000023841858 3.04999999910593
v 0.17500001192092896 12.499999976158142 3.04999999910593
v 1.324999988079071 12.499999976158142 3.04999999910593
v 1.324999988079071 13.700000023841858 2.9700000008940695
v 0.17500001192092896 13.700000023841858 2.9700000008940695
v 1.324999988079071 12.499999976158142 2.9700000008940695
v 0.17500001192092896 12.499999976158142 2.9700000008940695
vt 0 1
vt 1 1
vt 0 0
vt 1 0
vt 0 1
vt 1 1
vt 0 0
vt 1 0
vt 0 1
vt 1 1
vt 0 0
vt 1 0
vt 0 1
vt 1 1
vt 0 0
vt 1 0
vt 0 1
vt 1 1
vt 0 0
vt 1 0
vt 0 1
vt 1 1
vt 0 0
vt 1 0
vn 1 0 0
vn 1 0 0
vn 1 0 0
vn 1 0 0
vn -1 0 0
vn -1 0 0
vn -1 0 0
vn -1 0 0
vn 0 1 0
vn 0 1 0
vn 0 1 0
vn 0 1 0
vn 0 -1 0
vn 0 -1 0
vn 0 -1 0
vn 0 -1 0
vn 0 0 1
vn 0 0 1
vn 0 0 1
vn 0 0 1
vn 0 0 -1
vn 0 0 -1
vn 0 0 -1
vn 0 0 -1
f 2545/2545/2545 2547/2547/2547 2546/2546/2546
f 2547/2547/2547 2548/2548/2548 2546/2546/2546
f 2549/2549/2549 2551/2551/2551 2550/2550/2550
f 2551/2551/2551 2552/2552/2552 2550/2550/2550
f 2553/2553/2553 2555/2555/2555 2554/2554/2554
f 2555/2555/2555 2556/2556/2556 2554/2554/2554
f 2557/2557/2557 2559/2559/2559 2558/2558/2558
f 2559/2559/2559 2560/2560/2560 2558/2558/2558
f 2561/2561/2561 2563/2563/2563 2562/2562/2562
f 2563/2563/2563 2564/2564/2564 2562/2562/2562
f 2565/2565/2565 2567/2567/2567 2566/2566/2566
f 2567/2567/2567 2568/2568/2568 2566/2566/2566
o glass_s0621
usemtl paleblue
v 3.04999999910593 13.700000023841858 1.324999988079071
v 3.04999999910593 13.700000023841858 0.17500001192092896
v 3.04999999910593 12.499999976158142 1.324999988079071
v 3.04999999910593 12.499999976158142 0.17500001192092896
v 2.9700000008940695 13.700000023841858 0.17500001192092896
v 2.9700000008940695 13.700000023841858 1.324999988079071
v 2.9700000008940695 12.499999976158142 0.17500001192092896
v 2.9700000008940695 12.499999976158142 1.324999988079071
v 2.9700000008940695 13.700000023841858 0.17500001192092896
v 3.04999999910593 13.700000023841858 0.17500001192092896
v 2.9700000008940695 13.700000023841858 1.324999988079071
v 3.04999999910593 13.700000023841858 1.324999988079071
v 2.9700000008940695 12.499999976158142 1.324999988079071
v 3.04999999910593 12.499999976158142 1.324999988079071
v 2.9700000008940695 12.499999976158142 0.17500001192092896
v 3.04999999910593 12.499999976158142 0.17500001192092896
v 2.9700000008940695 13.700000023841858 1.324999988079071
v 3.04999999910593 13.700000023841858 1.324999988079071
v 2.9700000008940695 12.499999976158142 1.324999988079071
v 3.04999999910593 12.499999976158142 1.324999988079071
v 3.04999999910593 13.700000023841858 0.17500001192092896
v 2.9700000008940695 13.700000023841858 0.17500001192092896
v 3.04999999910593 12.499999976158142 0.17500001192092896
v 2.9700000008940695 12.499999976158142 0.17500001192092896
vt 0 1
vt 1 1
vt 0 0
vt 1 0
vt 0 1
vt 1 1
vt 0 0
vt 1 0
vt 0 1
vt 1 1
vt 0 0
vt 1 0
vt 0 1
vt 1 1
vt 0 0
vt 1 0
vt 0 1
vt 1 1
vt 0 0
vt 1 0
vt 0 1
vt 1 1
vt 0 0
vt 1 0
vn 1 0 0
vn 1 0 0
vn 1 0 0
vn 1 0 0
vn -1 0 0
vn -1 0 0
vn -1 0 0
vn -1 0 0
vn 0 1 0
vn 0 1 0
vn 0 1 0
vn 0 1 0
vn 0 -1 0
vn 0 -1 0
vn 0 -1 0
vn 0 -1 0
vn 0 0 1
vn 0 0 1
vn 0 0 1
vn 0 0 1
vn 0 0 -1
vn 0 0 -1
vn 0 0 -1
vn 0 0 -1
f 2569/2569/2569 2571/2571/2571 2570/2570/2570
f 2571/2571/2571 2572/2572/2572 2570/2570/2570
f 2573/2573/2573 2575/2575/2575 2574/2574/2574
f 2575/2575/2575 2576/2576/2576 2574/2574/2574
f 2577/2577/2577 2579/2579/2579 2578/2578/2578
f 2579/2579/2579 2580/2580/2580 2578/2578/2578
f 2581/2581/2581 2583/2583/2583 2582/2582/2582
f 2583/2583/2583 2584/2584/2584 2582/2582/2582
f 2585/2585/2585 2587/2587/2587 2586/2586/2586
f 2587/2587/2587 2588/2588/2588 2586/2586/2586
f 2589/2589/2589 2591/2591/2591 2590/2590/2590
f 2591/2591/2591 2592/2592/2592 2590/2590/2590
o glass_062-1
usemtl paleblue
v 1.324999988079071 13.700000023841858 -2.9700000008940695
v 1.324999988079071 13.700000023841858 -3.04999999910593
v 1.324999988079071 12.499999976158142 -2.9700000008940695
v 1.324999988079071 12.499999976158142 -3.04999999910593
v 0.17500001192092896 13.700000023841858 -3.04999999910593
v 0.17500001192092896 13.700000023841858 -2.9700000008940695
v 0.17500001192092896 12.499999976158142 -3.04999999910593
v 0.17500001192092896 12.499999976158142 -2.9700000008940695
v 0.17500001192092896 13.700000023841858 -3.04999999910593
v 1.324999988079071 13.700000023841858 -3.04999999910593
v 0.17500001192092896 13.700000023841858 -2.9700000008940695
v 1.324999988079071 13.700000023841858 -2.9700000008940695
v 0.17500001192092896 12.499999976158142 -2.9700000008940695
v 1.324999988079071 12.499999976158142 -2.9700000008940695
v 0.17500001192092896 12.499999976158142 -3.04999999910593
v 1.324999988079071 12.499999976158142 -3.04999999910593
v 0.17500001192092896 13.700000023841858 -2.9700000008940695
v 1.324999988079071 13.700000023841858 -2.9700000008940695
v 0.17500001192092896 12.499999976158142 -2.9700000008940695
v 1.324999988079071 12.499999976158142 -2.9700000008940695
v 1.324999988079071 13.700000023841858 -3.04999999910593
v 0.17500001192092896 13.700000023841858 -3.04999999910593
v 1.324999988079071 12.499999976158142 -3.04999999910593
v 0.17500001192092896 12.499999976158142 -3.04999999910593
vt 0 1
vt 1 1
vt 0 0
vt 1 0
vt 0 1
vt 1 1
vt 0 0
vt 1 0
vt 0 1
vt 1 1
vt 0 0
vt 1 0
vt 0 1
vt 1 1
vt 0 0
vt 1 0
vt 0 1
vt 1 1
vt 0 0
vt 1 0
vt 0 1
vt 1 1
vt 0 0
vt 1 0
vn 1 0 0
vn 1 0 0
vn 1 0 0
vn 1 0 0
vn -1 0 0
vn -1 0 0
vn -1 0 0
vn -1 0 0
vn 0 1 0
vn 0 1 0
vn 0 1 0
vn 0 1 0
vn 0 -1 0
vn 0 -1 0
vn 0 -1 0
vn 0 -1 0
vn 0 0 1
vn 0 0 1
vn 0 0 1
vn 0 0 1
vn 0 0 -1
vn 0 0 -1
vn 0 0 -1
vn 0 0 -1
f 2593/2593/2593 2595/2595/2595 2594/2594/2594
f 2595/2595/2595 2596/2596/2596 2594/2594/2594
f 2597/2597/2597 2599/2599/2599 2598/2598/2598
f 2599/2599/2599 2600/2600/2600 2598/2598/2598
f 2601/2601/2601 2603/2603/2603 2602/2602/2602
f 2603/2603/2603 2604/2604/2604 2602/2602/2602
f 2605/2605/2605 2607/2607/2607 2606/2606/2606
f 2607/2607/2607 2608/2608/2608 2606/2606/2606
f 2609/2609/2609 2611/2611/2611 2610/2610/2610
f 2611/2611/2611 2612/2612/2612 2610/2610/2610
f 2613/2613/2613 2615/2615/2615 2614/2614/2614
f 2615/2615/2615 2616/2616/2616 2614/2614/2614
o glass_s062-1
usemtl paleblue
v -2.9700000008940695 13.700000023841858 1.324999988079071
v -2.9700000008940695 13.700000023841858 0.17500001192092896
v -2.9700000008940695 12.499999976158142 1.324999988079071
v -2.9700000008940695 12.499999976158142 0.17500001192092896
v -3.04999999910593 13.700000023841858 0.17500001192092896
v -3.04999999910593 13.700000023841858 1.324999988079071
v -3.04999999910593 12.499999976158142 0.17500001192092896
v -3.04999999910593 12.499999976158142 1.324999988079071
v -3.04999999910593 13.700000023841858 0.17500001192092896
v -2.9700000008940695 13.700000023841858 0.17500001192092896
v -3.04999999910593 13.700000023841858 1.324999988079071
v -2.9700000008940695 13.700000023841858 1.324999988079071
v -3.04999999910593 12.499999976158142 1.324999988079071
v -2.9700000008940695 12.499999976158142 1.324999988079071
v -3.04999999910593 12.499999976158142 0.17500001192092896
v -2.9700000008940695 12.499999976158142 0.17500001192092896
v -3.04999999910593 13.700000023841858 1.324999988079071
v -2.9700000008940695 13.700000023841858 1.324999988079071
v -3.04999999910593 12.499999976158142 1.324999988079071
v -2.9700000008940695 12.499999976158142 1.324999988079071
v -2.9700000008940695 13.700000023841858 0.17500001192092896
v -3.04999999910593 13.700000023841858 0.17500001192092896
v -2.9700000008940695 12.499999976158142 0.17500001192092896
v -3.04999999910593 12.499999976158142 0.17500001192092896
vt 0 1
vt 1 1
vt 0 0
vt 1 0
vt 0 1
vt 1 1
vt 0 0
vt 1 0
vt 0 1
vt 1 1
vt 0 0
vt 1 0
vt 0 1
vt 1 1
vt 0 0
vt 1 0
vt 0 1
vt 1 1
vt 0 0
vt 1 0
vt 0 1
vt 1 1
vt 0 0
vt 1 0
vn 1 0 0
vn 1 0 0
vn 1 0 0
vn 1 0 0
vn -1 0 0
vn -1 0 0
vn -1 0 0
vn -1 0 0
vn 0 1 0
vn 0 1 0
vn 0 1 0
vn 0 1 0
vn 0 -1 0
vn 0 -1 0
vn 0 -1 0
vn 0 -1 0
vn 0 0 1
vn 0 0 1
vn 0 0 1
vn 0 0 1
vn 0 0 -1
vn 0 0 -1
vn 0 0 -1
vn 0 0 -1
f 2617/2617/2617 2619/2619/2619 2618/2618/2618
f 2619/2619/2619 2620/2620/2620 2618/2618/2618
f 2621/2621/2621 2623/2623/2623 2622/2622/2622
f 2623/2623/2623 2624/2624/2624 2622/2622/2622
f 2625/2625/2625 2627/2627/2627 2626/2626/2626
f 2627/2627/2627 2628/2628/2628 2626/2626/2626
f 2629/2629/2629 2631/2631/2631 2630/2630/2630
f 2631/2631/2631 2632/2632/2632 2630/2630/2630
f 2633/2633/2633 2635/2635/2635 2634/2634/2634
f 2635/2635/2635 2636/2636/2636 2634/2634/2634
f 2637/2637/2637 2639/2639/2639 2638/2638/2638
f 2639/2639/2639 2640/2640/2640 2638/2638/2638
o glass_0631
usemtl paleblue
v 2.824999988079071 13.700000023841858 3.04999999910593
v 2.824999988079071 13.700000023841858 2.9700000008940695
v 2.824999988079071 12.499999976158142 3.04999999910593
v 2.824999988079071 12.499999976158142 2.9700000008940695
v 1.675000011920929 13.700000023841858 2.9700000008940695
v 1.675000011920929 13.700000023841858 3.04999999910593
v 1.675000011920929 12.499999976158142 2.9700000008940695
v 1.675000011920929 12.499999976158142 3.04999999910593
v 1.675000011920929 13.700000023841858 2.9700000008940695
v 2.824999988079071 13.700000023841858 2.9700000008940695
v 1.675000011920929 13.700000023841858 3.04999999910593
v 2.824999988079071 13.700000023841858 3.04999999910593
v 1.675000011920929 12.499999976158142 3.04999999910593
v 2.824999988079071 12.499999976158142 3.04999999910593
v 1.675000011920929 12.499999976158142 2.9700000008940695
v 2.824999988079071 12.499999976158142 2.9700000008940695
v 1.675000011920929 13.700000023841858 3.04999999910593
v 2.824999988079071 13.700000023841858 3.04999999910593
v 1.675000011920929 12.499999976158142 3.04999999910593
v 2.824999988079071 12.499999976158142 3.04999999910593
v 2.824999988079071 13.700000023841858 2.9700000008940695
v 1.675000011920929 13.700000023841858 2.9700000008940695
v 2.824999988079071 12.499999976158142 2.9700000008940695
v 1.675000011920929 12.499999976158142 2.9700000008940695
vt 0 1
vt 1 1
vt 0 0
vt 1 0
vt 0 1
vt 1 1
vt 0 0
vt 1 0
vt 0 1
vt 1 1
vt 0 0
vt 1 0
vt 0 1
vt 1 1
vt 0 0
vt 1 0
vt 0 1
vt 1 1
vt 0 0
vt 1 0
vt 0 1
vt 1 1
vt 0 0
vt 1 0
vn 1 0 0
vn 1 0 0
vn 1 0 0
vn 1 0 0
vn -1 0 0
vn -1 0 0
vn -1 0 0
vn -1 0 0
vn 0 1 0
vn 0 1 0
vn 0 1 0
vn 0 1 0
vn 0 -1 0
vn 0 -1 0
vn 0 -1 0
vn 0 -1 0
vn 0 0 1
vn 0 0 1
vn 0 0 1
vn 0 0 1
vn 0 0 -1
vn 0 0 -1
vn 0 0 -1
vn 0 0 -1
f 2641/2641/2641 2643/2643/2643 2642/2642/2642
f 2643/2643/2643 2644/2644/2644 2642/2642/2642
f 2645/2645/2645 2647/2647/2647 2646/2646/2646
f 2647/2647/2647 2648/2648/2648 2646/2646/2646
f 2649/2649/2649 2651/2651/2651 2650/2650/2650
f 2651/2651/2651 2652/2652/2652 2650/2650/2650
f 2653/2653/2653 2655/2655/2655 2654/2654/2654
f 2655/2655/2655 2656/2656/2656 2654/2654/2654
f 2657/2657/2657 2659/2659/2659 2658/2658/2658
f 2659/2659/2659 2660/2660/2660 2658/2658/2658
f 2661/2661/2661 2663/2663/2663 2662/2662/2662
f 2663/2663/2663 2664/2664/2664 2662/2662/2662
o glass_s0631
usemtl paleblue
v 3.04999999910593 13.700000023841858 2.824999988079071
v 3.04999999910593 13.700000023841858 1.675000011920929
v 3.04999999910593 12.499999976158142 2.824999988079071
v 3.04999999910593 12.499999976158142 1.675000011920929
v 2.9700000008940695 13.700000023841858 1.675000011920929
v 2.9700000008940695 13.700000023841858 2.824999988079071
v 2.9700000008940695 12.499999976158142 1.675000011920929
v 2.9700000008940695 12.499999976158142 2.824999988079071
v 2.9700000008940695 13.700000023841858 1.675000011920929
v 3.04999999910593 13.700000023841858 1.675000011920929
v 2.9700000008940695 13.700000023841858 2.824999988079071
v 3.04999999910593 13.700000023841858 2.824999988079071
v 2.9700000008940695 12.499999976158142 2.824999988079071
v 3.04999999910593 12.499999976158142 2.824999988079071
v 2.9700000008940695 12.499999976158142 1.675000011920929
v 3.04999999910593 12.499999976158142 1.675000011920929
v 2.9700000008940695 13.700000023841858 2.824999988079071
v 3.04999999910593 13.700000023841858 2.824999988079071
v 2.9700000008940695 12.499999976158142 2.824999988079071
v 3.04999999910593 12.499999976158142 2.824999988079071
v 3.04999999910593 13.700000023841858 1.675000011920929
v 2.9700000008940695 13.700000023841858 1.675000011920929
v 3.04999999910593 12.499999976158142 1.675000011920929
v 2.9700000008940695 12.499999976158142 1.675000011920929
vt 0 1
vt 1 1
vt 0 0
vt 1 0
vt 0 1
vt 1 1
vt 0 0
vt 1 0
vt 0 1
vt 1 1
vt 0 0
vt 1 0
vt 0 1
vt 1 1
vt 0 0
vt 1 0
vt 0 1
vt 1 1
vt 0 0
vt 1 0
vt 0 1
vt 1 1
vt 0 0
vt 1 0
vn 1 0 0
vn 1 0 0
vn 1 0 0
vn 1 0 0
vn -1 0 0
vn -1 0 0
vn -1 0 0
vn -1 0 0
vn 0 1 0
vn 0 1 0
vn 0 1 0
vn 0 1 0
vn 0 -1 0
vn 0 -1 0
vn 0 -1 0
vn 0 -1 0
vn 0 0 1
vn 0 0 1
vn 0 0 1
vn 0 0 1
vn 0 0 -1
vn 0 0 -1
vn 0 0 -1
vn 0 0 -1
f 2665/2665/2665 2667/2667/2667 2666/2666/2666
f 2667/2667/2667 2668/2668/2668 2666/2666/2666
f 2669/2669/2669 2671/2671/2671 2670/2670/2670
f 2671/2671/2671 2672/2672/2672 2670/2670/2670
f 2673/2673/2673 2675/2675/2675 2674/2674/2674
f 2675/2675/2675 2676/2676/2676 2674/2674/2674
f 2677/2677/2677 2679/2679/2679 2678/2678/2678
f 2679/2679/2679 2680/2680/2680 2678/2678/2678
f 2681/2681/2681 2683/2683/2683 2682/2682/2682
f 2683/2683/2683 2684/2684/2684 2682/2682/2682
f 2685/2685/2685 2687/2687/2687 2686/2686/2686
f 2687/2687/2687 2688/2688/2688 2686/2686/2686
o glass_063-1
usemtl paleblue
v 2.824999988079071 13.700000023841858 -2.9700000008940695
v 2.824999988079071 13.700000023841858 -3.04999999910593
v 2.824999988079071 12.499999976158142 -2.9700000008940695
v 2.824999988079071 12.499999976158142 -3.04999999910593
v 1.675000011920929 13.700000023841858 -3.04999999910593
v 1.675000011920929 13.700000023841858 -2.9700000008940695
v 1.675000011920929 12.499999976158142 -3.04999999910593
v 1.675000011920929 12.499999976158142 -2.9700000008940695
v 1.675000011920929 13.700000023841858 -3.04999999910593
v 2.824999988079071 13.700000023841858 -3.04999999910593
v 1.675000011920929 13.700000023841858 -2.9700000008940695
v 2.824999988079071 13.700000023841858 -2.9700000008940695
v 1.675000011920929 12.499999976158142 -2.9700000008940695
v 2.824999988079071 12.499999976158142 -2.9700000008940695
v 1.675000011920929 12.499999976158142 -3.04999999910593
v 2.824999988079071 12.499999976158142 -3.04999999910593
v 1.675000011920929 13.700000023841858 -2.9700000008940695
v 2.824999988079071 13.700000023841858 -2.9700000008940695
v 1.675000011920929 12.499999976158142 -2.9700000008940695
v 2.824999988079071 12.499999976158142 -2.9700000008940695
v 2.824999988079071 13.700000023841858 -3.04999999910593
v 1.675000011920929 13.700000023841858 -3.04999999910593
v 2.824999988079071 12.499999976158142 -3.04999999910593
v 1.675000011920929 12.499999976158142 -3.04999999910593
vt 0 1
vt 1 1
vt 0 0
vt 1 0
vt 0 1
vt 1 1
vt 0 0
vt 1 0
vt 0 1
vt 1 1
vt 0 0
vt 1 0
vt 0 1
vt 1 1
vt 0 0
vt 1 0
vt 0 1
vt 1 1
vt 0 0
vt 1 0
vt 0 1
vt 1 1
vt 0 0
vt 1 0
vn 1 0 0
vn 1 0 0
vn 1 0 0
vn 1 0 0
vn -1 0 0
vn -1 0 0
vn -1 0 0
vn -1 0 0
vn 0 1 0
vn 0 1 0
vn 0 1 0
vn 0 1 0
vn 0 -1 0
vn 0 -1 0
vn 0 -1 0
vn 0 -1 0
vn 0 0 1
vn 0 0 1
vn 0 0 1
vn 0 0 1
vn 0 0 -1
vn 0 0 -1
vn 0 0 -1
vn 0 0 -1
f 2689/2689/2689 2691/2691/2691 2690/2690/2690
f 2691/2691/2691 2692/2692/2692 2690/2690/2690
f 2693/2693/2693 2695/2695/2695 2694/2694/2694
f 2695/2695/2695 2696/2696/2696 2694/2694/2694
f 2697/2697/2697 2699/2699/2699 2698/2698/2698
f 2699/2699/2699 2700/2700/2700 2698/2698/2698
f 2701/2701/2701 2703/2703/2703 2702/2702/2702
f 2703/2703/2703 2704/2704/2704 2702/2702/2702
f 2705/2705/2705 2707/2707/2707 2706/2706/2706
f 2707/2707/2707 2708/2708/2708 2706/2706/2706
f 2709/2709/2709 2711/2711/2711 2710/2710/2710
f 2711/2711/2711 2712/2712/2712 2710/2710/2710
o glass_s063-1
usemtl paleblue
v -2.9700000008940695 13.700000023841858 2.824999988079071
v -2.9700000008940695 13.700000023841858 1.675000011920929
v -2.9700000008940695 12.499999976158142 2.824999988079071
v -2.9700000008940695 12.499999976158142 1.675000011920929
v -3.04999999910593 13.700000023841858 1.675000011920929
v -3.04999999910593 13.700000023841858 2.824999988079071
v -3.04999999910593 12.499999976158142 1.675000011920929
v -3.04999999910593 12.499999976158142 2.824999988079071
v -3.04999999910593 13.700000023841858 1.675000011920929
v -2.9700000008940695 13.700000023841858 1.675000011920929
v -3.04999999910593 13.700000023841858 2.824999988079071
v -2.9700000008940695 13.700000023841858 2.824999988079071
v -3.04999999910593 12.499999976158142 2.824999988079071
v -2.9700000008940695 12.499999976158142 2.824999988079071
v -3.04999999910593 12.499999976158142 1.675000011920929
v -2.9700000008940695 12.499999976158142 1.675000011920929
v -3.04999999910593 13.700000023841858 2.824999988079071
v -2.9700000008940695 13.700000023841858 2.824999988079071
v -3.04999999910593 12.499999976158142 2.824999988079071
v -2.9700000008940695 12.499999976158142 2.824999988079071
v -2.9700000008940695 13.700000023841858 1.675000011920929
v -3.04999999910593 13.700000023841858 1.675000011920929
v -2.9700000008940695 12.499999976158142 1.675000011920929
v -3.04999999910593 12.499999976158142 1.675000011920929
vt 0 1
vt 1 1
vt 0 0
vt 1 0
vt 0 1
vt 1 1
vt 0 0
vt 1 0
vt 0 1
vt 1 1
vt 0 0
vt 1 0
vt 0 1
vt 1 1
vt 0 0
vt 1 0
vt 0 1
vt 1 1
vt 0 0
vt 1 0
vt 0 1
vt 1 1
vt 0 0
vt 1 0
vn 1 0 0
vn 1 0 0
vn 1 0 0
vn 1 0 0
vn -1 0 0
vn -1 0 0
vn -1 0 0
vn -1 0 0
vn 0 1 0
vn 0 1 0
vn 0 1 0
vn 0 1 0
vn 0 -1 0
vn 0 -1 0
vn 0 -1 0
vn 0 -1 0
vn 0 0 1
vn 0 0 1
vn 0 0 1
vn 0 0 1
vn 0 0 -1
vn 0 0 -1
vn 0 0 -1
vn 0 0 -1
f 2713/2713/2713 2715/2715/2715 2714/2714/2714
f 2715/2715/2715 2716/2716/2716 2714/2714/2714
f 2717/2717/2717 2719/2719/2719 2718/2718/2718
f 2719/2719/2719 2720/2720/2720 2718/2718/2718
f 2721/2721/2721 2723/2723/2723 2722/2722/2722
f 2723/2723/2723 2724/2724/2724 2722/2722/2722
f 2725/2725/2725 2727/2727/2727 2726/2726/2726
f 2727/2727/2727 2728/2728/2728 2726/2726/2726
f 2729/2729/2729 2731/2731/2731 2730/2730/2730
f 2731/2731/2731 2732/2732/2732 2730/2730/2730
f 2733/2733/2733 2735/2735/2735 2734/2734/2734
f 2735/2735/2735 2736/2736/2736 2734/2734/2734
o tier_1
usemtl cream
v 2.299999952316284 22.2 2.299999952316284
v 2.299999952316284 22.2 -2.299999952316284
v 2.299999952316284 14.2 2.299999952316284
v 2.299999952316284 14.2 -2.299999952316284
v -2.299999952316284 22.2 -2.299999952316284
v -2.299999952316284 22.2 2.299999952316284
v -2.299999952316284 14.2 -2.299999952316284
v -2.299999952316284 14.2 2.299999952316284
v -2.299999952316284 22.2 -2.299999952316284
v 2.299999952316284 22.2 -2.299999952316284
v -2.299999952316284 22.2 2.299999952316284
v 2.299999952316284 22.2 2.299999952316284
v -2.299999952316284 14.2 2.299999952316284
v 2.299999952316284 14.2 2.299999952316284
v -2.299999952316284 14.2 -2.299999952316284
v 2.299999952316284 14.2 -2.299999952316284
v -2.299999952316284 22.2 2.299999952316284
v 2.299999952316284 22.2 2.299999952316284
v -2.299999952316284 14.2 2.299999952316284
v 2.299999952316284 14.2 2.299999952316284
v 2.299999952316284 22.2 -2.299999952316284
v -2.299999952316284 22.2 -2.299999952316284
v 2.299999952316284 14.2 -2.299999952316284
v -2.299999952316284 14.2 -2.299999952316284
vt 0 1
vt 1 1
vt 0 0
vt 1 0
vt 0 1
vt 1 1
vt 0 0
vt 1 0
vt 0 1
vt 1 1
vt 0 0
vt 1 0
vt 0 1
vt 1 1
vt 0 0
vt 1 0
vt 0 1
vt 1 1
vt 0 0
vt 1 0
vt 0 1
vt 1 1
vt 0 0
vt 1 0
vn 1 0 0
vn 1 0 0
vn 1 0 0
vn 1 0 0
vn -1 0 0
vn -1 0 0
vn -1 0 0
vn -1 0 0
vn 0 1 0
vn 0 1 0
vn 0 1 0
vn 0 1 0
vn 0 -1 0
vn 0 -1 0
vn 0 -1 0
vn 0 -1 0
vn 0 0 1
vn 0 0 1
vn 0 0 1
vn 0 0 1
vn 0 0 -1
vn 0 0 -1
vn 0 0 -1
vn 0 0 -1
f 2737/2737/2737 2739/2739/2739 2738/2738/2738
f 2739/2739/2739 2740/2740/2740 2738/2738/2738
f 2741/2741/2741 2743/2743/2743 2742/2742/2742
f 2743/2743/2743 2744/2744/2744 2742/2742/2742
f 2745/2745/2745 2747/2747/2747 2746/2746/2746
f 2747/2747/2747 2748/2748/2748 2746/2746/2746
f 2749/2749/2749 2751/2751/2751 2750/2750/2750
f 2751/2751/2751 2752/2752/2752 2750/2750/2750
f 2753/2753/2753 2755/2755/2755 2754/2754/2754
f 2755/2755/2755 2756/2756/2756 2754/2754/2754
f 2757/2757/2757 2759/2759/2759 2758/2758/2758
f 2759/2759/2759 2760/2760/2760 2758/2758/2758
o tier_cap_1
usemtl silver
v 2.5 22.500000002980233 2.5
v 2.5 22.500000002980233 -2.5
v 2.5 22.09999999701977 2.5
v 2.5 22.09999999701977 -2.5
v -2.5 22.500000002980233 -2.5
v -2.5 22.500000002980233 2.5
v -2.5 22.09999999701977 -2.5
v -2.5 22.09999999701977 2.5
v -2.5 22.500000002980233 -2.5
v 2.5 22.500000002980233 -2.5
v -2.5 22.500000002980233 2.5
v 2.5 22.500000002980233 2.5
v -2.5 22.09999999701977 2.5
v 2.5 22.09999999701977 2.5
v -2.5 22.09999999701977 -2.5
v 2.5 22.09999999701977 -2.5
v -2.5 22.500000002980233 2.5
v 2.5 22.500000002980233 2.5
v -2.5 22.09999999701977 2.5
v 2.5 22.09999999701977 2.5
v 2.5 22.500000002980233 -2.5
v -2.5 22.500000002980233 -2.5
v 2.5 22.09999999701977 -2.5
v -2.5 22.09999999701977 -2.5
vt 0 1
vt 1 1
vt 0 0
vt 1 0
vt 0 1
vt 1 1
vt 0 0
vt 1 0
vt 0 1
vt 1 1
vt 0 0
vt 1 0
vt 0 1
vt 1 1
vt 0 0
vt 1 0
vt 0 1
vt 1 1
vt 0 0
vt 1 0
vt 0 1
vt 1 1
vt 0 0
vt 1 0
vn 1 0 0
vn 1 0 0
vn 1 0 0
vn 1 0 0
vn -1 0 0
vn -1 0 0
vn -1 0 0
vn -1 0 0
vn 0 1 0
vn 0 1 0
vn 0 1 0
vn 0 1 0
vn 0 -1 0
vn 0 -1 0
vn 0 -1 0
vn 0 -1 0
vn 0 0 1
vn 0 0 1
vn 0 0 1
vn 0 0 1
vn 0 0 -1
vn 0 0 -1
vn 0 0 -1
vn 0 0 -1
f 2761/2761/2761 2763/2763/2763 2762/2762/2762
f 2763/2763/2763 2764/2764/2764 2762/2762/2762
f 2765/2765/2765 2767/2767/2767 2766/2766/2766
f 2767/2767/2767 2768/2768/2768 2766/2766/2766
f 2769/2769/2769 2771/2771/2771 2770/2770/2770
f 2771/2771/2771 2772/2772/2772 2770/2770/2770
f 2773/2773/2773 2775/2775/2775 2774/2774/2774
f 2775/2775/2775 2776/2776/2776 2774/2774/2774
f 2777/2777/2777 2779/2779/2779 2778/2778/2778
f 2779/2779/2779 2780/2780/2780 2778/2778/2778
f 2781/2781/2781 2783/2783/2783 2782/2782/2782
f 2783/2783/2783 2784/2784/2784 2782/2782/2782
o glass_1001
usemtl paleblue
v -0.9416666944821674 15.900000023841857 2.34999999910593
v -0.9416666944821674 15.900000023841857 2.2700000008940693
v -0.9416666944821674 14.699999976158141 2.34999999910593
v -0.9416666944821674 14.699999976158141 2.2700000008940693
v -2.124999972184499 15.900000023841857 2.2700000008940693
v -2.124999972184499 15.900000023841857 2.34999999910593
v -2.124999972184499 14.699999976158141 2.2700000008940693
v -2.124999972184499 14.699999976158141 2.34999999910593
v -2.124999972184499 15.900000023841857 2.2700000008940693
v -0.9416666944821674 15.900000023841857 2.2700000008940693
v -2.124999972184499 15.900000023841857 2.34999999910593
v -0.9416666944821674 15.900000023841857 2.34999999910593
v -2.124999972184499 14.699999976158141 2.34999999910593
v -0.9416666944821674 14.699999976158141 2.34999999910593
v -2.124999972184499 14.699999976158141 2.2700000008940693
v -0.9416666944821674 14.699999976158141 2.2700000008940693
v -2.124999972184499 15.900000023841857 2.34999999910593
v -0.9416666944821674 15.900000023841857 2.34999999910593
v -2.124999972184499 14.699999976158141 2.34999999910593
v -0.9416666944821674 14.699999976158141 2.34999999910593
v -0.9416666944821674 15.900000023841857 2.2700000008940693
v -2.124999972184499 15.900000023841857 2.2700000008940693
v -0.9416666944821674 14.699999976158141 2.2700000008940693
v -2.124999972184499 14.699999976158141 2.2700000008940693
vt 0 1
vt 1 1
vt 0 0
vt 1 0
vt 0 1
vt 1 1
vt 0 0
vt 1 0
vt 0 1
vt 1 1
vt 0 0
vt 1 0
vt 0 1
vt 1 1
vt 0 0
vt 1 0
vt 0 1
vt 1 1
vt 0 0
vt 1 0
vt 0 1
vt 1 1
vt 0 0
vt 1 0
vn 1 0 0
vn 1 0 0
vn 1 0 0
vn 1 0 0
vn -1 0 0
vn -1 0 0
vn -1 0 0
vn -1 0 0
vn 0 1 0
vn 0 1 0
vn 0 1 0
vn 0 1 0
vn 0 -1 0
vn 0 -1 0
vn 0 -1 0
vn 0 -1 0
vn 0 0 1
vn 0 0 1
vn 0 0 1
vn 0 0 1
vn 0 0 -1
vn 0 0 -1
vn 0 0 -1
vn 0 0 -1
f 2785/2785/2785 2787/2787/2787 2786/2786/2786
f 2787/2787/2787 2788/2788/2788 2786/2786/2786
f 2789/2789/2789 2791/2791/2791 2790/2790/2790
f 2791/2791/2791 2792/2792/2792 2790/2790/2790
f 2793/2793/2793 2795/2795/2795 2794/2794/2794
f 2795/2795/2795 2796/2796/2796 2794/2794/2794
f 2797/2797/2797 2799/2799/2799 2798/2798/2798
f 2799/2799/2799 2800/2800/2800 2798/2798/2798
f 2801/2801/2801 2803/2803/2803 2802/2802/2802
f 2803/2803/2803 2804/2804/2804 2802/2802/2802
f 2805/2805/2805 2807/2807/2807 2806/2806/2806
f 2807/2807/2807 2808/2808/2808 2806/2806/2806
o glass_s1001
usemtl paleblue
v 2.34999999910593 15.900000023841857 -0.9416666944821674
v 2.34999999910593 15.900000023841857 -2.124999972184499
v 2.34999999910593 14.699999976158141 -0.9416666944821674
v 2.34999999910593 14.699999976158141 -2.124999972184499
v 2.2700000008940693 15.900000023841857 -2.124999972184499
v 2.2700000008940693 15.900000023841857 -0.9416666944821674
v 2.2700000008940693 14.699999976158141 -2.124999972184499
v 2.2700000008940693 14.699999976158141 -0.9416666944821674
v 2.2700000008940693 15.900000023841857 -2.124999972184499
v 2.34999999910593 15.900000023841857 -2.124999972184499
v 2.2700000008940693 15.900000023841857 -0.9416666944821674
v 2.34999999910593 15.900000023841857 -0.9416666944821674
v 2.2700000008940693 14.699999976158141 -0.9416666944821674
v 2.34999999910593 14.699999976158141 -0.9416666944821674
v 2.2700000008940693 14.699999976158141 -2.124999972184499
v 2.34999999910593 14.699999976158141 -2.124999972184499
v 2.2700000008940693 15.900000023841857 -0.9416666944821674
v 2.34999999910593 15.900000023841857 -0.9416666944821674
v 2.2700000008940693 14.699999976158141 -0.9416666944821674
v 2.34999999910593 14.699999976158141 -0.9416666944821674
v 2.34999999910593 15.900000023841857 -2.124999972184499
v 2.2700000008940693 15.900000023841857 -2.124999972184499
v 2.34999999910593 14.699999976158141 -2.124999972184499
v 2.2700000008940693 14.699999976158141 -2.124999972184499
vt 0 1
vt 1 1
vt 0 0
vt 1 0
vt 0 1
vt 1 1
vt 0 0
vt 1 0
vt 0 1
vt 1 1
vt 0 0
vt 1 0
vt 0 1
vt 1 1
vt 0 0
vt 1 0
vt 0 1
vt 1 1
vt 0 0
vt 1 0
vt 0 1
vt 1 1
vt 0 0
vt 1 0
vn 1 0 0
vn 1 0 0
vn 1 0 0
vn 1 0 0
vn -1 0 0
vn -1 0 0
vn -1 0 0
vn -1 0 0
vn 0 1 0
vn 0 1 0
vn 0 1 0
vn 0 1 0
vn 0 -1 0
vn 0 -1 0
vn 0 -1 0
vn 0 -1 0
vn 0 0 1
vn 0 0 1
vn 0 0 1
vn 0 0 1
vn 0 0 -1
vn 0 0 -1
vn 0 0 -1
vn 0 0 -1
f 2809/2809/2809 2811/2811/2811 2810/2810/2810
f 2811/2811/2811 2812/2812/2812 2810/2810/2810
f 2813/2813/2813 2815/2815/2815 2814/2814/2814
f 2815/2815/2815 2816/2816/2816 2814/2814/2814
f 2817/2817/2817 2819/2819/2819 2818/2818/2818
f 2819/2819/2819 2820/2820/2820 2818/2818/2818
f 2821/2821/2821 2823/2823/2823 2822/2822/2822
f 2823/2823/2823 2824/2824/2824 2822/2822/2822
f 2825/2825/2825 2827/2827/2827 2826/2826/2826
f 2827/2827/2827 2828/2828/2828 2826/2826/2826
f 2829/2829/2829 2831/2831/2831 2830/2830/2830
f 2831/2831/2831 2832/2832/2832 2830/2830/2830
o glass_100-1
usemtl paleblue
v -0.9416666944821674 15.900000023841857 -2.2700000008940693
v -0.9416666944821674 15.900000023841857 -2.34999999910593
v -0.9416666944821674 14.699999976158141 -2.2700000008940693
v -0.9416666944821674 14.699999976158141 -2.34999999910593
v -2.124999972184499 15.900000023841857 -2.34999999910593
v -2.124999972184499 15.900000023841857 -2.2700000008940693
v -2.124999972184499 14.699999976158141 -2.34999999910593
v -2.124999972184499 14.699999976158141 -2.2700000008940693
v -2.124999972184499 15.900000023841857 -2.34999999910593
v -0.9416666944821674 15.900000023841857 -2.34999999910593
v -2.124999972184499 15.900000023841857 -2.2700000008940693
v -0.9416666944821674 15.900000023841857 -2.2700000008940693
v -2.124999972184499 14.699999976158141 -2.2700000008940693
v -0.9416666944821674 14.699999976158141 -2.2700000008940693
v -2.124999972184499 14.699999976158141 -2.34999999910593
v -0.9416666944821674 14.699999976158141 -2.34999999910593
v -2.124999972184499 15.900000023841857 -2.2700000008940693
v -0.9416666944821674 15.900000023841857 -2.2700000008940693
v -2.124999972184499 14.699999976158141 -2.2700000008940693
v -0.9416666944821674 14.699999976158141 -2.2700000008940693
v -0.9416666944821674 15.900000023841857 -2.34999999910593
v -2.124999972184499 15.900000023841857 -2.34999999910593
v -0.9416666944821674 14.699999976158141 -2.34999999910593
v -2.124999972184499 14.699999976158141 -2.34999999910593
vt 0 1
vt 1 1
vt 0 0
vt 1 0
vt 0 1
vt 1 1
vt 0 0
vt 1 0
vt 0 1
vt 1 1
vt 0 0
vt 1 0
vt 0 1
vt 1 1
vt 0 0
vt 1 0
vt 0 1
vt 1 1
vt 0 0
vt 1 0
vt 0 1
vt 1 1
vt 0 0
vt 1 0
vn 1 0 0
vn 1 0 0
vn 1 0 0
vn 1 0 0
vn -1 0 0
vn -1 0 0
vn -1 0 0
vn -1 0 0
vn 0 1 0
vn 0 1 0
vn 0 1 0
vn 0 1 0
vn 0 -1 0
vn 0 -1 0
vn 0 -1 0
vn 0 -1 0
vn 0 0 1
vn 0 0 1
vn 0 0 1
vn 0 0 1
vn 0 0 -1
vn 0 0 -1
vn 0 0 -1
vn 0 0 -1
f 2833/2833/2833 2835/2835/2835 2834/2834/2834
f 2835/2835/2835 2836/2836/2836 2834/2834/2834
f 2837/2837/2837 2839/2839/2839 2838/2838/2838
f 2839/2839/2839 2840/2840/2840 2838/2838/2838
f 2841/2841/2841 2843/2843/2843 2842/2842/2842
f 2843/2843/2843 2844/2844/2844 2842/2842/2842
f 2845/2845/2845 2847/2847/2847 2846/2846/2846
f 2847/2847/2847 2848/2848/2848 2846/2846/2846
f 2849/2849/2849 2851/2851/2851 2850/2850/2850
f 2851/2851/2851 2852/2852/2852 2850/2850/2850
f 2853/2853/2853 2855/2855/2855 2854/2854/2854
f 2855/2855/2855 2856/2856/2856 2854/2854/2854
o glass_s100-1
usemtl paleblue
v -2.2700000008940693 15.900000023841857 -0.9416666944821674
v -2.2700000008940693 15.900000023841857 -2.124999972184499
v -2.2700000008940693 14.699999976158141 -0.9416666944821674
v -2.2700000008940693 14.699999976158141 -2.124999972184499
v -2.34999999910593 15.900000023841857 -2.124999972184499
v -2.34999999910593 15.900000023841857 -0.9416666944821674
v -2.34999999910593 14.699999976158141 -2.124999972184499
v -2.34999999910593 14.699999976158141 -0.9416666944821674
v -2.34999999910593 15.900000023841857 -2.124999972184499
v -2.2700000008940693 15.900000023841857 -2.124999972184499
v -2.34999999910593 15.900000023841857 -0.9416666944821674
v -2.2700000008940693 15.900000023841857 -0.9416666944821674
v -2.34999999910593 14.699999976158141 -0.9416666944821674
v -2.2700000008940693 14.699999976158141 -0.9416666944821674
v -2.34999999910593 14.699999976158141 -2.124999972184499
v -2.2700000008940693 14.699999976158141 -2.124999972184499
v -2.34999999910593 15.900000023841857 -0.9416666944821674
v -2.2700000008940693 15.900000023841857 -0.9416666944821674
v -2.34999999910593 14.699999976158141 -0.9416666944821674
v -2.2700000008940693 14.699999976158141 -0.9416666944821674
v -2.2700000008940693 15.900000023841857 -2.124999972184499
v -2.34999999910593 15.900000023841857 -2.124999972184499
v -2.2700000008940693 14.699999976158141 -2.124999972184499
v -2.34999999910593 14.699999976158141 -2.124999972184499
vt 0 1
vt 1 1
vt 0 0
vt 1 0
vt 0 1
vt 1 1
vt 0 0
vt 1 0
vt 0 1
vt 1 1
vt 0 0
vt 1 0
vt 0 1
vt 1 1
vt 0 0
vt 1 0
vt 0 1
vt 1 1
vt 0 0
vt 1 0
vt 0 1
vt 1 1
vt 0 0
vt 1 0
vn 1 0 0
vn 1 0 0
vn 1 0 0
vn 1 0 0
vn -1 0 0
vn -1 0 0
vn -1 0 0
vn -1 0 0
vn 0 1 0
vn 0 1 0
vn 0 1 0
vn 0 1 0
vn 0 -1 0
vn 0 -1 0
vn 0 -1 0
vn 0 -1 0
vn 0 0 1
vn 0 0 1
vn 0 0 1
vn 0 0 1
vn 0 0 -1
vn 0 0 -1
vn 0 0 -1
vn 0 0 -1
f 2857/2857/2857 2859/2859/2859 2858/2858/2858
f 2859/2859/2859 2860/2860/2860 2858/2858/2858
f 2861/2861/2861 2863/2863/2863 2862/2862/2862
f 2863/2863/2863 2864/2864/2864 2862/2862/2862
f 2865/2865/2865 2867/2867/2867 2866/2866/2866
f 2867/2867/2867 2868/2868/2868 2866/2866/2866
f 2869/2869/2869 2871/2871/2871 2870/2870/2870
f 2871/2871/2871 2872/2872/2872 2870/2870/2870
f 2873/2873/2873 2875/2875/2875 2874/2874/2874
f 2875/2875/2875 2876/2876/2876 2874/2874/2874
f 2877/2877/2877 2879/2879/2879 2878/2878/2878
f 2879/2879/2879 2880/2880/2880 2878/2878/2878
o glass_1011
usemtl paleblue
v 0.5916666388511658 15.900000023841857 2.34999999910593
v 0.5916666388511658 15.900000023841857 2.2700000008940693
v 0.5916666388511658 14.699999976158141 2.34999999910593
v 0.5916666388511658 14.699999976158141 2.2700000008940693
v -0.5916666388511658 15.900000023841857 2.2700000008940693
v -0.5916666388511658 15.900000023841857 2.34999999910593
v -0.5916666388511658 14.699999976158141 2.2700000008940693
v -0.5916666388511658 14.699999976158141 2.34999999910593
v -0.5916666388511658 15.900000023841857 2.2700000008940693
v 0.5916666388511658 15.900000023841857 2.2700000008940693
v -0.5916666388511658 15.900000023841857 2.34999999910593
v 0.5916666388511658 15.900000023841857 2.34999999910593
v -0.5916666388511658 14.699999976158141 2.34999999910593
v 0.5916666388511658 14.699999976158141 2.34999999910593
v -0.5916666388511658 14.699999976158141 2.2700000008940693
v 0.5916666388511658 14.699999976158141 2.2700000008940693
v -0.5916666388511658 15.900000023841857 2.34999999910593
v 0.5916666388511658 15.900000023841857 2.34999999910593
v -0.5916666388511658 14.699999976158141 2.34999999910593
v 0.5916666388511658 14.699999976158141 2.34999999910593
v 0.5916666388511658 15.900000023841857 2.2700000008940693
v -0.5916666388511658 15.900000023841857 2.2700000008940693
v 0.5916666388511658 14.699999976158141 2.2700000008940693
v -0.5916666388511658 14.699999976158141 2.2700000008940693
vt 0 1
vt 1 1
vt 0 0
vt 1 0
vt 0 1
vt 1 1
vt 0 0
vt 1 0
vt 0 1
vt 1 1
vt 0 0
vt 1 0
vt 0 1
vt 1 1
vt 0 0
vt 1 0
vt 0 1
vt 1 1
vt 0 0
vt 1 0
vt 0 1
vt 1 1
vt 0 0
vt 1 0
vn 1 0 0
vn 1 0 0
vn 1 0 0
vn 1 0 0
vn -1 0 0
vn -1 0 0
vn -1 0 0
vn -1 0 0
vn 0 1 0
vn 0 1 0
vn 0 1 0
vn 0 1 0
vn 0 -1 0
vn 0 -1 0
vn 0 -1 0
vn 0 -1 0
vn 0 0 1
vn 0 0 1
vn 0 0 1
vn 0 0 1
vn 0 0 -1
vn 0 0 -1
vn 0 0 -1
vn 0 0 -1
f 2881/2881/2881 2883/2883/2883 2882/2882/2882
f 2883/2883/2883 2884/2884/2884 2882/2882/2882
f 2885/2885/2885 2887/2887/2887 2886/2886/2886
f 2887/2887/2887 2888/2888/2888 2886/2886/2886
f 2889/2889/2889 2891/2891/2891 2890/2890/2890
f 2891/2891/2891 2892/2892/2892 2890/2890/2890
f 2893/2893/2893 2895/2895/2895 2894/2894/2894
f 2895/2895/2895 2896/2896/2896 2894/2894/2894
f 2897/2897/2897 2899/2899/2899 2898/2898/2898
f 2899/2899/2899 2900/2900/2900 2898/2898/2898
f 2901/2901/2901 2903/2903/2903 2902/2902/2902
f 2903/2903/2903 2904/2904/2904 2902/2902/2902
o glass_s1011
usemtl paleblue
v 2.34999999910593 15.900000023841857 0.5916666388511658
v 2.34999999910593 15.900000023841857 -0.5916666388511658
v 2.34999999910593 14.699999976158141 0.5916666388511658
v 2.34999999910593 14.699999976158141 -0.5916666388511658
v 2.2700000008940693 15.900000023841857 -0.5916666388511658
v 2.2700000008940693 15.900000023841857 0.5916666388511658
v 2.2700000008940693 14.699999976158141 -0.5916666388511658
v 2.2700000008940693 14.699999976158141 0.5916666388511658
v 2.2700000008940693 15.900000023841857 -0.5916666388511658
v 2.34999999910593 15.900000023841857 -0.5916666388511658
v 2.2700000008940693 15.900000023841857 0.5916666388511658
v 2.34999999910593 15.900000023841857 0.5916666388511658
v 2.2700000008940693 14.699999976158141 0.5916666388511658
v 2.34999999910593 14.699999976158141 0.5916666388511658
v 2.2700000008940693 14.699999976158141 -0.5916666388511658
v 2.34999999910593 14.699999976158141 -0.5916666388511658
v 2.2700000008940693 15.900000023841857 0.5916666388511658
v 2.34999999910593 15.900000023841857 0.5916666388511658
v 2.2700000008940693 14.699999976158141 0.5916666388511658
v 2.34999999910593 14.699999976158141 0.5916666388511658
v 2.34999999910593 15.900000023841857 -0.5916666388511658
v 2.2700000008940693 15.900000023841857 -0.5916666388511658
v 2.34999999910593 14.699999976158141 -0.5916666388511658
v 2.2700000008940693 14.699999976158141 -0.5916666388511658
vt 0 1
vt 1 1
vt 0 0
vt 1 0
vt 0 1
vt 1 1
vt 0 0
vt 1 0
vt 0 1
vt 1 1
vt 0 0
vt 1 0
vt 0 1
vt 1 1
vt 0 0
vt 1 0
vt 0 1
vt 1 1
vt 0 0
vt 1 0
vt 0 1
vt 1 1
vt 0 0
vt 1 0
vn 1 0 0
vn 1 0 0
vn 1 0 0
vn 1 0 0
vn -1 0 0
vn -1 0 0
vn -1 0 0
vn -1 0 0
vn 0 1 0
vn 0 1 0
vn 0 1 0
vn 0 1 0
vn 0 -1 0
vn 0 -1 0
vn 0 -1 0
vn 0 -1 0
vn 0 0 1
vn 0 0 1
vn 0 0 1
vn 0 0 1
vn 0 0 -1
vn 0 0 -1
vn 0 0 -1
vn 0 0 -1
f 2905/2905/2905 2907/2907/2907 2906/2906/2906
f 2907/2907/2907 2908/2908/2908 2906/2906/2906
f 2909/2909/2909 2911/2911/2911 2910/2910/2910
f 2911/2911/2911 2912/2912/2912 2910/2910/2910
f 2913/2913/2913 2915/2915/2915 2914/2914/2914
f 2915/2915/2915 2916/2916/2916 2914/2914/2914
f 2917/2917/2917 2919/2919/2919 2918/2918/2918
f 2919/2919/2919 2920/2920/2920 2918/2918/2918
f 2921/2921/2921 2923/2923/2923 2922/2922/2922
f 2923/2923/2923 2924/2924/2924 2922/2922/2922
f 2925/2925/2925 2927/2927/2927 2926/2926/2926
f 2927/2927/2927 2928/2928/2928 2926/2926/2926
o glass_101-1
usemtl paleblue
v 0.5916666388511658 15.900000023841857 -2.2700000008940693
v 0.5916666388511658 15.900000023841857 -2.34999999910593
v 0.5916666388511658 14.699999976158141 -2.2700000008940693
v 0.5916666388511658 14.699999976158141 -2.34999999910593
v -0.5916666388511658 15.900000023841857 -2.34999999910593
v -0.5916666388511658 15.900000023841857 -2.2700000008940693
v -0.5916666388511658 14.699999976158141 -2.34999999910593
v -0.5916666388511658 14.699999976158141 -2.2700000008940693
v -0.5916666388511658 15.900000023841857 -2.34999999910593
v 0.5916666388511658 15.900000023841857 -2.34999999910593
v -0.5916666388511658 15.900000023841857 -2.2700000008940693
v 0.5916666388511658 15.900000023841857 -2.2700000008940693
v -0.5916666388511658 14.699999976158141 -2.2700000008940693
v 0.5916666388511658 14.699999976158141 -2.2700000008940693
v -0.5916666388511658 14.699999976158141 -2.34999999910593
v 0.5916666388511658 14.699999976158141 -2.34999999910593
v -0.5916666388511658 15.900000023841857 -2.2700000008940693
v 0.5916666388511658 15.900000023841857 -2.2700000008940693
v -0.5916666388511658 14.699999976158141 -2.2700000008940693
v 0.5916666388511658 14.699999976158141 -2.2700000008940693
v 0.5916666388511658 15.900000023841857 -2.34999999910593
v -0.5916666388511658 15.900000023841857 -2.34999999910593
v 0.5916666388511658 14.699999976158141 -2.34999999910593
v -0.5916666388511658 14.699999976158141 -2.34999999910593
vt 0 1
vt 1 1
vt 0 0
vt 1 0
vt 0 1
vt 1 1
vt 0 0
vt 1 0
vt 0 1
vt 1 1
vt 0 0
vt 1 0
vt 0 1
vt 1 1
vt 0 0
vt 1 0
vt 0 1
vt 1 1
vt 0 0
vt 1 0
vt 0 1
vt 1 1
vt 0 0
vt 1 0
vn 1 0 0
vn 1 0 0
vn 1 0 0
vn 1 0 0
vn -1 0 0
vn -1 0 0
vn -1 0 0
vn -1 0 0
vn 0 1 0
vn 0 1 0
vn 0 1 0
vn 0 1 0
vn 0 -1 0
vn 0 -1 0
vn 0 -1 0
vn 0 -1 0
vn 0 0 1
vn 0 0 1
vn 0 0 1
vn 0 0 1
vn 0 0 -1
vn 0 0 -1
vn 0 0 -1
vn 0 0 -1
f 2929/2929/2929 2931/2931/2931 2930/2930/2930
f 2931/2931/2931 2932/2932/2932 2930/2930/2930
f 2933/2933/2933 2935/2935/2935 2934/2934/2934
f 2935/2935/2935 2936/2936/2936 2934/2934/2934
f 2937/2937/2937 2939/2939/2939 2938/2938/2938
f 2939/2939/2939 2940/2940/2940 2938/2938/2938
f 2941/2941/2941 2943/2943/2943 2942/2942/2942
f 2943/2943/2943 2944/2944/2944 2942/2942/2942
f 2945/2945/2945 2947/2947/2947 2946/2946/2946
f 2947/2947/2947 2948/2948/2948 2946/2946/2946
f 2949/2949/2949 2951/2951/2951 2950/2950/2950
f 2951/2951/2951 2952/2952/2952 2950/2950/2950
o glass_s101-1
usemtl paleblue
v -2.2700000008940693 15.900000023841857 0.5916666388511658
v -2.2700000008940693 15.900000023841857 -0.5916666388511658
v -2.2700000008940693 14.699999976158141 0.5916666388511658
v -2.2700000008940693 14.699999976158141 -0.5916666388511658
v -2.34999999910593 15.900000023841857 -0.5916666388511658
v -2.34999999910593 15.900000023841857 0.5916666388511658
v -2.34999999910593 14.699999976158141 -0.5916666388511658
v -2.34999999910593 14.699999976158141 0.5916666388511658
v -2.34999999910593 15.900000023841857 -0.5916666388511658
v -2.2700000008940693 15.900000023841857 -0.5916666388511658
v -2.34999999910593 15.900000023841857 0.5916666388511658
v -2.2700000008940693 15.900000023841857 0.5916666388511658
v -2.34999999910593 14.699999976158141 0.5916666388511658
v -2.2700000008940693 14.699999976158141 0.5916666388511658
v -2.34999999910593 14.699999976158141 -0.5916666388511658
v -2.2700000008940693 14.699999976158141 -0.5916666388511658
v -2.34999999910593 15.900000023841857 0.5916666388511658
v -2.2700000008940693 15.900000023841857 0.5916666388511658
v -2.34999999910593 14.699999976158141 0.5916666388511658
v -2.2700000008940693 14.699999976158141 0.5916666388511658
v -2.2700000008940693 15.900000023841857 -0.5916666388511658
v -2.34999999910593 15.900000023841857 -0.5916666388511658
v -2.2700000008940693 14.699999976158141 -0.5916666388511658
v -2.34999999910593 14.699999976158141 -0.5916666388511658
vt 0 1
vt 1 1
vt 0 0
vt 1 0
vt 0 1
vt 1 1
vt 0 0
vt 1 0
vt 0 1
vt 1 1
vt 0 0
vt 1 0
vt 0 1
vt 1 1
vt 0 0
vt 1 0
vt 0 1
vt 1 1
vt 0 0
vt 1 0
vt 0 1
vt 1 1
vt 0 0
vt 1 0
vn 1 0 0
vn 1 0 0
vn 1 0 0
vn 1 0 0
vn -1 0 0
vn -1 0 0
vn -1 0 0
vn -1 0 0
vn 0 1 0
vn 0 1 0
vn 0 1 0
vn 0 1 0
vn 0 -1 0
vn 0 -1 0
vn 0 -1 0
vn 0 -1 0
vn 0 0 1
vn 0 0 1
vn 0 0 1
vn 0 0 1
vn 0 0 -1
vn 0 0 -1
vn 0 0 -1
vn 0 0 -1
f 2953/2953/2953 2955/2955/2955 2954/2954/2954
f 2955/2955/2955 2956/2956/2956 2954/2954/2954
f 2957/2957/2957 2959/2959/2959 2958/2958/2958
f 2959/2959/2959 2960/2960/2960 2958/2958/2958
f 2961/2961/2961 2963/2963/2963 2962/2962/2962
f 2963/2963/2963 2964/2964/2964 2962/2962/2962
f 2965/2965/2965 2967/2967/2967 2966/2966/2966
f 2967/2967/2967 2968/2968/2968 2966/2966/2966
f 2969/2969/2969 2971/2971/2971 2970/2970/2970
f 2971/2971/2971 2972/2972/2972 2970/2970/2970
f 2973/2973/2973 2975/2975/2975 2974/2974/2974
f 2975/2975/2975 2976/2976/2976 2974/2974/2974
o glass_1021
usemtl paleblue
v 2.124999972184499 15.900000023841857 2.34999999910593
v 2.124999972184499 15.900000023841857 2.2700000008940693
v 2.124999972184499 14.699999976158141 2.34999999910593
v 2.124999972184499 14.699999976158141 2.2700000008940693
v 0.9416666944821674 15.900000023841857 2.2700000008940693
v 0.9416666944821674 15.900000023841857 2.34999999910593
v 0.9416666944821674 14.699999976158141 2.2700000008940693
v 0.9416666944821674 14.699999976158141 2.34999999910593
v 0.9416666944821674 15.900000023841857 2.2700000008940693
v 2.124999972184499 15.900000023841857 2.2700000008940693
v 0.9416666944821674 15.900000023841857 2.34999999910593
v 2.124999972184499 15.900000023841857 2.34999999910593
v 0.9416666944821674 14.699999976158141 2.34999999910593
v 2.124999972184499 14.699999976158141 2.34999999910593
v 0.9416666944821674 14.699999976158141 2.2700000008940693
v 2.124999972184499 14.699999976158141 2.2700000008940693
v 0.9416666944821674 15.900000023841857 2.34999999910593
v 2.124999972184499 15.900000023841857 2.34999999910593
v 0.9416666944821674 14.699999976158141 2.34999999910593
v 2.124999972184499 14.699999976158141 2.34999999910593
v 2.124999972184499 15.900000023841857 2.2700000008940693
v 0.9416666944821674 15.900000023841857 2.2700000008940693
v 2.124999972184499 14.699999976158141 2.2700000008940693
v 0.9416666944821674 14.699999976158141 2.2700000008940693
vt 0 1
vt 1 1
vt 0 0
vt 1 0
vt 0 1
vt 1 1
vt 0 0
vt 1 0
vt 0 1
vt 1 1
vt 0 0
vt 1 0
vt 0 1
vt 1 1
vt 0 0
vt 1 0
vt 0 1
vt 1 1
vt 0 0
vt 1 0
vt 0 1
vt 1 1
vt 0 0
vt 1 0
vn 1 0 0
vn 1 0 0
vn 1 0 0
vn 1 0 0
vn -1 0 0
vn -1 0 0
vn -1 0 0
vn -1 0 0
vn 0 1 0
vn 0 1 0
vn 0 1 0
vn 0 1 0
vn 0 -1 0
vn 0 -1 0
vn 0 -1 0
vn 0 -1 0
vn 0 0 1
vn 0 0 1
vn 0 0 1
vn 0 0 1
vn 0 0 -1
vn 0 0 -1
vn 0 0 -1
vn 0 0 -1
f 2977/2977/2977 2979/2979/2979 2978/2978/2978
f 2979/2979/2979 2980/2980/2980 2978/2978/2978
f 2981/2981/2981 2983/2983/2983 2982/2982/2982
f 2983/2983/2983 2984/2984/2984 2982/2982/2982
f 2985/2985/2985 2987/2987/2987 2986/2986/2986
f 2987/2987/2987 2988/2988/2988 2986/2986/2986
f 2989/2989/2989 2991/2991/2991 2990/2990/2990
f 2991/2991/2991 2992/2992/2992 2990/2990/2990
f 2993/2993/2993 2995/2995/2995 2994/2994/2994
f 2995/2995/2995 2996/2996/2996 2994/2994/2994
f 2997/2997/2997 2999/2999/2999 2998/2998/2998
f 2999/2999/2999 3000/3000/3000 2998/2998/2998
o glass_s1021
usemtl paleblue
v 2.34999999910593 15.900000023841857 2.124999972184499
v 2.34999999910593 15.900000023841857 0.9416666944821674
v 2.34999999910593 14.699999976158141 2.124999972184499
v 2.34999999910593 14.699999976158141 0.9416666944821674
v 2.2700000008940693 15.900000023841857 0.9416666944821674
v 2.2700000008940693 15.900000023841857 2.124999972184499
v 2.2700000008940693 14.699999976158141 0.9416666944821674
v 2.2700000008940693 14.699999976158141 2.124999972184499
v 2.2700000008940693 15.900000023841857 0.9416666944821674
v 2.34999999910593 15.900000023841857 0.9416666944821674
v 2.2700000008940693 15.900000023841857 2.124999972184499
v 2.34999999910593 15.900000023841857 2.124999972184499
v 2.2700000008940693 14.699999976158141 2.124999972184499
v 2.34999999910593 14.699999976158141 2.124999972184499
v 2.2700000008940693 14.699999976158141 0.9416666944821674
v 2.34999999910593 14.699999976158141 0.9416666944821674
v 2.2700000008940693 15.900000023841857 2.124999972184499
v 2.34999999910593 15.900000023841857 2.124999972184499
v 2.2700000008940693 14.699999976158141 2.124999972184499
v 2.34999999910593 14.699999976158141 2.124999972184499
v 2.34999999910593 15.900000023841857 0.9416666944821674
v 2.2700000008940693 15.900000023841857 0.9416666944821674
v 2.34999999910593 14.699999976158141 0.9416666944821674
v 2.2700000008940693 14.699999976158141 0.9416666944821674
vt 0 1
vt 1 1
vt 0 0
vt 1 0
vt 0 1
vt 1 1
vt 0 0
vt 1 0
vt 0 1
vt 1 1
vt 0 0
vt 1 0
vt 0 1
vt 1 1
vt 0 0
vt 1 0
vt 0 1
vt 1 1
vt 0 0
vt 1 0
vt 0 1
vt 1 1
vt 0 0
vt 1 0
vn 1 0 0
vn 1 0 0
vn 1 0 0
vn 1 0 0
vn -1 0 0
vn -1 0 0
vn -1 0 0
vn -1 0 0
vn 0 1 0
vn 0 1 0
vn 0 1 0
vn 0 1 0
vn 0 -1 0
vn 0 -1 0
vn 0 -1 0
vn 0 -1 0
vn 0 0 1
vn 0 0 1
vn 0 0 1
vn 0 0 1
vn 0 0 -1
vn 0 0 -1
vn 0 0 -1
vn 0 0 -1
f 3001/3001/3001 3003/3003/3003 3002/3002/3002
f 3003/3003/3003 3004/3004/3004 3002/3002/3002
f 3005/3005/3005 3007/3007/3007 3006/3006/3006
f 3007/3007/3007 3008/3008/3008 3006/3006/3006
f 3009/3009/3009 3011/3011/3011 3010/3010/3010
f 3011/3011/3011 3012/3012/3012 3010/3010/3010
f 3013/3013/3013 3015/3015/3015 3014/3014/3014
f 3015/3015/3015 3016/3016/3016 3014/3014/3014
f 3017/3017/3017 3019/3019/3019 3018/3018/3018
f 3019/3019/3019 3020/3020/3020 3018/3018/3018
f 3021/3021/3021 3023/3023/3023 3022/3022/3022
f 3023/3023/3023 3024/3024/3024 3022/3022/3022
o glass_102-1
usemtl paleblue
v 2.124999972184499 15.900000023841857 -2.2700000008940693
v 2.124999972184499 15.900000023841857 -2.34999999910593
v 2.124999972184499 14.699999976158141 -2.2700000008940693
v 2.124999972184499 14.699999976158141 -2.34999999910593
v 0.9416666944821674 15.900000023841857 -2.34999999910593
v 0.9416666944821674 15.900000023841857 -2.2700000008940693
v 0.9416666944821674 14.699999976158141 -2.34999999910593
v 0.9416666944821674 14.699999976158141 -2.2700000008940693
v 0.9416666944821674 15.900000023841857 -2.34999999910593
v 2.124999972184499 15.900000023841857 -2.34999999910593
v 0.9416666944821674 15.900000023841857 -2.2700000008940693
v 2.124999972184499 15.900000023841857 -2.2700000008940693
v 0.9416666944821674 14.699999976158141 -2.2700000008940693
v 2.124999972184499 14.699999976158141 -2.2700000008940693
v 0.9416666944821674 14.699999976158141 -2.34999999910593
v 2.124999972184499 14.699999976158141 -2.34999999910593
v 0.9416666944821674 15.900000023841857 -2.2700000008940693
v 2.124999972184499 15.900000023841857 -2.2700000008940693
v 0.9416666944821674 14.699999976158141 -2.2700000008940693
v 2.124999972184499 14.699999976158141 -2.2700000008940693
v 2.124999972184499 15.900000023841857 -2.34999999910593
v 0.9416666944821674 15.900000023841857 -2.34999999910593
v 2.124999972184499 14.699999976158141 -2.34999999910593
v 0.9416666944821674 14.699999976158141 -2.34999999910593
vt 0 1
vt 1 1
vt 0 0
vt 1 0
vt 0 1
vt 1 1
vt 0 0
vt 1 0
vt 0 1
vt 1 1
vt 0 0
vt 1 0
vt 0 1
vt 1 1
vt 0 0
vt 1 0
vt 0 1
vt 1 1
vt 0 0
vt 1 0
vt 0 1
vt 1 1
vt 0 0
vt 1 0
vn 1 0 0
vn 1 0 0
vn 1 0 0
vn 1 0 0
vn -1 0 0
vn -1 0 0
vn -1 0 0
vn -1 0 0
vn 0 1 0
vn 0 1 0
vn 0 1 0
vn 0 1 0
vn 0 -1 0
vn 0 -1 0
vn 0 -1 0
vn 0 -1 0
vn 0 0 1
vn 0 0 1
vn 0 0 1
vn 0 0 1
vn 0 0 -1
vn 0 0 -1
vn 0 0 -1
vn 0 0 -1
f 3025/3025/3025 3027/3027/3027 3026/3026/3026
f 3027/3027/3027 3028/3028/3028 3026/3026/3026
f 3029/3029/3029 3031/3031/3031 3030/3030/3030
f 3031/3031/3031 3032/3032/3032 3030/3030/3030
f 3033/3033/3033 3035/3035/3035 3034/3034/3034
f 3035/3035/3035 3036/3036/3036 3034/3034/3034
f 3037/3037/3037 3039/3039/3039 3038/3038/3038
f 3039/3039/3039 3040/3040/3040 3038/3038/3038
f 3041/3041/3041 3043/3043/3043 3042/3042/3042
f 3043/3043/3043 3044/3044/3044 3042/3042/3042
f 3045/3045/3045 3047/3047/3047 3046/3046/3046
f 3047/3047/3047 3048/3048/3048 3046/3046/3046
o glass_s102-1
usemtl paleblue
v -2.2700000008940693 15.900000023841857 2.124999972184499
v -2.2700000008940693 15.900000023841857 0.9416666944821674
v -2.2700000008940693 14.699999976158141 2.124999972184499
v -2.2700000008940693 14.699999976158141 0.9416666944821674
v -2.34999999910593 15.900000023841857 0.9416666944821674
v -2.34999999910593 15.900000023841857 2.124999972184499
v -2.34999999910593 14.699999976158141 0.9416666944821674
v -2.34999999910593 14.699999976158141 2.124999972184499
v -2.34999999910593 15.900000023841857 0.9416666944821674
v -2.2700000008940693 15.900000023841857 0.9416666944821674
v -2.34999999910593 15.900000023841857 2.124999972184499
v -2.2700000008940693 15.900000023841857 2.124999972184499
v -2.34999999910593 14.699999976158141 2.124999972184499
v -2.2700000008940693 14.699999976158141 2.124999972184499
v -2.34999999910593 14.699999976158141 0.9416666944821674
v -2.2700000008940693 14.699999976158141 0.9416666944821674
v -2.34999999910593 15.900000023841857 2.124999972184499
v -2.2700000008940693 15.900000023841857 2.124999972184499
v -2.34999999910593 14.699999976158141 2.124999972184499
v -2.2700000008940693 14.699999976158141 2.124999972184499
v -2.2700000008940693 15.900000023841857 0.9416666944821674
v -2.34999999910593 15.900000023841857 0.9416666944821674
v -2.2700000008940693 14.699999976158141 0.9416666944821674
v -2.34999999910593 14.699999976158141 0.9416666944821674
vt 0 1
vt 1 1
vt 0 0
vt 1 0
vt 0 1
vt 1 1
vt 0 0
vt 1 0
vt 0 1
vt 1 1
vt 0 0
vt 1 0
vt 0 1
vt 1 1
vt 0 0
vt 1 0
vt 0 1
vt 1 1
vt 0 0
vt 1 0
vt 0 1
vt 1 1
vt 0 0
vt 1 0
vn 1 0 0
vn 1 0 0
vn 1 0 0
vn 1 0 0
vn -1 0 0
vn -1 0 0
vn -1 0 0
vn -1 0 0
vn 0 1 0
vn 0 1 0
vn 0 1 0
vn 0 1 0
vn 0 -1 0
vn 0 -1 0
vn 0 -1 0
vn 0 -1 0
vn 0 0 1
vn 0 0 1
vn 0 0 1
vn 0 0 1
vn 0 0 -1
vn 0 0 -1
vn 0 0 -1
vn 0 0 -1
f 3049/3049/3049 3051/3051/3051 3050/3050/3050
f 3051/3051/3051 3052/3052/3052 3050/3050/3050
f 3053/3053/3053 3055/3055/3055 3054/3054/3054
f 3055/3055/3055 3056/3056/3056 3054/3054/3054
f 3057/3057/3057 3059/3059/3059 3058/3058/3058
f 3059/3059/3059 3060/3060/3060 3058/3058/3058
f 3061/3061/3061 3063/3063/3063 3062/3062/3062
f 3063/3063/3063 3064/3064/3064 3062/3062/3062
f 3065/3065/3065 3067/3067/3067 3066/3066/3066
f 3067/3067/3067 3068/3068/3068 3066/3066/3066
f 3069/3069/3069 3071/3071/3071 3070/3070/3070
f 3071/3071/3071 3072/3072/3072 3070/3070/3070
o glass_1101
usemtl paleblue
v -0.9416666944821674 17.900000023841855 2.34999999910593
v -0.9416666944821674 17.900000023841855 2.2700000008940693
v -0.9416666944821674 16.69999997615814 2.34999999910593
v -0.9416666944821674 16.69999997615814 2.2700000008940693
v -2.124999972184499 17.900000023841855 2.2700000008940693
v -2.124999972184499 17.900000023841855 2.34999999910593
v -2.124999972184499 16.69999997615814 2.2700000008940693
v -2.124999972184499 16.69999997615814 2.34999999910593
v -2.124999972184499 17.900000023841855 2.2700000008940693
v -0.9416666944821674 17.900000023841855 2.2700000008940693
v -2.124999972184499 17.900000023841855 2.34999999910593
v -0.9416666944821674 17.900000023841855 2.34999999910593
v -2.124999972184499 16.69999997615814 2.34999999910593
v -0.9416666944821674 16.69999997615814 2.34999999910593
v -2.124999972184499 16.69999997615814 2.2700000008940693
v -0.9416666944821674 16.69999997615814 2.2700000008940693
v -2.124999972184499 17.900000023841855 2.34999999910593
v -0.9416666944821674 17.900000023841855 2.34999999910593
v -2.124999972184499 16.69999997615814 2.34999999910593
v -0.9416666944821674 16.69999997615814 2.34999999910593
v -0.9416666944821674 17.900000023841855 2.2700000008940693
v -2.124999972184499 17.900000023841855 2.2700000008940693
v -0.9416666944821674 16.69999997615814 2.2700000008940693
v -2.124999972184499 16.69999997615814 2.2700000008940693
vt 0 1
vt 1 1
vt 0 0
vt 1 0
vt 0 1
vt 1 1
vt 0 0
vt 1 0
vt 0 1
vt 1 1
vt 0 0
vt 1 0
vt 0 1
vt 1 1
vt 0 0
vt 1 0
vt 0 1
vt 1 1
vt 0 0
vt 1 0
vt 0 1
vt 1 1
vt 0 0
vt 1 0
vn 1 0 0
vn 1 0 0
vn 1 0 0
vn 1 0 0
vn -1 0 0
vn -1 0 0
vn -1 0 0
vn -1 0 0
vn 0 1 0
vn 0 1 0
vn 0 1 0
vn 0 1 0
vn 0 -1 0
vn 0 -1 0
vn 0 -1 0
vn 0 -1 0
vn 0 0 1
vn 0 0 1
vn 0 0 1
vn 0 0 1
vn 0 0 -1
vn 0 0 -1
vn 0 0 -1
vn 0 0 -1
f 3073/3073/3073 3075/3075/3075 3074/3074/3074
f 3075/3075/3075 3076/3076/3076 3074/3074/3074
f 3077/3077/3077 3079/3079/3079 3078/3078/3078
f 3079/3079/3079 3080/3080/3080 3078/3078/3078
f 3081/3081/3081 3083/3083/3083 3082/3082/3082
f 3083/3083/3083 3084/3084/3084 3082/3082/3082
f 3085/3085/3085 3087/3087/3087 3086/3086/3086
f 3087/3087/3087 3088/3088/3088 3086/3086/3086
f 3089/3089/3089 3091/3091/3091 3090/3090/3090
f 3091/3091/3091 3092/3092/3092 3090/3090/3090
f 3093/3093/3093 3095/3095/3095 3094/3094/3094
f 3095/3095/3095 3096/3096/3096 3094/3094/3094
o glass_s1101
usemtl paleblue
v 2.34999999910593 17.900000023841855 -0.9416666944821674
v 2.34999999910593 17.900000023841855 -2.124999972184499
v 2.34999999910593 16.69999997615814 -0.9416666944821674
v 2.34999999910593 16.69999997615814 -2.124999972184499
v 2.2700000008940693 17.900000023841855 -2.124999972184499
v 2.2700000008940693 17.900000023841855 -0.9416666944821674
v 2.2700000008940693 16.69999997615814 -2.124999972184499
v 2.2700000008940693 16.69999997615814 -0.9416666944821674
v 2.2700000008940693 17.900000023841855 -2.124999972184499
v 2.34999999910593 17.900000023841855 -2.124999972184499
v 2.2700000008940693 17.900000023841855 -0.9416666944821674
v 2.34999999910593 17.900000023841855 -0.9416666944821674
v 2.2700000008940693 16.69999997615814 -0.9416666944821674
v 2.34999999910593 16.69999997615814 -0.9416666944821674
v 2.2700000008940693 16.69999997615814 -2.124999972184499
v 2.34999999910593 16.69999997615814 -2.124999972184499
v 2.2700000008940693 17.900000023841855 -0.9416666944821674
v 2.34999999910593 17.900000023841855 -0.9416666944821674
v 2.2700000008940693 16.69999997615814 -0.9416666944821674
v 2.34999999910593 16.69999997615814 -0.9416666944821674
v 2.34999999910593 17.900000023841855 -2.124999972184499
v 2.2700000008940693 17.900000023841855 -2.124999972184499
v 2.34999999910593 16.69999997615814 -2.124999972184499
v 2.2700000008940693 16.69999997615814 -2.124999972184499
vt 0 1
vt 1 1
vt 0 0
vt 1 0
vt 0 1
vt 1 1
vt 0 0
vt 1 0
vt 0 1
vt 1 1
vt 0 0
vt 1 0
vt 0 1
vt 1 1
vt 0 0
vt 1 0
vt 0 1
vt 1 1
vt 0 0
vt 1 0
vt 0 1
vt 1 1
vt 0 0
vt 1 0
vn 1 0 0
vn 1 0 0
vn 1 0 0
vn 1 0 0
vn -1 0 0
vn -1 0 0
vn -1 0 0
vn -1 0 0
vn 0 1 0
vn 0 1 0
vn 0 1 0
vn 0 1 0
vn 0 -1 0
vn 0 -1 0
vn 0 -1 0
vn 0 -1 0
vn 0 0 1
vn 0 0 1
vn 0 0 1
vn 0 0 1
vn 0 0 -1
vn 0 0 -1
vn 0 0 -1
vn 0 0 -1
f 3097/3097/3097 3099/3099/3099 3098/3098/3098
f 3099/3099/3099 3100/3100/3100 3098/3098/3098
f 3101/3101/3101 3103/3103/3103 3102/3102/3102
f 3103/3103/3103 3104/3104/3104 3102/3102/3102
f 3105/3105/3105 3107/3107/3107 3106/3106/3106
f 3107/3107/3107 3108/3108/3108 3106/3106/3106
f 3109/3109/3109 3111/3111/3111 3110/3110/3110
f 3111/3111/3111 3112/3112/3112 3110/3110/3110
f 3113/3113/3113 3115/3115/3115 3114/3114/3114
f 3115/3115/3115 3116/3116/3116 3114/3114/3114
f 3117/3117/3117 3119/3119/3119 3118/3118/3118
f 3119/3119/3119 3120/3120/3120 3118/3118/3118
o glass_110-1
usemtl paleblue
v -0.9416666944821674 17.900000023841855 -2.2700000008940693
v -0.9416666944821674 17.900000023841855 -2.34999999910593
v -0.9416666944821674 16.69999997615814 -2.2700000008940693
v -0.9416666944821674 16.69999997615814 -2.34999999910593
v -2.124999972184499 17.900000023841855 -2.34999999910593
v -2.124999972184499 17.900000023841855 -2.2700000008940693
v -2.124999972184499 16.69999997615814 -2.34999999910593
v -2.124999972184499 16.69999997615814 -2.2700000008940693
v -2.124999972184499 17.900000023841855 -2.34999999910593
v -0.9416666944821674 17.900000023841855 -2.34999999910593
v -2.124999972184499 17.900000023841855 -2.2700000008940693
v -0.9416666944821674 17.900000023841855 -2.2700000008940693
v -2.124999972184499 16.69999997615814 -2.2700000008940693
v -0.9416666944821674 16.69999997615814 -2.2700000008940693
v -2.124999972184499 16.69999997615814 -2.34999999910593
v -0.9416666944821674 16.69999997615814 -2.34999999910593
v -2.124999972184499 17.900000023841855 -2.2700000008940693
v -0.9416666944821674 17.900000023841855 -2.2700000008940693
v -2.124999972184499 16.69999997615814 -2.2700000008940693
v -0.9416666944821674 16.69999997615814 -2.2700000008940693
v -0.9416666944821674 17.900000023841855 -2.34999999910593
v -2.124999972184499 17.900000023841855 -2.34999999910593
v -0.9416666944821674 16.69999997615814 -2.34999999910593
v -2.124999972184499 16.69999997615814 -2.34999999910593
vt 0 1
vt 1 1
vt 0 0
vt 1 0
vt 0 1
vt 1 1
vt 0 0
vt 1 0
vt 0 1
vt 1 1
vt 0 0
vt 1 0
vt 0 1
vt 1 1
vt 0 0
vt 1 0
vt 0 1
vt 1 1
vt 0 0
vt 1 0
vt 0 1
vt 1 1
vt 0 0
vt 1 0
vn 1 0 0
vn 1 0 0
vn 1 0 0
vn 1 0 0
vn -1 0 0
vn -1 0 0
vn -1 0 0
vn -1 0 0
vn 0 1 0
vn 0 1 0
vn 0 1 0
vn 0 1 0
vn 0 -1 0
vn 0 -1 0
vn 0 -1 0
vn 0 -1 0
vn 0 0 1
vn 0 0 1
vn 0 0 1
vn 0 0 1
vn 0 0 -1
vn 0 0 -1
vn 0 0 -1
vn 0 0 -1
f 3121/3121/3121 3123/3123/3123 3122/3122/3122
f 3123/3123/3123 3124/3124/3124 3122/3122/3122
f 3125/3125/3125 3127/3127/3127 3126/3126/3126
f 3127/3127/3127 3128/3128/3128 3126/3126/3126
f 3129/3129/3129 3131/3131/3131 3130/3130/3130
f 3131/3131/3131 3132/3132/3132 3130/3130/3130
f 3133/3133/3133 3135/3135/3135 3134/3134/3134
f 3135/3135/3135 3136/3136/3136 3134/3134/3134
f 3137/3137/3137 3139/3139/3139 3138/3138/3138
f 3139/3139/3139 3140/3140/3140 3138/3138/3138
f 3141/3141/3141 3143/3143/3143 3142/3142/3142
f 3143/3143/3143 3144/3144/3144 3142/3142/3142
o glass_s110-1
usemtl paleblue
v -2.2700000008940693 17.900000023841855 -0.9416666944821674
v -2.2700000008940693 17.900000023841855 -2.124999972184499
v -2.2700000008940693 16.69999997615814 -0.9416666944821674
v -2.2700000008940693 16.69999997615814 -2.124999972184499
v -2.34999999910593 17.900000023841855 -2.124999972184499
v -2.34999999910593 17.900000023841855 -0.9416666944821674
v -2.34999999910593 16.69999997615814 -2.124999972184499
v -2.34999999910593 16.69999997615814 -0.9416666944821674
v -2.34999999910593 17.900000023841855 -2.124999972184499
v -2.2700000008940693 17.900000023841855 -2.124999972184499
v -2.34999999910593 17.900000023841855 -0.9416666944821674
v -2.2700000008940693 17.900000023841855 -0.9416666944821674
v -2.34999999910593 16.69999997615814 -0.9416666944821674
v -2.2700000008940693 16.69999997615814 -0.9416666944821674
v -2.34999999910593 16.69999997615814 -2.124999972184499
v -2.2700000008940693 16.69999997615814 -2.124999972184499
v -2.34999999910593 17.900000023841855 -0.9416666944821674
v -2.2700000008940693 17.900000023841855 -0.9416666944821674
v -2.34999999910593 16.69999997615814 -0.9416666944821674
v -2.2700000008940693 16.69999997615814 -0.9416666944821674
v -2.2700000008940693 17.900000023841855 -2.124999972184499
v -2.34999999910593 17.900000023841855 -2.124999972184499
v -2.2700000008940693 16.69999997615814 -2.124999972184499
v -2.34999999910593 16.69999997615814 -2.124999972184499
vt 0 1
vt 1 1
vt 0 0
vt 1 0
vt 0 1
vt 1 1
vt 0 0
vt 1 0
vt 0 1
vt 1 1
vt 0 0
vt 1 0
vt 0 1
vt 1 1
vt 0 0
vt 1 0
vt 0 1
vt 1 1
vt 0 0
vt 1 0
vt 0 1
vt 1 1
vt 0 0
vt 1 0
vn 1 0 0
vn 1 0 0
vn 1 0 0
vn 1 0 0
vn -1 0 0
vn -1 0 0
vn -1 0 0
vn -1 0 0
vn 0 1 0
vn 0 1 0
vn 0 1 0
vn 0 1 0
vn 0 -1 0
vn 0 -1 0
vn 0 -1 0
vn 0 -1 0
vn 0 0 1
vn 0 0 1
vn 0 0 1
vn 0 0 1
vn 0 0 -1
vn 0 0 -1
vn 0 0 -1
vn 0 0 -1
f 3145/3145/3145 3147/3147/3147 3146/3146/3146
f 3147/3147/3147 3148/3148/3148 3146/3146/3146
f 3149/3149/3149 3151/3151/3151 3150/3150/3150
f 3151/3151/3151 3152/3152/3152 3150/3150/3150
f 3153/3153/3153 3155/3155/3155 3154/3154/3154
f 3155/3155/3155 3156/3156/3156 3154/3154/3154
f 3157/3157/3157 3159/3159/3159 3158/3158/3158
f 3159/3159/3159 3160/3160/3160 3158/3158/3158
f 3161/3161/3161 3163/3163/3163 3162/3162/3162
f 3163/3163/3163 3164/3164/3164 3162/3162/3162
f 3165/3165/3165 3167/3167/3167 3166/3166/3166
f 3167/3167/3167 3168/3168/3168 3166/3166/3166
o glass_1111
usemtl paleblue
v 0.5916666388511658 17.900000023841855 2.34999999910593
v 0.5916666388511658 17.900000023841855 2.2700000008940693
v 0.5916666388511658 16.69999997615814 2.34999999910593
v 0.5916666388511658 16.69999997615814 2.2700000008940693
v -0.5916666388511658 17.900000023841855 2.2700000008940693
v -0.5916666388511658 17.900000023841855 2.34999999910593
v -0.5916666388511658 16.69999997615814 2.2700000008940693
v -0.5916666388511658 16.69999997615814 2.34999999910593
v -0.5916666388511658 17.900000023841855 2.2700000008940693
v 0.5916666388511658 17.900000023841855 2.2700000008940693
v -0.5916666388511658 17.900000023841855 2.34999999910593
v 0.5916666388511658 17.900000023841855 2.34999999910593
v -0.5916666388511658 16.69999997615814 2.34999999910593
v 0.5916666388511658 16.69999997615814 2.34999999910593
v -0.5916666388511658 16.69999997615814 2.2700000008940693
v 0.5916666388511658 16.69999997615814 2.2700000008940693
v -0.5916666388511658 17.900000023841855 2.34999999910593
v 0.5916666388511658 17.900000023841855 2.34999999910593
v -0.5916666388511658 16.69999997615814 2.34999999910593
v 0.5916666388511658 16.69999997615814 2.34999999910593
v 0.5916666388511658 17.900000023841855 2.2700000008940693
v -0.5916666388511658 17.900000023841855 2.2700000008940693
v 0.5916666388511658 16.69999997615814 2.2700000008940693
v -0.5916666388511658 16.69999997615814 2.2700000008940693
vt 0 1
vt 1 1
vt 0 0
vt 1 0
vt 0 1
vt 1 1
vt 0 0
vt 1 0
vt 0 1
vt 1 1
vt 0 0
vt 1 0
vt 0 1
vt 1 1
vt 0 0
vt 1 0
vt 0 1
vt 1 1
vt 0 0
vt 1 0
vt 0 1
vt 1 1
vt 0 0
vt 1 0
vn 1 0 0
vn 1 0 0
vn 1 0 0
vn 1 0 0
vn -1 0 0
vn -1 0 0
vn -1 0 0
vn -1 0 0
vn 0 1 0
vn 0 1 0
vn 0 1 0
vn 0 1 0
vn 0 -1 0
vn 0 -1 0
vn 0 -1 0
vn 0 -1 0
vn 0 0 1
vn 0 0 1
vn 0 0 1
vn 0 0 1
vn 0 0 -1
vn 0 0 -1
vn 0 0 -1
vn 0 0 -1
f 3169/3169/3169 3171/3171/3171 3170/3170/3170
f 3171/3171/3171 3172/3172/3172 3170/3170/3170
f 3173/3173/3173 3175/3175/3175 3174/3174/3174
f 3175/3175/3175 3176/3176/3176 3174/3174/3174
f 3177/3177/3177 3179/3179/3179 3178/3178/3178
f 3179/3179/3179 3180/3180/3180 3178/3178/3178
f 3181/3181/3181 3183/3183/3183 3182/3182/3182
f 3183/3183/3183 3184/3184/3184 3182/3182/3182
f 3185/3185/3185 3187/3187/3187 3186/3186/3186
f 3187/3187/3187 3188/3188/3188 3186/3186/3186
f 3189/3189/3189 3191/3191/3191 3190/3190/3190
f 3191/3191/3191 3192/3192/3192 3190/3190/3190
o glass_s1111
usemtl paleblue
v 2.34999999910593 17.900000023841855 0.5916666388511658
v 2.34999999910593 17.900000023841855 -0.5916666388511658
v 2.34999999910593 16.69999997615814 0.5916666388511658
v 2.34999999910593 16.69999997615814 -0.5916666388511658
v 2.2700000008940693 17.900000023841855 -0.5916666388511658
v 2.2700000008940693 17.900000023841855 0.5916666388511658
v 2.2700000008940693 16.69999997615814 -0.5916666388511658
v 2.2700000008940693 16.69999997615814 0.5916666388511658
v 2.2700000008940693 17.900000023841855 -0.5916666388511658
v 2.34999999910593 17.900000023841855 -0.5916666388511658
v 2.2700000008940693 17.900000023841855 0.5916666388511658
v 2.34999999910593 17.900000023841855 0.5916666388511658
v 2.2700000008940693 16.69999997615814 0.5916666388511658
v 2.34999999910593 16.69999997615814 0.5916666388511658
v 2.2700000008940693 16.69999997615814 -0.5916666388511658
v 2.34999999910593 16.69999997615814 -0.5916666388511658
v 2.2700000008940693 17.900000023841855 0.5916666388511658
v 2.34999999910593 17.900000023841855 0.5916666388511658
v 2.2700000008940693 16.69999997615814 0.5916666388511658
v 2.34999999910593 16.69999997615814 0.5916666388511658
v 2.34999999910593 17.900000023841855 -0.5916666388511658
v 2.2700000008940693 17.900000023841855 -0.5916666388511658
v 2.34999999910593 16.69999997615814 -0.5916666388511658
v 2.2700000008940693 16.69999997615814 -0.5916666388511658
vt 0 1
vt 1 1
vt 0 0
vt 1 0
vt 0 1
vt 1 1
vt 0 0
vt 1 0
vt 0 1
vt 1 1
vt 0 0
vt 1 0
vt 0 1
vt 1 1
vt 0 0
vt 1 0
vt 0 1
vt 1 1
vt 0 0
vt 1 0
vt 0 1
vt 1 1
vt 0 0
vt 1 0
vn 1 0 0
vn 1 0 0
vn 1 0 0
vn 1 0 0
vn -1 0 0
vn -1 0 0
vn -1 0 0
vn -1 0 0
vn 0 1 0
vn 0 1 0
vn 0 1 0
vn 0 1 0
vn 0 -1 0
vn 0 -1 0
vn 0 -1 0
vn 0 -1 0
vn 0 0 1
vn 0 0 1
vn 0 0 1
vn 0 0 1
vn 0 0 -1
vn 0 0 -1
vn 0 0 -1
vn 0 0 -1
f 3193/3193/3193 3195/3195/3195 3194/3194/3194
f 3195/3195/3195 3196/3196/3196 3194/3194/3194
f 3197/3197/3197 3199/3199/3199 3198/3198/3198
f 3199/3199/3199 3200/3200/3200 3198/3198/3198
f 3201/3201/3201 3203/3203/3203 3202/3202/3202
f 3203/3203/3203 3204/3204/3204 3202/3202/3202
f 3205/3205/3205 3207/3207/3207 3206/3206/3206
f 3207/3207/3207 3208/3208/3208 3206/3206/3206
f 3209/3209/3209 3211/3211/3211 3210/3210/3210
f 3211/3211/3211 3212/3212/3212 3210/3210/3210
f 3213/3213/3213 3215/3215/3215 3214/3214/3214
f 3215/3215/3215 3216/3216/3216 3214/3214/3214
o glass_111-1
usemtl paleblue
v 0.5916666388511658 17.900000023841855 -2.2700000008940693
v 0.5916666388511658 17.900000023841855 -2.34999999910593
v 0.5916666388511658 16.69999997615814 -2.2700000008940693
v 0.5916666388511658 16.69999997615814 -2.34999999910593
v -0.5916666388511658 17.900000023841855 -2.34999999910593
v -0.5916666388511658 17.900000023841855 -2.2700000008940693
v -0.5916666388511658 16.69999997615814 -2.34999999910593
v -0.5916666388511658 16.69999997615814 -2.2700000008940693
v -0.5916666388511658 17.900000023841855 -2.34999999910593
v 0.5916666388511658 17.900000023841855 -2.34999999910593
v -0.5916666388511658 17.900000023841855 -2.2700000008940693
v 0.5916666388511658 17.900000023841855 -2.2700000008940693
v -0.5916666388511658 16.69999997615814 -2.2700000008940693
v 0.5916666388511658 16.69999997615814 -2.2700000008940693
v -0.5916666388511658 16.69999997615814 -2.34999999910593
v 0.5916666388511658 16.69999997615814 -2.34999999910593
v -0.5916666388511658 17.900000023841855 -2.2700000008940693
v 0.5916666388511658 17.900000023841855 -2.2700000008940693
v -0.5916666388511658 16.69999997615814 -2.2700000008940693
v 0.5916666388511658 16.69999997615814 -2.2700000008940693
v 0.5916666388511658 17.900000023841855 -2.34999999910593
v -0.5916666388511658 17.900000023841855 -2.34999999910593
v 0.5916666388511658 16.69999997615814 -2.34999999910593
v -0.5916666388511658 16.69999997615814 -2.34999999910593
vt 0 1
vt 1 1
vt 0 0
vt 1 0
vt 0 1
vt 1 1
vt 0 0
vt 1 0
vt 0 1
vt 1 1
vt 0 0
vt 1 0
vt 0 1
vt 1 1
vt 0 0
vt 1 0
vt 0 1
vt 1 1
vt 0 0
vt 1 0
vt 0 1
vt 1 1
vt 0 0
vt 1 0
vn 1 0 0
vn 1 0 0
vn 1 0 0
vn 1 0 0
vn -1 0 0
vn -1 0 0
vn -1 0 0
vn -1 0 0
vn 0 1 0
vn 0 1 0
vn 0 1 0
vn 0 1 0
vn 0 -1 0
vn 0 -1 0
vn 0 -1 0
vn 0 -1 0
vn 0 0 1
vn 0 0 1
vn 0 0 1
vn 0 0 1
vn 0 0 -1
vn 0 0 -1
vn 0 0 -1
vn 0 0 -1
f 3217/3217/3217 3219/3219/3219 3218/3218/3218
f 3219/3219/3219 3220/3220/3220 3218/3218/3218
f 3221/3221/3221 3223/3223/3223 3222/3222/3222
f 3223/3223/3223 3224/3224/3224 3222/3222/3222
f 3225/3225/3225 3227/3227/3227 3226/3226/3226
f 3227/3227/3227 3228/3228/3228 3226/3226/3226
f 3229/3229/3229 3231/3231/3231 3230/3230/3230
f 3231/3231/3231 3232/3232/3232 3230/3230/3230
f 3233/3233/3233 3235/3235/3235 3234/3234/3234
f 3235/3235/3235 3236/3236/3236 3234/3234/3234
f 3237/3237/3237 3239/3239/3239 3238/3238/3238
f 3239/3239/3239 3240/3240/3240 3238/3238/3238
o glass_s111-1
usemtl paleblue
v -2.2700000008940693 17.900000023841855 0.5916666388511658
v -2.2700000008940693 17.900000023841855 -0.5916666388511658
v -2.2700000008940693 16.69999997615814 0.5916666388511658
v -2.2700000008940693 16.69999997615814 -0.5916666388511658
v -2.34999999910593 17.900000023841855 -0.5916666388511658
v -2.34999999910593 17.900000023841855 0.5916666388511658
v -2.34999999910593 16.69999997615814 -0.5916666388511658
v -2.34999999910593 16.69999997615814 0.5916666388511658
v -2.34999999910593 17.900000023841855 -0.5916666388511658
v -2.2700000008940693 17.900000023841855 -0.5916666388511658
v -2.34999999910593 17.900000023841855 0.5916666388511658
v -2.2700000008940693 17.900000023841855 0.5916666388511658
v -2.34999999910593 16.69999997615814 0.5916666388511658
v -2.2700000008940693 16.69999997615814 0.5916666388511658
v -2.34999999910593 16.69999997615814 -0.5916666388511658
v -2.2700000008940693 16.69999997615814 -0.5916666388511658
v -2.34999999910593 17.900000023841855 0.5916666388511658
v -2.2700000008940693 17.900000023841855 0.5916666388511658
v -2.34999999910593 16.69999997615814 0.5916666388511658
v -2.2700000008940693 16.69999997615814 0.5916666388511658
v -2.2700000008940693 17.900000023841855 -0.5916666388511658
v -2.34999999910593 17.900000023841855 -0.5916666388511658
v -2.2700000008940693 16.69999997615814 -0.5916666388511658
v -2.34999999910593 16.69999997615814 -0.5916666388511658
vt 0 1
vt 1 1
vt 0 0
vt 1 0
vt 0 1
vt 1 1
vt 0 0
vt 1 0
vt 0 1
vt 1 1
vt 0 0
vt 1 0
vt 0 1
vt 1 1
vt 0 0
vt 1 0
vt 0 1
vt 1 1
vt 0 0
vt 1 0
vt 0 1
vt 1 1
vt 0 0
vt 1 0
vn 1 0 0
vn 1 0 0
vn 1 0 0
vn 1 0 0
vn -1 0 0
vn -1 0 0
vn -1 0 0
vn -1 0 0
vn 0 1 0
vn 0 1 0
vn 0 1 0
vn 0 1 0
vn 0 -1 0
vn 0 -1 0
vn 0 -1 0
vn 0 -1 0
vn 0 0 1
vn 0 0 1
vn 0 0 1
vn 0 0 1
vn 0 0 -1
vn 0 0 -1
vn 0 0 -1
vn 0 0 -1
f 3241/3241/3241 3243/3243/3243 3242/3242/3242
f 3243/3243/3243 3244/3244/3244 3242/3242/3242
f 3245/3245/3245 3247/3247/3247 3246/3246/3246
f 3247/3247/3247 3248/3248/3248 3246/3246/3246
f 3249/3249/3249 3251/3251/3251 3250/3250/3250
f 3251/3251/3251 3252/3252/3252 3250/3250/3250
f 3253/3253/3253 3255/3255/3255 3254/3254/3254
f 3255/3255/3255 3256/3256/3256 3254/3254/3254
f 3257/3257/3257 3259/3259/3259 3258/3258/3258
f 3259/3259/3259 3260/3260/3260 3258/3258/3258
f 3261/3261/3261 3263/3263/3263 3262/3262/3262
f 3263/3263/3263 3264/3264/3264 3262/3262/3262
o glass_1121
usemtl paleblue
v 2.124999972184499 17.900000023841855 2.34999999910593
v 2.124999972184499 17.900000023841855 2.2700000008940693
v 2.124999972184499 16.69999997615814 2.34999999910593
v 2.124999972184499 16.69999997615814 2.2700000008940693
v 0.9416666944821674 17.900000023841855 2.2700000008940693
v 0.9416666944821674 17.900000023841855 2.34999999910593
v 0.9416666944821674 16.69999997615814 2.2700000008940693
v 0.9416666944821674 16.69999997615814 2.34999999910593
v 0.9416666944821674 17.900000023841855 2.2700000008940693
v 2.124999972184499 17.900000023841855 2.2700000008940693
v 0.9416666944821674 17.900000023841855 2.34999999910593
v 2.124999972184499 17.900000023841855 2.34999999910593
v 0.9416666944821674 16.69999997615814 2.34999999910593
v 2.124999972184499 16.69999997615814 2.34999999910593
v 0.9416666944821674 16.69999997615814 2.2700000008940693
v 2.124999972184499 16.69999997615814 2.2700000008940693
v 0.9416666944821674 17.900000023841855 2.34999999910593
v 2.124999972184499 17.900000023841855 2.34999999910593
v 0.9416666944821674 16.69999997615814 2.34999999910593
v 2.124999972184499 16.69999997615814 2.34999999910593
v 2.124999972184499 17.900000023841855 2.2700000008940693
v 0.9416666944821674 17.900000023841855 2.2700000008940693
v 2.124999972184499 16.69999997615814 2.2700000008940693
v 0.9416666944821674 16.69999997615814 2.2700000008940693
vt 0 1
vt 1 1
vt 0 0
vt 1 0
vt 0 1
vt 1 1
vt 0 0
vt 1 0
vt 0 1
vt 1 1
vt 0 0
vt 1 0
vt 0 1
vt 1 1
vt 0 0
vt 1 0
vt 0 1
vt 1 1
vt 0 0
vt 1 0
vt 0 1
vt 1 1
vt 0 0
vt 1 0
vn 1 0 0
vn 1 0 0
vn 1 0 0
vn 1 0 0
vn -1 0 0
vn -1 0 0
vn -1 0 0
vn -1 0 0
vn 0 1 0
vn 0 1 0
vn 0 1 0
vn 0 1 0
vn 0 -1 0
vn 0 -1 0
vn 0 -1 0
vn 0 -1 0
vn 0 0 1
vn 0 0 1
vn 0 0 1
vn 0 0 1
vn 0 0 -1
vn 0 0 -1
vn 0 0 -1
vn 0 0 -1
f 3265/3265/3265 3267/3267/3267 3266/3266/3266
f 3267/3267/3267 3268/3268/3268 3266/3266/3266
f 3269/3269/3269 3271/3271/3271 3270/3270/3270
f 3271/3271/3271 3272/3272/3272 3270/3270/3270
f 3273/3273/3273 3275/3275/3275 3274/3274/3274
f 3275/3275/3275 3276/3276/3276 3274/3274/3274
f 3277/3277/3277 3279/3279/3279 3278/3278/3278
f 3279/3279/3279 3280/3280/3280 3278/3278/3278
f 3281/3281/3281 3283/3283/3283 3282/3282/3282
f 3283/3283/3283 3284/3284/3284 3282/3282/3282
f 3285/3285/3285 3287/3287/3287 3286/3286/3286
f 3287/3287/3287 3288/3288/3288 3286/3286/3286
o glass_s1121
usemtl paleblue
v 2.34999999910593 17.900000023841855 2.124999972184499
v 2.34999999910593 17.900000023841855 0.9416666944821674
v 2.34999999910593 16.69999997615814 2.124999972184499
v 2.34999999910593 16.69999997615814 0.9416666944821674
v 2.2700000008940693 17.900000023841855 0.9416666944821674
v 2.2700000008940693 17.900000023841855 2.124999972184499
v 2.2700000008940693 16.69999997615814 0.9416666944821674
v 2.2700000008940693 16.69999997615814 2.124999972184499
v 2.2700000008940693 17.900000023841855 0.9416666944821674
v 2.34999999910593 17.900000023841855 0.9416666944821674
v 2.2700000008940693 17.900000023841855 2.124999972184499
v 2.34999999910593 17.900000023841855 2.124999972184499
v 2.2700000008940693 16.69999997615814 2.124999972184499
v 2.34999999910593 16.69999997615814 2.124999972184499
v 2.2700000008940693 16.69999997615814 0.9416666944821674
v 2.34999999910593 16.69999997615814 0.9416666944821674
v 2.2700000008940693 17.900000023841855 2.124999972184499
v 2.34999999910593 17.900000023841855 2.124999972184499
v 2.2700000008940693 16.69999997615814 2.124999972184499
v 2.34999999910593 16.69999997615814 2.124999972184499
v 2.34999999910593 17.900000023841855 0.9416666944821674
v 2.2700000008940693 17.900000023841855 0.9416666944821674
v 2.34999999910593 16.69999997615814 0.9416666944821674
v 2.2700000008940693 16.69999997615814 0.9416666944821674
vt 0 1
vt 1 1
vt 0 0
vt 1 0
vt 0 1
vt 1 1
vt 0 0
vt 1 0
vt 0 1
vt 1 1
vt 0 0
vt 1 0
vt 0 1
vt 1 1
vt 0 0
vt 1 0
vt 0 1
vt 1 1
vt 0 0
vt 1 0
vt 0 1
vt 1 1
vt 0 0
vt 1 0
vn 1 0 0
vn 1 0 0
vn 1 0 0
vn 1 0 0
vn -1 0 0
vn -1 0 0
vn -1 0 0
vn -1 0 0
vn 0 1 0
vn 0 1 0
vn 0 1 0
vn 0 1 0
vn 0 -1 0
vn 0 -1 0
vn 0 -1 0
vn 0 -1 0
vn 0 0 1
vn 0 0 1
vn 0 0 1
vn 0 0 1
vn 0 0 -1
vn 0 0 -1
vn 0 0 -1
vn 0 0 -1
f 3289/3289/3289 3291/3291/3291 3290/3290/3290
f 3291/3291/3291 3292/3292/3292 3290/3290/3290
f 3293/3293/3293 3295/3295/3295 3294/3294/3294
f 3295/3295/3295 3296/3296/3296 3294/3294/3294
f 3297/3297/3297 3299/3299/3299 3298/3298/3298
f 3299/3299/3299 3300/3300/3300 3298/3298/3298
f 3301/3301/3301 3303/3303/3303 3302/3302/3302
f 3303/3303/3303 3304/3304/3304 3302/3302/3302
f 3305/3305/3305 3307/3307/3307 3306/3306/3306
f 3307/3307/3307 3308/3308/3308 3306/3306/3306
f 3309/3309/3309 3311/3311/3311 3310/3310/3310
f 3311/3311/3311 3312/3312/3312 3310/3310/3310
o glass_112-1
usemtl paleblue
v 2.124999972184499 17.900000023841855 -2.2700000008940693
v 2.124999972184499 17.900000023841855 -2.34999999910593
v 2.124999972184499 16.69999997615814 -2.2700000008940693
v 2.124999972184499 16.69999997615814 -2.34999999910593
v 0.9416666944821674 17.900000023841855 -2.34999999910593
v 0.9416666944821674 17.900000023841855 -2.2700000008940693
v 0.9416666944821674 16.69999997615814 -2.34999999910593
v 0.9416666944821674 16.69999997615814 -2.2700000008940693
v 0.9416666944821674 17.900000023841855 -2.34999999910593
v 2.124999972184499 17.900000023841855 -2.34999999910593
v 0.9416666944821674 17.900000023841855 -2.2700000008940693
v 2.124999972184499 17.900000023841855 -2.2700000008940693
v 0.9416666944821674 16.69999997615814 -2.2700000008940693
v 2.124999972184499 16.69999997615814 -2.2700000008940693
v 0.9416666944821674 16.69999997615814 -2.34999999910593
v 2.124999972184499 16.69999997615814 -2.34999999910593
v 0.9416666944821674 17.900000023841855 -2.2700000008940693
v 2.124999972184499 17.900000023841855 -2.2700000008940693
v 0.9416666944821674 16.69999997615814 -2.2700000008940693
v 2.124999972184499 16.69999997615814 -2.2700000008940693
v 2.124999972184499 17.900000023841855 -2.34999999910593
v 0.9416666944821674 17.900000023841855 -2.34999999910593
v 2.124999972184499 16.69999997615814 -2.34999999910593
v 0.9416666944821674 16.69999997615814 -2.34999999910593
vt 0 1
vt 1 1
vt 0 0
vt 1 0
vt 0 1
vt 1 1
vt 0 0
vt 1 0
vt 0 1
vt 1 1
vt 0 0
vt 1 0
vt 0 1
vt 1 1
vt 0 0
vt 1 0
vt 0 1
vt 1 1
vt 0 0
vt 1 0
vt 0 1
vt 1 1
vt 0 0
vt 1 0
vn 1 0 0
vn 1 0 0
vn 1 0 0
vn 1 0 0
vn -1 0 0
vn -1 0 0
vn -1 0 0
vn -1 0 0
vn 0 1 0
vn 0 1 0
vn 0 1 0
vn 0 1 0
vn 0 -1 0
vn 0 -1 0
vn 0 -1 0
vn 0 -1 0
vn 0 0 1
vn 0 0 1
vn 0 0 1
vn 0 0 1
vn 0 0 -1
vn 0 0 -1
vn 0 0 -1
vn 0 0 -1
f 3313/3313/3313 3315/3315/3315 3314/3314/3314
f 3315/3315/3315 3316/3316/3316 3314/3314/3314
f 3317/3317/3317 3319/3319/3319 3318/3318/3318
f 3319/3319/3319 3320/3320/3320 3318/3318/3318
f 3321/3321/3321 3323/3323/3323 3322/3322/3322
f 3323/3323/3323 3324/3324/3324 3322/3322/3322
f 3325/3325/3325 3327/3327/3327 3326/3326/3326
f 3327/3327/3327 3328/3328/3328 3326/3326/3326
f 3329/3329/3329 3331/3331/3331 3330/3330/3330
f 3331/3331/3331 3332/3332/3332 3330/3330/3330
f 3333/3333/3333 3335/3335/3335 3334/3334/3334
f 3335/3335/3335 3336/3336/3336 3334/3334/3334
o glass_s112-1
usemtl paleblue
v -2.2700000008940693 17.900000023841855 2.124999972184499
v -2.2700000008940693 17.900000023841855 0.9416666944821674
v -2.2700000008940693 16.69999997615814 2.124999972184499
v -2.2700000008940693 16.69999997615814 0.9416666944821674
v -2.34999999910593 17.900000023841855 0.9416666944821674
v -2.34999999910593 17.900000023841855 2.124999972184499
v -2.34999999910593 16.69999997615814 0.9416666944821674
v -2.34999999910593 16.69999997615814 2.124999972184499
v -2.34999999910593 17.900000023841855 0.9416666944821674
v -2.2700000008940693 17.900000023841855 0.9416666944821674
v -2.34999999910593 17.900000023841855 2.124999972184499
v -2.2700000008940693 17.900000023841855 2.124999972184499
v -2.34999999910593 16.69999997615814 2.124999972184499
v -2.2700000008940693 16.69999997615814 2.124999972184499
v -2.34999999910593 16.69999997615814 0.9416666944821674
v -2.2700000008940693 16.69999997615814 0.9416666944821674
v -2.34999999910593 17.900000023841855 2.124999972184499
v -2.2700000008940693 17.900000023841855 2.124999972184499
v -2.34999999910593 16.69999997615814 2.124999972184499
v -2.2700000008940693 16.69999997615814 2.124999972184499
v -2.2700000008940693 17.900000023841855 0.9416666944821674
v -2.34999999910593 17.900000023841855 0.9416666944821674
v -2.2700000008940693 16.69999997615814 0.9416666944821674
v -2.34999999910593 16.69999997615814 0.9416666944821674
vt 0 1
vt 1 1
vt 0 0
vt 1 0
vt 0 1
vt 1 1
vt 0 0
vt 1 0
vt 0 1
vt 1 1
vt 0 0
vt 1 0
vt 0 1
vt 1 1
vt 0 0
vt 1 0
vt 0 1
vt 1 1
vt 0 0
vt 1 0
vt 0 1
vt 1 1
vt 0 0
vt 1 0
vn 1 0 0
vn 1 0 0
vn 1 0 0
vn 1 0 0
vn -1 0 0
vn -1 0 0
vn -1 0 0
vn -1 0 0
vn 0 1 0
vn 0 1 0
vn 0 1 0
vn 0 1 0
vn 0 -1 0
vn 0 -1 0
vn 0 -1 0
vn 0 -1 0
vn 0 0 1
vn 0 0 1
vn 0 0 1
vn 0 0 1
vn 0 0 -1
vn 0 0 -1
vn 0 0 -1
vn 0 0 -1
f 3337/3337/3337 3339/3339/3339 3338/3338/3338
f 3339/3339/3339 3340/3340/3340 3338/3338/3338
f 3341/3341/3341 3343/3343/3343 3342/3342/3342
f 3343/3343/3343 3344/3344/3344 3342/3342/3342
f 3345/3345/3345 3347/3347/3347 3346/3346/3346
f 3347/3347/3347 3348/3348/3348 3346/3346/3346
f 3349/3349/3349 3351/3351/3351 3350/3350/3350
f 3351/3351/3351 3352/3352/3352 3350/3350/3350
f 3353/3353/3353 3355/3355/3355 3354/3354/3354
f 3355/3355/3355 3356/3356/3356 3354/3354/3354
f 3357/3357/3357 3359/3359/3359 3358/3358/3358
f 3359/3359/3359 3360/3360/3360 3358/3358/3358
o glass_1201
usemtl paleblue
v -0.9416666944821674 19.900000023841855 2.34999999910593
v -0.9416666944821674 19.900000023841855 2.2700000008940693
v -0.9416666944821674 18.69999997615814 2.34999999910593
v -0.9416666944821674 18.69999997615814 2.2700000008940693
v -2.124999972184499 19.900000023841855 2.2700000008940693
v -2.124999972184499 19.900000023841855 2.34999999910593
v -2.124999972184499 18.69999997615814 2.2700000008940693
v -2.124999972184499 18.69999997615814 2.34999999910593
v -2.124999972184499 19.900000023841855 2.2700000008940693
v -0.9416666944821674 19.900000023841855 2.2700000008940693
v -2.124999972184499 19.900000023841855 2.34999999910593
v -0.9416666944821674 19.900000023841855 2.34999999910593
v -2.124999972184499 18.69999997615814 2.34999999910593
v -0.9416666944821674 18.69999997615814 2.34999999910593
v -2.124999972184499 18.69999997615814 2.2700000008940693
v -0.9416666944821674 18.69999997615814 2.2700000008940693
v -2.124999972184499 19.900000023841855 2.34999999910593
v -0.9416666944821674 19.900000023841855 2.34999999910593
v -2.124999972184499 18.69999997615814 2.34999999910593
v -0.9416666944821674 18.69999997615814 2.34999999910593
v -0.9416666944821674 19.900000023841855 2.2700000008940693
v -2.124999972184499 19.900000023841855 2.2700000008940693
v -0.9416666944821674 18.69999997615814 2.2700000008940693
v -2.124999972184499 18.69999997615814 2.2700000008940693
vt 0 1
vt 1 1
vt 0 0
vt 1 0
vt 0 1
vt 1 1
vt 0 0
vt 1 0
vt 0 1
vt 1 1
vt 0 0
vt 1 0
vt 0 1
vt 1 1
vt 0 0
vt 1 0
vt 0 1
vt 1 1
vt 0 0
vt 1 0
vt 0 1
vt 1 1
vt 0 0
vt 1 0
vn 1 0 0
vn 1 0 0
vn 1 0 0
vn 1 0 0
vn -1 0 0
vn -1 0 0
vn -1 0 0
vn -1 0 0
vn 0 1 0
vn 0 1 0
vn 0 1 0
vn 0 1 0
vn 0 -1 0
vn 0 -1 0
vn 0 -1 0
vn 0 -1 0
vn 0 0 1
vn 0 0 1
vn 0 0 1
vn 0 0 1
vn 0 0 -1
vn 0 0 -1
vn 0 0 -1
vn 0 0 -1
f 3361/3361/3361 3363/3363/3363 3362/3362/3362
f 3363/3363/3363 3364/3364/3364 3362/3362/3362
f 3365/3365/3365 3367/3367/3367 3366/3366/3366
f 3367/3367/3367 3368/3368/3368 3366/3366/3366
f 3369/3369/3369 3371/3371/3371 3370/3370/3370
f 3371/3371/3371 3372/3372/3372 3370/3370/3370
f 3373/3373/3373 3375/3375/3375 3374/3374/3374
f 3375/3375/3375 3376/3376/3376 3374/3374/3374
f 3377/3377/3377 3379/3379/3379 3378/3378/3378
f 3379/3379/3379 3380/3380/3380 3378/3378/3378
f 3381/3381/3381 3383/3383/3383 3382/3382/3382
f 3383/3383/3383 3384/3384/3384 3382/3382/3382
o glass_s1201
usemtl paleblue
v 2.34999999910593 19.900000023841855 -0.9416666944821674
v 2.34999999910593 19.900000023841855 -2.124999972184499
v 2.34999999910593 18.69999997615814 -0.9416666944821674
v 2.34999999910593 18.69999997615814 -2.124999972184499
v 2.2700000008940693 19.900000023841855 -2.124999972184499
v 2.2700000008940693 19.900000023841855 -0.9416666944821674
v 2.2700000008940693 18.69999997615814 -2.124999972184499
v 2.2700000008940693 18.69999997615814 -0.9416666944821674
v 2.2700000008940693 19.900000023841855 -2.124999972184499
v 2.34999999910593 19.900000023841855 -2.124999972184499
v 2.2700000008940693 19.900000023841855 -0.9416666944821674
v 2.34999999910593 19.900000023841855 -0.9416666944821674
v 2.2700000008940693 18.69999997615814 -0.9416666944821674
v 2.34999999910593 18.69999997615814 -0.9416666944821674
v 2.2700000008940693 18.69999997615814 -2.124999972184499
v 2.34999999910593 18.69999997615814 -2.124999972184499
v 2.2700000008940693 19.900000023841855 -0.9416666944821674
v 2.34999999910593 19.900000023841855 -0.9416666944821674
v 2.2700000008940693 18.69999997615814 -0.9416666944821674
v 2.34999999910593 18.69999997615814 -0.9416666944821674
v 2.34999999910593 19.900000023841855 -2.124999972184499
v 2.2700000008940693 19.900000023841855 -2.124999972184499
v 2.34999999910593 18.69999997615814 -2.124999972184499
v 2.2700000008940693 18.69999997615814 -2.124999972184499
vt 0 1
vt 1 1
vt 0 0
vt 1 0
vt 0 1
vt 1 1
vt 0 0
vt 1 0
vt 0 1
vt 1 1
vt 0 0
vt 1 0
vt 0 1
vt 1 1
vt 0 0
vt 1 0
vt 0 1
vt 1 1
vt 0 0
vt 1 0
vt 0 1
vt 1 1
vt 0 0
vt 1 0
vn 1 0 0
vn 1 0 0
vn 1 0 0
vn 1 0 0
vn -1 0 0
vn -1 0 0
vn -1 0 0
vn -1 0 0
vn 0 1 0
vn 0 1 0
vn 0 1 0
vn 0 1 0
vn 0 -1 0
vn 0 -1 0
vn 0 -1 0
vn 0 -1 0
vn 0 0 1
vn 0 0 1
vn 0 0 1
vn 0 0 1
vn 0 0 -1
vn 0 0 -1
vn 0 0 -1
vn 0 0 -1
f 3385/3385/3385 3387/3387/3387 3386/3386/3386
f 3387/3387/3387 3388/3388/3388 3386/3386/3386
f 3389/3389/3389 3391/3391/3391 3390/3390/3390
f 3391/3391/3391 3392/3392/3392 3390/3390/3390
f 3393/3393/3393 3395/3395/3395 3394/3394/3394
f 3395/3395/3395 3396/3396/3396 3394/3394/3394
f 3397/3397/3397 3399/3399/3399 3398/3398/3398
f 3399/3399/3399 3400/3400/3400 3398/3398/3398
f 3401/3401/3401 3403/3403/3403 3402/3402/3402
f 3403/3403/3403 3404/3404/3404 3402/3402/3402
f 3405/3405/3405 3407/3407/3407 3406/3406/3406
f 3407/3407/3407 3408/3408/3408 3406/3406/3406
o glass_120-1
usemtl paleblue
v -0.9416666944821674 19.900000023841855 -2.2700000008940693
v -0.9416666944821674 19.900000023841855 -2.34999999910593
v -0.9416666944821674 18.69999997615814 -2.2700000008940693
v -0.9416666944821674 18.69999997615814 -2.34999999910593
v -2.124999972184499 19.900000023841855 -2.34999999910593
v -2.124999972184499 19.900000023841855 -2.2700000008940693
v -2.124999972184499 18.69999997615814 -2.34999999910593
v -2.124999972184499 18.69999997615814 -2.2700000008940693
v -2.124999972184499 19.900000023841855 -2.34999999910593
v -0.9416666944821674 19.900000023841855 -2.34999999910593
v -2.124999972184499 19.900000023841855 -2.2700000008940693
v -0.9416666944821674 19.900000023841855 -2.2700000008940693
v -2.124999972184499 18.69999997615814 -2.2700000008940693
v -0.9416666944821674 18.69999997615814 -2.2700000008940693
v -2.124999972184499 18.69999997615814 -2.34999999910593
v -0.9416666944821674 18.69999997615814 -2.34999999910593
v -2.124999972184499 19.900000023841855 -2.2700000008940693
v -0.9416666944821674 19.900000023841855 -2.2700000008940693
v -2.124999972184499 18.69999997615814 -2.2700000008940693
v -0.9416666944821674 18.69999997615814 -2.2700000008940693
v -0.9416666944821674 19.900000023841855 -2.34999999910593
v -2.124999972184499 19.900000023841855 -2.34999999910593
v -0.9416666944821674 18.69999997615814 -2.34999999910593
v -2.124999972184499 18.69999997615814 -2.34999999910593
vt 0 1
vt 1 1
vt 0 0
vt 1 0
vt 0 1
vt 1 1
vt 0 0
vt 1 0
vt 0 1
vt 1 1
vt 0 0
vt 1 0
vt 0 1
vt 1 1
vt 0 0
vt 1 0
vt 0 1
vt 1 1
vt 0 0
vt 1 0
vt 0 1
vt 1 1
vt 0 0
vt 1 0
vn 1 0 0
vn 1 0 0
vn 1 0 0
vn 1 0 0
vn -1 0 0
vn -1 0 0
vn -1 0 0
vn -1 0 0
vn 0 1 0
vn 0 1 0
vn 0 1 0
vn 0 1 0
vn 0 -1 0
vn 0 -1 0
vn 0 -1 0
vn 0 -1 0
vn 0 0 1
vn 0 0 1
vn 0 0 1
vn 0 0 1
vn 0 0 -1
vn 0 0 -1
vn 0 0 -1
vn 0 0 -1
f 3409/3409/3409 3411/3411/3411 3410/3410/3410
f 3411/3411/3411 3412/3412/3412 3410/3410/3410
f 3413/3413/3413 3415/3415/3415 3414/3414/3414
f 3415/3415/3415 3416/3416/3416 3414/3414/3414
f 3417/3417/3417 3419/3419/3419 3418/3418/3418
f 3419/3419/3419 3420/3420/3420 3418/3418/3418
f 3421/3421/3421 3423/3423/3423 3422/3422/3422
f 3423/3423/3423 3424/3424/3424 3422/3422/3422
f 3425/3425/3425 3427/3427/3427 3426/3426/3426
f 3427/3427/3427 3428/3428/3428 3426/3426/3426
f 3429/3429/3429 3431/3431/3431 3430/3430/3430
f 3431/3431/3431 3432/3432/3432 3430/3430/3430
o glass_s120-1
usemtl paleblue
v -2.2700000008940693 19.900000023841855 -0.9416666944821674
v -2.2700000008940693 19.900000023841855 -2.124999972184499
v -2.2700000008940693 18.69999997615814 -0.9416666944821674
v -2.2700000008940693 18.69999997615814 -2.124999972184499
v -2.34999999910593 19.900000023841855 -2.124999972184499
v -2.34999999910593 19.900000023841855 -0.9416666944821674
v -2.34999999910593 18.69999997615814 -2.124999972184499
v -2.34999999910593 18.69999997615814 -0.9416666944821674
v -2.34999999910593 19.900000023841855 -2.124999972184499
v -2.2700000008940693 19.900000023841855 -2.124999972184499
v -2.34999999910593 19.900000023841855 -0.9416666944821674
v -2.2700000008940693 19.900000023841855 -0.9416666944821674
v -2.34999999910593 18.69999997615814 -0.9416666944821674
v -2.2700000008940693 18.69999997615814 -0.9416666944821674
v -2.34999999910593 18.69999997615814 -2.124999972184499
v -2.2700000008940693 18.69999997615814 -2.124999972184499
v -2.34999999910593 19.900000023841855 -0.9416666944821674
v -2.2700000008940693 19.900000023841855 -0.9416666944821674
v -2.34999999910593 18.69999997615814 -0.9416666944821674
v -2.2700000008940693 18.69999997615814 -0.9416666944821674
v -2.2700000008940693 19.900000023841855 -2.124999972184499
v -2.34999999910593 19.900000023841855 -2.124999972184499
v -2.2700000008940693 18.69999997615814 -2.124999972184499
v -2.34999999910593 18.69999997615814 -2.124999972184499
vt 0 1
vt 1 1
vt 0 0
vt 1 0
vt 0 1
vt 1 1
vt 0 0
vt 1 0
vt 0 1
vt 1 1
vt 0 0
vt 1 0
vt 0 1
vt 1 1
vt 0 0
vt 1 0
vt 0 1
vt 1 1
vt 0 0
vt 1 0
vt 0 1
vt 1 1
vt 0 0
vt 1 0
vn 1 0 0
vn 1 0 0
vn 1 0 0
vn 1 0 0
vn -1 0 0
vn -1 0 0
vn -1 0 0
vn -1 0 0
vn 0 1 0
vn 0 1 0
vn 0 1 0
vn 0 1 0
vn 0 -1 0
vn 0 -1 0
vn 0 -1 0
vn 0 -1 0
vn 0 0 1
vn 0 0 1
vn 0 0 1
vn 0 0 1
vn 0 0 -1
vn 0 0 -1
vn 0 0 -1
vn 0 0 -1
f 3433/3433/3433 3435/3435/3435 3434/3434/3434
f 3435/3435/3435 3436/3436/3436 3434/3434/3434
f 3437/3437/3437 3439/3439/3439 3438/3438/3438
f 3439/3439/3439 3440/3440/3440 3438/3438/3438
f 3441/3441/3441 3443/3443/3443 3442/3442/3442
f 3443/3443/3443 3444/3444/3444 3442/3442/3442
f 3445/3445/3445 3447/3447/3447 3446/3446/3446
f 3447/3447/3447 3448/3448/3448 3446/3446/3446
f 3449/3449/3449 3451/3451/3451 3450/3450/3450
f 3451/3451/3451 3452/3452/3452 3450/3450/3450
f 3453/3453/3453 3455/3455/3455 3454/3454/3454
f 3455/3455/3455 3456/3456/3456 3454/3454/3454
o glass_1211
usemtl paleblue
v 0.5916666388511658 19.900000023841855 2.34999999910593
v 0.5916666388511658 19.900000023841855 2.2700000008940693
v 0.5916666388511658 18.69999997615814 2.34999999910593
v 0.5916666388511658 18.69999997615814 2.2700000008940693
v -0.5916666388511658 19.900000023841855 2.2700000008940693
v -0.5916666388511658 19.900000023841855 2.34999999910593
v -0.5916666388511658 18.69999997615814 2.2700000008940693
v -0.5916666388511658 18.69999997615814 2.34999999910593
v -0.5916666388511658 19.900000023841855 2.2700000008940693
v 0.5916666388511658 19.900000023841855 2.2700000008940693
v -0.5916666388511658 19.900000023841855 2.34999999910593
v 0.5916666388511658 19.900000023841855 2.34999999910593
v -0.5916666388511658 18.69999997615814 2.34999999910593
v 0.5916666388511658 18.69999997615814 2.34999999910593
v -0.5916666388511658 18.69999997615814 2.2700000008940693
v 0.5916666388511658 18.69999997615814 2.2700000008940693
v -0.5916666388511658 19.900000023841855 2.34999999910593
v 0.5916666388511658 19.900000023841855 2.34999999910593
v -0.5916666388511658 18.69999997615814 2.34999999910593
v 0.5916666388511658 18.69999997615814 2.34999999910593
v 0.5916666388511658 19.900000023841855 2.2700000008940693
v -0.5916666388511658 19.900000023841855 2.2700000008940693
v 0.5916666388511658 18.69999997615814 2.2700000008940693
v -0.5916666388511658 18.69999997615814 2.2700000008940693
vt 0 1
vt 1 1
vt 0 0
vt 1 0
vt 0 1
vt 1 1
vt 0 0
vt 1 0
vt 0 1
vt 1 1
vt 0 0
vt 1 0
vt 0 1
vt 1 1
vt 0 0
vt 1 0
vt 0 1
vt 1 1
vt 0 0
vt 1 0
vt 0 1
vt 1 1
vt 0 0
vt 1 0
vn 1 0 0
vn 1 0 0
vn 1 0 0
vn 1 0 0
vn -1 0 0
vn -1 0 0
vn -1 0 0
vn -1 0 0
vn 0 1 0
vn 0 1 0
vn 0 1 0
vn 0 1 0
vn 0 -1 0
vn 0 -1 0
vn 0 -1 0
vn 0 -1 0
vn 0 0 1
vn 0 0 1
vn 0 0 1
vn 0 0 1
vn 0 0 -1
vn 0 0 -1
vn 0 0 -1
vn 0 0 -1
f 3457/3457/3457 3459/3459/3459 3458/3458/3458
f 3459/3459/3459 3460/3460/3460 3458/3458/3458
f 3461/3461/3461 3463/3463/3463 3462/3462/3462
f 3463/3463/3463 3464/3464/3464 3462/3462/3462
f 3465/3465/3465 3467/3467/3467 3466/3466/3466
f 3467/3467/3467 3468/3468/3468 3466/3466/3466
f 3469/3469/3469 3471/3471/3471 3470/3470/3470
f 3471/3471/3471 3472/3472/3472 3470/3470/3470
f 3473/3473/3473 3475/3475/3475 3474/3474/3474
f 3475/3475/3475 3476/3476/3476 3474/3474/3474
f 3477/3477/3477 3479/3479/3479 3478/3478/3478
f 3479/3479/3479 3480/3480/3480 3478/3478/3478
o glass_s1211
usemtl paleblue
v 2.34999999910593 19.900000023841855 0.5916666388511658
v 2.34999999910593 19.900000023841855 -0.5916666388511658
v 2.34999999910593 18.69999997615814 0.5916666388511658
v 2.34999999910593 18.69999997615814 -0.5916666388511658
v 2.2700000008940693 19.900000023841855 -0.5916666388511658
v 2.2700000008940693 19.900000023841855 0.5916666388511658
v 2.2700000008940693 18.69999997615814 -0.5916666388511658
v 2.2700000008940693 18.69999997615814 0.5916666388511658
v 2.2700000008940693 19.900000023841855 -0.5916666388511658
v 2.34999999910593 19.900000023841855 -0.5916666388511658
v 2.2700000008940693 19.900000023841855 0.5916666388511658
v 2.34999999910593 19.900000023841855 0.5916666388511658
v 2.2700000008940693 18.69999997615814 0.5916666388511658
v 2.34999999910593 18.69999997615814 0.5916666388511658
v 2.2700000008940693 18.69999997615814 -0.5916666388511658
v 2.34999999910593 18.69999997615814 -0.5916666388511658
v 2.2700000008940693 19.900000023841855 0.5916666388511658
v 2.34999999910593 19.900000023841855 0.5916666388511658
v 2.2700000008940693 18.69999997615814 0.5916666388511658
v 2.34999999910593 18.69999997615814 0.5916666388511658
v 2.34999999910593 19.900000023841855 -0.5916666388511658
v 2.2700000008940693 19.900000023841855 -0.5916666388511658
v 2.34999999910593 18.69999997615814 -0.5916666388511658
v 2.2700000008940693 18.69999997615814 -0.5916666388511658
vt 0 1
vt 1 1
vt 0 0
vt 1 0
vt 0 1
vt 1 1
vt 0 0
vt 1 0
vt 0 1
vt 1 1
vt 0 0
vt 1 0
vt 0 1
vt 1 1
vt 0 0
vt 1 0
vt 0 1
vt 1 1
vt 0 0
vt 1 0
vt 0 1
vt 1 1
vt 0 0
vt 1 0
vn 1 0 0
vn 1 0 0
vn 1 0 0
vn 1 0 0
vn -1 0 0
vn -1 0 0
vn -1 0 0
vn -1 0 0
vn 0 1 0
vn 0 1 0
vn 0 1 0
vn 0 1 0
vn 0 -1 0
vn 0 -1 0
vn 0 -1 0
vn 0 -1 0
vn 0 0 1
vn 0 0 1
vn 0 0 1
vn 0 0 1
vn 0 0 -1
vn 0 0 -1
vn 0 0 -1
vn 0 0 -1
f 3481/3481/3481 3483/3483/3483 3482/3482/3482
f 3483/3483/3483 3484/3484/3484 3482/3482/3482
f 3485/3485/3485 3487/3487/3487 3486/3486/3486
f 3487/3487/3487 3488/3488/3488 3486/3486/3486
f 3489/3489/3489 3491/3491/3491 3490/3490/3490
f 3491/3491/3491 3492/3492/3492 3490/3490/3490
f 3493/3493/3493 3495/3495/3495 3494/3494/3494
f 3495/3495/3495 3496/3496/3496 3494/3494/3494
f 3497/3497/3497 3499/3499/3499 3498/3498/3498
f 3499/3499/3499 3500/3500/3500 3498/3498/3498
f 3501/3501/3501 3503/3503/3503 3502/3502/3502
f 3503/3503/3503 3504/3504/3504 3502/3502/3502
o glass_121-1
usemtl paleblue
v 0.5916666388511658 19.900000023841855 -2.2700000008940693
v 0.5916666388511658 19.900000023841855 -2.34999999910593
v 0.5916666388511658 18.69999997615814 -2.2700000008940693
v 0.5916666388511658 18.69999997615814 -2.34999999910593
v -0.5916666388511658 19.900000023841855 -2.34999999910593
v -0.5916666388511658 19.900000023841855 -2.2700000008940693
v -0.5916666388511658 18.69999997615814 -2.34999999910593
v -0.5916666388511658 18.69999997615814 -2.2700000008940693
v -0.5916666388511658 19.900000023841855 -2.34999999910593
v 0.5916666388511658 19.900000023841855 -2.34999999910593
v -0.5916666388511658 19.900000023841855 -2.2700000008940693
v 0.5916666388511658 19.900000023841855 -2.2700000008940693
v -0.5916666388511658 18.69999997615814 -2.2700000008940693
v 0.5916666388511658 18.69999997615814 -2.2700000008940693
v -0.5916666388511658 18.69999997615814 -2.34999999910593
v 0.5916666388511658 18.69999997615814 -2.34999999910593
v -0.5916666388511658 19.900000023841855 -2.2700000008940693
v 0.5916666388511658 19.900000023841855 -2.2700000008940693
v -0.5916666388511658 18.69999997615814 -2.2700000008940693
v 0.5916666388511658 18.69999997615814 -2.2700000008940693
v 0.5916666388511658 19.900000023841855 -2.34999999910593
v -0.5916666388511658 19.900000023841855 -2.34999999910593
v 0.5916666388511658 18.69999997615814 -2.34999999910593
v -0.5916666388511658 18.69999997615814 -2.34999999910593
vt 0 1
vt 1 1
vt 0 0
vt 1 0
vt 0 1
vt 1 1
vt 0 0
vt 1 0
vt 0 1
vt 1 1
vt 0 0
vt 1 0
vt 0 1
vt 1 1
vt 0 0
vt 1 0
vt 0 1
vt 1 1
vt 0 0
vt 1 0
vt 0 1
vt 1 1
vt 0 0
vt 1 0
vn 1 0 0
vn 1 0 0
vn 1 0 0
vn 1 0 0
vn -1 0 0
vn -1 0 0
vn -1 0 0
vn -1 0 0
vn 0 1 0
vn 0 1 0
vn 0 1 0
vn 0 1 0
vn 0 -1 0
vn 0 -1 0
vn 0 -1 0
vn 0 -1 0
vn 0 0 1
vn 0 0 1
vn 0 0 1
vn 0 0 1
vn 0 0 -1
vn 0 0 -1
vn 0 0 -1
vn 0 0 -1
f 3505/3505/3505 3507/3507/3507 3506/3506/3506
f 3507/3507/3507 3508/3508/3508 3506/3506/3506
f 3509/3509/3509 3511/3511/3511 3510/3510/3510
f 3511/3511/3511 3512/3512/3512 3510/3510/3510
f 3513/3513/3513 3515/3515/3515 3514/3514/3514
f 3515/3515/3515 3516/3516/3516 3514/3514/3514
f 3517/3517/3517 3519/3519/3519 3518/3518/3518
f 3519/3519/3519 3520/3520/3520 3518/3518/3518
f 3521/3521/3521 3523/3523/3523 3522/3522/3522
f 3523/3523/3523 3524/3524/3524 3522/3522/3522
f 3525/3525/3525 3527/3527/3527 3526/3526/3526
f 3527/3527/3527 3528/3528/3528 3526/3526/3526
o glass_s121-1
usemtl paleblue
v -2.2700000008940693 19.900000023841855 0.5916666388511658
v -2.2700000008940693 19.900000023841855 -0.5916666388511658
v -2.2700000008940693 18.69999997615814 0.5916666388511658
v -2.2700000008940693 18.69999997615814 -0.5916666388511658
v -2.34999999910593 19.900000023841855 -0.5916666388511658
v -2.34999999910593 19.900000023841855 0.5916666388511658
v -2.34999999910593 18.69999997615814 -0.5916666388511658
v -2.34999999910593 18.69999997615814 0.5916666388511658
v -2.34999999910593 19.900000023841855 -0.5916666388511658
v -2.2700000008940693 19.900000023841855 -0.5916666388511658
v -2.34999999910593 19.900000023841855 0.5916666388511658
v -2.2700000008940693 19.900000023841855 0.5916666388511658
v -2.34999999910593 18.69999997615814 0.5916666388511658
v -2.2700000008940693 18.69999997615814 0.5916666388511658
v -2.34999999910593 18.69999997615814 -0.5916666388511658
v -2.2700000008940693 18.69999997615814 -0.5916666388511658
v -2.34999999910593 19.900000023841855 0.5916666388511658
v -2.2700000008940693 19.900000023841855 0.5916666388511658
v -2.34999999910593 18.69999997615814 0.5916666388511658
v -2.2700000008940693 18.69999997615814 0.5916666388511658
v -2.2700000008940693 19.900000023841855 -0.5916666388511658
v -2.34999999910593 19.900000023841855 -0.5916666388511658
v -2.2700000008940693 18.69999997615814 -0.5916666388511658
v -2.34999999910593 18.69999997615814 -0.5916666388511658
vt 0 1
vt 1 1
vt 0 0
vt 1 0
vt 0 1
vt 1 1
vt 0 0
vt 1 0
vt 0 1
vt 1 1
vt 0 0
vt 1 0
vt 0 1
vt 1 1
vt 0 0
vt 1 0
vt 0 1
vt 1 1
vt 0 0
vt 1 0
vt 0 1
vt 1 1
vt 0 0
vt 1 0
vn 1 0 0
vn 1 0 0
vn 1 0 0
vn 1 0 0
vn -1 0 0
vn -1 0 0
vn -1 0 0
vn -1 0 0
vn 0 1 0
vn 0 1 0
vn 0 1 0
vn 0 1 0
vn 0 -1 0
vn 0 -1 0
vn 0 -1 0
vn 0 -1 0
vn 0 0 1
vn 0 0 1
vn 0 0 1
vn 0 0 1
vn 0 0 -1
vn 0 0 -1
vn 0 0 -1
vn 0 0 -1
f 3529/3529/3529 3531/3531/3531 3530/3530/3530
f 3531/3531/3531 3532/3532/3532 3530/3530/3530
f 3533/3533/3533 3535/3535/3535 3534/3534/3534
f 3535/3535/3535 3536/3536/3536 3534/3534/3534
f 3537/3537/3537 3539/3539/3539 3538/3538/3538
f 3539/3539/3539 3540/3540/3540 3538/3538/3538
f 3541/3541/3541 3543/3543/3543 3542/3542/3542
f 3543/3543/3543 3544/3544/3544 3542/3542/3542
f 3545/3545/3545 3547/3547/3547 3546/3546/3546
f 3547/3547/3547 3548/3548/3548 3546/3546/3546
f 3549/3549/3549 3551/3551/3551 3550/3550/3550
f 3551/3551/3551 3552/3552/3552 3550/3550/3550
o glass_1221
usemtl paleblue
v 2.124999972184499 19.900000023841855 2.34999999910593
v 2.124999972184499 19.900000023841855 2.2700000008940693
v 2.124999972184499 18.69999997615814 2.34999999910593
v 2.124999972184499 18.69999997615814 2.2700000008940693
v 0.9416666944821674 19.900000023841855 2.2700000008940693
v 0.9416666944821674 19.900000023841855 2.34999999910593
v 0.9416666944821674 18.69999997615814 2.2700000008940693
v 0.9416666944821674 18.69999997615814 2.34999999910593
v 0.9416666944821674 19.900000023841855 2.2700000008940693
v 2.124999972184499 19.900000023841855 2.2700000008940693
v 0.9416666944821674 19.900000023841855 2.34999999910593
v 2.124999972184499 19.900000023841855 2.34999999910593
v 0.9416666944821674 18.69999997615814 2.34999999910593
v 2.124999972184499 18.69999997615814 2.34999999910593
v 0.9416666944821674 18.69999997615814 2.2700000008940693
v 2.124999972184499 18.69999997615814 2.2700000008940693
v 0.9416666944821674 19.900000023841855 2.34999999910593
v 2.124999972184499 19.900000023841855 2.34999999910593
v 0.9416666944821674 18.69999997615814 2.34999999910593
v 2.124999972184499 18.69999997615814 2.34999999910593
v 2.124999972184499 19.900000023841855 2.2700000008940693
v 0.9416666944821674 19.900000023841855 2.2700000008940693
v 2.124999972184499 18.69999997615814 2.2700000008940693
v 0.9416666944821674 18.69999997615814 2.2700000008940693
vt 0 1
vt 1 1
vt 0 0
vt 1 0
vt 0 1
vt 1 1
vt 0 0
vt 1 0
vt 0 1
vt 1 1
vt 0 0
vt 1 0
vt 0 1
vt 1 1
vt 0 0
vt 1 0
vt 0 1
vt 1 1
vt 0 0
vt 1 0
vt 0 1
vt 1 1
vt 0 0
vt 1 0
vn 1 0 0
vn 1 0 0
vn 1 0 0
vn 1 0 0
vn -1 0 0
vn -1 0 0
vn -1 0 0
vn -1 0 0
vn 0 1 0
vn 0 1 0
vn 0 1 0
vn 0 1 0
vn 0 -1 0
vn 0 -1 0
vn 0 -1 0
vn 0 -1 0
vn 0 0 1
vn 0 0 1
vn 0 0 1
vn 0 0 1
vn 0 0 -1
vn 0 0 -1
vn 0 0 -1
vn 0 0 -1
f 3553/3553/3553 3555/3555/3555 3554/3554/3554
f 3555/3555/3555 3556/3556/3556 3554/3554/3554
f 3557/3557/3557 3559/3559/3559 3558/3558/3558
f 3559/3559/3559 3560/3560/3560 3558/3558/3558
f 3561/3561/3561 3563/3563/3563 3562/3562/3562
f 3563/3563/3563 3564/3564/3564 3562/3562/3562
f 3565/3565/3565 3567/3567/3567 3566/3566/3566
f 3567/3567/3567 3568/3568/3568 3566/3566/3566
f 3569/3569/3569 3571/3571/3571 3570/3570/3570
f 3571/3571/3571 3572/3572/3572 3570/3570/3570
f 3573/3573/3573 3575/3575/3575 3574/3574/3574
f 3575/3575/3575 3576/3576/3576 3574/3574/3574
o glass_s1221
usemtl paleblue
v 2.34999999910593 19.900000023841855 2.124999972184499
v 2.34999999910593 19.900000023841855 0.9416666944821674
v 2.34999999910593 18.69999997615814 2.124999972184499
v 2.34999999910593 18.69999997615814 0.9416666944821674
v 2.2700000008940693 19.900000023841855 0.9416666944821674
v 2.2700000008940693 19.900000023841855 2.124999972184499
v 2.2700000008940693 18.69999997615814 0.9416666944821674
v 2.2700000008940693 18.69999997615814 2.124999972184499
v 2.2700000008940693 19.900000023841855 0.9416666944821674
v 2.34999999910593 19.900000023841855 0.9416666944821674
v 2.2700000008940693 19.900000023841855 2.124999972184499
v 2.34999999910593 19.900000023841855 2.124999972184499
v 2.2700000008940693 18.69999997615814 2.124999972184499
v 2.34999999910593 18.69999997615814 2.124999972184499
v 2.2700000008940693 18.69999997615814 0.9416666944821674
v 2.34999999910593 18.69999997615814 0.9416666944821674
v 2.2700000008940693 19.900000023841855 2.124999972184499
v 2.34999999910593 19.900000023841855 2.124999972184499
v 2.2700000008940693 18.69999997615814 2.124999972184499
v 2.34999999910593 18.69999997615814 2.124999972184499
v 2.34999999910593 19.900000023841855 0.9416666944821674
v 2.2700000008940693 19.900000023841855 0.9416666944821674
v 2.34999999910593 18.69999997615814 0.9416666944821674
v 2.2700000008940693 18.69999997615814 0.9416666944821674
vt 0 1
vt 1 1
vt 0 0
vt 1 0
vt 0 1
vt 1 1
vt 0 0
vt 1 0
vt 0 1
vt 1 1
vt 0 0
vt 1 0
vt 0 1
vt 1 1
vt 0 0
vt 1 0
vt 0 1
vt 1 1
vt 0 0
vt 1 0
vt 0 1
vt 1 1
vt 0 0
vt 1 0
vn 1 0 0
vn 1 0 0
vn 1 0 0
vn 1 0 0
vn -1 0 0
vn -1 0 0
vn -1 0 0
vn -1 0 0
vn 0 1 0
vn 0 1 0
vn 0 1 0
vn 0 1 0
vn 0 -1 0
vn 0 -1 0
vn 0 -1 0
vn 0 -1 0
vn 0 0 1
vn 0 0 1
vn 0 0 1
vn 0 0 1
vn 0 0 -1
vn 0 0 -1
vn 0 0 -1
vn 0 0 -1
f 3577/3577/3577 3579/3579/3579 3578/3578/3578
f 3579/3579/3579 3580/3580/3580 3578/3578/3578
f 3581/3581/3581 3583/3583/3583 3582/3582/3582
f 3583/3583/3583 3584/3584/3584 3582/3582/3582
f 3585/3585/3585 3587/3587/3587 3586/3586/3586
f 3587/3587/3587 3588/3588/3588 3586/3586/3586
f 3589/3589/3589 3591/3591/3591 3590/3590/3590
f 3591/3591/3591 3592/3592/3592 3590/3590/3590
f 3593/3593/3593 3595/3595/3595 3594/3594/3594
f 3595/3595/3595 3596/3596/3596 3594/3594/3594
f 3597/3597/3597 3599/3599/3599 3598/3598/3598
f 3599/3599/3599 3600/3600/3600 3598/3598/3598
o glass_122-1
usemtl paleblue
v 2.124999972184499 19.900000023841855 -2.2700000008940693
v 2.124999972184499 19.900000023841855 -2.34999999910593
v 2.124999972184499 18.69999997615814 -2.2700000008940693
v 2.124999972184499 18.69999997615814 -2.34999999910593
v 0.9416666944821674 19.900000023841855 -2.34999999910593
v 0.9416666944821674 19.900000023841855 -2.2700000008940693
v 0.9416666944821674 18.69999997615814 -2.34999999910593
v 0.9416666944821674 18.69999997615814 -2.2700000008940693
v 0.9416666944821674 19.900000023841855 -2.34999999910593
v 2.124999972184499 19.900000023841855 -2.34999999910593
v 0.9416666944821674 19.900000023841855 -2.2700000008940693
v 2.124999972184499 19.900000023841855 -2.2700000008940693
v 0.9416666944821674 18.69999997615814 -2.2700000008940693
v 2.124999972184499 18.69999997615814 -2.2700000008940693
v 0.9416666944821674 18.69999997615814 -2.34999999910593
v 2.124999972184499 18.69999997615814 -2.34999999910593
v 0.9416666944821674 19.900000023841855 -2.2700000008940693
v 2.124999972184499 19.900000023841855 -2.2700000008940693
v 0.9416666944821674 18.69999997615814 -2.2700000008940693
v 2.124999972184499 18.69999997615814 -2.2700000008940693
v 2.124999972184499 19.900000023841855 -2.34999999910593
v 0.9416666944821674 19.900000023841855 -2.34999999910593
v 2.124999972184499 18.69999997615814 -2.34999999910593
v 0.9416666944821674 18.69999997615814 -2.34999999910593
vt 0 1
vt 1 1
vt 0 0
vt 1 0
vt 0 1
vt 1 1
vt 0 0
vt 1 0
vt 0 1
vt 1 1
vt 0 0
vt 1 0
vt 0 1
vt 1 1
vt 0 0
vt 1 0
vt 0 1
vt 1 1
vt 0 0
vt 1 0
vt 0 1
vt 1 1
vt 0 0
vt 1 0
vn 1 0 0
vn 1 0 0
vn 1 0 0
vn 1 0 0
vn -1 0 0
vn -1 0 0
vn -1 0 0
vn -1 0 0
vn 0 1 0
vn 0 1 0
vn 0 1 0
vn 0 1 0
vn 0 -1 0
vn 0 -1 0
vn 0 -1 0
vn 0 -1 0
vn 0 0 1
vn 0 0 1
vn 0 0 1
vn 0 0 1
vn 0 0 -1
vn 0 0 -1
vn 0 0 -1
vn 0 0 -1
f 3601/3601/3601 3603/3603/3603 3602/3602/3602
f 3603/3603/3603 3604/3604/3604 3602/3602/3602
f 3605/3605/3605 3607/3607/3607 3606/3606/3606
f 3607/3607/3607 3608/3608/3608 3606/3606/3606
f 3609/3609/3609 3611/3611/3611 3610/3610/3610
f 3611/3611/3611 3612/3612/3612 3610/3610/3610
f 3613/3613/3613 3615/3615/3615 3614/3614/3614
f 3615/3615/3615 3616/3616/3616 3614/3614/3614
f 3617/3617/3617 3619/3619/3619 3618/3618/3618
f 3619/3619/3619 3620/3620/3620 3618/3618/3618
f 3621/3621/3621 3623/3623/3623 3622/3622/3622
f 3623/3623/3623 3624/3624/3624 3622/3622/3622
o glass_s122-1
usemtl paleblue
v -2.2700000008940693 19.900000023841855 2.124999972184499
v -2.2700000008940693 19.900000023841855 0.9416666944821674
v -2.2700000008940693 18.69999997615814 2.124999972184499
v -2.2700000008940693 18.69999997615814 0.9416666944821674
v -2.34999999910593 19.900000023841855 0.9416666944821674
v -2.34999999910593 19.900000023841855 2.124999972184499
v -2.34999999910593 18.69999997615814 0.9416666944821674
v -2.34999999910593 18.69999997615814 2.124999972184499
v -2.34999999910593 19.900000023841855 0.9416666944821674
v -2.2700000008940693 19.900000023841855 0.9416666944821674
v -2.34999999910593 19.900000023841855 2.124999972184499
v -2.2700000008940693 19.900000023841855 2.124999972184499
v -2.34999999910593 18.69999997615814 2.124999972184499
v -2.2700000008940693 18.69999997615814 2.124999972184499
v -2.34999999910593 18.69999997615814 0.9416666944821674
v -2.2700000008940693 18.69999997615814 0.9416666944821674
v -2.34999999910593 19.900000023841855 2.124999972184499
v -2.2700000008940693 19.900000023841855 2.124999972184499
v -2.34999999910593 18.69999997615814 2.124999972184499
v -2.2700000008940693 18.69999997615814 2.124999972184499
v -2.2700000008940693 19.900000023841855 0.9416666944821674
v -2.34999999910593 19.900000023841855 0.9416666944821674
v -2.2700000008940693 18.69999997615814 0.9416666944821674
v -2.34999999910593 18.69999997615814 0.9416666944821674
vt 0 1
vt 1 1
vt 0 0
vt 1 0
vt 0 1
vt 1 1
vt 0 0
vt 1 0
vt 0 1
vt 1 1
vt 0 0
vt 1 0
vt 0 1
vt 1 1
vt 0 0
vt 1 0
vt 0 1
vt 1 1
vt 0 0
vt 1 0
vt 0 1
vt 1 1
vt 0 0
vt 1 0
vn 1 0 0
vn 1 0 0
vn 1 0 0
vn 1 0 0
vn -1 0 0
vn -1 0 0
vn -1 0 0
vn -1 0 0
vn 0 1 0
vn 0 1 0
vn 0 1 0
vn 0 1 0
vn 0 -1 0
vn 0 -1 0
vn 0 -1 0
vn 0 -1 0
vn 0 0 1
vn 0 0 1
vn 0 0 1
vn 0 0 1
vn 0 0 -1
vn 0 0 -1
vn 0 0 -1
vn 0 0 -1
f 3625/3625/3625 3627/3627/3627 3626/3626/3626
f 3627/3627/3627 3628/3628/3628 3626/3626/3626
f 3629/3629/3629 3631/3631/3631 3630/3630/3630
f 3631/3631/3631 3632/3632/3632 3630/3630/3630
f 3633/3633/3633 3635/3635/3635 3634/3634/3634
f 3635/3635/3635 3636/3636/3636 3634/3634/3634
f 3637/3637/3637 3639/3639/3639 3638/3638/3638
f 3639/3639/3639 3640/3640/3640 3638/3638/3638
f 3641/3641/3641 3643/3643/3643 3642/3642/3642
f 3643/3643/3643 3644/3644/3644 3642/3642/3642
f 3645/3645/3645 3647/3647/3647 3646/3646/3646
f 3647/3647/3647 3648/3648/3648 3646/3646/3646
o glass_1301
usemtl paleblue
v -0.9416666944821674 21.900000023841855 2.34999999910593
v -0.9416666944821674 21.900000023841855 2.2700000008940693
v -0.9416666944821674 20.69999997615814 2.34999999910593
v -0.9416666944821674 20.69999997615814 2.2700000008940693
v -2.124999972184499 21.900000023841855 2.2700000008940693
v -2.124999972184499 21.900000023841855 2.34999999910593
v -2.124999972184499 20.69999997615814 2.2700000008940693
v -2.124999972184499 20.69999997615814 2.34999999910593
v -2.124999972184499 21.900000023841855 2.2700000008940693
v -0.9416666944821674 21.900000023841855 2.2700000008940693
v -2.124999972184499 21.900000023841855 2.34999999910593
v -0.9416666944821674 21.900000023841855 2.34999999910593
v -2.124999972184499 20.69999997615814 2.34999999910593
v -0.9416666944821674 20.69999997615814 2.34999999910593
v -2.124999972184499 20.69999997615814 2.2700000008940693
v -0.9416666944821674 20.69999997615814 2.2700000008940693
v -2.124999972184499 21.900000023841855 2.34999999910593
v -0.9416666944821674 21.900000023841855 2.34999999910593
v -2.124999972184499 20.69999997615814 2.34999999910593
v -0.9416666944821674 20.69999997615814 2.34999999910593
v -0.9416666944821674 21.900000023841855 2.2700000008940693
v -2.124999972184499 21.900000023841855 2.2700000008940693
v -0.9416666944821674 20.69999997615814 2.2700000008940693
v -2.124999972184499 20.69999997615814 2.2700000008940693
vt 0 1
vt 1 1
vt 0 0
vt 1 0
vt 0 1
vt 1 1
vt 0 0
vt 1 0
vt 0 1
vt 1 1
vt 0 0
vt 1 0
vt 0 1
vt 1 1
vt 0 0
vt 1 0
vt 0 1
vt 1 1
vt 0 0
vt 1 0
vt 0 1
vt 1 1
vt 0 0
vt 1 0
vn 1 0 0
vn 1 0 0
vn 1 0 0
vn 1 0 0
vn -1 0 0
vn -1 0 0
vn -1 0 0
vn -1 0 0
vn 0 1 0
vn 0 1 0
vn 0 1 0
vn 0 1 0
vn 0 -1 0
vn 0 -1 0
vn 0 -1 0
vn 0 -1 0
vn 0 0 1
vn 0 0 1
vn 0 0 1
vn 0 0 1
vn 0 0 -1
vn 0 0 -1
vn 0 0 -1
vn 0 0 -1
f 3649/3649/3649 3651/3651/3651 3650/3650/3650
f 3651/3651/3651 3652/3652/3652 3650/3650/3650
f 3653/3653/3653 3655/3655/3655 3654/3654/3654
f 3655/3655/3655 3656/3656/3656 3654/3654/3654
f 3657/3657/3657 3659/3659/3659 3658/3658/3658
f 3659/3659/3659 3660/3660/3660 3658/3658/3658
f 3661/3661/3661 3663/3663/3663 3662/3662/3662
f 3663/3663/3663 3664/3664/3664 3662/3662/3662
f 3665/3665/3665 3667/3667/3667 3666/3666/3666
f 3667/3667/3667 3668/3668/3668 3666/3666/3666
f 3669/3669/3669 3671/3671/3671 3670/3670/3670
f 3671/3671/3671 3672/3672/3672 3670/3670/3670
o glass_s1301
usemtl paleblue
v 2.34999999910593 21.900000023841855 -0.9416666944821674
v 2.34999999910593 21.900000023841855 -2.124999972184499
v 2.34999999910593 20.69999997615814 -0.9416666944821674
v 2.34999999910593 20.69999997615814 -2.124999972184499
v 2.2700000008940693 21.900000023841855 -2.124999972184499
v 2.2700000008940693 21.900000023841855 -0.9416666944821674
v 2.2700000008940693 20.69999997615814 -2.124999972184499
v 2.2700000008940693 20.69999997615814 -0.9416666944821674
v 2.2700000008940693 21.900000023841855 -2.124999972184499
v 2.34999999910593 21.900000023841855 -2.124999972184499
v 2.2700000008940693 21.900000023841855 -0.9416666944821674
v 2.34999999910593 21.900000023841855 -0.9416666944821674
v 2.2700000008940693 20.69999997615814 -0.9416666944821674
v 2.34999999910593 20.69999997615814 -0.9416666944821674
v 2.2700000008940693 20.69999997615814 -2.124999972184499
v 2.34999999910593 20.69999997615814 -2.124999972184499
v 2.2700000008940693 21.900000023841855 -0.9416666944821674
v 2.34999999910593 21.900000023841855 -0.9416666944821674
v 2.2700000008940693 20.69999997615814 -0.9416666944821674
v 2.34999999910593 20.69999997615814 -0.9416666944821674
v 2.34999999910593 21.900000023841855 -2.124999972184499
v 2.2700000008940693 21.900000023841855 -2.124999972184499
v 2.34999999910593 20.69999997615814 -2.124999972184499
v 2.2700000008940693 20.69999997615814 -2.124999972184499
vt 0 1
vt 1 1
vt 0 0
vt 1 0
vt 0 1
vt 1 1
vt 0 0
vt 1 0
vt 0 1
vt 1 1
vt 0 0
vt 1 0
vt 0 1
vt 1 1
vt 0 0
vt 1 0
vt 0 1
vt 1 1
vt 0 0
vt 1 0
vt 0 1
vt 1 1
vt 0 0
vt 1 0
vn 1 0 0
vn 1 0 0
vn 1 0 0
vn 1 0 0
vn -1 0 0
vn -1 0 0
vn -1 0 0
vn -1 0 0
vn 0 1 0
vn 0 1 0
vn 0 1 0
vn 0 1 0
vn 0 -1 0
vn 0 -1 0
vn 0 -1 0
vn 0 -1 0
vn 0 0 1
vn 0 0 1
vn 0 0 1
vn 0 0 1
vn 0 0 -1
vn 0 0 -1
vn 0 0 -1
vn 0 0 -1
f 3673/3673/3673 3675/3675/3675 3674/3674/3674
f 3675/3675/3675 3676/3676/3676 3674/3674/3674
f 3677/3677/3677 3679/3679/3679 3678/3678/3678
f 3679/3679/3679 3680/3680/3680 3678/3678/3678
f 3681/3681/3681 3683/3683/3683 3682/3682/3682
f 3683/3683/3683 3684/3684/3684 3682/3682/3682
f 3685/3685/3685 3687/3687/3687 3686/3686/3686
f 3687/3687/3687 3688/3688/3688 3686/3686/3686
f 3689/3689/3689 3691/3691/3691 3690/3690/3690
f 3691/3691/3691 3692/3692/3692 3690/3690/3690
f 3693/3693/3693 3695/3695/3695 3694/3694/3694
f 3695/3695/3695 3696/3696/3696 3694/3694/3694
o glass_130-1
usemtl paleblue
v -0.9416666944821674 21.900000023841855 -2.2700000008940693
v -0.9416666944821674 21.900000023841855 -2.34999999910593
v -0.9416666944821674 20.69999997615814 -2.2700000008940693
v -0.9416666944821674 20.69999997615814 -2.34999999910593
v -2.124999972184499 21.900000023841855 -2.34999999910593
v -2.124999972184499 21.900000023841855 -2.2700000008940693
v -2.124999972184499 20.69999997615814 -2.34999999910593
v -2.124999972184499 20.69999997615814 -2.2700000008940693
v -2.124999972184499 21.900000023841855 -2.34999999910593
v -0.9416666944821674 21.900000023841855 -2.34999999910593
v -2.124999972184499 21.900000023841855 -2.2700000008940693
v -0.9416666944821674 21.900000023841855 -2.2700000008940693
v -2.124999972184499 20.69999997615814 -2.2700000008940693
v -0.9416666944821674 20.69999997615814 -2.2700000008940693
v -2.124999972184499 20.69999997615814 -2.34999999910593
v -0.9416666944821674 20.69999997615814 -2.34999999910593
v -2.124999972184499 21.900000023841855 -2.2700000008940693
v -0.9416666944821674 21.900000023841855 -2.2700000008940693
v -2.124999972184499 20.69999997615814 -2.2700000008940693
v -0.9416666944821674 20.69999997615814 -2.2700000008940693
v -0.9416666944821674 21.900000023841855 -2.34999999910593
v -2.124999972184499 21.900000023841855 -2.34999999910593
v -0.9416666944821674 20.69999997615814 -2.34999999910593
v -2.124999972184499 20.69999997615814 -2.34999999910593
vt 0 1
vt 1 1
vt 0 0
vt 1 0
vt 0 1
vt 1 1
vt 0 0
vt 1 0
vt 0 1
vt 1 1
vt 0 0
vt 1 0
vt 0 1
vt 1 1
vt 0 0
vt 1 0
vt 0 1
vt 1 1
vt 0 0
vt 1 0
vt 0 1
vt 1 1
vt 0 0
vt 1 0
vn 1 0 0
vn 1 0 0
vn 1 0 0
vn 1 0 0
vn -1 0 0
vn -1 0 0
vn -1 0 0
vn -1 0 0
vn 0 1 0
vn 0 1 0
vn 0 1 0
vn 0 1 0
vn 0 -1 0
vn 0 -1 0
vn 0 -1 0
vn 0 -1 0
vn 0 0 1
vn 0 0 1
vn 0 0 1
vn 0 0 1
vn 0 0 -1
vn 0 0 -1
vn 0 0 -1
vn 0 0 -1
f 3697/3697/3697 3699/3699/3699 3698/3698/3698
f 3699/3699/3699 3700/3700/3700 3698/3698/3698
f 3701/3701/3701 3703/3703/3703 3702/3702/3702
f 3703/3703/3703 3704/3704/3704 3702/3702/3702
f 3705/3705/3705 3707/3707/3707 3706/3706/3706
f 3707/3707/3707 3708/3708/3708 3706/3706/3706
f 3709/3709/3709 3711/3711/3711 3710/3710/3710
f 3711/3711/3711 3712/3712/3712 3710/3710/3710
f 3713/3713/3713 3715/3715/3715 3714/3714/3714
f 3715/3715/3715 3716/3716/3716 3714/3714/3714
f 3717/3717/3717 3719/3719/3719 3718/3718/3718
f 3719/3719/3719 3720/3720/3720 3718/3718/3718
o glass_s130-1
usemtl paleblue
v -2.2700000008940693 21.900000023841855 -0.9416666944821674
v -2.2700000008940693 21.900000023841855 -2.124999972184499
v -2.2700000008940693 20.69999997615814 -0.9416666944821674
v -2.2700000008940693 20.69999997615814 -2.124999972184499
v -2.34999999910593 21.900000023841855 -2.124999972184499
v -2.34999999910593 21.900000023841855 -0.9416666944821674
v -2.34999999910593 20.69999997615814 -2.124999972184499
v -2.34999999910593 20.69999997615814 -0.9416666944821674
v -2.34999999910593 21.900000023841855 -2.124999972184499
v -2.2700000008940693 21.900000023841855 -2.124999972184499
v -2.34999999910593 21.900000023841855 -0.9416666944821674
v -2.2700000008940693 21.900000023841855 -0.9416666944821674
v -2.34999999910593 20.69999997615814 -0.9416666944821674
v -2.2700000008940693 20.69999997615814 -0.9416666944821674
v -2.34999999910593 20.69999997615814 -2.124999972184499
v -2.2700000008940693 20.69999997615814 -2.124999972184499
v -2.34999999910593 21.900000023841855 -0.9416666944821674
v -2.2700000008940693 21.900000023841855 -0.9416666944821674
v -2.34999999910593 20.69999997615814 -0.9416666944821674
v -2.2700000008940693 20.69999997615814 -0.9416666944821674
v -2.2700000008940693 21.900000023841855 -2.124999972184499
v -2.34999999910593 21.900000023841855 -2.124999972184499
v -2.2700000008940693 20.69999997615814 -2.124999972184499
v -2.34999999910593 20.69999997615814 -2.124999972184499
vt 0 1
vt 1 1
vt 0 0
vt 1 0
vt 0 1
vt 1 1
vt 0 0
vt 1 0
vt 0 1
vt 1 1
vt 0 0
vt 1 0
vt 0 1
vt 1 1
vt 0 0
vt 1 0
vt 0 1
vt 1 1
vt 0 0
vt 1 0
vt 0 1
vt 1 1
vt 0 0
vt 1 0
vn 1 0 0
vn 1 0 0
vn 1 0 0
vn 1 0 0
vn -1 0 0
vn -1 0 0
vn -1 0 0
vn -1 0 0
vn 0 1 0
vn 0 1 0
vn 0 1 0
vn 0 1 0
vn 0 -1 0
vn 0 -1 0
vn 0 -1 0
vn 0 -1 0
vn 0 0 1
vn 0 0 1
vn 0 0 1
vn 0 0 1
vn 0 0 -1
vn 0 0 -1
vn 0 0 -1
vn 0 0 -1
f 3721/3721/3721 3723/3723/3723 3722/3722/3722
f 3723/3723/3723 3724/3724/3724 3722/3722/3722
f 3725/3725/3725 3727/3727/3727 3726/3726/3726
f 3727/3727/3727 3728/3728/3728 3726/3726/3726
f 3729/3729/3729 3731/3731/3731 3730/3730/3730
f 3731/3731/3731 3732/3732/3732 3730/3730/3730
f 3733/3733/3733 3735/3735/3735 3734/3734/3734
f 3735/3735/3735 3736/3736/3736 3734/3734/3734
f 3737/3737/3737 3739/3739/3739 3738/3738/3738
f 3739/3739/3739 3740/3740/3740 3738/3738/3738
f 3741/3741/3741 3743/3743/3743 3742/3742/3742
f 3743/3743/3743 3744/3744/3744 3742/3742/3742
o glass_1311
usemtl paleblue
v 0.5916666388511658 21.900000023841855 2.34999999910593
v 0.5916666388511658 21.900000023841855 2.2700000008940693
v 0.5916666388511658 20.69999997615814 2.34999999910593
v 0.5916666388511658 20.69999997615814 2.2700000008940693
v -0.5916666388511658 21.900000023841855 2.2700000008940693
v -0.5916666388511658 21.900000023841855 2.34999999910593
v -0.5916666388511658 20.69999997615814 2.2700000008940693
v -0.5916666388511658 20.69999997615814 2.34999999910593
v -0.5916666388511658 21.900000023841855 2.2700000008940693
v 0.5916666388511658 21.900000023841855 2.2700000008940693
v -0.5916666388511658 21.900000023841855 2.34999999910593
v 0.5916666388511658 21.900000023841855 2.34999999910593
v -0.5916666388511658 20.69999997615814 2.34999999910593
v 0.5916666388511658 20.69999997615814 2.34999999910593
v -0.5916666388511658 20.69999997615814 2.2700000008940693
v 0.5916666388511658 20.69999997615814 2.2700000008940693
v -0.5916666388511658 21.900000023841855 2.34999999910593
v 0.5916666388511658 21.900000023841855 2.34999999910593
v -0.5916666388511658 20.69999997615814 2.34999999910593
v 0.5916666388511658 20.69999997615814 2.34999999910593
v 0.5916666388511658 21.900000023841855 2.2700000008940693
v -0.5916666388511658 21.900000023841855 2.2700000008940693
v 0.5916666388511658 20.69999997615814 2.2700000008940693
v -0.5916666388511658 20.69999997615814 2.2700000008940693
vt 0 1
vt 1 1
vt 0 0
vt 1 0
vt 0 1
vt 1 1
vt 0 0
vt 1 0
vt 0 1
vt 1 1
vt 0 0
vt 1 0
vt 0 1
vt 1 1
vt 0 0
vt 1 0
vt 0 1
vt 1 1
vt 0 0
vt 1 0
vt 0 1
vt 1 1
vt 0 0
vt 1 0
vn 1 0 0
vn 1 0 0
vn 1 0 0
vn 1 0 0
vn -1 0 0
vn -1 0 0
vn -1 0 0
vn -1 0 0
vn 0 1 0
vn 0 1 0
vn 0 1 0
vn 0 1 0
vn 0 -1 0
vn 0 -1 0
vn 0 -1 0
vn 0 -1 0
vn 0 0 1
vn 0 0 1
vn 0 0 1
vn 0 0 1
vn 0 0 -1
vn 0 0 -1
vn 0 0 -1
vn 0 0 -1
f 3745/3745/3745 3747/3747/3747 3746/3746/3746
f 3747/3747/3747 3748/3748/3748 3746/3746/3746
f 3749/3749/3749 3751/3751/3751 3750/3750/3750
f 3751/3751/3751 3752/3752/3752 3750/3750/3750
f 3753/3753/3753 3755/3755/3755 3754/3754/3754
f 3755/3755/3755 3756/3756/3756 3754/3754/3754
f 3757/3757/3757 3759/3759/3759 3758/3758/3758
f 3759/3759/3759 3760/3760/3760 3758/3758/3758
f 3761/3761/3761 3763/3763/3763 3762/3762/3762
f 3763/3763/3763 3764/3764/3764 3762/3762/3762
f 3765/3765/3765 3767/3767/3767 3766/3766/3766
f 3767/3767/3767 3768/3768/3768 3766/3766/3766
o glass_s1311
usemtl paleblue
v 2.34999999910593 21.900000023841855 0.5916666388511658
v 2.34999999910593 21.900000023841855 -0.5916666388511658
v 2.34999999910593 20.69999997615814 0.5916666388511658
v 2.34999999910593 20.69999997615814 -0.5916666388511658
v 2.2700000008940693 21.900000023841855 -0.5916666388511658
v 2.2700000008940693 21.900000023841855 0.5916666388511658
v 2.2700000008940693 20.69999997615814 -0.5916666388511658
v 2.2700000008940693 20.69999997615814 0.5916666388511658
v 2.2700000008940693 21.900000023841855 -0.5916666388511658
v 2.34999999910593 21.900000023841855 -0.5916666388511658
v 2.2700000008940693 21.900000023841855 0.5916666388511658
v 2.34999999910593 21.900000023841855 0.5916666388511658
v 2.2700000008940693 20.69999997615814 0.5916666388511658
v 2.34999999910593 20.69999997615814 0.5916666388511658
v 2.2700000008940693 20.69999997615814 -0.5916666388511658
v 2.34999999910593 20.69999997615814 -0.5916666388511658
v 2.2700000008940693 21.900000023841855 0.5916666388511658
v 2.34999999910593 21.900000023841855 0.5916666388511658
v 2.2700000008940693 20.69999997615814 0.5916666388511658
v 2.34999999910593 20.69999997615814 0.5916666388511658
v 2.34999999910593 21.900000023841855 -0.5916666388511658
v 2.2700000008940693 21.900000023841855 -0.5916666388511658
v 2.34999999910593 20.69999997615814 -0.5916666388511658
v 2.2700000008940693 20.69999997615814 -0.5916666388511658
vt 0 1
vt 1 1
vt 0 0
vt 1 0
vt 0 1
vt 1 1
vt 0 0
vt 1 0
vt 0 1
vt 1 1
vt 0 0
vt 1 0
vt 0 1
vt 1 1
vt 0 0
vt 1 0
vt 0 1
vt 1 1
vt 0 0
vt 1 0
vt 0 1
vt 1 1
vt 0 0
vt 1 0
vn 1 0 0
vn 1 0 0
vn 1 0 0
vn 1 0 0
vn -1 0 0
vn -1 0 0
vn -1 0 0
vn -1 0 0
vn 0 1 0
vn 0 1 0
vn 0 1 0
vn 0 1 0
vn 0 -1 0
vn 0 -1 0
vn 0 -1 0
vn 0 -1 0
vn 0 0 1
vn 0 0 1
vn 0 0 1
vn 0 0 1
vn 0 0 -1
vn 0 0 -1
vn 0 0 -1
vn 0 0 -1
f 3769/3769/3769 3771/3771/3771 3770/3770/3770
f 3771/3771/3771 3772/3772/3772 3770/3770/3770
f 3773/3773/3773 3775/3775/3775 3774/3774/3774
f 3775/3775/3775 3776/3776/3776 3774/3774/3774
f 3777/3777/3777 3779/3779/3779 3778/3778/3778
f 3779/3779/3779 3780/3780/3780 3778/3778/3778
f 3781/3781/3781 3783/3783/3783 3782/3782/3782
f 3783/3783/3783 3784/3784/3784 3782/3782/3782
f 3785/3785/3785 3787/3787/3787 3786/3786/3786
f 3787/3787/3787 3788/3788/3788 3786/3786/3786
f 3789/3789/3789 3791/3791/3791 3790/3790/3790
f 3791/3791/3791 3792/3792/3792 3790/3790/3790
o glass_131-1
usemtl paleblue
v 0.5916666388511658 21.900000023841855 -2.2700000008940693
v 0.5916666388511658 21.900000023841855 -2.34999999910593
v 0.5916666388511658 20.69999997615814 -2.2700000008940693
v 0.5916666388511658 20.69999997615814 -2.34999999910593
v -0.5916666388511658 21.900000023841855 -2.34999999910593
v -0.5916666388511658 21.900000023841855 -2.2700000008940693
v -0.5916666388511658 20.69999997615814 -2.34999999910593
v -0.5916666388511658 20.69999997615814 -2.2700000008940693
v -0.5916666388511658 21.900000023841855 -2.34999999910593
v 0.5916666388511658 21.900000023841855 -2.34999999910593
v -0.5916666388511658 21.900000023841855 -2.2700000008940693
v 0.5916666388511658 21.900000023841855 -2.2700000008940693
v -0.5916666388511658 20.69999997615814 -2.2700000008940693
v 0.5916666388511658 20.69999997615814 -2.2700000008940693
v -0.5916666388511658 20.69999997615814 -2.34999999910593
v 0.5916666388511658 20.69999997615814 -2.34999999910593
v -0.5916666388511658 21.900000023841855 -2.2700000008940693
v 0.5916666388511658 21.900000023841855 -2.2700000008940693
v -0.5916666388511658 20.69999997615814 -2.2700000008940693
v 0.5916666388511658 20.69999997615814 -2.2700000008940693
v 0.5916666388511658 21.900000023841855 -2.34999999910593
v -0.5916666388511658 21.900000023841855 -2.34999999910593
v 0.5916666388511658 20.69999997615814 -2.34999999910593
v -0.5916666388511658 20.69999997615814 -2.34999999910593
vt 0 1
vt 1 1
vt 0 0
vt 1 0
vt 0 1
vt 1 1
vt 0 0
vt 1 0
vt 0 1
vt 1 1
vt 0 0
vt 1 0
vt 0 1
vt 1 1
vt 0 0
vt 1 0
vt 0 1
vt 1 1
vt 0 0
vt 1 0
vt 0 1
vt 1 1
vt 0 0
vt 1 0
vn 1 0 0
vn 1 0 0
vn 1 0 0
vn 1 0 0
vn -1 0 0
vn -1 0 0
vn -1 0 0
vn -1 0 0
vn 0 1 0
vn 0 1 0
vn 0 1 0
vn 0 1 0
vn 0 -1 0
vn 0 -1 0
vn 0 -1 0
vn 0 -1 0
vn 0 0 1
vn 0 0 1
vn 0 0 1
vn 0 0 1
vn 0 0 -1
vn 0 0 -1
vn 0 0 -1
vn 0 0 -1
f 3793/3793/3793 3795/3795/3795 3794/3794/3794
f 3795/3795/3795 3796/3796/3796 3794/3794/3794
f 3797/3797/3797 3799/3799/3799 3798/3798/3798
f 3799/3799/3799 3800/3800/3800 3798/3798/3798
f 3801/3801/3801 3803/3803/3803 3802/3802/3802
f 3803/3803/3803 3804/3804/3804 3802/3802/3802
f 3805/3805/3805 3807/3807/3807 3806/3806/3806
f 3807/3807/3807 3808/3808/3808 3806/3806/3806
f 3809/3809/3809 3811/3811/3811 3810/3810/3810
f 3811/3811/3811 3812/3812/3812 3810/3810/3810
f 3813/3813/3813 3815/3815/3815 3814/3814/3814
f 3815/3815/3815 3816/3816/3816 3814/3814/3814
o glass_s131-1
usemtl paleblue
v -2.2700000008940693 21.900000023841855 0.5916666388511658
v -2.2700000008940693 21.900000023841855 -0.5916666388511658
v -2.2700000008940693 20.69999997615814 0.5916666388511658
v -2.2700000008940693 20.69999997615814 -0.5916666388511658
v -2.34999999910593 21.900000023841855 -0.5916666388511658
v -2.34999999910593 21.900000023841855 0.5916666388511658
v -2.34999999910593 20.69999997615814 -0.5916666388511658
v -2.34999999910593 20.69999997615814 0.5916666388511658
v -2.34999999910593 21.900000023841855 -0.5916666388511658
v -2.2700000008940693 21.900000023841855 -0.5916666388511658
v -2.34999999910593 21.900000023841855 0.5916666388511658
v -2.2700000008940693 21.900000023841855 0.5916666388511658
v -2.34999999910593 20.69999997615814 0.5916666388511658
v -2.2700000008940693 20.69999997615814 0.5916666388511658
v -2.34999999910593 20.69999997615814 -0.5916666388511658
v -2.2700000008940693 20.69999997615814 -0.5916666388511658
v -2.34999999910593 21.900000023841855 0.5916666388511658
v -2.2700000008940693 21.900000023841855 0.5916666388511658
v -2.34999999910593 20.69999997615814 0.5916666388511658
v -2.2700000008940693 20.69999997615814 0.5916666388511658
v -2.2700000008940693 21.900000023841855 -0.5916666388511658
v -2.34999999910593 21.900000023841855 -0.5916666388511658
v -2.2700000008940693 20.69999997615814 -0.5916666388511658
v -2.34999999910593 20.69999997615814 -0.5916666388511658
vt 0 1
vt 1 1
vt 0 0
vt 1 0
vt 0 1
vt 1 1
vt 0 0
vt 1 0
vt 0 1
vt 1 1
vt 0 0
vt 1 0
vt 0 1
vt 1 1
vt 0 0
vt 1 0
vt 0 1
vt 1 1
vt 0 0
vt 1 0
vt 0 1
vt 1 1
vt 0 0
vt 1 0
vn 1 0 0
vn 1 0 0
vn 1 0 0
vn 1 0 0
vn -1 0 0
vn -1 0 0
vn -1 0 0
vn -1 0 0
vn 0 1 0
vn 0 1 0
vn 0 1 0
vn 0 1 0
vn 0 -1 0
vn 0 -1 0
vn 0 -1 0
vn 0 -1 0
vn 0 0 1
vn 0 0 1
vn 0 0 1
vn 0 0 1
vn 0 0 -1
vn 0 0 -1
vn 0 0 -1
vn 0 0 -1
f 3817/3817/3817 3819/3819/3819 3818/3818/3818
f 3819/3819/3819 3820/3820/3820 3818/3818/3818
f 3821/3821/3821 3823/3823/3823 3822/3822/3822
f 3823/3823/3823 3824/3824/3824 3822/3822/3822
f 3825/3825/3825 3827/3827/3827 3826/3826/3826
f 3827/3827/3827 3828/3828/3828 3826/3826/3826
f 3829/3829/3829 3831/3831/3831 3830/3830/3830
f 3831/3831/3831 3832/3832/3832 3830/3830/3830
f 3833/3833/3833 3835/3835/3835 3834/3834/3834
f 3835/3835/3835 3836/3836/3836 3834/3834/3834
f 3837/3837/3837 3839/3839/3839 3838/3838/3838
f 3839/3839/3839 3840/3840/3840 3838/3838/3838
o glass_1321
usemtl paleblue
v 2.124999972184499 21.900000023841855 2.34999999910593
v 2.124999972184499 21.900000023841855 2.2700000008940693
v 2.124999972184499 20.69999997615814 2.34999999910593
v 2.124999972184499 20.69999997615814 2.2700000008940693
v 0.9416666944821674 21.900000023841855 2.2700000008940693
v 0.9416666944821674 21.900000023841855 2.34999999910593
v 0.9416666944821674 20.69999997615814 2.2700000008940693
v 0.9416666944821674 20.69999997615814 2.34999999910593
v 0.9416666944821674 21.900000023841855 2.2700000008940693
v 2.124999972184499 21.900000023841855 2.2700000008940693
v 0.9416666944821674 21.900000023841855 2.34999999910593
v 2.124999972184499 21.900000023841855 2.34999999910593
v 0.9416666944821674 20.69999997615814 2.34999999910593
v 2.124999972184499 20.69999997615814 2.34999999910593
v 0.9416666944821674 20.69999997615814 2.2700000008940693
v 2.124999972184499 20.69999997615814 2.2700000008940693
v 0.9416666944821674 21.900000023841855 2.34999999910593
v 2.124999972184499 21.900000023841855 2.34999999910593
v 0.9416666944821674 20.69999997615814 2.34999999910593
v 2.124999972184499 20.69999997615814 2.34999999910593
v 2.124999972184499 21.900000023841855 2.2700000008940693
v 0.9416666944821674 21.900000023841855 2.2700000008940693
v 2.124999972184499 20.69999997615814 2.2700000008940693
v 0.9416666944821674 20.69999997615814 2.2700000008940693
vt 0 1
vt 1 1
vt 0 0
vt 1 0
vt 0 1
vt 1 1
vt 0 0
vt 1 0
vt 0 1
vt 1 1
vt 0 0
vt 1 0
vt 0 1
vt 1 1
vt 0 0
vt 1 0
vt 0 1
vt 1 1
vt 0 0
vt 1 0
vt 0 1
vt 1 1
vt 0 0
vt 1 0
vn 1 0 0
vn 1 0 0
vn 1 0 0
vn 1 0 0
vn -1 0 0
vn -1 0 0
vn -1 0 0
vn -1 0 0
vn 0 1 0
vn 0 1 0
vn 0 1 0
vn 0 1 0
vn 0 -1 0
vn 0 -1 0
vn 0 -1 0
vn 0 -1 0
vn 0 0 1
vn 0 0 1
vn 0 0 1
vn 0 0 1
vn 0 0 -1
vn 0 0 -1
vn 0 0 -1
vn 0 0 -1
f 3841/3841/3841 3843/3843/3843 3842/3842/3842
f 3843/3843/3843 3844/3844/3844 3842/3842/3842
f 3845/3845/3845 3847/3847/3847 3846/3846/3846
f 3847/3847/3847 3848/3848/3848 3846/3846/3846
f 3849/3849/3849 3851/3851/3851 3850/3850/3850
f 3851/3851/3851 3852/3852/3852 3850/3850/3850
f 3853/3853/3853 3855/3855/3855 3854/3854/3854
f 3855/3855/3855 3856/3856/3856 3854/3854/3854
f 3857/3857/3857 3859/3859/3859 3858/3858/3858
f 3859/3859/3859 3860/3860/3860 3858/3858/3858
f 3861/3861/3861 3863/3863/3863 3862/3862/3862
f 3863/3863/3863 3864/3864/3864 3862/3862/3862
o glass_s1321
usemtl paleblue
v 2.34999999910593 21.900000023841855 2.124999972184499
v 2.34999999910593 21.900000023841855 0.9416666944821674
v 2.34999999910593 20.69999997615814 2.124999972184499
v 2.34999999910593 20.69999997615814 0.9416666944821674
v 2.2700000008940693 21.900000023841855 0.9416666944821674
v 2.2700000008940693 21.900000023841855 2.124999972184499
v 2.2700000008940693 20.69999997615814 0.9416666944821674
v 2.2700000008940693 20.69999997615814 2.124999972184499
v 2.2700000008940693 21.900000023841855 0.9416666944821674
v 2.34999999910593 21.900000023841855 0.9416666944821674
v 2.2700000008940693 21.900000023841855 2.124999972184499
v 2.34999999910593 21.900000023841855 2.124999972184499
v 2.2700000008940693 20.69999997615814 2.124999972184499
v 2.34999999910593 20.69999997615814 2.124999972184499
v 2.2700000008940693 20.69999997615814 0.9416666944821674
v 2.34999999910593 20.69999997615814 0.9416666944821674
v 2.2700000008940693 21.900000023841855 2.124999972184499
v 2.34999999910593 21.900000023841855 2.124999972184499
v 2.2700000008940693 20.69999997615814 2.124999972184499
v 2.34999999910593 20.69999997615814 2.124999972184499
v 2.34999999910593 21.900000023841855 0.9416666944821674
v 2.2700000008940693 21.900000023841855 0.9416666944821674
v 2.34999999910593 20.69999997615814 0.9416666944821674
v 2.2700000008940693 20.69999997615814 0.9416666944821674
vt 0 1
vt 1 1
vt 0 0
vt 1 0
vt 0 1
vt 1 1
vt 0 0
vt 1 0
vt 0 1
vt 1 1
vt 0 0
vt 1 0
vt 0 1
vt 1 1
vt 0 0
vt 1 0
vt 0 1
vt 1 1
vt 0 0
vt 1 0
vt 0 1
vt 1 1
vt 0 0
vt 1 0
vn 1 0 0
vn 1 0 0
vn 1 0 0
vn 1 0 0
vn -1 0 0
vn -1 0 0
vn -1 0 0
vn -1 0 0
vn 0 1 0
vn 0 1 0
vn 0 1 0
vn 0 1 0
vn 0 -1 0
vn 0 -1 0
vn 0 -1 0
vn 0 -1 0
vn 0 0 1
vn 0 0 1
vn 0 0 1
vn 0 0 1
vn 0 0 -1
vn 0 0 -1
vn 0 0 -1
vn 0 0 -1
f 3865/3865/3865 3867/3867/3867 3866/3866/3866
f 3867/3867/3867 3868/3868/3868 3866/3866/3866
f 3869/3869/3869 3871/3871/3871 3870/3870/3870
f 3871/3871/3871 3872/3872/3872 3870/3870/3870
f 3873/3873/3873 3875/3875/3875 3874/3874/3874
f 3875/3875/3875 3876/3876/3876 3874/3874/3874
f 3877/3877/3877 3879/3879/3879 3878/3878/3878
f 3879/3879/3879 3880/3880/3880 3878/3878/3878
f 3881/3881/3881 3883/3883/3883 3882/3882/3882
f 3883/3883/3883 3884/3884/3884 3882/3882/3882
f 3885/3885/3885 3887/3887/3887 3886/3886/3886
f 3887/3887/3887 3888/3888/3888 3886/3886/3886
o glass_132-1
usemtl paleblue
v 2.124999972184499 21.900000023841855 -2.2700000008940693
v 2.124999972184499 21.900000023841855 -2.34999999910593
v 2.124999972184499 20.69999997615814 -2.2700000008940693
v 2.124999972184499 20.69999997615814 -2.34999999910593
v 0.9416666944821674 21.900000023841855 -2.34999999910593
v 0.9416666944821674 21.900000023841855 -2.2700000008940693
v 0.9416666944821674 20.69999997615814 -2.34999999910593
v 0.9416666944821674 20.69999997615814 -2.2700000008940693
v 0.9416666944821674 21.900000023841855 -2.34999999910593
v 2.124999972184499 21.900000023841855 -2.34999999910593
v 0.9416666944821674 21.900000023841855 -2.2700000008940693
v 2.124999972184499 21.900000023841855 -2.2700000008940693
v 0.9416666944821674 20.69999997615814 -2.2700000008940693
v 2.124999972184499 20.69999997615814 -2.2700000008940693
v 0.9416666944821674 20.69999997615814 -2.34999999910593
v 2.124999972184499 20.69999997615814 -2.34999999910593
v 0.9416666944821674 21.900000023841855 -2.2700000008940693
v 2.124999972184499 21.900000023841855 -2.2700000008940693
v 0.9416666944821674 20.69999997615814 -2.2700000008940693
v 2.124999972184499 20.69999997615814 -2.2700000008940693
v 2.124999972184499 21.900000023841855 -2.34999999910593
v 0.9416666944821674 21.900000023841855 -2.34999999910593
v 2.124999972184499 20.69999997615814 -2.34999999910593
v 0.9416666944821674 20.69999997615814 -2.34999999910593
vt 0 1
vt 1 1
vt 0 0
vt 1 0
vt 0 1
vt 1 1
vt 0 0
vt 1 0
vt 0 1
vt 1 1
vt 0 0
vt 1 0
vt 0 1
vt 1 1
vt 0 0
vt 1 0
vt 0 1
vt 1 1
vt 0 0
vt 1 0
vt 0 1
vt 1 1
vt 0 0
vt 1 0
vn 1 0 0
vn 1 0 0
vn 1 0 0
vn 1 0 0
vn -1 0 0
vn -1 0 0
vn -1 0 0
vn -1 0 0
vn 0 1 0
vn 0 1 0
vn 0 1 0
vn 0 1 0
vn 0 -1 0
vn 0 -1 0
vn 0 -1 0
vn 0 -1 0
vn 0 0 1
vn 0 0 1
vn 0 0 1
vn 0 0 1
vn 0 0 -1
vn 0 0 -1
vn 0 0 -1
vn 0 0 -1
f 3889/3889/3889 3891/3891/3891 3890/3890/3890
f 3891/3891/3891 3892/3892/3892 3890/3890/3890
f 3893/3893/3893 3895/3895/3895 3894/3894/3894
f 3895/3895/3895 3896/3896/3896 3894/3894/3894
f 3897/3897/3897 3899/3899/3899 3898/3898/3898
f 3899/3899/3899 3900/3900/3900 3898/3898/3898
f 3901/3901/3901 3903/3903/3903 3902/3902/3902
f 3903/3903/3903 3904/3904/3904 3902/3902/3902
f 3905/3905/3905 3907/3907/3907 3906/3906/3906
f 3907/3907/3907 3908/3908/3908 3906/3906/3906
f 3909/3909/3909 3911/3911/3911 3910/3910/3910
f 3911/3911/3911 3912/3912/3912 3910/3910/3910
o glass_s132-1
usemtl paleblue
v -2.2700000008940693 21.900000023841855 2.124999972184499
v -2.2700000008940693 21.900000023841855 0.9416666944821674
v -2.2700000008940693 20.69999997615814 2.124999972184499
v -2.2700000008940693 20.69999997615814 0.9416666944821674
v -2.34999999910593 21.900000023841855 0.9416666944821674
v -2.34999999910593 21.900000023841855 2.124999972184499
v -2.34999999910593 20.69999997615814 0.9416666944821674
v -2.34999999910593 20.69999997615814 2.124999972184499
v -2.34999999910593 21.900000023841855 0.9416666944821674
v -2.2700000008940693 21.900000023841855 0.9416666944821674
v -2.34999999910593 21.900000023841855 2.124999972184499
v -2.2700000008940693 21.900000023841855 2.124999972184499
v -2.34999999910593 20.69999997615814 2.124999972184499
v -2.2700000008940693 20.69999997615814 2.124999972184499
v -2.34999999910593 20.69999997615814 0.9416666944821674
v -2.2700000008940693 20.69999997615814 0.9416666944821674
v -2.34999999910593 21.900000023841855 2.124999972184499
v -2.2700000008940693 21.900000023841855 2.124999972184499
v -2.34999999910593 20.69999997615814 2.124999972184499
v -2.2700000008940693 20.69999997615814 2.124999972184499
v -2.2700000008940693 21.900000023841855 0.9416666944821674
v -2.34999999910593 21.900000023841855 0.9416666944821674
v -2.2700000008940693 20.69999997615814 0.9416666944821674
v -2.34999999910593 20.69999997615814 0.9416666944821674
vt 0 1
vt 1 1
vt 0 0
vt 1 0
vt 0 1
vt 1 1
vt 0 0
vt 1 0
vt 0 1
vt 1 1
vt 0 0
vt 1 0
vt 0 1
vt 1 1
vt 0 0
vt 1 0
vt 0 1
vt 1 1
vt 0 0
vt 1 0
vt 0 1
vt 1 1
vt 0 0
vt 1 0
vn 1 0 0
vn 1 0 0
vn 1 0 0
vn 1 0 0
vn -1 0 0
vn -1 0 0
vn -1 0 0
vn -1 0 0
vn 0 1 0
vn 0 1 0
vn 0 1 0
vn 0 1 0
vn 0 -1 0
vn 0 -1 0
vn 0 -1 0
vn 0 -1 0
vn 0 0 1
vn 0 0 1
vn 0 0 1
vn 0 0 1
vn 0 0 -1
vn 0 0 -1
vn 0 0 -1
vn 0 0 -1
f 3913/3913/3913 3915/3915/3915 3914/3914/3914
f 3915/3915/3915 3916/3916/3916 3914/3914/3914
f 3917/3917/3917 3919/3919/3919 3918/3918/3918
f 3919/3919/3919 3920/3920/3920 3918/3918/3918
f 3921/3921/3921 3923/3923/3923 3922/3922/3922
f 3923/3923/3923 3924/3924/3924 3922/3922/3922
f 3925/3925/3925 3927/3927/3927 3926/3926/3926
f 3927/3927/3927 3928/3928/3928 3926/3926/3926
f 3929/3929/3929 3931/3931/3931 3930/3930/3930
f 3931/3931/3931 3932/3932/3932 3930/3930/3930
f 3933/3933/3933 3935/3935/3935 3934/3934/3934
f 3935/3935/3935 3936/3936/3936 3934/3934/3934
o tier_2
usemtl cream
v 1.600000023841858 27.4 1.600000023841858
v 1.600000023841858 27.4 -1.600000023841858
v 1.600000023841858 22.4 1.600000023841858
v 1.600000023841858 22.4 -1.600000023841858
v -1.600000023841858 27.4 -1.600000023841858
v -1.600000023841858 27.4 1.600000023841858
v -1.600000023841858 22.4 -1.600000023841858
v -1.600000023841858 22.4 1.600000023841858
v -1.600000023841858 27.4 -1.600000023841858
v 1.600000023841858 27.4 -1.600000023841858
v -1.600000023841858 27.4 1.600000023841858
v 1.600000023841858 27.4 1.600000023841858
v -1.600000023841858 22.4 1.600000023841858
v 1.600000023841858 22.4 1.600000023841858
v -1.600000023841858 22.4 -1.600000023841858
v 1.600000023841858 22.4 -1.600000023841858
v -1.600000023841858 27.4 1.600000023841858
v 1.600000023841858 27.4 1.600000023841858
v -1.600000023841858 22.4 1.600000023841858
v 1.600000023841858 22.4 1.600000023841858
v 1.600000023841858 27.4 -1.600000023841858
v -1.600000023841858 27.4 -1.600000023841858
v 1.600000023841858 22.4 -1.600000023841858
v -1.600000023841858 22.4 -1.600000023841858
vt 0 1
vt 1 1
vt 0 0
vt 1 0
vt 0 1
vt 1 1
vt 0 0
vt 1 0
vt 0 1
vt 1 1
vt 0 0
vt 1 0
vt 0 1
vt 1 1
vt 0 0
vt 1 0
vt 0 1
vt 1 1
vt 0 0
vt 1 0
vt 0 1
vt 1 1
vt 0 0
vt 1 0
vn 1 0 0
vn 1 0 0
vn 1 0 0
vn 1 0 0
vn -1 0 0
vn -1 0 0
vn -1 0 0
vn -1 0 0
vn 0 1 0
vn 0 1 0
vn 0 1 0
vn 0 1 0
vn 0 -1 0
vn 0 -1 0
vn 0 -1 0
vn 0 -1 0
vn 0 0 1
vn 0 0 1
vn 0 0 1
vn 0 0 1
vn 0 0 -1
vn 0 0 -1
vn 0 0 -1
vn 0 0 -1
f 3937/3937/3937 3939/3939/3939 3938/3938/3938
f 3939/3939/3939 3940/3940/3940 3938/3938/3938
f 3941/3941/3941 3943/3943/3943 3942/3942/3942
f 3943/3943/3943 3944/3944/3944 3942/3942/3942
f 3945/3945/3945 3947/3947/3947 3946/3946/3946
f 3947/3947/3947 3948/3948/3948 3946/3946/3946
f 3949/3949/3949 3951/3951/3951 3950/3950/3950
f 3951/3951/3951 3952/3952/3952 3950/3950/3950
f 3953/3953/3953 3955/3955/3955 3954/3954/3954
f 3955/3955/3955 3956/3956/3956 3954/3954/3954
f 3957/3957/3957 3959/3959/3959 3958/3958/3958
f 3959/3959/3959 3960/3960/3960 3958/3958/3958
o tier_cap_2
usemtl silver
v 1.7999999523162842 27.700000002980232 1.7999999523162842
v 1.7999999523162842 27.700000002980232 -1.7999999523162842
v 1.7999999523162842 27.299999997019768 1.7999999523162842
v 1.7999999523162842 27.299999997019768 -1.7999999523162842
v -1.7999999523162842 27.700000002980232 -1.7999999523162842
v -1.7999999523162842 27.700000002980232 1.7999999523162842
v -1.7999999523162842 27.299999997019768 -1.7999999523162842
v -1.7999999523162842 27.299999997019768 1.7999999523162842
v -1.7999999523162842 27.700000002980232 -1.7999999523162842
v 1.7999999523162842 27.700000002980232 -1.7999999523162842
v -1.7999999523162842 27.700000002980232 1.7999999523162842
v 1.7999999523162842 27.700000002980232 1.7999999523162842
v -1.7999999523162842 27.299999997019768 1.7999999523162842
v 1.7999999523162842 27.299999997019768 1.7999999523162842
v -1.7999999523162842 27.299999997019768 -1.7999999523162842
v 1.7999999523162842 27.299999997019768 -1.7999999523162842
v -1.7999999523162842 27.700000002980232 1.7999999523162842
v 1.7999999523162842 27.700000002980232 1.7999999523162842
v -1.7999999523162842 27.299999997019768 1.7999999523162842
v 1.7999999523162842 27.299999997019768 1.7999999523162842
v 1.7999999523162842 27.700000002980232 -1.7999999523162842
v -1.7999999523162842 27.700000002980232 -1.7999999523162842
v 1.7999999523162842 27.299999997019768 -1.7999999523162842
v -1.7999999523162842 27.299999997019768 -1.7999999523162842
vt 0 1
vt 1 1
vt 0 0
vt 1 0
vt 0 1
vt 1 1
vt 0 0
vt 1 0
vt 0 1
vt 1 1
vt 0 0
vt 1 0
vt 0 1
vt 1 1
vt 0 0
vt 1 0
vt 0 1
vt 1 1
vt 0 0
vt 1 0
vt 0 1
vt 1 1
vt 0 0
vt 1 0
vn 1 0 0
vn 1 0 0
vn 1 0 0
vn 1 0 0
vn -1 0 0
vn -1 0 0
vn -1 0 0
vn -1 0 0
vn 0 1 0
vn 0 1 0
vn 0 1 0
vn 0 1 0
vn 0 -1 0
vn 0 -1 0
vn 0 -1 0
vn 0 -1 0
vn 0 0 1
vn 0 0 1
vn 0 0 1
vn 0 0 1
vn 0 0 -1
vn 0 0 -1
vn 0 0 -1
vn 0 0 -1
f 3961/3961/3961 3963/3963/3963 3962/3962/3962
f 3963/3963/3963 3964/3964/3964 3962/3962/3962
f 3965/3965/3965 3967/3967/3967 3966/3966/3966
f 3967/3967/3967 3968/3968/3968 3966/3966/3966
f 3969/3969/3969 3971/3971/3971 3970/3970/3970
f 3971/3971/3971 3972/3972/3972 3970/3970/3970
f 3973/3973/3973 3975/3975/3975 3974/3974/3974
f 3975/3975/3975 3976/3976/3976 3974/3974/3974
f 3977/3977/3977 3979/3979/3979 3978/3978/3978
f 3979/3979/3979 3980/3980/3980 3978/3978/3978
f 3981/3981/3981 3983/3983/3983 3982/3982/3982
f 3983/3983/3983 3984/3984/3984 3982/3982/3982
o glass_2001
usemtl paleblue
v -0.17500000000000004 24.100000023841858 1.6499999991059304
v -0.17500000000000004 24.100000023841858 1.5700000008940698
v -0.17500000000000004 22.899999976158142 1.6499999991059304
v -0.17500000000000004 22.899999976158142 1.5700000008940698
v -1.425 24.100000023841858 1.5700000008940698
v -1.425 24.100000023841858 1.6499999991059304
v -1.425 22.899999976158142 1.5700000008940698
v -1.425 22.899999976158142 1.6499999991059304
v -1.425 24.100000023841858 1.5700000008940698
v -0.17500000000000004 24.100000023841858 1.5700000008940698
v -1.425 24.100000023841858 1.6499999991059304
v -0.17500000000000004 24.100000023841858 1.6499999991059304
v -1.425 22.899999976158142 1.6499999991059304
v -0.17500000000000004 22.899999976158142 1.6499999991059304
v -1.425 22.899999976158142 1.5700000008940698
v -0.17500000000000004 22.899999976158142 1.5700000008940698
v -1.425 24.100000023841858 1.6499999991059304
v -0.17500000000000004 24.100000023841858 1.6499999991059304
v -1.425 22.899999976158142 1.6499999991059304
v -0.17500000000000004 22.899999976158142 1.6499999991059304
v -0.17500000000000004 24.100000023841858 1.5700000008940698
v -1.425 24.100000023841858 1.5700000008940698
v -0.17500000000000004 22.899999976158142 1.5700000008940698
v -1.425 22.899999976158142 1.5700000008940698
vt 0 1
vt 1 1
vt 0 0
vt 1 0
vt 0 1
vt 1 1
vt 0 0
vt 1 0
vt 0 1
vt 1 1
vt 0 0
vt 1 0
vt 0 1
vt 1 1
vt 0 0
vt 1 0
vt 0 1
vt 1 1
vt 0 0
vt 1 0
vt 0 1
vt 1 1
vt 0 0
vt 1 0
vn 1 0 0
vn 1 0 0
vn 1 0 0
vn 1 0 0
vn -1 0 0
vn -1 0 0
vn -1 0 0
vn -1 0 0
vn 0 1 0
vn 0 1 0
vn 0 1 0
vn 0 1 0
vn 0 -1 0
vn 0 -1 0
vn 0 -1 0
vn 0 -1 0
vn 0 0 1
vn 0 0 1
vn 0 0 1
vn 0 0 1
vn 0 0 -1
vn 0 0 -1
vn 0 0 -1
vn 0 0 -1
f 3985/3985/3985 3987/3987/3987 3986/3986/3986
f 3987/3987/3987 3988/3988/3988 3986/3986/3986
f 3989/3989/3989 3991/3991/3991 3990/3990/3990
f 3991/3991/3991 3992/3992/3992 3990/3990/3990
f 3993/3993/3993 3995/3995/3995 3994/3994/3994
f 3995/3995/3995 3996/3996/3996 3994/3994/3994
f 3997/3997/3997 3999/3999/3999 3998/3998/3998
f 3999/3999/3999 4000/4000/4000 3998/3998/3998
f 4001/4001/4001 4003/4003/4003 4002/4002/4002
f 4003/4003/4003 4004/4004/4004 4002/4002/4002
f 4005/4005/4005 4007/4007/4007 4006/4006/4006
f 4007/4007/4007 4008/4008/4008 4006/4006/4006
o glass_s2001
usemtl paleblue
v 1.6499999991059304 24.100000023841858 -0.17500000000000004
v 1.6499999991059304 24.100000023841858 -1.425
v 1.6499999991059304 22.899999976158142 -0.17500000000000004
v 1.6499999991059304 22.899999976158142 -1.425
v 1.5700000008940698 24.100000023841858 -1.425
v 1.5700000008940698 24.100000023841858 -0.17500000000000004
v 1.5700000008940698 22.899999976158142 -1.425
v 1.5700000008940698 22.899999976158142 -0.17500000000000004
v 1.5700000008940698 24.100000023841858 -1.425
v 1.6499999991059304 24.100000023841858 -1.425
v 1.5700000008940698 24.100000023841858 -0.17500000000000004
v 1.6499999991059304 24.100000023841858 -0.17500000000000004
v 1.5700000008940698 22.899999976158142 -0.17500000000000004
v 1.6499999991059304 22.899999976158142 -0.17500000000000004
v 1.5700000008940698 22.899999976158142 -1.425
v 1.6499999991059304 22.899999976158142 -1.425
v 1.5700000008940698 24.100000023841858 -0.17500000000000004
v 1.6499999991059304 24.100000023841858 -0.17500000000000004
v 1.5700000008940698 22.899999976158142 -0.17500000000000004
v 1.6499999991059304 22.899999976158142 -0.17500000000000004
v 1.6499999991059304 24.100000023841858 -1.425
v 1.5700000008940698 24.100000023841858 -1.425
v 1.6499999991059304 22.899999976158142 -1.425
v 1.5700000008940698 22.899999976158142 -1.425
vt 0 1
vt 1 1
vt 0 0
vt 1 0
vt 0 1
vt 1 1
vt 0 0
vt 1 0
vt 0 1
vt 1 1
vt 0 0
vt 1 0
vt 0 1
vt 1 1
vt 0 0
vt 1 0
vt 0 1
vt 1 1
vt 0 0
vt 1 0
vt 0 1
vt 1 1
vt 0 0
vt 1 0
vn 1 0 0
vn 1 0 0
vn 1 0 0
vn 1 0 0
vn -1 0 0
vn -1 0 0
vn -1 0 0
vn -1 0 0
vn 0 1 0
vn 0 1 0
vn 0 1 0
vn 0 1 0
vn 0 -1 0
vn 0 -1 0
vn 0 -1 0
vn 0 -1 0
vn 0 0 1
vn 0 0 1
vn 0 0 1
vn 0 0 1
vn 0 0 -1
vn 0 0 -1
vn 0 0 -1
vn 0 0 -1
f 4009/4009/4009 4011/4011/4011 4010/4010/4010
f 4011/4011/4011 4012/4012/4012 4010/4010/4010
f 4013/4013/4013 4015/4015/4015 4014/4014/4014
f 4015/4015/4015 4016/4016/4016 4014/4014/4014
f 4017/4017/4017 4019/4019/4019 4018/4018/4018
f 4019/4019/4019 4020/4020/4020 4018/4018/4018
f 4021/4021/4021 4023/4023/4023 4022/4022/4022
f 4023/4023/4023 4024/4024/4024 4022/4022/4022
f 4025/4025/4025 4027/4027/4027 4026/4026/4026
f 4027/4027/4027 4028/4028/4028 4026/4026/4026
f 4029/4029/4029 4031/4031/4031 4030/4030/4030
f 4031/4031/4031 4032/4032/4032 4030/4030/4030
o glass_200-1
usemtl paleblue
v -0.17500000000000004 24.100000023841858 -1.5700000008940698
v -0.17500000000000004 24.100000023841858 -1.6499999991059304
v -0.17500000000000004 22.899999976158142 -1.5700000008940698
v -0.17500000000000004 22.899999976158142 -1.6499999991059304
v -1.425 24.100000023841858 -1.6499999991059304
v -1.425 24.100000023841858 -1.5700000008940698
v -1.425 22.899999976158142 -1.6499999991059304
v -1.425 22.899999976158142 -1.5700000008940698
v -1.425 24.100000023841858 -1.6499999991059304
v -0.17500000000000004 24.100000023841858 -1.6499999991059304
v -1.425 24.100000023841858 -1.5700000008940698
v -0.17500000000000004 24.100000023841858 -1.5700000008940698
v -1.425 22.899999976158142 -1.5700000008940698
v -0.17500000000000004 22.899999976158142 -1.5700000008940698
v -1.425 22.899999976158142 -1.6499999991059304
v -0.17500000000000004 22.899999976158142 -1.6499999991059304
v -1.425 24.100000023841858 -1.5700000008940698
v -0.17500000000000004 24.100000023841858 -1.5700000008940698
v -1.425 22.899999976158142 -1.5700000008940698
v -0.17500000000000004 22.899999976158142 -1.5700000008940698
v -0.17500000000000004 24.100000023841858 -1.6499999991059304
v -1.425 24.100000023841858 -1.6499999991059304
v -0.17500000000000004 22.899999976158142 -1.6499999991059304
v -1.425 22.899999976158142 -1.6499999991059304
vt 0 1
vt 1 1
vt 0 0
vt 1 0
vt 0 1
vt 1 1
vt 0 0
vt 1 0
vt 0 1
vt 1 1
vt 0 0
vt 1 0
vt 0 1
vt 1 1
vt 0 0
vt 1 0
vt 0 1
vt 1 1
vt 0 0
vt 1 0
vt 0 1
vt 1 1
vt 0 0
vt 1 0
vn 1 0 0
vn 1 0 0
vn 1 0 0
vn 1 0 0
vn -1 0 0
vn -1 0 0
vn -1 0 0
vn -1 0 0
vn 0 1 0
vn 0 1 0
vn 0 1 0
vn 0 1 0
vn 0 -1 0
vn 0 -1 0
vn 0 -1 0
vn 0 -1 0
vn 0 0 1
vn 0 0 1
vn 0 0 1
vn 0 0 1
vn 0 0 -1
vn 0 0 -1
vn 0 0 -1
vn 0 0 -1
f 4033/4033/4033 4035/4035/4035 4034/4034/4034
f 4035/4035/4035 4036/4036/4036 4034/4034/4034
f 4037/4037/4037 4039/4039/4039 4038/4038/4038
f 4039/4039/4039 4040/4040/4040 4038/4038/4038
f 4041/4041/4041 4043/4043/4043 4042/4042/4042
f 4043/4043/4043 4044/4044/4044 4042/4042/4042
f 4045/4045/4045 4047/4047/4047 4046/4046/4046
f 4047/4047/4047 4048/4048/4048 4046/4046/4046
f 4049/4049/4049 4051/4051/4051 4050/4050/4050
f 4051/4051/4051 4052/4052/4052 4050/4050/4050
f 4053/4053/4053 4055/4055/4055 4054/4054/4054
f 4055/4055/4055 4056/4056/4056 4054/4054/4054
o glass_s200-1
usemtl paleblue
v -1.5700000008940698 24.100000023841858 -0.17500000000000004
v -1.5700000008940698 24.100000023841858 -1.425
v -1.5700000008940698 22.899999976158142 -0.17500000000000004
v -1.5700000008940698 22.899999976158142 -1.425
v -1.6499999991059304 24.100000023841858 -1.425
v -1.6499999991059304 24.100000023841858 -0.17500000000000004
v -1.6499999991059304 22.899999976158142 -1.425
v -1.6499999991059304 22.899999976158142 -0.17500000000000004
v -1.6499999991059304 24.100000023841858 -1.425
v -1.5700000008940698 24.100000023841858 -1.425
v -1.6499999991059304 24.100000023841858 -0.17500000000000004
v -1.5700000008940698 24.100000023841858 -0.17500000000000004
v -1.6499999991059304 22.899999976158142 -0.17500000000000004
v -1.5700000008940698 22.899999976158142 -0.17500000000000004
v -1.6499999991059304 22.899999976158142 -1.425
v -1.5700000008940698 22.899999976158142 -1.425
v -1.6499999991059304 24.100000023841858 -0.17500000000000004
v -1.5700000008940698 24.100000023841858 -0.17500000000000004
v -1.6499999991059304 22.899999976158142 -0.17500000000000004
v -1.5700000008940698 22.899999976158142 -0.17500000000000004
v -1.5700000008940698 24.100000023841858 -1.425
v -1.6499999991059304 24.100000023841858 -1.425
v -1.5700000008940698 22.899999976158142 -1.425
v -1.6499999991059304 22.899999976158142 -1.425
vt 0 1
vt 1 1
vt 0 0
vt 1 0
vt 0 1
vt 1 1
vt 0 0
vt 1 0
vt 0 1
vt 1 1
vt 0 0
vt 1 0
vt 0 1
vt 1 1
vt 0 0
vt 1 0
vt 0 1
vt 1 1
vt 0 0
vt 1 0
vt 0 1
vt 1 1
vt 0 0
vt 1 0
vn 1 0 0
vn 1 0 0
vn 1 0 0
vn 1 0 0
vn -1 0 0
vn -1 0 0
vn -1 0 0
vn -1 0 0
vn 0 1 0
vn 0 1 0
vn 0 1 0
vn 0 1 0
vn 0 -1 0
vn 0 -1 0
vn 0 -1 0
vn 0 -1 0
vn 0 0 1
vn 0 0 1
vn 0 0 1
vn 0 0 1
vn 0 0 -1
vn 0 0 -1
vn 0 0 -1
vn 0 0 -1
f 4057/4057/4057 4059/4059/4059 4058/4058/4058
f 4059/4059/4059 4060/4060/4060 4058/4058/4058
f 4061/4061/4061 4063/4063/4063 4062/4062/4062
f 4063/4063/4063 4064/4064/4064 4062/4062/4062
f 4065/4065/4065 4067/4067/4067 4066/4066/4066
f 4067/4067/4067 4068/4068/4068 4066/4066/4066
f 4069/4069/4069 4071/4071/4071 4070/4070/4070
f 4071/4071/4071 4072/4072/4072 4070/4070/4070
f 4073/4073/4073 4075/4075/4075 4074/4074/4074
f 4075/4075/4075 4076/4076/4076 4074/4074/4074
f 4077/4077/4077 4079/4079/4079 4078/4078/4078
f 4079/4079/4079 4080/4080/4080 4078/4078/4078
o glass_2011
usemtl paleblue
v 1.4250000000000003 24.100000023841858 1.6499999991059304
v 1.4250000000000003 24.100000023841858 1.5700000008940698
v 1.4250000000000003 22.899999976158142 1.6499999991059304
v 1.4250000000000003 22.899999976158142 1.5700000008940698
v 0.17500000000000027 24.100000023841858 1.5700000008940698
v 0.17500000000000027 24.100000023841858 1.6499999991059304
v 0.17500000000000027 22.899999976158142 1.5700000008940698
v 0.17500000000000027 22.899999976158142 1.6499999991059304
v 0.17500000000000027 24.100000023841858 1.5700000008940698
v 1.4250000000000003 24.100000023841858 1.5700000008940698
v 0.17500000000000027 24.100000023841858 1.6499999991059304
v 1.4250000000000003 24.100000023841858 1.6499999991059304
v 0.17500000000000027 22.899999976158142 1.6499999991059304
v 1.4250000000000003 22.899999976158142 1.6499999991059304
v 0.17500000000000027 22.899999976158142 1.5700000008940698
v 1.4250000000000003 22.899999976158142 1.5700000008940698
v 0.17500000000000027 24.100000023841858 1.6499999991059304
v 1.4250000000000003 24.100000023841858 1.6499999991059304
v 0.17500000000000027 22.899999976158142 1.6499999991059304
v 1.4250000000000003 22.899999976158142 1.6499999991059304
v 1.4250000000000003 24.100000023841858 1.5700000008940698
v 0.17500000000000027 24.100000023841858 1.5700000008940698
v 1.4250000000000003 22.899999976158142 1.5700000008940698
v 0.17500000000000027 22.899999976158142 1.5700000008940698
vt 0 1
vt 1 1
vt 0 0
vt 1 0
vt 0 1
vt 1 1
vt 0 0
vt 1 0
vt 0 1
vt 1 1
vt 0 0
vt 1 0
vt 0 1
vt 1 1
vt 0 0
vt 1 0
vt 0 1
vt 1 1
vt 0 0
vt 1 0
vt 0 1
vt 1 1
vt 0 0
vt 1 0
vn 1 0 0
vn 1 0 0
vn 1 0 0
vn 1 0 0
vn -1 0 0
vn -1 0 0
vn -1 0 0
vn -1 0 0
vn 0 1 0
vn 0 1 0
vn 0 1 0
vn 0 1 0
vn 0 -1 0
vn 0 -1 0
vn 0 -1 0
vn 0 -1 0
vn 0 0 1
vn 0 0 1
vn 0 0 1
vn 0 0 1
vn 0 0 -1
vn 0 0 -1
vn 0 0 -1
vn 0 0 -1
f 4081/4081/4081 4083/4083/4083 4082/4082/4082
f 4083/4083/4083 4084/4084/4084 4082/4082/4082
f 4085/4085/4085 4087/4087/4087 4086/4086/4086
f 4087/4087/4087 4088/4088/4088 4086/4086/4086
f 4089/4089/4089 4091/4091/4091 4090/4090/4090
f 4091/4091/4091 4092/4092/4092 4090/4090/4090
f 4093/4093/4093 4095/4095/4095 4094/4094/4094
f 4095/4095/4095 4096/4096/4096 4094/4094/4094
f 4097/4097/4097 4099/4099/4099 4098/4098/4098
f 4099/4099/4099 4100/4100/4100 4098/4098/4098
f 4101/4101/4101 4103/4103/4103 4102/4102/4102
f 4103/4103/4103 4104/4104/4104 4102/4102/4102
o glass_s2011
usemtl paleblue
v 1.6499999991059304 24.100000023841858 1.4250000000000003
v 1.6499999991059304 24.100000023841858 0.17500000000000027
v 1.6499999991059304 22.899999976158142 1.4250000000000003
v 1.6499999991059304 22.899999976158142 0.17500000000000027
v 1.5700000008940698 24.100000023841858 0.17500000000000027
v 1.5700000008940698 24.100000023841858 1.4250000000000003
v 1.5700000008940698 22.899999976158142 0.17500000000000027
v 1.5700000008940698 22.899999976158142 1.4250000000000003
v 1.5700000008940698 24.100000023841858 0.17500000000000027
v 1.6499999991059304 24.100000023841858 0.17500000000000027
v 1.5700000008940698 24.100000023841858 1.4250000000000003
v 1.6499999991059304 24.100000023841858 1.4250000000000003
v 1.5700000008940698 22.899999976158142 1.4250000000000003
v 1.6499999991059304 22.899999976158142 1.4250000000000003
v 1.5700000008940698 22.899999976158142 0.17500000000000027
v 1.6499999991059304 22.899999976158142 0.17500000000000027
v 1.5700000008940698 24.100000023841858 1.4250000000000003
v 1.6499999991059304 24.100000023841858 1.4250000000000003
v 1.5700000008940698 22.899999976158142 1.4250000000000003
v 1.6499999991059304 22.899999976158142 1.4250000000000003
v 1.6499999991059304 24.100000023841858 0.17500000000000027
v 1.5700000008940698 24.100000023841858 0.17500000000000027
v 1.6499999991059304 22.899999976158142 0.17500000000000027
v 1.5700000008940698 22.899999976158142 0.17500000000000027
vt 0 1
vt 1 1
vt 0 0
vt 1 0
vt 0 1
vt 1 1
vt 0 0
vt 1 0
vt 0 1
vt 1 1
vt 0 0
vt 1 0
vt 0 1
vt 1 1
vt 0 0
vt 1 0
vt 0 1
vt 1 1
vt 0 0
vt 1 0
vt 0 1
vt 1 1
vt 0 0
vt 1 0
vn 1 0 0
vn 1 0 0
vn 1 0 0
vn 1 0 0
vn -1 0 0
vn -1 0 0
vn -1 0 0
vn -1 0 0
vn 0 1 0
vn 0 1 0
vn 0 1 0
vn 0 1 0
vn 0 -1 0
vn 0 -1 0
vn 0 -1 0
vn 0 -1 0
vn 0 0 1
vn 0 0 1
vn 0 0 1
vn 0 0 1
vn 0 0 -1
vn 0 0 -1
vn 0 0 -1
vn 0 0 -1
f 4105/4105/4105 4107/4107/4107 4106/4106/4106
f 4107/4107/4107 4108/4108/4108 4106/4106/4106
f 4109/4109/4109 4111/4111/4111 4110/4110/4110
f 4111/4111/4111 4112/4112/4112 4110/4110/4110
f 4113/4113/4113 4115/4115/4115 4114/4114/4114
f 4115/4115/4115 4116/4116/4116 4114/4114/4114
f 4117/4117/4117 4119/4119/4119 4118/4118/4118
f 4119/4119/4119 4120/4120/4120 4118/4118/4118
f 4121/4121/4121 4123/4123/4123 4122/4122/4122
f 4123/4123/4123 4124/4124/4124 4122/4122/4122
f 4125/4125/4125 4127/4127/4127 4126/4126/4126
f 4127/4127/4127 4128/4128/4128 4126/4126/4126
o glass_201-1
usemtl paleblue
v 1.4250000000000003 24.100000023841858 -1.5700000008940698
v 1.4250000000000003 24.100000023841858 -1.6499999991059304
v 1.4250000000000003 22.899999976158142 -1.5700000008940698
v 1.4250000000000003 22.899999976158142 -1.6499999991059304
v 0.17500000000000027 24.100000023841858 -1.6499999991059304
v 0.17500000000000027 24.100000023841858 -1.5700000008940698
v 0.17500000000000027 22.899999976158142 -1.6499999991059304
v 0.17500000000000027 22.899999976158142 -1.5700000008940698
v 0.17500000000000027 24.100000023841858 -1.6499999991059304
v 1.4250000000000003 24.100000023841858 -1.6499999991059304
v 0.17500000000000027 24.100000023841858 -1.5700000008940698
v 1.4250000000000003 24.100000023841858 -1.5700000008940698
v 0.17500000000000027 22.899999976158142 -1.5700000008940698
v 1.4250000000000003 22.899999976158142 -1.5700000008940698
v 0.17500000000000027 22.899999976158142 -1.6499999991059304
v 1.4250000000000003 22.899999976158142 -1.6499999991059304
v 0.17500000000000027 24.100000023841858 -1.5700000008940698
v 1.4250000000000003 24.100000023841858 -1.5700000008940698
v 0.17500000000000027 22.899999976158142 -1.5700000008940698
v 1.4250000000000003 22.899999976158142 -1.5700000008940698
v 1.4250000000000003 24.100000023841858 -1.6499999991059304
v 0.17500000000000027 24.100000023841858 -1.6499999991059304
v 1.4250000000000003 22.899999976158142 -1.6499999991059304
v 0.17500000000000027 22.899999976158142 -1.6499999991059304
vt 0 1
vt 1 1
vt 0 0
vt 1 0
vt 0 1
vt 1 1
vt 0 0
vt 1 0
vt 0 1
vt 1 1
vt 0 0
vt 1 0
vt 0 1
vt 1 1
vt 0 0
vt 1 0
vt 0 1
vt 1 1
vt 0 0
vt 1 0
vt 0 1
vt 1 1
vt 0 0
vt 1 0
vn 1 0 0
vn 1 0 0
vn 1 0 0
vn 1 0 0
vn -1 0 0
vn -1 0 0
vn -1 0 0
vn -1 0 0
vn 0 1 0
vn 0 1 0
vn 0 1 0
vn 0 1 0
vn 0 -1 0
vn 0 -1 0
vn 0 -1 0
vn 0 -1 0
vn 0 0 1
vn 0 0 1
vn 0 0 1
vn 0 0 1
vn 0 0 -1
vn 0 0 -1
vn 0 0 -1
vn 0 0 -1
f 4129/4129/4129 4131/4131/4131 4130/4130/4130
f 4131/4131/4131 4132/4132/4132 4130/4130/4130
f 4133/4133/4133 4135/4135/4135 4134/4134/4134
f 4135/4135/4135 4136/4136/4136 4134/4134/4134
f 4137/4137/4137 4139/4139/4139 4138/4138/4138
f 4139/4139/4139 4140/4140/4140 4138/4138/4138
f 4141/4141/4141 4143/4143/4143 4142/4142/4142
f 4143/4143/4143 4144/4144/4144 4142/4142/4142
f 4145/4145/4145 4147/4147/4147 4146/4146/4146
f 4147/4147/4147 4148/4148/4148 4146/4146/4146
f 4149/4149/4149 4151/4151/4151 4150/4150/4150
f 4151/4151/4151 4152/4152/4152 4150/4150/4150
o glass_s201-1
usemtl paleblue
v -1.5700000008940698 24.100000023841858 1.4250000000000003
v -1.5700000008940698 24.100000023841858 0.17500000000000027
v -1.5700000008940698 22.899999976158142 1.4250000000000003
v -1.5700000008940698 22.899999976158142 0.17500000000000027
v -1.6499999991059304 24.100000023841858 0.17500000000000027
v -1.6499999991059304 24.100000023841858 1.4250000000000003
v -1.6499999991059304 22.899999976158142 0.17500000000000027
v -1.6499999991059304 22.899999976158142 1.4250000000000003
v -1.6499999991059304 24.100000023841858 0.17500000000000027
v -1.5700000008940698 24.100000023841858 0.17500000000000027
v -1.6499999991059304 24.100000023841858 1.4250000000000003
v -1.5700000008940698 24.100000023841858 1.4250000000000003
v -1.6499999991059304 22.899999976158142 1.4250000000000003
v -1.5700000008940698 22.899999976158142 1.4250000000000003
v -1.6499999991059304 22.899999976158142 0.17500000000000027
v -1.5700000008940698 22.899999976158142 0.17500000000000027
v -1.6499999991059304 24.100000023841858 1.4250000000000003
v -1.5700000008940698 24.100000023841858 1.4250000000000003
v -1.6499999991059304 22.899999976158142 1.4250000000000003
v -1.5700000008940698 22.899999976158142 1.4250000000000003
v -1.5700000008940698 24.100000023841858 0.17500000000000027
v -1.6499999991059304 24.100000023841858 0.17500000000000027
v -1.5700000008940698 22.899999976158142 0.17500000000000027
v -1.6499999991059304 22.899999976158142 0.17500000000000027
vt 0 1
vt 1 1
vt 0 0
vt 1 0
vt 0 1
vt 1 1
vt 0 0
vt 1 0
vt 0 1
vt 1 1
vt 0 0
vt 1 0
vt 0 1
vt 1 1
vt 0 0
vt 1 0
vt 0 1
vt 1 1
vt 0 0
vt 1 0
vt 0 1
vt 1 1
vt 0 0
vt 1 0
vn 1 0 0
vn 1 0 0
vn 1 0 0
vn 1 0 0
vn -1 0 0
vn -1 0 0
vn -1 0 0
vn -1 0 0
vn 0 1 0
vn 0 1 0
vn 0 1 0
vn 0 1 0
vn 0 -1 0
vn 0 -1 0
vn 0 -1 0
vn 0 -1 0
vn 0 0 1
vn 0 0 1
vn 0 0 1
vn 0 0 1
vn 0 0 -1
vn 0 0 -1
vn 0 0 -1
vn 0 0 -1
f 4153/4153/4153 4155/4155/4155 4154/4154/4154
f 4155/4155/4155 4156/4156/4156 4154/4154/4154
f 4157/4157/4157 4159/4159/4159 4158/4158/4158
f 4159/4159/4159 4160/4160/4160 4158/4158/4158
f 4161/4161/4161 4163/4163/4163 4162/4162/4162
f 4163/4163/4163 4164/4164/4164 4162/4162/4162
f 4165/4165/4165 4167/4167/4167 4166/4166/4166
f 4167/4167/4167 4168/4168/4168 4166/4166/4166
f 4169/4169/4169 4171/4171/4171 4170/4170/4170
f 4171/4171/4171 4172/4172/4172 4170/4170/4170
f 4173/4173/4173 4175/4175/4175 4174/4174/4174
f 4175/4175/4175 4176/4176/4176 4174/4174/4174
o glass_2101
usemtl paleblue
v -0.17500000000000004 26.100000023841858 1.6499999991059304
v -0.17500000000000004 26.100000023841858 1.5700000008940698
v -0.17500000000000004 24.899999976158142 1.6499999991059304
v -0.17500000000000004 24.899999976158142 1.5700000008940698
v -1.425 26.100000023841858 1.5700000008940698
v -1.425 26.100000023841858 1.6499999991059304
v -1.425 24.899999976158142 1.5700000008940698
v -1.425 24.899999976158142 1.6499999991059304
v -1.425 26.100000023841858 1.5700000008940698
v -0.17500000000000004 26.100000023841858 1.5700000008940698
v -1.425 26.100000023841858 1.6499999991059304
v -0.17500000000000004 26.100000023841858 1.6499999991059304
v -1.425 24.899999976158142 1.6499999991059304
v -0.17500000000000004 24.899999976158142 1.6499999991059304
v -1.425 24.899999976158142 1.5700000008940698
v -0.17500000000000004 24.899999976158142 1.5700000008940698
v -1.425 26.100000023841858 1.6499999991059304
v -0.17500000000000004 26.100000023841858 1.6499999991059304
v -1.425 24.899999976158142 1.6499999991059304
v -0.17500000000000004 24.899999976158142 1.6499999991059304
v -0.17500000000000004 26.100000023841858 1.5700000008940698
v -1.425 26.100000023841858 1.5700000008940698
v -0.17500000000000004 24.899999976158142 1.5700000008940698
v -1.425 24.899999976158142 1.5700000008940698
vt 0 1
vt 1 1
vt 0 0
vt 1 0
vt 0 1
vt 1 1
vt 0 0
vt 1 0
vt 0 1
vt 1 1
vt 0 0
vt 1 0
vt 0 1
vt 1 1
vt 0 0
vt 1 0
vt 0 1
vt 1 1
vt 0 0
vt 1 0
vt 0 1
vt 1 1
vt 0 0
vt 1 0
vn 1 0 0
vn 1 0 0
vn 1 0 0
vn 1 0 0
vn -1 0 0
vn -1 0 0
vn -1 0 0
vn -1 0 0
vn 0 1 0
vn 0 1 0
vn 0 1 0
vn 0 1 0
vn 0 -1 0
vn 0 -1 0
vn 0 -1 0
vn 0 -1 0
vn 0 0 1
vn 0 0 1
vn 0 0 1
vn 0 0 1
vn 0 0 -1
vn 0 0 -1
vn 0 0 -1
vn 0 0 -1
f 4177/4177/4177 4179/4179/4179 4178/4178/4178
f 4179/4179/4179 4180/4180/4180 4178/4178/4178
f 4181/4181/4181 4183/4183/4183 4182/4182/4182
f 4183/4183/4183 4184/4184/4184 4182/4182/4182
f 4185/4185/4185 4187/4187/4187 4186/4186/4186
f 4187/4187/4187 4188/4188/4188 4186/4186/4186
f 4189/4189/4189 4191/4191/4191 4190/4190/4190
f 4191/4191/4191 4192/4192/4192 4190/4190/4190
f 4193/4193/4193 4195/4195/4195 4194/4194/4194
f 4195/4195/4195 4196/4196/4196 4194/4194/4194
f 4197/4197/4197 4199/4199/4199 4198/4198/4198
f 4199/4199/4199 4200/4200/4200 4198/4198/4198
o glass_s2101
usemtl paleblue
v 1.6499999991059304 26.100000023841858 -0.17500000000000004
v 1.6499999991059304 26.100000023841858 -1.425
v 1.6499999991059304 24.899999976158142 -0.17500000000000004
v 1.6499999991059304 24.899999976158142 -1.425
v 1.5700000008940698 26.100000023841858 -1.425
v 1.5700000008940698 26.100000023841858 -0.17500000000000004
v 1.5700000008940698 24.899999976158142 -1.425
v 1.5700000008940698 24.899999976158142 -0.17500000000000004
v 1.5700000008940698 26.100000023841858 -1.425
v 1.6499999991059304 26.100000023841858 -1.425
v 1.5700000008940698 26.100000023841858 -0.17500000000000004
v 1.6499999991059304 26.100000023841858 -0.17500000000000004
v 1.5700000008940698 24.899999976158142 -0.17500000000000004
v 1.6499999991059304 24.899999976158142 -0.17500000000000004
v 1.5700000008940698 24.899999976158142 -1.425
v 1.6499999991059304 24.899999976158142 -1.425
v 1.5700000008940698 26.100000023841858 -0.17500000000000004
v 1.6499999991059304 26.100000023841858 -0.17500000000000004
v 1.5700000008940698 24.899999976158142 -0.17500000000000004
v 1.6499999991059304 24.899999976158142 -0.17500000000000004
v 1.6499999991059304 26.100000023841858 -1.425
v 1.5700000008940698 26.100000023841858 -1.425
v 1.6499999991059304 24.899999976158142 -1.425
v 1.5700000008940698 24.899999976158142 -1.425
vt 0 1
vt 1 1
vt 0 0
vt 1 0
vt 0 1
vt 1 1
vt 0 0
vt 1 0
vt 0 1
vt 1 1
vt 0 0
vt 1 0
vt 0 1
vt 1 1
vt 0 0
vt 1 0
vt 0 1
vt 1 1
vt 0 0
vt 1 0
vt 0 1
vt 1 1
vt 0 0
vt 1 0
vn 1 0 0
vn 1 0 0
vn 1 0 0
vn 1 0 0
vn -1 0 0
vn -1 0 0
vn -1 0 0
vn -1 0 0
vn 0 1 0
vn 0 1 0
vn 0 1 0
vn 0 1 0
vn 0 -1 0
vn 0 -1 0
vn 0 -1 0
vn 0 -1 0
vn 0 0 1
vn 0 0 1
vn 0 0 1
vn 0 0 1
vn 0 0 -1
vn 0 0 -1
vn 0 0 -1
vn 0 0 -1
f 4201/4201/4201 4203/4203/4203 4202/4202/4202
f 4203/4203/4203 4204/4204/4204 4202/4202/4202
f 4205/4205/4205 4207/4207/4207 4206/4206/4206
f 4207/4207/4207 4208/4208/4208 4206/4206/4206
f 4209/4209/4209 4211/4211/4211 4210/4210/4210
f 4211/4211/4211 4212/4212/4212 4210/4210/4210
f 4213/4213/4213 4215/4215/4215 4214/4214/4214
f 4215/4215/4215 4216/4216/4216 4214/4214/4214
f 4217/4217/4217 4219/4219/4219 4218/4218/4218
f 4219/4219/4219 4220/4220/4220 4218/4218/4218
f 4221/4221/4221 4223/4223/4223 4222/4222/4222
f 4223/4223/4223 4224/4224/4224 4222/4222/4222
o glass_210-1
usemtl paleblue
v -0.17500000000000004 26.100000023841858 -1.5700000008940698
v -0.17500000000000004 26.100000023841858 -1.6499999991059304
v -0.17500000000000004 24.899999976158142 -1.5700000008940698
v -0.17500000000000004 24.899999976158142 -1.6499999991059304
v -1.425 26.100000023841858 -1.6499999991059304
v -1.425 26.100000023841858 -1.5700000008940698
v -1.425 24.899999976158142 -1.6499999991059304
v -1.425 24.899999976158142 -1.5700000008940698
v -1.425 26.100000023841858 -1.6499999991059304
v -0.17500000000000004 26.100000023841858 -1.6499999991059304
v -1.425 26.100000023841858 -1.5700000008940698
v -0.17500000000000004 26.100000023841858 -1.5700000008940698
v -1.425 24.899999976158142 -1.5700000008940698
v -0.17500000000000004 24.899999976158142 -1.5700000008940698
v -1.425 24.899999976158142 -1.6499999991059304
v -0.17500000000000004 24.899999976158142 -1.6499999991059304
v -1.425 26.100000023841858 -1.5700000008940698
v -0.17500000000000004 26.100000023841858 -1.5700000008940698
v -1.425 24.899999976158142 -1.5700000008940698
v -0.17500000000000004 24.899999976158142 -1.5700000008940698
v -0.17500000000000004 26.100000023841858 -1.6499999991059304
v -1.425 26.100000023841858 -1.6499999991059304
v -0.17500000000000004 24.899999976158142 -1.6499999991059304
v -1.425 24.899999976158142 -1.6499999991059304
vt 0 1
vt 1 1
vt 0 0
vt 1 0
vt 0 1
vt 1 1
vt 0 0
vt 1 0
vt 0 1
vt 1 1
vt 0 0
vt 1 0
vt 0 1
vt 1 1
vt 0 0
vt 1 0
vt 0 1
vt 1 1
vt 0 0
vt 1 0
vt 0 1
vt 1 1
vt 0 0
vt 1 0
vn 1 0 0
vn 1 0 0
vn 1 0 0
vn 1 0 0
vn -1 0 0
vn -1 0 0
vn -1 0 0
vn -1 0 0
vn 0 1 0
vn 0 1 0
vn 0 1 0
vn 0 1 0
vn 0 -1 0
vn 0 -1 0
vn 0 -1 0
vn 0 -1 0
vn 0 0 1
vn 0 0 1
vn 0 0 1
vn 0 0 1
vn 0 0 -1
vn 0 0 -1
vn 0 0 -1
vn 0 0 -1
f 4225/4225/4225 4227/4227/4227 4226/4226/4226
f 4227/4227/4227 4228/4228/4228 4226/4226/4226
f 4229/4229/4229 4231/4231/4231 4230/4230/4230
f 4231/4231/4231 4232/4232/4232 4230/4230/4230
f 4233/4233/4233 4235/4235/4235 4234/4234/4234
f 4235/4235/4235 4236/4236/4236 4234/4234/4234
f 4237/4237/4237 4239/4239/4239 4238/4238/4238
f 4239/4239/4239 4240/4240/4240 4238/4238/4238
f 4241/4241/4241 4243/4243/4243 4242/4242/4242
f 4243/4243/4243 4244/4244/4244 4242/4242/4242
f 4245/4245/4245 4247/4247/4247 4246/4246/4246
f 4247/4247/4247 4248/4248/4248 4246/4246/4246
o glass_s210-1
usemtl paleblue
v -1.5700000008940698 26.100000023841858 -0.17500000000000004
v -1.5700000008940698 26.100000023841858 -1.425
v -1.5700000008940698 24.899999976158142 -0.17500000000000004
v -1.5700000008940698 24.899999976158142 -1.425
v -1.6499999991059304 26.100000023841858 -1.425
v -1.6499999991059304 26.100000023841858 -0.17500000000000004
v -1.6499999991059304 24.899999976158142 -1.425
v -1.6499999991059304 24.899999976158142 -0.17500000000000004
v -1.6499999991059304 26.100000023841858 -1.425
v -1.5700000008940698 26.100000023841858 -1.425
v -1.6499999991059304 26.100000023841858 -0.17500000000000004
v -1.5700000008940698 26.100000023841858 -0.17500000000000004
v -1.6499999991059304 24.899999976158142 -0.17500000000000004
v -1.5700000008940698 24.899999976158142 -0.17500000000000004
v -1.6499999991059304 24.899999976158142 -1.425
v -1.5700000008940698 24.899999976158142 -1.425
v -1.6499999991059304 26.100000023841858 -0.17500000000000004
v -1.5700000008940698 26.100000023841858 -0.17500000000000004
v -1.6499999991059304 24.899999976158142 -0.17500000000000004
v -1.5700000008940698 24.899999976158142 -0.17500000000000004
v -1.5700000008940698 26.100000023841858 -1.425
v -1.6499999991059304 26.100000023841858 -1.425
v -1.5700000008940698 24.899999976158142 -1.425
v -1.6499999991059304 24.899999976158142 -1.425
vt 0 1
vt 1 1
vt 0 0
vt 1 0
vt 0 1
vt 1 1
vt 0 0
vt 1 0
vt 0 1
vt 1 1
vt 0 0
vt 1 0
vt 0 1
vt 1 1
vt 0 0
vt 1 0
vt 0 1
vt 1 1
vt 0 0
vt 1 0
vt 0 1
vt 1 1
vt 0 0
vt 1 0
vn 1 0 0
vn 1 0 0
vn 1 0 0
vn 1 0 0
vn -1 0 0
vn -1 0 0
vn -1 0 0
vn -1 0 0
vn 0 1 0
vn 0 1 0
vn 0 1 0
vn 0 1 0
vn 0 -1 0
vn 0 -1 0
vn 0 -1 0
vn 0 -1 0
vn 0 0 1
vn 0 0 1
vn 0 0 1
vn 0 0 1
vn 0 0 -1
vn 0 0 -1
vn 0 0 -1
vn 0 0 -1
f 4249/4249/4249 4251/4251/4251 4250/4250/4250
f 4251/4251/4251 4252/4252/4252 4250/4250/4250
f 4253/4253/4253 4255/4255/4255 4254/4254/4254
f 4255/4255/4255 4256/4256/4256 4254/4254/4254
f 4257/4257/4257 4259/4259/4259 4258/4258/4258
f 4259/4259/4259 4260/4260/4260 4258/4258/4258
f 4261/4261/4261 4263/4263/4263 4262/4262/4262
f 4263/4263/4263 4264/4264/4264 4262/4262/4262
f 4265/4265/4265 4267/4267/4267 4266/4266/4266
f 4267/4267/4267 4268/4268/4268 4266/4266/4266
f 4269/4269/4269 4271/4271/4271 4270/4270/4270
f 4271/4271/4271 4272/4272/4272 4270/4270/4270
o glass_2111
usemtl paleblue
v 1.4250000000000003 26.100000023841858 1.6499999991059304
v 1.4250000000000003 26.100000023841858 1.5700000008940698
v 1.4250000000000003 24.899999976158142 1.6499999991059304
v 1.4250000000000003 24.899999976158142 1.5700000008940698
v 0.17500000000000027 26.100000023841858 1.5700000008940698
v 0.17500000000000027 26.100000023841858 1.6499999991059304
v 0.17500000000000027 24.899999976158142 1.5700000008940698
v 0.17500000000000027 24.899999976158142 1.6499999991059304
v 0.17500000000000027 26.100000023841858 1.5700000008940698
v 1.4250000000000003 26.100000023841858 1.5700000008940698
v 0.17500000000000027 26.100000023841858 1.6499999991059304
v 1.4250000000000003 26.100000023841858 1.6499999991059304
v 0.17500000000000027 24.899999976158142 1.6499999991059304
v 1.4250000000000003 24.899999976158142 1.6499999991059304
v 0.17500000000000027 24.899999976158142 1.5700000008940698
v 1.4250000000000003 24.899999976158142 1.5700000008940698
v 0.17500000000000027 26.100000023841858 1.6499999991059304
v 1.4250000000000003 26.100000023841858 1.6499999991059304
v 0.17500000000000027 24.899999976158142 1.6499999991059304
v 1.4250000000000003 24.899999976158142 1.6499999991059304
v 1.4250000000000003 26.100000023841858 1.5700000008940698
v 0.17500000000000027 26.100000023841858 1.5700000008940698
v 1.4250000000000003 24.899999976158142 1.5700000008940698
v 0.17500000000000027 24.899999976158142 1.5700000008940698
vt 0 1
vt 1 1
vt 0 0
vt 1 0
vt 0 1
vt 1 1
vt 0 0
vt 1 0
vt 0 1
vt 1 1
vt 0 0
vt 1 0
vt 0 1
vt 1 1
vt 0 0
vt 1 0
vt 0 1
vt 1 1
vt 0 0
vt 1 0
vt 0 1
vt 1 1
vt 0 0
vt 1 0
vn 1 0 0
vn 1 0 0
vn 1 0 0
vn 1 0 0
vn -1 0 0
vn -1 0 0
vn -1 0 0
vn -1 0 0
vn 0 1 0
vn 0 1 0
vn 0 1 0
vn 0 1 0
vn 0 -1 0
vn 0 -1 0
vn 0 -1 0
vn 0 -1 0
vn 0 0 1
vn 0 0 1
vn 0 0 1
vn 0 0 1
vn 0 0 -1
vn 0 0 -1
vn 0 0 -1
vn 0 0 -1
f 4273/4273/4273 4275/4275/4275 4274/4274/4274
f 4275/4275/4275 4276/4276/4276 4274/4274/4274
f 4277/4277/4277 4279/4279/4279 4278/4278/4278
f 4279/4279/4279 4280/4280/4280 4278/4278/4278
f 4281/4281/4281 4283/4283/4283 4282/4282/4282
f 4283/4283/4283 4284/4284/4284 4282/4282/4282
f 4285/4285/4285 4287/4287/4287 4286/4286/4286
f 4287/4287/4287 4288/4288/4288 4286/4286/4286
f 4289/4289/4289 4291/4291/4291 4290/4290/4290
f 4291/4291/4291 4292/4292/4292 4290/4290/4290
f 4293/4293/4293 4295/4295/4295 4294/4294/4294
f 4295/4295/4295 4296/4296/4296 4294/4294/4294
o glass_s2111
usemtl paleblue
v 1.6499999991059304 26.100000023841858 1.4250000000000003
v 1.6499999991059304 26.100000023841858 0.17500000000000027
v 1.6499999991059304 24.899999976158142 1.4250000000000003
v 1.6499999991059304 24.899999976158142 0.17500000000000027
v 1.5700000008940698 26.100000023841858 0.17500000000000027
v 1.5700000008940698 26.100000023841858 1.4250000000000003
v 1.5700000008940698 24.899999976158142 0.17500000000000027
v 1.5700000008940698 24.899999976158142 1.4250000000000003
v 1.5700000008940698 26.100000023841858 0.17500000000000027
v 1.6499999991059304 26.100000023841858 0.17500000000000027
v 1.5700000008940698 26.100000023841858 1.4250000000000003
v 1.6499999991059304 26.100000023841858 1.4250000000000003
v 1.5700000008940698 24.899999976158142 1.4250000000000003
v 1.6499999991059304 24.899999976158142 1.4250000000000003
v 1.5700000008940698 24.899999976158142 0.17500000000000027
v 1.6499999991059304 24.899999976158142 0.17500000000000027
v 1.5700000008940698 26.100000023841858 1.4250000000000003
v 1.6499999991059304 26.100000023841858 1.4250000000000003
v 1.5700000008940698 24.899999976158142 1.4250000000000003
v 1.6499999991059304 24.899999976158142 1.4250000000000003
v 1.6499999991059304 26.100000023841858 0.17500000000000027
v 1.5700000008940698 26.100000023841858 0.17500000000000027
v 1.6499999991059304 24.899999976158142 0.17500000000000027
v 1.5700000008940698 24.899999976158142 0.17500000000000027
vt 0 1
vt 1 1
vt 0 0
vt 1 0
vt 0 1
vt 1 1
vt 0 0
vt 1 0
vt 0 1
vt 1 1
vt 0 0
vt 1 0
vt 0 1
vt 1 1
vt 0 0
vt 1 0
vt 0 1
vt 1 1
vt 0 0
vt 1 0
vt 0 1
vt 1 1
vt 0 0
vt 1 0
vn 1 0 0
vn 1 0 0
vn 1 0 0
vn 1 0 0
vn -1 0 0
vn -1 0 0
vn -1 0 0
vn -1 0 0
vn 0 1 0
vn 0 1 0
vn 0 1 0
vn 0 1 0
vn 0 -1 0
vn 0 -1 0
vn 0 -1 0
vn 0 -1 0
vn 0 0 1
vn 0 0 1
vn 0 0 1
vn 0 0 1
vn 0 0 -1
vn 0 0 -1
vn 0 0 -1
vn 0 0 -1
f 4297/4297/4297 4299/4299/4299 4298/4298/4298
f 4299/4299/4299 4300/4300/4300 4298/4298/4298
f 4301/4301/4301 4303/4303/4303 4302/4302/4302
f 4303/4303/4303 4304/4304/4304 4302/4302/4302
f 4305/4305/4305 4307/4307/4307 4306/4306/4306
f 4307/4307/4307 4308/4308/4308 4306/4306/4306
f 4309/4309/4309 4311/4311/4311 4310/4310/4310
f 4311/4311/4311 4312/4312/4312 4310/4310/4310
f 4313/4313/4313 4315/4315/4315 4314/4314/4314
f 4315/4315/4315 4316/4316/4316 4314/4314/4314
f 4317/4317/4317 4319/4319/4319 4318/4318/4318
f 4319/4319/4319 4320/4320/4320 4318/4318/4318
o glass_211-1
usemtl paleblue
v 1.4250000000000003 26.100000023841858 -1.5700000008940698
v 1.4250000000000003 26.100000023841858 -1.6499999991059304
v 1.4250000000000003 24.899999976158142 -1.5700000008940698
v 1.4250000000000003 24.899999976158142 -1.6499999991059304
v 0.17500000000000027 26.100000023841858 -1.6499999991059304
v 0.17500000000000027 26.100000023841858 -1.5700000008940698
v 0.17500000000000027 24.899999976158142 -1.6499999991059304
v 0.17500000000000027 24.899999976158142 -1.5700000008940698
v 0.17500000000000027 26.100000023841858 -1.6499999991059304
v 1.4250000000000003 26.100000023841858 -1.6499999991059304
v 0.17500000000000027 26.100000023841858 -1.5700000008940698
v 1.4250000000000003 26.100000023841858 -1.5700000008940698
v 0.17500000000000027 24.899999976158142 -1.5700000008940698
v 1.4250000000000003 24.899999976158142 -1.5700000008940698
v 0.17500000000000027 24.899999976158142 -1.6499999991059304
v 1.4250000000000003 24.899999976158142 -1.6499999991059304
v 0.17500000000000027 26.100000023841858 -1.5700000008940698
v 1.4250000000000003 26.100000023841858 -1.5700000008940698
v 0.17500000000000027 24.899999976158142 -1.5700000008940698
v 1.4250000000000003 24.899999976158142 -1.5700000008940698
v 1.4250000000000003 26.100000023841858 -1.6499999991059304
v 0.17500000000000027 26.100000023841858 -1.6499999991059304
v 1.4250000000000003 24.899999976158142 -1.6499999991059304
v 0.17500000000000027 24.899999976158142 -1.6499999991059304
vt 0 1
vt 1 1
vt 0 0
vt 1 0
vt 0 1
vt 1 1
vt 0 0
vt 1 0
vt 0 1
vt 1 1
vt 0 0
vt 1 0
vt 0 1
vt 1 1
vt 0 0
vt 1 0
vt 0 1
vt 1 1
vt 0 0
vt 1 0
vt 0 1
vt 1 1
vt 0 0
vt 1 0
vn 1 0 0
vn 1 0 0
vn 1 0 0
vn 1 0 0
vn -1 0 0
vn -1 0 0
vn -1 0 0
vn -1 0 0
vn 0 1 0
vn 0 1 0
vn 0 1 0
vn 0 1 0
vn 0 -1 0
vn 0 -1 0
vn 0 -1 0
vn 0 -1 0
vn 0 0 1
vn 0 0 1
vn 0 0 1
vn 0 0 1
vn 0 0 -1
vn 0 0 -1
vn 0 0 -1
vn 0 0 -1
f 4321/4321/4321 4323/4323/4323 4322/4322/4322
f 4323/4323/4323 4324/4324/4324 4322/4322/4322
f 4325/4325/4325 4327/4327/4327 4326/4326/4326
f 4327/4327/4327 4328/4328/4328 4326/4326/4326
f 4329/4329/4329 4331/4331/4331 4330/4330/4330
f 4331/4331/4331 4332/4332/4332 4330/4330/4330
f 4333/4333/4333 4335/4335/4335 4334/4334/4334
f 4335/4335/4335 4336/4336/4336 4334/4334/4334
f 4337/4337/4337 4339/4339/4339 4338/4338/4338
f 4339/4339/4339 4340/4340/4340 4338/4338/4338
f 4341/4341/4341 4343/4343/4343 4342/4342/4342
f 4343/4343/4343 4344/4344/4344 4342/4342/4342
o glass_s211-1
usemtl paleblue
v -1.5700000008940698 26.100000023841858 1.4250000000000003
v -1.5700000008940698 26.100000023841858 0.17500000000000027
v -1.5700000008940698 24.899999976158142 1.4250000000000003
v -1.5700000008940698 24.899999976158142 0.17500000000000027
v -1.6499999991059304 26.100000023841858 0.17500000000000027
v -1.6499999991059304 26.100000023841858 1.4250000000000003
v -1.6499999991059304 24.899999976158142 0.17500000000000027
v -1.6499999991059304 24.899999976158142 1.4250000000000003
v -1.6499999991059304 26.100000023841858 0.17500000000000027
v -1.5700000008940698 26.100000023841858 0.17500000000000027
v -1.6499999991059304 26.100000023841858 1.4250000000000003
v -1.5700000008940698 26.100000023841858 1.4250000000000003
v -1.6499999991059304 24.899999976158142 1.4250000000000003
v -1.5700000008940698 24.899999976158142 1.4250000000000003
v -1.6499999991059304 24.899999976158142 0.17500000000000027
v -1.5700000008940698 24.899999976158142 0.17500000000000027
v -1.6499999991059304 26.100000023841858 1.4250000000000003
v -1.5700000008940698 26.100000023841858 1.4250000000000003
v -1.6499999991059304 24.899999976158142 1.4250000000000003
v -1.5700000008940698 24.899999976158142 1.4250000000000003
v -1.5700000008940698 26.100000023841858 0.17500000000000027
v -1.6499999991059304 26.100000023841858 0.17500000000000027
v -1.5700000008940698 24.899999976158142 0.17500000000000027
v -1.6499999991059304 24.899999976158142 0.17500000000000027
vt 0 1
vt 1 1
vt 0 0
vt 1 0
vt 0 1
vt 1 1
vt 0 0
vt 1 0
vt 0 1
vt 1 1
vt 0 0
vt 1 0
vt 0 1
vt 1 1
vt 0 0
vt 1 0
vt 0 1
vt 1 1
vt 0 0
vt 1 0
vt 0 1
vt 1 1
vt 0 0
vt 1 0
vn 1 0 0
vn 1 0 0
vn 1 0 0
vn 1 0 0
vn -1 0 0
vn -1 0 0
vn -1 0 0
vn -1 0 0
vn 0 1 0
vn 0 1 0
vn 0 1 0
vn 0 1 0
vn 0 -1 0
vn 0 -1 0
vn 0 -1 0
vn 0 -1 0
vn 0 0 1
vn 0 0 1
vn 0 0 1
vn 0 0 1
vn 0 0 -1
vn 0 0 -1
vn 0 0 -1
vn 0 0 -1
f 4345/4345/4345 4347/4347/4347 4346/4346/4346
f 4347/4347/4347 4348/4348/4348 4346/4346/4346
f 4349/4349/4349 4351/4351/4351 4350/4350/4350
f 4351/4351/4351 4352/4352/4352 4350/4350/4350
f 4353/4353/4353 4355/4355/4355 4354/4354/4354
f 4355/4355/4355 4356/4356/4356 4354/4354/4354
f 4357/4357/4357 4359/4359/4359 4358/4358/4358
f 4359/4359/4359 4360/4360/4360 4358/4358/4358
f 4361/4361/4361 4363/4363/4363 4362/4362/4362
f 4363/4363/4363 4364/4364/4364 4362/4362/4362
f 4365/4365/4365 4367/4367/4367 4366/4366/4366
f 4367/4367/4367 4368/4368/4368 4366/4366/4366
o glass_2201
usemtl paleblue
v -0.17500000000000004 28.100000023841858 1.6499999991059304
v -0.17500000000000004 28.100000023841858 1.5700000008940698
v -0.17500000000000004 26.899999976158142 1.6499999991059304
v -0.17500000000000004 26.899999976158142 1.5700000008940698
v -1.425 28.100000023841858 1.5700000008940698
v -1.425 28.100000023841858 1.6499999991059304
v -1.425 26.899999976158142 1.5700000008940698
v -1.425 26.899999976158142 1.6499999991059304
v -1.425 28.100000023841858 1.5700000008940698
v -0.17500000000000004 28.100000023841858 1.5700000008940698
v -1.425 28.100000023841858 1.6499999991059304
v -0.17500000000000004 28.100000023841858 1.6499999991059304
v -1.425 26.899999976158142 1.6499999991059304
v -0.17500000000000004 26.899999976158142 1.6499999991059304
v -1.425 26.899999976158142 1.5700000008940698
v -0.17500000000000004 26.899999976158142 1.5700000008940698
v -1.425 28.100000023841858 1.6499999991059304
v -0.17500000000000004 28.100000023841858 1.6499999991059304
v -1.425 26.899999976158142 1.6499999991059304
v -0.17500000000000004 26.899999976158142 1.6499999991059304
v -0.17500000000000004 28.100000023841858 1.5700000008940698
v -1.425 28.100000023841858 1.5700000008940698
v -0.17500000000000004 26.899999976158142 1.5700000008940698
v -1.425 26.899999976158142 1.5700000008940698
vt 0 1
vt 1 1
vt 0 0
vt 1 0
vt 0 1
vt 1 1
vt 0 0
vt 1 0
vt 0 1
vt 1 1
vt 0 0
vt 1 0
vt 0 1
vt 1 1
vt 0 0
vt 1 0
vt 0 1
vt 1 1
vt 0 0
vt 1 0
vt 0 1
vt 1 1
vt 0 0
vt 1 0
vn 1 0 0
vn 1 0 0
vn 1 0 0
vn 1 0 0
vn -1 0 0
vn -1 0 0
vn -1 0 0
vn -1 0 0
vn 0 1 0
vn 0 1 0
vn 0 1 0
vn 0 1 0
vn 0 -1 0
vn 0 -1 0
vn 0 -1 0
vn 0 -1 0
vn 0 0 1
vn 0 0 1
vn 0 0 1
vn 0 0 1
vn 0 0 -1
vn 0 0 -1
vn 0 0 -1
vn 0 0 -1
f 4369/4369/4369 4371/4371/4371 4370/4370/4370
f 4371/4371/4371 4372/4372/4372 4370/4370/4370
f 4373/4373/4373 4375/4375/4375 4374/4374/4374
f 4375/4375/4375 4376/4376/4376 4374/4374/4374
f 4377/4377/4377 4379/4379/4379 4378/4378/4378
f 4379/4379/4379 4380/4380/4380 4378/4378/4378
f 4381/4381/4381 4383/4383/4383 4382/4382/4382
f 4383/4383/4383 4384/4384/4384 4382/4382/4382
f 4385/4385/4385 4387/4387/4387 4386/4386/4386
f 4387/4387/4387 4388/4388/4388 4386/4386/4386
f 4389/4389/4389 4391/4391/4391 4390/4390/4390
f 4391/4391/4391 4392/4392/4392 4390/4390/4390
o glass_s2201
usemtl paleblue
v 1.6499999991059304 28.100000023841858 -0.17500000000000004
v 1.6499999991059304 28.100000023841858 -1.425
v 1.6499999991059304 26.899999976158142 -0.17500000000000004
v 1.6499999991059304 26.899999976158142 -1.425
v 1.5700000008940698 28.100000023841858 -1.425
v 1.5700000008940698 28.100000023841858 -0.17500000000000004
v 1.5700000008940698 26.899999976158142 -1.425
v 1.5700000008940698 26.899999976158142 -0.17500000000000004
v 1.5700000008940698 28.100000023841858 -1.425
v 1.6499999991059304 28.100000023841858 -1.425
v 1.5700000008940698 28.100000023841858 -0.17500000000000004
v 1.6499999991059304 28.100000023841858 -0.17500000000000004
v 1.5700000008940698 26.899999976158142 -0.17500000000000004
v 1.6499999991059304 26.899999976158142 -0.17500000000000004
v 1.5700000008940698 26.899999976158142 -1.425
v 1.6499999991059304 26.899999976158142 -1.425
v 1.5700000008940698 28.100000023841858 -0.17500000000000004
v 1.6499999991059304 28.100000023841858 -0.17500000000000004
v 1.5700000008940698 26.899999976158142 -0.17500000000000004
v 1.6499999991059304 26.899999976158142 -0.17500000000000004
v 1.6499999991059304 28.100000023841858 -1.425
v 1.5700000008940698 28.100000023841858 -1.425
v 1.6499999991059304 26.899999976158142 -1.425
v 1.5700000008940698 26.899999976158142 -1.425
vt 0 1
vt 1 1
vt 0 0
vt 1 0
vt 0 1
vt 1 1
vt 0 0
vt 1 0
vt 0 1
vt 1 1
vt 0 0
vt 1 0
vt 0 1
vt 1 1
vt 0 0
vt 1 0
vt 0 1
vt 1 1
vt 0 0
vt 1 0
vt 0 1
vt 1 1
vt 0 0
vt 1 0
vn 1 0 0
vn 1 0 0
vn 1 0 0
vn 1 0 0
vn -1 0 0
vn -1 0 0
vn -1 0 0
vn -1 0 0
vn 0 1 0
vn 0 1 0
vn 0 1 0
vn 0 1 0
vn 0 -1 0
vn 0 -1 0
vn 0 -1 0
vn 0 -1 0
vn 0 0 1
vn 0 0 1
vn 0 0 1
vn 0 0 1
vn 0 0 -1
vn 0 0 -1
vn 0 0 -1
vn 0 0 -1
f 4393/4393/4393 4395/4395/4395 4394/4394/4394
f 4395/4395/4395 4396/4396/4396 4394/4394/4394
f 4397/4397/4397 4399/4399/4399 4398/4398/4398
f 4399/4399/4399 4400/4400/4400 4398/4398/4398
f 4401/4401/4401 4403/4403/4403 4402/4402/4402
f 4403/4403/4403 4404/4404/4404 4402/4402/4402
f 4405/4405/4405 4407/4407/4407 4406/4406/4406
f 4407/4407/4407 4408/4408/4408 4406/4406/4406
f 4409/4409/4409 4411/4411/4411 4410/4410/4410
f 4411/4411/4411 4412/4412/4412 4410/4410/4410
f 4413/4413/4413 4415/4415/4415 4414/4414/4414
f 4415/4415/4415 4416/4416/4416 4414/4414/4414
o glass_220-1
usemtl paleblue
v -0.17500000000000004 28.100000023841858 -1.5700000008940698
v -0.17500000000000004 28.100000023841858 -1.6499999991059304
v -0.17500000000000004 26.899999976158142 -1.5700000008940698
v -0.17500000000000004 26.899999976158142 -1.6499999991059304
v -1.425 28.100000023841858 -1.6499999991059304
v -1.425 28.100000023841858 -1.5700000008940698
v -1.425 26.899999976158142 -1.6499999991059304
v -1.425 26.899999976158142 -1.5700000008940698
v -1.425 28.100000023841858 -1.6499999991059304
v -0.17500000000000004 28.100000023841858 -1.6499999991059304
v -1.425 28.100000023841858 -1.5700000008940698
v -0.17500000000000004 28.100000023841858 -1.5700000008940698
v -1.425 26.899999976158142 -1.5700000008940698
v -0.17500000000000004 26.899999976158142 -1.5700000008940698
v -1.425 26.899999976158142 -1.6499999991059304
v -0.17500000000000004 26.899999976158142 -1.6499999991059304
v -1.425 28.100000023841858 -1.5700000008940698
v -0.17500000000000004 28.100000023841858 -1.5700000008940698
v -1.425 26.899999976158142 -1.5700000008940698
v -0.17500000000000004 26.899999976158142 -1.5700000008940698
v -0.17500000000000004 28.100000023841858 -1.6499999991059304
v -1.425 28.100000023841858 -1.6499999991059304
v -0.17500000000000004 26.899999976158142 -1.6499999991059304
v -1.425 26.899999976158142 -1.6499999991059304
vt 0 1
vt 1 1
vt 0 0
vt 1 0
vt 0 1
vt 1 1
vt 0 0
vt 1 0
vt 0 1
vt 1 1
vt 0 0
vt 1 0
vt 0 1
vt 1 1
vt 0 0
vt 1 0
vt 0 1
vt 1 1
vt 0 0
vt 1 0
vt 0 1
vt 1 1
vt 0 0
vt 1 0
vn 1 0 0
vn 1 0 0
vn 1 0 0
vn 1 0 0
vn -1 0 0
vn -1 0 0
vn -1 0 0
vn -1 0 0
vn 0 1 0
vn 0 1 0
vn 0 1 0
vn 0 1 0
vn 0 -1 0
vn 0 -1 0
vn 0 -1 0
vn 0 -1 0
vn 0 0 1
vn 0 0 1
vn 0 0 1
vn 0 0 1
vn 0 0 -1
vn 0 0 -1
vn 0 0 -1
vn 0 0 -1
f 4417/4417/4417 4419/4419/4419 4418/4418/4418
f 4419/4419/4419 4420/4420/4420 4418/4418/4418
f 4421/4421/4421 4423/4423/4423 4422/4422/4422
f 4423/4423/4423 4424/4424/4424 4422/4422/4422
f 4425/4425/4425 4427/4427/4427 4426/4426/4426
f 4427/4427/4427 4428/4428/4428 4426/4426/4426
f 4429/4429/4429 4431/4431/4431 4430/4430/4430
f 4431/4431/4431 4432/4432/4432 4430/4430/4430
f 4433/4433/4433 4435/4435/4435 4434/4434/4434
f 4435/4435/4435 4436/4436/4436 4434/4434/4434
f 4437/4437/4437 4439/4439/4439 4438/4438/4438
f 4439/4439/4439 4440/4440/4440 4438/4438/4438
o glass_s220-1
usemtl paleblue
v -1.5700000008940698 28.100000023841858 -0.17500000000000004
v -1.5700000008940698 28.100000023841858 -1.425
v -1.5700000008940698 26.899999976158142 -0.17500000000000004
v -1.5700000008940698 26.899999976158142 -1.425
v -1.6499999991059304 28.100000023841858 -1.425
v -1.6499999991059304 28.100000023841858 -0.17500000000000004
v -1.6499999991059304 26.899999976158142 -1.425
v -1.6499999991059304 26.899999976158142 -0.17500000000000004
v -1.6499999991059304 28.100000023841858 -1.425
v -1.5700000008940698 28.100000023841858 -1.425
v -1.6499999991059304 28.100000023841858 -0.17500000000000004
v -1.5700000008940698 28.100000023841858 -0.17500000000000004
v -1.6499999991059304 26.899999976158142 -0.17500000000000004
v -1.5700000008940698 26.899999976158142 -0.17500000000000004
v -1.6499999991059304 26.899999976158142 -1.425
v -1.5700000008940698 26.899999976158142 -1.425
v -1.6499999991059304 28.100000023841858 -0.17500000000000004
v -1.5700000008940698 28.100000023841858 -0.17500000000000004
v -1.6499999991059304 26.899999976158142 -0.17500000000000004
v -1.5700000008940698 26.899999976158142 -0.17500000000000004
v -1.5700000008940698 28.100000023841858 -1.425
v -1.6499999991059304 28.100000023841858 -1.425
v -1.5700000008940698 26.899999976158142 -1.425
v -1.6499999991059304 26.899999976158142 -1.425
vt 0 1
vt 1 1
vt 0 0
vt 1 0
vt 0 1
vt 1 1
vt 0 0
vt 1 0
vt 0 1
vt 1 1
vt 0 0
vt 1 0
vt 0 1
vt 1 1
vt 0 0
vt 1 0
vt 0 1
vt 1 1
vt 0 0
vt 1 0
vt 0 1
vt 1 1
vt 0 0
vt 1 0
vn 1 0 0
vn 1 0 0
vn 1 0 0
vn 1 0 0
vn -1 0 0
vn -1 0 0
vn -1 0 0
vn -1 0 0
vn 0 1 0
vn 0 1 0
vn 0 1 0
vn 0 1 0
vn 0 -1 0
vn 0 -1 0
vn 0 -1 0
vn 0 -1 0
vn 0 0 1
vn 0 0 1
vn 0 0 1
vn 0 0 1
vn 0 0 -1
vn 0 0 -1
vn 0 0 -1
vn 0 0 -1
f 4441/4441/4441 4443/4443/4443 4442/4442/4442
f 4443/4443/4443 4444/4444/4444 4442/4442/4442
f 4445/4445/4445 4447/4447/4447 4446/4446/4446
f 4447/4447/4447 4448/4448/4448 4446/4446/4446
f 4449/4449/4449 4451/4451/4451 4450/4450/4450
f 4451/4451/4451 4452/4452/4452 4450/4450/4450
f 4453/4453/4453 4455/4455/4455 4454/4454/4454
f 4455/4455/4455 4456/4456/4456 4454/4454/4454
f 4457/4457/4457 4459/4459/4459 4458/4458/4458
f 4459/4459/4459 4460/4460/4460 4458/4458/4458
f 4461/4461/4461 4463/4463/4463 4462/4462/4462
f 4463/4463/4463 4464/4464/4464 4462/4462/4462
o glass_2211
usemtl paleblue
v 1.4250000000000003 28.100000023841858 1.6499999991059304
v 1.4250000000000003 28.100000023841858 1.5700000008940698
v 1.4250000000000003 26.899999976158142 1.6499999991059304
v 1.4250000000000003 26.899999976158142 1.5700000008940698
v 0.17500000000000027 28.100000023841858 1.5700000008940698
v 0.17500000000000027 28.100000023841858 1.6499999991059304
v 0.17500000000000027 26.899999976158142 1.5700000008940698
v 0.17500000000000027 26.899999976158142 1.6499999991059304
v 0.17500000000000027 28.100000023841858 1.5700000008940698
v 1.4250000000000003 28.100000023841858 1.5700000008940698
v 0.17500000000000027 28.100000023841858 1.6499999991059304
v 1.4250000000000003 28.100000023841858 1.6499999991059304
v 0.17500000000000027 26.899999976158142 1.6499999991059304
v 1.4250000000000003 26.899999976158142 1.6499999991059304
v 0.17500000000000027 26.899999976158142 1.5700000008940698
v 1.4250000000000003 26.899999976158142 1.5700000008940698
v 0.17500000000000027 28.100000023841858 1.6499999991059304
v 1.4250000000000003 28.100000023841858 1.6499999991059304
v 0.17500000000000027 26.899999976158142 1.6499999991059304
v 1.4250000000000003 26.899999976158142 1.6499999991059304
v 1.4250000000000003 28.100000023841858 1.5700000008940698
v 0.17500000000000027 28.100000023841858 1.5700000008940698
v 1.4250000000000003 26.899999976158142 1.5700000008940698
v 0.17500000000000027 26.899999976158142 1.5700000008940698
vt 0 1
vt 1 1
vt 0 0
vt 1 0
vt 0 1
vt 1 1
vt 0 0
vt 1 0
vt 0 1
vt 1 1
vt 0 0
vt 1 0
vt 0 1
vt 1 1
vt 0 0
vt 1 0
vt 0 1
vt 1 1
vt 0 0
vt 1 0
vt 0 1
vt 1 1
vt 0 0
vt 1 0
vn 1 0 0
vn 1 0 0
vn 1 0 0
vn 1 0 0
vn -1 0 0
vn -1 0 0
vn -1 0 0
vn -1 0 0
vn 0 1 0
vn 0 1 0
vn 0 1 0
vn 0 1 0
vn 0 -1 0
vn 0 -1 0
vn 0 -1 0
vn 0 -1 0
vn 0 0 1
vn 0 0 1
vn 0 0 1
vn 0 0 1
vn 0 0 -1
vn 0 0 -1
vn 0 0 -1
vn 0 0 -1
f 4465/4465/4465 4467/4467/4467 4466/4466/4466
f 4467/4467/4467 4468/4468/4468 4466/4466/4466
f 4469/4469/4469 4471/4471/4471 4470/4470/4470
f 4471/4471/4471 4472/4472/4472 4470/4470/4470
f 4473/4473/4473 4475/4475/4475 4474/4474/4474
f 4475/4475/4475 4476/4476/4476 4474/4474/4474
f 4477/4477/4477 4479/4479/4479 4478/4478/4478
f 4479/4479/4479 4480/4480/4480 4478/4478/4478
f 4481/4481/4481 4483/4483/4483 4482/4482/4482
f 4483/4483/4483 4484/4484/4484 4482/4482/4482
f 4485/4485/4485 4487/4487/4487 4486/4486/4486
f 4487/4487/4487 4488/4488/4488 4486/4486/4486
o glass_s2211
usemtl paleblue
v 1.6499999991059304 28.100000023841858 1.4250000000000003
v 1.6499999991059304 28.100000023841858 0.17500000000000027
v 1.6499999991059304 26.899999976158142 1.4250000000000003
v 1.6499999991059304 26.899999976158142 0.17500000000000027
v 1.5700000008940698 28.100000023841858 0.17500000000000027
v 1.5700000008940698 28.100000023841858 1.4250000000000003
v 1.5700000008940698 26.899999976158142 0.17500000000000027
v 1.5700000008940698 26.899999976158142 1.4250000000000003
v 1.5700000008940698 28.100000023841858 0.17500000000000027
v 1.6499999991059304 28.100000023841858 0.17500000000000027
v 1.5700000008940698 28.100000023841858 1.4250000000000003
v 1.6499999991059304 28.100000023841858 1.4250000000000003
v 1.5700000008940698 26.899999976158142 1.4250000000000003
v 1.6499999991059304 26.899999976158142 1.4250000000000003
v 1.5700000008940698 26.899999976158142 0.17500000000000027
v 1.6499999991059304 26.899999976158142 0.17500000000000027
v 1.5700000008940698 28.100000023841858 1.4250000000000003
v 1.6499999991059304 28.100000023841858 1.4250000000000003
v 1.5700000008940698 26.899999976158142 1.4250000000000003
v 1.6499999991059304 26.899999976158142 1.4250000000000003
v 1.6499999991059304 28.100000023841858 0.17500000000000027
v 1.5700000008940698 28.100000023841858 0.17500000000000027
v 1.6499999991059304 26.899999976158142 0.17500000000000027
v 1.5700000008940698 26.899999976158142 0.17500000000000027
vt 0 1
vt 1 1
vt 0 0
vt 1 0
vt 0 1
vt 1 1
vt 0 0
vt 1 0
vt 0 1
vt 1 1
vt 0 0
vt 1 0
vt 0 1
vt 1 1
vt 0 0
vt 1 0
vt 0 1
vt 1 1
vt 0 0
vt 1 0
vt 0 1
vt 1 1
vt 0 0
vt 1 0
vn 1 0 0
vn 1 0 0
vn 1 0 0
vn 1 0 0
vn -1 0 0
vn -1 0 0
vn -1 0 0
vn -1 0 0
vn 0 1 0
vn 0 1 0
vn 0 1 0
vn 0 1 0
vn 0 -1 0
vn 0 -1 0
vn 0 -1 0
vn 0 -1 0
vn 0 0 1
vn 0 0 1
vn 0 0 1
vn 0 0 1
vn 0 0 -1
vn 0 0 -1
vn 0 0 -1
vn 0 0 -1
f 4489/4489/4489 4491/4491/4491 4490/4490/4490
f 4491/4491/4491 4492/4492/4492 4490/4490/4490
f 4493/4493/4493 4495/4495/4495 4494/4494/4494
f 4495/4495/4495 4496/4496/4496 4494/4494/4494
f 4497/4497/4497 4499/4499/4499 4498/4498/4498
f 4499/4499/4499 4500/4500/4500 4498/4498/4498
f 4501/4501/4501 4503/4503/4503 4502/4502/4502
f 4503/4503/4503 4504/4504/4504 4502/4502/4502
f 4505/4505/4505 4507/4507/4507 4506/4506/4506
f 4507/4507/4507 4508/4508/4508 4506/4506/4506
f 4509/4509/4509 4511/4511/4511 4510/4510/4510
f 4511/4511/4511 4512/4512/4512 4510/4510/4510
o glass_221-1
usemtl paleblue
v 1.4250000000000003 28.100000023841858 -1.5700000008940698
v 1.4250000000000003 28.100000023841858 -1.6499999991059304
v 1.4250000000000003 26.899999976158142 -1.5700000008940698
v 1.4250000000000003 26.899999976158142 -1.6499999991059304
v 0.17500000000000027 28.100000023841858 -1.6499999991059304
v 0.17500000000000027 28.100000023841858 -1.5700000008940698
v 0.17500000000000027 26.899999976158142 -1.6499999991059304
v 0.17500000000000027 26.899999976158142 -1.5700000008940698
v 0.17500000000000027 28.100000023841858 -1.6499999991059304
v 1.4250000000000003 28.100000023841858 -1.6499999991059304
v 0.17500000000000027 28.100000023841858 -1.5700000008940698
v 1.4250000000000003 28.100000023841858 -1.5700000008940698
v 0.17500000000000027 26.899999976158142 -1.5700000008940698
v 1.4250000000000003 26.899999976158142 -1.5700000008940698
v 0.17500000000000027 26.899999976158142 -1.6499999991059304
v 1.4250000000000003 26.899999976158142 -1.6499999991059304
v 0.17500000000000027 28.100000023841858 -1.5700000008940698
v 1.4250000000000003 28.100000023841858 -1.5700000008940698
v 0.17500000000000027 26.899999976158142 -1.5700000008940698
v 1.4250000000000003 26.899999976158142 -1.5700000008940698
v 1.4250000000000003 28.100000023841858 -1.6499999991059304
v 0.17500000000000027 28.100000023841858 -1.6499999991059304
v 1.4250000000000003 26.899999976158142 -1.6499999991059304
v 0.17500000000000027 26.899999976158142 -1.6499999991059304
vt 0 1
vt 1 1
vt 0 0
vt 1 0
vt 0 1
vt 1 1
vt 0 0
vt 1 0
vt 0 1
vt 1 1
vt 0 0
vt 1 0
vt 0 1
vt 1 1
vt 0 0
vt 1 0
vt 0 1
vt 1 1
vt 0 0
vt 1 0
vt 0 1
vt 1 1
vt 0 0
vt 1 0
vn 1 0 0
vn 1 0 0
vn 1 0 0
vn 1 0 0
vn -1 0 0
vn -1 0 0
vn -1 0 0
vn -1 0 0
vn 0 1 0
vn 0 1 0
vn 0 1 0
vn 0 1 0
vn 0 -1 0
vn 0 -1 0
vn 0 -1 0
vn 0 -1 0
vn 0 0 1
vn 0 0 1
vn 0 0 1
vn 0 0 1
vn 0 0 -1
vn 0 0 -1
vn 0 0 -1
vn 0 0 -1
f 4513/4513/4513 4515/4515/4515 4514/4514/4514
f 4515/4515/4515 4516/4516/4516 4514/4514/4514
f 4517/4517/4517 4519/4519/4519 4518/4518/4518
f 4519/4519/4519 4520/4520/4520 4518/4518/4518
f 4521/4521/4521 4523/4523/4523 4522/4522/4522
f 4523/4523/4523 4524/4524/4524 4522/4522/4522
f 4525/4525/4525 4527/4527/4527 4526/4526/4526
f 4527/4527/4527 4528/4528/4528 4526/4526/4526
f 4529/4529/4529 4531/4531/4531 4530/4530/4530
f 4531/4531/4531 4532/4532/4532 4530/4530/4530
f 4533/4533/4533 4535/4535/4535 4534/4534/4534
f 4535/4535/4535 4536/4536/4536 4534/4534/4534
o glass_s221-1
usemtl paleblue
v -1.5700000008940698 28.100000023841858 1.4250000000000003
v -1.5700000008940698 28.100000023841858 0.17500000000000027
v -1.5700000008940698 26.899999976158142 1.4250000000000003
v -1.5700000008940698 26.899999976158142 0.17500000000000027
v -1.6499999991059304 28.100000023841858 0.17500000000000027
v -1.6499999991059304 28.100000023841858 1.4250000000000003
v -1.6499999991059304 26.899999976158142 0.17500000000000027
v -1.6499999991059304 26.899999976158142 1.4250000000000003
v -1.6499999991059304 28.100000023841858 0.17500000000000027
v -1.5700000008940698 28.100000023841858 0.17500000000000027
v -1.6499999991059304 28.100000023841858 1.4250000000000003
v -1.5700000008940698 28.100000023841858 1.4250000000000003
v -1.6499999991059304 26.899999976158142 1.4250000000000003
v -1.5700000008940698 26.899999976158142 1.4250000000000003
v -1.6499999991059304 26.899999976158142 0.17500000000000027
v -1.5700000008940698 26.899999976158142 0.17500000000000027
v -1.6499999991059304 28.100000023841858 1.4250000000000003
v -1.5700000008940698 28.100000023841858 1.4250000000000003
v -1.6499999991059304 26.899999976158142 1.4250000000000003
v -1.5700000008940698 26.899999976158142 1.4250000000000003
v -1.5700000008940698 28.100000023841858 0.17500000000000027
v -1.6499999991059304 28.100000023841858 0.17500000000000027
v -1.5700000008940698 26.899999976158142 0.17500000000000027
v -1.6499999991059304 26.899999976158142 0.17500000000000027
vt 0 1
vt 1 1
vt 0 0
vt 1 0
vt 0 1
vt 1 1
vt 0 0
vt 1 0
vt 0 1
vt 1 1
vt 0 0
vt 1 0
vt 0 1
vt 1 1
vt 0 0
vt 1 0
vt 0 1
vt 1 1
vt 0 0
vt 1 0
vt 0 1
vt 1 1
vt 0 0
vt 1 0
vn 1 0 0
vn 1 0 0
vn 1 0 0
vn 1 0 0
vn -1 0 0
vn -1 0 0
vn -1 0 0
vn -1 0 0
vn 0 1 0
vn 0 1 0
vn 0 1 0
vn 0 1 0
vn 0 -1 0
vn 0 -1 0
vn 0 -1 0
vn 0 -1 0
vn 0 0 1
vn 0 0 1
vn 0 0 1
vn 0 0 1
vn 0 0 -1
vn 0 0 -1
vn 0 0 -1
vn 0 0 -1
f 4537/4537/4537 4539/4539/4539 4538/4538/4538
f 4539/4539/4539 4540/4540/4540 4538/4538/4538
f 4541/4541/4541 4543/4543/4543 4542/4542/4542
f 4543/4543/4543 4544/4544/4544 4542/4542/4542
f 4545/4545/4545 4547/4547/4547 4546/4546/4546
f 4547/4547/4547 4548/4548/4548 4546/4546/4546
f 4549/4549/4549 4551/4551/4551 4550/4550/4550
f 4551/4551/4551 4552/4552/4552 4550/4550/4550
f 4553/4553/4553 4555/4555/4555 4554/4554/4554
f 4555/4555/4555 4556/4556/4556 4554/4554/4554
f 4557/4557/4557 4559/4559/4559 4558/4558/4558
f 4559/4559/4559 4560/4560/4560 4558/4558/4558
o spire
usemtl silver
v 0 31.599999999999998 0.10000000149011612
v 0.05000000074505806 31.599999999999998 0.08660253882408142
v 0.08660253882408142 31.599999999999998 0.05000000074505806
v 0.10000000149011612 31.599999999999998 6.123233849335533e-18
v 0.08660253882408142 31.599999999999998 -0.05000000074505806
v 0.05000000074505806 31.599999999999998 -0.08660253882408142
v 1.2246467698671066e-17 31.599999999999998 -0.10000000149011612
v -0.05000000074505806 31.599999999999998 -0.08660253882408142
v -0.08660253882408142 31.599999999999998 -0.05000000074505806
v -0.10000000149011612 31.599999999999998 -1.8369702788777518e-17
v -0.08660253882408142 31.599999999999998 0.05000000074505806
v -0.05000000074505806 31.599999999999998 0.08660253882408142
v -2.4492935397342132e-17 31.599999999999998 0.10000000149011612
v 0 27.599999999999998 0.2800000011920929
v 0.14000000059604645 27.599999999999998 0.2424871176481247
v 0.2424871176481247 27.599999999999998 0.14000000059604645
v 0.2800000011920929 27.599999999999998 1.714505527444786e-17
v 0.2424871176481247 27.599999999999998 -0.14000000059604645
v 0.14000000059604645 27.599999999999998 -0.2424871176481247
v 3.429011054889572e-17 27.599999999999998 -0.2800000011920929
v -0.14000000059604645 27.599999999999998 -0.2424871176481247
v -0.2424871176481247 27.599999999999998 -0.14000000059604645
v -0.2800000011920929 27.599999999999998 -5.143516582334358e-17
v -0.2424871176481247 27.599999999999998 0.14000000059604645
v -0.14000000059604645 27.599999999999998 0.2424871176481247
v -6.858022109779144e-17 27.599999999999998 0.2800000011920929
v 0 31.599999999999998 0
v 0 31.599999999999998 0
v 0 31.599999999999998 0
v 0 31.599999999999998 0
v 0 31.599999999999998 0
v 0 31.599999999999998 0
v 0 31.599999999999998 0
v 0 31.599999999999998 0
v 0 31.599999999999998 0
v 0 31.599999999999998 0
v 0 31.599999999999998 0
v 0 31.599999999999998 0
v 0 31.599999999999998 0.10000000149011612
v 0.05000000074505806 31.599999999999998 0.08660253882408142
v 0.08660253882408142 31.599999999999998 0.05000000074505806
v 0.10000000149011612 31.599999999999998 6.123233849335533e-18
v 0.08660253882408142 31.599999999999998 -0.05000000074505806
v 0.05000000074505806 31.599999999999998 -0.08660253882408142
v 1.2246467698671066e-17 31.599999999999998 -0.10000000149011612
v -0.05000000074505806 31.599999999999998 -0.08660253882408142
v -0.08660253882408142 31.599999999999998 -0.05000000074505806
v -0.10000000149011612 31.599999999999998 -1.8369702788777518e-17
v -0.08660253882408142 31.599999999999998 0.05000000074505806
v -0.05000000074505806 31.599999999999998 0.08660253882408142
v -2.4492935397342132e-17 31.599999999999998 0.10000000149011612
v 0 27.599999999999998 0
v 0 27.599999999999998 0
v 0 27.599999999999998 0
v 0 27.599999999999998 0
v 0 27.599999999999998 0
v 0 27.599999999999998 0
v 0 27.599999999999998 0
v 0 27.599999999999998 0
v 0 27.599999999999998 0
v 0 27.599999999999998 0
v 0 27.599999999999998 0
v 0 27.599999999999998 0
v 0 27.599999999999998 0.2800000011920929
v 0.14000000059604645 27.599999999999998 0.2424871176481247
v 0.2424871176481247 27.599999999999998 0.14000000059604645
v 0.2800000011920929 27.599999999999998 1.714505527444786e-17
v 0.2424871176481247 27.599999999999998 -0.14000000059604645
v 0.14000000059604645 27.599999999999998 -0.2424871176481247
v 3.429011054889572e-17 27.599999999999998 -0.2800000011920929
v -0.14000000059604645 27.599999999999998 -0.2424871176481247
v -0.2424871176481247 27.599999999999998 -0.14000000059604645
v -0.2800000011920929 27.599999999999998 -5.143516582334358e-17
v -0.2424871176481247 27.599999999999998 0.14000000059604645
v -0.14000000059604645 27.599999999999998 0.2424871176481247
v -6.858022109779144e-17 27.599999999999998 0.2800000011920929
vt 0 1
vt 0.0833333358168602 1
vt 0.1666666716337204 1
vt 0.25 1
vt 0.3333333432674408 1
vt 0.4166666567325592 1
vt 0.5 1
vt 0.5833333134651184 1
vt 0.6666666865348816 1
vt 0.75 1
vt 0.8333333134651184 1
vt 0.9166666865348816 1
vt 1 1
vt 0 0
vt 0.0833333358168602 0
vt 0.1666666716337204 0
vt 0.25 0
vt 0.3333333432674408 0
vt 0.4166666567325592 0
vt 0.5 0
vt 0.5833333134651184 0
vt 0.6666666865348816 0
vt 0.75 0
vt 0.8333333134651184 0
vt 0.9166666865348816 0
vt 1 0
vt 0.5 0.5
vt 0.5 0.5
vt 0.5 0.5
vt 0.5 0.5
vt 0.5 0.5
vt 0.5 0.5
vt 0.5 0.5
vt 0.5 0.5
vt 0.5 0.5
vt 0.5 0.5
vt 0.5 0.5
vt 0.5 0.5
vt 1 0.5
vt 0.9330127239227295 0.75
vt 0.75 0.9330127239227295
vt 0.5 1
vt 0.25 0.9330127239227295
vt 0.0669872984290123 0.75
vt 0 0.5
vt 0.0669872984290123 0.25
vt 0.25 0.0669872984290123
vt 0.5 0
vt 0.75 0.0669872984290123
vt 0.9330127239227295 0.25
vt 1 0.5
vt 0.5 0.5
vt 0.5 0.5
vt 0.5 0.5
vt 0.5 0.5
vt 0.5 0.5
vt 0.5 0.5
vt 0.5 0.5
vt 0.5 0.5
vt 0.5 0.5
vt 0.5 0.5
vt 0.5 0.5
vt 0.5 0.5
vt 1 0.5
vt 0.9330127239227295 0.25
vt 0.75 0.0669872984290123
vt 0.5 0
vt 0.25 0.0669872984290123
vt 0.0669872984290123 0.25
vt 0 0.5
vt 0.0669872984290123 0.75
vt 0.25 0.9330127239227295
vt 0.5 1
vt 0.75 0.9330127239227295
vt 0.9330127239227295 0.75
vt 1 0.5
vn 0 0.044954504350824626 0.9989890352444174
vn 0.4994945331772413 0.044954505750777494 0.8651498735703271
vn 0.8651498735703271 0.044954505750777494 0.4994945331772413
vn 0.9989890352444174 0.044954504350824626 6.11704357968959e-17
vn 0.8651498735703271 0.044954505750777494 -0.4994945331772413
vn 0.4994945331772413 0.044954505750777494 -0.8651498735703271
vn 1.223408715937918e-16 0.044954504350824626 -0.9989890352444174
vn -0.4994945331772413 0.044954505750777494 -0.8651498735703271
vn -0.8651498735703271 0.044954505750777494 -0.4994945331772413
vn -0.9989890352444174 0.044954504350824626 -1.8351130077324285e-16
vn -0.8651498735703271 0.044954505750777494 0.4994945331772413
vn -0.4994945331772413 0.044954505750777494 0.8651498735703271
vn -2.446817431875836e-16 0.044954504350824626 0.9989890352444174
vn 0 0.044954504350824626 0.9989890352444174
vn 0.4994945331772413 0.044954505750777494 0.8651498735703271
vn 0.8651498735703271 0.044954505750777494 0.4994945331772413
vn 0.9989890352444174 0.044954504350824626 6.11704357968959e-17
vn 0.8651498735703271 0.044954505750777494 -0.4994945331772413
vn 0.4994945331772413 0.044954505750777494 -0.8651498735703271
vn 1.223408715937918e-16 0.044954504350824626 -0.9989890352444174
vn -0.4994945331772413 0.044954505750777494 -0.8651498735703271
vn -0.8651498735703271 0.044954505750777494 -0.4994945331772413
vn -0.9989890352444174 0.044954504350824626 -1.8351130077324285e-16
vn -0.8651498735703271 0.044954505750777494 0.4994945331772413
vn -0.4994945331772413 0.044954505750777494 0.8651498735703271
vn -2.446817431875836e-16 0.044954504350824626 0.9989890352444174
vn 0 1 0
vn 0 1 0
vn 0 1 0
vn 0 1 0
vn 0 1 0
vn 0 1 0
vn 0 1 0
vn 0 1 0
vn 0 1 0
vn 0 1 0
vn 0 1 0
vn 0 1 0
vn 0 1 0
vn 0 1 0
vn 0 1 0
vn 0 1 0
vn 0 1 0
vn 0 1 0
vn 0 1 0
vn 0 1 0
vn 0 1 0
vn 0 1 0
vn 0 1 0
vn 0 1 0
vn 0 1 0
vn 0 -1 0
vn 0 -1 0
vn 0 -1 0
vn 0 -1 0
vn 0 -1 0
vn 0 -1 0
vn 0 -1 0
vn 0 -1 0
vn 0 -1 0
vn 0 -1 0
vn 0 -1 0
vn 0 -1 0
vn 0 -1 0
vn 0 -1 0
vn 0 -1 0
vn 0 -1 0
vn 0 -1 0
vn 0 -1 0
vn 0 -1 0
vn 0 -1 0
vn 0 -1 0
vn 0 -1 0
vn 0 -1 0
vn 0 -1 0
vn 0 -1 0
f 4561/4561/4561 4574/4574/4574 4562/4562/4562
f 4574/4574/4574 4575/4575/4575 4562/4562/4562
f 4562/4562/4562 4575/4575/4575 4563/4563/4563
f 4575/4575/4575 4576/4576/4576 4563/4563/4563
f 4563/4563/4563 4576/4576/4576 4564/4564/4564
f 4576/4576/4576 4577/4577/4577 4564/4564/4564
f 4564/4564/4564 4577/4577/4577 4565/4565/4565
f 4577/4577/4577 4578/4578/4578 4565/4565/4565
f 4565/4565/4565 4578/4578/4578 4566/4566/4566
f 4578/4578/4578 4579/4579/4579 4566/4566/4566
f 4566/4566/4566 4579/4579/4579 4567/4567/4567
f 4579/4579/4579 4580/4580/4580 4567/4567/4567
f 4567/4567/4567 4580/4580/4580 4568/4568/4568
f 4580/4580/4580 4581/4581/4581 4568/4568/4568
f 4568/4568/4568 4581/4581/4581 4569/4569/4569
f 4581/4581/4581 4582/4582/4582 4569/4569/4569
f 4569/4569/4569 4582/4582/4582 4570/4570/4570
f 4582/4582/4582 4583/4583/4583 4570/4570/4570
f 4570/4570/4570 4583/4583/4583 4571/4571/4571
f 4583/4583/4583 4584/4584/4584 4571/4571/4571
f 4571/4571/4571 4584/4584/4584 4572/4572/4572
f 4584/4584/4584 4585/4585/4585 4572/4572/4572
f 4572/4572/4572 4585/4585/4585 4573/4573/4573
f 4585/4585/4585 4586/4586/4586 4573/4573/4573
f 4599/4599/4599 4600/4600/4600 4587/4587/4587
f 4600/4600/4600 4601/4601/4601 4588/4588/4588
f 4601/4601/4601 4602/4602/4602 4589/4589/4589
f 4602/4602/4602 4603/4603/4603 4590/4590/4590
f 4603/4603/4603 4604/4604/4604 4591/4591/4591
f 4604/4604/4604 4605/4605/4605 4592/4592/4592
f 4605/4605/4605 4606/4606/4606 4593/4593/4593
f 4606/4606/4606 4607/4607/4607 4594/4594/4594
f 4607/4607/4607 4608/4608/4608 4595/4595/4595
f 4608/4608/4608 4609/4609/4609 4596/4596/4596
f 4609/4609/4609 4610/4610/4610 4597/4597/4597
f 4610/4610/4610 4611/4611/4611 4598/4598/4598
f 4625/4625/4625 4624/4624/4624 4612/4612/4612
f 4626/4626/4626 4625/4625/4625 4613/4613/4613
f 4627/4627/4627 4626/4626/4626 4614/4614/4614
f 4628/4628/4628 4627/4627/4627 4615/4615/4615
f 4629/4629/4629 4628/4628/4628 4616/4616/4616
f 4630/4630/4630 4629/4629/4629 4617/4617/4617
f 4631/4631/4631 4630/4630/4630 4618/4618/4618
f 4632/4632/4632 4631/4631/4631 4619/4619/4619
f 4633/4633/4633 4632/4632/4632 4620/4620/4620
f 4634/4634/4634 4633/4633/4633 4621/4621/4621
f 4635/4635/4635 4634/4634/4634 4622/4622/4622
f 4636/4636/4636 4635/4635/4635 4623/4623/4623
o beacon
usemtl red
v 0 31.919999998807903 0
v 0 31.919999998807903 0
v 0 31.919999998807903 0
v 0 31.919999998807903 0
v 0 31.919999998807903 0
v 0 31.919999998807903 0
v 0 31.919999998807903 0
v 0 31.919999998807903 0
v 0 31.919999998807903 0
v 0 31.919999998807903 0
v 0 31.919999998807903 0
v 0 31.919999998807903 0
v 0 31.919999998807903 0
v 0 31.919999998807903 0
v 0 31.919999998807903 0
v 0 31.919999998807903 0
v 0 31.919999998807903 0
v 0 31.919999998807903 0
v 0 31.919999998807903 0
v 0 31.919999998807903 0
v 0 31.919999998807903 0
v 0 31.919999998807903 0
v 0 31.919999998807903 0
v 0 31.919999998807903 0
v 0 31.919999998807903 0
v 0 31.919999998807903 0
v 0 31.919999998807903 0
v 0 31.919999998807903 0
v 0 31.919999998807903 0
v 0 31.919999998807903 0
v 0 31.919999998807903 0
v 0 31.919999998807903 0
v 0 31.919999998807903 0
v -0.034415584057569504 31.91729142963886 0
v -0.033754296600818634 31.91729142963886 0.006714147049933672
v -0.03179585188627243 31.91729142963886 0.013170273043215275
v -0.02861551009118557 31.91729142963886 0.019120272248983383
v -0.02433549240231514 31.91729142963886 0.02433549240231514
v -0.019120272248983383 31.91729142963886 0.02861551009118557
v -0.013170273043215275 31.91729142963886 0.03179585188627243
v -0.006714147049933672 31.91729142963886 0.033754296600818634
v -2.1073466284408665e-18 31.91729142963886 0.034415584057569504
v 0.006714147049933672 31.91729142963886 0.033754296600818634
v 0.013170273043215275 31.91729142963886 0.03179585188627243
v 0.019120272248983383 31.91729142963886 0.02861551009118557
v 0.02433549240231514 31.91729142963886 0.02433549240231514
v 0.02861551009118557 31.91729142963886 0.019120272248983383
v 0.03179585188627243 31.91729142963886 0.013170273043215275
v 0.033754296600818634 31.91729142963886 0.006714147049933672
v 0.034415584057569504 31.91729142963886 4.214693256881733e-18
v 0.033754296600818634 31.91729142963886 -0.006714147049933672
v 0.03179585188627243 31.91729142963886 -0.013170273043215275
v 0.02861551009118557 31.91729142963886 -0.019120272248983383
v 0.02433549240231514 31.91729142963886 -0.02433549240231514
v 0.019120272248983383 31.91729142963886 -0.02861551009118557
v 0.013170273043215275 31.91729142963886 -0.03179585188627243
v 0.006714147049933672 31.91729142963886 -0.033754296600818634
v 6.322040092117753e-18 31.91729142963886 -0.034415584057569504
v -0.006714147049933672 31.91729142963886 -0.033754296600818634
v -0.013170273043215275 31.91729142963886 -0.03179585188627243
v -0.019120272248983383 31.91729142963886 -0.02861551009118557
v -0.02433549240231514 31.91729142963886 -0.02433549240231514
v -0.02861551009118557 31.91729142963886 -0.019120272248983383
v -0.03179585188627243 31.91729142963886 -0.013170273043215275
v -0.033754296600818634 31.91729142963886 -0.006714147049933672
v -0.034415584057569504 31.91729142963886 -8.429386513763466e-18
v -0.06798373907804489 31.90923243463039 0
v -0.06667745113372803 31.90923243463039 0.013262969441711903
v -0.06280878186225891 31.90923243463039 0.026016250252723694
v -0.056526411324739456 31.90923243463039 0.03776974231004715
v -0.048071764409542084 31.90923243463039 0.048071764409542084
v -0.03776974231004715 31.90923243463039 0.056526411324739456
v -0.026016250252723694 31.90923243463039 0.06280878186225891
v -0.013262969441711903 31.90923243463039 0.06667745113372803
v -4.162803389875669e-18 31.90923243463039 0.06798373907804489
v 0.013262969441711903 31.90923243463039 0.06667745113372803
v 0.026016250252723694 31.90923243463039 0.06280878186225891
v 0.03776974231004715 31.90923243463039 0.056526411324739456
v 0.048071764409542084 31.90923243463039 0.048071764409542084
v 0.056526411324739456 31.90923243463039 0.03776974231004715
v 0.06280878186225891 31.90923243463039 0.026016250252723694
v 0.06667745113372803 31.90923243463039 0.013262969441711903
v 0.06798373907804489 31.90923243463039 8.325606779751338e-18
v 0.06667745113372803 31.90923243463039 -0.013262969441711903
v 0.06280878186225891 31.90923243463039 -0.026016250252723694
v 0.056526411324739456 31.90923243463039 -0.03776974231004715
v 0.048071764409542084 31.90923243463039 -0.048071764409542084
v 0.03776974231004715 31.90923243463039 -0.056526411324739456
v 0.026016250252723694 31.90923243463039 -0.06280878186225891
v 0.013262969441711903 31.90923243463039 -0.06667745113372803
v 1.2488410583217314e-17 31.90923243463039 -0.06798373907804489
v -0.013262969441711903 31.90923243463039 -0.06667745113372803
v -0.026016250252723694 31.90923243463039 -0.06280878186225891
v -0.03776974231004715 31.90923243463039 -0.056526411324739456
v -0.048071764409542084 31.90923243463039 -0.048071764409542084
v -0.056526411324739456 31.90923243463039 -0.03776974231004715
v -0.06280878186225891 31.90923243463039 -0.026016250252723694
v -0.06667745113372803 31.90923243463039 -0.013262969441711903
v -0.06798373907804489 31.90923243463039 -1.6651213559502676e-17
v -0.09987790882587433 31.896021437644954 0
v -0.09795878082513809 31.896021437644954 0.019485212862491608
v -0.09227515757083893 31.896021437644954 0.03822162002325058
v -0.08304544538259506 31.896021437644954 0.0554891936480999
v -0.07062434405088425 31.896021437644954 0.07062434405088425
v -0.0554891936480999 31.896021437644954 0.08304544538259506
v -0.03822162002325058 31.896021437644954 0.09227515757083893
v -0.019485212862491608 31.896021437644954 0.09795878082513809
v -6.115758204549585e-18 31.896021437644954 0.09987790882587433
v 0.019485212862491608 31.896021437644954 0.09795878082513809
v 0.03822162002325058 31.896021437644954 0.09227515757083893
v 0.0554891936480999 31.896021437644954 0.08304544538259506
v 0.07062434405088425 31.896021437644954 0.07062434405088425
v 0.08304544538259506 31.896021437644954 0.0554891936480999
v 0.09227515757083893 31.896021437644954 0.03822162002325058
v 0.09795878082513809 31.896021437644954 0.019485212862491608
v 0.09987790882587433 31.896021437644954 1.223151640909917e-17
v 0.09795878082513809 31.896021437644954 -0.019485212862491608
v 0.09227515757083893 31.896021437644954 -0.03822162002325058
v 0.08304544538259506 31.896021437644954 -0.0554891936480999
v 0.07062434405088425 31.896021437644954 -0.07062434405088425
v 0.0554891936480999 31.896021437644954 -0.08304544538259506
v 0.03822162002325058 31.896021437644954 -0.09227515757083893
v 0.019485212862491608 31.896021437644954 -0.09795878082513809
v 1.8347274613648755e-17 31.896021437644954 -0.09987790882587433
v -0.019485212862491608 31.896021437644954 -0.09795878082513809
v -0.03822162002325058 31.896021437644954 -0.09227515757083893
v -0.0554891936480999 31.896021437644954 -0.08304544538259506
v -0.07062434405088425 31.896021437644954 -0.07062434405088425
v -0.08304544538259506 31.896021437644954 -0.0554891936480999
v -0.09227515757083893 31.896021437644954 -0.03822162002325058
v -0.09795878082513809 31.896021437644954 -0.019485212862491608
v -0.09987790882587433 31.896021437644954 -2.446303281819834e-17
v -0.12931275367736816 31.877983745932575 0
v -0.12682804465293884 31.877983745932575 0.02522766776382923
v -0.11946941167116165 31.877983745932575 0.04948584735393524
v -0.10751962661743164 31.877983745932575 0.07184232026338577
v -0.091437928378582 31.877983745932575 0.091437928378582
v -0.07184232026338577 31.877983745932575 0.10751962661743164
v -0.04948584735393524 31.877983745932575 0.11946941167116165
v -0.02522766776382923 31.877983745932575 0.12682804465293884
v -7.918122720756691e-18 31.877983745932575 0.12931275367736816
v 0.02522766776382923 31.877983745932575 0.12682804465293884
v 0.04948584735393524 31.877983745932575 0.11946941167116165
v 0.07184232026338577 31.877983745932575 0.10751962661743164
v 0.091437928378582 31.877983745932575 0.091437928378582
v 0.10751962661743164 31.877983745932575 0.07184232026338577
v 0.11946941167116165 31.877983745932575 0.04948584735393524
v 0.12682804465293884 31.877983745932575 0.02522766776382923
v 0.12931275367736816 31.877983745932575 1.5836245441513382e-17
v 0.12682804465293884 31.877983745932575 -0.02522766776382923
v 0.11946941167116165 31.877983745932575 -0.04948584735393524
v 0.10751962661743164 31.877983745932575 -0.07184232026338577
v 0.091437928378582 31.877983745932575 -0.091437928378582
v 0.07184232026338577 31.877983745932575 -0.10751962661743164
v 0.04948584735393524 31.877983745932575 -0.11946941167116165
v 0.02522766776382923 31.877983745932575 -0.12682804465293884
v 2.375436733508946e-17 31.877983745932575 -0.12931275367736816
v -0.02522766776382923 31.877983745932575 -0.12682804465293884
v -0.04948584735393524 31.877983745932575 -0.11946941167116165
v -0.07184232026338577 31.877983745932575 -0.10751962661743164
v -0.091437928378582 31.877983745932575 -0.091437928378582
v -0.10751962661743164 31.877983745932575 -0.07184232026338577
v -0.11946941167116165 31.877983745932575 -0.04948584735393524
v -0.12682804465293884 31.877983745932575 -0.02522766776382923
v -0.12931275367736816 31.877983745932575 -3.1672490883026763e-17
v -0.15556348860263824 31.855563488602634 0
v -0.15257439017295837 31.855563488602634 0.03034893237054348
v -0.14372192323207855 31.855563488602634 0.059531569480895996
v -0.1293463110923767 31.855563488602634 0.08642644435167313
v -0.10999999940395355 31.855563488602634 0.10999999940395355
v -0.08642644435167313 31.855563488602634 0.1293463110923767
v -0.059531569480895996 31.855563488602634 0.14372192323207855
v -0.03034893237054348 31.855563488602634 0.15257439017295837
v -9.525516630681985e-18 31.855563488602634 0.15556348860263824
v 0.03034893237054348 31.855563488602634 0.15257439017295837
v 0.059531569480895996 31.855563488602634 0.14372192323207855
v 0.08642644435167313 31.855563488602634 0.1293463110923767
v 0.10999999940395355 31.855563488602634 0.10999999940395355
v 0.1293463110923767 31.855563488602634 0.08642644435167313
v 0.14372192323207855 31.855563488602634 0.059531569480895996
v 0.15257439017295837 31.855563488602634 0.03034893237054348
v 0.15556348860263824 31.855563488602634 1.905103326136397e-17
v 0.15257439017295837 31.855563488602634 -0.03034893237054348
v 0.14372192323207855 31.855563488602634 -0.059531569480895996
v 0.1293463110923767 31.855563488602634 -0.08642644435167313
v 0.10999999940395355 31.855563488602634 -0.10999999940395355
v 0.08642644435167313 31.855563488602634 -0.1293463110923767
v 0.059531569480895996 31.855563488602634 -0.14372192323207855
v 0.03034893237054348 31.855563488602634 -0.15257439017295837
v 2.8576549064865343e-17 31.855563488602634 -0.15556348860263824
v -0.03034893237054348 31.855563488602634 -0.15257439017295837
v -0.059531569480895996 31.855563488602634 -0.14372192323207855
v -0.08642644435167313 31.855563488602634 -0.1293463110923767
v -0.10999999940395355 31.855563488602634 -0.10999999940395355
v -0.1293463110923767 31.855563488602634 -0.08642644435167313
v -0.14372192323207855 31.855563488602634 -0.059531569480895996
v -0.15257439017295837 31.855563488602634 -0.03034893237054348
v -0.15556348860263824 31.855563488602634 -3.810206652272794e-17
v -0.17798374593257904 31.829312753677364 0
v -0.17456382513046265 31.829312753677364 0.03472290560603142
v -0.16443553566932678 31.829312753677364 0.06811142712831497
v -0.14798806607723236 31.829312753677364 0.09888246655464172
v -0.1258535087108612 31.829312753677364 0.1258535087108612
v -0.09888246655464172 31.829312753677364 0.14798806607723236
v -0.06811142712831497 31.829312753677364 0.16443553566932678
v -0.03472290560603142 31.829312753677364 0.17456382513046265
v -1.0898360996376031e-17 31.829312753677364 0.17798374593257904
v 0.03472290560603142 31.829312753677364 0.17456382513046265
v 0.06811142712831497 31.829312753677364 0.16443553566932678
v 0.09888246655464172 31.829312753677364 0.14798806607723236
v 0.1258535087108612 31.829312753677364 0.1258535087108612
v 0.14798806607723236 31.829312753677364 0.09888246655464172
v 0.16443553566932678 31.829312753677364 0.06811142712831497
v 0.17456382513046265 31.829312753677364 0.03472290560603142
v 0.17798374593257904 31.829312753677364 2.1796721992752062e-17
v 0.17456382513046265 31.829312753677364 -0.03472290560603142
v 0.16443553566932678 31.829312753677364 -0.06811142712831497
v 0.14798806607723236 31.829312753677364 -0.09888246655464172
v 0.1258535087108612 31.829312753677364 -0.1258535087108612
v 0.09888246655464172 31.829312753677364 -0.14798806607723236
v 0.06811142712831497 31.829312753677364 -0.16443553566932678
v 0.03472290560603142 31.829312753677364 -0.17456382513046265
v 3.269508133476687e-17 31.829312753677364 -0.17798374593257904
v -0.03472290560603142 31.829312753677364 -0.17456382513046265
v -0.06811142712831497 31.829312753677364 -0.16443553566932678
v -0.09888246655464172 31.829312753677364 -0.14798806607723236
v -0.1258535087108612 31.829312753677364 -0.1258535087108612
v -0.14798806607723236 31.829312753677364 -0.09888246655464172
v -0.16443553566932678 31.829312753677364 -0.06811142712831497
v -0.17456382513046265 31.829312753677364 -0.03472290560603142
v -0.17798374593257904 31.829312753677364 -4.3593443985504124e-17
v -0.1960214376449585 31.79987790882587 0
v -0.1922549456357956 31.79987790882587 0.03824188560247421
v -0.18110018968582153 31.79987790882587 0.0750141590833664
v -0.16298586130142212 31.79987790882587 0.1089036762714386
v -0.13860808312892914 31.79987790882587 0.13860808312892914
v -0.1089036762714386 31.79987790882587 0.16298586130142212
v -0.0750141590833664 31.79987790882587 0.18110018968582153
v -0.03824188560247421 31.79987790882587 0.1922549456357956
v -1.2002851427745624e-17 31.79987790882587 0.1960214376449585
v 0.03824188560247421 31.79987790882587 0.1922549456357956
v 0.0750141590833664 31.79987790882587 0.18110018968582153
v 0.1089036762714386 31.79987790882587 0.16298586130142212
v 0.13860808312892914 31.79987790882587 0.13860808312892914
v 0.16298586130142212 31.79987790882587 0.1089036762714386
v 0.18110018968582153 31.79987790882587 0.0750141590833664
v 0.1922549456357956 31.79987790882587 0.03824188560247421
v 0.1960214376449585 31.79987790882587 2.4005702855491247e-17
v 0.1922549456357956 31.79987790882587 -0.03824188560247421
v 0.18110018968582153 31.79987790882587 -0.0750141590833664
v 0.16298586130142212 31.79987790882587 -0.1089036762714386
v 0.13860808312892914 31.79987790882587 -0.13860808312892914
v 0.1089036762714386 31.79987790882587 -0.16298586130142212
v 0.0750141590833664 31.79987790882587 -0.18110018968582153
v 0.03824188560247421 31.79987790882587 -0.1922549456357956
v 3.6008555110417483e-17 31.79987790882587 -0.1960214376449585
v -0.03824188560247421 31.79987790882587 -0.1922549456357956
v -0.0750141590833664 31.79987790882587 -0.18110018968582153
v -0.1089036762714386 31.79987790882587 -0.16298586130142212
v -0.13860808312892914 31.79987790882587 -0.13860808312892914
v -0.16298586130142212 31.79987790882587 -0.1089036762714386
v -0.18110018968582153 31.79987790882587 -0.0750141590833664
v -0.1922549456357956 31.79987790882587 -0.03824188560247421
v -0.1960214376449585 31.79987790882587 -4.8011405710982494e-17
v -0.20923243463039398 31.76798373907804 0
v -0.2052120864391327 31.76798373907804 0.04081922397017479
v -0.19330556690692902 31.76798373907804 0.08006978780031204
v -0.17397041618824005 31.76798373907804 0.11624331027269363
v -0.14794966578483582 31.76798373907804 0.14794966578483582
v -0.11624331027269363 31.76798373907804 0.17397041618824005
v -0.08006978780031204 31.76798373907804 0.19330556690692902
v -0.04081922397017479 31.76798373907804 0.2052120864391327
v -1.2811791880611244e-17 31.76798373907804 0.20923243463039398
v 0.04081922397017479 31.76798373907804 0.2052120864391327
v 0.08006978780031204 31.76798373907804 0.19330556690692902
v 0.11624331027269363 31.76798373907804 0.17397041618824005
v 0.14794966578483582 31.76798373907804 0.14794966578483582
v 0.17397041618824005 31.76798373907804 0.11624331027269363
v 0.19330556690692902 31.76798373907804 0.08006978780031204
v 0.2052120864391327 31.76798373907804 0.04081922397017479
v 0.20923243463039398 31.76798373907804 2.562358376122249e-17
v 0.2052120864391327 31.76798373907804 -0.04081922397017479
v 0.19330556690692902 31.76798373907804 -0.08006978780031204
v 0.17397041618824005 31.76798373907804 -0.11624331027269363
v 0.14794966578483582 31.76798373907804 -0.14794966578483582
v 0.11624331027269363 31.76798373907804 -0.17397041618824005
v 0.08006978780031204 31.76798373907804 -0.19330556690692902
v 0.04081922397017479 31.76798373907804 -0.2052120864391327
v 3.843537398747251e-17 31.76798373907804 -0.20923243463039398
v -0.04081922397017479 31.76798373907804 -0.2052120864391327
v -0.08006978780031204 31.76798373907804 -0.19330556690692902
v -0.11624331027269363 31.76798373907804 -0.17397041618824005
v -0.14794966578483582 31.76798373907804 -0.14794966578483582
v -0.17397041618824005 31.76798373907804 -0.11624331027269363
v -0.19330556690692902 31.76798373907804 -0.08006978780031204
v -0.2052120864391327 31.76798373907804 -0.04081922397017479
v -0.20923243463039398 31.76798373907804 -5.124716752244498e-17
v -0.2172914296388626 31.734415584057565 0
v -0.21311624348163605 31.734415584057565 0.04239145666360855
v -0.20075111091136932 31.734415584057565 0.08315382897853851
v -0.18067122995853424 31.734415584057565 0.12072065472602844
v -0.153648242354393 31.734415584057565 0.153648242354393
v -0.12072065472602844 31.734415584057565 0.18067122995853424
v -0.08315382897853851 31.734415584057565 0.20075111091136932
v -0.04239145666360855 31.734415584057565 0.21311624348163605
v -1.3305263018642004e-17 31.734415584057565 0.2172914296388626
v 0.04239145666360855 31.734415584057565 0.21311624348163605
v 0.08315382897853851 31.734415584057565 0.20075111091136932
v 0.12072065472602844 31.734415584057565 0.18067122995853424
v 0.153648242354393 31.734415584057565 0.153648242354393
v 0.18067122995853424 31.734415584057565 0.12072065472602844
v 0.20075111091136932 31.734415584057565 0.08315382897853851
v 0.21311624348163605 31.734415584057565 0.04239145666360855
v 0.2172914296388626 31.734415584057565 2.6610526037284008e-17
v 0.21311624348163605 31.734415584057565 -0.04239145666360855
v 0.20075111091136932 31.734415584057565 -0.08315382897853851
v 0.18067122995853424 31.734415584057565 -0.12072065472602844
v 0.153648242354393 31.734415584057565 -0.153648242354393
v 0.12072065472602844 31.734415584057565 -0.18067122995853424
v 0.08315382897853851 31.734415584057565 -0.20075111091136932
v 0.04239145666360855 31.734415584057565 -0.21311624348163605
v 3.991578905592601e-17 31.734415584057565 -0.2172914296388626
v -0.04239145666360855 31.734415584057565 -0.21311624348163605
v -0.08315382897853851 31.734415584057565 -0.20075111091136932
v -0.12072065472602844 31.734415584057565 -0.18067122995853424
v -0.153648242354393 31.734415584057565 -0.153648242354393
v -0.18067122995853424 31.734415584057565 -0.12072065472602844
v -0.20075111091136932 31.734415584057565 -0.08315382897853851
v -0.21311624348163605 31.734415584057565 -0.04239145666360855
v -0.2172914296388626 31.734415584057565 -5.3221052074568017e-17
v -0.2199999988079071 31.699999999999996 0
v -0.21577276289463043 31.699999999999996 0.04291987046599388
v -0.20325349271297455 31.699999999999996 0.08419035375118256
v -0.1829233169555664 31.699999999999996 0.12222544848918915
v -0.15556348860263824 31.699999999999996 0.15556348860263824
v -0.12222544848918915 31.699999999999996 0.1829233169555664
v -0.08419035375118256 31.699999999999996 0.20325349271297455
v -0.04291987046599388 31.699999999999996 0.21577276289463043
v -1.3471114385820111e-17 31.699999999999996 0.2199999988079071
v 0.04291987046599388 31.699999999999996 0.21577276289463043
v 0.08419035375118256 31.699999999999996 0.20325349271297455
v 0.12222544848918915 31.699999999999996 0.1829233169555664
v 0.15556348860263824 31.699999999999996 0.15556348860263824
v 0.1829233169555664 31.699999999999996 0.12222544848918915
v 0.20325349271297455 31.699999999999996 0.08419035375118256
v 0.21577276289463043 31.699999999999996 0.04291987046599388
v 0.2199999988079071 31.699999999999996 2.6942228771640223e-17
v 0.21577276289463043 31.699999999999996 -0.04291987046599388
v 0.20325349271297455 31.699999999999996 -0.08419035375118256
v 0.1829233169555664 31.699999999999996 -0.12222544848918915
v 0.15556348860263824 31.699999999999996 -0.15556348860263824
v 0.12222544848918915 31.699999999999996 -0.1829233169555664
v 0.08419035375118256 31.699999999999996 -0.20325349271297455
v 0.04291987046599388 31.699999999999996 -0.21577276289463043
v 4.041334481182156e-17 31.699999999999996 -0.2199999988079071
v -0.04291987046599388 31.699999999999996 -0.21577276289463043
v -0.08419035375118256 31.699999999999996 -0.20325349271297455
v -0.12222544848918915 31.699999999999996 -0.1829233169555664
v -0.15556348860263824 31.699999999999996 -0.15556348860263824
v -0.1829233169555664 31.699999999999996 -0.12222544848918915
v -0.20325349271297455 31.699999999999996 -0.08419035375118256
v -0.21577276289463043 31.699999999999996 -0.04291987046599388
v -0.2199999988079071 31.699999999999996 -5.3884457543280445e-17
v -0.2172914296388626 31.665584415942426 0
v -0.21311624348163605 31.665584415942426 0.04239145666360855
v -0.20075111091136932 31.665584415942426 0.08315382897853851
v -0.18067122995853424 31.665584415942426 0.12072065472602844
v -0.153648242354393 31.665584415942426 0.153648242354393
v -0.12072065472602844 31.665584415942426 0.18067122995853424
v -0.08315382897853851 31.665584415942426 0.20075111091136932
v -0.04239145666360855 31.665584415942426 0.21311624348163605
v -1.3305263018642004e-17 31.665584415942426 0.2172914296388626
v 0.04239145666360855 31.665584415942426 0.21311624348163605
v 0.08315382897853851 31.665584415942426 0.20075111091136932
v 0.12072065472602844 31.665584415942426 0.18067122995853424
v 0.153648242354393 31.665584415942426 0.153648242354393
v 0.18067122995853424 31.665584415942426 0.12072065472602844
v 0.20075111091136932 31.665584415942426 0.08315382897853851
v 0.21311624348163605 31.665584415942426 0.04239145666360855
v 0.2172914296388626 31.665584415942426 2.6610526037284008e-17
v 0.21311624348163605 31.665584415942426 -0.04239145666360855
v 0.20075111091136932 31.665584415942426 -0.08315382897853851
v 0.18067122995853424 31.665584415942426 -0.12072065472602844
v 0.153648242354393 31.665584415942426 -0.153648242354393
v 0.12072065472602844 31.665584415942426 -0.18067122995853424
v 0.08315382897853851 31.665584415942426 -0.20075111091136932
v 0.04239145666360855 31.665584415942426 -0.21311624348163605
v 3.991578905592601e-17 31.665584415942426 -0.2172914296388626
v -0.04239145666360855 31.665584415942426 -0.21311624348163605
v -0.08315382897853851 31.665584415942426 -0.20075111091136932
v -0.12072065472602844 31.665584415942426 -0.18067122995853424
v -0.153648242354393 31.665584415942426 -0.153648242354393
v -0.18067122995853424 31.665584415942426 -0.12072065472602844
v -0.20075111091136932 31.665584415942426 -0.08315382897853851
v -0.21311624348163605 31.665584415942426 -0.04239145666360855
v -0.2172914296388626 31.665584415942426 -5.3221052074568017e-17
v -0.20923243463039398 31.63201626092195 0
v -0.2052120864391327 31.63201626092195 0.04081922397017479
v -0.19330556690692902 31.63201626092195 0.08006978780031204
v -0.17397041618824005 31.63201626092195 0.11624331027269363
v -0.14794966578483582 31.63201626092195 0.14794966578483582
v -0.11624331027269363 31.63201626092195 0.17397041618824005
v -0.08006978780031204 31.63201626092195 0.19330556690692902
v -0.04081922397017479 31.63201626092195 0.2052120864391327
v -1.2811791880611244e-17 31.63201626092195 0.20923243463039398
v 0.04081922397017479 31.63201626092195 0.2052120864391327
v 0.08006978780031204 31.63201626092195 0.19330556690692902
v 0.11624331027269363 31.63201626092195 0.17397041618824005
v 0.14794966578483582 31.63201626092195 0.14794966578483582
v 0.17397041618824005 31.63201626092195 0.11624331027269363
v 0.19330556690692902 31.63201626092195 0.08006978780031204
v 0.2052120864391327 31.63201626092195 0.04081922397017479
v 0.20923243463039398 31.63201626092195 2.562358376122249e-17
v 0.2052120864391327 31.63201626092195 -0.04081922397017479
v 0.19330556690692902 31.63201626092195 -0.08006978780031204
v 0.17397041618824005 31.63201626092195 -0.11624331027269363
v 0.14794966578483582 31.63201626092195 -0.14794966578483582
v 0.11624331027269363 31.63201626092195 -0.17397041618824005
v 0.08006978780031204 31.63201626092195 -0.19330556690692902
v 0.04081922397017479 31.63201626092195 -0.2052120864391327
v 3.843537398747251e-17 31.63201626092195 -0.20923243463039398
v -0.04081922397017479 31.63201626092195 -0.2052120864391327
v -0.08006978780031204 31.63201626092195 -0.19330556690692902
v -0.11624331027269363 31.63201626092195 -0.17397041618824005
v -0.14794966578483582 31.63201626092195 -0.14794966578483582
v -0.17397041618824005 31.63201626092195 -0.11624331027269363
v -0.19330556690692902 31.63201626092195 -0.08006978780031204
v -0.2052120864391327 31.63201626092195 -0.04081922397017479
v -0.20923243463039398 31.63201626092195 -5.124716752244498e-17
v -0.1960214376449585 31.60012209117412 0
v -0.1922549456357956 31.60012209117412 0.03824188560247421
v -0.18110018968582153 31.60012209117412 0.0750141590833664
v -0.16298586130142212 31.60012209117412 0.1089036762714386
v -0.13860808312892914 31.60012209117412 0.13860808312892914
v -0.1089036762714386 31.60012209117412 0.16298586130142212
v -0.0750141590833664 31.60012209117412 0.18110018968582153
v -0.03824188560247421 31.60012209117412 0.1922549456357956
v -1.2002851427745624e-17 31.60012209117412 0.1960214376449585
v 0.03824188560247421 31.60012209117412 0.1922549456357956
v 0.0750141590833664 31.60012209117412 0.18110018968582153
v 0.1089036762714386 31.60012209117412 0.16298586130142212
v 0.13860808312892914 31.60012209117412 0.13860808312892914
v 0.16298586130142212 31.60012209117412 0.1089036762714386
v 0.18110018968582153 31.60012209117412 0.0750141590833664
v 0.1922549456357956 31.60012209117412 0.03824188560247421
v 0.1960214376449585 31.60012209117412 2.4005702855491247e-17
v 0.1922549456357956 31.60012209117412 -0.03824188560247421
v 0.18110018968582153 31.60012209117412 -0.0750141590833664
v 0.16298586130142212 31.60012209117412 -0.1089036762714386
v 0.13860808312892914 31.60012209117412 -0.13860808312892914
v 0.1089036762714386 31.60012209117412 -0.16298586130142212
v 0.0750141590833664 31.60012209117412 -0.18110018968582153
v 0.03824188560247421 31.60012209117412 -0.1922549456357956
v 3.6008555110417483e-17 31.60012209117412 -0.1960214376449585
v -0.03824188560247421 31.60012209117412 -0.1922549456357956
v -0.0750141590833664 31.60012209117412 -0.18110018968582153
v -0.1089036762714386 31.60012209117412 -0.16298586130142212
v -0.13860808312892914 31.60012209117412 -0.13860808312892914
v -0.16298586130142212 31.60012209117412 -0.1089036762714386
v -0.18110018968582153 31.60012209117412 -0.0750141590833664
v -0.1922549456357956 31.60012209117412 -0.03824188560247421
v -0.1960214376449585 31.60012209117412 -4.8011405710982494e-17
v -0.17798374593257904 31.570687246322628 0
v -0.17456382513046265 31.570687246322628 0.03472290560603142
v -0.16443553566932678 31.570687246322628 0.06811142712831497
v -0.14798806607723236 31.570687246322628 0.09888246655464172
v -0.1258535087108612 31.570687246322628 0.1258535087108612
v -0.09888246655464172 31.570687246322628 0.14798806607723236
v -0.06811142712831497 31.570687246322628 0.16443553566932678
v -0.03472290560603142 31.570687246322628 0.17456382513046265
v -1.0898360996376031e-17 31.570687246322628 0.17798374593257904
v 0.03472290560603142 31.570687246322628 0.17456382513046265
v 0.06811142712831497 31.570687246322628 0.16443553566932678
v 0.09888246655464172 31.570687246322628 0.14798806607723236
v 0.1258535087108612 31.570687246322628 0.1258535087108612
v 0.14798806607723236 31.570687246322628 0.09888246655464172
v 0.16443553566932678 31.570687246322628 0.06811142712831497
v 0.17456382513046265 31.570687246322628 0.03472290560603142
v 0.17798374593257904 31.570687246322628 2.1796721992752062e-17
v 0.17456382513046265 31.570687246322628 -0.03472290560603142
v 0.16443553566932678 31.570687246322628 -0.06811142712831497
v 0.14798806607723236 31.570687246322628 -0.09888246655464172
v 0.1258535087108612 31.570687246322628 -0.1258535087108612
v 0.09888246655464172 31.570687246322628 -0.14798806607723236
v 0.06811142712831497 31.570687246322628 -0.16443553566932678
v 0.03472290560603142 31.570687246322628 -0.17456382513046265
v 3.269508133476687e-17 31.570687246322628 -0.17798374593257904
v -0.03472290560603142 31.570687246322628 -0.17456382513046265
v -0.06811142712831497 31.570687246322628 -0.16443553566932678
v -0.09888246655464172 31.570687246322628 -0.14798806607723236
v -0.1258535087108612 31.570687246322628 -0.1258535087108612
v -0.14798806607723236 31.570687246322628 -0.09888246655464172
v -0.16443553566932678 31.570687246322628 -0.06811142712831497
v -0.17456382513046265 31.570687246322628 -0.03472290560603142
v -0.17798374593257904 31.570687246322628 -4.3593443985504124e-17
v -0.15556348860263824 31.544436511397357 0
v -0.15257439017295837 31.544436511397357 0.03034893237054348
v -0.14372192323207855 31.544436511397357 0.059531569480895996
v -0.1293463110923767 31.544436511397357 0.08642644435167313
v -0.10999999940395355 31.544436511397357 0.10999999940395355
v -0.08642644435167313 31.544436511397357 0.1293463110923767
v -0.059531569480895996 31.544436511397357 0.14372192323207855
v -0.03034893237054348 31.544436511397357 0.15257439017295837
v -9.525516630681985e-18 31.544436511397357 0.15556348860263824
v 0.03034893237054348 31.544436511397357 0.15257439017295837
v 0.059531569480895996 31.544436511397357 0.14372192323207855
v 0.08642644435167313 31.544436511397357 0.1293463110923767
v 0.10999999940395355 31.544436511397357 0.10999999940395355
v 0.1293463110923767 31.544436511397357 0.08642644435167313
v 0.14372192323207855 31.544436511397357 0.059531569480895996
v 0.15257439017295837 31.544436511397357 0.03034893237054348
v 0.15556348860263824 31.544436511397357 1.905103326136397e-17
v 0.15257439017295837 31.544436511397357 -0.03034893237054348
v 0.14372192323207855 31.544436511397357 -0.059531569480895996
v 0.1293463110923767 31.544436511397357 -0.08642644435167313
v 0.10999999940395355 31.544436511397357 -0.10999999940395355
v 0.08642644435167313 31.544436511397357 -0.1293463110923767
v 0.059531569480895996 31.544436511397357 -0.14372192323207855
v 0.03034893237054348 31.544436511397357 -0.15257439017295837
v 2.8576549064865343e-17 31.544436511397357 -0.15556348860263824
v -0.03034893237054348 31.544436511397357 -0.15257439017295837
v -0.059531569480895996 31.544436511397357 -0.14372192323207855
v -0.08642644435167313 31.544436511397357 -0.1293463110923767
v -0.10999999940395355 31.544436511397357 -0.10999999940395355
v -0.1293463110923767 31.544436511397357 -0.08642644435167313
v -0.14372192323207855 31.544436511397357 -0.059531569480895996
v -0.15257439017295837 31.544436511397357 -0.03034893237054348
v -0.15556348860263824 31.544436511397357 -3.810206652272794e-17
v -0.12931275367736816 31.522016254067417 0
v -0.12682804465293884 31.522016254067417 0.02522766776382923
v -0.11946941167116165 31.522016254067417 0.04948584735393524
v -0.10751962661743164 31.522016254067417 0.07184232026338577
v -0.091437928378582 31.522016254067417 0.091437928378582
v -0.07184232026338577 31.522016254067417 0.10751962661743164
v -0.04948584735393524 31.522016254067417 0.11946941167116165
v -0.02522766776382923 31.522016254067417 0.12682804465293884
v -7.918122720756691e-18 31.522016254067417 0.12931275367736816
v 0.02522766776382923 31.522016254067417 0.12682804465293884
v 0.04948584735393524 31.522016254067417 0.11946941167116165
v 0.07184232026338577 31.522016254067417 0.10751962661743164
v 0.091437928378582 31.522016254067417 0.091437928378582
v 0.10751962661743164 31.522016254067417 0.07184232026338577
v 0.11946941167116165 31.522016254067417 0.04948584735393524
v 0.12682804465293884 31.522016254067417 0.02522766776382923
v 0.12931275367736816 31.522016254067417 1.5836245441513382e-17
v 0.12682804465293884 31.522016254067417 -0.02522766776382923
v 0.11946941167116165 31.522016254067417 -0.04948584735393524
v 0.10751962661743164 31.522016254067417 -0.07184232026338577
v 0.091437928378582 31.522016254067417 -0.091437928378582
v 0.07184232026338577 31.522016254067417 -0.10751962661743164
v 0.04948584735393524 31.522016254067417 -0.11946941167116165
v 0.02522766776382923 31.522016254067417 -0.12682804465293884
v 2.375436733508946e-17 31.522016254067417 -0.12931275367736816
v -0.02522766776382923 31.522016254067417 -0.12682804465293884
v -0.04948584735393524 31.522016254067417 -0.11946941167116165
v -0.07184232026338577 31.522016254067417 -0.10751962661743164
v -0.091437928378582 31.522016254067417 -0.091437928378582
v -0.10751962661743164 31.522016254067417 -0.07184232026338577
v -0.11946941167116165 31.522016254067417 -0.04948584735393524
v -0.12682804465293884 31.522016254067417 -0.02522766776382923
v -0.12931275367736816 31.522016254067417 -3.1672490883026763e-17
v -0.09987790882587433 31.503978562355037 0
v -0.09795878082513809 31.503978562355037 0.019485212862491608
v -0.09227515757083893 31.503978562355037 0.03822162002325058
v -0.08304544538259506 31.503978562355037 0.0554891936480999
v -0.07062434405088425 31.503978562355037 0.07062434405088425
v -0.0554891936480999 31.503978562355037 0.08304544538259506
v -0.03822162002325058 31.503978562355037 0.09227515757083893
v -0.019485212862491608 31.503978562355037 0.09795878082513809
v -6.115758204549585e-18 31.503978562355037 0.09987790882587433
v 0.019485212862491608 31.503978562355037 0.09795878082513809
v 0.03822162002325058 31.503978562355037 0.09227515757083893
v 0.0554891936480999 31.503978562355037 0.08304544538259506
v 0.07062434405088425 31.503978562355037 0.07062434405088425
v 0.08304544538259506 31.503978562355037 0.0554891936480999
v 0.09227515757083893 31.503978562355037 0.03822162002325058
v 0.09795878082513809 31.503978562355037 0.019485212862491608
v 0.09987790882587433 31.503978562355037 1.223151640909917e-17
v 0.09795878082513809 31.503978562355037 -0.019485212862491608
v 0.09227515757083893 31.503978562355037 -0.03822162002325058
v 0.08304544538259506 31.503978562355037 -0.0554891936480999
v 0.07062434405088425 31.503978562355037 -0.07062434405088425
v 0.0554891936480999 31.503978562355037 -0.08304544538259506
v 0.03822162002325058 31.503978562355037 -0.09227515757083893
v 0.019485212862491608 31.503978562355037 -0.09795878082513809
v 1.8347274613648755e-17 31.503978562355037 -0.09987790882587433
v -0.019485212862491608 31.503978562355037 -0.09795878082513809
v -0.03822162002325058 31.503978562355037 -0.09227515757083893
v -0.0554891936480999 31.503978562355037 -0.08304544538259506
v -0.07062434405088425 31.503978562355037 -0.07062434405088425
v -0.08304544538259506 31.503978562355037 -0.0554891936480999
v -0.09227515757083893 31.503978562355037 -0.03822162002325058
v -0.09795878082513809 31.503978562355037 -0.019485212862491608
v -0.09987790882587433 31.503978562355037 -2.446303281819834e-17
v -0.06798373907804489 31.4907675653696 0
v -0.06667745113372803 31.4907675653696 0.013262969441711903
v -0.06280878186225891 31.4907675653696 0.026016250252723694
v -0.056526411324739456 31.4907675653696 0.03776974231004715
v -0.048071764409542084 31.4907675653696 0.048071764409542084
v -0.03776974231004715 31.4907675653696 0.056526411324739456
v -0.026016250252723694 31.4907675653696 0.06280878186225891
v -0.013262969441711903 31.4907675653696 0.06667745113372803
v -4.162803389875669e-18 31.4907675653696 0.06798373907804489
v 0.013262969441711903 31.4907675653696 0.06667745113372803
v 0.026016250252723694 31.4907675653696 0.06280878186225891
v 0.03776974231004715 31.4907675653696 0.056526411324739456
v 0.048071764409542084 31.4907675653696 0.048071764409542084
v 0.056526411324739456 31.4907675653696 0.03776974231004715
v 0.06280878186225891 31.4907675653696 0.026016250252723694
v 0.06667745113372803 31.4907675653696 0.013262969441711903
v 0.06798373907804489 31.4907675653696 8.325606779751338e-18
v 0.06667745113372803 31.4907675653696 -0.013262969441711903
v 0.06280878186225891 31.4907675653696 -0.026016250252723694
v 0.056526411324739456 31.4907675653696 -0.03776974231004715
v 0.048071764409542084 31.4907675653696 -0.048071764409542084
v 0.03776974231004715 31.4907675653696 -0.056526411324739456
v 0.026016250252723694 31.4907675653696 -0.06280878186225891
v 0.013262969441711903 31.4907675653696 -0.06667745113372803
v 1.2488410583217314e-17 31.4907675653696 -0.06798373907804489
v -0.013262969441711903 31.4907675653696 -0.06667745113372803
v -0.026016250252723694 31.4907675653696 -0.06280878186225891
v -0.03776974231004715 31.4907675653696 -0.056526411324739456
v -0.048071764409542084 31.4907675653696 -0.048071764409542084
v -0.056526411324739456 31.4907675653696 -0.03776974231004715
v -0.06280878186225891 31.4907675653696 -0.026016250252723694
v -0.06667745113372803 31.4907675653696 -0.013262969441711903
v -0.06798373907804489 31.4907675653696 -1.6651213559502676e-17
v -0.034415584057569504 31.482708570361133 0
v -0.033754296600818634 31.482708570361133 0.006714147049933672
v -0.03179585188627243 31.482708570361133 0.013170273043215275
v -0.02861551009118557 31.482708570361133 0.019120272248983383
v -0.02433549240231514 31.482708570361133 0.02433549240231514
v -0.019120272248983383 31.482708570361133 0.02861551009118557
v -0.013170273043215275 31.482708570361133 0.03179585188627243
v -0.006714147049933672 31.482708570361133 0.033754296600818634
v -2.1073466284408665e-18 31.482708570361133 0.034415584057569504
v 0.006714147049933672 31.482708570361133 0.033754296600818634
v 0.013170273043215275 31.482708570361133 0.03179585188627243
v 0.019120272248983383 31.482708570361133 0.02861551009118557
v 0.02433549240231514 31.482708570361133 0.02433549240231514
v 0.02861551009118557 31.482708570361133 0.019120272248983383
v 0.03179585188627243 31.482708570361133 0.013170273043215275
v 0.033754296600818634 31.482708570361133 0.006714147049933672
v 0.034415584057569504 31.482708570361133 4.214693256881733e-18
v 0.033754296600818634 31.482708570361133 -0.006714147049933672
v 0.03179585188627243 31.482708570361133 -0.013170273043215275
v 0.02861551009118557 31.482708570361133 -0.019120272248983383
v 0.02433549240231514 31.482708570361133 -0.02433549240231514
v 0.019120272248983383 31.482708570361133 -0.02861551009118557
v 0.013170273043215275 31.482708570361133 -0.03179585188627243
v 0.006714147049933672 31.482708570361133 -0.033754296600818634
v 6.322040092117753e-18 31.482708570361133 -0.034415584057569504
v -0.006714147049933672 31.482708570361133 -0.033754296600818634
v -0.013170273043215275 31.482708570361133 -0.03179585188627243
v -0.019120272248983383 31.482708570361133 -0.02861551009118557
v -0.02433549240231514 31.482708570361133 -0.02433549240231514
v -0.02861551009118557 31.482708570361133 -0.019120272248983383
v -0.03179585188627243 31.482708570361133 -0.013170273043215275
v -0.033754296600818634 31.482708570361133 -0.006714147049933672
v -0.034415584057569504 31.482708570361133 -8.429386513763466e-18
v -2.6942228771640223e-17 31.48000000119209 0
v -2.6424542748357586e-17 31.48000000119209 5.2561682420064234e-18
v -2.4891375063519125e-17 31.48000000119209 1.0310344768691685e-17
v -2.2401645792156992e-17 31.48000000119209 1.496830136837374e-17
v -1.905103326136397e-17 31.48000000119209 1.905103326136397e-17
v -1.496830136837374e-17 31.48000000119209 2.2401645792156992e-17
v -1.0310344768691685e-17 31.48000000119209 2.4891375063519125e-17
v -5.2561682420064234e-18 31.48000000119209 2.6424542748357586e-17
v -1.6497357917180312e-33 31.48000000119209 2.6942228771640223e-17
v 5.2561682420064234e-18 31.48000000119209 2.6424542748357586e-17
v 1.0310344768691685e-17 31.48000000119209 2.4891375063519125e-17
v 1.496830136837374e-17 31.48000000119209 2.2401645792156992e-17
v 1.905103326136397e-17 31.48000000119209 1.905103326136397e-17
v 2.2401645792156992e-17 31.48000000119209 1.496830136837374e-17
v 2.4891375063519125e-17 31.48000000119209 1.0310344768691685e-17
v 2.6424542748357586e-17 31.48000000119209 5.2561682420064234e-18
v 2.6942228771640223e-17 31.48000000119209 3.2994715834360624e-33
v 2.6424542748357586e-17 31.48000000119209 -5.2561682420064234e-18
v 2.4891375063519125e-17 31.48000000119209 -1.0310344768691685e-17
v 2.2401645792156992e-17 31.48000000119209 -1.496830136837374e-17
v 1.905103326136397e-17 31.48000000119209 -1.905103326136397e-17
v 1.496830136837374e-17 31.48000000119209 -2.2401645792156992e-17
v 1.0310344768691685e-17 31.48000000119209 -2.4891375063519125e-17
v 5.2561682420064234e-18 31.48000000119209 -2.6424542748357586e-17
v 4.9492073751540935e-33 31.48000000119209 -2.6942228771640223e-17
v -5.2561682420064234e-18 31.48000000119209 -2.6424542748357586e-17
v -1.0310344768691685e-17 31.48000000119209 -2.4891375063519125e-17
v -1.496830136837374e-17 31.48000000119209 -2.2401645792156992e-17
v -1.905103326136397e-17 31.48000000119209 -1.905103326136397e-17
v -2.2401645792156992e-17 31.48000000119209 -1.496830136837374e-17
v -2.4891375063519125e-17 31.48000000119209 -1.0310344768691685e-17
v -2.6424542748357586e-17 31.48000000119209 -5.2561682420064234e-18
v -2.6942228771640223e-17 31.48000000119209 -6.598943166872125e-33
vt 0.015625 1
vt 0.046875 1
vt 0.078125 1
vt 0.109375 1
vt 0.140625 1
vt 0.171875 1
vt 0.203125 1
vt 0.234375 1
vt 0.265625 1
vt 0.296875 1
vt 0.328125 1
vt 0.359375 1
vt 0.390625 1
vt 0.421875 1
vt 0.453125 1
vt 0.484375 1
vt 0.515625 1
vt 0.546875 1
vt 0.578125 1
vt 0.609375 1
vt 0.640625 1
vt 0.671875 1
vt 0.703125 1
vt 0.734375 1
vt 0.765625 1
vt 0.796875 1
vt 0.828125 1
vt 0.859375 1
vt 0.890625 1
vt 0.921875 1
vt 0.953125 1
vt 0.984375 1
vt 1.015625 1
vt 0 0.949999988079071
vt 0.03125 0.949999988079071
vt 0.0625 0.949999988079071
vt 0.09375 0.949999988079071
vt 0.125 0.949999988079071
vt 0.15625 0.949999988079071
vt 0.1875 0.949999988079071
vt 0.21875 0.949999988079071
vt 0.25 0.949999988079071
vt 0.28125 0.949999988079071
vt 0.3125 0.949999988079071
vt 0.34375 0.949999988079071
vt 0.375 0.949999988079071
vt 0.40625 0.949999988079071
vt 0.4375 0.949999988079071
vt 0.46875 0.949999988079071
vt 0.5 0.949999988079071
vt 0.53125 0.949999988079071
vt 0.5625 0.949999988079071
vt 0.59375 0.949999988079071
vt 0.625 0.949999988079071
vt 0.65625 0.949999988079071
vt 0.6875 0.949999988079071
vt 0.71875 0.949999988079071
vt 0.75 0.949999988079071
vt 0.78125 0.949999988079071
vt 0.8125 0.949999988079071
vt 0.84375 0.949999988079071
vt 0.875 0.949999988079071
vt 0.90625 0.949999988079071
vt 0.9375 0.949999988079071
vt 0.96875 0.949999988079071
vt 1 0.949999988079071
vt 0 0.8999999761581421
vt 0.03125 0.8999999761581421
vt 0.0625 0.8999999761581421
vt 0.09375 0.8999999761581421
vt 0.125 0.8999999761581421
vt 0.15625 0.8999999761581421
vt 0.1875 0.8999999761581421
vt 0.21875 0.8999999761581421
vt 0.25 0.8999999761581421
vt 0.28125 0.8999999761581421
vt 0.3125 0.8999999761581421
vt 0.34375 0.8999999761581421
vt 0.375 0.8999999761581421
vt 0.40625 0.8999999761581421
vt 0.4375 0.8999999761581421
vt 0.46875 0.8999999761581421
vt 0.5 0.8999999761581421
vt 0.53125 0.8999999761581421
vt 0.5625 0.8999999761581421
vt 0.59375 0.8999999761581421
vt 0.625 0.8999999761581421
vt 0.65625 0.8999999761581421
vt 0.6875 0.8999999761581421
vt 0.71875 0.8999999761581421
vt 0.75 0.8999999761581421
vt 0.78125 0.8999999761581421
vt 0.8125 0.8999999761581421
vt 0.84375 0.8999999761581421
vt 0.875 0.8999999761581421
vt 0.90625 0.8999999761581421
vt 0.9375 0.8999999761581421
vt 0.96875 0.8999999761581421
vt 1 0.8999999761581421
vt 0 0.8500000238418579
vt 0.03125 0.8500000238418579
vt 0.0625 0.8500000238418579
vt 0.09375 0.8500000238418579
vt 0.125 0.8500000238418579
vt 0.15625 0.8500000238418579
vt 0.1875 0.8500000238418579
vt 0.21875 0.8500000238418579
vt 0.25 0.8500000238418579
vt 0.28125 0.8500000238418579
vt 0.3125 0.8500000238418579
vt 0.34375 0.8500000238418579
vt 0.375 0.8500000238418579
vt 0.40625 0.8500000238418579
vt 0.4375 0.8500000238418579
vt 0.46875 0.8500000238418579
vt 0.5 0.8500000238418579
vt 0.53125 0.8500000238418579
vt 0.5625 0.8500000238418579
vt 0.59375 0.8500000238418579
vt 0.625 0.8500000238418579
vt 0.65625 0.8500000238418579
vt 0.6875 0.8500000238418579
vt 0.71875 0.8500000238418579
vt 0.75 0.8500000238418579
vt 0.78125 0.8500000238418579
vt 0.8125 0.8500000238418579
vt 0.84375 0.8500000238418579
vt 0.875 0.8500000238418579
vt 0.90625 0.8500000238418579
vt 0.9375 0.8500000238418579
vt 0.96875 0.8500000238418579
vt 1 0.8500000238418579
vt 0 0.800000011920929
vt 0.03125 0.800000011920929
vt 0.0625 0.800000011920929
vt 0.09375 0.800000011920929
vt 0.125 0.800000011920929
vt 0.15625 0.800000011920929
vt 0.1875 0.800000011920929
vt 0.21875 0.800000011920929
vt 0.25 0.800000011920929
vt 0.28125 0.800000011920929
vt 0.3125 0.800000011920929
vt 0.34375 0.800000011920929
vt 0.375 0.800000011920929
vt 0.40625 0.800000011920929
vt 0.4375 0.800000011920929
vt 0.46875 0.800000011920929
vt 0.5 0.800000011920929
vt 0.53125 0.800000011920929
vt 0.5625 0.800000011920929
vt 0.59375 0.800000011920929
vt 0.625 0.800000011920929
vt 0.65625 0.800000011920929
vt 0.6875 0.800000011920929
vt 0.71875 0.800000011920929
vt 0.75 0.800000011920929
vt 0.78125 0.800000011920929
vt 0.8125 0.800000011920929
vt 0.84375 0.800000011920929
vt 0.875 0.800000011920929
vt 0.90625 0.800000011920929
vt 0.9375 0.800000011920929
vt 0.96875 0.800000011920929
vt 1 0.800000011920929
vt 0 0.75
vt 0.03125 0.75
vt 0.0625 0.75
vt 0.09375 0.75
vt 0.125 0.75
vt 0.15625 0.75
vt 0.1875 0.75
vt 0.21875 0.75
vt 0.25 0.75
vt 0.28125 0.75
vt 0.3125 0.75
vt 0.34375 0.75
vt 0.375 0.75
vt 0.40625 0.75
vt 0.4375 0.75
vt 0.46875 0.75
vt 0.5 0.75
vt 0.53125 0.75
vt 0.5625 0.75
vt 0.59375 0.75
vt 0.625 0.75
vt 0.65625 0.75
vt 0.6875 0.75
vt 0.71875 0.75
vt 0.75 0.75
vt 0.78125 0.75
vt 0.8125 0.75
vt 0.84375 0.75
vt 0.875 0.75
vt 0.90625 0.75
vt 0.9375 0.75
vt 0.96875 0.75
vt 1 0.75
vt 0 0.699999988079071
vt 0.03125 0.699999988079071
vt 0.0625 0.699999988079071
vt 0.09375 0.699999988079071
vt 0.125 0.699999988079071
vt 0.15625 0.699999988079071
vt 0.1875 0.699999988079071
vt 0.21875 0.699999988079071
vt 0.25 0.699999988079071
vt 0.28125 0.699999988079071
vt 0.3125 0.699999988079071
vt 0.34375 0.699999988079071
vt 0.375 0.699999988079071
vt 0.40625 0.699999988079071
vt 0.4375 0.699999988079071
vt 0.46875 0.699999988079071
vt 0.5 0.699999988079071
vt 0.53125 0.699999988079071
vt 0.5625 0.699999988079071
vt 0.59375 0.699999988079071
vt 0.625 0.699999988079071
vt 0.65625 0.699999988079071
vt 0.6875 0.699999988079071
vt 0.71875 0.699999988079071
vt 0.75 0.699999988079071
vt 0.78125 0.699999988079071
vt 0.8125 0.699999988079071
vt 0.84375 0.699999988079071
vt 0.875 0.699999988079071
vt 0.90625 0.699999988079071
vt 0.9375 0.699999988079071
vt 0.96875 0.699999988079071
vt 1 0.699999988079071
vt 0 0.6499999761581421
vt 0.03125 0.6499999761581421
vt 0.0625 0.6499999761581421
vt 0.09375 0.6499999761581421
vt 0.125 0.6499999761581421
vt 0.15625 0.6499999761581421
vt 0.1875 0.6499999761581421
vt 0.21875 0.6499999761581421
vt 0.25 0.6499999761581421
vt 0.28125 0.6499999761581421
vt 0.3125 0.6499999761581421
vt 0.34375 0.6499999761581421
vt 0.375 0.6499999761581421
vt 0.40625 0.6499999761581421
vt 0.4375 0.6499999761581421
vt 0.46875 0.6499999761581421
vt 0.5 0.6499999761581421
vt 0.53125 0.6499999761581421
vt 0.5625 0.6499999761581421
vt 0.59375 0.6499999761581421
vt 0.625 0.6499999761581421
vt 0.65625 0.6499999761581421
vt 0.6875 0.6499999761581421
vt 0.71875 0.6499999761581421
vt 0.75 0.6499999761581421
vt 0.78125 0.6499999761581421
vt 0.8125 0.6499999761581421
vt 0.84375 0.6499999761581421
vt 0.875 0.6499999761581421
vt 0.90625 0.6499999761581421
vt 0.9375 0.6499999761581421
vt 0.96875 0.6499999761581421
vt 1 0.6499999761581421
vt 0 0.6000000238418579
vt 0.03125 0.6000000238418579
vt 0.0625 0.6000000238418579
vt 0.09375 0.6000000238418579
vt 0.125 0.6000000238418579
vt 0.15625 0.6000000238418579
vt 0.1875 0.6000000238418579
vt 0.21875 0.6000000238418579
vt 0.25 0.6000000238418579
vt 0.28125 0.6000000238418579
vt 0.3125 0.6000000238418579
vt 0.34375 0.6000000238418579
vt 0.375 0.6000000238418579
vt 0.40625 0.6000000238418579
vt 0.4375 0.6000000238418579
vt 0.46875 0.6000000238418579
vt 0.5 0.6000000238418579
vt 0.53125 0.6000000238418579
vt 0.5625 0.6000000238418579
vt 0.59375 0.6000000238418579
vt 0.625 0.6000000238418579
vt 0.65625 0.6000000238418579
vt 0.6875 0.6000000238418579
vt 0.71875 0.6000000238418579
vt 0.75 0.6000000238418579
vt 0.78125 0.6000000238418579
vt 0.8125 0.6000000238418579
vt 0.84375 0.6000000238418579
vt 0.875 0.6000000238418579
vt 0.90625 0.6000000238418579
vt 0.9375 0.6000000238418579
vt 0.96875 0.6000000238418579
vt 1 0.6000000238418579
vt 0 0.550000011920929
vt 0.03125 0.550000011920929
vt 0.0625 0.550000011920929
vt 0.09375 0.550000011920929
vt 0.125 0.550000011920929
vt 0.15625 0.550000011920929
vt 0.1875 0.550000011920929
vt 0.21875 0.550000011920929
vt 0.25 0.550000011920929
vt 0.28125 0.550000011920929
vt 0.3125 0.550000011920929
vt 0.34375 0.550000011920929
vt 0.375 0.550000011920929
vt 0.40625 0.550000011920929
vt 0.4375 0.550000011920929
vt 0.46875 0.550000011920929
vt 0.5 0.550000011920929
vt 0.53125 0.550000011920929
vt 0.5625 0.550000011920929
vt 0.59375 0.550000011920929
vt 0.625 0.550000011920929
vt 0.65625 0.550000011920929
vt 0.6875 0.550000011920929
vt 0.71875 0.550000011920929
vt 0.75 0.550000011920929
vt 0.78125 0.550000011920929
vt 0.8125 0.550000011920929
vt 0.84375 0.550000011920929
vt 0.875 0.550000011920929
vt 0.90625 0.550000011920929
vt 0.9375 0.550000011920929
vt 0.96875 0.550000011920929
vt 1 0.550000011920929
vt 0 0.5
vt 0.03125 0.5
vt 0.0625 0.5
vt 0.09375 0.5
vt 0.125 0.5
vt 0.15625 0.5
vt 0.1875 0.5
vt 0.21875 0.5
vt 0.25 0.5
vt 0.28125 0.5
vt 0.3125 0.5
vt 0.34375 0.5
vt 0.375 0.5
vt 0.40625 0.5
vt 0.4375 0.5
vt 0.46875 0.5
vt 0.5 0.5
vt 0.53125 0.5
vt 0.5625 0.5
vt 0.59375 0.5
vt 0.625 0.5
vt 0.65625 0.5
vt 0.6875 0.5
vt 0.71875 0.5
vt 0.75 0.5
vt 0.78125 0.5
vt 0.8125 0.5
vt 0.84375 0.5
vt 0.875 0.5
vt 0.90625 0.5
vt 0.9375 0.5
vt 0.96875 0.5
vt 1 0.5
vt 0 0.44999998807907104
vt 0.03125 0.44999998807907104
vt 0.0625 0.44999998807907104
vt 0.09375 0.44999998807907104
vt 0.125 0.44999998807907104
vt 0.15625 0.44999998807907104
vt 0.1875 0.44999998807907104
vt 0.21875 0.44999998807907104
vt 0.25 0.44999998807907104
vt 0.28125 0.44999998807907104
vt 0.3125 0.44999998807907104
vt 0.34375 0.44999998807907104
vt 0.375 0.44999998807907104
vt 0.40625 0.44999998807907104
vt 0.4375 0.44999998807907104
vt 0.46875 0.44999998807907104
vt 0.5 0.44999998807907104
vt 0.53125 0.44999998807907104
vt 0.5625 0.44999998807907104
vt 0.59375 0.44999998807907104
vt 0.625 0.44999998807907104
vt 0.65625 0.44999998807907104
vt 0.6875 0.44999998807907104
vt 0.71875 0.44999998807907104
vt 0.75 0.44999998807907104
vt 0.78125 0.44999998807907104
vt 0.8125 0.44999998807907104
vt 0.84375 0.44999998807907104
vt 0.875 0.44999998807907104
vt 0.90625 0.44999998807907104
vt 0.9375 0.44999998807907104
vt 0.96875 0.44999998807907104
vt 1 0.44999998807907104
vt 0 0.4000000059604645
vt 0.03125 0.4000000059604645
vt 0.0625 0.4000000059604645
vt 0.09375 0.4000000059604645
vt 0.125 0.4000000059604645
vt 0.15625 0.4000000059604645
vt 0.1875 0.4000000059604645
vt 0.21875 0.4000000059604645
vt 0.25 0.4000000059604645
vt 0.28125 0.4000000059604645
vt 0.3125 0.4000000059604645
vt 0.34375 0.4000000059604645
vt 0.375 0.4000000059604645
vt 0.40625 0.4000000059604645
vt 0.4375 0.4000000059604645
vt 0.46875 0.4000000059604645
vt 0.5 0.4000000059604645
vt 0.53125 0.4000000059604645
vt 0.5625 0.4000000059604645
vt 0.59375 0.4000000059604645
vt 0.625 0.4000000059604645
vt 0.65625 0.4000000059604645
vt 0.6875 0.4000000059604645
vt 0.71875 0.4000000059604645
vt 0.75 0.4000000059604645
vt 0.78125 0.4000000059604645
vt 0.8125 0.4000000059604645
vt 0.84375 0.4000000059604645
vt 0.875 0.4000000059604645
vt 0.90625 0.4000000059604645
vt 0.9375 0.4000000059604645
vt 0.96875 0.4000000059604645
vt 1 0.4000000059604645
vt 0 0.3499999940395355
vt 0.03125 0.3499999940395355
vt 0.0625 0.3499999940395355
vt 0.09375 0.3499999940395355
vt 0.125 0.3499999940395355
vt 0.15625 0.3499999940395355
vt 0.1875 0.3499999940395355
vt 0.21875 0.3499999940395355
vt 0.25 0.3499999940395355
vt 0.28125 0.3499999940395355
vt 0.3125 0.3499999940395355
vt 0.34375 0.3499999940395355
vt 0.375 0.3499999940395355
vt 0.40625 0.3499999940395355
vt 0.4375 0.3499999940395355
vt 0.46875 0.3499999940395355
vt 0.5 0.3499999940395355
vt 0.53125 0.3499999940395355
vt 0.5625 0.3499999940395355
vt 0.59375 0.3499999940395355
vt 0.625 0.3499999940395355
vt 0.65625 0.3499999940395355
vt 0.6875 0.3499999940395355
vt 0.71875 0.3499999940395355
vt 0.75 0.3499999940395355
vt 0.78125 0.3499999940395355
vt 0.8125 0.3499999940395355
vt 0.84375 0.3499999940395355
vt 0.875 0.3499999940395355
vt 0.90625 0.3499999940395355
vt 0.9375 0.3499999940395355
vt 0.96875 0.3499999940395355
vt 1 0.3499999940395355
vt 0 0.30000001192092896
vt 0.03125 0.30000001192092896
vt 0.0625 0.30000001192092896
vt 0.09375 0.30000001192092896
vt 0.125 0.30000001192092896
vt 0.15625 0.30000001192092896
vt 0.1875 0.30000001192092896
vt 0.21875 0.30000001192092896
vt 0.25 0.30000001192092896
vt 0.28125 0.30000001192092896
vt 0.3125 0.30000001192092896
vt 0.34375 0.30000001192092896
vt 0.375 0.30000001192092896
vt 0.40625 0.30000001192092896
vt 0.4375 0.30000001192092896
vt 0.46875 0.30000001192092896
vt 0.5 0.30000001192092896
vt 0.53125 0.30000001192092896
vt 0.5625 0.30000001192092896
vt 0.59375 0.30000001192092896
vt 0.625 0.30000001192092896
vt 0.65625 0.30000001192092896
vt 0.6875 0.30000001192092896
vt 0.71875 0.30000001192092896
vt 0.75 0.30000001192092896
vt 0.78125 0.30000001192092896
vt 0.8125 0.30000001192092896
vt 0.84375 0.30000001192092896
vt 0.875 0.30000001192092896
vt 0.90625 0.30000001192092896
vt 0.9375 0.30000001192092896
vt 0.96875 0.30000001192092896
vt 1 0.30000001192092896
vt 0 0.25
vt 0.03125 0.25
vt 0.0625 0.25
vt 0.09375 0.25
vt 0.125 0.25
vt 0.15625 0.25
vt 0.1875 0.25
vt 0.21875 0.25
vt 0.25 0.25
vt 0.28125 0.25
vt 0.3125 0.25
vt 0.34375 0.25
vt 0.375 0.25
vt 0.40625 0.25
vt 0.4375 0.25
vt 0.46875 0.25
vt 0.5 0.25
vt 0.53125 0.25
vt 0.5625 0.25
vt 0.59375 0.25
vt 0.625 0.25
vt 0.65625 0.25
vt 0.6875 0.25
vt 0.71875 0.25
vt 0.75 0.25
vt 0.78125 0.25
vt 0.8125 0.25
vt 0.84375 0.25
vt 0.875 0.25
vt 0.90625 0.25
vt 0.9375 0.25
vt 0.96875 0.25
vt 1 0.25
vt 0 0.20000000298023224
vt 0.03125 0.20000000298023224
vt 0.0625 0.20000000298023224
vt 0.09375 0.20000000298023224
vt 0.125 0.20000000298023224
vt 0.15625 0.20000000298023224
vt 0.1875 0.20000000298023224
vt 0.21875 0.20000000298023224
vt 0.25 0.20000000298023224
vt 0.28125 0.20000000298023224
vt 0.3125 0.20000000298023224
vt 0.34375 0.20000000298023224
vt 0.375 0.20000000298023224
vt 0.40625 0.20000000298023224
vt 0.4375 0.20000000298023224
vt 0.46875 0.20000000298023224
vt 0.5 0.20000000298023224
vt 0.53125 0.20000000298023224
vt 0.5625 0.20000000298023224
vt 0.59375 0.20000000298023224
vt 0.625 0.20000000298023224
vt 0.65625 0.20000000298023224
vt 0.6875 0.20000000298023224
vt 0.71875 0.20000000298023224
vt 0.75 0.20000000298023224
vt 0.78125 0.20000000298023224
vt 0.8125 0.20000000298023224
vt 0.84375 0.20000000298023224
vt 0.875 0.20000000298023224
vt 0.90625 0.20000000298023224
vt 0.9375 0.20000000298023224
vt 0.96875 0.20000000298023224
vt 1 0.20000000298023224
vt 0 0.15000000596046448
vt 0.03125 0.15000000596046448
vt 0.0625 0.15000000596046448
vt 0.09375 0.15000000596046448
vt 0.125 0.15000000596046448
vt 0.15625 0.15000000596046448
vt 0.1875 0.15000000596046448
vt 0.21875 0.15000000596046448
vt 0.25 0.15000000596046448
vt 0.28125 0.15000000596046448
vt 0.3125 0.15000000596046448
vt 0.34375 0.15000000596046448
vt 0.375 0.15000000596046448
vt 0.40625 0.15000000596046448
vt 0.4375 0.15000000596046448
vt 0.46875 0.15000000596046448
vt 0.5 0.15000000596046448
vt 0.53125 0.15000000596046448
vt 0.5625 0.15000000596046448
vt 0.59375 0.15000000596046448
vt 0.625 0.15000000596046448
vt 0.65625 0.15000000596046448
vt 0.6875 0.15000000596046448
vt 0.71875 0.15000000596046448
vt 0.75 0.15000000596046448
vt 0.78125 0.15000000596046448
vt 0.8125 0.15000000596046448
vt 0.84375 0.15000000596046448
vt 0.875 0.15000000596046448
vt 0.90625 0.15000000596046448
vt 0.9375 0.15000000596046448
vt 0.96875 0.15000000596046448
vt 1 0.15000000596046448
vt 0 0.10000000149011612
vt 0.03125 0.10000000149011612
vt 0.0625 0.10000000149011612
vt 0.09375 0.10000000149011612
vt 0.125 0.10000000149011612
vt 0.15625 0.10000000149011612
vt 0.1875 0.10000000149011612
vt 0.21875 0.10000000149011612
vt 0.25 0.10000000149011612
vt 0.28125 0.10000000149011612
vt 0.3125 0.10000000149011612
vt 0.34375 0.10000000149011612
vt 0.375 0.10000000149011612
vt 0.40625 0.10000000149011612
vt 0.4375 0.10000000149011612
vt 0.46875 0.10000000149011612
vt 0.5 0.10000000149011612
vt 0.53125 0.10000000149011612
vt 0.5625 0.10000000149011612
vt 0.59375 0.10000000149011612
vt 0.625 0.10000000149011612
vt 0.65625 0.10000000149011612
vt 0.6875 0.10000000149011612
vt 0.71875 0.10000000149011612
vt 0.75 0.10000000149011612
vt 0.78125 0.10000000149011612
vt 0.8125 0.10000000149011612
vt 0.84375 0.10000000149011612
vt 0.875 0.10000000149011612
vt 0.90625 0.10000000149011612
vt 0.9375 0.10000000149011612
vt 0.96875 0.10000000149011612
vt 1 0.10000000149011612
vt 0 0.05000000074505806
vt 0.03125 0.05000000074505806
vt 0.0625 0.05000000074505806
vt 0.09375 0.05000000074505806
vt 0.125 0.05000000074505806
vt 0.15625 0.05000000074505806
vt 0.1875 0.05000000074505806
vt 0.21875 0.05000000074505806
vt 0.25 0.05000000074505806
vt 0.28125 0.05000000074505806
vt 0.3125 0.05000000074505806
vt 0.34375 0.05000000074505806
vt 0.375 0.05000000074505806
vt 0.40625 0.05000000074505806
vt 0.4375 0.05000000074505806
vt 0.46875 0.05000000074505806
vt 0.5 0.05000000074505806
vt 0.53125 0.05000000074505806
vt 0.5625 0.05000000074505806
vt 0.59375 0.05000000074505806
vt 0.625 0.05000000074505806
vt 0.65625 0.05000000074505806
vt 0.6875 0.05000000074505806
vt 0.71875 0.05000000074505806
vt 0.75 0.05000000074505806
vt 0.78125 0.05000000074505806
vt 0.8125 0.05000000074505806
vt 0.84375 0.05000000074505806
vt 0.875 0.05000000074505806
vt 0.90625 0.05000000074505806
vt 0.9375 0.05000000074505806
vt 0.96875 0.05000000074505806
vt 1 0.05000000074505806
vt -0.015625 0
vt 0.015625 0
vt 0.046875 0
vt 0.078125 0
vt 0.109375 0
vt 0.140625 0
vt 0.171875 0
vt 0.203125 0
vt 0.234375 0
vt 0.265625 0
vt 0.296875 0
vt 0.328125 0
vt 0.359375 0
vt 0.390625 0
vt 0.421875 0
vt 0.453125 0
vt 0.484375 0
vt 0.515625 0
vt 0.546875 0
vt 0.578125 0
vt 0.609375 0
vt 0.640625 0
vt 0.671875 0
vt 0.703125 0
vt 0.734375 0
vt 0.765625 0
vt 0.796875 0
vt 0.828125 0
vt 0.859375 0
vt 0.890625 0
vt 0.921875 0
vt 0.953125 0
vt 0.984375 0
vn 0 1 0
vn 0 1 0
vn 0 1 0
vn 0 1 0
vn 0 1 0
vn 0 1 0
vn 0 1 0
vn 0 1 0
vn 0 1 0
vn 0 1 0
vn 0 1 0
vn 0 1 0
vn 0 1 0
vn 0 1 0
vn 0 1 0
vn 0 1 0
vn 0 1 0
vn 0 1 0
vn 0 1 0
vn 0 1 0
vn 0 1 0
vn 0 1 0
vn 0 1 0
vn 0 1 0
vn 0 1 0
vn 0 1 0
vn 0 1 0
vn 0 1 0
vn 0 1 0
vn 0 1 0
vn 0 1 0
vn 0 1 0
vn 0 1 0
vn -0.15643445816198648 0.9876883416845447 0
vn -0.15342861095794802 0.9876883421169852 0.030518849678775547
vn -0.14452659768281015 0.9876883410379909 0.05986487734767869
vn -0.13007050466748965 0.9876883408893457 0.08691032784885976
vn -0.11061586942301878 0.9876883409576015 0.11061586942301878
vn -0.08691032784885976 0.9876883408893457 0.13007050466748965
vn -0.05986487734767869 0.9876883410379909 0.14452659768281015
vn -0.030518849678775547 0.9876883421169852 0.15342861095794802
vn -9.578848070667754e-18 0.9876883416845447 0.15643445816198648
vn 0.030518849678775547 0.9876883421169852 0.15342861095794802
vn 0.05986487734767869 0.9876883410379909 0.14452659768281015
vn 0.08691032784885976 0.9876883408893457 0.13007050466748965
vn 0.11061586942301878 0.9876883409576015 0.11061586942301878
vn 0.13007050466748965 0.9876883408893457 0.08691032784885976
vn 0.14452659768281015 0.9876883410379909 0.05986487734767869
vn 0.15342861095794802 0.9876883421169852 0.030518849678775547
vn 0.15643445816198648 0.9876883416845447 1.915769614133551e-17
vn 0.15342861095794802 0.9876883421169852 -0.030518849678775547
vn 0.14452659768281015 0.9876883410379909 -0.05986487734767869
vn 0.13007050466748965 0.9876883408893457 -0.08691032784885976
vn 0.11061586942301878 0.9876883409576015 -0.11061586942301878
vn 0.08691032784885976 0.9876883408893457 -0.13007050466748965
vn 0.05986487734767869 0.9876883410379909 -0.14452659768281015
vn 0.030518849678775547 0.9876883421169852 -0.15342861095794802
vn 2.8736545039183854e-17 0.9876883416845447 -0.15643445816198648
vn -0.030518849678775547 0.9876883421169852 -0.15342861095794802
vn -0.05986487734767869 0.9876883410379909 -0.14452659768281015
vn -0.08691032784885976 0.9876883408893457 -0.13007050466748965
vn -0.11061586942301878 0.9876883409576015 -0.11061586942301878
vn -0.13007050466748965 0.9876883408893457 -0.08691032784885976
vn -0.14452659768281015 0.9876883410379909 -0.05986487734767869
vn -0.15342861095794802 0.9876883421169852 -0.030518849678775547
vn -0.15643445816198648 0.9876883416845447 -3.831539228267102e-17
vn -0.3090169948284817 0.9510565161477913 0
vn -0.30307930140102135 0.9510565221939922 0.06028622275891433
vn -0.28549447015620777 0.9510565186903915 0.11825567963839743
vn -0.25693824249922403 0.9510565164207371 0.17168063989589022
vn -0.21850800088974703 0.9510565215034975 0.21850800088974703
vn -0.17168063989589022 0.9510565164207371 0.25693824249922403
vn -0.11825567963839743 0.9510565186903915 0.28549447015620777
vn -0.06028622275891433 0.9510565221939922 0.30307930140102135
vn -1.892183379232834e-17 0.9510565161477913 0.3090169948284817
vn 0.06028622275891433 0.9510565221939922 0.30307930140102135
vn 0.11825567963839743 0.9510565186903915 0.28549447015620777
vn 0.17168063989589022 0.9510565164207371 0.25693824249922403
vn 0.21850800088974703 0.9510565215034975 0.21850800088974703
vn 0.25693824249922403 0.9510565164207371 0.17168063989589022
vn 0.28549447015620777 0.9510565186903915 0.11825567963839743
vn 0.30307930140102135 0.9510565221939922 0.06028622275891433
vn 0.3090169948284817 0.9510565161477913 3.784366758465668e-17
vn 0.30307930140102135 0.9510565221939922 -0.06028622275891433
vn 0.28549447015620777 0.9510565186903915 -0.11825567963839743
vn 0.25693824249922403 0.9510565164207371 -0.17168063989589022
vn 0.21850800088974703 0.9510565215034975 -0.21850800088974703
vn 0.17168063989589022 0.9510565164207371 -0.25693824249922403
vn 0.11825567963839743 0.9510565186903915 -0.28549447015620777
vn 0.06028622275891433 0.9510565221939922 -0.30307930140102135
vn 5.676549972262383e-17 0.9510565161477913 -0.3090169948284817
vn -0.06028622275891433 0.9510565221939922 -0.30307930140102135
vn -0.11825567963839743 0.9510565186903915 -0.28549447015620777
vn -0.17168063989589022 0.9510565164207371 -0.25693824249922403
vn -0.21850800088974703 0.9510565215034975 -0.21850800088974703
vn -0.25693824249922403 0.9510565164207371 -0.17168063989589022
vn -0.28549447015620777 0.9510565186903915 -0.11825567963839743
vn -0.30307930140102135 0.9510565221939922 -0.06028622275891433
vn -0.3090169948284817 0.9510565161477913 -7.568733516931335e-17
vn -0.45399048932725333 0.8910065294936963 0
vn -0.4452671983891897 0.8910065251674391 0.0885691489610688
vn -0.41943252013504956 0.8910065277776017 0.17373464971289818
vn -0.3774793113501167 0.8910065211784391 0.25222360857012815
vn -0.32101976564557294 0.8910065208121222 0.32101976564557294
vn -0.25222360857012815 0.8910065211784391 0.3774793113501167
vn -0.17373464971289818 0.8910065277776017 0.41943252013504956
vn -0.0885691489610688 0.8910065251674391 0.4452671983891897
vn -2.7798900032461556e-17 0.8910065294936963 0.45399048932725333
vn 0.0885691489610688 0.8910065251674391 0.4452671983891897
vn 0.17373464971289818 0.8910065277776017 0.41943252013504956
vn 0.25222360857012815 0.8910065211784391 0.3774793113501167
vn 0.32101976564557294 0.8910065208121222 0.32101976564557294
vn 0.3774793113501167 0.8910065211784391 0.25222360857012815
vn 0.41943252013504956 0.8910065277776017 0.17373464971289818
vn 0.4452671983891897 0.8910065251674391 0.0885691489610688
vn 0.45399048932725333 0.8910065294936963 5.559780006492311e-17
vn 0.4452671983891897 0.8910065251674391 -0.0885691489610688
vn 0.41943252013504956 0.8910065277776017 -0.17373464971289818
vn 0.3774793113501167 0.8910065211784391 -0.25222360857012815
vn 0.32101976564557294 0.8910065208121222 -0.32101976564557294
vn 0.25222360857012815 0.8910065211784391 -0.3774793113501167
vn 0.17373464971289818 0.8910065277776017 -0.41943252013504956
vn 0.0885691489610688 0.8910065251674391 -0.4452671983891897
vn 8.339670009738467e-17 0.8910065294936963 -0.45399048932725333
vn -0.0885691489610688 0.8910065251674391 -0.4452671983891897
vn -0.17373464971289818 0.8910065277776017 -0.41943252013504956
vn -0.25222360857012815 0.8910065211784391 -0.3774793113501167
vn -0.32101976564557294 0.8910065208121222 -0.32101976564557294
vn -0.3774793113501167 0.8910065211784391 -0.25222360857012815
vn -0.41943252013504956 0.8910065277776017 -0.17373464971289818
vn -0.4452671983891897 0.8910065251674391 -0.0885691489610688
vn -0.45399048932725333 0.8910065294936963 -1.1119560012984622e-16
vn -0.5877852429542022 0.8090170011595983 0
vn -0.5764911155626686 0.8090169998954939 0.11467121503413377
vn -0.5430427706392614 0.8090169901733117 0.2249356771776105
vn -0.4887255690945338 0.8090169964081475 0.3265559946409858
vn -0.41562693850877935 0.80901699362352 0.41562693850877935
vn -0.3265559946409858 0.8090169964081475 0.4887255690945338
vn -0.2249356771776105 0.8090169901733117 0.5430427706392614
vn -0.11467121503413377 0.8090169998954939 0.5764911155626686
vn -3.5991465495658004e-17 0.8090170011595983 0.5877852429542022
vn 0.11467121503413377 0.8090169998954939 0.5764911155626686
vn 0.2249356771776105 0.8090169901733117 0.5430427706392614
vn 0.3265559946409858 0.8090169964081475 0.4887255690945338
vn 0.41562693850877935 0.80901699362352 0.41562693850877935
vn 0.4887255690945338 0.8090169964081475 0.3265559946409858
vn 0.5430427706392614 0.8090169901733117 0.2249356771776105
vn 0.5764911155626686 0.8090169998954939 0.11467121503413377
vn 0.5877852429542022 0.8090170011595983 7.198293099131601e-17
vn 0.5764911155626686 0.8090169998954939 -0.11467121503413377
vn 0.5430427706392614 0.8090169901733117 -0.2249356771776105
vn 0.4887255690945338 0.8090169964081475 -0.3265559946409858
vn 0.41562693850877935 0.80901699362352 -0.41562693850877935
vn 0.3265559946409858 0.8090169964081475 -0.4887255690945338
vn 0.2249356771776105 0.8090169901733117 -0.5430427706392614
vn 0.11467121503413377 0.8090169998954939 -0.5764911155626686
vn 1.0797439979569647e-16 0.8090170011595983 -0.5877852429542022
vn -0.11467121503413377 0.8090169998954939 -0.5764911155626686
vn -0.2249356771776105 0.8090169901733117 -0.5430427706392614
vn -0.3265559946409858 0.8090169964081475 -0.4887255690945338
vn -0.41562693850877935 0.80901699362352 -0.41562693850877935
vn -0.4887255690945338 0.8090169964081475 -0.3265559946409858
vn -0.5430427706392614 0.8090169901733117 -0.2249356771776105
vn -0.5764911155626686 0.8090169998954939 -0.11467121503413377
vn -0.5877852429542022 0.8090170011595983 -1.4396586198263202e-16
vn -0.7071067811865476 0.7071067811865476 0
vn -0.6935199426845902 0.7071067617148827 0.13794968878491518
vn -0.6532815030743456 0.7071067617226012 0.2705980511147485
vn -0.5879377874929517 0.7071067873885877 0.39284748855870727
vn -0.5000000042785677 0.7071067751357388 0.5000000042785677
vn -0.39284748855870727 0.7071067873885877 0.5879377874929517
vn -0.2705980511147485 0.7071067617226012 0.6532815030743456
vn -0.13794968878491518 0.7071067617148827 0.6935199426845902
vn -4.329780375814312e-17 0.7071067811865476 0.7071067811865476
vn 0.13794968878491518 0.7071067617148827 0.6935199426845902
vn 0.2705980511147485 0.7071067617226012 0.6532815030743456
vn 0.39284748855870727 0.7071067873885877 0.5879377874929517
vn 0.5000000042785677 0.7071067751357388 0.5000000042785677
vn 0.5879377874929517 0.7071067873885877 0.39284748855870727
vn 0.6532815030743456 0.7071067617226012 0.2705980511147485
vn 0.6935199426845902 0.7071067617148827 0.13794968878491518
vn 0.7071067811865476 0.7071067811865476 8.659560751628624e-17
vn 0.6935199426845902 0.7071067617148827 -0.13794968878491518
vn 0.6532815030743456 0.7071067617226012 -0.2705980511147485
vn 0.5879377874929517 0.7071067873885877 -0.39284748855870727
vn 0.5000000042785677 0.7071067751357388 -0.5000000042785677
vn 0.39284748855870727 0.7071067873885877 -0.5879377874929517
vn 0.2705980511147485 0.7071067617226012 -0.6532815030743456
vn 0.13794968878491518 0.7071067617148827 -0.6935199426845902
vn 1.2989340465698435e-16 0.7071067811865476 -0.7071067811865476
vn -0.13794968878491518 0.7071067617148827 -0.6935199426845902
vn -0.2705980511147485 0.7071067617226012 -0.6532815030743456
vn -0.39284748855870727 0.7071067873885877 -0.5879377874929517
vn -0.5000000042785677 0.7071067751357388 -0.5000000042785677
vn -0.5879377874929517 0.7071067873885877 -0.39284748855870727
vn -0.6532815030743456 0.7071067617226012 -0.2705980511147485
vn -0.6935199426845902 0.7071067617148827 -0.13794968878491518
vn -0.7071067811865476 0.7071067811865476 -1.7319121503257247e-16
vn -0.8090170011595983 0.5877852429542022 0
vn -0.7934719534792954 0.5877852595947886 0.1578313899224032
vn -0.747434252631547 0.5877852394037335 0.30959740039641254
vn -0.6726730524540276 0.5877852491130184 0.44946575556690366
vn -0.5720614113691512 0.5877852356470595 0.5720614113691512
vn -0.44946575556690366 0.5877852491130184 0.6726730524540276
vn -0.30959740039641254 0.5877852394037335 0.747434252631547
vn -0.1578313899224032 0.5877852595947886 0.7934719534792954
vn -4.953800384026539e-17 0.5877852429542022 0.8090170011595983
vn 0.1578313899224032 0.5877852595947886 0.7934719534792954
vn 0.30959740039641254 0.5877852394037335 0.747434252631547
vn 0.44946575556690366 0.5877852491130184 0.6726730524540276
vn 0.5720614113691512 0.5877852356470595 0.5720614113691512
vn 0.6726730524540276 0.5877852491130184 0.44946575556690366
vn 0.747434252631547 0.5877852394037335 0.30959740039641254
vn 0.7934719534792954 0.5877852595947886 0.1578313899224032
vn 0.8090170011595983 0.5877852429542022 9.907600768053078e-17
vn 0.7934719534792954 0.5877852595947886 -0.1578313899224032
vn 0.747434252631547 0.5877852394037335 -0.30959740039641254
vn 0.6726730524540276 0.5877852491130184 -0.44946575556690366
vn 0.5720614113691512 0.5877852356470595 -0.5720614113691512
vn 0.44946575556690366 0.5877852491130184 -0.6726730524540276
vn 0.30959740039641254 0.5877852394037335 -0.747434252631547
vn 0.1578313899224032 0.5877852595947886 -0.7934719534792954
vn 1.4861400821207373e-16 0.5877852429542022 -0.8090170011595983
vn -0.1578313899224032 0.5877852595947886 -0.7934719534792954
vn -0.30959740039641254 0.5877852394037335 -0.747434252631547
vn -0.44946575556690366 0.5877852491130184 -0.6726730524540276
vn -0.5720614113691512 0.5877852356470595 -0.5720614113691512
vn -0.6726730524540276 0.5877852491130184 -0.44946575556690366
vn -0.747434252631547 0.5877852394037335 -0.30959740039641254
vn -0.7934719534792954 0.5877852595947886 -0.1578313899224032
vn -0.8090170011595983 0.5877852429542022 -1.9815201536106157e-16
vn -0.8910065294936963 0.45399048932725333 0
vn -0.8738860930115939 0.45399048125087865 0.1738267510325367
vn -0.8231826979782445 0.45399048699085737 0.3409734351398397
vn -0.7408448542033585 0.45399049441133527 0.4950166997027029
vn -0.6300367616269363 0.45399048227610045 0.6300367616269363
vn -0.4950166997027029 0.45399049441133527 0.7408448542033585
vn -0.3409734351398397 0.45399048699085737 0.8231826979782445
vn -0.1738267510325367 0.45399048125087865 0.8738860930115939
vn -5.455841453783618e-17 0.45399048932725333 0.8910065294936963
vn 0.1738267510325367 0.45399048125087865 0.8738860930115939
vn 0.3409734351398397 0.45399048699085737 0.8231826979782445
vn 0.4950166997027029 0.45399049441133527 0.7408448542033585
vn 0.6300367616269363 0.45399048227610045 0.6300367616269363
vn 0.7408448542033585 0.45399049441133527 0.4950166997027029
vn 0.8231826979782445 0.45399048699085737 0.3409734351398397
vn 0.8738860930115939 0.45399048125087865 0.1738267510325367
vn 0.8910065294936963 0.45399048932725333 1.0911682907567237e-16
vn 0.8738860930115939 0.45399048125087865 -0.1738267510325367
vn 0.8231826979782445 0.45399048699085737 -0.3409734351398397
vn 0.7408448542033585 0.45399049441133527 -0.4950166997027029
vn 0.6300367616269363 0.45399048227610045 -0.6300367616269363
vn 0.4950166997027029 0.45399049441133527 -0.7408448542033585
vn 0.3409734351398397 0.45399048699085737 -0.8231826979782445
vn 0.1738267510325367 0.45399048125087865 -0.8738860930115939
vn 1.63675246922231e-16 0.45399048932725333 -0.8910065294936963
vn -0.1738267510325367 0.45399048125087865 -0.8738860930115939
vn -0.3409734351398397 0.45399048699085737 -0.8231826979782445
vn -0.4950166997027029 0.45399049441133527 -0.7408448542033585
vn -0.6300367616269363 0.45399048227610045 -0.6300367616269363
vn -0.7408448542033585 0.45399049441133527 -0.4950166997027029
vn -0.8231826979782445 0.45399048699085737 -0.3409734351398397
vn -0.8738860930115939 0.45399048125087865 -0.1738267510325367
vn -0.8910065294936963 0.45399048932725333 -2.1823365815134473e-16
vn -0.9510565161477913 0.3090169948284817 0
vn -0.9327822287422437 0.30901700125106846 0.18554192701502709
vn -0.8786616471913484 0.30901700773605 0.3639535666604251
vn -0.7907745978942503 0.3090170080838086 0.5283786748536679
vn -0.6724985114256943 0.3090169967177386 0.6724985114256943
vn -0.5283786748536679 0.3090170080838086 0.7907745978942503
vn -0.3639535666604251 0.30901700773605 0.8786616471913484
vn -0.18554192701502709 0.30901700125106846 0.9327822287422437
vn -5.823541286913628e-17 0.3090169948284817 0.9510565161477913
vn 0.18554192701502709 0.30901700125106846 0.9327822287422437
vn 0.3639535666604251 0.30901700773605 0.8786616471913484
vn 0.5283786748536679 0.3090170080838086 0.7907745978942503
vn 0.6724985114256943 0.3090169967177386 0.6724985114256943
vn 0.7907745978942503 0.3090170080838086 0.5283786748536679
vn 0.8786616471913484 0.30901700773605 0.3639535666604251
vn 0.9327822287422437 0.30901700125106846 0.18554192701502709
vn 0.9510565161477913 0.3090169948284817 1.1647082573827256e-16
vn 0.9327822287422437 0.30901700125106846 -0.18554192701502709
vn 0.8786616471913484 0.30901700773605 -0.3639535666604251
vn 0.7907745978942503 0.3090170080838086 -0.5283786748536679
vn 0.6724985114256943 0.3090169967177386 -0.6724985114256943
vn 0.5283786748536679 0.3090170080838086 -0.7907745978942503
vn 0.3639535666604251 0.30901700773605 -0.8786616471913484
vn 0.18554192701502709 0.30901700125106846 -0.9327822287422437
vn 1.7470624522485358e-16 0.3090169948284817 -0.9510565161477913
vn -0.18554192701502709 0.30901700125106846 -0.9327822287422437
vn -0.3639535666604251 0.30901700773605 -0.8786616471913484
vn -0.5283786748536679 0.3090170080838086 -0.7907745978942503
vn -0.6724985114256943 0.3090169967177386 -0.6724985114256943
vn -0.7907745978942503 0.3090170080838086 -0.5283786748536679
vn -0.8786616471913484 0.30901700773605 -0.3639535666604251
vn -0.9327822287422437 0.30901700125106846 -0.18554192701502709
vn -0.9510565161477913 0.3090169948284817 -2.329416514765451e-16
vn -0.9876883416845447 0.15643445816198648 0
vn -0.9687101867054656 0.15643446189560606 0.1926884358348842
vn -0.9125050365362022 0.15643446248659687 0.377971979441061
vn -0.8212328408503206 0.1564344587181323 0.5487302445049635
vn -0.6984011244514193 0.1564344550602139 0.6984011244514193
vn -0.5487302445049635 0.1564344587181323 0.8212328408503206
vn -0.377971979441061 0.15643446248659687 0.9125050365362022
vn -0.1926884358348842 0.15643446189560606 0.9687101867054656
vn -6.047846879070678e-17 0.15643445816198648 0.9876883416845447
vn 0.1926884358348842 0.15643446189560606 0.9687101867054656
vn 0.377971979441061 0.15643446248659687 0.9125050365362022
vn 0.5487302445049635 0.1564344587181323 0.8212328408503206
vn 0.6984011244514193 0.1564344550602139 0.6984011244514193
vn 0.8212328408503206 0.1564344587181323 0.5487302445049635
vn 0.9125050365362022 0.15643446248659687 0.377971979441061
vn 0.9687101867054656 0.15643446189560606 0.1926884358348842
vn 0.9876883416845447 0.15643445816198648 1.2095693758141356e-16
vn 0.9687101867054656 0.15643446189560606 -0.1926884358348842
vn 0.9125050365362022 0.15643446248659687 -0.377971979441061
vn 0.8212328408503206 0.1564344587181323 -0.5487302445049635
vn 0.6984011244514193 0.1564344550602139 -0.6984011244514193
vn 0.5487302445049635 0.1564344587181323 -0.8212328408503206
vn 0.377971979441061 0.15643446248659687 -0.9125050365362022
vn 0.1926884358348842 0.15643446189560606 -0.9687101867054656
vn 1.8143540637212034e-16 0.15643445816198648 -0.9876883416845447
vn -0.1926884358348842 0.15643446189560606 -0.9687101867054656
vn -0.377971979441061 0.15643446248659687 -0.9125050365362022
vn -0.5487302445049635 0.1564344587181323 -0.8212328408503206
vn -0.6984011244514193 0.1564344550602139 -0.6984011244514193
vn -0.8212328408503206 0.1564344587181323 -0.5487302445049635
vn -0.9125050365362022 0.15643446248659687 -0.377971979441061
vn -0.9687101867054656 0.15643446189560606 -0.1926884358348842
vn -0.9876883416845447 0.15643445816198648 -2.419138751628271e-16
vn -1 6.123234262925839e-17 0
vn -0.9807852789517083 6.123234439533053e-17 0.19509032931342324
vn -0.9238795305660377 6.123234437647952e-17 0.3826834370613369
vn -0.8314696016585884 6.123234308778551e-17 0.555570248949409
vn -0.7071067811865476 6.123234367720532e-17 0.7071067811865476
vn -0.555570248949409 6.123234308778551e-17 0.8314696016585884
vn -0.3826834370613369 6.123234437647952e-17 0.9238795305660377
vn -0.19509032931342324 6.123234439533053e-17 0.9807852789517083
vn -6.123234262925839e-17 6.123234262925839e-17 1
vn 0.19509032931342324 6.123234439533053e-17 0.9807852789517083
vn 0.3826834370613369 6.123234437647952e-17 0.9238795305660377
vn 0.555570248949409 6.123234308778551e-17 0.8314696016585884
vn 0.7071067811865476 6.123234367720532e-17 0.7071067811865476
vn 0.8314696016585884 6.123234308778551e-17 0.555570248949409
vn 0.9238795305660377 6.123234437647952e-17 0.3826834370613369
vn 0.9807852789517083 6.123234439533053e-17 0.19509032931342324
vn 1 6.123234262925839e-17 1.2246468525851679e-16
vn 0.9807852789517083 6.123234439533053e-17 -0.19509032931342324
vn 0.9238795305660377 6.123234437647952e-17 -0.3826834370613369
vn 0.8314696016585884 6.123234308778551e-17 -0.555570248949409
vn 0.7071067811865476 6.123234367720532e-17 -0.7071067811865476
vn 0.555570248949409 6.123234308778551e-17 -0.8314696016585884
vn 0.3826834370613369 6.123234437647952e-17 -0.9238795305660377
vn 0.19509032931342324 6.123234439533053e-17 -0.9807852789517083
vn 1.8369701465288538e-16 6.123234262925839e-17 -1
vn -0.19509032931342324 6.123234439533053e-17 -0.9807852789517083
vn -0.3826834370613369 6.123234437647952e-17 -0.9238795305660377
vn -0.555570248949409 6.123234308778551e-17 -0.8314696016585884
vn -0.7071067811865476 6.123234367720532e-17 -0.7071067811865476
vn -0.8314696016585884 6.123234308778551e-17 -0.555570248949409
vn -0.9238795305660377 6.123234437647952e-17 -0.3826834370613369
vn -0.9807852789517083 6.123234439533053e-17 -0.19509032931342324
vn -1 6.123234262925839e-17 -2.4492937051703357e-16
vn -0.9876883416845447 -0.15643445816198648 0
vn -0.9687101867054656 -0.15643446189560606 0.1926884358348842
vn -0.9125050365362022 -0.15643446248659687 0.377971979441061
vn -0.8212328408503206 -0.1564344587181323 0.5487302445049635
vn -0.6984011244514193 -0.1564344550602139 0.6984011244514193
vn -0.5487302445049635 -0.1564344587181323 0.8212328408503206
vn -0.377971979441061 -0.15643446248659687 0.9125050365362022
vn -0.1926884358348842 -0.15643446189560606 0.9687101867054656
vn -6.047846879070678e-17 -0.15643445816198648 0.9876883416845447
vn 0.1926884358348842 -0.15643446189560606 0.9687101867054656
vn 0.377971979441061 -0.15643446248659687 0.9125050365362022
vn 0.5487302445049635 -0.1564344587181323 0.8212328408503206
vn 0.6984011244514193 -0.1564344550602139 0.6984011244514193
vn 0.8212328408503206 -0.1564344587181323 0.5487302445049635
vn 0.9125050365362022 -0.15643446248659687 0.377971979441061
vn 0.9687101867054656 -0.15643446189560606 0.1926884358348842
vn 0.9876883416845447 -0.15643445816198648 1.2095693758141356e-16
vn 0.9687101867054656 -0.15643446189560606 -0.1926884358348842
vn 0.9125050365362022 -0.15643446248659687 -0.377971979441061
vn 0.8212328408503206 -0.1564344587181323 -0.5487302445049635
vn 0.6984011244514193 -0.1564344550602139 -0.6984011244514193
vn 0.5487302445049635 -0.1564344587181323 -0.8212328408503206
vn 0.377971979441061 -0.15643446248659687 -0.9125050365362022
vn 0.1926884358348842 -0.15643446189560606 -0.9687101867054656
vn 1.8143540637212034e-16 -0.15643445816198648 -0.9876883416845447
vn -0.1926884358348842 -0.15643446189560606 -0.9687101867054656
vn -0.377971979441061 -0.15643446248659687 -0.9125050365362022
vn -0.5487302445049635 -0.1564344587181323 -0.8212328408503206
vn -0.6984011244514193 -0.1564344550602139 -0.6984011244514193
vn -0.8212328408503206 -0.1564344587181323 -0.5487302445049635
vn -0.9125050365362022 -0.15643446248659687 -0.377971979441061
vn -0.9687101867054656 -0.15643446189560606 -0.1926884358348842
vn -0.9876883416845447 -0.15643445816198648 -2.419138751628271e-16
vn -0.9510565161477913 -0.3090169948284817 0
vn -0.9327822287422437 -0.30901700125106846 0.18554192701502709
vn -0.8786616471913484 -0.30901700773605 0.3639535666604251
vn -0.7907745978942503 -0.3090170080838086 0.5283786748536679
vn -0.6724985114256943 -0.3090169967177386 0.6724985114256943
vn -0.5283786748536679 -0.3090170080838086 0.7907745978942503
vn -0.3639535666604251 -0.30901700773605 0.8786616471913484
vn -0.18554192701502709 -0.30901700125106846 0.9327822287422437
vn -5.823541286913628e-17 -0.3090169948284817 0.9510565161477913
vn 0.18554192701502709 -0.30901700125106846 0.9327822287422437
vn 0.3639535666604251 -0.30901700773605 0.8786616471913484
vn 0.5283786748536679 -0.3090170080838086 0.7907745978942503
vn 0.6724985114256943 -0.3090169967177386 0.6724985114256943
vn 0.7907745978942503 -0.3090170080838086 0.5283786748536679
vn 0.8786616471913484 -0.30901700773605 0.3639535666604251
vn 0.9327822287422437 -0.30901700125106846 0.18554192701502709
vn 0.9510565161477913 -0.3090169948284817 1.1647082573827256e-16
vn 0.9327822287422437 -0.30901700125106846 -0.18554192701502709
vn 0.8786616471913484 -0.30901700773605 -0.3639535666604251
vn 0.7907745978942503 -0.3090170080838086 -0.5283786748536679
vn 0.6724985114256943 -0.3090169967177386 -0.6724985114256943
vn 0.5283786748536679 -0.3090170080838086 -0.7907745978942503
vn 0.3639535666604251 -0.30901700773605 -0.8786616471913484
vn 0.18554192701502709 -0.30901700125106846 -0.9327822287422437
vn 1.7470624522485358e-16 -0.3090169948284817 -0.9510565161477913
vn -0.18554192701502709 -0.30901700125106846 -0.9327822287422437
vn -0.3639535666604251 -0.30901700773605 -0.8786616471913484
vn -0.5283786748536679 -0.3090170080838086 -0.7907745978942503
vn -0.6724985114256943 -0.3090169967177386 -0.6724985114256943
vn -0.7907745978942503 -0.3090170080838086 -0.5283786748536679
vn -0.8786616471913484 -0.30901700773605 -0.3639535666604251
vn -0.9327822287422437 -0.30901700125106846 -0.18554192701502709
vn -0.9510565161477913 -0.3090169948284817 -2.329416514765451e-16
vn -0.8910065294936963 -0.45399048932725333 0
vn -0.8738860930115939 -0.45399048125087865 0.1738267510325367
vn -0.8231826979782445 -0.45399048699085737 0.3409734351398397
vn -0.7408448542033585 -0.45399049441133527 0.4950166997027029
vn -0.6300367616269363 -0.45399048227610045 0.6300367616269363
vn -0.4950166997027029 -0.45399049441133527 0.7408448542033585
vn -0.3409734351398397 -0.45399048699085737 0.8231826979782445
vn -0.1738267510325367 -0.45399048125087865 0.8738860930115939
vn -5.455841453783618e-17 -0.45399048932725333 0.8910065294936963
vn 0.1738267510325367 -0.45399048125087865 0.8738860930115939
vn 0.3409734351398397 -0.45399048699085737 0.8231826979782445
vn 0.4950166997027029 -0.45399049441133527 0.7408448542033585
vn 0.6300367616269363 -0.45399048227610045 0.6300367616269363
vn 0.7408448542033585 -0.45399049441133527 0.4950166997027029
vn 0.8231826979782445 -0.45399048699085737 0.3409734351398397
vn 0.8738860930115939 -0.45399048125087865 0.1738267510325367
vn 0.8910065294936963 -0.45399048932725333 1.0911682907567237e-16
vn 0.8738860930115939 -0.45399048125087865 -0.1738267510325367
vn 0.8231826979782445 -0.45399048699085737 -0.3409734351398397
vn 0.7408448542033585 -0.45399049441133527 -0.4950166997027029
vn 0.6300367616269363 -0.45399048227610045 -0.6300367616269363
vn 0.4950166997027029 -0.45399049441133527 -0.7408448542033585
vn 0.3409734351398397 -0.45399048699085737 -0.8231826979782445
vn 0.1738267510325367 -0.45399048125087865 -0.8738860930115939
vn 1.63675246922231e-16 -0.45399048932725333 -0.8910065294936963
vn -0.1738267510325367 -0.45399048125087865 -0.8738860930115939
vn -0.3409734351398397 -0.45399048699085737 -0.8231826979782445
vn -0.4950166997027029 -0.45399049441133527 -0.7408448542033585
vn -0.6300367616269363 -0.45399048227610045 -0.6300367616269363
vn -0.7408448542033585 -0.45399049441133527 -0.4950166997027029
vn -0.8231826979782445 -0.45399048699085737 -0.3409734351398397
vn -0.8738860930115939 -0.45399048125087865 -0.1738267510325367
vn -0.8910065294936963 -0.45399048932725333 -2.1823365815134473e-16
vn -0.8090170011595983 -0.5877852429542022 0
vn -0.7934719534792954 -0.5877852595947886 0.1578313899224032
vn -0.747434252631547 -0.5877852394037335 0.30959740039641254
vn -0.6726730524540276 -0.5877852491130184 0.44946575556690366
vn -0.5720614113691512 -0.5877852356470595 0.5720614113691512
vn -0.44946575556690366 -0.5877852491130184 0.6726730524540276
vn -0.30959740039641254 -0.5877852394037335 0.747434252631547
vn -0.1578313899224032 -0.5877852595947886 0.7934719534792954
vn -4.953800384026539e-17 -0.5877852429542022 0.8090170011595983
vn 0.1578313899224032 -0.5877852595947886 0.7934719534792954
vn 0.30959740039641254 -0.5877852394037335 0.747434252631547
vn 0.44946575556690366 -0.5877852491130184 0.6726730524540276
vn 0.5720614113691512 -0.5877852356470595 0.5720614113691512
vn 0.6726730524540276 -0.5877852491130184 0.44946575556690366
vn 0.747434252631547 -0.5877852394037335 0.30959740039641254
vn 0.7934719534792954 -0.5877852595947886 0.1578313899224032
vn 0.8090170011595983 -0.5877852429542022 9.907600768053078e-17
vn 0.7934719534792954 -0.5877852595947886 -0.1578313899224032
vn 0.747434252631547 -0.5877852394037335 -0.30959740039641254
vn 0.6726730524540276 -0.5877852491130184 -0.44946575556690366
vn 0.5720614113691512 -0.5877852356470595 -0.5720614113691512
vn 0.44946575556690366 -0.5877852491130184 -0.6726730524540276
vn 0.30959740039641254 -0.5877852394037335 -0.747434252631547
vn 0.1578313899224032 -0.5877852595947886 -0.7934719534792954
vn 1.4861400821207373e-16 -0.5877852429542022 -0.8090170011595983
vn -0.1578313899224032 -0.5877852595947886 -0.7934719534792954
vn -0.30959740039641254 -0.5877852394037335 -0.747434252631547
vn -0.44946575556690366 -0.5877852491130184 -0.6726730524540276
vn -0.5720614113691512 -0.5877852356470595 -0.5720614113691512
vn -0.6726730524540276 -0.5877852491130184 -0.44946575556690366
vn -0.747434252631547 -0.5877852394037335 -0.30959740039641254
vn -0.7934719534792954 -0.5877852595947886 -0.1578313899224032
vn -0.8090170011595983 -0.5877852429542022 -1.9815201536106157e-16
vn -0.7071067811865476 -0.7071067811865476 0
vn -0.6935199426845902 -0.7071067617148827 0.13794968878491518
vn -0.6532815030743456 -0.7071067617226012 0.2705980511147485
vn -0.5879377874929517 -0.7071067873885877 0.39284748855870727
vn -0.5000000042785677 -0.7071067751357388 0.5000000042785677
vn -0.39284748855870727 -0.7071067873885877 0.5879377874929517
vn -0.2705980511147485 -0.7071067617226012 0.6532815030743456
vn -0.13794968878491518 -0.7071067617148827 0.6935199426845902
vn -4.329780375814312e-17 -0.7071067811865476 0.7071067811865476
vn 0.13794968878491518 -0.7071067617148827 0.6935199426845902
vn 0.2705980511147485 -0.7071067617226012 0.6532815030743456
vn 0.39284748855870727 -0.7071067873885877 0.5879377874929517
vn 0.5000000042785677 -0.7071067751357388 0.5000000042785677
vn 0.5879377874929517 -0.7071067873885877 0.39284748855870727
vn 0.6532815030743456 -0.7071067617226012 0.2705980511147485
vn 0.6935199426845902 -0.7071067617148827 0.13794968878491518
vn 0.7071067811865476 -0.7071067811865476 8.659560751628624e-17
vn 0.6935199426845902 -0.7071067617148827 -0.13794968878491518
vn 0.6532815030743456 -0.7071067617226012 -0.2705980511147485
vn 0.5879377874929517 -0.7071067873885877 -0.39284748855870727
vn 0.5000000042785677 -0.7071067751357388 -0.5000000042785677
vn 0.39284748855870727 -0.7071067873885877 -0.5879377874929517
vn 0.2705980511147485 -0.7071067617226012 -0.6532815030743456
vn 0.13794968878491518 -0.7071067617148827 -0.6935199426845902
vn 1.2989340465698435e-16 -0.7071067811865476 -0.7071067811865476
vn -0.13794968878491518 -0.7071067617148827 -0.6935199426845902
vn -0.2705980511147485 -0.7071067617226012 -0.6532815030743456
vn -0.39284748855870727 -0.7071067873885877 -0.5879377874929517
vn -0.5000000042785677 -0.7071067751357388 -0.5000000042785677
vn -0.5879377874929517 -0.7071067873885877 -0.39284748855870727
vn -0.6532815030743456 -0.7071067617226012 -0.2705980511147485
vn -0.6935199426845902 -0.7071067617148827 -0.13794968878491518
vn -0.7071067811865476 -0.7071067811865476 -1.7319121503257247e-16
vn -0.5877852429542022 -0.8090170011595983 0
vn -0.5764911155626686 -0.8090169998954939 0.11467121503413377
vn -0.5430427706392614 -0.8090169901733117 0.2249356771776105
vn -0.4887255690945338 -0.8090169964081475 0.3265559946409858
vn -0.41562693850877935 -0.80901699362352 0.41562693850877935
vn -0.3265559946409858 -0.8090169964081475 0.4887255690945338
vn -0.2249356771776105 -0.8090169901733117 0.5430427706392614
vn -0.11467121503413377 -0.8090169998954939 0.5764911155626686
vn -3.5991465495658004e-17 -0.8090170011595983 0.5877852429542022
vn 0.11467121503413377 -0.8090169998954939 0.5764911155626686
vn 0.2249356771776105 -0.8090169901733117 0.5430427706392614
vn 0.3265559946409858 -0.8090169964081475 0.4887255690945338
vn 0.41562693850877935 -0.80901699362352 0.41562693850877935
vn 0.4887255690945338 -0.8090169964081475 0.3265559946409858
vn 0.5430427706392614 -0.8090169901733117 0.2249356771776105
vn 0.5764911155626686 -0.8090169998954939 0.11467121503413377
vn 0.5877852429542022 -0.8090170011595983 7.198293099131601e-17
vn 0.5764911155626686 -0.8090169998954939 -0.11467121503413377
vn 0.5430427706392614 -0.8090169901733117 -0.2249356771776105
vn 0.4887255690945338 -0.8090169964081475 -0.3265559946409858
vn 0.41562693850877935 -0.80901699362352 -0.41562693850877935
vn 0.3265559946409858 -0.8090169964081475 -0.4887255690945338
vn 0.2249356771776105 -0.8090169901733117 -0.5430427706392614
vn 0.11467121503413377 -0.8090169998954939 -0.5764911155626686
vn 1.0797439979569647e-16 -0.8090170011595983 -0.5877852429542022
vn -0.11467121503413377 -0.8090169998954939 -0.5764911155626686
vn -0.2249356771776105 -0.8090169901733117 -0.5430427706392614
vn -0.3265559946409858 -0.8090169964081475 -0.4887255690945338
vn -0.41562693850877935 -0.80901699362352 -0.41562693850877935
vn -0.4887255690945338 -0.8090169964081475 -0.3265559946409858
vn -0.5430427706392614 -0.8090169901733117 -0.2249356771776105
vn -0.5764911155626686 -0.8090169998954939 -0.11467121503413377
vn -0.5877852429542022 -0.8090170011595983 -1.4396586198263202e-16
vn -0.45399048932725333 -0.8910065294936963 0
vn -0.4452671983891897 -0.8910065251674391 0.0885691489610688
vn -0.41943252013504956 -0.8910065277776017 0.17373464971289818
vn -0.3774793113501167 -0.8910065211784391 0.25222360857012815
vn -0.32101976564557294 -0.8910065208121222 0.32101976564557294
vn -0.25222360857012815 -0.8910065211784391 0.3774793113501167
vn -0.17373464971289818 -0.8910065277776017 0.41943252013504956
vn -0.0885691489610688 -0.8910065251674391 0.4452671983891897
vn -2.7798900032461556e-17 -0.8910065294936963 0.45399048932725333
vn 0.0885691489610688 -0.8910065251674391 0.4452671983891897
vn 0.17373464971289818 -0.8910065277776017 0.41943252013504956
vn 0.25222360857012815 -0.8910065211784391 0.3774793113501167
vn 0.32101976564557294 -0.8910065208121222 0.32101976564557294
vn 0.3774793113501167 -0.8910065211784391 0.25222360857012815
vn 0.41943252013504956 -0.8910065277776017 0.17373464971289818
vn 0.4452671983891897 -0.8910065251674391 0.0885691489610688
vn 0.45399048932725333 -0.8910065294936963 5.559780006492311e-17
vn 0.4452671983891897 -0.8910065251674391 -0.0885691489610688
vn 0.41943252013504956 -0.8910065277776017 -0.17373464971289818
vn 0.3774793113501167 -0.8910065211784391 -0.25222360857012815
vn 0.32101976564557294 -0.8910065208121222 -0.32101976564557294
vn 0.25222360857012815 -0.8910065211784391 -0.3774793113501167
vn 0.17373464971289818 -0.8910065277776017 -0.41943252013504956
vn 0.0885691489610688 -0.8910065251674391 -0.4452671983891897
vn 8.339670009738467e-17 -0.8910065294936963 -0.45399048932725333
vn -0.0885691489610688 -0.8910065251674391 -0.4452671983891897
vn -0.17373464971289818 -0.8910065277776017 -0.41943252013504956
vn -0.25222360857012815 -0.8910065211784391 -0.3774793113501167
vn -0.32101976564557294 -0.8910065208121222 -0.32101976564557294
vn -0.3774793113501167 -0.8910065211784391 -0.25222360857012815
vn -0.41943252013504956 -0.8910065277776017 -0.17373464971289818
vn -0.4452671983891897 -0.8910065251674391 -0.0885691489610688
vn -0.45399048932725333 -0.8910065294936963 -1.1119560012984622e-16
vn -0.3090169948284817 -0.9510565161477913 0
vn -0.30307930140102135 -0.9510565221939922 0.06028622275891433
vn -0.28549447015620777 -0.9510565186903915 0.11825567963839743
vn -0.25693824249922403 -0.9510565164207371 0.17168063989589022
vn -0.21850800088974703 -0.9510565215034975 0.21850800088974703
vn -0.17168063989589022 -0.9510565164207371 0.25693824249922403
vn -0.11825567963839743 -0.9510565186903915 0.28549447015620777
vn -0.06028622275891433 -0.9510565221939922 0.30307930140102135
vn -1.892183379232834e-17 -0.9510565161477913 0.3090169948284817
vn 0.06028622275891433 -0.9510565221939922 0.30307930140102135
vn 0.11825567963839743 -0.9510565186903915 0.28549447015620777
vn 0.17168063989589022 -0.9510565164207371 0.25693824249922403
vn 0.21850800088974703 -0.9510565215034975 0.21850800088974703
vn 0.25693824249922403 -0.9510565164207371 0.17168063989589022
vn 0.28549447015620777 -0.9510565186903915 0.11825567963839743
vn 0.30307930140102135 -0.9510565221939922 0.06028622275891433
vn 0.3090169948284817 -0.9510565161477913 3.784366758465668e-17
vn 0.30307930140102135 -0.9510565221939922 -0.06028622275891433
vn 0.28549447015620777 -0.9510565186903915 -0.11825567963839743
vn 0.25693824249922403 -0.9510565164207371 -0.17168063989589022
vn 0.21850800088974703 -0.9510565215034975 -0.21850800088974703
vn 0.17168063989589022 -0.9510565164207371 -0.25693824249922403
vn 0.11825567963839743 -0.9510565186903915 -0.28549447015620777
vn 0.06028622275891433 -0.9510565221939922 -0.30307930140102135
vn 5.676549972262383e-17 -0.9510565161477913 -0.3090169948284817
vn -0.06028622275891433 -0.9510565221939922 -0.30307930140102135
vn -0.11825567963839743 -0.9510565186903915 -0.28549447015620777
vn -0.17168063989589022 -0.9510565164207371 -0.25693824249922403
vn -0.21850800088974703 -0.9510565215034975 -0.21850800088974703
vn -0.25693824249922403 -0.9510565164207371 -0.17168063989589022
vn -0.28549447015620777 -0.9510565186903915 -0.11825567963839743
vn -0.30307930140102135 -0.9510565221939922 -0.06028622275891433
vn -0.3090169948284817 -0.9510565161477913 -7.568733516931335e-17
vn -0.15643445816198648 -0.9876883416845447 0
vn -0.15342861095794802 -0.9876883421169852 0.030518849678775547
vn -0.14452659768281015 -0.9876883410379909 0.05986487734767869
vn -0.13007050466748965 -0.9876883408893457 0.08691032784885976
vn -0.11061586942301878 -0.9876883409576015 0.11061586942301878
vn -0.08691032784885976 -0.9876883408893457 0.13007050466748965
vn -0.05986487734767869 -0.9876883410379909 0.14452659768281015
vn -0.030518849678775547 -0.9876883421169852 0.15342861095794802
vn -9.578848070667754e-18 -0.9876883416845447 0.15643445816198648
vn 0.030518849678775547 -0.9876883421169852 0.15342861095794802
vn 0.05986487734767869 -0.9876883410379909 0.14452659768281015
vn 0.08691032784885976 -0.9876883408893457 0.13007050466748965
vn 0.11061586942301878 -0.9876883409576015 0.11061586942301878
vn 0.13007050466748965 -0.9876883408893457 0.08691032784885976
vn 0.14452659768281015 -0.9876883410379909 0.05986487734767869
vn 0.15342861095794802 -0.9876883421169852 0.030518849678775547
vn 0.15643445816198648 -0.9876883416845447 1.915769614133551e-17
vn 0.15342861095794802 -0.9876883421169852 -0.030518849678775547
vn 0.14452659768281015 -0.9876883410379909 -0.05986487734767869
vn 0.13007050466748965 -0.9876883408893457 -0.08691032784885976
vn 0.11061586942301878 -0.9876883409576015 -0.11061586942301878
vn 0.08691032784885976 -0.9876883408893457 -0.13007050466748965
vn 0.05986487734767869 -0.9876883410379909 -0.14452659768281015
vn 0.030518849678775547 -0.9876883421169852 -0.15342861095794802
vn 2.8736545039183854e-17 -0.9876883416845447 -0.15643445816198648
vn -0.030518849678775547 -0.9876883421169852 -0.15342861095794802
vn -0.05986487734767869 -0.9876883410379909 -0.14452659768281015
vn -0.08691032784885976 -0.9876883408893457 -0.13007050466748965
vn -0.11061586942301878 -0.9876883409576015 -0.11061586942301878
vn -0.13007050466748965 -0.9876883408893457 -0.08691032784885976
vn -0.14452659768281015 -0.9876883410379909 -0.05986487734767869
vn -0.15342861095794802 -0.9876883421169852 -0.030518849678775547
vn -0.15643445816198648 -0.9876883416845447 -3.831539228267102e-17
vn -1.2246468525851679e-16 -1 0
vn -1.2011156155659533e-16 -1 2.3891674353689587e-17
vn -1.1314261121795038e-16 -1 4.6865204697224915e-17
vn -1.0182566209003679e-16 -1 6.803772958229956e-17
vn -8.659560603426554e-17 -1 8.659560603426554e-17
vn -6.803772958229956e-17 -1 1.0182566209003679e-16
vn -4.6865204697224915e-17 -1 1.1314261121795038e-16
vn -2.3891674353689587e-17 -1 1.2011156155659533e-16
vn -7.498798786105971e-33 -1 1.2246468525851679e-16
vn 2.3891674353689587e-17 -1 1.2011156155659533e-16
vn 4.6865204697224915e-17 -1 1.1314261121795038e-16
vn 6.803772958229956e-17 -1 1.0182566209003679e-16
vn 8.659560603426554e-17 -1 8.659560603426554e-17
vn 1.0182566209003679e-16 -1 6.803772958229956e-17
vn 1.1314261121795038e-16 -1 4.6865204697224915e-17
vn 1.2011156155659533e-16 -1 2.3891674353689587e-17
vn 1.2246468525851679e-16 -1 1.4997597572211942e-32
vn 1.2011156155659533e-16 -1 -2.3891674353689587e-17
vn 1.1314261121795038e-16 -1 -4.6865204697224915e-17
vn 1.0182566209003679e-16 -1 -6.803772958229956e-17
vn 8.659560603426554e-17 -1 -8.659560603426554e-17
vn 6.803772958229956e-17 -1 -1.0182566209003679e-16
vn 4.6865204697224915e-17 -1 -1.1314261121795038e-16
vn 2.3891674353689587e-17 -1 -1.2011156155659533e-16
vn 2.2496396358317913e-32 -1 -1.2246468525851679e-16
vn -2.3891674353689587e-17 -1 -1.2011156155659533e-16
vn -4.6865204697224915e-17 -1 -1.1314261121795038e-16
vn -6.803772958229956e-17 -1 -1.0182566209003679e-16
vn -8.659560603426554e-17 -1 -8.659560603426554e-17
vn -1.0182566209003679e-16 -1 -6.803772958229956e-17
vn -1.1314261121795038e-16 -1 -4.6865204697224915e-17
vn -1.2011156155659533e-16 -1 -2.3891674353689587e-17
vn -1.2246468525851679e-16 -1 -2.9995195144423884e-32
f 4637/4637/4637 4670/4670/4670 4671/4671/4671
f 4638/4638/4638 4671/4671/4671 4672/4672/4672
f 4639/4639/4639 4672/4672/4672 4673/4673/4673
f 4640/4640/4640 4673/4673/4673 4674/4674/4674
f 4641/4641/4641 4674/4674/4674 4675/4675/4675
f 4642/4642/4642 4675/4675/4675 4676/4676/4676
f 4643/4643/4643 4676/4676/4676 4677/4677/4677
f 4644/4644/4644 4677/4677/4677 4678/4678/4678
f 4645/4645/4645 4678/4678/4678 4679/4679/4679
f 4646/4646/4646 4679/4679/4679 4680/4680/4680
f 4647/4647/4647 4680/4680/4680 4681/4681/4681
f 4648/4648/4648 4681/4681/4681 4682/4682/4682
f 4649/4649/4649 4682/4682/4682 4683/4683/4683
f 4650/4650/4650 4683/4683/4683 4684/4684/4684
f 4651/4651/4651 4684/4684/4684 4685/4685/4685
f 4652/4652/4652 4685/4685/4685 4686/4686/4686
f 4653/4653/4653 4686/4686/4686 4687/4687/4687
f 4654/4654/4654 4687/4687/4687 4688/4688/4688
f 4655/4655/4655 4688/4688/4688 4689/4689/4689
f 4656/4656/4656 4689/4689/4689 4690/4690/4690
f 4657/4657/4657 4690/4690/4690 4691/4691/4691
f 4658/4658/4658 4691/4691/4691 4692/4692/4692
f 4659/4659/4659 4692/4692/4692 4693/4693/4693
f 4660/4660/4660 4693/4693/4693 4694/4694/4694
f 4661/4661/4661 4694/4694/4694 4695/4695/4695
f 4662/4662/4662 4695/4695/4695 4696/4696/4696
f 4663/4663/4663 4696/4696/4696 4697/4697/4697
f 4664/4664/4664 4697/4697/4697 4698/4698/4698
f 4665/4665/4665 4698/4698/4698 4699/4699/4699
f 4666/4666/4666 4699/4699/4699 4700/4700/4700
f 4667/4667/4667 4700/4700/4700 4701/4701/4701
f 4668/4668/4668 4701/4701/4701 4702/4702/4702
f 4671/4671/4671 4670/4670/4670 4704/4704/4704
f 4670/4670/4670 4703/4703/4703 4704/4704/4704
f 4672/4672/4672 4671/4671/4671 4705/4705/4705
f 4671/4671/4671 4704/4704/4704 4705/4705/4705
f 4673/4673/4673 4672/4672/4672 4706/4706/4706
f 4672/4672/4672 4705/4705/4705 4706/4706/4706
f 4674/4674/4674 4673/4673/4673 4707/4707/4707
f 4673/4673/4673 4706/4706/4706 4707/4707/4707
f 4675/4675/4675 4674/4674/4674 4708/4708/4708
f 4674/4674/4674 4707/4707/4707 4708/4708/4708
f 4676/4676/4676 4675/4675/4675 4709/4709/4709
f 4675/4675/4675 4708/4708/4708 4709/4709/4709
f 4677/4677/4677 4676/4676/4676 4710/4710/4710
f 4676/4676/4676 4709/4709/4709 4710/4710/4710
f 4678/4678/4678 4677/4677/4677 4711/4711/4711
f 4677/4677/4677 4710/4710/4710 4711/4711/4711
f 4679/4679/4679 4678/4678/4678 4712/4712/4712
f 4678/4678/4678 4711/4711/4711 4712/4712/4712
f 4680/4680/4680 4679/4679/4679 4713/4713/4713
f 4679/4679/4679 4712/4712/4712 4713/4713/4713
f 4681/4681/4681 4680/4680/4680 4714/4714/4714
f 4680/4680/4680 4713/4713/4713 4714/4714/4714
f 4682/4682/4682 4681/4681/4681 4715/4715/4715
f 4681/4681/4681 4714/4714/4714 4715/4715/4715
f 4683/4683/4683 4682/4682/4682 4716/4716/4716
f 4682/4682/4682 4715/4715/4715 4716/4716/4716
f 4684/4684/4684 4683/4683/4683 4717/4717/4717
f 4683/4683/4683 4716/4716/4716 4717/4717/4717
f 4685/4685/4685 4684/4684/4684 4718/4718/4718
f 4684/4684/4684 4717/4717/4717 4718/4718/4718
f 4686/4686/4686 4685/4685/4685 4719/4719/4719
f 4685/4685/4685 4718/4718/4718 4719/4719/4719
f 4687/4687/4687 4686/4686/4686 4720/4720/4720
f 4686/4686/4686 4719/4719/4719 4720/4720/4720
f 4688/4688/4688 4687/4687/4687 4721/4721/4721
f 4687/4687/4687 4720/4720/4720 4721/4721/4721
f 4689/4689/4689 4688/4688/4688 4722/4722/4722
f 4688/4688/4688 4721/4721/4721 4722/4722/4722
f 4690/4690/4690 4689/4689/4689 4723/4723/4723
f 4689/4689/4689 4722/4722/4722 4723/4723/4723
f 4691/4691/4691 4690/4690/4690 4724/4724/4724
f 4690/4690/4690 4723/4723/4723 4724/4724/4724
f 4692/4692/4692 4691/4691/4691 4725/4725/4725
f 4691/4691/4691 4724/4724/4724 4725/4725/4725
f 4693/4693/4693 4692/4692/4692 4726/4726/4726
f 4692/4692/4692 4725/4725/4725 4726/4726/4726
f 4694/4694/4694 4693/4693/4693 4727/4727/4727
f 4693/4693/4693 4726/4726/4726 4727/4727/4727
f 4695/4695/4695 4694/4694/4694 4728/4728/4728
f 4694/4694/4694 4727/4727/4727 4728/4728/4728
f 4696/4696/4696 4695/4695/4695 4729/4729/4729
f 4695/4695/4695 4728/4728/4728 4729/4729/4729
f 4697/4697/4697 4696/4696/4696 4730/4730/4730
f 4696/4696/4696 4729/4729/4729 4730/4730/4730
f 4698/4698/4698 4697/4697/4697 4731/4731/4731
f 4697/4697/4697 4730/4730/4730 4731/4731/4731
f 4699/4699/4699 4698/4698/4698 4732/4732/4732
f 4698/4698/4698 4731/4731/4731 4732/4732/4732
f 4700/4700/4700 4699/4699/4699 4733/4733/4733
f 4699/4699/4699 4732/4732/4732 4733/4733/4733
f 4701/4701/4701 4700/4700/4700 4734/4734/4734
f 4700/4700/4700 4733/4733/4733 4734/4734/4734
f 4702/4702/4702 4701/4701/4701 4735/4735/4735
f 4701/4701/4701 4734/4734/4734 4735/4735/4735
f 4704/4704/4704 4703/4703/4703 4737/4737/4737
f 4703/4703/4703 4736/4736/4736 4737/4737/4737
f 4705/4705/4705 4704/4704/4704 4738/4738/4738
f 4704/4704/4704 4737/4737/4737 4738/4738/4738
f 4706/4706/4706 4705/4705/4705 4739/4739/4739
f 4705/4705/4705 4738/4738/4738 4739/4739/4739
f 4707/4707/4707 4706/4706/4706 4740/4740/4740
f 4706/4706/4706 4739/4739/4739 4740/4740/4740
f 4708/4708/4708 4707/4707/4707 4741/4741/4741
f 4707/4707/4707 4740/4740/4740 4741/4741/4741
f 4709/4709/4709 4708/4708/4708 4742/4742/4742
f 4708/4708/4708 4741/4741/4741 4742/4742/4742
f 4710/4710/4710 4709/4709/4709 4743/4743/4743
f 4709/4709/4709 4742/4742/4742 4743/4743/4743
f 4711/4711/4711 4710/4710/4710 4744/4744/4744
f 4710/4710/4710 4743/4743/4743 4744/4744/4744
f 4712/4712/4712 4711/4711/4711 4745/4745/4745
f 4711/4711/4711 4744/4744/4744 4745/4745/4745
f 4713/4713/4713 4712/4712/4712 4746/4746/4746
f 4712/4712/4712 4745/4745/4745 4746/4746/4746
f 4714/4714/4714 4713/4713/4713 4747/4747/4747
f 4713/4713/4713 4746/4746/4746 4747/4747/4747
f 4715/4715/4715 4714/4714/4714 4748/4748/4748
f 4714/4714/4714 4747/4747/4747 4748/4748/4748
f 4716/4716/4716 4715/4715/4715 4749/4749/4749
f 4715/4715/4715 4748/4748/4748 4749/4749/4749
f 4717/4717/4717 4716/4716/4716 4750/4750/4750
f 4716/4716/4716 4749/4749/4749 4750/4750/4750
f 4718/4718/4718 4717/4717/4717 4751/4751/4751
f 4717/4717/4717 4750/4750/4750 4751/4751/4751
f 4719/4719/4719 4718/4718/4718 4752/4752/4752
f 4718/4718/4718 4751/4751/4751 4752/4752/4752
f 4720/4720/4720 4719/4719/4719 4753/4753/4753
f 4719/4719/4719 4752/4752/4752 4753/4753/4753
f 4721/4721/4721 4720/4720/4720 4754/4754/4754
f 4720/4720/4720 4753/4753/4753 4754/4754/4754
f 4722/4722/4722 4721/4721/4721 4755/4755/4755
f 4721/4721/4721 4754/4754/4754 4755/4755/4755
f 4723/4723/4723 4722/4722/4722 4756/4756/4756
f 4722/4722/4722 4755/4755/4755 4756/4756/4756
f 4724/4724/4724 4723/4723/4723 4757/4757/4757
f 4723/4723/4723 4756/4756/4756 4757/4757/4757
f 4725/4725/4725 4724/4724/4724 4758/4758/4758
f 4724/4724/4724 4757/4757/4757 4758/4758/4758
f 4726/4726/4726 4725/4725/4725 4759/4759/4759
f 4725/4725/4725 4758/4758/4758 4759/4759/4759
f 4727/4727/4727 4726/4726/4726 4760/4760/4760
f 4726/4726/4726 4759/4759/4759 4760/4760/4760
f 4728/4728/4728 4727/4727/4727 4761/4761/4761
f 4727/4727/4727 4760/4760/4760 4761/4761/4761
f 4729/4729/4729 4728/4728/4728 4762/4762/4762
f 4728/4728/4728 4761/4761/4761 4762/4762/4762
f 4730/4730/4730 4729/4729/4729 4763/4763/4763
f 4729/4729/4729 4762/4762/4762 4763/4763/4763
f 4731/4731/4731 4730/4730/4730 4764/4764/4764
f 4730/4730/4730 4763/4763/4763 4764/4764/4764
f 4732/4732/4732 4731/4731/4731 4765/4765/4765
f 4731/4731/4731 4764/4764/4764 4765/4765/4765
f 4733/4733/4733 4732/4732/4732 4766/4766/4766
f 4732/4732/4732 4765/4765/4765 4766/4766/4766
f 4734/4734/4734 4733/4733/4733 4767/4767/4767
f 4733/4733/4733 4766/4766/4766 4767/4767/4767
f 4735/4735/4735 4734/4734/4734 4768/4768/4768
f 4734/4734/4734 4767/4767/4767 4768/4768/4768
f 4737/4737/4737 4736/4736/4736 4770/4770/4770
f 4736/4736/4736 4769/4769/4769 4770/4770/4770
f 4738/4738/4738 4737/4737/4737 4771/4771/4771
f 4737/4737/4737 4770/4770/4770 4771/4771/4771
f 4739/4739/4739 4738/4738/4738 4772/4772/4772
f 4738/4738/4738 4771/4771/4771 4772/4772/4772
f 4740/4740/4740 4739/4739/4739 4773/4773/4773
f 4739/4739/4739 4772/4772/4772 4773/4773/4773
f 4741/4741/4741 4740/4740/4740 4774/4774/4774
f 4740/4740/4740 4773/4773/4773 4774/4774/4774
f 4742/4742/4742 4741/4741/4741 4775/4775/4775
f 4741/4741/4741 4774/4774/4774 4775/4775/4775
f 4743/4743/4743 4742/4742/4742 4776/4776/4776
f 4742/4742/4742 4775/4775/4775 4776/4776/4776
f 4744/4744/4744 4743/4743/4743 4777/4777/4777
f 4743/4743/4743 4776/4776/4776 4777/4777/4777
f 4745/4745/4745 4744/4744/4744 4778/4778/4778
f 4744/4744/4744 4777/4777/4777 4778/4778/4778
f 4746/4746/4746 4745/4745/4745 4779/4779/4779
f 4745/4745/4745 4778/4778/4778 4779/4779/4779
f 4747/4747/4747 4746/4746/4746 4780/4780/4780
f 4746/4746/4746 4779/4779/4779 4780/4780/4780
f 4748/4748/4748 4747/4747/4747 4781/4781/4781
f 4747/4747/4747 4780/4780/4780 4781/4781/4781
f 4749/4749/4749 4748/4748/4748 4782/4782/4782
f 4748/4748/4748 4781/4781/4781 4782/4782/4782
f 4750/4750/4750 4749/4749/4749 4783/4783/4783
f 4749/4749/4749 4782/4782/4782 4783/4783/4783
f 4751/4751/4751 4750/4750/4750 4784/4784/4784
f 4750/4750/4750 4783/4783/4783 4784/4784/4784
f 4752/4752/4752 4751/4751/4751 4785/4785/4785
f 4751/4751/4751 4784/4784/4784 4785/4785/4785
f 4753/4753/4753 4752/4752/4752 4786/4786/4786
f 4752/4752/4752 4785/4785/4785 4786/4786/4786
f 4754/4754/4754 4753/4753/4753 4787/4787/4787
f 4753/4753/4753 4786/4786/4786 4787/4787/4787
f 4755/4755/4755 4754/4754/4754 4788/4788/4788
f 4754/4754/4754 4787/4787/4787 4788/4788/4788
f 4756/4756/4756 4755/4755/4755 4789/4789/4789
f 4755/4755/4755 4788/4788/4788 4789/4789/4789
f 4757/4757/4757 4756/4756/4756 4790/4790/4790
f 4756/4756/4756 4789/4789/4789 4790/4790/4790
f 4758/4758/4758 4757/4757/4757 4791/4791/4791
f 4757/4757/4757 4790/4790/4790 4791/4791/4791
f 4759/4759/4759 4758/4758/4758 4792/4792/4792
f 4758/4758/4758 4791/4791/4791 4792/4792/4792
f 4760/4760/4760 4759/4759/4759 4793/4793/4793
f 4759/4759/4759 4792/4792/4792 4793/4793/4793
f 4761/4761/4761 4760/4760/4760 4794/4794/4794
f 4760/4760/4760 4793/4793/4793 4794/4794/4794
f 4762/4762/4762 4761/4761/4761 4795/4795/4795
f 4761/4761/4761 4794/4794/4794 4795/4795/4795
f 4763/4763/4763 4762/4762/4762 4796/4796/4796
f 4762/4762/4762 4795/4795/4795 4796/4796/4796
f 4764/4764/4764 4763/4763/4763 4797/4797/4797
f 4763/4763/4763 4796/4796/4796 4797/4797/4797
f 4765/4765/4765 4764/4764/4764 4798/4798/4798
f 4764/4764/4764 4797/4797/4797 4798/4798/4798
f 4766/4766/4766 4765/4765/4765 4799/4799/4799
f 4765/4765/4765 4798/4798/4798 4799/4799/4799
f 4767/4767/4767 4766/4766/4766 4800/4800/4800
f 4766/4766/4766 4799/4799/4799 4800/4800/4800
f 4768/4768/4768 4767/4767/4767 4801/4801/4801
f 4767/4767/4767 4800/4800/4800 4801/4801/4801
f 4770/4770/4770 4769/4769/4769 4803/4803/4803
f 4769/4769/4769 4802/4802/4802 4803/4803/4803
f 4771/4771/4771 4770/4770/4770 4804/4804/4804
f 4770/4770/4770 4803/4803/4803 4804/4804/4804
f 4772/4772/4772 4771/4771/4771 4805/4805/4805
f 4771/4771/4771 4804/4804/4804 4805/4805/4805
f 4773/4773/4773 4772/4772/4772 4806/4806/4806
f 4772/4772/4772 4805/4805/4805 4806/4806/4806
f 4774/4774/4774 4773/4773/4773 4807/4807/4807
f 4773/4773/4773 4806/4806/4806 4807/4807/4807
f 4775/4775/4775 4774/4774/4774 4808/4808/4808
f 4774/4774/4774 4807/4807/4807 4808/4808/4808
f 4776/4776/4776 4775/4775/4775 4809/4809/4809
f 4775/4775/4775 4808/4808/4808 4809/4809/4809
f 4777/4777/4777 4776/4776/4776 4810/4810/4810
f 4776/4776/4776 4809/4809/4809 4810/4810/4810
f 4778/4778/4778 4777/4777/4777 4811/4811/4811
f 4777/4777/4777 4810/4810/4810 4811/4811/4811
f 4779/4779/4779 4778/4778/4778 4812/4812/4812
f 4778/4778/4778 4811/4811/4811 4812/4812/4812
f 4780/4780/4780 4779/4779/4779 4813/4813/4813
f 4779/4779/4779 4812/4812/4812 4813/4813/4813
f 4781/4781/4781 4780/4780/4780 4814/4814/4814
f 4780/4780/4780 4813/4813/4813 4814/4814/4814
f 4782/4782/4782 4781/4781/4781 4815/4815/4815
f 4781/4781/4781 4814/4814/4814 4815/4815/4815
f 4783/4783/4783 4782/4782/4782 4816/4816/4816
f 4782/4782/4782 4815/4815/4815 4816/4816/4816
f 4784/4784/4784 4783/4783/4783 4817/4817/4817
f 4783/4783/4783 4816/4816/4816 4817/4817/4817
f 4785/4785/4785 4784/4784/4784 4818/4818/4818
f 4784/4784/4784 4817/4817/4817 4818/4818/4818
f 4786/4786/4786 4785/4785/4785 4819/4819/4819
f 4785/4785/4785 4818/4818/4818 4819/4819/4819
f 4787/4787/4787 4786/4786/4786 4820/4820/4820
f 4786/4786/4786 4819/4819/4819 4820/4820/4820
f 4788/4788/4788 4787/4787/4787 4821/4821/4821
f 4787/4787/4787 4820/4820/4820 4821/4821/4821
f 4789/4789/4789 4788/4788/4788 4822/4822/4822
f 4788/4788/4788 4821/4821/4821 4822/4822/4822
f 4790/4790/4790 4789/4789/4789 4823/4823/4823
f 4789/4789/4789 4822/4822/4822 4823/4823/4823
f 4791/4791/4791 4790/4790/4790 4824/4824/4824
f 4790/4790/4790 4823/4823/4823 4824/4824/4824
f 4792/4792/4792 4791/4791/4791 4825/4825/4825
f 4791/4791/4791 4824/4824/4824 4825/4825/4825
f 4793/4793/4793 4792/4792/4792 4826/4826/4826
f 4792/4792/4792 4825/4825/4825 4826/4826/4826
f 4794/4794/4794 4793/4793/4793 4827/4827/4827
f 4793/4793/4793 4826/4826/4826 4827/4827/4827
f 4795/4795/4795 4794/4794/4794 4828/4828/4828
f 4794/4794/4794 4827/4827/4827 4828/4828/4828
f 4796/4796/4796 4795/4795/4795 4829/4829/4829
f 4795/4795/4795 4828/4828/4828 4829/4829/4829
f 4797/4797/4797 4796/4796/4796 4830/4830/4830
f 4796/4796/4796 4829/4829/4829 4830/4830/4830
f 4798/4798/4798 4797/4797/4797 4831/4831/4831
f 4797/4797/4797 4830/4830/4830 4831/4831/4831
f 4799/4799/4799 4798/4798/4798 4832/4832/4832
f 4798/4798/4798 4831/4831/4831 4832/4832/4832
f 4800/4800/4800 4799/4799/4799 4833/4833/4833
f 4799/4799/4799 4832/4832/4832 4833/4833/4833
f 4801/4801/4801 4800/4800/4800 4834/4834/4834
f 4800/4800/4800 4833/4833/4833 4834/4834/4834
f 4803/4803/4803 4802/4802/4802 4836/4836/4836
f 4802/4802/4802 4835/4835/4835 4836/4836/4836
f 4804/4804/4804 4803/4803/4803 4837/4837/4837
f 4803/4803/4803 4836/4836/4836 4837/4837/4837
f 4805/4805/4805 4804/4804/4804 4838/4838/4838
f 4804/4804/4804 4837/4837/4837 4838/4838/4838
f 4806/4806/4806 4805/4805/4805 4839/4839/4839
f 4805/4805/4805 4838/4838/4838 4839/4839/4839
f 4807/4807/4807 4806/4806/4806 4840/4840/4840
f 4806/4806/4806 4839/4839/4839 4840/4840/4840
f 4808/4808/4808 4807/4807/4807 4841/4841/4841
f 4807/4807/4807 4840/4840/4840 4841/4841/4841
f 4809/4809/4809 4808/4808/4808 4842/4842/4842
f 4808/4808/4808 4841/4841/4841 4842/4842/4842
f 4810/4810/4810 4809/4809/4809 4843/4843/4843
f 4809/4809/4809 4842/4842/4842 4843/4843/4843
f 4811/4811/4811 4810/4810/4810 4844/4844/4844
f 4810/4810/4810 4843/4843/4843 4844/4844/4844
f 4812/4812/4812 4811/4811/4811 4845/4845/4845
f 4811/4811/4811 4844/4844/4844 4845/4845/4845
f 4813/4813/4813 4812/4812/4812 4846/4846/4846
f 4812/4812/4812 4845/4845/4845 4846/4846/4846
f 4814/4814/4814 4813/4813/4813 4847/4847/4847
f 4813/4813/4813 4846/4846/4846 4847/4847/4847
f 4815/4815/4815 4814/4814/4814 4848/4848/4848
f 4814/4814/4814 4847/4847/4847 4848/4848/4848
f 4816/4816/4816 4815/4815/4815 4849/4849/4849
f 4815/4815/4815 4848/4848/4848 4849/4849/4849
f 4817/4817/4817 4816/4816/4816 4850/4850/4850
f 4816/4816/4816 4849/4849/4849 4850/4850/4850
f 4818/4818/4818 4817/4817/4817 4851/4851/4851
f 4817/4817/4817 4850/4850/4850 4851/4851/4851
f 4819/4819/4819 4818/4818/4818 4852/4852/4852
f 4818/4818/4818 4851/4851/4851 4852/4852/4852
f 4820/4820/4820 4819/4819/4819 4853/4853/4853
f 4819/4819/4819 4852/4852/4852 4853/4853/4853
f 4821/4821/4821 4820/4820/4820 4854/4854/4854
f 4820/4820/4820 4853/4853/4853 4854/4854/4854
f 4822/4822/4822 4821/4821/4821 4855/4855/4855
f 4821/4821/4821 4854/4854/4854 4855/4855/4855
f 4823/4823/4823 4822/4822/4822 4856/4856/4856
f 4822/4822/4822 4855/4855/4855 4856/4856/4856
f 4824/4824/4824 4823/4823/4823 4857/4857/4857
f 4823/4823/4823 4856/4856/4856 4857/4857/4857
f 4825/4825/4825 4824/4824/4824 4858/4858/4858
f 4824/4824/4824 4857/4857/4857 4858/4858/4858
f 4826/4826/4826 4825/4825/4825 4859/4859/4859
f 4825/4825/4825 4858/4858/4858 4859/4859/4859
f 4827/4827/4827 4826/4826/4826 4860/4860/4860
f 4826/4826/4826 4859/4859/4859 4860/4860/4860
f 4828/4828/4828 4827/4827/4827 4861/4861/4861
f 4827/4827/4827 4860/4860/4860 4861/4861/4861
f 4829/4829/4829 4828/4828/4828 4862/4862/4862
f 4828/4828/4828 4861/4861/4861 4862/4862/4862
f 4830/4830/4830 4829/4829/4829 4863/4863/4863
f 4829/4829/4829 4862/4862/4862 4863/4863/4863
f 4831/4831/4831 4830/4830/4830 4864/4864/4864
f 4830/4830/4830 4863/4863/4863 4864/4864/4864
f 4832/4832/4832 4831/4831/4831 4865/4865/4865
f 4831/4831/4831 4864/4864/4864 4865/4865/4865
f 4833/4833/4833 4832/4832/4832 4866/4866/4866
f 4832/4832/4832 4865/4865/4865 4866/4866/4866
f 4834/4834/4834 4833/4833/4833 4867/4867/4867
f 4833/4833/4833 4866/4866/4866 4867/4867/4867
f 4836/4836/4836 4835/4835/4835 4869/4869/4869
f 4835/4835/4835 4868/4868/4868 4869/4869/4869
f 4837/4837/4837 4836/4836/4836 4870/4870/4870
f 4836/4836/4836 4869/4869/4869 4870/4870/4870
f 4838/4838/4838 4837/4837/4837 4871/4871/4871
f 4837/4837/4837 4870/4870/4870 4871/4871/4871
f 4839/4839/4839 4838/4838/4838 4872/4872/4872
f 4838/4838/4838 4871/4871/4871 4872/4872/4872
f 4840/4840/4840 4839/4839/4839 4873/4873/4873
f 4839/4839/4839 4872/4872/4872 4873/4873/4873
f 4841/4841/4841 4840/4840/4840 4874/4874/4874
f 4840/4840/4840 4873/4873/4873 4874/4874/4874
f 4842/4842/4842 4841/4841/4841 4875/4875/4875
f 4841/4841/4841 4874/4874/4874 4875/4875/4875
f 4843/4843/4843 4842/4842/4842 4876/4876/4876
f 4842/4842/4842 4875/4875/4875 4876/4876/4876
f 4844/4844/4844 4843/4843/4843 4877/4877/4877
f 4843/4843/4843 4876/4876/4876 4877/4877/4877
f 4845/4845/4845 4844/4844/4844 4878/4878/4878
f 4844/4844/4844 4877/4877/4877 4878/4878/4878
f 4846/4846/4846 4845/4845/4845 4879/4879/4879
f 4845/4845/4845 4878/4878/4878 4879/4879/4879
f 4847/4847/4847 4846/4846/4846 4880/4880/4880
f 4846/4846/4846 4879/4879/4879 4880/4880/4880
f 4848/4848/4848 4847/4847/4847 4881/4881/4881
f 4847/4847/4847 4880/4880/4880 4881/4881/4881
f 4849/4849/4849 4848/4848/4848 4882/4882/4882
f 4848/4848/4848 4881/4881/4881 4882/4882/4882
f 4850/4850/4850 4849/4849/4849 4883/4883/4883
f 4849/4849/4849 4882/4882/4882 4883/4883/4883
f 4851/4851/4851 4850/4850/4850 4884/4884/4884
f 4850/4850/4850 4883/4883/4883 4884/4884/4884
f 4852/4852/4852 4851/4851/4851 4885/4885/4885
f 4851/4851/4851 4884/4884/4884 4885/4885/4885
f 4853/4853/4853 4852/4852/4852 4886/4886/4886
f 4852/4852/4852 4885/4885/4885 4886/4886/4886
f 4854/4854/4854 4853/4853/4853 4887/4887/4887
f 4853/4853/4853 4886/4886/4886 4887/4887/4887
f 4855/4855/4855 4854/4854/4854 4888/4888/4888
f 4854/4854/4854 4887/4887/4887 4888/4888/4888
f 4856/4856/4856 4855/4855/4855 4889/4889/4889
f 4855/4855/4855 4888/4888/4888 4889/4889/4889
f 4857/4857/4857 4856/4856/4856 4890/4890/4890
f 4856/4856/4856 4889/4889/4889 4890/4890/4890
f 4858/4858/4858 4857/4857/4857 4891/4891/4891
f 4857/4857/4857 4890/4890/4890 4891/4891/4891
f 4859/4859/4859 4858/4858/4858 4892/4892/4892
f 4858/4858/4858 4891/4891/4891 4892/4892/4892
f 4860/4860/4860 4859/4859/4859 4893/4893/4893
f 4859/4859/4859 4892/4892/4892 4893/4893/4893
f 4861/4861/4861 4860/4860/4860 4894/4894/4894
f 4860/4860/4860 4893/4893/4893 4894/4894/4894
f 4862/4862/4862 4861/4861/4861 4895/4895/4895
f 4861/4861/4861 4894/4894/4894 4895/4895/4895
f 4863/4863/4863 4862/4862/4862 4896/4896/4896
f 4862/4862/4862 4895/4895/4895 4896/4896/4896
f 4864/4864/4864 4863/4863/4863 4897/4897/4897
f 4863/4863/4863 4896/4896/4896 4897/4897/4897
f 4865/4865/4865 4864/4864/4864 4898/4898/4898
f 4864/4864/4864 4897/4897/4897 4898/4898/4898
f 4866/4866/4866 4865/4865/4865 4899/4899/4899
f 4865/4865/4865 4898/4898/4898 4899/4899/4899
f 4867/4867/4867 4866/4866/4866 4900/4900/4900
f 4866/4866/4866 4899/4899/4899 4900/4900/4900
f 4869/4869/4869 4868/4868/4868 4902/4902/4902
f 4868/4868/4868 4901/4901/4901 4902/4902/4902
f 4870/4870/4870 4869/4869/4869 4903/4903/4903
f 4869/4869/4869 4902/4902/4902 4903/4903/4903
f 4871/4871/4871 4870/4870/4870 4904/4904/4904
f 4870/4870/4870 4903/4903/4903 4904/4904/4904
f 4872/4872/4872 4871/4871/4871 4905/4905/4905
f 4871/4871/4871 4904/4904/4904 4905/4905/4905
f 4873/4873/4873 4872/4872/4872 4906/4906/4906
f 4872/4872/4872 4905/4905/4905 4906/4906/4906
f 4874/4874/4874 4873/4873/4873 4907/4907/4907
f 4873/4873/4873 4906/4906/4906 4907/4907/4907
f 4875/4875/4875 4874/4874/4874 4908/4908/4908
f 4874/4874/4874 4907/4907/4907 4908/4908/4908
f 4876/4876/4876 4875/4875/4875 4909/4909/4909
f 4875/4875/4875 4908/4908/4908 4909/4909/4909
f 4877/4877/4877 4876/4876/4876 4910/4910/4910
f 4876/4876/4876 4909/4909/4909 4910/4910/4910
f 4878/4878/4878 4877/4877/4877 4911/4911/4911
f 4877/4877/4877 4910/4910/4910 4911/4911/4911
f 4879/4879/4879 4878/4878/4878 4912/4912/4912
f 4878/4878/4878 4911/4911/4911 4912/4912/4912
f 4880/4880/4880 4879/4879/4879 4913/4913/4913
f 4879/4879/4879 4912/4912/4912 4913/4913/4913
f 4881/4881/4881 4880/4880/4880 4914/4914/4914
f 4880/4880/4880 4913/4913/4913 4914/4914/4914
f 4882/4882/4882 4881/4881/4881 4915/4915/4915
f 4881/4881/4881 4914/4914/4914 4915/4915/4915
f 4883/4883/4883 4882/4882/4882 4916/4916/4916
f 4882/4882/4882 4915/4915/4915 4916/4916/4916
f 4884/4884/4884 4883/4883/4883 4917/4917/4917
f 4883/4883/4883 4916/4916/4916 4917/4917/4917
f 4885/4885/4885 4884/4884/4884 4918/4918/4918
f 4884/4884/4884 4917/4917/4917 4918/4918/4918
f 4886/4886/4886 4885/4885/4885 4919/4919/4919
f 4885/4885/4885 4918/4918/4918 4919/4919/4919
f 4887/4887/4887 4886/4886/4886 4920/4920/4920
f 4886/4886/4886 4919/4919/4919 4920/4920/4920
f 4888/4888/4888 4887/4887/4887 4921/4921/4921
f 4887/4887/4887 4920/4920/4920 4921/4921/4921
f 4889/4889/4889 4888/4888/4888 4922/4922/4922
f 4888/4888/4888 4921/4921/4921 4922/4922/4922
f 4890/4890/4890 4889/4889/4889 4923/4923/4923
f 4889/4889/4889 4922/4922/4922 4923/4923/4923
f 4891/4891/4891 4890/4890/4890 4924/4924/4924
f 4890/4890/4890 4923/4923/4923 4924/4924/4924
f 4892/4892/4892 4891/4891/4891 4925/4925/4925
f 4891/4891/4891 4924/4924/4924 4925/4925/4925
f 4893/4893/4893 4892/4892/4892 4926/4926/4926
f 4892/4892/4892 4925/4925/4925 4926/4926/4926
f 4894/4894/4894 4893/4893/4893 4927/4927/4927
f 4893/4893/4893 4926/4926/4926 4927/4927/4927
f 4895/4895/4895 4894/4894/4894 4928/4928/4928
f 4894/4894/4894 4927/4927/4927 4928/4928/4928
f 4896/4896/4896 4895/4895/4895 4929/4929/4929
f 4895/4895/4895 4928/4928/4928 4929/4929/4929
f 4897/4897/4897 4896/4896/4896 4930/4930/4930
f 4896/4896/4896 4929/4929/4929 4930/4930/4930
f 4898/4898/4898 4897/4897/4897 4931/4931/4931
f 4897/4897/4897 4930/4930/4930 4931/4931/4931
f 4899/4899/4899 4898/4898/4898 4932/4932/4932
f 4898/4898/4898 4931/4931/4931 4932/4932/4932
f 4900/4900/4900 4899/4899/4899 4933/4933/4933
f 4899/4899/4899 4932/4932/4932 4933/4933/4933
f 4902/4902/4902 4901/4901/4901 4935/4935/4935
f 4901/4901/4901 4934/4934/4934 4935/4935/4935
f 4903/4903/4903 4902/4902/4902 4936/4936/4936
f 4902/4902/4902 4935/4935/4935 4936/4936/4936
f 4904/4904/4904 4903/4903/4903 4937/4937/4937
f 4903/4903/4903 4936/4936/4936 4937/4937/4937
f 4905/4905/4905 4904/4904/4904 4938/4938/4938
f 4904/4904/4904 4937/4937/4937 4938/4938/4938
f 4906/4906/4906 4905/4905/4905 4939/4939/4939
f 4905/4905/4905 4938/4938/4938 4939/4939/4939
f 4907/4907/4907 4906/4906/4906 4940/4940/4940
f 4906/4906/4906 4939/4939/4939 4940/4940/4940
f 4908/4908/4908 4907/4907/4907 4941/4941/4941
f 4907/4907/4907 4940/4940/4940 4941/4941/4941
f 4909/4909/4909 4908/4908/4908 4942/4942/4942
f 4908/4908/4908 4941/4941/4941 4942/4942/4942
f 4910/4910/4910 4909/4909/4909 4943/4943/4943
f 4909/4909/4909 4942/4942/4942 4943/4943/4943
f 4911/4911/4911 4910/4910/4910 4944/4944/4944
f 4910/4910/4910 4943/4943/4943 4944/4944/4944
f 4912/4912/4912 4911/4911/4911 4945/4945/4945
f 4911/4911/4911 4944/4944/4944 4945/4945/4945
f 4913/4913/4913 4912/4912/4912 4946/4946/4946
f 4912/4912/4912 4945/4945/4945 4946/4946/4946
f 4914/4914/4914 4913/4913/4913 4947/4947/4947
f 4913/4913/4913 4946/4946/4946 4947/4947/4947
f 4915/4915/4915 4914/4914/4914 4948/4948/4948
f 4914/4914/4914 4947/4947/4947 4948/4948/4948
f 4916/4916/4916 4915/4915/4915 4949/4949/4949
f 4915/4915/4915 4948/4948/4948 4949/4949/4949
f 4917/4917/4917 4916/4916/4916 4950/4950/4950
f 4916/4916/4916 4949/4949/4949 4950/4950/4950
f 4918/4918/4918 4917/4917/4917 4951/4951/4951
f 4917/4917/4917 4950/4950/4950 4951/4951/4951
f 4919/4919/4919 4918/4918/4918 4952/4952/4952
f 4918/4918/4918 4951/4951/4951 4952/4952/4952
f 4920/4920/4920 4919/4919/4919 4953/4953/4953
f 4919/4919/4919 4952/4952/4952 4953/4953/4953
f 4921/4921/4921 4920/4920/4920 4954/4954/4954
f 4920/4920/4920 4953/4953/4953 4954/4954/4954
f 4922/4922/4922 4921/4921/4921 4955/4955/4955
f 4921/4921/4921 4954/4954/4954 4955/4955/4955
f 4923/4923/4923 4922/4922/4922 4956/4956/4956
f 4922/4922/4922 4955/4955/4955 4956/4956/4956
f 4924/4924/4924 4923/4923/4923 4957/4957/4957
f 4923/4923/4923 4956/4956/4956 4957/4957/4957
f 4925/4925/4925 4924/4924/4924 4958/4958/4958
f 4924/4924/4924 4957/4957/4957 4958/4958/4958
f 4926/4926/4926 4925/4925/4925 4959/4959/4959
f 4925/4925/4925 4958/4958/4958 4959/4959/4959
f 4927/4927/4927 4926/4926/4926 4960/4960/4960
f 4926/4926/4926 4959/4959/4959 4960/4960/4960
f 4928/4928/4928 4927/4927/4927 4961/4961/4961
f 4927/4927/4927 4960/4960/4960 4961/4961/4961
f 4929/4929/4929 4928/4928/4928 4962/4962/4962
f 4928/4928/4928 4961/4961/4961 4962/4962/4962
f 4930/4930/4930 4929/4929/4929 4963/4963/4963
f 4929/4929/4929 4962/4962/4962 4963/4963/4963
f 4931/4931/4931 4930/4930/4930 4964/4964/4964
f 4930/4930/4930 4963/4963/4963 4964/4964/4964
f 4932/4932/4932 4931/4931/4931 4965/4965/4965
f 4931/4931/4931 4964/4964/4964 4965/4965/4965
f 4933/4933/4933 4932/4932/4932 4966/4966/4966
f 4932/4932/4932 4965/4965/4965 4966/4966/4966
f 4935/4935/4935 4934/4934/4934 4968/4968/4968
f 4934/4934/4934 4967/4967/4967 4968/4968/4968
f 4936/4936/4936 4935/4935/4935 4969/4969/4969
f 4935/4935/4935 4968/4968/4968 4969/4969/4969
f 4937/4937/4937 4936/4936/4936 4970/4970/4970
f 4936/4936/4936 4969/4969/4969 4970/4970/4970
f 4938/4938/4938 4937/4937/4937 4971/4971/4971
f 4937/4937/4937 4970/4970/4970 4971/4971/4971
f 4939/4939/4939 4938/4938/4938 4972/4972/4972
f 4938/4938/4938 4971/4971/4971 4972/4972/4972
f 4940/4940/4940 4939/4939/4939 4973/4973/4973
f 4939/4939/4939 4972/4972/4972 4973/4973/4973
f 4941/4941/4941 4940/4940/4940 4974/4974/4974
f 4940/4940/4940 4973/4973/4973 4974/4974/4974
f 4942/4942/4942 4941/4941/4941 4975/4975/4975
f 4941/4941/4941 4974/4974/4974 4975/4975/4975
f 4943/4943/4943 4942/4942/4942 4976/4976/4976
f 4942/4942/4942 4975/4975/4975 4976/4976/4976
f 4944/4944/4944 4943/4943/4943 4977/4977/4977
f 4943/4943/4943 4976/4976/4976 4977/4977/4977
f 4945/4945/4945 4944/4944/4944 4978/4978/4978
f 4944/4944/4944 4977/4977/4977 4978/4978/4978
f 4946/4946/4946 4945/4945/4945 4979/4979/4979
f 4945/4945/4945 4978/4978/4978 4979/4979/4979
f 4947/4947/4947 4946/4946/4946 4980/4980/4980
f 4946/4946/4946 4979/4979/4979 4980/4980/4980
f 4948/4948/4948 4947/4947/4947 4981/4981/4981
f 4947/4947/4947 4980/4980/4980 4981/4981/4981
f 4949/4949/4949 4948/4948/4948 4982/4982/4982
f 4948/4948/4948 4981/4981/4981 4982/4982/4982
f 4950/4950/4950 4949/4949/4949 4983/4983/4983
f 4949/4949/4949 4982/4982/4982 4983/4983/4983
f 4951/4951/4951 4950/4950/4950 4984/4984/4984
f 4950/4950/4950 4983/4983/4983 4984/4984/4984
f 4952/4952/4952 4951/4951/4951 4985/4985/4985
f 4951/4951/4951 4984/4984/4984 4985/4985/4985
f 4953/4953/4953 4952/4952/4952 4986/4986/4986
f 4952/4952/4952 4985/4985/4985 4986/4986/4986
f 4954/4954/4954 4953/4953/4953 4987/4987/4987
f 4953/4953/4953 4986/4986/4986 4987/4987/4987
f 4955/4955/4955 4954/4954/4954 4988/4988/4988
f 4954/4954/4954 4987/4987/4987 4988/4988/4988
f 4956/4956/4956 4955/4955/4955 4989/4989/4989
f 4955/4955/4955 4988/4988/4988 4989/4989/4989
f 4957/4957/4957 4956/4956/4956 4990/4990/4990
f 4956/4956/4956 4989/4989/4989 4990/4990/4990
f 4958/4958/4958 4957/4957/4957 4991/4991/4991
f 4957/4957/4957 4990/4990/4990 4991/4991/4991
f 4959/4959/4959 4958/4958/4958 4992/4992/4992
f 4958/4958/4958 4991/4991/4991 4992/4992/4992
f 4960/4960/4960 4959/4959/4959 4993/4993/4993
f 4959/4959/4959 4992/4992/4992 4993/4993/4993
f 4961/4961/4961 4960/4960/4960 4994/4994/4994
f 4960/4960/4960 4993/4993/4993 4994/4994/4994
f 4962/4962/4962 4961/4961/4961 4995/4995/4995
f 4961/4961/4961 4994/4994/4994 4995/4995/4995
f 4963/4963/4963 4962/4962/4962 4996/4996/4996
f 4962/4962/4962 4995/4995/4995 4996/4996/4996
f 4964/4964/4964 4963/4963/4963 4997/4997/4997
f 4963/4963/4963 4996/4996/4996 4997/4997/4997
f 4965/4965/4965 4964/4964/4964 4998/4998/4998
f 4964/4964/4964 4997/4997/4997 4998/4998/4998
f 4966/4966/4966 4965/4965/4965 4999/4999/4999
f 4965/4965/4965 4998/4998/4998 4999/4999/4999
f 4968/4968/4968 4967/4967/4967 5001/5001/5001
f 4967/4967/4967 5000/5000/5000 5001/5001/5001
f 4969/4969/4969 4968/4968/4968 5002/5002/5002
f 4968/4968/4968 5001/5001/5001 5002/5002/5002
f 4970/4970/4970 4969/4969/4969 5003/5003/5003
f 4969/4969/4969 5002/5002/5002 5003/5003/5003
f 4971/4971/4971 4970/4970/4970 5004/5004/5004
f 4970/4970/4970 5003/5003/5003 5004/5004/5004
f 4972/4972/4972 4971/4971/4971 5005/5005/5005
f 4971/4971/4971 5004/5004/5004 5005/5005/5005
f 4973/4973/4973 4972/4972/4972 5006/5006/5006
f 4972/4972/4972 5005/5005/5005 5006/5006/5006
f 4974/4974/4974 4973/4973/4973 5007/5007/5007
f 4973/4973/4973 5006/5006/5006 5007/5007/5007
f 4975/4975/4975 4974/4974/4974 5008/5008/5008
f 4974/4974/4974 5007/5007/5007 5008/5008/5008
f 4976/4976/4976 4975/4975/4975 5009/5009/5009
f 4975/4975/4975 5008/5008/5008 5009/5009/5009
f 4977/4977/4977 4976/4976/4976 5010/5010/5010
f 4976/4976/4976 5009/5009/5009 5010/5010/5010
f 4978/4978/4978 4977/4977/4977 5011/5011/5011
f 4977/4977/4977 5010/5010/5010 5011/5011/5011
f 4979/4979/4979 4978/4978/4978 5012/5012/5012
f 4978/4978/4978 5011/5011/5011 5012/5012/5012
f 4980/4980/4980 4979/4979/4979 5013/5013/5013
f 4979/4979/4979 5012/5012/5012 5013/5013/5013
f 4981/4981/4981 4980/4980/4980 5014/5014/5014
f 4980/4980/4980 5013/5013/5013 5014/5014/5014
f 4982/4982/4982 4981/4981/4981 5015/5015/5015
f 4981/4981/4981 5014/5014/5014 5015/5015/5015
f 4983/4983/4983 4982/4982/4982 5016/5016/5016
f 4982/4982/4982 5015/5015/5015 5016/5016/5016
f 4984/4984/4984 4983/4983/4983 5017/5017/5017
f 4983/4983/4983 5016/5016/5016 5017/5017/5017
f 4985/4985/4985 4984/4984/4984 5018/5018/5018
f 4984/4984/4984 5017/5017/5017 5018/5018/5018
f 4986/4986/4986 4985/4985/4985 5019/5019/5019
f 4985/4985/4985 5018/5018/5018 5019/5019/5019
f 4987/4987/4987 4986/4986/4986 5020/5020/5020
f 4986/4986/4986 5019/5019/5019 5020/5020/5020
f 4988/4988/4988 4987/4987/4987 5021/5021/5021
f 4987/4987/4987 5020/5020/5020 5021/5021/5021
f 4989/4989/4989 4988/4988/4988 5022/5022/5022
f 4988/4988/4988 5021/5021/5021 5022/5022/5022
f 4990/4990/4990 4989/4989/4989 5023/5023/5023
f 4989/4989/4989 5022/5022/5022 5023/5023/5023
f 4991/4991/4991 4990/4990/4990 5024/5024/5024
f 4990/4990/4990 5023/5023/5023 5024/5024/5024
f 4992/4992/4992 4991/4991/4991 5025/5025/5025
f 4991/4991/4991 5024/5024/5024 5025/5025/5025
f 4993/4993/4993 4992/4992/4992 5026/5026/5026
f 4992/4992/4992 5025/5025/5025 5026/5026/5026
f 4994/4994/4994 4993/4993/4993 5027/5027/5027
f 4993/4993/4993 5026/5026/5026 5027/5027/5027
f 4995/4995/4995 4994/4994/4994 5028/5028/5028
f 4994/4994/4994 5027/5027/5027 5028/5028/5028
f 4996/4996/4996 4995/4995/4995 5029/5029/5029
f 4995/4995/4995 5028/5028/5028 5029/5029/5029
f 4997/4997/4997 4996/4996/4996 5030/5030/5030
f 4996/4996/4996 5029/5029/5029 5030/5030/5030
f 4998/4998/4998 4997/4997/4997 5031/5031/5031
f 4997/4997/4997 5030/5030/5030 5031/5031/5031
f 4999/4999/4999 4998/4998/4998 5032/5032/5032
f 4998/4998/4998 5031/5031/5031 5032/5032/5032
f 5001/5001/5001 5000/5000/5000 5034/5034/5034
f 5000/5000/5000 5033/5033/5033 5034/5034/5034
f 5002/5002/5002 5001/5001/5001 5035/5035/5035
f 5001/5001/5001 5034/5034/5034 5035/5035/5035
f 5003/5003/5003 5002/5002/5002 5036/5036/5036
f 5002/5002/5002 5035/5035/5035 5036/5036/5036
f 5004/5004/5004 5003/5003/5003 5037/5037/5037
f 5003/5003/5003 5036/5036/5036 5037/5037/5037
f 5005/5005/5005 5004/5004/5004 5038/5038/5038
f 5004/5004/5004 5037/5037/5037 5038/5038/5038
f 5006/5006/5006 5005/5005/5005 5039/5039/5039
f 5005/5005/5005 5038/5038/5038 5039/5039/5039
f 5007/5007/5007 5006/5006/5006 5040/5040/5040
f 5006/5006/5006 5039/5039/5039 5040/5040/5040
f 5008/5008/5008 5007/5007/5007 5041/5041/5041
f 5007/5007/5007 5040/5040/5040 5041/5041/5041
f 5009/5009/5009 5008/5008/5008 5042/5042/5042
f 5008/5008/5008 5041/5041/5041 5042/5042/5042
f 5010/5010/5010 5009/5009/5009 5043/5043/5043
f 5009/5009/5009 5042/5042/5042 5043/5043/5043
f 5011/5011/5011 5010/5010/5010 5044/5044/5044
f 5010/5010/5010 5043/5043/5043 5044/5044/5044
f 5012/5012/5012 5011/5011/5011 5045/5045/5045
f 5011/5011/5011 5044/5044/5044 5045/5045/5045
f 5013/5013/5013 5012/5012/5012 5046/5046/5046
f 5012/5012/5012 5045/5045/5045 5046/5046/5046
f 5014/5014/5014 5013/5013/5013 5047/5047/5047
f 5013/5013/5013 5046/5046/5046 5047/5047/5047
f 5015/5015/5015 5014/5014/5014 5048/5048/5048
f 5014/5014/5014 5047/5047/5047 5048/5048/5048
f 5016/5016/5016 5015/5015/5015 5049/5049/5049
f 5015/5015/5015 5048/5048/5048 5049/5049/5049
f 5017/5017/5017 5016/5016/5016 5050/5050/5050
f 5016/5016/5016 5049/5049/5049 5050/5050/5050
f 5018/5018/5018 5017/5017/5017 5051/5051/5051
f 5017/5017/5017 5050/5050/5050 5051/5051/5051
f 5019/5019/5019 5018/5018/5018 5052/5052/5052
f 5018/5018/5018 5051/5051/5051 5052/5052/5052
f 5020/5020/5020 5019/5019/5019 5053/5053/5053
f 5019/5019/5019 5052/5052/5052 5053/5053/5053
f 5021/5021/5021 5020/5020/5020 5054/5054/5054
f 5020/5020/5020 5053/5053/5053 5054/5054/5054
f 5022/5022/5022 5021/5021/5021 5055/5055/5055
f 5021/5021/5021 5054/5054/5054 5055/5055/5055
f 5023/5023/5023 5022/5022/5022 5056/5056/5056
f 5022/5022/5022 5055/5055/5055 5056/5056/5056
f 5024/5024/5024 5023/5023/5023 5057/5057/5057
f 5023/5023/5023 5056/5056/5056 5057/5057/5057
f 5025/5025/5025 5024/5024/5024 5058/5058/5058
f 5024/5024/5024 5057/5057/5057 5058/5058/5058
f 5026/5026/5026 5025/5025/5025 5059/5059/5059
f 5025/5025/5025 5058/5058/5058 5059/5059/5059
f 5027/5027/5027 5026/5026/5026 5060/5060/5060
f 5026/5026/5026 5059/5059/5059 5060/5060/5060
f 5028/5028/5028 5027/5027/5027 5061/5061/5061
f 5027/5027/5027 5060/5060/5060 5061/5061/5061
f 5029/5029/5029 5028/5028/5028 5062/5062/5062
f 5028/5028/5028 5061/5061/5061 5062/5062/5062
f 5030/5030/5030 5029/5029/5029 5063/5063/5063
f 5029/5029/5029 5062/5062/5062 5063/5063/5063
f 5031/5031/5031 5030/5030/5030 5064/5064/5064
f 5030/5030/5030 5063/5063/5063 5064/5064/5064
f 5032/5032/5032 5031/5031/5031 5065/5065/5065
f 5031/5031/5031 5064/5064/5064 5065/5065/5065
f 5034/5034/5034 5033/5033/5033 5067/5067/5067
f 5033/5033/5033 5066/5066/5066 5067/5067/5067
f 5035/5035/5035 5034/5034/5034 5068/5068/5068
f 5034/5034/5034 5067/5067/5067 5068/5068/5068
f 5036/5036/5036 5035/5035/5035 5069/5069/5069
f 5035/5035/5035 5068/5068/5068 5069/5069/5069
f 5037/5037/5037 5036/5036/5036 5070/5070/5070
f 5036/5036/5036 5069/5069/5069 5070/5070/5070
f 5038/5038/5038 5037/5037/5037 5071/5071/5071
f 5037/5037/5037 5070/5070/5070 5071/5071/5071
f 5039/5039/5039 5038/5038/5038 5072/5072/5072
f 5038/5038/5038 5071/5071/5071 5072/5072/5072
f 5040/5040/5040 5039/5039/5039 5073/5073/5073
f 5039/5039/5039 5072/5072/5072 5073/5073/5073
f 5041/5041/5041 5040/5040/5040 5074/5074/5074
f 5040/5040/5040 5073/5073/5073 5074/5074/5074
f 5042/5042/5042 5041/5041/5041 5075/5075/5075
f 5041/5041/5041 5074/5074/5074 5075/5075/5075
f 5043/5043/5043 5042/5042/5042 5076/5076/5076
f 5042/5042/5042 5075/5075/5075 5076/5076/5076
f 5044/5044/5044 5043/5043/5043 5077/5077/5077
f 5043/5043/5043 5076/5076/5076 5077/5077/5077
f 5045/5045/5045 5044/5044/5044 5078/5078/5078
f 5044/5044/5044 5077/5077/5077 5078/5078/5078
f 5046/5046/5046 5045/5045/5045 5079/5079/5079
f 5045/5045/5045 5078/5078/5078 5079/5079/5079
f 5047/5047/5047 5046/5046/5046 5080/5080/5080
f 5046/5046/5046 5079/5079/5079 5080/5080/5080
f 5048/5048/5048 5047/5047/5047 5081/5081/5081
f 5047/5047/5047 5080/5080/5080 5081/5081/5081
f 5049/5049/5049 5048/5048/5048 5082/5082/5082
f 5048/5048/5048 5081/5081/5081 5082/5082/5082
f 5050/5050/5050 5049/5049/5049 5083/5083/5083
f 5049/5049/5049 5082/5082/5082 5083/5083/5083
f 5051/5051/5051 5050/5050/5050 5084/5084/5084
f 5050/5050/5050 5083/5083/5083 5084/5084/5084
f 5052/5052/5052 5051/5051/5051 5085/5085/5085
f 5051/5051/5051 5084/5084/5084 5085/5085/5085
f 5053/5053/5053 5052/5052/5052 5086/5086/5086
f 5052/5052/5052 5085/5085/5085 5086/5086/5086
f 5054/5054/5054 5053/5053/5053 5087/5087/5087
f 5053/5053/5053 5086/5086/5086 5087/5087/5087
f 5055/5055/5055 5054/5054/5054 5088/5088/5088
f 5054/5054/5054 5087/5087/5087 5088/5088/5088
f 5056/5056/5056 5055/5055/5055 5089/5089/5089
f 5055/5055/5055 5088/5088/5088 5089/5089/5089
f 5057/5057/5057 5056/5056/5056 5090/5090/5090
f 5056/5056/5056 5089/5089/5089 5090/5090/5090
f 5058/5058/5058 5057/5057/5057 5091/5091/5091
f 5057/5057/5057 5090/5090/5090 5091/5091/5091
f 5059/5059/5059 5058/5058/5058 5092/5092/5092
f 5058/5058/5058 5091/5091/5091 5092/5092/5092
f 5060/5060/5060 5059/5059/5059 5093/5093/5093
f 5059/5059/5059 5092/5092/5092 5093/5093/5093
f 5061/5061/5061 5060/5060/5060 5094/5094/5094
f 5060/5060/5060 5093/5093/5093 5094/5094/5094
f 5062/5062/5062 5061/5061/5061 5095/5095/5095
f 5061/5061/5061 5094/5094/5094 5095/5095/5095
f 5063/5063/5063 5062/5062/5062 5096/5096/5096
f 5062/5062/5062 5095/5095/5095 5096/5096/5096
f 5064/5064/5064 5063/5063/5063 5097/5097/5097
f 5063/5063/5063 5096/5096/5096 5097/5097/5097
f 5065/5065/5065 5064/5064/5064 5098/5098/5098
f 5064/5064/5064 5097/5097/5097 5098/5098/5098
f 5067/5067/5067 5066/5066/5066 5100/5100/5100
f 5066/5066/5066 5099/5099/5099 5100/5100/5100
f 5068/5068/5068 5067/5067/5067 5101/5101/5101
f 5067/5067/5067 5100/5100/5100 5101/5101/5101
f 5069/5069/5069 5068/5068/5068 5102/5102/5102
f 5068/5068/5068 5101/5101/5101 5102/5102/5102
f 5070/5070/5070 5069/5069/5069 5103/5103/5103
f 5069/5069/5069 5102/5102/5102 5103/5103/5103
f 5071/5071/5071 5070/5070/5070 5104/5104/5104
f 5070/5070/5070 5103/5103/5103 5104/5104/5104
f 5072/5072/5072 5071/5071/5071 5105/5105/5105
f 5071/5071/5071 5104/5104/5104 5105/5105/5105
f 5073/5073/5073 5072/5072/5072 5106/5106/5106
f 5072/5072/5072 5105/5105/5105 5106/5106/5106
f 5074/5074/5074 5073/5073/5073 5107/5107/5107
f 5073/5073/5073 5106/5106/5106 5107/5107/5107
f 5075/5075/5075 5074/5074/5074 5108/5108/5108
f 5074/5074/5074 5107/5107/5107 5108/5108/5108
f 5076/5076/5076 5075/5075/5075 5109/5109/5109
f 5075/5075/5075 5108/5108/5108 5109/5109/5109
f 5077/5077/5077 5076/5076/5076 5110/5110/5110
f 5076/5076/5076 5109/5109/5109 5110/5110/5110
f 5078/5078/5078 5077/5077/5077 5111/5111/5111
f 5077/5077/5077 5110/5110/5110 5111/5111/5111
f 5079/5079/5079 5078/5078/5078 5112/5112/5112
f 5078/5078/5078 5111/5111/5111 5112/5112/5112
f 5080/5080/5080 5079/5079/5079 5113/5113/5113
f 5079/5079/5079 5112/5112/5112 5113/5113/5113
f 5081/5081/5081 5080/5080/5080 5114/5114/5114
f 5080/5080/5080 5113/5113/5113 5114/5114/5114
f 5082/5082/5082 5081/5081/5081 5115/5115/5115
f 5081/5081/5081 5114/5114/5114 5115/5115/5115
f 5083/5083/5083 5082/5082/5082 5116/5116/5116
f 5082/5082/5082 5115/5115/5115 5116/5116/5116
f 5084/5084/5084 5083/5083/5083 5117/5117/5117
f 5083/5083/5083 5116/5116/5116 5117/5117/5117
f 5085/5085/5085 5084/5084/5084 5118/5118/5118
f 5084/5084/5084 5117/5117/5117 5118/5118/5118
f 5086/5086/5086 5085/5085/5085 5119/5119/5119
f 5085/5085/5085 5118/5118/5118 5119/5119/5119
f 5087/5087/5087 5086/5086/5086 5120/5120/5120
f 5086/5086/5086 5119/5119/5119 5120/5120/5120
f 5088/5088/5088 5087/5087/5087 5121/5121/5121
f 5087/5087/5087 5120/5120/5120 5121/5121/5121
f 5089/5089/5089 5088/5088/5088 5122/5122/5122
f 5088/5088/5088 5121/5121/5121 5122/5122/5122
f 5090/5090/5090 5089/5089/5089 5123/5123/5123
f 5089/5089/5089 5122/5122/5122 5123/5123/5123
f 5091/5091/5091 5090/5090/5090 5124/5124/5124
f 5090/5090/5090 5123/5123/5123 5124/5124/5124
f 5092/5092/5092 5091/5091/5091 5125/5125/5125
f 5091/5091/5091 5124/5124/5124 5125/5125/5125
f 5093/5093/5093 5092/5092/5092 5126/5126/5126
f 5092/5092/5092 5125/5125/5125 5126/5126/5126
f 5094/5094/5094 5093/5093/5093 5127/5127/5127
f 5093/5093/5093 5126/5126/5126 5127/5127/5127
f 5095/5095/5095 5094/5094/5094 5128/5128/5128
f 5094/5094/5094 5127/5127/5127 5128/5128/5128
f 5096/5096/5096 5095/5095/5095 5129/5129/5129
f 5095/5095/5095 5128/5128/5128 5129/5129/5129
f 5097/5097/5097 5096/5096/5096 5130/5130/5130
f 5096/5096/5096 5129/5129/5129 5130/5130/5130
f 5098/5098/5098 5097/5097/5097 5131/5131/5131
f 5097/5097/5097 5130/5130/5130 5131/5131/5131
f 5100/5100/5100 5099/5099/5099 5133/5133/5133
f 5099/5099/5099 5132/5132/5132 5133/5133/5133
f 5101/5101/5101 5100/5100/5100 5134/5134/5134
f 5100/5100/5100 5133/5133/5133 5134/5134/5134
f 5102/5102/5102 5101/5101/5101 5135/5135/5135
f 5101/5101/5101 5134/5134/5134 5135/5135/5135
f 5103/5103/5103 5102/5102/5102 5136/5136/5136
f 5102/5102/5102 5135/5135/5135 5136/5136/5136
f 5104/5104/5104 5103/5103/5103 5137/5137/5137
f 5103/5103/5103 5136/5136/5136 5137/5137/5137
f 5105/5105/5105 5104/5104/5104 5138/5138/5138
f 5104/5104/5104 5137/5137/5137 5138/5138/5138
f 5106/5106/5106 5105/5105/5105 5139/5139/5139
f 5105/5105/5105 5138/5138/5138 5139/5139/5139
f 5107/5107/5107 5106/5106/5106 5140/5140/5140
f 5106/5106/5106 5139/5139/5139 5140/5140/5140
f 5108/5108/5108 5107/5107/5107 5141/5141/5141
f 5107/5107/5107 5140/5140/5140 5141/5141/5141
f 5109/5109/5109 5108/5108/5108 5142/5142/5142
f 5108/5108/5108 5141/5141/5141 5142/5142/5142
f 5110/5110/5110 5109/5109/5109 5143/5143/5143
f 5109/5109/5109 5142/5142/5142 5143/5143/5143
f 5111/5111/5111 5110/5110/5110 5144/5144/5144
f 5110/5110/5110 5143/5143/5143 5144/5144/5144
f 5112/5112/5112 5111/5111/5111 5145/5145/5145
f 5111/5111/5111 5144/5144/5144 5145/5145/5145
f 5113/5113/5113 5112/5112/5112 5146/5146/5146
f 5112/5112/5112 5145/5145/5145 5146/5146/5146
f 5114/5114/5114 5113/5113/5113 5147/5147/5147
f 5113/5113/5113 5146/5146/5146 5147/5147/5147
f 5115/5115/5115 5114/5114/5114 5148/5148/5148
f 5114/5114/5114 5147/5147/5147 5148/5148/5148
f 5116/5116/5116 5115/5115/5115 5149/5149/5149
f 5115/5115/5115 5148/5148/5148 5149/5149/5149
f 5117/5117/5117 5116/5116/5116 5150/5150/5150
f 5116/5116/5116 5149/5149/5149 5150/5150/5150
f 5118/5118/5118 5117/5117/5117 5151/5151/5151
f 5117/5117/5117 5150/5150/5150 5151/5151/5151
f 5119/5119/5119 5118/5118/5118 5152/5152/5152
f 5118/5118/5118 5151/5151/5151 5152/5152/5152
f 5120/5120/5120 5119/5119/5119 5153/5153/5153
f 5119/5119/5119 5152/5152/5152 5153/5153/5153
f 5121/5121/5121 5120/5120/5120 5154/5154/5154
f 5120/5120/5120 5153/5153/5153 5154/5154/5154
f 5122/5122/5122 5121/5121/5121 5155/5155/5155
f 5121/5121/5121 5154/5154/5154 5155/5155/5155
f 5123/5123/5123 5122/5122/5122 5156/5156/5156
f 5122/5122/5122 5155/5155/5155 5156/5156/5156
f 5124/5124/5124 5123/5123/5123 5157/5157/5157
f 5123/5123/5123 5156/5156/5156 5157/5157/5157
f 5125/5125/5125 5124/5124/5124 5158/5158/5158
f 5124/5124/5124 5157/5157/5157 5158/5158/5158
f 5126/5126/5126 5125/5125/5125 5159/5159/5159
f 5125/5125/5125 5158/5158/5158 5159/5159/5159
f 5127/5127/5127 5126/5126/5126 5160/5160/5160
f 5126/5126/5126 5159/5159/5159 5160/5160/5160
f 5128/5128/5128 5127/5127/5127 5161/5161/5161
f 5127/5127/5127 5160/5160/5160 5161/5161/5161
f 5129/5129/5129 5128/5128/5128 5162/5162/5162
f 5128/5128/5128 5161/5161/5161 5162/5162/5162
f 5130/5130/5130 5129/5129/5129 5163/5163/5163
f 5129/5129/5129 5162/5162/5162 5163/5163/5163
f 5131/5131/5131 5130/5130/5130 5164/5164/5164
f 5130/5130/5130 5163/5163/5163 5164/5164/5164
f 5133/5133/5133 5132/5132/5132 5166/5166/5166
f 5132/5132/5132 5165/5165/5165 5166/5166/5166
f 5134/5134/5134 5133/5133/5133 5167/5167/5167
f 5133/5133/5133 5166/5166/5166 5167/5167/5167
f 5135/5135/5135 5134/5134/5134 5168/5168/5168
f 5134/5134/5134 5167/5167/5167 5168/5168/5168
f 5136/5136/5136 5135/5135/5135 5169/5169/5169
f 5135/5135/5135 5168/5168/5168 5169/5169/5169
f 5137/5137/5137 5136/5136/5136 5170/5170/5170
f 5136/5136/5136 5169/5169/5169 5170/5170/5170
f 5138/5138/5138 5137/5137/5137 5171/5171/5171
f 5137/5137/5137 5170/5170/5170 5171/5171/5171
f 5139/5139/5139 5138/5138/5138 5172/5172/5172
f 5138/5138/5138 5171/5171/5171 5172/5172/5172
f 5140/5140/5140 5139/5139/5139 5173/5173/5173
f 5139/5139/5139 5172/5172/5172 5173/5173/5173
f 5141/5141/5141 5140/5140/5140 5174/5174/5174
f 5140/5140/5140 5173/5173/5173 5174/5174/5174
f 5142/5142/5142 5141/5141/5141 5175/5175/5175
f 5141/5141/5141 5174/5174/5174 5175/5175/5175
f 5143/5143/5143 5142/5142/5142 5176/5176/5176
f 5142/5142/5142 5175/5175/5175 5176/5176/5176
f 5144/5144/5144 5143/5143/5143 5177/5177/5177
f 5143/5143/5143 5176/5176/5176 5177/5177/5177
f 5145/5145/5145 5144/5144/5144 5178/5178/5178
f 5144/5144/5144 5177/5177/5177 5178/5178/5178
f 5146/5146/5146 5145/5145/5145 5179/5179/5179
f 5145/5145/5145 5178/5178/5178 5179/5179/5179
f 5147/5147/5147 5146/5146/5146 5180/5180/5180
f 5146/5146/5146 5179/5179/5179 5180/5180/5180
f 5148/5148/5148 5147/5147/5147 5181/5181/5181
f 5147/5147/5147 5180/5180/5180 5181/5181/5181
f 5149/5149/5149 5148/5148/5148 5182/5182/5182
f 5148/5148/5148 5181/5181/5181 5182/5182/5182
f 5150/5150/5150 5149/5149/5149 5183/5183/5183
f 5149/5149/5149 5182/5182/5182 5183/5183/5183
f 5151/5151/5151 5150/5150/5150 5184/5184/5184
f 5150/5150/5150 5183/5183/5183 5184/5184/5184
f 5152/5152/5152 5151/5151/5151 5185/5185/5185
f 5151/5151/5151 5184/5184/5184 5185/5185/5185
f 5153/5153/5153 5152/5152/5152 5186/5186/5186
f 5152/5152/5152 5185/5185/5185 5186/5186/5186
f 5154/5154/5154 5153/5153/5153 5187/5187/5187
f 5153/5153/5153 5186/5186/5186 5187/5187/5187
f 5155/5155/5155 5154/5154/5154 5188/5188/5188
f 5154/5154/5154 5187/5187/5187 5188/5188/5188
f 5156/5156/5156 5155/5155/5155 5189/5189/5189
f 5155/5155/5155 5188/5188/5188 5189/5189/5189
f 5157/5157/5157 5156/5156/5156 5190/5190/5190
f 5156/5156/5156 5189/5189/5189 5190/5190/5190
f 5158/5158/5158 5157/5157/5157 5191/5191/5191
f 5157/5157/5157 5190/5190/5190 5191/5191/5191
f 5159/5159/5159 5158/5158/5158 5192/5192/5192
f 5158/5158/5158 5191/5191/5191 5192/5192/5192
f 5160/5160/5160 5159/5159/5159 5193/5193/5193
f 5159/5159/5159 5192/5192/5192 5193/5193/5193
f 5161/5161/5161 5160/5160/5160 5194/5194/5194
f 5160/5160/5160 5193/5193/5193 5194/5194/5194
f 5162/5162/5162 5161/5161/5161 5195/5195/5195
f 5161/5161/5161 5194/5194/5194 5195/5195/5195
f 5163/5163/5163 5162/5162/5162 5196/5196/5196
f 5162/5162/5162 5195/5195/5195 5196/5196/5196
f 5164/5164/5164 5163/5163/5163 5197/5197/5197
f 5163/5163/5163 5196/5196/5196 5197/5197/5197
f 5166/5166/5166 5165/5165/5165 5199/5199/5199
f 5165/5165/5165 5198/5198/5198 5199/5199/5199
f 5167/5167/5167 5166/5166/5166 5200/5200/5200
f 5166/5166/5166 5199/5199/5199 5200/5200/5200
f 5168/5168/5168 5167/5167/5167 5201/5201/5201
f 5167/5167/5167 5200/5200/5200 5201/5201/5201
f 5169/5169/5169 5168/5168/5168 5202/5202/5202
f 5168/5168/5168 5201/5201/5201 5202/5202/5202
f 5170/5170/5170 5169/5169/5169 5203/5203/5203
f 5169/5169/5169 5202/5202/5202 5203/5203/5203
f 5171/5171/5171 5170/5170/5170 5204/5204/5204
f 5170/5170/5170 5203/5203/5203 5204/5204/5204
f 5172/5172/5172 5171/5171/5171 5205/5205/5205
f 5171/5171/5171 5204/5204/5204 5205/5205/5205
f 5173/5173/5173 5172/5172/5172 5206/5206/5206
f 5172/5172/5172 5205/5205/5205 5206/5206/5206
f 5174/5174/5174 5173/5173/5173 5207/5207/5207
f 5173/5173/5173 5206/5206/5206 5207/5207/5207
f 5175/5175/5175 5174/5174/5174 5208/5208/5208
f 5174/5174/5174 5207/5207/5207 5208/5208/5208
f 5176/5176/5176 5175/5175/5175 5209/5209/5209
f 5175/5175/5175 5208/5208/5208 5209/5209/5209
f 5177/5177/5177 5176/5176/5176 5210/5210/5210
f 5176/5176/5176 5209/5209/5209 5210/5210/5210
f 5178/5178/5178 5177/5177/5177 5211/5211/5211
f 5177/5177/5177 5210/5210/5210 5211/5211/5211
f 5179/5179/5179 5178/5178/5178 5212/5212/5212
f 5178/5178/5178 5211/5211/5211 5212/5212/5212
f 5180/5180/5180 5179/5179/5179 5213/5213/5213
f 5179/5179/5179 5212/5212/5212 5213/5213/5213
f 5181/5181/5181 5180/5180/5180 5214/5214/5214
f 5180/5180/5180 5213/5213/5213 5214/5214/5214
f 5182/5182/5182 5181/5181/5181 5215/5215/5215
f 5181/5181/5181 5214/5214/5214 5215/5215/5215
f 5183/5183/5183 5182/5182/5182 5216/5216/5216
f 5182/5182/5182 5215/5215/5215 5216/5216/5216
f 5184/5184/5184 5183/5183/5183 5217/5217/5217
f 5183/5183/5183 5216/5216/5216 5217/5217/5217
f 5185/5185/5185 5184/5184/5184 5218/5218/5218
f 5184/5184/5184 5217/5217/5217 5218/5218/5218
f 5186/5186/5186 5185/5185/5185 5219/5219/5219
f 5185/5185/5185 5218/5218/5218 5219/5219/5219
f 5187/5187/5187 5186/5186/5186 5220/5220/5220
f 5186/5186/5186 5219/5219/5219 5220/5220/5220
f 5188/5188/5188 5187/5187/5187 5221/5221/5221
f 5187/5187/5187 5220/5220/5220 5221/5221/5221
f 5189/5189/5189 5188/5188/5188 5222/5222/5222
f 5188/5188/5188 5221/5221/5221 5222/5222/5222
f 5190/5190/5190 5189/5189/5189 5223/5223/5223
f 5189/5189/5189 5222/5222/5222 5223/5223/5223
f 5191/5191/5191 5190/5190/5190 5224/5224/5224
f 5190/5190/5190 5223/5223/5223 5224/5224/5224
f 5192/5192/5192 5191/5191/5191 5225/5225/5225
f 5191/5191/5191 5224/5224/5224 5225/5225/5225
f 5193/5193/5193 5192/5192/5192 5226/5226/5226
f 5192/5192/5192 5225/5225/5225 5226/5226/5226
f 5194/5194/5194 5193/5193/5193 5227/5227/5227
f 5193/5193/5193 5226/5226/5226 5227/5227/5227
f 5195/5195/5195 5194/5194/5194 5228/5228/5228
f 5194/5194/5194 5227/5227/5227 5228/5228/5228
f 5196/5196/5196 5195/5195/5195 5229/5229/5229
f 5195/5195/5195 5228/5228/5228 5229/5229/5229
f 5197/5197/5197 5196/5196/5196 5230/5230/5230
f 5196/5196/5196 5229/5229/5229 5230/5230/5230
f 5199/5199/5199 5198/5198/5198 5232/5232/5232
f 5198/5198/5198 5231/5231/5231 5232/5232/5232
f 5200/5200/5200 5199/5199/5199 5233/5233/5233
f 5199/5199/5199 5232/5232/5232 5233/5233/5233
f 5201/5201/5201 5200/5200/5200 5234/5234/5234
f 5200/5200/5200 5233/5233/5233 5234/5234/5234
f 5202/5202/5202 5201/5201/5201 5235/5235/5235
f 5201/5201/5201 5234/5234/5234 5235/5235/5235
f 5203/5203/5203 5202/5202/5202 5236/5236/5236
f 5202/5202/5202 5235/5235/5235 5236/5236/5236
f 5204/5204/5204 5203/5203/5203 5237/5237/5237
f 5203/5203/5203 5236/5236/5236 5237/5237/5237
f 5205/5205/5205 5204/5204/5204 5238/5238/5238
f 5204/5204/5204 5237/5237/5237 5238/5238/5238
f 5206/5206/5206 5205/5205/5205 5239/5239/5239
f 5205/5205/5205 5238/5238/5238 5239/5239/5239
f 5207/5207/5207 5206/5206/5206 5240/5240/5240
f 5206/5206/5206 5239/5239/5239 5240/5240/5240
f 5208/5208/5208 5207/5207/5207 5241/5241/5241
f 5207/5207/5207 5240/5240/5240 5241/5241/5241
f 5209/5209/5209 5208/5208/5208 5242/5242/5242
f 5208/5208/5208 5241/5241/5241 5242/5242/5242
f 5210/5210/5210 5209/5209/5209 5243/5243/5243
f 5209/5209/5209 5242/5242/5242 5243/5243/5243
f 5211/5211/5211 5210/5210/5210 5244/5244/5244
f 5210/5210/5210 5243/5243/5243 5244/5244/5244
f 5212/5212/5212 5211/5211/5211 5245/5245/5245
f 5211/5211/5211 5244/5244/5244 5245/5245/5245
f 5213/5213/5213 5212/5212/5212 5246/5246/5246
f 5212/5212/5212 5245/5245/5245 5246/5246/5246
f 5214/5214/5214 5213/5213/5213 5247/5247/5247
f 5213/5213/5213 5246/5246/5246 5247/5247/5247
f 5215/5215/5215 5214/5214/5214 5248/5248/5248
f 5214/5214/5214 5247/5247/5247 5248/5248/5248
f 5216/5216/5216 5215/5215/5215 5249/5249/5249
f 5215/5215/5215 5248/5248/5248 5249/5249/5249
f 5217/5217/5217 5216/5216/5216 5250/5250/5250
f 5216/5216/5216 5249/5249/5249 5250/5250/5250
f 5218/5218/5218 5217/5217/5217 5251/5251/5251
f 5217/5217/5217 5250/5250/5250 5251/5251/5251
f 5219/5219/5219 5218/5218/5218 5252/5252/5252
f 5218/5218/5218 5251/5251/5251 5252/5252/5252
f 5220/5220/5220 5219/5219/5219 5253/5253/5253
f 5219/5219/5219 5252/5252/5252 5253/5253/5253
f 5221/5221/5221 5220/5220/5220 5254/5254/5254
f 5220/5220/5220 5253/5253/5253 5254/5254/5254
f 5222/5222/5222 5221/5221/5221 5255/5255/5255
f 5221/5221/5221 5254/5254/5254 5255/5255/5255
f 5223/5223/5223 5222/5222/5222 5256/5256/5256
f 5222/5222/5222 5255/5255/5255 5256/5256/5256
f 5224/5224/5224 5223/5223/5223 5257/5257/5257
f 5223/5223/5223 5256/5256/5256 5257/5257/5257
f 5225/5225/5225 5224/5224/5224 5258/5258/5258
f 5224/5224/5224 5257/5257/5257 5258/5258/5258
f 5226/5226/5226 5225/5225/5225 5259/5259/5259
f 5225/5225/5225 5258/5258/5258 5259/5259/5259
f 5227/5227/5227 5226/5226/5226 5260/5260/5260
f 5226/5226/5226 5259/5259/5259 5260/5260/5260
f 5228/5228/5228 5227/5227/5227 5261/5261/5261
f 5227/5227/5227 5260/5260/5260 5261/5261/5261
f 5229/5229/5229 5228/5228/5228 5262/5262/5262
f 5228/5228/5228 5261/5261/5261 5262/5262/5262
f 5230/5230/5230 5229/5229/5229 5263/5263/5263
f 5229/5229/5229 5262/5262/5262 5263/5263/5263
f 5232/5232/5232 5231/5231/5231 5265/5265/5265
f 5231/5231/5231 5264/5264/5264 5265/5265/5265
f 5233/5233/5233 5232/5232/5232 5266/5266/5266
f 5232/5232/5232 5265/5265/5265 5266/5266/5266
f 5234/5234/5234 5233/5233/5233 5267/5267/5267
f 5233/5233/5233 5266/5266/5266 5267/5267/5267
f 5235/5235/5235 5234/5234/5234 5268/5268/5268
f 5234/5234/5234 5267/5267/5267 5268/5268/5268
f 5236/5236/5236 5235/5235/5235 5269/5269/5269
f 5235/5235/5235 5268/5268/5268 5269/5269/5269
f 5237/5237/5237 5236/5236/5236 5270/5270/5270
f 5236/5236/5236 5269/5269/5269 5270/5270/5270
f 5238/5238/5238 5237/5237/5237 5271/5271/5271
f 5237/5237/5237 5270/5270/5270 5271/5271/5271
f 5239/5239/5239 5238/5238/5238 5272/5272/5272
f 5238/5238/5238 5271/5271/5271 5272/5272/5272
f 5240/5240/5240 5239/5239/5239 5273/5273/5273
f 5239/5239/5239 5272/5272/5272 5273/5273/5273
f 5241/5241/5241 5240/5240/5240 5274/5274/5274
f 5240/5240/5240 5273/5273/5273 5274/5274/5274
f 5242/5242/5242 5241/5241/5241 5275/5275/5275
f 5241/5241/5241 5274/5274/5274 5275/5275/5275
f 5243/5243/5243 5242/5242/5242 5276/5276/5276
f 5242/5242/5242 5275/5275/5275 5276/5276/5276
f 5244/5244/5244 5243/5243/5243 5277/5277/5277
f 5243/5243/5243 5276/5276/5276 5277/5277/5277
f 5245/5245/5245 5244/5244/5244 5278/5278/5278
f 5244/5244/5244 5277/5277/5277 5278/5278/5278
f 5246/5246/5246 5245/5245/5245 5279/5279/5279
f 5245/5245/5245 5278/5278/5278 5279/5279/5279
f 5247/5247/5247 5246/5246/5246 5280/5280/5280
f 5246/5246/5246 5279/5279/5279 5280/5280/5280
f 5248/5248/5248 5247/5247/5247 5281/5281/5281
f 5247/5247/5247 5280/5280/5280 5281/5281/5281
f 5249/5249/5249 5248/5248/5248 5282/5282/5282
f 5248/5248/5248 5281/5281/5281 5282/5282/5282
f 5250/5250/5250 5249/5249/5249 5283/5283/5283
f 5249/5249/5249 5282/5282/5282 5283/5283/5283
f 5251/5251/5251 5250/5250/5250 5284/5284/5284
f 5250/5250/5250 5283/5283/5283 5284/5284/5284
f 5252/5252/5252 5251/5251/5251 5285/5285/5285
f 5251/5251/5251 5284/5284/5284 5285/5285/5285
f 5253/5253/5253 5252/5252/5252 5286/5286/5286
f 5252/5252/5252 5285/5285/5285 5286/5286/5286
f 5254/5254/5254 5253/5253/5253 5287/5287/5287
f 5253/5253/5253 5286/5286/5286 5287/5287/5287
f 5255/5255/5255 5254/5254/5254 5288/5288/5288
f 5254/5254/5254 5287/5287/5287 5288/5288/5288
f 5256/5256/5256 5255/5255/5255 5289/5289/5289
f 5255/5255/5255 5288/5288/5288 5289/5289/5289
f 5257/5257/5257 5256/5256/5256 5290/5290/5290
f 5256/5256/5256 5289/5289/5289 5290/5290/5290
f 5258/5258/5258 5257/5257/5257 5291/5291/5291
f 5257/5257/5257 5290/5290/5290 5291/5291/5291
f 5259/5259/5259 5258/5258/5258 5292/5292/5292
f 5258/5258/5258 5291/5291/5291 5292/5292/5292
f 5260/5260/5260 5259/5259/5259 5293/5293/5293
f 5259/5259/5259 5292/5292/5292 5293/5293/5293
f 5261/5261/5261 5260/5260/5260 5294/5294/5294
f 5260/5260/5260 5293/5293/5293 5294/5294/5294
f 5262/5262/5262 5261/5261/5261 5295/5295/5295
f 5261/5261/5261 5294/5294/5294 5295/5295/5295
f 5263/5263/5263 5262/5262/5262 5296/5296/5296
f 5262/5262/5262 5295/5295/5295 5296/5296/5296
f 5265/5265/5265 5264/5264/5264 5298/5298/5298
f 5266/5266/5266 5265/5265/5265 5299/5299/5299
f 5267/5267/5267 5266/5266/5266 5300/5300/5300
f 5268/5268/5268 5267/5267/5267 5301/5301/5301
f 5269/5269/5269 5268/5268/5268 5302/5302/5302
f 5270/5270/5270 5269/5269/5269 5303/5303/5303
f 5271/5271/5271 5270/5270/5270 5304/5304/5304
f 5272/5272/5272 5271/5271/5271 5305/5305/5305
f 5273/5273/5273 5272/5272/5272 5306/5306/5306
f 5274/5274/5274 5273/5273/5273 5307/5307/5307
f 5275/5275/5275 5274/5274/5274 5308/5308/5308
f 5276/5276/5276 5275/5275/5275 5309/5309/5309
f 5277/5277/5277 5276/5276/5276 5310/5310/5310
f 5278/5278/5278 5277/5277/5277 5311/5311/5311
f 5279/5279/5279 5278/5278/5278 5312/5312/5312
f 5280/5280/5280 5279/5279/5279 5313/5313/5313
f 5281/5281/5281 5280/5280/5280 5314/5314/5314
f 5282/5282/5282 5281/5281/5281 5315/5315/5315
f 5283/5283/5283 5282/5282/5282 5316/5316/5316
f 5284/5284/5284 5283/5283/5283 5317/5317/5317
f 5285/5285/5285 5284/5284/5284 5318/5318/5318
f 5286/5286/5286 5285/5285/5285 5319/5319/5319
f 5287/5287/5287 5286/5286/5286 5320/5320/5320
f 5288/5288/5288 5287/5287/5287 5321/5321/5321
f 5289/5289/5289 5288/5288/5288 5322/5322/5322
f 5290/5290/5290 5289/5289/5289 5323/5323/5323
f 5291/5291/5291 5290/5290/5290 5324/5324/5324
f 5292/5292/5292 5291/5291/5291 5325/5325/5325
f 5293/5293/5293 5292/5292/5292 5326/5326/5326
f 5294/5294/5294 5293/5293/5293 5327/5327/5327
f 5295/5295/5295 5294/5294/5294 5328/5328/5328
f 5296/5296/5296 5295/5295/5295 5329/5329/5329
