mtllib tree.mtl
o trunk
usemtl bark
v 0 1.799999976158142 0.2199999988079071
v 0.08419035375118256 1.799999976158142 0.20325349271297455
v 0.15556348860263824 1.799999976158142 0.15556348860263824
v 0.20325349271297455 1.799999976158142 0.08419035375118256
v 0.2199999988079071 1.799999976158142 1.3471114385820111e-17
v 0.20325349271297455 1.799999976158142 -0.08419035375118256
v 0.15556348860263824 1.799999976158142 -0.15556348860263824
v 0.08419035375118256 1.799999976158142 -0.20325349271297455
v 2.6942228771640223e-17 1.799999976158142 -0.2199999988079071
v -0.08419035375118256 1.799999976158142 -0.20325349271297455
v -0.15556348860263824 1.799999976158142 -0.15556348860263824
v -0.20325349271297455 1.799999976158142 -0.08419035375118256
v -0.2199999988079071 1.799999976158142 -4.041334481182156e-17
v -0.20325349271297455 1.799999976158142 0.08419035375118256
v -0.15556348860263824 1.799999976158142 0.15556348860263824
v -0.08419035375118256 1.799999976158142 0.20325349271297455
v -5.3884457543280445e-17 1.799999976158142 0.2199999988079071
v 0 2.384185793236071e-8 0.3400000035762787
v 0.13011236488819122 2.384185793236071e-8 0.31411904096603394
v 0.24041630327701569 2.384185793236071e-8 0.24041630327701569
v 0.31411904096603394 2.384185793236071e-8 0.13011236488819122
v 0.3400000035762787 2.384185793236071e-8 2.081899616307561e-17
v 0.31411904096603394 2.384185793236071e-8 -0.13011236488819122
v 0.24041630327701569 2.384185793236071e-8 -0.24041630327701569
v 0.13011236488819122 2.384185793236071e-8 -0.31411904096603394
v 4.163799232615122e-17 2.384185793236071e-8 -0.3400000035762787
v -0.13011236488819122 2.384185793236071e-8 -0.31411904096603394
v -0.24041630327701569 2.384185793236071e-8 -0.24041630327701569
v -0.31411904096603394 2.384185793236071e-8 -0.13011236488819122
v -0.3400000035762787 2.384185793236071e-8 -6.24569868348656e-17
v -0.31411904096603394 2.384185793236071e-8 0.13011236488819122
v -0.24041630327701569 2.384185793236071e-8 0.24041630327701569
v -0.13011236488819122 2.384185793236071e-8 0.31411904096603394
v -8.327598465230243e-17 2.384185793236071e-8 0.3400000035762787
v 0 1.799999976158142 0
v 0 1.799999976158142 0
v 0 1.799999976158142 0
v 0 1.799999976158142 0
v 0 1.799999976158142 0
v 0 1.799999976158142 0
v 0 1.799999976158142 0
v 0 1.799999976158142 0
v 0 1.799999976158142 0
v 0 1.799999976158142 0
v 0 1.799999976158142 0
v 0 1.799999976158142 0
v 0 1.799999976158142 0
v 0 1.799999976158142 0
v 0 1.799999976158142 0
v 0 1.799999976158142 0
v 0 1.799999976158142 0.2199999988079071
v 0.08419035375118256 1.799999976158142 0.20325349271297455
v 0.15556348860263824 1.799999976158142 0.15556348860263824
v 0.20325349271297455 1.799999976158142 0.08419035375118256
v 0.2199999988079071 1.799999976158142 1.3471114385820111e-17
v 0.20325349271297455 1.799999976158142 -0.08419035375118256
v 0.15556348860263824 1.799999976158142 -0.15556348860263824
v 0.08419035375118256 1.799999976158142 -0.20325349271297455
v 2.6942228771640223e-17 1.799999976158142 -0.2199999988079071
v -0.08419035375118256 1.799999976158142 -0.20325349271297455
v -0.15556348860263824 1.799999976158142 -0.15556348860263824
v -0.20325349271297455 1.799999976158142 -0.08419035375118256
v -0.2199999988079071 1.799999976158142 -4.041334481182156e-17
v -0.20325349271297455 1.799999976158142 0.08419035375118256
v -0.15556348860263824 1.799999976158142 0.15556348860263824
v -0.08419035375118256 1.799999976158142 0.20325349271297455
v -5.3884457543280445e-17 1.799999976158142 0.2199999988079071
v 0 2.384185793236071e-8 0
v 0 2.384185793236071e-8 0
v 0 2.384185793236071e-8 0
v 0 2.384185793236071e-8 0
v 0 2.384185793236071e-8 0
v 0 2.384185793236071e-8 0
v 0 2.384185793236071e-8 0
v 0 2.384185793236071e-8 0
v 0 2.384185793236071e-8 0
v 0 2.384185793236071e-8 0
v 0 2.384185793236071e-8 0
v 0 2.384185793236071e-8 0
v 0 2.384185793236071e-8 0
v 0 2.384185793236071e-8 0
v 0 2.384185793236071e-8 0
v 0 2.384185793236071e-8 0
v 0 2.384185793236071e-8 0.3400000035762787
v 0.13011236488819122 2.384185793236071e-8 0.31411904096603394
v 0.24041630327701569 2.384185793236071e-8 0.24041630327701569
v 0.31411904096603394 2.384185793236071e-8 0.13011236488819122
v 0.3400000035762787 2.384185793236071e-8 2.081899616307561e-17
v 0.31411904096603394 2.384185793236071e-8 -0.13011236488819122
v 0.24041630327701569 2.384185793236071e-8 -0.24041630327701569
v 0.13011236488819122 2.384185793236071e-8 -0.31411904096603394
v 4.163799232615122e-17 2.384185793236071e-8 -0.3400000035762787
v -0.13011236488819122 2.384185793236071e-8 -0.31411904096603394
v -0.24041630327701569 2.384185793236071e-8 -0.24041630327701569
v -0.31411904096603394 2.384185793236071e-8 -0.13011236488819122
v -0.3400000035762787 2.384185793236071e-8 -6.24569868348656e-17
v -0.31411904096603394 2.384185793236071e-8 0.13011236488819122
v -0.24041630327701569 2.384185793236071e-8 0.24041630327701569
v -0.13011236488819122 2.384185793236071e-8 0.31411904096603394
v -8.327598465230243e-17 2.384185793236071e-8 0.3400000035762787
vt 0 1
vt 0.0625 1
vt 0.125 1
vt 0.1875 1
vt 0.25 1
vt 0.3125 1
vt 0.375 1
vt 0.4375 1
vt 0.5 1
vt 0.5625 1
vt 0.625 1
vt 0.6875 1
vt 0.75 1
vt 0.8125 1
vt 0.875 1
vt 0.9375 1
vt 1 1
vt 0 0
vt 0.0625 0
vt 0.125 0
vt 0.1875 0
vt 0.25 0
vt 0.3125 0
vt 0.375 0
vt 0.4375 0
vt 0.5 0
vt 0.5625 0
vt 0.625 0
vt 0.6875 0
vt 0.75 0
vt 0.8125 0
vt 0.875 0
vt 0.9375 0
vt 1 0
vt 0.5 0.5
vt 0.5 0.5
vt 0.5 0.5
vt 0.5 0.5
vt 0.5 0.5
vt 0.5 0.5
vt 0.5 0.5
vt 0.5 0.5
vt 0.5 0.5
vt 0.5 0.5
vt 0.5 0.5
vt 0.5 0.5
vt 0.5 0.5
vt 0.5 0.5
vt 0.5 0.5
vt 0.5 0.5
vt 1 0.5
vt 0.9619397521018982 0.6913416981697083
vt 0.8535534143447876 0.8535534143447876
vt 0.6913416981697083 0.9619397521018982
vt 0.5 1
vt 0.30865827202796936 0.9619397521018982
vt 0.1464466154575348 0.8535534143447876
vt 0.03806023299694061 0.6913416981697083
vt 0 0.5
vt 0.03806023299694061 0.30865827202796936
vt 0.1464466154575348 0.1464466154575348
vt 0.30865827202796936 0.03806023299694061
vt 0.5 0
vt 0.6913416981697083 0.03806023299694061
vt 0.8535534143447876 0.1464466154575348
vt 0.9619397521018982 0.30865827202796936
vt 1 0.5
vt 0.5 0.5
vt 0.5 0.5
vt 0.5 0.5
vt 0.5 0.5
vt 0.5 0.5
vt 0.5 0.5
vt 0.5 0.5
vt 0.5 0.5
vt 0.5 0.5
vt 0.5 0.5
vt 0.5 0.5
vt 0.5 0.5
vt 0.5 0.5
vt 0.5 0.5
vt 0.5 0.5
vt 0.5 0.5
vt 1 0.5
vt 0.9619397521018982 0.30865827202796936
vt 0.8535534143447876 0.1464466154575348
vt 0.6913416981697083 0.03806023299694061
vt 0.5 0
vt 0.30865827202796936 0.03806023299694061
vt 0.1464466154575348 0.1464466154575348
vt 0.03806023299694061 0.30865827202796936
vt 0 0.5
vt 0.03806023299694061 0.6913416981697083
vt 0.1464466154575348 0.8535534143447876
vt 0.30865827202796936 0.9619397521018982
vt 0.5 1
vt 0.6913416981697083 0.9619397521018982
vt 0.8535534143447876 0.8535534143447876
vt 0.9619397521018982 0.6913416981697083
vt 1 0.5
vn 0 0.06651900755672854 0.997785158054412
vn 0.3818358512787085 0.06651900764172526 0.9218332844395586
vn 0.7055406514744718 0.06651900656170491 0.7055406514744718
vn 0.9218332844395586 0.06651900764172526 0.3818358512787085
vn 0.997785158054412 0.06651900755672854 6.109671852768896e-17
vn 0.9218332844395586 0.06651900764172526 -0.3818358512787085
vn 0.7055406514744718 0.06651900656170491 -0.7055406514744718
vn 0.3818358512787085 0.06651900764172526 -0.9218332844395586
vn 1.2219343705537792e-16 0.06651900755672854 -0.997785158054412
vn -0.3818358512787085 0.06651900764172526 -0.9218332844395586
vn -0.7055406514744718 0.06651900656170491 -0.7055406514744718
vn -0.9218332844395586 0.06651900764172526 -0.3818358512787085
vn -0.997785158054412 0.06651900755672854 -1.8329016220051183e-16
vn -0.9218332844395586 0.06651900764172526 0.3818358512787085
vn -0.7055406514744718 0.06651900656170491 0.7055406514744718
vn -0.3818358512787085 0.06651900764172526 0.9218332844395586
vn -2.4438687411075584e-16 0.06651900755672854 0.997785158054412
vn 0 0.06651900755672854 0.997785158054412
vn 0.3818358512787085 0.06651900764172526 0.9218332844395586
vn 0.7055406514744718 0.06651900656170491 0.7055406514744718
vn 0.9218332844395586 0.06651900764172526 0.3818358512787085
vn 0.997785158054412 0.06651900755672854 6.109671852768896e-17
vn 0.9218332844395586 0.06651900764172526 -0.3818358512787085
vn 0.7055406514744718 0.06651900656170491 -0.7055406514744718
vn 0.3818358512787085 0.06651900764172526 -0.9218332844395586
vn 1.2219343705537792e-16 0.06651900755672854 -0.997785158054412
vn -0.3818358512787085 0.06651900764172526 -0.9218332844395586
vn -0.7055406514744718 0.06651900656170491 -0.7055406514744718
vn -0.9218332844395586 0.06651900764172526 -0.3818358512787085
vn -0.997785158054412 0.06651900755672854 -1.8329016220051183e-16
vn -0.9218332844395586 0.06651900764172526 0.3818358512787085
vn -0.7055406514744718 0.06651900656170491 0.7055406514744718
vn -0.3818358512787085 0.06651900764172526 0.9218332844395586
vn -2.4438687411075584e-16 0.06651900755672854 0.997785158054412
vn 0 1 0
vn 0 1 0
vn 0 1 0
vn 0 1 0
vn 0 1 0
vn 0 1 0
vn 0 1 0
vn 0 1 0
vn 0 1 0
vn 0 1 0
vn 0 1 0
vn 0 1 0
vn 0 1 0
vn 0 1 0
vn 0 1 0
vn 0 1 0
vn 0 1 0
vn 0 1 0
vn 0 1 0
vn 0 1 0
vn 0 1 0
vn 0 1 0
vn 0 1 0
vn 0 1 0
vn 0 1 0
vn 0 1 0
vn 0 1 0
vn 0 1 0
vn 0 1 0
vn 0 1 0
vn 0 1 0
vn 0 1 0
vn 0 1 0
vn 0 -1 0
vn 0 -1 0
vn 0 -1 0
vn 0 -1 0
vn 0 -1 0
vn 0 -1 0
vn 0 -1 0
vn 0 -1 0
vn 0 -1 0
vn 0 -1 0
vn 0 -1 0
vn 0 -1 0
vn 0 -1 0
vn 0 -1 0
vn 0 -1 0
vn 0 -1 0
vn 0 -1 0
vn 0 -1 0
vn 0 -1 0
vn 0 -1 0
vn 0 -1 0
vn 0 -1 0
vn 0 -1 0
vn 0 -1 0
vn 0 -1 0
vn 0 -1 0
vn 0 -1 0
vn 0 -1 0
vn 0 -1 0
vn 0 -1 0
vn 0 -1 0
vn 0 -1 0
vn 0 -1 0
f 1/1/1 18/18/18 2/2/2
f 18/18/18 19/19/19 2/2/2
f 2/2/2 19/19/19 3/3/3
f 19/19/19 20/20/20 3/3/3
f 3/3/3 20/20/20 4/4/4
f 20/20/20 21/21/21 4/4/4
f 4/4/4 21/21/21 5/5/5
f 21/21/21 22/22/22 5/5/5
f 5/5/5 22/22/22 6/6/6
f 22/22/22 23/23/23 6/6/6
f 6/6/6 23/23/23 7/7/7
f 23/23/23 24/24/24 7/7/7
f 7/7/7 24/24/24 8/8/8
f 24/24/24 25/25/25 8/8/8
f 8/8/8 25/25/25 9/9/9
f 25/25/25 26/26/26 9/9/9
f 9/9/9 26/26/26 10/10/10
f 26/26/26 27/27/27 10/10/10
f 10/10/10 27/27/27 11/11/11
f 27/27/27 28/28/28 11/11/11
f 11/11/11 28/28/28 12/12/12
f 28/28/28 29/29/29 12/12/12
f 12/12/12 29/29/29 13/13/13
f 29/29/29 30/30/30 13/13/13
f 13/13/13 30/30/30 14/14/14
f 30/30/30 31/31/31 14/14/14
f 14/14/14 31/31/31 15/15/15
f 31/31/31 32/32/32 15/15/15
f 15/15/15 32/32/32 16/16/16
f 32/32/32 33/33/33 16/16/16
f 16/16/16 33/33/33 17/17/17
f 33/33/33 34/34/34 17/17/17
f 51/51/51 52/52/52 35/35/35
f 52/52/52 53/53/53 36/36/36
f 53/53/53 54/54/54 37/37/37
f 54/54/54 55/55/55 38/38/38
f 55/55/55 56/56/56 39/39/39
f 56/56/56 57/57/57 40/40/40
f 57/57/57 58/58/58 41/41/41
f 58/58/58 59/59/59 42/42/42
f 59/59/59 60/60/60 43/43/43
f 60/60/60 61/61/61 44/44/44
f 61/61/61 62/62/62 45/45/45
f 62/62/62 63/63/63 46/46/46
f 63/63/63 64/64/64 47/47/47
f 64/64/64 65/65/65 48/48/48
f 65/65/65 66/66/66 49/49/49
f 66/66/66 67/67/67 50/50/50
f 85/85/85 84/84/84 68/68/68
f 86/86/86 85/85/85 69/69/69
f 87/87/87 86/86/86 70/70/70
f 88/88/88 87/87/87 71/71/71
f 89/89/89 88/88/88 72/72/72
f 90/90/90 89/89/89 73/73/73
f 91/91/91 90/90/90 74/74/74
f 92/92/92 91/91/91 75/75/75
f 93/93/93 92/92/92 76/76/76
f 94/94/94 93/93/93 77/77/77
f 95/95/95 94/94/94 78/78/78
f 96/96/96 95/95/95 79/79/79
f 97/97/97 96/96/96 80/80/80
f 98/98/98 97/97/97 81/81/81
f 99/99/99 98/98/98 82/82/82
f 100/100/100 99/99/99 83/83/83
o canopy_0
usemtl foliage
v 0 3.7579999780654907 0
v 0 3.7579999780654907 0
v 0 3.7579999780654907 0
v 0 3.7579999780654907 0
v 0 3.7579999780654907 0
v 0 3.7579999780654907 0
v 0 3.7579999780654907 0
v 0 3.7579999780654907 0
v 0 3.7579999780654907 0
v 0 3.7579999780654907 0
v 0 3.7579999780654907 0
v 0 3.7579999780654907 0
v 0 3.7579999780654907 0
v 0 3.7579999780654907 0
v 0 3.7579999780654907 0
v 0 3.7579999780654907 0
v 0 3.7579999780654907 0
v 0 3.7579999780654907 0
v 0 3.7579999780654907 0
v 0 3.7579999780654907 0
v 0 3.7579999780654907 0
v 0 3.7579999780654907 0
v 0 3.7579999780654907 0
v 0 3.7579999780654907 0
v 0 3.7579999780654907 0
v 0 3.7579999780654907 0
v 0 3.7579999780654907 0
v 0 3.7579999780654907 0
v 0 3.7579999780654907 0
v 0 3.7579999780654907 0
v 0 3.7579999780654907 0
v 0 3.7579999780654907 0
v 0 3.7579999780654907 0
v -0.17989963293075562 3.744974279403687 0
v -0.1764429211616516 3.744974279403687 0.035096678882837296
v -0.16620558500289917 3.744974279403687 0.06884460896253586
v -0.14958107471466064 3.744974279403687 0.09994687885046005
v -0.12720824778079987 3.744974279403687 0.12720824778079987
v -0.09994687885046005 3.744974279403687 0.14958107471466064
v -0.06884460896253586 3.744974279403687 0.16620558500289917
v -0.035096678882837296 3.744974279403687 0.1764429211616516
v -1.1015675886751364e-17 3.744974279403687 0.17989963293075562
v 0.035096678882837296 3.744974279403687 0.1764429211616516
v 0.06884460896253586 3.744974279403687 0.16620558500289917
v 0.09994687885046005 3.744974279403687 0.14958107471466064
v 0.12720824778079987 3.744974279403687 0.12720824778079987
v 0.14958107471466064 3.744974279403687 0.09994687885046005
v 0.16620558500289917 3.744974279403687 0.06884460896253586
v 0.1764429211616516 3.744974279403687 0.035096678882837296
v 0.17989963293075562 3.744974279403687 2.2031351773502728e-17
v 0.1764429211616516 3.744974279403687 -0.035096678882837296
v 0.16620558500289917 3.744974279403687 -0.06884460896253586
v 0.14958107471466064 3.744974279403687 -0.09994687885046005
v 0.12720824778079987 3.744974279403687 -0.12720824778079987
v 0.09994687885046005 3.744974279403687 -0.14958107471466064
v 0.06884460896253586 3.744974279403687 -0.16620558500289917
v 0.035096678882837296 3.744974279403687 -0.1764429211616516
v 3.304702683307348e-17 3.744974279403687 -0.17989963293075562
v -0.035096678882837296 3.744974279403687 -0.1764429211616516
v -0.06884460896253586 3.744974279403687 -0.16620558500289917
v -0.09994687885046005 3.744974279403687 -0.14958107471466064
v -0.12720824778079987 3.744974279403687 -0.12720824778079987
v -0.14958107471466064 3.744974279403687 -0.09994687885046005
v -0.16620558500289917 3.744974279403687 -0.06884460896253586
v -0.1764429211616516 3.744974279403687 -0.035096678882837296
v -0.17989963293075562 3.744974279403687 -4.4062703547005457e-17
v -0.35536953806877136 3.7062177562713625 0
v -0.3485412299633026 3.7062177562713625 0.0693291574716568
v -0.32831865549087524 3.7062177562713625 0.13599403202533722
v -0.2954789698123932 3.7062177562713625 0.197432741522789
v -0.2512842118740082 3.7062177562713625 0.2512842118740082
v -0.197432741522789 3.7062177562713625 0.2954789698123932
v -0.13599403202533722 3.7062177562713625 0.32831865549087524
v -0.0693291574716568 3.7062177562713625 0.3485412299633026
v -2.176010932447924e-17 3.7062177562713625 0.35536953806877136
v 0.0693291574716568 3.7062177562713625 0.3485412299633026
v 0.13599403202533722 3.7062177562713625 0.32831865549087524
v 0.197432741522789 3.7062177562713625 0.2954789698123932
v 0.2512842118740082 3.7062177562713625 0.2512842118740082
v 0.2954789698123932 3.7062177562713625 0.197432741522789
v 0.32831865549087524 3.7062177562713625 0.13599403202533722
v 0.3485412299633026 3.7062177562713625 0.0693291574716568
v 0.35536953806877136 3.7062177562713625 4.352021864895848e-17
v 0.3485412299633026 3.7062177562713625 -0.0693291574716568
v 0.32831865549087524 3.7062177562713625 -0.13599403202533722
v 0.2954789698123932 3.7062177562713625 -0.197432741522789
v 0.2512842118740082 3.7062177562713625 -0.2512842118740082
v 0.197432741522789 3.7062177562713625 -0.2954789698123932
v 0.13599403202533722 3.7062177562713625 -0.32831865549087524
v 0.0693291574716568 3.7062177562713625 -0.3485412299633026
v 6.52803263190765e-17 3.7062177562713625 -0.35536953806877136
v -0.0693291574716568 3.7062177562713625 -0.3485412299633026
v -0.13599403202533722 3.7062177562713625 -0.32831865549087524
v -0.197432741522789 3.7062177562713625 -0.2954789698123932
v -0.2512842118740082 3.7062177562713625 -0.2512842118740082
v -0.2954789698123932 3.7062177562713625 -0.197432741522789
v -0.32831865549087524 3.7062177562713625 -0.13599403202533722
v -0.3485412299633026 3.7062177562713625 -0.0693291574716568
v -0.35536953806877136 3.7062177562713625 -8.704043729791696e-17
v -0.5220890641212463 3.642684888839722 0
v -0.5120573043823242 3.642684888839722 0.10185452550649643
v -0.48234739899635315 3.642684888839722 0.19979484379291534
v -0.4341011941432953 3.642684888839722 0.29005715250968933
v -0.36917272210121155 3.642684888839722 0.36917272210121155
v -0.29005715250968933 3.642684888839722 0.4341011941432953
v -0.19979484379291534 3.642684888839722 0.48234739899635315
v -0.10185452550649643 3.642684888839722 0.5120573043823242
v -3.1968737347606505e-17 3.642684888839722 0.5220890641212463
v 0.10185452550649643 3.642684888839722 0.5120573043823242
v 0.19979484379291534 3.642684888839722 0.48234739899635315
v 0.29005715250968933 3.642684888839722 0.4341011941432953
v 0.36917272210121155 3.642684888839722 0.36917272210121155
v 0.4341011941432953 3.642684888839722 0.29005715250968933
v 0.48234739899635315 3.642684888839722 0.19979484379291534
v 0.5120573043823242 3.642684888839722 0.10185452550649643
v 0.5220890641212463 3.642684888839722 6.393747469521301e-17
v 0.5120573043823242 3.642684888839722 -0.10185452550649643
v 0.48234739899635315 3.642684888839722 -0.19979484379291534
v 0.4341011941432953 3.642684888839722 -0.29005715250968933
v 0.36917272210121155 3.642684888839722 -0.36917272210121155
v 0.29005715250968933 3.642684888839722 -0.4341011941432953
v 0.19979484379291534 3.642684888839722 -0.48234739899635315
v 0.10185452550649643 3.642684888839722 -0.5120573043823242
v 9.590620542537461e-17 3.642684888839722 -0.5220890641212463
v -0.10185452550649643 3.642684888839722 -0.5120573043823242
v -0.19979484379291534 3.642684888839722 -0.48234739899635315
v -0.29005715250968933 3.642684888839722 -0.4341011941432953
v -0.36917272210121155 3.642684888839722 -0.36917272210121155
v -0.4341011941432953 3.642684888839722 -0.29005715250968933
v -0.48234739899635315 3.642684888839722 -0.19979484379291534
v -0.5120573043823242 3.642684888839722 -0.10185452550649643
v -0.5220890641212463 3.642684888839722 -1.2787494939042602e-16
v -0.6759530305862427 3.555939991474152 0
v -0.6629648208618164 3.555939991474152 0.13187189400196075
v -0.6244992017745972 3.555939991474152 0.25867602229118347
v -0.5620344281196594 3.555939991474152 0.3755393922328949
v -0.47797098755836487 3.555939991474152 0.47797098755836487
v -0.3755393922328949 3.555939991474152 0.5620344281196594
v -0.25867602229118347 3.555939991474152 0.6244992017745972
v -0.13187189400196075 3.555939991474152 0.6629648208618164
v -4.139018555824258e-17 3.555939991474152 0.6759530305862427
v 0.13187189400196075 3.555939991474152 0.6629648208618164
v 0.25867602229118347 3.555939991474152 0.6244992017745972
v 0.3755393922328949 3.555939991474152 0.5620344281196594
v 0.47797098755836487 3.555939991474152 0.47797098755836487
v 0.5620344281196594 3.555939991474152 0.3755393922328949
v 0.6244992017745972 3.555939991474152 0.25867602229118347
v 0.6629648208618164 3.555939991474152 0.13187189400196075
v 0.6759530305862427 3.555939991474152 8.278037111648516e-17
v 0.6629648208618164 3.555939991474152 -0.13187189400196075
v 0.6244992017745972 3.555939991474152 -0.25867602229118347
v 0.5620344281196594 3.555939991474152 -0.3755393922328949
v 0.47797098755836487 3.555939991474152 -0.47797098755836487
v 0.3755393922328949 3.555939991474152 -0.5620344281196594
v 0.25867602229118347 3.555939991474152 -0.6244992017745972
v 0.13187189400196075 3.555939991474152 -0.6629648208618164
v 1.2417055667472774e-16 3.555939991474152 -0.6759530305862427
v -0.13187189400196075 3.555939991474152 -0.6629648208618164
v -0.25867602229118347 3.555939991474152 -0.6244992017745972
v -0.3755393922328949 3.555939991474152 -0.5620344281196594
v -0.47797098755836487 3.555939991474152 -0.47797098755836487
v -0.5620344281196594 3.555939991474152 -0.3755393922328949
v -0.6244992017745972 3.555939991474152 -0.25867602229118347
v -0.6629648208618164 3.555939991474152 -0.13187189400196075
v -0.6759530305862427 3.555939991474152 -1.6556074223297032e-16
v -0.8131728172302246 3.448118991851807 0
v -0.7975479364395142 3.448118991851807 0.15864214301109314
v -0.7512736916542053 3.448118991851807 0.311187744140625
v -0.6761284470558167 3.448118991851807 0.45177459716796875
v -0.574999988079071 3.448118991851807 0.574999988079071
v -0.45177459716796875 3.448118991851807 0.6761284470558167
v -0.311187744140625 3.448118991851807 0.7512736916542053
v -0.15864214301109314 3.448118991851807 0.7975479364395142
v -4.979247446231942e-17 3.448118991851807 0.8131728172302246
v 0.15864214301109314 3.448118991851807 0.7975479364395142
v 0.311187744140625 3.448118991851807 0.7512736916542053
v 0.45177459716796875 3.448118991851807 0.6761284470558167
v 0.574999988079071 3.448118991851807 0.574999988079071
v 0.6761284470558167 3.448118991851807 0.45177459716796875
v 0.7512736916542053 3.448118991851807 0.311187744140625
v 0.7975479364395142 3.448118991851807 0.15864214301109314
v 0.8131728172302246 3.448118991851807 9.958494892463885e-17
v 0.7975479364395142 3.448118991851807 -0.15864214301109314
v 0.7512736916542053 3.448118991851807 -0.311187744140625
v 0.6761284470558167 3.448118991851807 -0.45177459716796875
v 0.574999988079071 3.448118991851807 -0.574999988079071
v 0.45177459716796875 3.448118991851807 -0.6761284470558167
v 0.311187744140625 3.448118991851807 -0.7512736916542053
v 0.15864214301109314 3.448118991851807 -0.7975479364395142
v 1.4937742338695827e-16 3.448118991851807 -0.8131728172302246
v -0.15864214301109314 3.448118991851807 -0.7975479364395142
v -0.311187744140625 3.448118991851807 -0.7512736916542053
v -0.45177459716796875 3.448118991851807 -0.6761284470558167
v -0.574999988079071 3.448118991851807 -0.574999988079071
v -0.6761284470558167 3.448118991851807 -0.45177459716796875
v -0.7512736916542053 3.448118991851807 -0.311187744140625
v -0.7975479364395142 3.448118991851807 -0.15864214301109314
v -0.8131728172302246 3.448118991851807 -1.991698978492777e-16
v -0.9303695559501648 3.3218767881393436 0
v -0.9124927520751953 3.3218767881393436 0.18150609731674194
v -0.8595494031906128 3.3218767881393436 0.3560370206832886
v -0.7735739946365356 3.3218767881393436 0.5168856382369995
v -0.6578705906867981 3.3218767881393436 0.6578705906867981
v -0.5168856382369995 3.3218767881393436 0.7735739946365356
v -0.3560370206832886 3.3218767881393436 0.8595494031906128
v -0.18150609731674194 3.3218767881393436 0.9124927520751953
v -5.696870302758037e-17 3.3218767881393436 0.9303695559501648
v 0.18150609731674194 3.3218767881393436 0.9124927520751953
v 0.3560370206832886 3.3218767881393436 0.8595494031906128
v 0.5168856382369995 3.3218767881393436 0.7735739946365356
v 0.6578705906867981 3.3218767881393436 0.6578705906867981
v 0.7735739946365356 3.3218767881393436 0.5168856382369995
v 0.8595494031906128 3.3218767881393436 0.3560370206832886
v 0.9124927520751953 3.3218767881393436 0.18150609731674194
v 0.9303695559501648 3.3218767881393436 1.1393740605516073e-16
v 0.9124927520751953 3.3218767881393436 -0.18150609731674194
v 0.8595494031906128 3.3218767881393436 -0.3560370206832886
v 0.7735739946365356 3.3218767881393436 -0.5168856382369995
v 0.6578705906867981 3.3218767881393436 -0.6578705906867981
v 0.5168856382369995 3.3218767881393436 -0.7735739946365356
v 0.3560370206832886 3.3218767881393436 -0.8595494031906128
v 0.18150609731674194 3.3218767881393436 -0.9124927520751953
v 1.70906115700186e-16 3.3218767881393436 -0.9303695559501648
v -0.18150609731674194 3.3218767881393436 -0.9124927520751953
v -0.3560370206832886 3.3218767881393436 -0.8595494031906128
v -0.5168856382369995 3.3218767881393436 -0.7735739946365356
v -0.6578705906867981 3.3218767881393436 -0.6578705906867981
v -0.7735739946365356 3.3218767881393436 -0.5168856382369995
v -0.8595494031906128 3.3218767881393436 -0.3560370206832886
v -0.9124927520751953 3.3218767881393436 -0.18150609731674194
v -0.9303695559501648 3.3218767881393436 -2.2787481211032146e-16
v -1.0246574878692627 3.180321938991547 0
v -1.0049690008163452 3.180321938991547 0.1999007612466812
v -0.9466601014137268 3.180321938991547 0.392119437456131
v -0.8519715666770935 3.180321938991547 0.5692691802978516
v -0.7245422601699829 3.180321938991547 0.7245422601699829
v -0.5692691802978516 3.180321938991547 0.8519715666770935
v -0.392119437456131 3.180321938991547 0.9466601014137268
v -0.1999007612466812 3.180321938991547 1.0049690008163452
v -6.274217885773918e-17 3.180321938991547 1.0246574878692627
v 0.1999007612466812 3.180321938991547 1.0049690008163452
v 0.392119437456131 3.180321938991547 0.9466601014137268
v 0.5692691802978516 3.180321938991547 0.8519715666770935
v 0.7245422601699829 3.180321938991547 0.7245422601699829
v 0.8519715666770935 3.180321938991547 0.5692691802978516
v 0.9466601014137268 3.180321938991547 0.392119437456131
v 1.0049690008163452 3.180321938991547 0.1999007612466812
v 1.0246574878692627 3.180321938991547 1.2548435771547837e-16
v 1.0049690008163452 3.180321938991547 -0.1999007612466812
v 0.9466601014137268 3.180321938991547 -0.392119437456131
v 0.8519715666770935 3.180321938991547 -0.5692691802978516
v 0.7245422601699829 3.180321938991547 -0.7245422601699829
v 0.5692691802978516 3.180321938991547 -0.8519715666770935
v 0.392119437456131 3.180321938991547 -0.9466601014137268
v 0.1999007612466812 3.180321938991547 -1.0049690008163452
v 1.8822652333832775e-16 3.180321938991547 -1.0246574878692627
v -0.1999007612466812 3.180321938991547 -1.0049690008163452
v -0.392119437456131 3.180321938991547 -0.9466601014137268
v -0.5692691802978516 3.180321938991547 -0.8519715666770935
v -0.7245422601699829 3.180321938991547 -0.7245422601699829
v -0.8519715666770935 3.180321938991547 -0.5692691802978516
v -0.9466601014137268 3.180321938991547 -0.392119437456131
v -1.0049690008163452 3.180321938991547 -0.1999007612466812
v -1.0246574878692627 3.180321938991547 -2.5096871543095673e-16
v -1.093714952468872 3.0269399750232697 0
v -1.0726995468139648 3.0269399750232697 0.21337321400642395
v -1.0104608535766602 3.0269399750232697 0.4185466170310974
v -0.9093908071517944 3.0269399750232697 0.607635498046875
v -0.7733733057975769 3.0269399750232697 0.7733733057975769
v -0.607635498046875 3.0269399750232697 0.9093908071517944
v -0.4185466170310974 3.0269399750232697 1.0104608535766602
v -0.21337321400642395 3.0269399750232697 1.0726995468139648
v -6.697072614911026e-17 3.0269399750232697 1.093714952468872
v 0.21337321400642395 3.0269399750232697 1.0726995468139648
v 0.4185466170310974 3.0269399750232697 1.0104608535766602
v 0.607635498046875 3.0269399750232697 0.9093908071517944
v 0.7733733057975769 3.0269399750232697 0.7733733057975769
v 0.9093908071517944 3.0269399750232697 0.607635498046875
v 1.0104608535766602 3.0269399750232697 0.4185466170310974
v 1.0726995468139648 3.0269399750232697 0.21337321400642395
v 1.093714952468872 3.0269399750232697 1.3394145229822052e-16
v 1.0726995468139648 3.0269399750232697 -0.21337321400642395
v 1.0104608535766602 3.0269399750232697 -0.4185466170310974
v 0.9093908071517944 3.0269399750232697 -0.607635498046875
v 0.7733733057975769 3.0269399750232697 -0.7733733057975769
v 0.607635498046875 3.0269399750232697 -0.9093908071517944
v 0.4185466170310974 3.0269399750232697 -1.0104608535766602
v 0.21337321400642395 3.0269399750232697 -1.0726995468139648
v 2.0091217844733078e-16 3.0269399750232697 -1.093714952468872
v -0.21337321400642395 3.0269399750232697 -1.0726995468139648
v -0.4185466170310974 3.0269399750232697 -1.0104608535766602
v -0.607635498046875 3.0269399750232697 -0.9093908071517944
v -0.7733733057975769 3.0269399750232697 -0.7733733057975769
v -0.9093908071517944 3.0269399750232697 -0.607635498046875
v -1.0104608535766602 3.0269399750232697 -0.4185466170310974
v -1.0726995468139648 3.0269399750232697 -0.21337321400642395
v -1.093714952468872 3.0269399750232697 -2.6788290459644104e-16
v -1.1358416080474854 2.865507662296295 0
v -1.1140167713165283 2.865507662296295 0.22159169614315033
v -1.0493807792663574 2.865507662296295 0.43466776609420776
v -0.9444177746772766 2.865507662296295 0.6310397982597351
v -0.8031612634658813 2.865507662296295 0.8031612634658813
v -0.6310397982597351 2.865507662296295 0.9444177746772766
v -0.43466776609420776 2.865507662296295 1.0493807792663574
v -0.22159169614315033 2.865507662296295 1.1140167713165283
v -6.955023925852012e-17 2.865507662296295 1.1358416080474854
v 0.22159169614315033 2.865507662296295 1.1140167713165283
v 0.43466776609420776 2.865507662296295 1.0493807792663574
v 0.6310397982597351 2.865507662296295 0.9444177746772766
v 0.8031612634658813 2.865507662296295 0.8031612634658813
v 0.9444177746772766 2.865507662296295 0.6310397982597351
v 1.0493807792663574 2.865507662296295 0.43466776609420776
v 1.1140167713165283 2.865507662296295 0.22159169614315033
v 1.1358416080474854 2.865507662296295 1.3910047851704025e-16
v 1.1140167713165283 2.865507662296295 -0.22159169614315033
v 1.0493807792663574 2.865507662296295 -0.43466776609420776
v 0.9444177746772766 2.865507662296295 -0.6310397982597351
v 0.8031612634658813 2.865507662296295 -0.8031612634658813
v 0.6310397982597351 2.865507662296295 -0.9444177746772766
v 0.43466776609420776 2.865507662296295 -1.0493807792663574
v 0.22159169614315033 2.865507662296295 -1.1140167713165283
v 2.0865071115811547e-16 2.865507662296295 -1.1358416080474854
v -0.22159169614315033 2.865507662296295 -1.1140167713165283
v -0.43466776609420776 2.865507662296295 -1.0493807792663574
v -0.6310397982597351 2.865507662296295 -0.9444177746772766
v -0.8031612634658813 2.865507662296295 -0.8031612634658813
v -0.9444177746772766 2.865507662296295 -0.6310397982597351
v -1.0493807792663574 2.865507662296295 -0.43466776609420776
v -1.1140167713165283 2.865507662296295 -0.22159169614315033
v -1.1358416080474854 2.865507662296295 -2.782009570340805e-16
v -1.149999976158142 2.7 0
v -1.1279031038284302 2.7 0.2243538647890091
v -1.062461495399475 2.7 0.4400859475135803
v -0.9561900496482849 2.7 0.6389057636260986
v -0.8131728172302246 2.7 0.8131728172302246
v -0.6389057636260986 2.7 0.9561900496482849
v -0.4400859475135803 2.7 1.062461495399475
v -0.2243538647890091 2.7 1.1279031038284302
v -7.04171907149247e-17 2.7 1.149999976158142
v 0.2243538647890091 2.7 1.1279031038284302
v 0.4400859475135803 2.7 1.062461495399475
v 0.6389057636260986 2.7 0.9561900496482849
v 0.8131728172302246 2.7 0.8131728172302246
v 0.9561900496482849 2.7 0.6389057636260986
v 1.062461495399475 2.7 0.4400859475135803
v 1.1279031038284302 2.7 0.2243538647890091
v 1.149999976158142 2.7 1.408343814298494e-16
v 1.1279031038284302 2.7 -0.2243538647890091
v 1.062461495399475 2.7 -0.4400859475135803
v 0.9561900496482849 2.7 -0.6389057636260986
v 0.8131728172302246 2.7 -0.8131728172302246
v 0.6389057636260986 2.7 -0.9561900496482849
v 0.4400859475135803 2.7 -1.062461495399475
v 0.2243538647890091 2.7 -1.1279031038284302
v 2.11251578762219e-16 2.7 -1.149999976158142
v -0.2243538647890091 2.7 -1.1279031038284302
v -0.4400859475135803 2.7 -1.062461495399475
v -0.6389057636260986 2.7 -0.9561900496482849
v -0.8131728172302246 2.7 -0.8131728172302246
v -0.9561900496482849 2.7 -0.6389057636260986
v -1.062461495399475 2.7 -0.4400859475135803
v -1.1279031038284302 2.7 -0.2243538647890091
v -1.149999976158142 2.7 -2.816687628596988e-16
v -1.1358416080474854 2.534492337703705 0
v -1.1140167713165283 2.534492337703705 0.22159169614315033
v -1.0493807792663574 2.534492337703705 0.43466776609420776
v -0.9444177746772766 2.534492337703705 0.6310397982597351
v -0.8031612634658813 2.534492337703705 0.8031612634658813
v -0.6310397982597351 2.534492337703705 0.9444177746772766
v -0.43466776609420776 2.534492337703705 1.0493807792663574
v -0.22159169614315033 2.534492337703705 1.1140167713165283
v -6.955023925852012e-17 2.534492337703705 1.1358416080474854
v 0.22159169614315033 2.534492337703705 1.1140167713165283
v 0.43466776609420776 2.534492337703705 1.0493807792663574
v 0.6310397982597351 2.534492337703705 0.9444177746772766
v 0.8031612634658813 2.534492337703705 0.8031612634658813
v 0.9444177746772766 2.534492337703705 0.6310397982597351
v 1.0493807792663574 2.534492337703705 0.43466776609420776
v 1.1140167713165283 2.534492337703705 0.22159169614315033
v 1.1358416080474854 2.534492337703705 1.3910047851704025e-16
v 1.1140167713165283 2.534492337703705 -0.22159169614315033
v 1.0493807792663574 2.534492337703705 -0.43466776609420776
v 0.9444177746772766 2.534492337703705 -0.6310397982597351
v 0.8031612634658813 2.534492337703705 -0.8031612634658813
v 0.6310397982597351 2.534492337703705 -0.9444177746772766
v 0.43466776609420776 2.534492337703705 -1.0493807792663574
v 0.22159169614315033 2.534492337703705 -1.1140167713165283
v 2.0865071115811547e-16 2.534492337703705 -1.1358416080474854
v -0.22159169614315033 2.534492337703705 -1.1140167713165283
v -0.43466776609420776 2.534492337703705 -1.0493807792663574
v -0.6310397982597351 2.534492337703705 -0.9444177746772766
v -0.8031612634658813 2.534492337703705 -0.8031612634658813
v -0.9444177746772766 2.534492337703705 -0.6310397982597351
v -1.0493807792663574 2.534492337703705 -0.43466776609420776
v -1.1140167713165283 2.534492337703705 -0.22159169614315033
v -1.1358416080474854 2.534492337703705 -2.782009570340805e-16
v -1.093714952468872 2.3730600249767306 0
v -1.0726995468139648 2.3730600249767306 0.21337321400642395
v -1.0104608535766602 2.3730600249767306 0.4185466170310974
v -0.9093908071517944 2.3730600249767306 0.607635498046875
v -0.7733733057975769 2.3730600249767306 0.7733733057975769
v -0.607635498046875 2.3730600249767306 0.9093908071517944
v -0.4185466170310974 2.3730600249767306 1.0104608535766602
v -0.21337321400642395 2.3730600249767306 1.0726995468139648
v -6.697072614911026e-17 2.3730600249767306 1.093714952468872
v 0.21337321400642395 2.3730600249767306 1.0726995468139648
v 0.4185466170310974 2.3730600249767306 1.0104608535766602
v 0.607635498046875 2.3730600249767306 0.9093908071517944
v 0.7733733057975769 2.3730600249767306 0.7733733057975769
v 0.9093908071517944 2.3730600249767306 0.607635498046875
v 1.0104608535766602 2.3730600249767306 0.4185466170310974
v 1.0726995468139648 2.3730600249767306 0.21337321400642395
v 1.093714952468872 2.3730600249767306 1.3394145229822052e-16
v 1.0726995468139648 2.3730600249767306 -0.21337321400642395
v 1.0104608535766602 2.3730600249767306 -0.4185466170310974
v 0.9093908071517944 2.3730600249767306 -0.607635498046875
v 0.7733733057975769 2.3730600249767306 -0.7733733057975769
v 0.607635498046875 2.3730600249767306 -0.9093908071517944
v 0.4185466170310974 2.3730600249767306 -1.0104608535766602
v 0.21337321400642395 2.3730600249767306 -1.0726995468139648
v 2.0091217844733078e-16 2.3730600249767306 -1.093714952468872
v -0.21337321400642395 2.3730600249767306 -1.0726995468139648
v -0.4185466170310974 2.3730600249767306 -1.0104608535766602
v -0.607635498046875 2.3730600249767306 -0.9093908071517944
v -0.7733733057975769 2.3730600249767306 -0.7733733057975769
v -0.9093908071517944 2.3730600249767306 -0.607635498046875
v -1.0104608535766602 2.3730600249767306 -0.4185466170310974
v -1.0726995468139648 2.3730600249767306 -0.21337321400642395
v -1.093714952468872 2.3730600249767306 -2.6788290459644104e-16
v -1.0246574878692627 2.2196780610084534 0
v -1.0049690008163452 2.2196780610084534 0.1999007612466812
v -0.9466601014137268 2.2196780610084534 0.392119437456131
v -0.8519715666770935 2.2196780610084534 0.5692691802978516
v -0.7245422601699829 2.2196780610084534 0.7245422601699829
v -0.5692691802978516 2.2196780610084534 0.8519715666770935
v -0.392119437456131 2.2196780610084534 0.9466601014137268
v -0.1999007612466812 2.2196780610084534 1.0049690008163452
v -6.274217885773918e-17 2.2196780610084534 1.0246574878692627
v 0.1999007612466812 2.2196780610084534 1.0049690008163452
v 0.392119437456131 2.2196780610084534 0.9466601014137268
v 0.5692691802978516 2.2196780610084534 0.8519715666770935
v 0.7245422601699829 2.2196780610084534 0.7245422601699829
v 0.8519715666770935 2.2196780610084534 0.5692691802978516
v 0.9466601014137268 2.2196780610084534 0.392119437456131
v 1.0049690008163452 2.2196780610084534 0.1999007612466812
v 1.0246574878692627 2.2196780610084534 1.2548435771547837e-16
v 1.0049690008163452 2.2196780610084534 -0.1999007612466812
v 0.9466601014137268 2.2196780610084534 -0.392119437456131
v 0.8519715666770935 2.2196780610084534 -0.5692691802978516
v 0.7245422601699829 2.2196780610084534 -0.7245422601699829
v 0.5692691802978516 2.2196780610084534 -0.8519715666770935
v 0.392119437456131 2.2196780610084534 -0.9466601014137268
v 0.1999007612466812 2.2196780610084534 -1.0049690008163452
v 1.8822652333832775e-16 2.2196780610084534 -1.0246574878692627
v -0.1999007612466812 2.2196780610084534 -1.0049690008163452
v -0.392119437456131 2.2196780610084534 -0.9466601014137268
v -0.5692691802978516 2.2196780610084534 -0.8519715666770935
v -0.7245422601699829 2.2196780610084534 -0.7245422601699829
v -0.8519715666770935 2.2196780610084534 -0.5692691802978516
v -0.9466601014137268 2.2196780610084534 -0.392119437456131
v -1.0049690008163452 2.2196780610084534 -0.1999007612466812
v -1.0246574878692627 2.2196780610084534 -2.5096871543095673e-16
v -0.9303695559501648 2.0781232118606567 0
v -0.9124927520751953 2.0781232118606567 0.18150609731674194
v -0.8595494031906128 2.0781232118606567 0.3560370206832886
v -0.7735739946365356 2.0781232118606567 0.5168856382369995
v -0.6578705906867981 2.0781232118606567 0.6578705906867981
v -0.5168856382369995 2.0781232118606567 0.7735739946365356
v -0.3560370206832886 2.0781232118606567 0.8595494031906128
v -0.18150609731674194 2.0781232118606567 0.9124927520751953
v -5.696870302758037e-17 2.0781232118606567 0.9303695559501648
v 0.18150609731674194 2.0781232118606567 0.9124927520751953
v 0.3560370206832886 2.0781232118606567 0.8595494031906128
v 0.5168856382369995 2.0781232118606567 0.7735739946365356
v 0.6578705906867981 2.0781232118606567 0.6578705906867981
v 0.7735739946365356 2.0781232118606567 0.5168856382369995
v 0.8595494031906128 2.0781232118606567 0.3560370206832886
v 0.9124927520751953 2.0781232118606567 0.18150609731674194
v 0.9303695559501648 2.0781232118606567 1.1393740605516073e-16
v 0.9124927520751953 2.0781232118606567 -0.18150609731674194
v 0.8595494031906128 2.0781232118606567 -0.3560370206832886
v 0.7735739946365356 2.0781232118606567 -0.5168856382369995
v 0.6578705906867981 2.0781232118606567 -0.6578705906867981
v 0.5168856382369995 2.0781232118606567 -0.7735739946365356
v 0.3560370206832886 2.0781232118606567 -0.8595494031906128
v 0.18150609731674194 2.0781232118606567 -0.9124927520751953
v 1.70906115700186e-16 2.0781232118606567 -0.9303695559501648
v -0.18150609731674194 2.0781232118606567 -0.9124927520751953
v -0.3560370206832886 2.0781232118606567 -0.8595494031906128
v -0.5168856382369995 2.0781232118606567 -0.7735739946365356
v -0.6578705906867981 2.0781232118606567 -0.6578705906867981
v -0.7735739946365356 2.0781232118606567 -0.5168856382369995
v -0.8595494031906128 2.0781232118606567 -0.3560370206832886
v -0.9124927520751953 2.0781232118606567 -0.18150609731674194
v -0.9303695559501648 2.0781232118606567 -2.2787481211032146e-16
v -0.8131728172302246 1.9518810081481934 0
v -0.7975479364395142 1.9518810081481934 0.15864214301109314
v -0.7512736916542053 1.9518810081481934 0.311187744140625
v -0.6761284470558167 1.9518810081481934 0.45177459716796875
v -0.574999988079071 1.9518810081481934 0.574999988079071
v -0.45177459716796875 1.9518810081481934 0.6761284470558167
v -0.311187744140625 1.9518810081481934 0.7512736916542053
v -0.15864214301109314 1.9518810081481934 0.7975479364395142
v -4.979247446231942e-17 1.9518810081481934 0.8131728172302246
v 0.15864214301109314 1.9518810081481934 0.7975479364395142
v 0.311187744140625 1.9518810081481934 0.7512736916542053
v 0.45177459716796875 1.9518810081481934 0.6761284470558167
v 0.574999988079071 1.9518810081481934 0.574999988079071
v 0.6761284470558167 1.9518810081481934 0.45177459716796875
v 0.7512736916542053 1.9518810081481934 0.311187744140625
v 0.7975479364395142 1.9518810081481934 0.15864214301109314
v 0.8131728172302246 1.9518810081481934 9.958494892463885e-17
v 0.7975479364395142 1.9518810081481934 -0.15864214301109314
v 0.7512736916542053 1.9518810081481934 -0.311187744140625
v 0.6761284470558167 1.9518810081481934 -0.45177459716796875
v 0.574999988079071 1.9518810081481934 -0.574999988079071
v 0.45177459716796875 1.9518810081481934 -0.6761284470558167
v 0.311187744140625 1.9518810081481934 -0.7512736916542053
v 0.15864214301109314 1.9518810081481934 -0.7975479364395142
v 1.4937742338695827e-16 1.9518810081481934 -0.8131728172302246
v -0.15864214301109314 1.9518810081481934 -0.7975479364395142
v -0.311187744140625 1.9518810081481934 -0.7512736916542053
v -0.45177459716796875 1.9518810081481934 -0.6761284470558167
v -0.574999988079071 1.9518810081481934 -0.574999988079071
v -0.6761284470558167 1.9518810081481934 -0.45177459716796875
v -0.7512736916542053 1.9518810081481934 -0.311187744140625
v -0.7975479364395142 1.9518810081481934 -0.15864214301109314
v -0.8131728172302246 1.9518810081481934 -1.991698978492777e-16
v -0.6759530305862427 1.8440600085258485 0
v -0.6629648208618164 1.8440600085258485 0.13187189400196075
v -0.6244992017745972 1.8440600085258485 0.25867602229118347
v -0.5620344281196594 1.8440600085258485 0.3755393922328949
v -0.47797098755836487 1.8440600085258485 0.47797098755836487
v -0.3755393922328949 1.8440600085258485 0.5620344281196594
v -0.25867602229118347 1.8440600085258485 0.6244992017745972
v -0.13187189400196075 1.8440600085258485 0.6629648208618164
v -4.139018555824258e-17 1.8440600085258485 0.6759530305862427
v 0.13187189400196075 1.8440600085258485 0.6629648208618164
v 0.25867602229118347 1.8440600085258485 0.6244992017745972
v 0.3755393922328949 1.8440600085258485 0.5620344281196594
v 0.47797098755836487 1.8440600085258485 0.47797098755836487
v 0.5620344281196594 1.8440600085258485 0.3755393922328949
v 0.6244992017745972 1.8440600085258485 0.25867602229118347
v 0.6629648208618164 1.8440600085258485 0.13187189400196075
v 0.6759530305862427 1.8440600085258485 8.278037111648516e-17
v 0.6629648208618164 1.8440600085258485 -0.13187189400196075
v 0.6244992017745972 1.8440600085258485 -0.25867602229118347
v 0.5620344281196594 1.8440600085258485 -0.3755393922328949
v 0.47797098755836487 1.8440600085258485 -0.47797098755836487
v 0.3755393922328949 1.8440600085258485 -0.5620344281196594
v 0.25867602229118347 1.8440600085258485 -0.6244992017745972
v 0.13187189400196075 1.8440600085258485 -0.6629648208618164
v 1.2417055667472774e-16 1.8440600085258485 -0.6759530305862427
v -0.13187189400196075 1.8440600085258485 -0.6629648208618164
v -0.25867602229118347 1.8440600085258485 -0.6244992017745972
v -0.3755393922328949 1.8440600085258485 -0.5620344281196594
v -0.47797098755836487 1.8440600085258485 -0.47797098755836487
v -0.5620344281196594 1.8440600085258485 -0.3755393922328949
v -0.6244992017745972 1.8440600085258485 -0.25867602229118347
v -0.6629648208618164 1.8440600085258485 -0.13187189400196075
v -0.6759530305862427 1.8440600085258485 -1.6556074223297032e-16
v -0.5220890641212463 1.7573151111602785 0
v -0.5120573043823242 1.7573151111602785 0.10185452550649643
v -0.48234739899635315 1.7573151111602785 0.19979484379291534
v -0.4341011941432953 1.7573151111602785 0.29005715250968933
v -0.36917272210121155 1.7573151111602785 0.36917272210121155
v -0.29005715250968933 1.7573151111602785 0.4341011941432953
v -0.19979484379291534 1.7573151111602785 0.48234739899635315
v -0.10185452550649643 1.7573151111602785 0.5120573043823242
v -3.1968737347606505e-17 1.7573151111602785 0.5220890641212463
v 0.10185452550649643 1.7573151111602785 0.5120573043823242
v 0.19979484379291534 1.7573151111602785 0.48234739899635315
v 0.29005715250968933 1.7573151111602785 0.4341011941432953
v 0.36917272210121155 1.7573151111602785 0.36917272210121155
v 0.4341011941432953 1.7573151111602785 0.29005715250968933
v 0.48234739899635315 1.7573151111602785 0.19979484379291534
v 0.5120573043823242 1.7573151111602785 0.10185452550649643
v 0.5220890641212463 1.7573151111602785 6.393747469521301e-17
v 0.5120573043823242 1.7573151111602785 -0.10185452550649643
v 0.48234739899635315 1.7573151111602785 -0.19979484379291534
v 0.4341011941432953 1.7573151111602785 -0.29005715250968933
v 0.36917272210121155 1.7573151111602785 -0.36917272210121155
v 0.29005715250968933 1.7573151111602785 -0.4341011941432953
v 0.19979484379291534 1.7573151111602785 -0.48234739899635315
v 0.10185452550649643 1.7573151111602785 -0.5120573043823242
v 9.590620542537461e-17 1.7573151111602785 -0.5220890641212463
v -0.10185452550649643 1.7573151111602785 -0.5120573043823242
v -0.19979484379291534 1.7573151111602785 -0.48234739899635315
v -0.29005715250968933 1.7573151111602785 -0.4341011941432953
v -0.36917272210121155 1.7573151111602785 -0.36917272210121155
v -0.4341011941432953 1.7573151111602785 -0.29005715250968933
v -0.48234739899635315 1.7573151111602785 -0.19979484379291534
v -0.5120573043823242 1.7573151111602785 -0.10185452550649643
v -0.5220890641212463 1.7573151111602785 -1.2787494939042602e-16
v -0.35536953806877136 1.6937822437286378 0
v -0.3485412299633026 1.6937822437286378 0.0693291574716568
v -0.32831865549087524 1.6937822437286378 0.13599403202533722
v -0.2954789698123932 1.6937822437286378 0.197432741522789
v -0.2512842118740082 1.6937822437286378 0.2512842118740082
v -0.197432741522789 1.6937822437286378 0.2954789698123932
v -0.13599403202533722 1.6937822437286378 0.32831865549087524
v -0.0693291574716568 1.6937822437286378 0.3485412299633026
v -2.176010932447924e-17 1.6937822437286378 0.35536953806877136
v 0.0693291574716568 1.6937822437286378 0.3485412299633026
v 0.13599403202533722 1.6937822437286378 0.32831865549087524
v 0.197432741522789 1.6937822437286378 0.2954789698123932
v 0.2512842118740082 1.6937822437286378 0.2512842118740082
v 0.2954789698123932 1.6937822437286378 0.197432741522789
v 0.32831865549087524 1.6937822437286378 0.13599403202533722
v 0.3485412299633026 1.6937822437286378 0.0693291574716568
v 0.35536953806877136 1.6937822437286378 4.352021864895848e-17
v 0.3485412299633026 1.6937822437286378 -0.0693291574716568
v 0.32831865549087524 1.6937822437286378 -0.13599403202533722
v 0.2954789698123932 1.6937822437286378 -0.197432741522789
v 0.2512842118740082 1.6937822437286378 -0.2512842118740082
v 0.197432741522789 1.6937822437286378 -0.2954789698123932
v 0.13599403202533722 1.6937822437286378 -0.32831865549087524
v 0.0693291574716568 1.6937822437286378 -0.3485412299633026
v 6.52803263190765e-17 1.6937822437286378 -0.35536953806877136
v -0.0693291574716568 1.6937822437286378 -0.3485412299633026
v -0.13599403202533722 1.6937822437286378 -0.32831865549087524
v -0.197432741522789 1.6937822437286378 -0.2954789698123932
v -0.2512842118740082 1.6937822437286378 -0.2512842118740082
v -0.2954789698123932 1.6937822437286378 -0.197432741522789
v -0.32831865549087524 1.6937822437286378 -0.13599403202533722
v -0.3485412299633026 1.6937822437286378 -0.0693291574716568
v -0.35536953806877136 1.6937822437286378 -8.704043729791696e-17
v -0.17989963293075562 1.6550257205963137 0
v -0.1764429211616516 1.6550257205963137 0.035096678882837296
v -0.16620558500289917 1.6550257205963137 0.06884460896253586
v -0.14958107471466064 1.6550257205963137 0.09994687885046005
v -0.12720824778079987 1.6550257205963137 0.12720824778079987
v -0.09994687885046005 1.6550257205963137 0.14958107471466064
v -0.06884460896253586 1.6550257205963137 0.16620558500289917
v -0.035096678882837296 1.6550257205963137 0.1764429211616516
v -1.1015675886751364e-17 1.6550257205963137 0.17989963293075562
v 0.035096678882837296 1.6550257205963137 0.1764429211616516
v 0.06884460896253586 1.6550257205963137 0.16620558500289917
v 0.09994687885046005 1.6550257205963137 0.14958107471466064
v 0.12720824778079987 1.6550257205963137 0.12720824778079987
v 0.14958107471466064 1.6550257205963137 0.09994687885046005
v 0.16620558500289917 1.6550257205963137 0.06884460896253586
v 0.1764429211616516 1.6550257205963137 0.035096678882837296
v 0.17989963293075562 1.6550257205963137 2.2031351773502728e-17
v 0.1764429211616516 1.6550257205963137 -0.035096678882837296
v 0.16620558500289917 1.6550257205963137 -0.06884460896253586
v 0.14958107471466064 1.6550257205963137 -0.09994687885046005
v 0.12720824778079987 1.6550257205963137 -0.12720824778079987
v 0.09994687885046005 1.6550257205963137 -0.14958107471466064
v 0.06884460896253586 1.6550257205963137 -0.16620558500289917
v 0.035096678882837296 1.6550257205963137 -0.1764429211616516
v 3.304702683307348e-17 1.6550257205963137 -0.17989963293075562
v -0.035096678882837296 1.6550257205963137 -0.1764429211616516
v -0.06884460896253586 1.6550257205963137 -0.16620558500289917
v -0.09994687885046005 1.6550257205963137 -0.14958107471466064
v -0.12720824778079987 1.6550257205963137 -0.12720824778079987
v -0.14958107471466064 1.6550257205963137 -0.09994687885046005
v -0.16620558500289917 1.6550257205963137 -0.06884460896253586
v -0.1764429211616516 1.6550257205963137 -0.035096678882837296
v -0.17989963293075562 1.6550257205963137 -4.4062703547005457e-17
v -1.408343814298494e-16 1.6420000219345094 0
v -1.3812828321693932e-16 1.6420000219345094 2.747542443140823e-17
v -1.3011400157715396e-16 1.6420000219345094 5.389498589811702e-17
v -1.1709951239615904e-16 1.6420000219345094 7.824339133575021e-17
v -9.958494892463885e-17 1.6420000219345094 9.958494892463885e-17
v -7.824339133575021e-17 1.6420000219345094 1.1709951239615904e-16
v -5.389498589811702e-17 1.6420000219345094 1.3011400157715396e-16
v -2.747542443140823e-17 1.6420000219345094 1.3812828321693932e-16
v -8.623619044832248e-33 1.6420000219345094 1.408343814298494e-16
v 2.747542443140823e-17 1.6420000219345094 1.3812828321693932e-16
v 5.389498589811702e-17 1.6420000219345094 1.3011400157715396e-16
v 7.824339133575021e-17 1.6420000219345094 1.1709951239615904e-16
v 9.958494892463885e-17 1.6420000219345094 9.958494892463885e-17
v 1.1709951239615904e-16 1.6420000219345094 7.824339133575021e-17
v 1.3011400157715396e-16 1.6420000219345094 5.389498589811702e-17
v 1.3812828321693932e-16 1.6420000219345094 2.747542443140823e-17
v 1.408343814298494e-16 1.6420000219345094 1.7247238089664497e-32
v 1.3812828321693932e-16 1.6420000219345094 -2.747542443140823e-17
v 1.3011400157715396e-16 1.6420000219345094 -5.389498589811702e-17
v 1.1709951239615904e-16 1.6420000219345094 -7.824339133575021e-17
v 9.958494892463885e-17 1.6420000219345094 -9.958494892463885e-17
v 7.824339133575021e-17 1.6420000219345094 -1.1709951239615904e-16
v 5.389498589811702e-17 1.6420000219345094 -1.3011400157715396e-16
v 2.747542443140823e-17 1.6420000219345094 -1.3812828321693932e-16
v 2.5870855665128806e-32 1.6420000219345094 -1.408343814298494e-16
v -2.747542443140823e-17 1.6420000219345094 -1.3812828321693932e-16
v -5.389498589811702e-17 1.6420000219345094 -1.3011400157715396e-16
v -7.824339133575021e-17 1.6420000219345094 -1.1709951239615904e-16
v -9.958494892463885e-17 1.6420000219345094 -9.958494892463885e-17
v -1.1709951239615904e-16 1.6420000219345094 -7.824339133575021e-17
v -1.3011400157715396e-16 1.6420000219345094 -5.389498589811702e-17
v -1.3812828321693932e-16 1.6420000219345094 -2.747542443140823e-17
v -1.408343814298494e-16 1.6420000219345094 -3.4494476179328993e-32
vt 0.015625 1
vt 0.046875 1
vt 0.078125 1
vt 0.109375 1
vt 0.140625 1
vt 0.171875 1
vt 0.203125 1
vt 0.234375 1
vt 0.265625 1
vt 0.296875 1
vt 0.328125 1
vt 0.359375 1
vt 0.390625 1
vt 0.421875 1
vt 0.453125 1
vt 0.484375 1
vt 0.515625 1
vt 0.546875 1
vt 0.578125 1
vt 0.609375 1
vt 0.640625 1
vt 0.671875 1
vt 0.703125 1
vt 0.734375 1
vt 0.765625 1
vt 0.796875 1
vt 0.828125 1
vt 0.859375 1
vt 0.890625 1
vt 0.921875 1
vt 0.953125 1
vt 0.984375 1
vt 1.015625 1
vt 0 0.949999988079071
vt 0.03125 0.949999988079071
vt 0.0625 0.949999988079071
vt 0.09375 0.949999988079071
vt 0.125 0.949999988079071
vt 0.15625 0.949999988079071
vt 0.1875 0.949999988079071
vt 0.21875 0.949999988079071
vt 0.25 0.949999988079071
vt 0.28125 0.949999988079071
vt 0.3125 0.949999988079071
vt 0.34375 0.949999988079071
vt 0.375 0.949999988079071
vt 0.40625 0.949999988079071
vt 0.4375 0.949999988079071
vt 0.46875 0.949999988079071
vt 0.5 0.949999988079071
vt 0.53125 0.949999988079071
vt 0.5625 0.949999988079071
vt 0.59375 0.949999988079071
vt 0.625 0.949999988079071
vt 0.65625 0.949999988079071
vt 0.6875 0.949999988079071
vt 0.71875 0.949999988079071
vt 0.75 0.949999988079071
vt 0.78125 0.949999988079071
vt 0.8125 0.949999988079071
vt 0.84375 0.949999988079071
vt 0.875 0.949999988079071
vt 0.90625 0.949999988079071
vt 0.9375 0.949999988079071
vt 0.96875 0.949999988079071
vt 1 0.949999988079071
vt 0 0.8999999761581421
vt 0.03125 0.8999999761581421
vt 0.0625 0.8999999761581421
vt 0.09375 0.8999999761581421
vt 0.125 0.8999999761581421
vt 0.15625 0.8999999761581421
vt 0.1875 0.8999999761581421
vt 0.21875 0.8999999761581421
vt 0.25 0.8999999761581421
vt 0.28125 0.8999999761581421
vt 0.3125 0.8999999761581421
vt 0.34375 0.8999999761581421
vt 0.375 0.8999999761581421
vt 0.40625 0.8999999761581421
vt 0.4375 0.8999999761581421
vt 0.46875 0.8999999761581421
vt 0.5 0.8999999761581421
vt 0.53125 0.8999999761581421
vt 0.5625 0.8999999761581421
vt 0.59375 0.8999999761581421
vt 0.625 0.8999999761581421
vt 0.65625 0.8999999761581421
vt 0.6875 0.8999999761581421
vt 0.71875 0.8999999761581421
vt 0.75 0.8999999761581421
vt 0.78125 0.8999999761581421
vt 0.8125 0.8999999761581421
vt 0.84375 0.8999999761581421
vt 0.875 0.8999999761581421
vt 0.90625 0.8999999761581421
vt 0.9375 0.8999999761581421
vt 0.96875 0.8999999761581421
vt 1 0.8999999761581421
vt 0 0.8500000238418579
vt 0.03125 0.8500000238418579
vt 0.0625 0.8500000238418579
vt 0.09375 0.8500000238418579
vt 0.125 0.8500000238418579
vt 0.15625 0.8500000238418579
vt 0.1875 0.8500000238418579
vt 0.21875 0.8500000238418579
vt 0.25 0.8500000238418579
vt 0.28125 0.8500000238418579
vt 0.3125 0.8500000238418579
vt 0.34375 0.8500000238418579
vt 0.375 0.8500000238418579
vt 0.40625 0.8500000238418579
vt 0.4375 0.8500000238418579
vt 0.46875 0.8500000238418579
vt 0.5 0.8500000238418579
vt 0.53125 0.8500000238418579
vt 0.5625 0.8500000238418579
vt 0.59375 0.8500000238418579
vt 0.625 0.8500000238418579
vt 0.65625 0.8500000238418579
vt 0.6875 0.8500000238418579
vt 0.71875 0.8500000238418579
vt 0.75 0.8500000238418579
vt 0.78125 0.8500000238418579
vt 0.8125 0.8500000238418579
vt 0.84375 0.8500000238418579
vt 0.875 0.8500000238418579
vt 0.90625 0.8500000238418579
vt 0.9375 0.8500000238418579
vt 0.96875 0.8500000238418579
vt 1 0.8500000238418579
vt 0 0.800000011920929
vt 0.03125 0.800000011920929
vt 0.0625 0.800000011920929
vt 0.09375 0.800000011920929
vt 0.125 0.800000011920929
vt 0.15625 0.800000011920929
vt 0.1875 0.800000011920929
vt 0.21875 0.800000011920929
vt 0.25 0.800000011920929
vt 0.28125 0.800000011920929
vt 0.3125 0.800000011920929
vt 0.34375 0.800000011920929
vt 0.375 0.800000011920929
vt 0.40625 0.800000011920929
vt 0.4375 0.800000011920929
vt 0.46875 0.800000011920929
vt 0.5 0.800000011920929
vt 0.53125 0.800000011920929
vt 0.5625 0.800000011920929
vt 0.59375 0.800000011920929
vt 0.625 0.800000011920929
vt 0.65625 0.800000011920929
vt 0.6875 0.800000011920929
vt 0.71875 0.800000011920929
vt 0.75 0.800000011920929
vt 0.78125 0.800000011920929
vt 0.8125 0.800000011920929
vt 0.84375 0.800000011920929
vt 0.875 0.800000011920929
vt 0.90625 0.800000011920929
vt 0.9375 0.800000011920929
vt 0.96875 0.800000011920929
vt 1 0.800000011920929
vt 0 0.75
vt 0.03125 0.75
vt 0.0625 0.75
vt 0.09375 0.75
vt 0.125 0.75
vt 0.15625 0.75
vt 0.1875 0.75
vt 0.21875 0.75
vt 0.25 0.75
vt 0.28125 0.75
vt 0.3125 0.75
vt 0.34375 0.75
vt 0.375 0.75
vt 0.40625 0.75
vt 0.4375 0.75
vt 0.46875 0.75
vt 0.5 0.75
vt 0.53125 0.75
vt 0.5625 0.75
vt 0.59375 0.75
vt 0.625 0.75
vt 0.65625 0.75
vt 0.6875 0.75
vt 0.71875 0.75
vt 0.75 0.75
vt 0.78125 0.75
vt 0.8125 0.75
vt 0.84375 0.75
vt 0.875 0.75
vt 0.90625 0.75
vt 0.9375 0.75
vt 0.96875 0.75
vt 1 0.75
vt 0 0.699999988079071
vt 0.03125 0.699999988079071
vt 0.0625 0.699999988079071
vt 0.09375 0.699999988079071
vt 0.125 0.699999988079071
vt 0.15625 0.699999988079071
vt 0.1875 0.699999988079071
vt 0.21875 0.699999988079071
vt 0.25 0.699999988079071
vt 0.28125 0.699999988079071
vt 0.3125 0.699999988079071
vt 0.34375 0.699999988079071
vt 0.375 0.699999988079071
vt 0.40625 0.699999988079071
vt 0.4375 0.699999988079071
vt 0.46875 0.699999988079071
vt 0.5 0.699999988079071
vt 0.53125 0.699999988079071
vt 0.5625 0.699999988079071
vt 0.59375 0.699999988079071
vt 0.625 0.699999988079071
vt 0.65625 0.699999988079071
vt 0.6875 0.699999988079071
vt 0.71875 0.699999988079071
vt 0.75 0.699999988079071
vt 0.78125 0.699999988079071
vt 0.8125 0.699999988079071
vt 0.84375 0.699999988079071
vt 0.875 0.699999988079071
vt 0.90625 0.699999988079071
vt 0.9375 0.699999988079071
vt 0.96875 0.699999988079071
vt 1 0.699999988079071
vt 0 0.6499999761581421
vt 0.03125 0.6499999761581421
vt 0.0625 0.6499999761581421
vt 0.09375 0.6499999761581421
vt 0.125 0.6499999761581421
vt 0.15625 0.6499999761581421
vt 0.1875 0.6499999761581421
vt 0.21875 0.6499999761581421
vt 0.25 0.6499999761581421
vt 0.28125 0.6499999761581421
vt 0.3125 0.6499999761581421
vt 0.34375 0.6499999761581421
vt 0.375 0.6499999761581421
vt 0.40625 0.6499999761581421
vt 0.4375 0.6499999761581421
vt 0.46875 0.6499999761581421
vt 0.5 0.6499999761581421
vt 0.53125 0.6499999761581421
vt 0.5625 0.6499999761581421
vt 0.59375 0.6499999761581421
vt 0.625 0.6499999761581421
vt 0.65625 0.6499999761581421
vt 0.6875 0.6499999761581421
vt 0.71875 0.6499999761581421
vt 0.75 0.6499999761581421
vt 0.78125 0.6499999761581421
vt 0.8125 0.6499999761581421
vt 0.84375 0.6499999761581421
vt 0.875 0.6499999761581421
vt 0.90625 0.6499999761581421
vt 0.9375 0.6499999761581421
vt 0.96875 0.6499999761581421
vt 1 0.6499999761581421
vt 0 0.6000000238418579
vt 0.03125 0.6000000238418579
vt 0.0625 0.6000000238418579
vt 0.09375 0.6000000238418579
vt 0.125 0.6000000238418579
vt 0.15625 0.6000000238418579
vt 0.1875 0.6000000238418579
vt 0.21875 0.6000000238418579
vt 0.25 0.6000000238418579
vt 0.28125 0.6000000238418579
vt 0.3125 0.6000000238418579
vt 0.34375 0.6000000238418579
vt 0.375 0.6000000238418579
vt 0.40625 0.6000000238418579
vt 0.4375 0.6000000238418579
vt 0.46875 0.6000000238418579
vt 0.5 0.6000000238418579
vt 0.53125 0.6000000238418579
vt 0.5625 0.6000000238418579
vt 0.59375 0.6000000238418579
vt 0.625 0.6000000238418579
vt 0.65625 0.6000000238418579
vt 0.6875 0.6000000238418579
vt 0.71875 0.6000000238418579
vt 0.75 0.6000000238418579
vt 0.78125 0.6000000238418579
vt 0.8125 0.6000000238418579
vt 0.84375 0.6000000238418579
vt 0.875 0.6000000238418579
vt 0.90625 0.6000000238418579
vt 0.9375 0.6000000238418579
vt 0.96875 0.6000000238418579
vt 1 0.6000000238418579
vt 0 0.550000011920929
vt 0.03125 0.550000011920929
vt 0.0625 0.550000011920929
vt 0.09375 0.550000011920929
vt 0.125 0.550000011920929
vt 0.15625 0.550000011920929
vt 0.1875 0.550000011920929
vt 0.21875 0.550000011920929
vt 0.25 0.550000011920929
vt 0.28125 0.550000011920929
vt 0.3125 0.550000011920929
vt 0.34375 0.550000011920929
vt 0.375 0.550000011920929
vt 0.40625 0.550000011920929
vt 0.4375 0.550000011920929
vt 0.46875 0.550000011920929
vt 0.5 0.550000011920929
vt 0.53125 0.550000011920929
vt 0.5625 0.550000011920929
vt 0.59375 0.550000011920929
vt 0.625 0.550000011920929
vt 0.65625 0.550000011920929
vt 0.6875 0.550000011920929
vt 0.71875 0.550000011920929
vt 0.75 0.550000011920929
vt 0.78125 0.550000011920929
vt 0.8125 0.550000011920929
vt 0.84375 0.550000011920929
vt 0.875 0.550000011920929
vt 0.90625 0.550000011920929
vt 0.9375 0.550000011920929
vt 0.96875 0.550000011920929
vt 1 0.550000011920929
vt 0 0.5
vt 0.03125 0.5
vt 0.0625 0.5
vt 0.09375 0.5
vt 0.125 0.5
vt 0.15625 0.5
vt 0.1875 0.5
vt 0.21875 0.5
vt 0.25 0.5
vt 0.28125 0.5
vt 0.3125 0.5
vt 0.34375 0.5
vt 0.375 0.5
vt 0.40625 0.5
vt 0.4375 0.5
vt 0.46875 0.5
vt 0.5 0.5
vt 0.53125 0.5
vt 0.5625 0.5
vt 0.59375 0.5
vt 0.625 0.5
vt 0.65625 0.5
vt 0.6875 0.5
vt 0.71875 0.5
vt 0.75 0.5
vt 0.78125 0.5
vt 0.8125 0.5
vt 0.84375 0.5
vt 0.875 0.5
vt 0.90625 0.5
vt 0.9375 0.5
vt 0.96875 0.5
vt 1 0.5
vt 0 0.44999998807907104
vt 0.03125 0.44999998807907104
vt 0.0625 0.44999998807907104
vt 0.09375 0.44999998807907104
vt 0.125 0.44999998807907104
vt 0.15625 0.44999998807907104
vt 0.1875 0.44999998807907104
vt 0.21875 0.44999998807907104
vt 0.25 0.44999998807907104
vt 0.28125 0.44999998807907104
vt 0.3125 0.44999998807907104
vt 0.34375 0.44999998807907104
vt 0.375 0.44999998807907104
vt 0.40625 0.44999998807907104
vt 0.4375 0.44999998807907104
vt 0.46875 0.44999998807907104
vt 0.5 0.44999998807907104
vt 0.53125 0.44999998807907104
vt 0.5625 0.44999998807907104
vt 0.59375 0.44999998807907104
vt 0.625 0.44999998807907104
vt 0.65625 0.44999998807907104
vt 0.6875 0.44999998807907104
vt 0.71875 0.44999998807907104
vt 0.75 0.44999998807907104
vt 0.78125 0.44999998807907104
vt 0.8125 0.44999998807907104
vt 0.84375 0.44999998807907104
vt 0.875 0.44999998807907104
vt 0.90625 0.44999998807907104
vt 0.9375 0.44999998807907104
vt 0.96875 0.44999998807907104
vt 1 0.44999998807907104
vt 0 0.4000000059604645
vt 0.03125 0.4000000059604645
vt 0.0625 0.4000000059604645
vt 0.09375 0.4000000059604645
vt 0.125 0.4000000059604645
vt 0.15625 0.4000000059604645
vt 0.1875 0.4000000059604645
vt 0.21875 0.4000000059604645
vt 0.25 0.4000000059604645
vt 0.28125 0.4000000059604645
vt 0.3125 0.4000000059604645
vt 0.34375 0.4000000059604645
vt 0.375 0.4000000059604645
vt 0.40625 0.4000000059604645
vt 0.4375 0.4000000059604645
vt 0.46875 0.4000000059604645
vt 0.5 0.4000000059604645
vt 0.53125 0.4000000059604645
vt 0.5625 0.4000000059604645
vt 0.59375 0.4000000059604645
vt 0.625 0.4000000059604645
vt 0.65625 0.4000000059604645
vt 0.6875 0.4000000059604645
vt 0.71875 0.4000000059604645
vt 0.75 0.4000000059604645
vt 0.78125 0.4000000059604645
vt 0.8125 0.4000000059604645
vt 0.84375 0.4000000059604645
vt 0.875 0.4000000059604645
vt 0.90625 0.4000000059604645
vt 0.9375 0.4000000059604645
vt 0.96875 0.4000000059604645
vt 1 0.4000000059604645
vt 0 0.3499999940395355
vt 0.03125 0.3499999940395355
vt 0.0625 0.3499999940395355
vt 0.09375 0.3499999940395355
vt 0.125 0.3499999940395355
vt 0.15625 0.3499999940395355
vt 0.1875 0.3499999940395355
vt 0.21875 0.3499999940395355
vt 0.25 0.3499999940395355
vt 0.28125 0.3499999940395355
vt 0.3125 0.3499999940395355
vt 0.34375 0.3499999940395355
vt 0.375 0.3499999940395355
vt 0.40625 0.3499999940395355
vt 0.4375 0.3499999940395355
vt 0.46875 0.3499999940395355
vt 0.5 0.3499999940395355
vt 0.53125 0.3499999940395355
vt 0.5625 0.3499999940395355
vt 0.59375 0.3499999940395355
vt 0.625 0.3499999940395355
vt 0.65625 0.3499999940395355
vt 0.6875 0.3499999940395355
vt 0.71875 0.3499999940395355
vt 0.75 0.3499999940395355
vt 0.78125 0.3499999940395355
vt 0.8125 0.3499999940395355
vt 0.84375 0.3499999940395355
vt 0.875 0.3499999940395355
vt 0.90625 0.3499999940395355
vt 0.9375 0.3499999940395355
vt 0.96875 0.3499999940395355
vt 1 0.3499999940395355
vt 0 0.30000001192092896
vt 0.03125 0.30000001192092896
vt 0.0625 0.30000001192092896
vt 0.09375 0.30000001192092896
vt 0.125 0.30000001192092896
vt 0.15625 0.30000001192092896
vt 0.1875 0.30000001192092896
vt 0.21875 0.30000001192092896
vt 0.25 0.30000001192092896
vt 0.28125 0.30000001192092896
vt 0.3125 0.30000001192092896
vt 0.34375 0.30000001192092896
vt 0.375 0.30000001192092896
vt 0.40625 0.30000001192092896
vt 0.4375 0.30000001192092896
vt 0.46875 0.30000001192092896
vt 0.5 0.30000001192092896
vt 0.53125 0.30000001192092896
vt 0.5625 0.30000001192092896
vt 0.59375 0.30000001192092896
vt 0.625 0.30000001192092896
vt 0.65625 0.30000001192092896
vt 0.6875 0.30000001192092896
vt 0.71875 0.30000001192092896
vt 0.75 0.30000001192092896
vt 0.78125 0.30000001192092896
vt 0.8125 0.30000001192092896
vt 0.84375 0.30000001192092896
vt 0.875 0.30000001192092896
vt 0.90625 0.30000001192092896
vt 0.9375 0.30000001192092896
vt 0.96875 0.30000001192092896
vt 1 0.30000001192092896
vt 0 0.25
vt 0.03125 0.25
vt 0.0625 0.25
vt 0.09375 0.25
vt 0.125 0.25
vt 0.15625 0.25
vt 0.1875 0.25
vt 0.21875 0.25
vt 0.25 0.25
vt 0.28125 0.25
vt 0.3125 0.25
vt 0.34375 0.25
vt 0.375 0.25
vt 0.40625 0.25
vt 0.4375 0.25
vt 0.46875 0.25
vt 0.5 0.25
vt 0.53125 0.25
vt 0.5625 0.25
vt 0.59375 0.25
vt 0.625 0.25
vt 0.65625 0.25
vt 0.6875 0.25
vt 0.71875 0.25
vt 0.75 0.25
vt 0.78125 0.25
vt 0.8125 0.25
vt 0.84375 0.25
vt 0.875 0.25
vt 0.90625 0.25
vt 0.9375 0.25
vt 0.96875 0.25
vt 1 0.25
vt 0 0.20000000298023224
vt 0.03125 0.20000000298023224
vt 0.0625 0.20000000298023224
vt 0.09375 0.20000000298023224
vt 0.125 0.20000000298023224
vt 0.15625 0.20000000298023224
vt 0.1875 0.20000000298023224
vt 0.21875 0.20000000298023224
vt 0.25 0.20000000298023224
vt 0.28125 0.20000000298023224
vt 0.3125 0.20000000298023224
vt 0.34375 0.20000000298023224
vt 0.375 0.20000000298023224
vt 0.40625 0.20000000298023224
vt 0.4375 0.20000000298023224
vt 0.46875 0.20000000298023224
vt 0.5 0.20000000298023224
vt 0.53125 0.20000000298023224
vt 0.5625 0.20000000298023224
vt 0.59375 0.20000000298023224
vt 0.625 0.20000000298023224
vt 0.65625 0.20000000298023224
vt 0.6875 0.20000000298023224
vt 0.71875 0.20000000298023224
vt 0.75 0.20000000298023224
vt 0.78125 0.20000000298023224
vt 0.8125 0.20000000298023224
vt 0.84375 0.20000000298023224
vt 0.875 0.20000000298023224
vt 0.90625 0.20000000298023224
vt 0.9375 0.20000000298023224
vt 0.96875 0.20000000298023224
vt 1 0.20000000298023224
vt 0 0.15000000596046448
vt 0.03125 0.15000000596046448
vt 0.0625 0.15000000596046448
vt 0.09375 0.15000000596046448
vt 0.125 0.15000000596046448
vt 0.15625 0.15000000596046448
vt 0.1875 0.15000000596046448
vt 0.21875 0.15000000596046448
vt 0.25 0.15000000596046448
vt 0.28125 0.15000000596046448
vt 0.3125 0.15000000596046448
vt 0.34375 0.15000000596046448
vt 0.375 0.15000000596046448
vt 0.40625 0.15000000596046448
vt 0.4375 0.15000000596046448
vt 0.46875 0.15000000596046448
vt 0.5 0.15000000596046448
vt 0.53125 0.15000000596046448
vt 0.5625 0.15000000596046448
vt 0.59375 0.15000000596046448
vt 0.625 0.15000000596046448
vt 0.65625 0.15000000596046448
vt 0.6875 0.15000000596046448
vt 0.71875 0.15000000596046448
vt 0.75 0.15000000596046448
vt 0.78125 0.15000000596046448
vt 0.8125 0.15000000596046448
vt 0.84375 0.15000000596046448
vt 0.875 0.15000000596046448
vt 0.90625 0.15000000596046448
vt 0.9375 0.15000000596046448
vt 0.96875 0.15000000596046448
vt 1 0.15000000596046448
vt 0 0.10000000149011612
vt 0.03125 0.10000000149011612
vt 0.0625 0.10000000149011612
vt 0.09375 0.10000000149011612
vt 0.125 0.10000000149011612
vt 0.15625 0.10000000149011612
vt 0.1875 0.10000000149011612
vt 0.21875 0.10000000149011612
vt 0.25 0.10000000149011612
vt 0.28125 0.10000000149011612
vt 0.3125 0.10000000149011612
vt 0.34375 0.10000000149011612
vt 0.375 0.10000000149011612
vt 0.40625 0.10000000149011612
vt 0.4375 0.10000000149011612
vt 0.46875 0.10000000149011612
vt 0.5 0.10000000149011612
vt 0.53125 0.10000000149011612
vt 0.5625 0.10000000149011612
vt 0.59375 0.10000000149011612
vt 0.625 0.10000000149011612
vt 0.65625 0.10000000149011612
vt 0.6875 0.10000000149011612
vt 0.71875 0.10000000149011612
vt 0.75 0.10000000149011612
vt 0.78125 0.10000000149011612
vt 0.8125 0.10000000149011612
vt 0.84375 0.10000000149011612
vt 0.875 0.10000000149011612
vt 0.90625 0.10000000149011612
vt 0.9375 0.10000000149011612
vt 0.96875 0.10000000149011612
vt 1 0.10000000149011612
vt 0 0.05000000074505806
vt 0.03125 0.05000000074505806
vt 0.0625 0.05000000074505806
vt 0.09375 0.05000000074505806
vt 0.125 0.05000000074505806
vt 0.15625 0.05000000074505806
vt 0.1875 0.05000000074505806
vt 0.21875 0.05000000074505806
vt 0.25 0.05000000074505806
vt 0.28125 0.05000000074505806
vt 0.3125 0.05000000074505806
vt 0.34375 0.05000000074505806
vt 0.375 0.05000000074505806
vt 0.40625 0.05000000074505806
vt 0.4375 0.05000000074505806
vt 0.46875 0.05000000074505806
vt 0.5 0.05000000074505806
vt 0.53125 0.05000000074505806
vt 0.5625 0.05000000074505806
vt 0.59375 0.05000000074505806
vt 0.625 0.05000000074505806
vt 0.65625 0.05000000074505806
vt 0.6875 0.05000000074505806
vt 0.71875 0.05000000074505806
vt 0.75 0.05000000074505806
vt 0.78125 0.05000000074505806
vt 0.8125 0.05000000074505806
vt 0.84375 0.05000000074505806
vt 0.875 0.05000000074505806
vt 0.90625 0.05000000074505806
vt 0.9375 0.05000000074505806
vt 0.96875 0.05000000074505806
vt 1 0.05000000074505806
vt -0.015625 0
vt 0.015625 0
vt 0.046875 0
vt 0.078125 0
vt 0.109375 0
vt 0.140625 0
vt 0.171875 0
vt 0.203125 0
vt 0.234375 0
vt 0.265625 0
vt 0.296875 0
vt 0.328125 0
vt 0.359375 0
vt 0.390625 0
vt 0.421875 0
vt 0.453125 0
vt 0.484375 0
vt 0.515625 0
vt 0.546875 0
vt 0.578125 0
vt 0.609375 0
vt 0.640625 0
vt 0.671875 0
vt 0.703125 0
vt 0.734375 0
vt 0.765625 0
vt 0.796875 0
vt 0.828125 0
vt 0.859375 0
vt 0.890625 0
vt 0.921875 0
vt 0.953125 0
vt 0.984375 0
vn 0 1 0
vn 0 1 0
vn 0 1 0
vn 0 1 0
vn 0 1 0
vn 0 1 0
vn 0 1 0
vn 0 1 0
vn 0 1 0
vn 0 1 0
vn 0 1 0
vn 0 1 0
vn 0 1 0
vn 0 1 0
vn 0 1 0
vn 0 1 0
vn 0 1 0
vn 0 1 0
vn 0 1 0
vn 0 1 0
vn 0 1 0
vn 0 1 0
vn 0 1 0
vn 0 1 0
vn 0 1 0
vn 0 1 0
vn 0 1 0
vn 0 1 0
vn 0 1 0
vn 0 1 0
vn 0 1 0
vn 0 1 0
vn 0 1 0
vn -0.14419095339558574 0.9895498819962902 0
vn -0.14142036192449298 0.9895498823643815 0.028130260322011044
vn -0.13321507395370283 0.9895498814459471 0.05517949077167609
vn -0.11989040202063928 0.9895498813194211 0.08010820110356429
vn -0.10195840393448646 0.9895498813775202 0.10195840393448646
vn -0.08010820110356429 0.9895498813194211 0.11989040202063928
vn -0.05517949077167609 0.9895498814459471 0.13321507395370283
vn -0.028130260322011044 0.9895498823643815 0.14142036192449298
vn -8.829149613001807e-18 0.9895498819962902 0.14419095339558574
vn 0.028130260322011044 0.9895498823643815 0.14142036192449298
vn 0.05517949077167609 0.9895498814459471 0.13321507395370283
vn 0.08010820110356429 0.9895498813194211 0.11989040202063928
vn 0.10195840393448646 0.9895498813775202 0.10195840393448646
vn 0.11989040202063928 0.9895498813194211 0.08010820110356429
vn 0.13321507395370283 0.9895498814459471 0.05517949077167609
vn 0.14142036192449298 0.9895498823643815 0.028130260322011044
vn 0.14419095339558574 0.9895498819962902 1.7658299226003614e-17
vn 0.14142036192449298 0.9895498823643815 -0.028130260322011044
vn 0.13321507395370283 0.9895498814459471 -0.05517949077167609
vn 0.11989040202063928 0.9895498813194211 -0.08010820110356429
vn 0.10195840393448646 0.9895498813775202 -0.10195840393448646
vn 0.08010820110356429 0.9895498813194211 -0.11989040202063928
vn 0.05517949077167609 0.9895498814459471 -0.13321507395370283
vn 0.028130260322011044 0.9895498823643815 -0.14142036192449298
vn 2.6487449601445873e-17 0.9895498819962902 -0.14419095339558574
vn -0.028130260322011044 0.9895498823643815 -0.14142036192449298
vn -0.05517949077167609 0.9895498814459471 -0.13321507395370283
vn -0.08010820110356429 0.9895498813194211 -0.11989040202063928
vn -0.10195840393448646 0.9895498813775202 -0.10195840393448646
vn -0.11989040202063928 0.9895498813194211 -0.08010820110356429
vn -0.13321507395370283 0.9895498814459471 -0.05517949077167609
vn -0.14142036192449298 0.9895498823643815 -0.028130260322011044
vn -0.14419095339558574 0.9895498819962902 -3.531659845200723e-17
vn -0.28640380738798477 0.9581090016870034 0
vn -0.2809006211199264 0.9581090069191992 0.05587460885541097
vn -0.26460260949568437 0.9581090038872913 0.10960198774738071
vn -0.2381360641773826 0.9581090019232021 0.15911742636125992
vn -0.20251806339843947 0.9581090063216665 0.20251806339843947
vn -0.15911742636125992 0.9581090019232021 0.2381360641773826
vn -0.10960198774738071 0.9581090038872913 0.26460260949568437
vn -0.05587460885541097 0.9581090069191992 0.2809006211199264
vn -1.753717540322794e-17 0.9581090016870034 0.28640380738798477
vn 0.05587460885541097 0.9581090069191992 0.2809006211199264
vn 0.10960198774738071 0.9581090038872913 0.26460260949568437
vn 0.15911742636125992 0.9581090019232021 0.2381360641773826
vn 0.20251806339843947 0.9581090063216665 0.20251806339843947
vn 0.2381360641773826 0.9581090019232021 0.15911742636125992
vn 0.26460260949568437 0.9581090038872913 0.10960198774738071
vn 0.2809006211199264 0.9581090069191992 0.05587460885541097
vn 0.28640380738798477 0.9581090016870034 3.507435080645588e-17
vn 0.2809006211199264 0.9581090069191992 -0.05587460885541097
vn 0.26460260949568437 0.9581090038872913 -0.10960198774738071
vn 0.2381360641773826 0.9581090019232021 -0.15911742636125992
vn 0.20251806339843947 0.9581090063216665 -0.20251806339843947
vn 0.15911742636125992 0.9581090019232021 -0.2381360641773826
vn 0.10960198774738071 0.9581090038872913 -0.26460260949568437
vn 0.05587460885541097 0.9581090069191992 -0.2809006211199264
vn 5.2611524676385174e-17 0.9581090016870034 -0.28640380738798477
vn -0.05587460885541097 0.9581090069191992 -0.2809006211199264
vn -0.10960198774738071 0.9581090038872913 -0.26460260949568437
vn -0.15911742636125992 0.9581090019232021 -0.2381360641773826
vn -0.20251806339843947 0.9581090063216665 -0.20251806339843947
vn -0.2381360641773826 0.9581090019232021 -0.15911742636125992
vn -0.26460260949568437 0.9581090038872913 -0.10960198774738071
vn -0.2809006211199264 0.9581090069191992 -0.05587460885541097
vn -0.28640380738798477 0.9581090016870034 -7.014870161291176e-17
vn -0.42444382358260335 0.9054542730710258 0
vn -0.4162882632097314 0.9054542692282512 0.0828048805938328
vn -0.3921349605538953 0.905454271546714 0.16242762957454124
vn -0.3529121560640714 0.9054542656850437 0.23580836044331946
vn -0.3001271175202181 0.9054542653596647 0.3001271175202181
vn -0.23580836044331946 0.9054542656850437 0.3529121560640714
vn -0.16242762957454124 0.905454271546714 0.3921349605538953
vn -0.0828048805938328 0.9054542692282512 0.4162882632097314
vn -2.5989688547557496e-17 0.9054542730710258 0.42444382358260335
vn 0.0828048805938328 0.9054542692282512 0.4162882632097314
vn 0.16242762957454124 0.905454271546714 0.3921349605538953
vn 0.23580836044331946 0.9054542656850437 0.3529121560640714
vn 0.3001271175202181 0.9054542653596647 0.3001271175202181
vn 0.3529121560640714 0.9054542656850437 0.23580836044331946
vn 0.3921349605538953 0.905454271546714 0.16242762957454124
vn 0.4162882632097314 0.9054542692282512 0.0828048805938328
vn 0.42444382358260335 0.9054542730710258 5.197937709511499e-17
vn 0.4162882632097314 0.9054542692282512 -0.0828048805938328
vn 0.3921349605538953 0.905454271546714 -0.16242762957454124
vn 0.3529121560640714 0.9054542656850437 -0.23580836044331946
vn 0.3001271175202181 0.9054542653596647 -0.3001271175202181
vn 0.23580836044331946 0.9054542656850437 -0.3529121560640714
vn 0.16242762957454124 0.905454271546714 -0.3921349605538953
vn 0.0828048805938328 0.9054542692282512 -0.4162882632097314
vn 7.796906564267249e-17 0.9054542730710258 -0.42444382358260335
vn -0.0828048805938328 0.9054542692282512 -0.4162882632097314
vn -0.16242762957454124 0.905454271546714 -0.3921349605538953
vn -0.23580836044331946 0.9054542656850437 -0.3529121560640714
vn -0.3001271175202181 0.9054542653596647 -0.3001271175202181
vn -0.3529121560640714 0.9054542656850437 -0.23580836044331946
vn -0.3921349605538953 0.905454271546714 -0.16242762957454124
vn -0.4162882632097314 0.9054542692282512 -0.0828048805938328
vn -0.42444382358260335 0.9054542730710258 -1.0395875419022999e-16
vn -0.5557084402009586 0.8313772485998263 0
vn -0.5450306596029089 0.8313772474386983 0.10841334112585611
vn -0.5134076690199187 0.8313772385085049 0.2126604163484735
vn -0.4620546825779252 0.8313772442354384 0.3087350774941211
vn -0.39294521375152186 0.8313772416776523 0.39294521375152186
vn -0.3087350774941211 0.8313772442354384 0.4620546825779252
vn -0.2126604163484735 0.8313772385085049 0.5134076690199187
vn -0.10841334112585614 0.8313772474386986 0.545030659602909
vn -3.402732782234396e-17 0.8313772485998263 0.5557084402009586
vn 0.10841334112585614 0.8313772474386986 0.545030659602909
vn 0.2126604163484735 0.8313772385085049 0.5134076690199187
vn 0.3087350774941211 0.8313772442354384 0.4620546825779252
vn 0.39294521375152186 0.8313772416776523 0.39294521375152186
vn 0.4620546825779252 0.8313772442354384 0.3087350774941211
vn 0.5134076690199187 0.8313772385085049 0.2126604163484735
vn 0.5450306596029089 0.8313772474386983 0.10841334112585611
vn 0.5557084402009586 0.8313772485998263 6.805465564468793e-17
vn 0.5450306596029089 0.8313772474386983 -0.10841334112585611
vn 0.5134076690199187 0.8313772385085049 -0.2126604163484735
vn 0.4620546825779252 0.8313772442354384 -0.3087350774941211
vn 0.39294521375152186 0.8313772416776523 -0.39294521375152186
vn 0.3087350774941211 0.8313772442354384 -0.4620546825779252
vn 0.2126604163484735 0.8313772385085049 -0.5134076690199187
vn 0.10841334112585614 0.8313772474386986 -0.545030659602909
vn 1.0208198659518969e-16 0.8313772485998263 -0.5557084402009586
vn -0.10841334112585614 0.8313772474386986 -0.545030659602909
vn -0.2126604163484735 0.8313772385085049 -0.5134076690199187
vn -0.3087350774941211 0.8313772442354384 -0.4620546825779252
vn -0.39294521375152186 0.8313772416776523 -0.39294521375152186
vn -0.4620546825779252 0.8313772442354384 -0.3087350774941211
vn -0.5134076690199187 0.8313772385085049 -0.2126604163484735
vn -0.5450306596029089 0.8313772474386983 -0.10841334112585611
vn -0.5557084402009586 0.8313772485998263 -1.3610931128937585e-16
vn -0.6770565308208834 0.7359310117618296 0
vn -0.6640471001237523 0.7359309931822858 0.13208717610339668
vn -0.6255186923700423 0.7359309931896508 0.2590983187104205
vn -0.5629519176439864 0.7359310176797148 0.3761524632883025
vn -0.4787512686276281 0.7359310059882471 0.4787512686276281
vn -0.3761524632883025 0.7359310176797148 0.5629519176439864
vn -0.2590983187104205 0.7359309931896508 0.6255186923700423
vn -0.13208717610339668 0.7359309931822857 0.6640471001237523
vn -4.145775657173049e-17 0.7359310117618296 0.6770565308208834
vn 0.13208717610339668 0.7359309931822857 0.6640471001237523
vn 0.2590983187104205 0.7359309931896508 0.6255186923700423
vn 0.3761524632883025 0.7359310176797148 0.5629519176439864
vn 0.4787512686276281 0.7359310059882471 0.4787512686276281
vn 0.5629519176439864 0.7359310176797148 0.3761524632883025
vn 0.6255186923700423 0.7359309931896508 0.2590983187104205
vn 0.6640471001237523 0.7359309931822858 0.13208717610339668
vn 0.6770565308208834 0.7359310117618296 8.291551314346098e-17
vn 0.6640471001237523 0.7359309931822858 -0.13208717610339668
vn 0.6255186923700423 0.7359309931896508 -0.2590983187104205
vn 0.5629519176439864 0.7359310176797148 -0.3761524632883025
vn 0.4787512686276281 0.7359310059882471 -0.4787512686276281
vn 0.3761524632883025 0.7359310176797148 -0.5629519176439864
vn 0.2590983187104205 0.7359309931896508 -0.6255186923700423
vn 0.13208717610339668 0.7359309931822857 -0.6640471001237523
vn 1.2437326337897115e-16 0.7359310117618296 -0.6770565308208834
vn -0.13208717610339668 0.7359309931822857 -0.6640471001237523
vn -0.2590983187104205 0.7359309931896508 -0.6255186923700423
vn -0.3761524632883025 0.7359310176797148 -0.5629519176439864
vn -0.4787512686276281 0.7359310059882471 -0.4787512686276281
vn -0.5629519176439864 0.7359310176797148 -0.3761524632883025
vn -0.6255186923700423 0.7359309931896508 -0.2590983187104205
vn -0.6640471001237523 0.7359309931822858 -0.13208717610339668
vn -0.6770565308208834 0.7359310117618296 -1.6583102628692196e-16
vn -0.7847886967656538 0.6197634237585068 0
vn -0.7697091882598943 0.619763440269229 0.15310468188120246
vn -0.7250502182389225 0.6197634202357462 0.3003256298909248
vn -0.652527953184858 0.6197634298692594 0.4360052308276487
vn -0.5549294133301318 0.6197634165083896 0.5549294133301318
vn -0.4360052308276487 0.6197634298692594 0.652527953184858
vn -0.3003256298909248 0.6197634202357462 0.7250502182389225
vn -0.15310468188120246 0.619763440269229 0.7697091882598943
vn -4.805444807519493e-17 0.6197634237585068 0.7847886967656538
vn 0.15310468188120246 0.619763440269229 0.7697091882598943
vn 0.3003256298909248 0.6197634202357462 0.7250502182389225
vn 0.4360052308276487 0.6197634298692594 0.652527953184858
vn 0.5549294133301318 0.6197634165083896 0.5549294133301318
vn 0.652527953184858 0.6197634298692594 0.4360052308276487
vn 0.7250502182389225 0.6197634202357462 0.3003256298909248
vn 0.7697091882598943 0.619763440269229 0.15310468188120246
vn 0.7847886967656538 0.6197634237585068 9.610889615038985e-17
vn 0.7697091882598943 0.619763440269229 -0.15310468188120246
vn 0.7250502182389225 0.6197634202357462 -0.3003256298909248
vn 0.652527953184858 0.6197634298692594 -0.4360052308276487
vn 0.5549294133301318 0.6197634165083896 -0.5549294133301318
vn 0.4360052308276487 0.6197634298692594 -0.652527953184858
vn 0.3003256298909248 0.6197634202357462 -0.7250502182389225
vn 0.15310468188120246 0.619763440269229 -0.7697091882598943
vn 1.441633410159514e-16 0.6197634237585068 -0.7847886967656538
vn -0.15310468188120246 0.619763440269229 -0.7697091882598943
vn -0.3003256298909248 0.6197634202357462 -0.7250502182389225
vn -0.4360052308276487 0.6197634298692594 -0.652527953184858
vn -0.5549294133301318 0.6197634165083896 -0.5549294133301318
vn -0.652527953184858 0.6197634298692594 -0.4360052308276487
vn -0.7250502182389225 0.6197634202357462 -0.3003256298909248
vn -0.7697091882598943 0.619763440269229 -0.15310468188120246
vn -0.7847886967656538 0.6197634237585068 -1.922177923007797e-16
vn -0.8747966059689107 0.4844903489082875 0
vn -0.8579876390970018 0.4844903406000819 0.17066435193668864
vn -0.8082066815228786 0.4844903465048257 0.3347701660623452
vn -0.7273667950707662 0.48449035413830716 0.4860109486168185
vn -0.6185746150802184 0.48449034165473237 0.6185746150802184
vn -0.4860109486168185 0.48449035413830716 0.7273667950707662
vn -0.3347701660623452 0.4844903465048257 0.8082066815228786
vn -0.1706643519366886 0.4844903406000818 0.8579876390970016
vn -5.356584299316477e-17 0.4844903489082875 0.8747966059689107
vn 0.1706643519366886 0.4844903406000818 0.8579876390970016
vn 0.3347701660623452 0.4844903465048257 0.8082066815228786
vn 0.4860109486168185 0.48449035413830716 0.7273667950707662
vn 0.6185746150802184 0.48449034165473237 0.6185746150802184
vn 0.7273667950707662 0.48449035413830716 0.4860109486168185
vn 0.8082066815228786 0.4844903465048257 0.3347701660623452
vn 0.8579876390970018 0.4844903406000819 0.17066435193668864
vn 0.8747966059689107 0.4844903489082875 1.0713168598632954e-16
vn 0.8579876390970018 0.4844903406000819 -0.17066435193668864
vn 0.8082066815228786 0.4844903465048257 -0.3347701660623452
vn 0.7273667950707662 0.48449035413830716 -0.4860109486168185
vn 0.6185746150802184 0.48449034165473237 -0.6185746150802184
vn 0.4860109486168185 0.48449035413830716 -0.7273667950707662
vn 0.3347701660623452 0.4844903465048257 -0.8082066815228786
vn 0.1706643519366886 0.4844903406000818 -0.8579876390970016
vn 1.6069753222802177e-16 0.4844903489082875 -0.8747966059689107
vn -0.1706643519366886 0.4844903406000818 -0.8579876390970016
vn -0.3347701660623452 0.4844903465048257 -0.8082066815228786
vn -0.4860109486168185 0.48449035413830716 -0.7273667950707662
vn -0.6185746150802184 0.48449034165473237 -0.6185746150802184
vn -0.7273667950707662 0.48449035413830716 -0.4860109486168185
vn -0.8082066815228786 0.4844903465048257 -0.3347701660623452
vn -0.8579876390970018 0.4844903406000819 -0.17066435193668864
vn -0.8747966059689107 0.4844903489082875 -2.1426337197265907e-16
vn -0.9429215367214262 0.3330149780218667 0
vn -0.9248035603638165 0.33301498482532665 0.18395487115104117
vn -0.871145905602108 0.3330149916948817 0.36084044460002135
vn -0.7840106090877376 0.3330149920632631 0.5238591221874248
vn -0.6667462122427745 0.3330149800231605 0.6667462122427745
vn -0.5238591221874248 0.3330149920632631 0.7840106090877376
vn -0.36084044460002135 0.3330149916948817 0.871145905602108
vn -0.18395487115104117 0.33301498482532665 0.9248035603638165
vn -5.773728906941176e-17 0.3330149780218667 0.9429215367214262
vn 0.18395487115104117 0.33301498482532665 0.9248035603638165
vn 0.36084044460002135 0.3330149916948817 0.871145905602108
vn 0.5238591221874248 0.3330149920632631 0.7840106090877376
vn 0.6667462122427745 0.3330149800231605 0.6667462122427745
vn 0.7840106090877376 0.3330149920632631 0.5238591221874248
vn 0.871145905602108 0.3330149916948817 0.36084044460002135
vn 0.9248035603638165 0.33301498482532665 0.18395487115104117
vn 0.9429215367214262 0.3330149780218667 1.1547457813882353e-16
vn 0.9248035603638165 0.33301498482532665 -0.18395487115104117
vn 0.871145905602108 0.3330149916948817 -0.36084044460002135
vn 0.7840106090877376 0.3330149920632631 -0.5238591221874248
vn 0.6667462122427745 0.3330149800231605 -0.6667462122427745
vn 0.5238591221874248 0.3330149920632631 -0.7840106090877376
vn 0.36084044460002135 0.3330149916948817 -0.871145905602108
vn 0.18395487115104117 0.33301498482532665 -0.9248035603638165
vn 1.732118737690769e-16 0.3330149780218667 -0.9429215367214262
vn -0.18395487115104117 0.33301498482532665 -0.9248035603638165
vn -0.36084044460002135 0.3330149916948817 -0.871145905602108
vn -0.5238591221874248 0.3330149920632631 -0.7840106090877376
vn -0.6667462122427745 0.3330149800231605 -0.6667462122427745
vn -0.7840106090877376 0.3330149920632631 -0.5238591221874248
vn -0.871145905602108 0.3330149916948817 -0.36084044460002135
vn -0.9248035603638165 0.33301498482532665 -0.18395487115104117
vn -0.9429215367214262 0.3330149780218667 -2.3094915627764705e-16
vn -0.985502459510844 0.16966113962271068 0
vn -0.9665663055437919 0.16966114365410792 0.19226199135920077
vn -0.9104855446393038 0.16966114429223367 0.3771354784693695
vn -0.8194153462376659 0.16966114022321238 0.5475158334225282
vn -0.696855472403843 0.1696611362735539 0.696855472403843
vn -0.5475158334225282 0.16966114022321238 0.8194153462376659
vn -0.3771354784693695 0.16966114429223367 0.9104855446393038
vn -0.19226199135920077 0.16966114365410792 0.9665663055437919
vn -6.034462210927604e-17 0.16966113962271068 0.985502459510844
vn 0.19226199135920077 0.16966114365410792 0.9665663055437919
vn 0.3771354784693695 0.16966114429223367 0.9104855446393038
vn 0.5475158334225282 0.16966114022321238 0.8194153462376659
vn 0.696855472403843 0.1696611362735539 0.696855472403843
vn 0.8194153462376659 0.16966114022321238 0.5475158334225282
vn 0.9104855446393038 0.16966114429223367 0.3771354784693695
vn 0.9665663055437919 0.16966114365410792 0.19226199135920077
vn 0.985502459510844 0.16966113962271068 1.2068924421855208e-16
vn 0.9665663055437919 0.16966114365410792 -0.19226199135920077
vn 0.9104855446393038 0.16966114429223367 -0.3771354784693695
vn 0.8194153462376659 0.16966114022321238 -0.5475158334225282
vn 0.696855472403843 0.1696611362735539 -0.696855472403843
vn 0.5475158334225282 0.16966114022321238 -0.8194153462376659
vn 0.3771354784693695 0.16966114429223367 -0.9104855446393038
vn 0.19226199135920077 0.16966114365410792 -0.9665663055437919
vn 1.810338663278281e-16 0.16966113962271068 -0.985502459510844
vn -0.19226199135920077 0.16966114365410792 -0.9665663055437919
vn -0.3771354784693695 0.16966114429223367 -0.9104855446393038
vn -0.5475158334225282 0.16966114022321238 -0.8194153462376659
vn -0.696855472403843 0.1696611362735539 -0.696855472403843
vn -0.8194153462376659 0.16966114022321238 -0.5475158334225282
vn -0.9104855446393038 0.16966114429223367 -0.3771354784693695
vn -0.9665663055437919 0.16966114365410792 -0.19226199135920077
vn -0.985502459510844 0.16966113962271068 -2.4137848843710416e-16
vn -1 6.655689416223738e-17 0
vn -0.9807852789517083 6.655689608188102e-17 0.19509032931342324
vn -0.9238795305660377 6.655689606139077e-17 0.3826834370613369
vn -0.8314696016585884 6.655689466063642e-17 0.555570248949409
vn -0.7071067811865476 6.655689530131013e-17 0.7071067811865476
vn -0.555570248949409 6.655689466063642e-17 0.8314696016585884
vn -0.3826834370613369 6.655689606139077e-17 0.9238795305660377
vn -0.19509032931342324 6.655689608188102e-17 0.9807852789517083
vn -6.123234262925839e-17 6.655689416223738e-17 1
vn 0.19509032931342324 6.655689608188102e-17 0.9807852789517083
vn 0.3826834370613369 6.655689606139077e-17 0.9238795305660377
vn 0.555570248949409 6.655689466063642e-17 0.8314696016585884
vn 0.7071067811865476 6.655689530131013e-17 0.7071067811865476
vn 0.8314696016585884 6.655689466063642e-17 0.555570248949409
vn 0.9238795305660377 6.655689606139077e-17 0.3826834370613369
vn 0.9807852789517083 6.655689608188102e-17 0.19509032931342324
vn 1 6.655689416223738e-17 1.2246468525851679e-16
vn 0.9807852789517083 6.655689608188102e-17 -0.19509032931342324
vn 0.9238795305660377 6.655689606139077e-17 -0.3826834370613369
vn 0.8314696016585884 6.655689466063642e-17 -0.555570248949409
vn 0.7071067811865476 6.655689530131013e-17 -0.7071067811865476
vn 0.555570248949409 6.655689466063642e-17 -0.8314696016585884
vn 0.3826834370613369 6.655689606139077e-17 -0.9238795305660377
vn 0.19509032931342324 6.655689608188102e-17 -0.9807852789517083
vn 1.8369701465288538e-16 6.655689416223738e-17 -1
vn -0.19509032931342324 6.655689608188102e-17 -0.9807852789517083
vn -0.3826834370613369 6.655689606139077e-17 -0.9238795305660377
vn -0.555570248949409 6.655689466063642e-17 -0.8314696016585884
vn -0.7071067811865476 6.655689530131013e-17 -0.7071067811865476
vn -0.8314696016585884 6.655689466063642e-17 -0.555570248949409
vn -0.9238795305660377 6.655689606139077e-17 -0.3826834370613369
vn -0.9807852789517083 6.655689608188102e-17 -0.19509032931342324
vn -1 6.655689416223738e-17 -2.4492937051703357e-16
vn -0.985502459510844 -0.16966113962271068 0
vn -0.9665663055437919 -0.16966114365410792 0.19226199135920077
vn -0.9104855446393038 -0.16966114429223367 0.3771354784693695
vn -0.8194153462376659 -0.16966114022321238 0.5475158334225282
vn -0.696855472403843 -0.1696611362735539 0.696855472403843
vn -0.5475158334225282 -0.16966114022321238 0.8194153462376659
vn -0.3771354784693695 -0.16966114429223367 0.9104855446393038
vn -0.19226199135920077 -0.16966114365410792 0.9665663055437919
vn -6.034462210927604e-17 -0.16966113962271068 0.985502459510844
vn 0.19226199135920077 -0.16966114365410792 0.9665663055437919
vn 0.3771354784693695 -0.16966114429223367 0.9104855446393038
vn 0.5475158334225282 -0.16966114022321238 0.8194153462376659
vn 0.696855472403843 -0.1696611362735539 0.696855472403843
vn 0.8194153462376659 -0.16966114022321238 0.5475158334225282
vn 0.9104855446393038 -0.16966114429223367 0.3771354784693695
vn 0.9665663055437919 -0.16966114365410792 0.19226199135920077
vn 0.985502459510844 -0.16966113962271068 1.2068924421855208e-16
vn 0.9665663055437919 -0.16966114365410792 -0.19226199135920077
vn 0.9104855446393038 -0.16966114429223367 -0.3771354784693695
vn 0.8194153462376659 -0.16966114022321238 -0.5475158334225282
vn 0.696855472403843 -0.1696611362735539 -0.696855472403843
vn 0.5475158334225282 -0.16966114022321238 -0.8194153462376659
vn 0.3771354784693695 -0.16966114429223367 -0.9104855446393038
vn 0.19226199135920077 -0.16966114365410792 -0.9665663055437919
vn 1.810338663278281e-16 -0.16966113962271068 -0.985502459510844
vn -0.19226199135920077 -0.16966114365410792 -0.9665663055437919
vn -0.3771354784693695 -0.16966114429223367 -0.9104855446393038
vn -0.5475158334225282 -0.16966114022321238 -0.8194153462376659
vn -0.696855472403843 -0.1696611362735539 -0.696855472403843
vn -0.8194153462376659 -0.16966114022321238 -0.5475158334225282
vn -0.9104855446393038 -0.16966114429223367 -0.3771354784693695
vn -0.9665663055437919 -0.16966114365410792 -0.19226199135920077
vn -0.985502459510844 -0.16966113962271068 -2.4137848843710416e-16
vn -0.9429215367214262 -0.3330149780218667 0
vn -0.9248035603638165 -0.33301498482532665 0.18395487115104117
vn -0.871145905602108 -0.3330149916948817 0.36084044460002135
vn -0.7840106090877376 -0.3330149920632631 0.5238591221874248
vn -0.6667462122427745 -0.3330149800231605 0.6667462122427745
vn -0.5238591221874248 -0.3330149920632631 0.7840106090877376
vn -0.36084044460002135 -0.3330149916948817 0.871145905602108
vn -0.18395487115104117 -0.33301498482532665 0.9248035603638165
vn -5.773728906941176e-17 -0.3330149780218667 0.9429215367214262
vn 0.18395487115104117 -0.33301498482532665 0.9248035603638165
vn 0.36084044460002135 -0.3330149916948817 0.871145905602108
vn 0.5238591221874248 -0.3330149920632631 0.7840106090877376
vn 0.6667462122427745 -0.3330149800231605 0.6667462122427745
vn 0.7840106090877376 -0.3330149920632631 0.5238591221874248
vn 0.871145905602108 -0.3330149916948817 0.36084044460002135
vn 0.9248035603638165 -0.33301498482532665 0.18395487115104117
vn 0.9429215367214262 -0.3330149780218667 1.1547457813882353e-16
vn 0.9248035603638165 -0.33301498482532665 -0.18395487115104117
vn 0.871145905602108 -0.3330149916948817 -0.36084044460002135
vn 0.7840106090877376 -0.3330149920632631 -0.5238591221874248
vn 0.6667462122427745 -0.3330149800231605 -0.6667462122427745
vn 0.5238591221874248 -0.3330149920632631 -0.7840106090877376
vn 0.36084044460002135 -0.3330149916948817 -0.871145905602108
vn 0.18395487115104117 -0.33301498482532665 -0.9248035603638165
vn 1.732118737690769e-16 -0.3330149780218667 -0.9429215367214262
vn -0.18395487115104117 -0.33301498482532665 -0.9248035603638165
vn -0.36084044460002135 -0.3330149916948817 -0.871145905602108
vn -0.5238591221874248 -0.3330149920632631 -0.7840106090877376
vn -0.6667462122427745 -0.3330149800231605 -0.6667462122427745
vn -0.7840106090877376 -0.3330149920632631 -0.5238591221874248
vn -0.871145905602108 -0.3330149916948817 -0.36084044460002135
vn -0.9248035603638165 -0.33301498482532665 -0.18395487115104117
vn -0.9429215367214262 -0.3330149780218667 -2.3094915627764705e-16
vn -0.8747966059689107 -0.4844903489082875 0
vn -0.8579876390970018 -0.4844903406000819 0.17066435193668864
vn -0.8082066815228786 -0.4844903465048257 0.3347701660623452
vn -0.7273667950707662 -0.48449035413830716 0.4860109486168185
vn -0.6185746150802184 -0.48449034165473237 0.6185746150802184
vn -0.4860109486168185 -0.48449035413830716 0.7273667950707662
vn -0.3347701660623452 -0.4844903465048257 0.8082066815228786
vn -0.1706643519366886 -0.4844903406000818 0.8579876390970016
vn -5.356584299316477e-17 -0.4844903489082875 0.8747966059689107
vn 0.1706643519366886 -0.4844903406000818 0.8579876390970016
vn 0.3347701660623452 -0.4844903465048257 0.8082066815228786
vn 0.4860109486168185 -0.48449035413830716 0.7273667950707662
vn 0.6185746150802184 -0.48449034165473237 0.6185746150802184
vn 0.7273667950707662 -0.48449035413830716 0.4860109486168185
vn 0.8082066815228786 -0.4844903465048257 0.3347701660623452
vn 0.8579876390970018 -0.4844903406000819 0.17066435193668864
vn 0.8747966059689107 -0.4844903489082875 1.0713168598632954e-16
vn 0.8579876390970018 -0.4844903406000819 -0.17066435193668864
vn 0.8082066815228786 -0.4844903465048257 -0.3347701660623452
vn 0.7273667950707662 -0.48449035413830716 -0.4860109486168185
vn 0.6185746150802184 -0.48449034165473237 -0.6185746150802184
vn 0.4860109486168185 -0.48449035413830716 -0.7273667950707662
vn 0.3347701660623452 -0.4844903465048257 -0.8082066815228786
vn 0.1706643519366886 -0.4844903406000818 -0.8579876390970016
vn 1.6069753222802177e-16 -0.4844903489082875 -0.8747966059689107
vn -0.1706643519366886 -0.4844903406000818 -0.8579876390970016
vn -0.3347701660623452 -0.4844903465048257 -0.8082066815228786
vn -0.4860109486168185 -0.48449035413830716 -0.7273667950707662
vn -0.6185746150802184 -0.48449034165473237 -0.6185746150802184
vn -0.7273667950707662 -0.48449035413830716 -0.4860109486168185
vn -0.8082066815228786 -0.4844903465048257 -0.3347701660623452
vn -0.8579876390970018 -0.4844903406000819 -0.17066435193668864
vn -0.8747966059689107 -0.4844903489082875 -2.1426337197265907e-16
vn -0.7847886967656538 -0.6197634237585068 0
vn -0.7697091882598943 -0.619763440269229 0.15310468188120246
vn -0.7250502182389225 -0.6197634202357462 0.3003256298909248
vn -0.652527953184858 -0.6197634298692594 0.4360052308276487
vn -0.5549294133301318 -0.6197634165083896 0.5549294133301318
vn -0.4360052308276487 -0.6197634298692594 0.652527953184858
vn -0.3003256298909248 -0.6197634202357462 0.7250502182389225
vn -0.15310468188120246 -0.619763440269229 0.7697091882598943
vn -4.805444807519493e-17 -0.6197634237585068 0.7847886967656538
vn 0.15310468188120246 -0.619763440269229 0.7697091882598943
vn 0.3003256298909248 -0.6197634202357462 0.7250502182389225
vn 0.4360052308276487 -0.6197634298692594 0.652527953184858
vn 0.5549294133301318 -0.6197634165083896 0.5549294133301318
vn 0.652527953184858 -0.6197634298692594 0.4360052308276487
vn 0.7250502182389225 -0.6197634202357462 0.3003256298909248
vn 0.7697091882598943 -0.619763440269229 0.15310468188120246
vn 0.7847886967656538 -0.6197634237585068 9.610889615038985e-17
vn 0.7697091882598943 -0.619763440269229 -0.15310468188120246
vn 0.7250502182389225 -0.6197634202357462 -0.3003256298909248
vn 0.652527953184858 -0.6197634298692594 -0.4360052308276487
vn 0.5549294133301318 -0.6197634165083896 -0.5549294133301318
vn 0.4360052308276487 -0.6197634298692594 -0.652527953184858
vn 0.3003256298909248 -0.6197634202357462 -0.7250502182389225
vn 0.15310468188120246 -0.619763440269229 -0.7697091882598943
vn 1.441633410159514e-16 -0.6197634237585068 -0.7847886967656538
vn -0.15310468188120246 -0.619763440269229 -0.7697091882598943
vn -0.3003256298909248 -0.6197634202357462 -0.7250502182389225
vn -0.4360052308276487 -0.6197634298692594 -0.652527953184858
vn -0.5549294133301318 -0.6197634165083896 -0.5549294133301318
vn -0.652527953184858 -0.6197634298692594 -0.4360052308276487
vn -0.7250502182389225 -0.6197634202357462 -0.3003256298909248
vn -0.7697091882598943 -0.619763440269229 -0.15310468188120246
vn -0.7847886967656538 -0.6197634237585068 -1.922177923007797e-16
vn -0.6770565308208834 -0.7359310117618296 0
vn -0.6640471001237523 -0.7359309931822858 0.13208717610339668
vn -0.6255186923700423 -0.7359309931896508 0.2590983187104205
vn -0.5629519176439864 -0.7359310176797148 0.3761524632883025
vn -0.4787512686276281 -0.7359310059882471 0.4787512686276281
vn -0.3761524632883025 -0.7359310176797148 0.5629519176439864
vn -0.2590983187104205 -0.7359309931896508 0.6255186923700423
vn -0.13208717610339668 -0.7359309931822857 0.6640471001237523
vn -4.145775657173049e-17 -0.7359310117618296 0.6770565308208834
vn 0.13208717610339668 -0.7359309931822857 0.6640471001237523
vn 0.2590983187104205 -0.7359309931896508 0.6255186923700423
vn 0.3761524632883025 -0.7359310176797148 0.5629519176439864
vn 0.4787512686276281 -0.7359310059882471 0.4787512686276281
vn 0.5629519176439864 -0.7359310176797148 0.3761524632883025
vn 0.6255186923700423 -0.7359309931896508 0.2590983187104205
vn 0.6640471001237523 -0.7359309931822858 0.13208717610339668
vn 0.6770565308208834 -0.7359310117618296 8.291551314346098e-17
vn 0.6640471001237523 -0.7359309931822858 -0.13208717610339668
vn 0.6255186923700423 -0.7359309931896508 -0.2590983187104205
vn 0.5629519176439864 -0.7359310176797148 -0.3761524632883025
vn 0.4787512686276281 -0.7359310059882471 -0.4787512686276281
vn 0.3761524632883025 -0.7359310176797148 -0.5629519176439864
vn 0.2590983187104205 -0.7359309931896508 -0.6255186923700423
vn 0.13208717610339668 -0.7359309931822857 -0.6640471001237523
vn 1.2437326337897115e-16 -0.7359310117618296 -0.6770565308208834
vn -0.13208717610339668 -0.7359309931822857 -0.6640471001237523
vn -0.2590983187104205 -0.7359309931896508 -0.6255186923700423
vn -0.3761524632883025 -0.7359310176797148 -0.5629519176439864
vn -0.4787512686276281 -0.7359310059882471 -0.4787512686276281
vn -0.5629519176439864 -0.7359310176797148 -0.3761524632883025
vn -0.6255186923700423 -0.7359309931896508 -0.2590983187104205
vn -0.6640471001237523 -0.7359309931822858 -0.13208717610339668
vn -0.6770565308208834 -0.7359310117618296 -1.6583102628692196e-16
vn -0.5557084402009586 -0.8313772485998263 0
vn -0.5450306596029089 -0.8313772474386983 0.10841334112585611
vn -0.5134076690199187 -0.8313772385085049 0.2126604163484735
vn -0.4620546825779252 -0.8313772442354384 0.3087350774941211
vn -0.39294521375152186 -0.8313772416776523 0.39294521375152186
vn -0.3087350774941211 -0.8313772442354384 0.4620546825779252
vn -0.2126604163484735 -0.8313772385085049 0.5134076690199187
vn -0.10841334112585614 -0.8313772474386986 0.545030659602909
vn -3.402732782234396e-17 -0.8313772485998263 0.5557084402009586
vn 0.10841334112585614 -0.8313772474386986 0.545030659602909
vn 0.2126604163484735 -0.8313772385085049 0.5134076690199187
vn 0.3087350774941211 -0.8313772442354384 0.4620546825779252
vn 0.39294521375152186 -0.8313772416776523 0.39294521375152186
vn 0.4620546825779252 -0.8313772442354384 0.3087350774941211
vn 0.5134076690199187 -0.8313772385085049 0.2126604163484735
vn 0.5450306596029089 -0.8313772474386983 0.10841334112585611
vn 0.5557084402009586 -0.8313772485998263 6.805465564468793e-17
vn 0.5450306596029089 -0.8313772474386983 -0.10841334112585611
vn 0.5134076690199187 -0.8313772385085049 -0.2126604163484735
vn 0.4620546825779252 -0.8313772442354384 -0.3087350774941211
vn 0.39294521375152186 -0.8313772416776523 -0.39294521375152186
vn 0.3087350774941211 -0.8313772442354384 -0.4620546825779252
vn 0.2126604163484735 -0.8313772385085049 -0.5134076690199187
vn 0.10841334112585614 -0.8313772474386986 -0.545030659602909
vn 1.0208198659518969e-16 -0.8313772485998263 -0.5557084402009586
vn -0.10841334112585614 -0.8313772474386986 -0.545030659602909
vn -0.2126604163484735 -0.8313772385085049 -0.5134076690199187
vn -0.3087350774941211 -0.8313772442354384 -0.4620546825779252
vn -0.39294521375152186 -0.8313772416776523 -0.39294521375152186
vn -0.4620546825779252 -0.8313772442354384 -0.3087350774941211
vn -0.5134076690199187 -0.8313772385085049 -0.2126604163484735
vn -0.5450306596029089 -0.8313772474386983 -0.10841334112585611
vn -0.5557084402009586 -0.8313772485998263 -1.3610931128937585e-16
vn -0.42444382358260335 -0.9054542730710258 0
vn -0.4162882632097314 -0.9054542692282512 0.0828048805938328
vn -0.3921349605538953 -0.905454271546714 0.16242762957454124
vn -0.3529121560640714 -0.9054542656850437 0.23580836044331946
vn -0.3001271175202181 -0.9054542653596647 0.3001271175202181
vn -0.23580836044331946 -0.9054542656850437 0.3529121560640714
vn -0.16242762957454124 -0.905454271546714 0.3921349605538953
vn -0.0828048805938328 -0.9054542692282512 0.4162882632097314
vn -2.5989688547557496e-17 -0.9054542730710258 0.42444382358260335
vn 0.0828048805938328 -0.9054542692282512 0.4162882632097314
vn 0.16242762957454124 -0.905454271546714 0.3921349605538953
vn 0.23580836044331946 -0.9054542656850437 0.3529121560640714
vn 0.3001271175202181 -0.9054542653596647 0.3001271175202181
vn 0.3529121560640714 -0.9054542656850437 0.23580836044331946
vn 0.3921349605538953 -0.905454271546714 0.16242762957454124
vn 0.4162882632097314 -0.9054542692282512 0.0828048805938328
vn 0.42444382358260335 -0.9054542730710258 5.197937709511499e-17
vn 0.4162882632097314 -0.9054542692282512 -0.0828048805938328
vn 0.3921349605538953 -0.905454271546714 -0.16242762957454124
vn 0.3529121560640714 -0.9054542656850437 -0.23580836044331946
vn 0.3001271175202181 -0.9054542653596647 -0.3001271175202181
vn 0.23580836044331946 -0.9054542656850437 -0.3529121560640714
vn 0.16242762957454124 -0.905454271546714 -0.3921349605538953
vn 0.0828048805938328 -0.9054542692282512 -0.4162882632097314
vn 7.796906564267249e-17 -0.9054542730710258 -0.42444382358260335
vn -0.0828048805938328 -0.9054542692282512 -0.4162882632097314
vn -0.16242762957454124 -0.905454271546714 -0.3921349605538953
vn -0.23580836044331946 -0.9054542656850437 -0.3529121560640714
vn -0.3001271175202181 -0.9054542653596647 -0.3001271175202181
vn -0.3529121560640714 -0.9054542656850437 -0.23580836044331946
vn -0.3921349605538953 -0.905454271546714 -0.16242762957454124
vn -0.4162882632097314 -0.9054542692282512 -0.0828048805938328
vn -0.42444382358260335 -0.9054542730710258 -1.0395875419022999e-16
vn -0.28640380738798477 -0.9581090016870034 0
vn -0.2809006211199264 -0.9581090069191992 0.05587460885541097
vn -0.26460260949568437 -0.9581090038872913 0.10960198774738071
vn -0.2381360641773826 -0.9581090019232021 0.15911742636125992
vn -0.20251806339843947 -0.9581090063216665 0.20251806339843947
vn -0.15911742636125992 -0.9581090019232021 0.2381360641773826
vn -0.10960198774738071 -0.9581090038872913 0.26460260949568437
vn -0.05587460885541097 -0.9581090069191992 0.2809006211199264
vn -1.753717540322794e-17 -0.9581090016870034 0.28640380738798477
vn 0.05587460885541097 -0.9581090069191992 0.2809006211199264
vn 0.10960198774738071 -0.9581090038872913 0.26460260949568437
vn 0.15911742636125992 -0.9581090019232021 0.2381360641773826
vn 0.20251806339843947 -0.9581090063216665 0.20251806339843947
vn 0.2381360641773826 -0.9581090019232021 0.15911742636125992
vn 0.26460260949568437 -0.9581090038872913 0.10960198774738071
vn 0.2809006211199264 -0.9581090069191992 0.05587460885541097
vn 0.28640380738798477 -0.9581090016870034 3.507435080645588e-17
vn 0.2809006211199264 -0.9581090069191992 -0.05587460885541097
vn 0.26460260949568437 -0.9581090038872913 -0.10960198774738071
vn 0.2381360641773826 -0.9581090019232021 -0.15911742636125992
vn 0.20251806339843947 -0.9581090063216665 -0.20251806339843947
vn 0.15911742636125992 -0.9581090019232021 -0.2381360641773826
vn 0.10960198774738071 -0.9581090038872913 -0.26460260949568437
vn 0.05587460885541097 -0.9581090069191992 -0.2809006211199264
vn 5.2611524676385174e-17 -0.9581090016870034 -0.28640380738798477
vn -0.05587460885541097 -0.9581090069191992 -0.2809006211199264
vn -0.10960198774738071 -0.9581090038872913 -0.26460260949568437
vn -0.15911742636125992 -0.9581090019232021 -0.2381360641773826
vn -0.20251806339843947 -0.9581090063216665 -0.20251806339843947
vn -0.2381360641773826 -0.9581090019232021 -0.15911742636125992
vn -0.26460260949568437 -0.9581090038872913 -0.10960198774738071
vn -0.2809006211199264 -0.9581090069191992 -0.05587460885541097
vn -0.28640380738798477 -0.9581090016870034 -7.014870161291176e-17
vn -0.14419095339558574 -0.9895498819962902 0
vn -0.14142036192449298 -0.9895498823643815 0.028130260322011044
vn -0.13321507395370283 -0.9895498814459471 0.05517949077167609
vn -0.11989040202063928 -0.9895498813194211 0.08010820110356429
vn -0.10195840393448646 -0.9895498813775202 0.10195840393448646
vn -0.08010820110356429 -0.9895498813194211 0.11989040202063928
vn -0.05517949077167609 -0.9895498814459471 0.13321507395370283
vn -0.028130260322011044 -0.9895498823643815 0.14142036192449298
vn -8.829149613001807e-18 -0.9895498819962902 0.14419095339558574
vn 0.028130260322011044 -0.9895498823643815 0.14142036192449298
vn 0.05517949077167609 -0.9895498814459471 0.13321507395370283
vn 0.08010820110356429 -0.9895498813194211 0.11989040202063928
vn 0.10195840393448646 -0.9895498813775202 0.10195840393448646
vn 0.11989040202063928 -0.9895498813194211 0.08010820110356429
vn 0.13321507395370283 -0.9895498814459471 0.05517949077167609
vn 0.14142036192449298 -0.9895498823643815 0.028130260322011044
vn 0.14419095339558574 -0.9895498819962902 1.7658299226003614e-17
vn 0.14142036192449298 -0.9895498823643815 -0.028130260322011044
vn 0.13321507395370283 -0.9895498814459471 -0.05517949077167609
vn 0.11989040202063928 -0.9895498813194211 -0.08010820110356429
vn 0.10195840393448646 -0.9895498813775202 -0.10195840393448646
vn 0.08010820110356429 -0.9895498813194211 -0.11989040202063928
vn 0.05517949077167609 -0.9895498814459471 -0.13321507395370283
vn 0.028130260322011044 -0.9895498823643815 -0.14142036192449298
vn 2.6487449601445873e-17 -0.9895498819962902 -0.14419095339558574
vn -0.028130260322011044 -0.9895498823643815 -0.14142036192449298
vn -0.05517949077167609 -0.9895498814459471 -0.13321507395370283
vn -0.08010820110356429 -0.9895498813194211 -0.11989040202063928
vn -0.10195840393448646 -0.9895498813775202 -0.10195840393448646
vn -0.11989040202063928 -0.9895498813194211 -0.08010820110356429
vn -0.13321507395370283 -0.9895498814459471 -0.05517949077167609
vn -0.14142036192449298 -0.9895498823643815 -0.028130260322011044
vn -0.14419095339558574 -0.9895498819962902 -3.531659845200723e-17
vn -1.1266751043783545e-16 -1 0
vn -1.1050263663206771e-16 -1 2.1980340405394423e-17
vn -1.0409120232051435e-16 -1 4.3115988321446925e-17
vn -9.367960912283385e-17 -1 6.25947112157156e-17
vn -7.966795755152431e-17 -1 7.966795755152431e-17
vn -6.25947112157156e-17 -1 9.367960912283385e-17
vn -4.3115988321446925e-17 -1 1.0409120232051435e-16
vn -2.1980340405394423e-17 -1 1.1050263663206771e-16
vn -6.898894883217494e-33 -1 1.1266751043783545e-16
vn 2.1980340405394423e-17 -1 1.1050263663206771e-16
vn 4.3115988321446925e-17 -1 1.0409120232051435e-16
vn 6.25947112157156e-17 -1 9.367960912283385e-17
vn 7.966795755152431e-17 -1 7.966795755152431e-17
vn 9.367960912283385e-17 -1 6.25947112157156e-17
vn 1.0409120232051435e-16 -1 4.3115988321446925e-17
vn 1.1050263663206771e-16 -1 2.1980340405394423e-17
vn 1.1266751043783545e-16 -1 1.3797789766434988e-32
vn 1.1050263663206771e-16 -1 -2.1980340405394423e-17
vn 1.0409120232051435e-16 -1 -4.3115988321446925e-17
vn 9.367960912283385e-17 -1 -6.25947112157156e-17
vn 7.966795755152431e-17 -1 -7.966795755152431e-17
vn 6.25947112157156e-17 -1 -9.367960912283385e-17
vn 4.3115988321446925e-17 -1 -1.0409120232051435e-16
vn 2.1980340405394423e-17 -1 -1.1050263663206771e-16
vn 2.069668464965248e-32 -1 -1.1266751043783545e-16
vn -2.1980340405394423e-17 -1 -1.1050263663206771e-16
vn -4.3115988321446925e-17 -1 -1.0409120232051435e-16
vn -6.25947112157156e-17 -1 -9.367960912283385e-17
vn -7.966795755152431e-17 -1 -7.966795755152431e-17
vn -9.367960912283385e-17 -1 -6.25947112157156e-17
vn -1.0409120232051435e-16 -1 -4.3115988321446925e-17
vn -1.1050263663206771e-16 -1 -2.1980340405394423e-17
vn -1.1266751043783545e-16 -1 -2.7595579532869977e-32
f 101/101/101 134/134/134 135/135/135
f 102/102/102 135/135/135 136/136/136
f 103/103/103 136/136/136 137/137/137
f 104/104/104 137/137/137 138/138/138
f 105/105/105 138/138/138 139/139/139
f 106/106/106 139/139/139 140/140/140
f 107/107/107 140/140/140 141/141/141
f 108/108/108 141/141/141 142/142/142
f 109/109/109 142/142/142 143/143/143
f 110/110/110 143/143/143 144/144/144
f 111/111/111 144/144/144 145/145/145
f 112/112/112 145/145/145 146/146/146
f 113/113/113 146/146/146 147/147/147
f 114/114/114 147/147/147 148/148/148
f 115/115/115 148/148/148 149/149/149
f 116/116/116 149/149/149 150/150/150
f 117/117/117 150/150/150 151/151/151
f 118/118/118 151/151/151 152/152/152
f 119/119/119 152/152/152 153/153/153
f 120/120/120 153/153/153 154/154/154
f 121/121/121 154/154/154 155/155/155
f 122/122/122 155/155/155 156/156/156
f 123/123/123 156/156/156 157/157/157
f 124/124/124 157/157/157 158/158/158
f 125/125/125 158/158/158 159/159/159
f 126/126/126 159/159/159 160/160/160
f 127/127/127 160/160/160 161/161/161
f 128/128/128 161/161/161 162/162/162
f 129/129/129 162/162/162 163/163/163
f 130/130/130 163/163/163 164/164/164
f 131/131/131 164/164/164 165/165/165
f 132/132/132 165/165/165 166/166/166
f 135/135/135 134/134/134 168/168/168
f 134/134/134 167/167/167 168/168/168
f 136/136/136 135/135/135 169/169/169
f 135/135/135 168/168/168 169/169/169
f 137/137/137 136/136/136 170/170/170
f 136/136/136 169/169/169 170/170/170
f 138/138/138 137/137/137 171/171/171
f 137/137/137 170/170/170 171/171/171
f 139/139/139 138/138/138 172/172/172
f 138/138/138 171/171/171 172/172/172
f 140/140/140 139/139/139 173/173/173
f 139/139/139 172/172/172 173/173/173
f 141/141/141 140/140/140 174/174/174
f 140/140/140 173/173/173 174/174/174
f 142/142/142 141/141/141 175/175/175
f 141/141/141 174/174/174 175/175/175
f 143/143/143 142/142/142 176/176/176
f 142/142/142 175/175/175 176/176/176
f 144/144/144 143/143/143 177/177/177
f 143/143/143 176/176/176 177/177/177
f 145/145/145 144/144/144 178/178/178
f 144/144/144 177/177/177 178/178/178
f 146/146/146 145/145/145 179/179/179
f 145/145/145 178/178/178 179/179/179
f 147/147/147 146/146/146 180/180/180
f 146/146/146 179/179/179 180/180/180
f 148/148/148 147/147/147 181/181/181
f 147/147/147 180/180/180 181/181/181
f 149/149/149 148/148/148 182/182/182
f 148/148/148 181/181/181 182/182/182
f 150/150/150 149/149/149 183/183/183
f 149/149/149 182/182/182 183/183/183
f 151/151/151 150/150/150 184/184/184
f 150/150/150 183/183/183 184/184/184
f 152/152/152 151/151/151 185/185/185
f 151/151/151 184/184/184 185/185/185
f 153/153/153 152/152/152 186/186/186
f 152/152/152 185/185/185 186/186/186
f 154/154/154 153/153/153 187/187/187
f 153/153/153 186/186/186 187/187/187
f 155/155/155 154/154/154 188/188/188
f 154/154/154 187/187/187 188/188/188
f 156/156/156 155/155/155 189/189/189
f 155/155/155 188/188/188 189/189/189
f 157/157/157 156/156/156 190/190/190
f 156/156/156 189/189/189 190/190/190
f 158/158/158 157/157/157 191/191/191
f 157/157/157 190/190/190 191/191/191
f 159/159/159 158/158/158 192/192/192
f 158/158/158 191/191/191 192/192/192
f 160/160/160 159/159/159 193/193/193
f 159/159/159 192/192/192 193/193/193
f 161/161/161 160/160/160 194/194/194
f 160/160/160 193/193/193 194/194/194
f 162/162/162 161/161/161 195/195/195
f 161/161/161 194/194/194 195/195/195
f 163/163/163 162/162/162 196/196/196
f 162/162/162 195/195/195 196/196/196
f 164/164/164 163/163/163 197/197/197
f 163/163/163 196/196/196 197/197/197
f 165/165/165 164/164/164 198/198/198
f 164/164/164 197/197/197 198/198/198
f 166/166/166 165/165/165 199/199/199
f 165/165/165 198/198/198 199/199/199
f 168/168/168 167/167/167 201/201/201
f 167/167/167 200/200/200 201/201/201
f 169/169/169 168/168/168 202/202/202
f 168/168/168 201/201/201 202/202/202
f 170/170/170 169/169/169 203/203/203
f 169/169/169 202/202/202 203/203/203
f 171/171/171 170/170/170 204/204/204
f 170/170/170 203/203/203 204/204/204
f 172/172/172 171/171/171 205/205/205
f 171/171/171 204/204/204 205/205/205
f 173/173/173 172/172/172 206/206/206
f 172/172/172 205/205/205 206/206/206
f 174/174/174 173/173/173 207/207/207
f 173/173/173 206/206/206 207/207/207
f 175/175/175 174/174/174 208/208/208
f 174/174/174 207/207/207 208/208/208
f 176/176/176 175/175/175 209/209/209
f 175/175/175 208/208/208 209/209/209
f 177/177/177 176/176/176 210/210/210
f 176/176/176 209/209/209 210/210/210
f 178/178/178 177/177/177 211/211/211
f 177/177/177 210/210/210 211/211/211
f 179/179/179 178/178/178 212/212/212
f 178/178/178 211/211/211 212/212/212
f 180/180/180 179/179/179 213/213/213
f 179/179/179 212/212/212 213/213/213
f 181/181/181 180/180/180 214/214/214
f 180/180/180 213/213/213 214/214/214
f 182/182/182 181/181/181 215/215/215
f 181/181/181 214/214/214 215/215/215
f 183/183/183 182/182/182 216/216/216
f 182/182/182 215/215/215 216/216/216
f 184/184/184 183/183/183 217/217/217
f 183/183/183 216/216/216 217/217/217
f 185/185/185 184/184/184 218/218/218
f 184/184/184 217/217/217 218/218/218
f 186/186/186 185/185/185 219/219/219
f 185/185/185 218/218/218 219/219/219
f 187/187/187 186/186/186 220/220/220
f 186/186/186 219/219/219 220/220/220
f 188/188/188 187/187/187 221/221/221
f 187/187/187 220/220/220 221/221/221
f 189/189/189 188/188/188 222/222/222
f 188/188/188 221/221/221 222/222/222
f 190/190/190 189/189/189 223/223/223
f 189/189/189 222/222/222 223/223/223
f 191/191/191 190/190/190 224/224/224
f 190/190/190 223/223/223 224/224/224
f 192/192/192 191/191/191 225/225/225
f 191/191/191 224/224/224 225/225/225
f 193/193/193 192/192/192 226/226/226
f 192/192/192 225/225/225 226/226/226
f 194/194/194 193/193/193 227/227/227
f 193/193/193 226/226/226 227/227/227
f 195/195/195 194/194/194 228/228/228
f 194/194/194 227/227/227 228/228/228
f 196/196/196 195/195/195 229/229/229
f 195/195/195 228/228/228 229/229/229
f 197/197/197 196/196/196 230/230/230
f 196/196/196 229/229/229 230/230/230
f 198/198/198 197/197/197 231/231/231
f 197/197/197 230/230/230 231/231/231
f 199/199/199 198/198/198 232/232/232
f 198/198/198 231/231/231 232/232/232
f 201/201/201 200/200/200 234/234/234
f 200/200/200 233/233/233 234/234/234
f 202/202/202 201/201/201 235/235/235
f 201/201/201 234/234/234 235/235/235
f 203/203/203 202/202/202 236/236/236
f 202/202/202 235/235/235 236/236/236
f 204/204/204 203/203/203 237/237/237
f 203/203/203 236/236/236 237/237/237
f 205/205/205 204/204/204 238/238/238
f 204/204/204 237/237/237 238/238/238
f 206/206/206 205/205/205 239/239/239
f 205/205/205 238/238/238 239/239/239
f 207/207/207 206/206/206 240/240/240
f 206/206/206 239/239/239 240/240/240
f 208/208/208 207/207/207 241/241/241
f 207/207/207 240/240/240 241/241/241
f 209/209/209 208/208/208 242/242/242
f 208/208/208 241/241/241 242/242/242
f 210/210/210 209/209/209 243/243/243
f 209/209/209 242/242/242 243/243/243
f 211/211/211 210/210/210 244/244/244
f 210/210/210 243/243/243 244/244/244
f 212/212/212 211/211/211 245/245/245
f 211/211/211 244/244/244 245/245/245
f 213/213/213 212/212/212 246/246/246
f 212/212/212 245/245/245 246/246/246
f 214/214/214 213/213/213 247/247/247
f 213/213/213 246/246/246 247/247/247
f 215/215/215 214/214/214 248/248/248
f 214/214/214 247/247/247 248/248/248
f 216/216/216 215/215/215 249/249/249
f 215/215/215 248/248/248 249/249/249
f 217/217/217 216/216/216 250/250/250
f 216/216/216 249/249/249 250/250/250
f 218/218/218 217/217/217 251/251/251
f 217/217/217 250/250/250 251/251/251
f 219/219/219 218/218/218 252/252/252
f 218/218/218 251/251/251 252/252/252
f 220/220/220 219/219/219 253/253/253
f 219/219/219 252/252/252 253/253/253
f 221/221/221 220/220/220 254/254/254
f 220/220/220 253/253/253 254/254/254
f 222/222/222 221/221/221 255/255/255
f 221/221/221 254/254/254 255/255/255
f 223/223/223 222/222/222 256/256/256
f 222/222/222 255/255/255 256/256/256
f 224/224/224 223/223/223 257/257/257
f 223/223/223 256/256/256 257/257/257
f 225/225/225 224/224/224 258/258/258
f 224/224/224 257/257/257 258/258/258
f 226/226/226 225/225/225 259/259/259
f 225/225/225 258/258/258 259/259/259
f 227/227/227 226/226/226 260/260/260
f 226/226/226 259/259/259 260/260/260
f 228/228/228 227/227/227 261/261/261
f 227/227/227 260/260/260 261/261/261
f 229/229/229 228/228/228 262/262/262
f 228/228/228 261/261/261 262/262/262
f 230/230/230 229/229/229 263/263/263
f 229/229/229 262/262/262 263/263/263
f 231/231/231 230/230/230 264/264/264
f 230/230/230 263/263/263 264/264/264
f 232/232/232 231/231/231 265/265/265
f 231/231/231 264/264/264 265/265/265
f 234/234/234 233/233/233 267/267/267
f 233/233/233 266/266/266 267/267/267
f 235/235/235 234/234/234 268/268/268
f 234/234/234 267/267/267 268/268/268
f 236/236/236 235/235/235 269/269/269
f 235/235/235 268/268/268 269/269/269
f 237/237/237 236/236/236 270/270/270
f 236/236/236 269/269/269 270/270/270
f 238/238/238 237/237/237 271/271/271
f 237/237/237 270/270/270 271/271/271
f 239/239/239 238/238/238 272/272/272
f 238/238/238 271/271/271 272/272/272
f 240/240/240 239/239/239 273/273/273
f 239/239/239 272/272/272 273/273/273
f 241/241/241 240/240/240 274/274/274
f 240/240/240 273/273/273 274/274/274
f 242/242/242 241/241/241 275/275/275
f 241/241/241 274/274/274 275/275/275
f 243/243/243 242/242/242 276/276/276
f 242/242/242 275/275/275 276/276/276
f 244/244/244 243/243/243 277/277/277
f 243/243/243 276/276/276 277/277/277
f 245/245/245 244/244/244 278/278/278
f 244/244/244 277/277/277 278/278/278
f 246/246/246 245/245/245 279/279/279
f 245/245/245 278/278/278 279/279/279
f 247/247/247 246/246/246 280/280/280
f 246/246/246 279/279/279 280/280/280
f 248/248/248 247/247/247 281/281/281
f 247/247/247 280/280/280 281/281/281
f 249/249/249 248/248/248 282/282/282
f 248/248/248 281/281/281 282/282/282
f 250/250/250 249/249/249 283/283/283
f 249/249/249 282/282/282 283/283/283
f 251/251/251 250/250/250 284/284/284
f 250/250/250 283/283/283 284/284/284
f 252/252/252 251/251/251 285/285/285
f 251/251/251 284/284/284 285/285/285
f 253/253/253 252/252/252 286/286/286
f 252/252/252 285/285/285 286/286/286
f 254/254/254 253/253/253 287/287/287
f 253/253/253 286/286/286 287/287/287
f 255/255/255 254/254/254 288/288/288
f 254/254/254 287/287/287 288/288/288
f 256/256/256 255/255/255 289/289/289
f 255/255/255 288/288/288 289/289/289
f 257/257/257 256/256/256 290/290/290
f 256/256/256 289/289/289 290/290/290
f 258/258/258 257/257/257 291/291/291
f 257/257/257 290/290/290 291/291/291
f 259/259/259 258/258/258 292/292/292
f 258/258/258 291/291/291 292/292/292
f 260/260/260 259/259/259 293/293/293
f 259/259/259 292/292/292 293/293/293
f 261/261/261 260/260/260 294/294/294
f 260/260/260 293/293/293 294/294/294
f 262/262/262 261/261/261 295/295/295
f 261/261/261 294/294/294 295/295/295
f 263/263/263 262/262/262 296/296/296
f 262/262/262 295/295/295 296/296/296
f 264/264/264 263/263/263 297/297/297
f 263/263/263 296/296/296 297/297/297
f 265/265/265 264/264/264 298/298/298
f 264/264/264 297/297/297 298/298/298
f 267/267/267 266/266/266 300/300/300
f 266/266/266 299/299/299 300/300/300
f 268/268/268 267/267/267 301/301/301
f 267/267/267 300/300/300 301/301/301
f 269/269/269 268/268/268 302/302/302
f 268/268/268 301/301/301 302/302/302
f 270/270/270 269/269/269 303/303/303
f 269/269/269 302/302/302 303/303/303
f 271/271/271 270/270/270 304/304/304
f 270/270/270 303/303/303 304/304/304
f 272/272/272 271/271/271 305/305/305
f 271/271/271 304/304/304 305/305/305
f 273/273/273 272/272/272 306/306/306
f 272/272/272 305/305/305 306/306/306
f 274/274/274 273/273/273 307/307/307
f 273/273/273 306/306/306 307/307/307
f 275/275/275 274/274/274 308/308/308
f 274/274/274 307/307/307 308/308/308
f 276/276/276 275/275/275 309/309/309
f 275/275/275 308/308/308 309/309/309
f 277/277/277 276/276/276 310/310/310
f 276/276/276 309/309/309 310/310/310
f 278/278/278 277/277/277 311/311/311
f 277/277/277 310/310/310 311/311/311
f 279/279/279 278/278/278 312/312/312
f 278/278/278 311/311/311 312/312/312
f 280/280/280 279/279/279 313/313/313
f 279/279/279 312/312/312 313/313/313
f 281/281/281 280/280/280 314/314/314
f 280/280/280 313/313/313 314/314/314
f 282/282/282 281/281/281 315/315/315
f 281/281/281 314/314/314 315/315/315
f 283/283/283 282/282/282 316/316/316
f 282/282/282 315/315/315 316/316/316
f 284/284/284 283/283/283 317/317/317
f 283/283/283 316/316/316 317/317/317
f 285/285/285 284/284/284 318/318/318
f 284/284/284 317/317/317 318/318/318
f 286/286/286 285/285/285 319/319/319
f 285/285/285 318/318/318 319/319/319
f 287/287/287 286/286/286 320/320/320
f 286/286/286 319/319/319 320/320/320
f 288/288/288 287/287/287 321/321/321
f 287/287/287 320/320/320 321/321/321
f 289/289/289 288/288/288 322/322/322
f 288/288/288 321/321/321 322/322/322
f 290/290/290 289/289/289 323/323/323
f 289/289/289 322/322/322 323/323/323
f 291/291/291 290/290/290 324/324/324
f 290/290/290 323/323/323 324/324/324
f 292/292/292 291/291/291 325/325/325
f 291/291/291 324/324/324 325/325/325
f 293/293/293 292/292/292 326/326/326
f 292/292/292 325/325/325 326/326/326
f 294/294/294 293/293/293 327/327/327
f 293/293/293 326/326/326 327/327/327
f 295/295/295 294/294/294 328/328/328
f 294/294/294 327/327/327 328/328/328
f 296/296/296 295/295/295 329/329/329
f 295/295/295 328/328/328 329/329/329
f 297/297/297 296/296/296 330/330/330
f 296/296/296 329/329/329 330/330/330
f 298/298/298 297/297/297 331/331/331
f 297/297/297 330/330/330 331/331/331
f 300/300/300 299/299/299 333/333/333
f 299/299/299 332/332/332 333/333/333
f 301/301/301 300/300/300 334/334/334
f 300/300/300 333/333/333 334/334/334
f 302/302/302 301/301/301 335/335/335
f 301/301/301 334/334/334 335/335/335
f 303/303/303 302/302/302 336/336/336
f 302/302/302 335/335/335 336/336/336
f 304/304/304 303/303/303 337/337/337
f 303/303/303 336/336/336 337/337/337
f 305/305/305 304/304/304 338/338/338
f 304/304/304 337/337/337 338/338/338
f 306/306/306 305/305/305 339/339/339
f 305/305/305 338/338/338 339/339/339
f 307/307/307 306/306/306 340/340/340
f 306/306/306 339/339/339 340/340/340
f 308/308/308 307/307/307 341/341/341
f 307/307/307 340/340/340 341/341/341
f 309/309/309 308/308/308 342/342/342
f 308/308/308 341/341/341 342/342/342
f 310/310/310 309/309/309 343/343/343
f 309/309/309 342/342/342 343/343/343
f 311/311/311 310/310/310 344/344/344
f 310/310/310 343/343/343 344/344/344
f 312/312/312 311/311/311 345/345/345
f 311/311/311 344/344/344 345/345/345
f 313/313/313 312/312/312 346/346/346
f 312/312/312 345/345/345 346/346/346
f 314/314/314 313/313/313 347/347/347
f 313/313/313 346/346/346 347/347/347
f 315/315/315 314/314/314 348/348/348
f 314/314/314 347/347/347 348/348/348
f 316/316/316 315/315/315 349/349/349
f 315/315/315 348/348/348 349/349/349
f 317/317/317 316/316/316 350/350/350
f 316/316/316 349/349/349 350/350/350
f 318/318/318 317/317/317 351/351/351
f 317/317/317 350/350/350 351/351/351
f 319/319/319 318/318/318 352/352/352
f 318/318/318 351/351/351 352/352/352
f 320/320/320 319/319/319 353/353/353
f 319/319/319 352/352/352 353/353/353
f 321/321/321 320/320/320 354/354/354
f 320/320/320 353/353/353 354/354/354
f 322/322/322 321/321/321 355/355/355
f 321/321/321 354/354/354 355/355/355
f 323/323/323 322/322/322 356/356/356
f 322/322/322 355/355/355 356/356/356
f 324/324/324 323/323/323 357/357/357
f 323/323/323 356/356/356 357/357/357
f 325/325/325 324/324/324 358/358/358
f 324/324/324 357/357/357 358/358/358
f 326/326/326 325/325/325 359/359/359
f 325/325/325 358/358/358 359/359/359
f 327/327/327 326/326/326 360/360/360
f 326/326/326 359/359/359 360/360/360
f 328/328/328 327/327/327 361/361/361
f 327/327/327 360/360/360 361/361/361
f 329/329/329 328/328/328 362/362/362
f 328/328/328 361/361/361 362/362/362
f 330/330/330 329/329/329 363/363/363
f 329/329/329 362/362/362 363/363/363
f 331/331/331 330/330/330 364/364/364
f 330/330/330 363/363/363 364/364/364
f 333/333/333 332/332/332 366/366/366
f 332/332/332 365/365/365 366/366/366
f 334/334/334 333/333/333 367/367/367
f 333/333/333 366/366/366 367/367/367
f 335/335/335 334/334/334 368/368/368
f 334/334/334 367/367/367 368/368/368
f 336/336/336 335/335/335 369/369/369
f 335/335/335 368/368/368 369/369/369
f 337/337/337 336/336/336 370/370/370
f 336/336/336 369/369/369 370/370/370
f 338/338/338 337/337/337 371/371/371
f 337/337/337 370/370/370 371/371/371
f 339/339/339 338/338/338 372/372/372
f 338/338/338 371/371/371 372/372/372
f 340/340/340 339/339/339 373/373/373
f 339/339/339 372/372/372 373/373/373
f 341/341/341 340/340/340 374/374/374
f 340/340/340 373/373/373 374/374/374
f 342/342/342 341/341/341 375/375/375
f 341/341/341 374/374/374 375/375/375
f 343/343/343 342/342/342 376/376/376
f 342/342/342 375/375/375 376/376/376
f 344/344/344 343/343/343 377/377/377
f 343/343/343 376/376/376 377/377/377
f 345/345/345 344/344/344 378/378/378
f 344/344/344 377/377/377 378/378/378
f 346/346/346 345/345/345 379/379/379
f 345/345/345 378/378/378 379/379/379
f 347/347/347 346/346/346 380/380/380
f 346/346/346 379/379/379 380/380/380
f 348/348/348 347/347/347 381/381/381
f 347/347/347 380/380/380 381/381/381
f 349/349/349 348/348/348 382/382/382
f 348/348/348 381/381/381 382/382/382
f 350/350/350 349/349/349 383/383/383
f 349/349/349 382/382/382 383/383/383
f 351/351/351 350/350/350 384/384/384
f 350/350/350 383/383/383 384/384/384
f 352/352/352 351/351/351 385/385/385
f 351/351/351 384/384/384 385/385/385
f 353/353/353 352/352/352 386/386/386
f 352/352/352 385/385/385 386/386/386
f 354/354/354 353/353/353 387/387/387
f 353/353/353 386/386/386 387/387/387
f 355/355/355 354/354/354 388/388/388
f 354/354/354 387/387/387 388/388/388
f 356/356/356 355/355/355 389/389/389
f 355/355/355 388/388/388 389/389/389
f 357/357/357 356/356/356 390/390/390
f 356/356/356 389/389/389 390/390/390
f 358/358/358 357/357/357 391/391/391
f 357/357/357 390/390/390 391/391/391
f 359/359/359 358/358/358 392/392/392
f 358/358/358 391/391/391 392/392/392
f 360/360/360 359/359/359 393/393/393
f 359/359/359 392/392/392 393/393/393
f 361/361/361 360/360/360 394/394/394
f 360/360/360 393/393/393 394/394/394
f 362/362/362 361/361/361 395/395/395
f 361/361/361 394/394/394 395/395/395
f 363/363/363 362/362/362 396/396/396
f 362/362/362 395/395/395 396/396/396
f 364/364/364 363/363/363 397/397/397
f 363/363/363 396/396/396 397/397/397
f 366/366/366 365/365/365 399/399/399
f 365/365/365 398/398/398 399/399/399
f 367/367/367 366/366/366 400/400/400
f 366/366/366 399/399/399 400/400/400
f 368/368/368 367/367/367 401/401/401
f 367/367/367 400/400/400 401/401/401
f 369/369/369 368/368/368 402/402/402
f 368/368/368 401/401/401 402/402/402
f 370/370/370 369/369/369 403/403/403
f 369/369/369 402/402/402 403/403/403
f 371/371/371 370/370/370 404/404/404
f 370/370/370 403/403/403 404/404/404
f 372/372/372 371/371/371 405/405/405
f 371/371/371 404/404/404 405/405/405
f 373/373/373 372/372/372 406/406/406
f 372/372/372 405/405/405 406/406/406
f 374/374/374 373/373/373 407/407/407
f 373/373/373 406/406/406 407/407/407
f 375/375/375 374/374/374 408/408/408
f 374/374/374 407/407/407 408/408/408
f 376/376/376 375/375/375 409/409/409
f 375/375/375 408/408/408 409/409/409
f 377/377/377 376/376/376 410/410/410
f 376/376/376 409/409/409 410/410/410
f 378/378/378 377/377/377 411/411/411
f 377/377/377 410/410/410 411/411/411
f 379/379/379 378/378/378 412/412/412
f 378/378/378 411/411/411 412/412/412
f 380/380/380 379/379/379 413/413/413
f 379/379/379 412/412/412 413/413/413
f 381/381/381 380/380/380 414/414/414
f 380/380/380 413/413/413 414/414/414
f 382/382/382 381/381/381 415/415/415
f 381/381/381 414/414/414 415/415/415
f 383/383/383 382/382/382 416/416/416
f 382/382/382 415/415/415 416/416/416
f 384/384/384 383/383/383 417/417/417
f 383/383/383 416/416/416 417/417/417
f 385/385/385 384/384/384 418/418/418
f 384/384/384 417/417/417 418/418/418
f 386/386/386 385/385/385 419/419/419
f 385/385/385 418/418/418 419/419/419
f 387/387/387 386/386/386 420/420/420
f 386/386/386 419/419/419 420/420/420
f 388/388/388 387/387/387 421/421/421
f 387/387/387 420/420/420 421/421/421
f 389/389/389 388/388/388 422/422/422
f 388/388/388 421/421/421 422/422/422
f 390/390/390 389/389/389 423/423/423
f 389/389/389 422/422/422 423/423/423
f 391/391/391 390/390/390 424/424/424
f 390/390/390 423/423/423 424/424/424
f 392/392/392 391/391/391 425/425/425
f 391/391/391 424/424/424 425/425/425
f 393/393/393 392/392/392 426/426/426
f 392/392/392 425/425/425 426/426/426
f 394/394/394 393/393/393 427/427/427
f 393/393/393 426/426/426 427/427/427
f 395/395/395 394/394/394 428/428/428
f 394/394/394 427/427/427 428/428/428
f 396/396/396 395/395/395 429/429/429
f 395/395/395 428/428/428 429/429/429
f 397/397/397 396/396/396 430/430/430
f 396/396/396 429/429/429 430/430/430
f 399/399/399 398/398/398 432/432/432
f 398/398/398 431/431/431 432/432/432
f 400/400/400 399/399/399 433/433/433
f 399/399/399 432/432/432 433/433/433
f 401/401/401 400/400/400 434/434/434
f 400/400/400 433/433/433 434/434/434
f 402/402/402 401/401/401 435/435/435
f 401/401/401 434/434/434 435/435/435
f 403/403/403 402/402/402 436/436/436
f 402/402/402 435/435/435 436/436/436
f 404/404/404 403/403/403 437/437/437
f 403/403/403 436/436/436 437/437/437
f 405/405/405 404/404/404 438/438/438
f 404/404/404 437/437/437 438/438/438
f 406/406/406 405/405/405 439/439/439
f 405/405/405 438/438/438 439/439/439
f 407/407/407 406/406/406 440/440/440
f 406/406/406 439/439/439 440/440/440
f 408/408/408 407/407/407 441/441/441
f 407/407/407 440/440/440 441/441/441
f 409/409/409 408/408/408 442/442/442
f 408/408/408 441/441/441 442/442/442
f 410/410/410 409/409/409 443/443/443
f 409/409/409 442/442/442 443/443/443
f 411/411/411 410/410/410 444/444/444
f 410/410/410 443/443/443 444/444/444
f 412/412/412 411/411/411 445/445/445
f 411/411/411 444/444/444 445/445/445
f 413/413/413 412/412/412 446/446/446
f 412/412/412 445/445/445 446/446/446
f 414/414/414 413/413/413 447/447/447
f 413/413/413 446/446/446 447/447/447
f 415/415/415 414/414/414 448/448/448
f 414/414/414 447/447/447 448/448/448
f 416/416/416 415/415/415 449/449/449
f 415/415/415 448/448/448 449/449/449
f 417/417/417 416/416/416 450/450/450
f 416/416/416 449/449/449 450/450/450
f 418/418/418 417/417/417 451/451/451
f 417/417/417 450/450/450 451/451/451
f 419/419/419 418/418/418 452/452/452
f 418/418/418 451/451/451 452/452/452
f 420/420/420 419/419/419 453/453/453
f 419/419/419 452/452/452 453/453/453
f 421/421/421 420/420/420 454/454/454
f 420/420/420 453/453/453 454/454/454
f 422/422/422 421/421/421 455/455/455
f 421/421/421 454/454/454 455/455/455
f 423/423/423 422/422/422 456/456/456
f 422/422/422 455/455/455 456/456/456
f 424/424/424 423/423/423 457/457/457
f 423/423/423 456/456/456 457/457/457
f 425/425/425 424/424/424 458/458/458
f 424/424/424 457/457/457 458/458/458
f 426/426/426 425/425/425 459/459/459
f 425/425/425 458/458/458 459/459/459
f 427/427/427 426/426/426 460/460/460
f 426/426/426 459/459/459 460/460/460
f 428/428/428 427/427/427 461/461/461
f 427/427/427 460/460/460 461/461/461
f 429/429/429 428/428/428 462/462/462
f 428/428/428 461/461/461 462/462/462
f 430/430/430 429/429/429 463/463/463
f 429/429/429 462/462/462 463/463/463
f 432/432/432 431/431/431 465/465/465
f 431/431/431 464/464/464 465/465/465
f 433/433/433 432/432/432 466/466/466
f 432/432/432 465/465/465 466/466/466
f 434/434/434 433/433/433 467/467/467
f 433/433/433 466/466/466 467/467/467
f 435/435/435 434/434/434 468/468/468
f 434/434/434 467/467/467 468/468/468
f 436/436/436 435/435/435 469/469/469
f 435/435/435 468/468/468 469/469/469
f 437/437/437 436/436/436 470/470/470
f 436/436/436 469/469/469 470/470/470
f 438/438/438 437/437/437 471/471/471
f 437/437/437 470/470/470 471/471/471
f 439/439/439 438/438/438 472/472/472
f 438/438/438 471/471/471 472/472/472
f 440/440/440 439/439/439 473/473/473
f 439/439/439 472/472/472 473/473/473
f 441/441/441 440/440/440 474/474/474
f 440/440/440 473/473/473 474/474/474
f 442/442/442 441/441/441 475/475/475
f 441/441/441 474/474/474 475/475/475
f 443/443/443 442/442/442 476/476/476
f 442/442/442 475/475/475 476/476/476
f 444/444/444 443/443/443 477/477/477
f 443/443/443 476/476/476 477/477/477
f 445/445/445 444/444/444 478/478/478
f 444/444/444 477/477/477 478/478/478
f 446/446/446 445/445/445 479/479/479
f 445/445/445 478/478/478 479/479/479
f 447/447/447 446/446/446 480/480/480
f 446/446/446 479/479/479 480/480/480
f 448/448/448 447/447/447 481/481/481
f 447/447/447 480/480/480 481/481/481
f 449/449/449 448/448/448 482/482/482
f 448/448/448 481/481/481 482/482/482
f 450/450/450 449/449/449 483/483/483
f 449/449/449 482/482/482 483/483/483
f 451/451/451 450/450/450 484/484/484
f 450/450/450 483/483/483 484/484/484
f 452/452/452 451/451/451 485/485/485
f 451/451/451 484/484/484 485/485/485
f 453/453/453 452/452/452 486/486/486
f 452/452/452 485/485/485 486/486/486
f 454/454/454 453/453/453 487/487/487
f 453/453/453 486/486/486 487/487/487
f 455/455/455 454/454/454 488/488/488
f 454/454/454 487/487/487 488/488/488
f 456/456/456 455/455/455 489/489/489
f 455/455/455 488/488/488 489/489/489
f 457/457/457 456/456/456 490/490/490
f 456/456/456 489/489/489 490/490/490
f 458/458/458 457/457/457 491/491/491
f 457/457/457 490/490/490 491/491/491
f 459/459/459 458/458/458 492/492/492
f 458/458/458 491/491/491 492/492/492
f 460/460/460 459/459/459 493/493/493
f 459/459/459 492/492/492 493/493/493
f 461/461/461 460/460/460 494/494/494
f 460/460/460 493/493/493 494/494/494
f 462/462/462 461/461/461 495/495/495
f 461/461/461 494/494/494 495/495/495
f 463/463/463 462/462/462 496/496/496
f 462/462/462 495/495/495 496/496/496
f 465/465/465 464/464/464 498/498/498
f 464/464/464 497/497/497 498/498/498
f 466/466/466 465/465/465 499/499/499
f 465/465/465 498/498/498 499/499/499
f 467/467/467 466/466/466 500/500/500
f 466/466/466 499/499/499 500/500/500
f 468/468/468 467/467/467 501/501/501
f 467/467/467 500/500/500 501/501/501
f 469/469/469 468/468/468 502/502/502
f 468/468/468 501/501/501 502/502/502
f 470/470/470 469/469/469 503/503/503
f 469/469/469 502/502/502 503/503/503
f 471/471/471 470/470/470 504/504/504
f 470/470/470 503/503/503 504/504/504
f 472/472/472 471/471/471 505/505/505
f 471/471/471 504/504/504 505/505/505
f 473/473/473 472/472/472 506/506/506
f 472/472/472 505/505/505 506/506/506
f 474/474/474 473/473/473 507/507/507
f 473/473/473 506/506/506 507/507/507
f 475/475/475 474/474/474 508/508/508
f 474/474/474 507/507/507 508/508/508
f 476/476/476 475/475/475 509/509/509
f 475/475/475 508/508/508 509/509/509
f 477/477/477 476/476/476 510/510/510
f 476/476/476 509/509/509 510/510/510
f 478/478/478 477/477/477 511/511/511
f 477/477/477 510/510/510 511/511/511
f 479/479/479 478/478/478 512/512/512
f 478/478/478 511/511/511 512/512/512
f 480/480/480 479/479/479 513/513/513
f 479/479/479 512/512/512 513/513/513
f 481/481/481 480/480/480 514/514/514
f 480/480/480 513/513/513 514/514/514
f 482/482/482 481/481/481 515/515/515
f 481/481/481 514/514/514 515/515/515
f 483/483/483 482/482/482 516/516/516
f 482/482/482 515/515/515 516/516/516
f 484/484/484 483/483/483 517/517/517
f 483/483/483 516/516/516 517/517/517
f 485/485/485 484/484/484 518/518/518
f 484/484/484 517/517/517 518/518/518
f 486/486/486 485/485/485 519/519/519
f 485/485/485 518/518/518 519/519/519
f 487/487/487 486/486/486 520/520/520
f 486/486/486 519/519/519 520/520/520
f 488/488/488 487/487/487 521/521/521
f 487/487/487 520/520/520 521/521/521
f 489/489/489 488/488/488 522/522/522
f 488/488/488 521/521/521 522/522/522
f 490/490/490 489/489/489 523/523/523
f 489/489/489 522/522/522 523/523/523
f 491/491/491 490/490/490 524/524/524
f 490/490/490 523/523/523 524/524/524
f 492/492/492 491/491/491 525/525/525
f 491/491/491 524/524/524 525/525/525
f 493/493/493 492/492/492 526/526/526
f 492/492/492 525/525/525 526/526/526
f 494/494/494 493/493/493 527/527/527
f 493/493/493 526/526/526 527/527/527
f 495/495/495 494/494/494 528/528/528
f 494/494/494 527/527/527 528/528/528
f 496/496/496 495/495/495 529/529/529
f 495/495/495 528/528/528 529/529/529
f 498/498/498 497/497/497 531/531/531
f 497/497/497 530/530/530 531/531/531
f 499/499/499 498/498/498 532/532/532
f 498/498/498 531/531/531 532/532/532
f 500/500/500 499/499/499 533/533/533
f 499/499/499 532/532/532 533/533/533
f 501/501/501 500/500/500 534/534/534
f 500/500/500 533/533/533 534/534/534
f 502/502/502 501/501/501 535/535/535
f 501/501/501 534/534/534 535/535/535
f 503/503/503 502/502/502 536/536/536
f 502/502/502 535/535/535 536/536/536
f 504/504/504 503/503/503 537/537/537
f 503/503/503 536/536/536 537/537/537
f 505/505/505 504/504/504 538/538/538
f 504/504/504 537/537/537 538/538/538
f 506/506/506 505/505/505 539/539/539
f 505/505/505 538/538/538 539/539/539
f 507/507/507 506/506/506 540/540/540
f 506/506/506 539/539/539 540/540/540
f 508/508/508 507/507/507 541/541/541
f 507/507/507 540/540/540 541/541/541
f 509/509/509 508/508/508 542/542/542
f 508/508/508 541/541/541 542/542/542
f 510/510/510 509/509/509 543/543/543
f 509/509/509 542/542/542 543/543/543
f 511/511/511 510/510/510 544/544/544
f 510/510/510 543/543/543 544/544/544
f 512/512/512 511/511/511 545/545/545
f 511/511/511 544/544/544 545/545/545
f 513/513/513 512/512/512 546/546/546
f 512/512/512 545/545/545 546/546/546
f 514/514/514 513/513/513 547/547/547
f 513/513/513 546/546/546 547/547/547
f 515/515/515 514/514/514 548/548/548
f 514/514/514 547/547/547 548/548/548
f 516/516/516 515/515/515 549/549/549
f 515/515/515 548/548/548 549/549/549
f 517/517/517 516/516/516 550/550/550
f 516/516/516 549/549/549 550/550/550
f 518/518/518 517/517/517 551/551/551
f 517/517/517 550/550/550 551/551/551
f 519/519/519 518/518/518 552/552/552
f 518/518/518 551/551/551 552/552/552
f 520/520/520 519/519/519 553/553/553
f 519/519/519 552/552/552 553/553/553
f 521/521/521 520/520/520 554/554/554
f 520/520/520 553/553/553 554/554/554
f 522/522/522 521/521/521 555/555/555
f 521/521/521 554/554/554 555/555/555
f 523/523/523 522/522/522 556/556/556
f 522/522/522 555/555/555 556/556/556
f 524/524/524 523/523/523 557/557/557
f 523/523/523 556/556/556 557/557/557
f 525/525/525 524/524/524 558/558/558
f 524/524/524 557/557/557 558/558/558
f 526/526/526 525/525/525 559/559/559
f 525/525/525 558/558/558 559/559/559
f 527/527/527 526/526/526 560/560/560
f 526/526/526 559/559/559 560/560/560
f 528/528/528 527/527/527 561/561/561
f 527/527/527 560/560/560 561/561/561
f 529/529/529 528/528/528 562/562/562
f 528/528/528 561/561/561 562/562/562
f 531/531/531 530/530/530 564/564/564
f 530/530/530 563/563/563 564/564/564
f 532/532/532 531/531/531 565/565/565
f 531/531/531 564/564/564 565/565/565
f 533/533/533 532/532/532 566/566/566
f 532/532/532 565/565/565 566/566/566
f 534/534/534 533/533/533 567/567/567
f 533/533/533 566/566/566 567/567/567
f 535/535/535 534/534/534 568/568/568
f 534/534/534 567/567/567 568/568/568
f 536/536/536 535/535/535 569/569/569
f 535/535/535 568/568/568 569/569/569
f 537/537/537 536/536/536 570/570/570
f 536/536/536 569/569/569 570/570/570
f 538/538/538 537/537/537 571/571/571
f 537/537/537 570/570/570 571/571/571
f 539/539/539 538/538/538 572/572/572
f 538/538/538 571/571/571 572/572/572
f 540/540/540 539/539/539 573/573/573
f 539/539/539 572/572/572 573/573/573
f 541/541/541 540/540/540 574/574/574
f 540/540/540 573/573/573 574/574/574
f 542/542/542 541/541/541 575/575/575
f 541/541/541 574/574/574 575/575/575
f 543/543/543 542/542/542 576/576/576
f 542/542/542 575/575/575 576/576/576
f 544/544/544 543/543/543 577/577/577
f 543/543/543 576/576/576 577/577/577
f 545/545/545 544/544/544 578/578/578
f 544/544/544 577/577/577 578/578/578
f 546/546/546 545/545/545 579/579/579
f 545/545/545 578/578/578 579/579/579
f 547/547/547 546/546/546 580/580/580
f 546/546/546 579/579/579 580/580/580
f 548/548/548 547/547/547 581/581/581
f 547/547/547 580/580/580 581/581/581
f 549/549/549 548/548/548 582/582/582
f 548/548/548 581/581/581 582/582/582
f 550/550/550 549/549/549 583/583/583
f 549/549/549 582/582/582 583/583/583
f 551/551/551 550/550/550 584/584/584
f 550/550/550 583/583/583 584/584/584
f 552/552/552 551/551/551 585/585/585
f 551/551/551 584/584/584 585/585/585
f 553/553/553 552/552/552 586/586/586
f 552/552/552 585/585/585 586/586/586
f 554/554/554 553/553/553 587/587/587
f 553/553/553 586/586/586 587/587/587
f 555/555/555 554/554/554 588/588/588
f 554/554/554 587/587/587 588/588/588
f 556/556/556 555/555/555 589/589/589
f 555/555/555 588/588/588 589/589/589
f 557/557/557 556/556/556 590/590/590
f 556/556/556 589/589/589 590/590/590
f 558/558/558 557/557/557 591/591/591
f 557/557/557 590/590/590 591/591/591
f 559/559/559 558/558/558 592/592/592
f 558/558/558 591/591/591 592/592/592
f 560/560/560 559/559/559 593/593/593
f 559/559/559 592/592/592 593/593/593
f 561/561/561 560/560/560 594/594/594
f 560/560/560 593/593/593 594/594/594
f 562/562/562 561/561/561 595/595/595
f 561/561/561 594/594/594 595/595/595
f 564/564/564 563/563/563 597/597/597
f 563/563/563 596/596/596 597/597/597
f 565/565/565 564/564/564 598/598/598
f 564/564/564 597/597/597 598/598/598
f 566/566/566 565/565/565 599/599/599
f 565/565/565 598/598/598 599/599/599
f 567/567/567 566/566/566 600/600/600
f 566/566/566 599/599/599 600/600/600
f 568/568/568 567/567/567 601/601/601
f 567/567/567 600/600/600 601/601/601
f 569/569/569 568/568/568 602/602/602
f 568/568/568 601/601/601 602/602/602
f 570/570/570 569/569/569 603/603/603
f 569/569/569 602/602/602 603/603/603
f 571/571/571 570/570/570 604/604/604
f 570/570/570 603/603/603 604/604/604
f 572/572/572 571/571/571 605/605/605
f 571/571/571 604/604/604 605/605/605
f 573/573/573 572/572/572 606/606/606
f 572/572/572 605/605/605 606/606/606
f 574/574/574 573/573/573 607/607/607
f 573/573/573 606/606/606 607/607/607
f 575/575/575 574/574/574 608/608/608
f 574/574/574 607/607/607 608/608/608
f 576/576/576 575/575/575 609/609/609
f 575/575/575 608/608/608 609/609/609
f 577/577/577 576/576/576 610/610/610
f 576/576/576 609/609/609 610/610/610
f 578/578/578 577/577/577 611/611/611
f 577/577/577 610/610/610 611/611/611
f 579/579/579 578/578/578 612/612/612
f 578/578/578 611/611/611 612/612/612
f 580/580/580 579/579/579 613/613/613
f 579/579/579 612/612/612 613/613/613
f 581/581/581 580/580/580 614/614/614
f 580/580/580 613/613/613 614/614/614
f 582/582/582 581/581/581 615/615/615
f 581/581/581 614/614/614 615/615/615
f 583/583/583 582/582/582 616/616/616
f 582/582/582 615/615/615 616/616/616
f 584/584/584 583/583/583 617/617/617
f 583/583/583 616/616/616 617/617/617
f 585/585/585 584/584/584 618/618/618
f 584/584/584 617/617/617 618/618/618
f 586/586/586 585/585/585 619/619/619
f 585/585/585 618/618/618 619/619/619
f 587/587/587 586/586/586 620/620/620
f 586/586/586 619/619/619 620/620/620
f 588/588/588 587/587/587 621/621/621
f 587/587/587 620/620/620 621/621/621
f 589/589/589 588/588/588 622/622/622
f 588/588/588 621/621/621 622/622/622
f 590/590/590 589/589/589 623/623/623
f 589/589/589 622/622/622 623/623/623
f 591/591/591 590/590/590 624/624/624
f 590/590/590 623/623/623 624/624/624
f 592/592/592 591/591/591 625/625/625
f 591/591/591 624/624/624 625/625/625
f 593/593/593 592/592/592 626/626/626
f 592/592/592 625/625/625 626/626/626
f 594/594/594 593/593/593 627/627/627
f 593/593/593 626/626/626 627/627/627
f 595/595/595 594/594/594 628/628/628
f 594/594/594 627/627/627 628/628/628
f 597/597/597 596/596/596 630/630/630
f 596/596/596 629/629/629 630/630/630
f 598/598/598 597/597/597 631/631/631
f 597/597/597 630/630/630 631/631/631
f 599/599/599 598/598/598 632/632/632
f 598/598/598 631/631/631 632/632/632
f 600/600/600 599/599/599 633/633/633
f 599/599/599 632/632/632 633/633/633
f 601/601/601 600/600/600 634/634/634
f 600/600/600 633/633/633 634/634/634
f 602/602/602 601/601/601 635/635/635
f 601/601/601 634/634/634 635/635/635
f 603/603/603 602/602/602 636/636/636
f 602/602/602 635/635/635 636/636/636
f 604/604/604 603/603/603 637/637/637
f 603/603/603 636/636/636 637/637/637
f 605/605/605 604/604/604 638/638/638
f 604/604/604 637/637/637 638/638/638
f 606/606/606 605/605/605 639/639/639
f 605/605/605 638/638/638 639/639/639
f 607/607/607 606/606/606 640/640/640
f 606/606/606 639/639/639 640/640/640
f 608/608/608 607/607/607 641/641/641
f 607/607/607 640/640/640 641/641/641
f 609/609/609 608/608/608 642/642/642
f 608/608/608 641/641/641 642/642/642
f 610/610/610 609/609/609 643/643/643
f 609/609/609 642/642/642 643/643/643
f 611/611/611 610/610/610 644/644/644
f 610/610/610 643/643/643 644/644/644
f 612/612/612 611/611/611 645/645/645
f 611/611/611 644/644/644 645/645/645
f 613/613/613 612/612/612 646/646/646
f 612/612/612 645/645/645 646/646/646
f 614/614/614 613/613/613 647/647/647
f 613/613/613 646/646/646 647/647/647
f 615/615/615 614/614/614 648/648/648
f 614/614/614 647/647/647 648/648/648
f 616/616/616 615/615/615 649/649/649
f 615/615/615 648/648/648 649/649/649
f 617/617/617 616/616/616 650/650/650
f 616/616/616 649/649/649 650/650/650
f 618/618/618 617/617/617 651/651/651
f 617/617/617 650/650/650 651/651/651
f 619/619/619 618/618/618 652/652/652
f 618/618/618 651/651/651 652/652/652
f 620/620/620 619/619/619 653/653/653
f 619/619/619 652/652/652 653/653/653
f 621/621/621 620/620/620 654/654/654
f 620/620/620 653/653/653 654/654/654
f 622/622/622 621/621/621 655/655/655
f 621/621/621 654/654/654 655/655/655
f 623/623/623 622/622/622 656/656/656
f 622/622/622 655/655/655 656/656/656
f 624/624/624 623/623/623 657/657/657
f 623/623/623 656/656/656 657/657/657
f 625/625/625 624/624/624 658/658/658
f 624/624/624 657/657/657 658/658/658
f 626/626/626 625/625/625 659/659/659
f 625/625/625 658/658/658 659/659/659
f 627/627/627 626/626/626 660/660/660
f 626/626/626 659/659/659 660/660/660
f 628/628/628 627/627/627 661/661/661
f 627/627/627 660/660/660 661/661/661
f 630/630/630 629/629/629 663/663/663
f 629/629/629 662/662/662 663/663/663
f 631/631/631 630/630/630 664/664/664
f 630/630/630 663/663/663 664/664/664
f 632/632/632 631/631/631 665/665/665
f 631/631/631 664/664/664 665/665/665
f 633/633/633 632/632/632 666/666/666
f 632/632/632 665/665/665 666/666/666
f 634/634/634 633/633/633 667/667/667
f 633/633/633 666/666/666 667/667/667
f 635/635/635 634/634/634 668/668/668
f 634/634/634 667/667/667 668/668/668
f 636/636/636 635/635/635 669/669/669
f 635/635/635 668/668/668 669/669/669
f 637/637/637 636/636/636 670/670/670
f 636/636/636 669/669/669 670/670/670
f 638/638/638 637/637/637 671/671/671
f 637/637/637 670/670/670 671/671/671
f 639/639/639 638/638/638 672/672/672
f 638/638/638 671/671/671 672/672/672
f 640/640/640 639/639/639 673/673/673
f 639/639/639 672/672/672 673/673/673
f 641/641/641 640/640/640 674/674/674
f 640/640/640 673/673/673 674/674/674
f 642/642/642 641/641/641 675/675/675
f 641/641/641 674/674/674 675/675/675
f 643/643/643 642/642/642 676/676/676
f 642/642/642 675/675/675 676/676/676
f 644/644/644 643/643/643 677/677/677
f 643/643/643 676/676/676 677/677/677
f 645/645/645 644/644/644 678/678/678
f 644/644/644 677/677/677 678/678/678
f 646/646/646 645/645/645 679/679/679
f 645/645/645 678/678/678 679/679/679
f 647/647/647 646/646/646 680/680/680
f 646/646/646 679/679/679 680/680/680
f 648/648/648 647/647/647 681/681/681
f 647/647/647 680/680/680 681/681/681
f 649/649/649 648/648/648 682/682/682
f 648/648/648 681/681/681 682/682/682
f 650/650/650 649/649/649 683/683/683
f 649/649/649 682/682/682 683/683/683
f 651/651/651 650/650/650 684/684/684
f 650/650/650 683/683/683 684/684/684
f 652/652/652 651/651/651 685/685/685
f 651/651/651 684/684/684 685/685/685
f 653/653/653 652/652/652 686/686/686
f 652/652/652 685/685/685 686/686/686
f 654/654/654 653/653/653 687/687/687
f 653/653/653 686/686/686 687/687/687
f 655/655/655 654/654/654 688/688/688
f 654/654/654 687/687/687 688/688/688
f 656/656/656 655/655/655 689/689/689
f 655/655/655 688/688/688 689/689/689
f 657/657/657 656/656/656 690/690/690
f 656/656/656 689/689/689 690/690/690
f 658/658/658 657/657/657 691/691/691
f 657/657/657 690/690/690 691/691/691
f 659/659/659 658/658/658 692/692/692
f 658/658/658 691/691/691 692/692/692
f 660/660/660 659/659/659 693/693/693
f 659/659/659 692/692/692 693/693/693
f 661/661/661 660/660/660 694/694/694
f 660/660/660 693/693/693 694/694/694
f 663/663/663 662/662/662 696/696/696
f 662/662/662 695/695/695 696/696/696
f 664/664/664 663/663/663 697/697/697
f 663/663/663 696/696/696 697/697/697
f 665/665/665 664/664/664 698/698/698
f 664/664/664 697/697/697 698/698/698
f 666/666/666 665/665/665 699/699/699
f 665/665/665 698/698/698 699/699/699
f 667/667/667 666/666/666 700/700/700
f 666/666/666 699/699/699 700/700/700
f 668/668/668 667/667/667 701/701/701
f 667/667/667 700/700/700 701/701/701
f 669/669/669 668/668/668 702/702/702
f 668/668/668 701/701/701 702/702/702
f 670/670/670 669/669/669 703/703/703
f 669/669/669 702/702/702 703/703/703
f 671/671/671 670/670/670 704/704/704
f 670/670/670 703/703/703 704/704/704
f 672/672/672 671/671/671 705/705/705
f 671/671/671 704/704/704 705/705/705
f 673/673/673 672/672/672 706/706/706
f 672/672/672 705/705/705 706/706/706
f 674/674/674 673/673/673 707/707/707
f 673/673/673 706/706/706 707/707/707
f 675/675/675 674/674/674 708/708/708
f 674/674/674 707/707/707 708/708/708
f 676/676/676 675/675/675 709/709/709
f 675/675/675 708/708/708 709/709/709
f 677/677/677 676/676/676 710/710/710
f 676/676/676 709/709/709 710/710/710
f 678/678/678 677/677/677 711/711/711
f 677/677/677 710/710/710 711/711/711
f 679/679/679 678/678/678 712/712/712
f 678/678/678 711/711/711 712/712/712
f 680/680/680 679/679/679 713/713/713
f 679/679/679 712/712/712 713/713/713
f 681/681/681 680/680/680 714/714/714
f 680/680/680 713/713/713 714/714/714
f 682/682/682 681/681/681 715/715/715
f 681/681/681 714/714/714 715/715/715
f 683/683/683 682/682/682 716/716/716
f 682/682/682 715/715/715 716/716/716
f 684/684/684 683/683/683 717/717/717
f 683/683/683 716/716/716 717/717/717
f 685/685/685 684/684/684 718/718/718
f 684/684/684 717/717/717 718/718/718
f 686/686/686 685/685/685 719/719/719
f 685/685/685 718/718/718 719/719/719
f 687/687/687 686/686/686 720/720/720
f 686/686/686 719/719/719 720/720/720
f 688/688/688 687/687/687 721/721/721
f 687/687/687 720/720/720 721/721/721
f 689/689/689 688/688/688 722/722/722
f 688/688/688 721/721/721 722/722/722
f 690/690/690 689/689/689 723/723/723
f 689/689/689 722/722/722 723/723/723
f 691/691/691 690/690/690 724/724/724
f 690/690/690 723/723/723 724/724/724
f 692/692/692 691/691/691 725/725/725
f 691/691/691 724/724/724 725/725/725
f 693/693/693 692/692/692 726/726/726
f 692/692/692 725/725/725 726/726/726
f 694/694/694 693/693/693 727/727/727
f 693/693/693 726/726/726 727/727/727
f 696/696/696 695/695/695 729/729/729
f 695/695/695 728/728/728 729/729/729
f 697/697/697 696/696/696 730/730/730
f 696/696/696 729/729/729 730/730/730
f 698/698/698 697/697/697 731/731/731
f 697/697/697 730/730/730 731/731/731
f 699/699/699 698/698/698 732/732/732
f 698/698/698 731/731/731 732/732/732
f 700/700/700 699/699/699 733/733/733
f 699/699/699 732/732/732 733/733/733
f 701/701/701 700/700/700 734/734/734
f 700/700/700 733/733/733 734/734/734
f 702/702/702 701/701/701 735/735/735
f 701/701/701 734/734/734 735/735/735
f 703/703/703 702/702/702 736/736/736
f 702/702/702 735/735/735 736/736/736
f 704/704/704 703/703/703 737/737/737
f 703/703/703 736/736/736 737/737/737
f 705/705/705 704/704/704 738/738/738
f 704/704/704 737/737/737 738/738/738
f 706/706/706 705/705/705 739/739/739
f 705/705/705 738/738/738 739/739/739
f 707/707/707 706/706/706 740/740/740
f 706/706/706 739/739/739 740/740/740
f 708/708/708 707/707/707 741/741/741
f 707/707/707 740/740/740 741/741/741
f 709/709/709 708/708/708 742/742/742
f 708/708/708 741/741/741 742/742/742
f 710/710/710 709/709/709 743/743/743
f 709/709/709 742/742/742 743/743/743
f 711/711/711 710/710/710 744/744/744
f 710/710/710 743/743/743 744/744/744
f 712/712/712 711/711/711 745/745/745
f 711/711/711 744/744/744 745/745/745
f 713/713/713 712/712/712 746/746/746
f 712/712/712 745/745/745 746/746/746
f 714/714/714 713/713/713 747/747/747
f 713/713/713 746/746/746 747/747/747
f 715/715/715 714/714/714 748/748/748
f 714/714/714 747/747/747 748/748/748
f 716/716/716 715/715/715 749/749/749
f 715/715/715 748/748/748 749/749/749
f 717/717/717 716/716/716 750/750/750
f 716/716/716 749/749/749 750/750/750
f 718/718/718 717/717/717 751/751/751
f 717/717/717 750/750/750 751/751/751
f 719/719/719 718/718/718 752/752/752
f 718/718/718 751/751/751 752/752/752
f 720/720/720 719/719/719 753/753/753
f 719/719/719 752/752/752 753/753/753
f 721/721/721 720/720/720 754/754/754
f 720/720/720 753/753/753 754/754/754
f 722/722/722 721/721/721 755/755/755
f 721/721/721 754/754/754 755/755/755
f 723/723/723 722/722/722 756/756/756
f 722/722/722 755/755/755 756/756/756
f 724/724/724 723/723/723 757/757/757
f 723/723/723 756/756/756 757/757/757
f 725/725/725 724/724/724 758/758/758
f 724/724/724 757/757/757 758/758/758
f 726/726/726 725/725/725 759/759/759
f 725/725/725 758/758/758 759/759/759
f 727/727/727 726/726/726 760/760/760
f 726/726/726 759/759/759 760/760/760
f 729/729/729 728/728/728 762/762/762
f 730/730/730 729/729/729 763/763/763
f 731/731/731 730/730/730 764/764/764
f 732/732/732 731/731/731 765/765/765
f 733/733/733 732/732/732 766/766/766
f 734/734/734 733/733/733 767/767/767
f 735/735/735 734/734/734 768/768/768
f 736/736/736 735/735/735 769/769/769
f 737/737/737 736/736/736 770/770/770
f 738/738/738 737/737/737 771/771/771
f 739/739/739 738/738/738 772/772/772
f 740/740/740 739/739/739 773/773/773
f 741/741/741 740/740/740 774/774/774
f 742/742/742 741/741/741 775/775/775
f 743/743/743 742/742/742 776/776/776
f 744/744/744 743/743/743 777/777/777
f 745/745/745 744/744/744 778/778/778
f 746/746/746 745/745/745 779/779/779
f 747/747/747 746/746/746 780/780/780
f 748/748/748 747/747/747 781/781/781
f 749/749/749 748/748/748 782/782/782
f 750/750/750 749/749/749 783/783/783
f 751/751/751 750/750/750 784/784/784
f 752/752/752 751/751/751 785/785/785
f 753/753/753 752/752/752 786/786/786
f 754/754/754 753/753/753 787/787/787
f 755/755/755 754/754/754 788/788/788
f 756/756/756 755/755/755 789/789/789
f 757/757/757 756/756/756 790/790/790
f 758/758/758 757/757/757 791/791/791
f 759/759/759 758/758/758 792/792/792
f 760/760/760 759/759/759 793/793/793
o canopy_1
usemtl foliageDark
v 0.85 3.086000010967255 0.35
v 0.85 3.086000010967255 0.35
v 0.85 3.086000010967255 0.35
v 0.85 3.086000010967255 0.35
v 0.85 3.086000010967255 0.35
v 0.85 3.086000010967255 0.35
v 0.85 3.086000010967255 0.35
v 0.85 3.086000010967255 0.35
v 0.85 3.086000010967255 0.35
v 0.85 3.086000010967255 0.35
v 0.85 3.086000010967255 0.35
v 0.85 3.086000010967255 0.35
v 0.85 3.086000010967255 0.35
v 0.85 3.086000010967255 0.35
v 0.85 3.086000010967255 0.35
v 0.85 3.086000010967255 0.35
v 0.85 3.086000010967255 0.35
v 0.85 3.086000010967255 0.35
v 0.85 3.086000010967255 0.35
v 0.85 3.086000010967255 0.35
v 0.85 3.086000010967255 0.35
v 0.85 3.086000010967255 0.35
v 0.85 3.086000010967255 0.35
v 0.85 3.086000010967255 0.35
v 0.85 3.086000010967255 0.35
v 0.85 3.086000010967255 0.35
v 0.85 3.086000010967255 0.35
v 0.85 3.086000010967255 0.35
v 0.85 3.086000010967255 0.35
v 0.85 3.086000010967255 0.35
v 0.85 3.086000010967255 0.35
v 0.85 3.086000010967255 0.35
v 0.85 3.086000010967255 0.35
v 0.7248524338006973 3.0769386458396912 0.35
v 0.7272571012377739 3.0769386458396912 0.37441507950425146
v 0.7343787163496017 3.0769386458396912 0.397891903668642
v 0.745943596959114 3.0769386458396912 0.41952826678752897
v 0.7615073010325432 3.0769386458396912 0.4384926989674568
v 0.780471733212471 3.0769386458396912 0.4540564030408859
v 0.8021080963313579 3.0769386458396912 0.46562128365039823
v 0.8255849204957485 3.0769386458396912 0.4727428987622261
v 0.85 3.0769386458396912 0.47514756619930265
v 0.8744150795042515 3.0769386458396912 0.4727428987622261
v 0.897891903668642 3.0769386458396912 0.46562128365039823
v 0.919528266787529 3.0769386458396912 0.4540564030408859
v 0.9384926989674568 3.0769386458396912 0.4384926989674568
v 0.9540564030408859 3.0769386458396912 0.41952826678752897
v 0.9656212836503982 3.0769386458396912 0.397891903668642
v 0.9727428987622261 3.0769386458396912 0.37441507950425146
v 0.9751475661993027 3.0769386458396912 0.35
v 0.9727428987622261 3.0769386458396912 0.3255849204957485
v 0.9656212836503982 3.0769386458396912 0.30210809633135793
v 0.9540564030408859 3.0769386458396912 0.280471733212471
v 0.9384926989674568 3.0769386458396912 0.26150730103254316
v 0.919528266787529 3.0769386458396912 0.24594359695911405
v 0.897891903668642 3.0769386458396912 0.23437871634960172
v 0.8744150795042515 3.0769386458396912 0.22725710123777387
v 0.85 3.0769386458396912 0.2248524338006973
v 0.8255849204957485 3.0769386458396912 0.22725710123777387
v 0.8021080963313579 3.0769386458396912 0.23437871634960172
v 0.780471733212471 3.0769386458396912 0.24594359695911405
v 0.7615073010325432 3.0769386458396912 0.26150730103254316
v 0.745943596959114 3.0769386458396912 0.280471733212471
v 0.7343787163496017 3.0769386458396912 0.30210809633135793
v 0.7272571012377739 3.0769386458396912 0.3255849204957485
v 0.7248524338006973 3.0769386458396912 0.3499999999999999
v 0.6027863979339599 3.0499775695800784 0.35
v 0.6075365453958511 3.0499775695800784 0.39822897911071775
v 0.6216044187545776 3.0499775695800784 0.44460454434156416
v 0.6444494038820267 3.0499775695800784 0.4873445093631744
v 0.6751935839653015 3.0499775695800784 0.5248064160346985
v 0.7126554906368255 3.0499775695800784 0.5555505961179733
v 0.7553954556584358 3.0499775695800784 0.5783955812454223
v 0.8017710208892822 3.0499775695800784 0.5924634546041488
v 0.85 3.0499775695800784 0.59721360206604
v 0.8982289791107178 3.0499775695800784 0.5924634546041488
v 0.9446045443415642 3.0499775695800784 0.5783955812454223
v 0.9873445093631744 3.0499775695800784 0.5555505961179733
v 1.0248064160346986 3.0499775695800784 0.5248064160346985
v 1.0555505961179734 3.0499775695800784 0.4873445093631744
v 1.0783955812454225 3.0499775695800784 0.44460454434156416
v 1.092463454604149 3.0499775695800784 0.39822897911071775
v 1.0972136020660401 3.0499775695800784 0.35000000000000003
v 1.092463454604149 3.0499775695800784 0.3017710208892822
v 1.0783955812454225 3.0499775695800784 0.2553954556584358
v 1.0555505961179734 3.0499775695800784 0.21265549063682554
v 1.0248064160346986 3.0499775695800784 0.1751935839653015
v 0.9873445093631744 3.0499775695800784 0.14444940388202665
v 0.9446045443415642 3.0499775695800784 0.12160441875457761
v 0.8982289791107178 3.0499775695800784 0.10753654539585111
v 0.85 3.0499775695800784 0.10278639793395994
v 0.8017710208892822 3.0499775695800784 0.10753654539585111
v 0.7553954556584358 3.0499775695800784 0.12160441875457761
v 0.7126554906368255 3.0499775695800784 0.14444940388202665
v 0.6751935839653015 3.0499775695800784 0.1751935839653015
v 0.6444494038820267 3.0499775695800784 0.21265549063682554
v 0.6216044187545776 3.0499775695800784 0.2553954556584358
v 0.6075365453958511 3.0499775695800784 0.3017710208892822
v 0.6027863979339599 3.0499775695800784 0.3499999999999999
v 0.4868075907230377 3.005780794620514 0.35
v 0.49378625154495237 3.005780794620514 0.42085531949996946
v 0.5144539833068847 3.005780794620514 0.4889877200126648
v 0.5480165541172027 3.005780794620514 0.5517788887023926
v 0.5931841790676117 3.005780794620514 0.6068158209323883
v 0.6482211112976074 3.005780794620514 0.6519834458827972
v 0.7110122799873352 3.005780794620514 0.6855460166931152
v 0.7791446805000305 3.005780794620514 0.7062137484550476
v 0.85 3.005780794620514 0.7131924092769623
v 0.9208553194999695 3.005780794620514 0.7062137484550476
v 0.9889877200126648 3.005780794620514 0.6855460166931152
v 1.0517788887023927 3.005780794620514 0.6519834458827972
v 1.1068158209323884 3.005780794620514 0.6068158209323883
v 1.1519834458827973 3.005780794620514 0.5517788887023926
v 1.1855460166931153 3.005780794620514 0.4889877200126648
v 1.2062137484550477 3.005780794620514 0.42085531949996946
v 1.2131924092769624 3.005780794620514 0.35000000000000003
v 1.2062137484550477 3.005780794620514 0.2791446805000305
v 1.1855460166931153 3.005780794620514 0.21101227998733518
v 1.1519834458827973 3.005780794620514 0.1482211112976074
v 1.1068158209323884 3.005780794620514 0.09318417906761167
v 1.0517788887023927 3.005780794620514 0.04801655411720274
v 0.9889877200126648 3.005780794620514 0.014453983306884743
v 0.9208553194999695 3.005780794620514 -0.00621374845504763
v 0.8500000000000001 3.005780794620514 -0.013192409276962302
v 0.7791446805000305 3.005780794620514 -0.00621374845504763
v 0.7110122799873352 3.005780794620514 0.014453983306884743
v 0.6482211112976074 3.005780794620514 0.04801655411720274
v 0.5931841790676117 3.005780794620514 0.09318417906761167
v 0.5480165541172027 3.005780794620514 0.1482211112976074
v 0.5144539833068847 3.005780794620514 0.21101227998733518
v 0.49378625154495237 3.005780794620514 0.2791446805000305
v 0.4868075907230377 3.005780794620514 0.34999999999999987
v 0.3797718048095703 2.9454364919662477 0.35
v 0.38880709409713743 2.9454364919662477 0.4417369723320007
v 0.4155657947063446 2.9454364919662477 0.5299485385417938
v 0.45901954770088194 2.9454364919662477 0.6112448036670685
v 0.5174984395503998 2.9454364919662477 0.6825015604496002
v 0.5887551963329315 2.9454364919662477 0.740980452299118
v 0.6700514614582062 2.9454364919662477 0.7844342052936554
v 0.7582630276679992 2.9454364919662477 0.8111929059028625
v 0.85 2.9454364919662477 0.8202281951904297
v 0.9417369723320007 2.9454364919662477 0.8111929059028625
v 1.029948538541794 2.9454364919662477 0.7844342052936554
v 1.1112448036670686 2.9454364919662477 0.740980452299118
v 1.1825015604496003 2.9454364919662477 0.6825015604496002
v 1.2409804522991181 2.9454364919662477 0.6112448036670685
v 1.2844342052936555 2.9454364919662477 0.5299485385417938
v 1.3111929059028626 2.9454364919662477 0.4417369723320007
v 1.3202281951904298 2.9454364919662477 0.35000000000000003
v 1.3111929059028626 2.9454364919662477 0.25826302766799925
v 1.2844342052936555 2.9454364919662477 0.17005146145820615
v 1.2409804522991181 2.9454364919662477 0.0887551963329315
v 1.1825015604496003 2.9454364919662477 0.017498439550399758
v 1.1112448036670686 2.9454364919662477 -0.040980452299118064
v 1.029948538541794 2.9454364919662477 -0.08443420529365542
v 0.9417369723320007 2.9454364919662477 -0.11119290590286257
v 0.8500000000000001 2.9454364919662477 -0.12022819519042971
v 0.7582630276679992 2.9454364919662477 -0.11119290590286257
v 0.6700514614582062 2.9454364919662477 -0.08443420529365542
v 0.5887551963329315 2.9454364919662477 -0.040980452299118064
v 0.5174984395503998 2.9454364919662477 0.017498439550399758
v 0.45901954770088194 2.9454364919662477 0.0887551963329315
v 0.4155657947063446 2.9454364919662477 0.17005146145820615
v 0.38880709409713743 2.9454364919662477 0.25826302766799925
v 0.3797718048095703 2.9454364919662477 0.34999999999999987
v 0.2843145489692688 2.8704306149482726 0.35
v 0.295184051990509 2.8704306149482726 0.460359750688076
v 0.327374792098999 2.8704306149482726 0.5664784371852875
v 0.3796497642993927 2.8704306149482726 0.6642779767513275
v 0.4499999940395355 2.8704306149482726 0.7500000059604645
v 0.5357220232486725 2.8704306149482726 0.8203502357006073
v 0.6335215628147125 2.8704306149482726 0.872625207901001
v 0.739640249311924 2.8704306149482726 0.904815948009491
v 0.85 2.8704306149482726 0.9156854510307312
v 0.960359750688076 2.8704306149482726 0.904815948009491
v 1.0664784371852876 2.8704306149482726 0.872625207901001
v 1.1642779767513276 2.8704306149482726 0.8203502357006073
v 1.2500000059604646 2.8704306149482726 0.7500000059604645
v 1.3203502357006074 2.8704306149482726 0.6642779767513275
v 1.372625207901001 2.8704306149482726 0.5664784371852875
v 1.404815948009491 2.8704306149482726 0.460359750688076
v 1.4156854510307313 2.8704306149482726 0.35000000000000003
v 1.404815948009491 2.8704306149482726 0.23964024931192396
v 1.372625207901001 2.8704306149482726 0.1335215628147125
v 1.3203502357006074 2.8704306149482726 0.03572202324867246
v 1.2500000059604646 2.8704306149482726 -0.0500000059604645
v 1.1642779767513276 2.8704306149482726 -0.12035023570060732
v 1.0664784371852876 2.8704306149482726 -0.172625207901001
v 0.960359750688076 2.8704306149482726 -0.204815948009491
v 0.8500000000000001 2.8704306149482726 -0.21568545103073122
v 0.739640249311924 2.8704306149482726 -0.204815948009491
v 0.6335215628147125 2.8704306149482726 -0.172625207901001
v 0.5357220232486725 2.8704306149482726 -0.12035023570060732
v 0.4499999940395355 2.8704306149482726 -0.0500000059604645
v 0.3796497642993927 2.8704306149482726 0.03572202324867246
v 0.327374792098999 2.8704306149482726 0.1335215628147125
v 0.295184051990509 2.8704306149482726 0.23964024931192396
v 0.2843145489692688 2.8704306149482726 0.34999999999999987
v 0.20278642177581785 2.7826099395751953 0.35
v 0.2152224540710449 2.7826099395751953 0.47626510858535764
v 0.2520525813102722 2.7826099395751953 0.5976779222488403
v 0.31186155080795286 2.7826099395751953 0.7095726191997528
v 0.3923508882522583 2.7826099395751953 0.8076491117477417
v 0.49042738080024717 2.7826099395751953 0.8881384491920471
v 0.6023220777511596 2.7826099395751953 0.9479474186897278
v 0.7237348914146423 2.7826099395751953 0.9847775459289551
v 0.85 2.7826099395751953 0.9972135782241821
v 0.9762651085853576 2.7826099395751953 0.9847775459289551
v 1.0976779222488404 2.7826099395751953 0.9479474186897278
v 1.209572619199753 2.7826099395751953 0.8881384491920471
v 1.3076491117477418 2.7826099395751953 0.8076491117477417
v 1.3881384491920472 2.7826099395751953 0.7095726191997528
v 1.4479474186897279 2.7826099395751953 0.5976779222488403
v 1.4847775459289552 2.7826099395751953 0.47626510858535764
v 1.4972135782241822 2.7826099395751953 0.35000000000000003
v 1.4847775459289552 2.7826099395751953 0.2237348914146423
v 1.4479474186897279 2.7826099395751953 0.10232207775115965
v 1.3881384491920472 2.7826099395751953 -0.00957261919975283
v 1.3076491117477418 2.7826099395751953 -0.10764911174774172
v 1.209572619199753 2.7826099395751953 -0.18813844919204714
v 1.0976779222488404 2.7826099395751953 -0.2479474186897278
v 0.9762651085853576 2.7826099395751953 -0.2847775459289551
v 0.8500000000000001 2.7826099395751953 -0.29721357822418215
v 0.7237348914146423 2.7826099395751953 -0.2847775459289551
v 0.6023220777511596 2.7826099395751953 -0.2479474186897278
v 0.49042738080024717 2.7826099395751953 -0.18813844919204714
v 0.3923508882522583 2.7826099395751953 -0.10764911174774172
v 0.31186155080795286 2.7826099395751953 -0.00957261919975283
v 0.2520525813102722 2.7826099395751953 0.10232207775115965
v 0.2152224540710449 2.7826099395751953 0.2237348914146423
v 0.20278642177581785 2.7826099395751953 0.3499999999999998
v 0.1371947884559631 2.6841370165348053 0.35
v 0.1508911609649658 2.6841370165348053 0.48906140625476835
v 0.1914538502693176 2.6841370165348053 0.6227787494659424
v 0.2573241353034973 2.6841370165348053 0.7460133492946625
v 0.345970606803894 2.6841370165348053 0.8540293931961059
v 0.4539866507053375 2.6841370165348053 0.9426758646965027
v 0.5772212505340576 2.6841370165348053 1.0085461497306825
v 0.7109385937452316 2.6841370165348053 1.0491088390350343
v 0.85 2.6841370165348053 1.062805211544037
v 0.9890614062547683 2.6841370165348053 1.0491088390350343
v 1.1227787494659425 2.6841370165348053 1.0085461497306825
v 1.2460133492946626 2.6841370165348053 0.9426758646965027
v 1.354029393196106 2.6841370165348053 0.8540293931961059
v 1.4426758646965028 2.6841370165348053 0.7460133492946625
v 1.5085461497306825 2.6841370165348053 0.6227787494659424
v 1.5491088390350343 2.6841370165348053 0.48906140625476835
v 1.562805211544037 2.6841370165348053 0.3500000000000001
v 1.5491088390350343 2.6841370165348053 0.2109385937452316
v 1.5085461497306825 2.6841370165348053 0.0772212505340576
v 1.4426758646965028 2.6841370165348053 -0.0460133492946625
v 1.354029393196106 2.6841370165348053 -0.15402939319610598
v 1.2460133492946626 2.6841370165348053 -0.2426758646965027
v 1.1227787494659425 2.6841370165348053 -0.3085461497306824
v 0.9890614062547683 2.6841370165348053 -0.3491088390350342
v 0.8500000000000001 2.6841370165348053 -0.3628052115440369
v 0.7109385937452316 2.6841370165348053 -0.3491088390350342
v 0.5772212505340576 2.6841370165348053 -0.3085461497306824
v 0.4539866507053375 2.6841370165348053 -0.2426758646965027
v 0.345970606803894 2.6841370165348053 -0.15402939319610598
v 0.2573241353034973 2.6841370165348053 -0.0460133492946625
v 0.1914538502693176 2.6841370165348053 0.0772212505340576
v 0.1508911609649658 2.6841370165348053 0.2109385937452316
v 0.1371947884559631 2.6841370165348053 0.3499999999999998
v 0.0891548156738281 2.577436513900757 0.35
v 0.10377422571182249 2.577436513900757 0.4984335362911224
v 0.14707068204879759 2.577436513900757 0.6411628484725952
v 0.21738032102584837 2.577436513900757 0.7727029383182525
v 0.3120012044906616 2.577436513900757 0.8879987955093384
v 0.4272970616817474 2.577436513900757 0.9826196789741516
v 0.5588371515274048 2.577436513900757 1.0529293179512025
v 0.7015664637088775 2.577436513900757 1.0962257742881776
v 0.85 2.577436513900757 1.110845184326172
v 0.9984335362911224 2.577436513900757 1.0962257742881776
v 1.1411628484725953 2.577436513900757 1.0529293179512025
v 1.2727029383182527 2.577436513900757 0.9826196789741516
v 1.3879987955093385 2.577436513900757 0.8879987955093384
v 1.4826196789741517 2.577436513900757 0.7727029383182525
v 1.5529293179512025 2.577436513900757 0.6411628484725952
v 1.5962257742881776 2.577436513900757 0.4984335362911224
v 1.610845184326172 2.577436513900757 0.3500000000000001
v 1.5962257742881776 2.577436513900757 0.20156646370887754
v 1.5529293179512025 2.577436513900757 0.05883715152740476
v 1.4826196789741517 2.577436513900757 -0.07270293831825259
v 1.3879987955093385 2.577436513900757 -0.1879987955093384
v 1.2727029383182527 2.577436513900757 -0.28261967897415163
v 1.1411628484725953 2.577436513900757 -0.3529293179512024
v 0.9984335362911224 2.577436513900757 -0.3962257742881775
v 0.8500000000000001 2.577436513900757 -0.4108451843261719
v 0.7015664637088775 2.577436513900757 -0.3962257742881775
v 0.5588371515274048 2.577436513900757 -0.3529293179512024
v 0.4272970616817474 2.577436513900757 -0.28261967897415163
v 0.3120012044906616 2.577436513900757 -0.1879987955093384
v 0.21738032102584837 2.577436513900757 -0.07270293831825259
v 0.14707068204879759 2.577436513900757 0.05883715152740476
v 0.10377422571182249 2.577436513900757 0.20156646370887754
v 0.0891548156738281 2.577436513900757 0.3499999999999998
v 0.05984929800033567 2.4651357609033586 0.35
v 0.07503185272216795 2.4651357609033586 0.5041507542133331
v 0.1199959874153137 2.4651357609033586 0.6523775815963745
v 0.19301370382308958 2.4651357609033586 0.7889841854572296
v 0.29127911329269407 2.4651357609033586 0.9087208867073059
v 0.41101581454277036 2.4651357609033586 1.0069862961769105
v 0.5476224184036255 2.4651357609033586 1.0800040125846864
v 0.6958492457866668 2.4651357609033586 1.1249681472778321
v 0.85 2.4651357609033586 1.1401507019996644
v 1.0041507542133332 2.4651357609033586 1.1249681472778321
v 1.1523775815963746 2.4651357609033586 1.0800040125846864
v 1.2889841854572297 2.4651357609033586 1.0069862961769105
v 1.408720886707306 2.4651357609033586 0.9087208867073059
v 1.5069862961769105 2.4651357609033586 0.7889841854572296
v 1.5800040125846864 2.4651357609033586 0.6523775815963745
v 1.6249681472778321 2.4651357609033586 0.5041507542133331
v 1.6401507019996644 2.4651357609033586 0.3500000000000001
v 1.6249681472778321 2.4651357609033586 0.19584924578666685
v 1.5800040125846864 2.4651357609033586 0.047622418403625466
v 1.5069862961769105 2.4651357609033586 -0.08898418545722964
v 1.408720886707306 2.4651357609033586 -0.20872088670730593
v 1.2889841854572297 2.4651357609033586 -0.3069862961769104
v 1.1523775815963746 2.4651357609033586 -0.3800040125846863
v 1.0041507542133332 2.4651357609033586 -0.42496814727783205
v 0.8500000000000001 2.4651357609033586 -0.44015070199966433
v 0.6958492457866668 2.4651357609033586 -0.42496814727783205
v 0.5476224184036255 2.4651357609033586 -0.3800040125846863
v 0.41101581454277036 2.4651357609033586 -0.3069862961769104
v 0.29127911329269407 2.4651357609033586 -0.20872088670730593
v 0.19301370382308958 2.4651357609033586 -0.08898418545722964
v 0.1199959874153137 2.4651357609033586 0.047622418403625466
v 0.07503185272216795 2.4651357609033586 0.19584924578666685
v 0.05984929800033567 2.4651357609033586 0.3499999999999998
v 0.04999998807907102 2.35 0.35
v 0.06537178754806516 2.35 0.5060722589492798
v 0.11089638471603391 2.35 0.6561467409133911
v 0.18482432365417478 2.35 0.7944561898708343
v 0.2843145489692688 2.35 0.9156854510307312
v 0.4055438101291656 2.35 1.0151756763458253
v 0.5438532590866089 2.35 1.0891036152839662
v 0.6939277410507202 2.35 1.134628212451935
v 0.85 2.35 1.150000011920929
v 1.0060722589492799 2.35 1.134628212451935
v 1.1561467409133912 2.35 1.0891036152839662
v 1.2944561898708344 2.35 1.0151756763458253
v 1.4156854510307313 2.35 0.9156854510307312
v 1.5151756763458253 2.35 0.7944561898708343
v 1.5891036152839662 2.35 0.6561467409133911
v 1.634628212451935 2.35 0.5060722589492798
v 1.650000011920929 2.35 0.3500000000000001
v 1.634628212451935 2.35 0.1939277410507202
v 1.5891036152839662 2.35 0.043853259086608865
v 1.5151756763458253 2.35 -0.09445618987083437
v 1.4156854510307313 2.35 -0.21568545103073122
v 1.2944561898708344 2.35 -0.3151756763458252
v 1.1561467409133912 2.35 -0.3891036152839661
v 1.0060722589492799 2.35 -0.43462821245193484
v 0.8500000000000001 2.35 -0.450000011920929
v 0.6939277410507202 2.35 -0.43462821245193484
v 0.5438532590866089 2.35 -0.3891036152839661
v 0.4055438101291656 2.35 -0.3151756763458252
v 0.2843145489692688 2.35 -0.21568545103073122
v 0.18482432365417478 2.35 -0.09445618987083437
v 0.11089638471603391 2.35 0.043853259086608865
v 0.06537178754806516 2.35 0.1939277410507202
v 0.04999998807907102 2.35 0.34999999999999976
v 0.05984929800033567 2.2348642390966416 0.35
v 0.07503185272216795 2.2348642390966416 0.5041507542133331
v 0.1199959874153137 2.2348642390966416 0.6523775815963745
v 0.19301370382308958 2.2348642390966416 0.7889841854572296
v 0.29127911329269407 2.2348642390966416 0.9087208867073059
v 0.41101581454277036 2.2348642390966416 1.0069862961769105
v 0.5476224184036255 2.2348642390966416 1.0800040125846864
v 0.6958492457866668 2.2348642390966416 1.1249681472778321
v 0.85 2.2348642390966416 1.1401507019996644
v 1.0041507542133332 2.2348642390966416 1.1249681472778321
v 1.1523775815963746 2.2348642390966416 1.0800040125846864
v 1.2889841854572297 2.2348642390966416 1.0069862961769105
v 1.408720886707306 2.2348642390966416 0.9087208867073059
v 1.5069862961769105 2.2348642390966416 0.7889841854572296
v 1.5800040125846864 2.2348642390966416 0.6523775815963745
v 1.6249681472778321 2.2348642390966416 0.5041507542133331
v 1.6401507019996644 2.2348642390966416 0.3500000000000001
v 1.6249681472778321 2.2348642390966416 0.19584924578666685
v 1.5800040125846864 2.2348642390966416 0.047622418403625466
v 1.5069862961769105 2.2348642390966416 -0.08898418545722964
v 1.408720886707306 2.2348642390966416 -0.20872088670730593
v 1.2889841854572297 2.2348642390966416 -0.3069862961769104
v 1.1523775815963746 2.2348642390966416 -0.3800040125846863
v 1.0041507542133332 2.2348642390966416 -0.42496814727783205
v 0.8500000000000001 2.2348642390966416 -0.44015070199966433
v 0.6958492457866668 2.2348642390966416 -0.42496814727783205
v 0.5476224184036255 2.2348642390966416 -0.3800040125846863
v 0.41101581454277036 2.2348642390966416 -0.3069862961769104
v 0.29127911329269407 2.2348642390966416 -0.20872088670730593
v 0.19301370382308958 2.2348642390966416 -0.08898418545722964
v 0.1199959874153137 2.2348642390966416 0.047622418403625466
v 0.07503185272216795 2.2348642390966416 0.19584924578666685
v 0.05984929800033567 2.2348642390966416 0.3499999999999998
v 0.0891548156738281 2.122563486099243 0.35
v 0.10377422571182249 2.122563486099243 0.4984335362911224
v 0.14707068204879759 2.122563486099243 0.6411628484725952
v 0.21738032102584837 2.122563486099243 0.7727029383182525
v 0.3120012044906616 2.122563486099243 0.8879987955093384
v 0.4272970616817474 2.122563486099243 0.9826196789741516
v 0.5588371515274048 2.122563486099243 1.0529293179512025
v 0.7015664637088775 2.122563486099243 1.0962257742881776
v 0.85 2.122563486099243 1.110845184326172
v 0.9984335362911224 2.122563486099243 1.0962257742881776
v 1.1411628484725953 2.122563486099243 1.0529293179512025
v 1.2727029383182527 2.122563486099243 0.9826196789741516
v 1.3879987955093385 2.122563486099243 0.8879987955093384
v 1.4826196789741517 2.122563486099243 0.7727029383182525
v 1.5529293179512025 2.122563486099243 0.6411628484725952
v 1.5962257742881776 2.122563486099243 0.4984335362911224
v 1.610845184326172 2.122563486099243 0.3500000000000001
v 1.5962257742881776 2.122563486099243 0.20156646370887754
v 1.5529293179512025 2.122563486099243 0.05883715152740476
v 1.4826196789741517 2.122563486099243 -0.07270293831825259
v 1.3879987955093385 2.122563486099243 -0.1879987955093384
v 1.2727029383182527 2.122563486099243 -0.28261967897415163
v 1.1411628484725953 2.122563486099243 -0.3529293179512024
v 0.9984335362911224 2.122563486099243 -0.3962257742881775
v 0.8500000000000001 2.122563486099243 -0.4108451843261719
v 0.7015664637088775 2.122563486099243 -0.3962257742881775
v 0.5588371515274048 2.122563486099243 -0.3529293179512024
v 0.4272970616817474 2.122563486099243 -0.28261967897415163
v 0.3120012044906616 2.122563486099243 -0.1879987955093384
v 0.21738032102584837 2.122563486099243 -0.07270293831825259
v 0.14707068204879759 2.122563486099243 0.05883715152740476
v 0.10377422571182249 2.122563486099243 0.20156646370887754
v 0.0891548156738281 2.122563486099243 0.3499999999999998
v 0.1371947884559631 2.015862983465195 0.35
v 0.1508911609649658 2.015862983465195 0.48906140625476835
v 0.1914538502693176 2.015862983465195 0.6227787494659424
v 0.2573241353034973 2.015862983465195 0.7460133492946625
v 0.345970606803894 2.015862983465195 0.8540293931961059
v 0.4539866507053375 2.015862983465195 0.9426758646965027
v 0.5772212505340576 2.015862983465195 1.0085461497306825
v 0.7109385937452316 2.015862983465195 1.0491088390350343
v 0.85 2.015862983465195 1.062805211544037
v 0.9890614062547683 2.015862983465195 1.0491088390350343
v 1.1227787494659425 2.015862983465195 1.0085461497306825
v 1.2460133492946626 2.015862983465195 0.9426758646965027
v 1.354029393196106 2.015862983465195 0.8540293931961059
v 1.4426758646965028 2.015862983465195 0.7460133492946625
v 1.5085461497306825 2.015862983465195 0.6227787494659424
v 1.5491088390350343 2.015862983465195 0.48906140625476835
v 1.562805211544037 2.015862983465195 0.3500000000000001
v 1.5491088390350343 2.015862983465195 0.2109385937452316
v 1.5085461497306825 2.015862983465195 0.0772212505340576
v 1.4426758646965028 2.015862983465195 -0.0460133492946625
v 1.354029393196106 2.015862983465195 -0.15402939319610598
v 1.2460133492946626 2.015862983465195 -0.2426758646965027
v 1.1227787494659425 2.015862983465195 -0.3085461497306824
v 0.9890614062547683 2.015862983465195 -0.3491088390350342
v 0.8500000000000001 2.015862983465195 -0.3628052115440369
v 0.7109385937452316 2.015862983465195 -0.3491088390350342
v 0.5772212505340576 2.015862983465195 -0.3085461497306824
v 0.4539866507053375 2.015862983465195 -0.2426758646965027
v 0.345970606803894 2.015862983465195 -0.15402939319610598
v 0.2573241353034973 2.015862983465195 -0.0460133492946625
v 0.1914538502693176 2.015862983465195 0.0772212505340576
v 0.1508911609649658 2.015862983465195 0.2109385937452316
v 0.1371947884559631 2.015862983465195 0.3499999999999998
v 0.20278642177581785 1.9173900604248049 0.35
v 0.2152224540710449 1.9173900604248049 0.47626510858535764
v 0.2520525813102722 1.9173900604248049 0.5976779222488403
v 0.31186155080795286 1.9173900604248049 0.7095726191997528
v 0.3923508882522583 1.9173900604248049 0.8076491117477417
v 0.49042738080024717 1.9173900604248049 0.8881384491920471
v 0.6023220777511596 1.9173900604248049 0.9479474186897278
v 0.7237348914146423 1.9173900604248049 0.9847775459289551
v 0.85 1.9173900604248049 0.9972135782241821
v 0.9762651085853576 1.9173900604248049 0.9847775459289551
v 1.0976779222488404 1.9173900604248049 0.9479474186897278
v 1.209572619199753 1.9173900604248049 0.8881384491920471
v 1.3076491117477418 1.9173900604248049 0.8076491117477417
v 1.3881384491920472 1.9173900604248049 0.7095726191997528
v 1.4479474186897279 1.9173900604248049 0.5976779222488403
v 1.4847775459289552 1.9173900604248049 0.47626510858535764
v 1.4972135782241822 1.9173900604248049 0.35000000000000003
v 1.4847775459289552 1.9173900604248049 0.2237348914146423
v 1.4479474186897279 1.9173900604248049 0.10232207775115965
v 1.3881384491920472 1.9173900604248049 -0.00957261919975283
v 1.3076491117477418 1.9173900604248049 -0.10764911174774172
v 1.209572619199753 1.9173900604248049 -0.18813844919204714
v 1.0976779222488404 1.9173900604248049 -0.2479474186897278
v 0.9762651085853576 1.9173900604248049 -0.2847775459289551
v 0.8500000000000001 1.9173900604248049 -0.29721357822418215
v 0.7237348914146423 1.9173900604248049 -0.2847775459289551
v 0.6023220777511596 1.9173900604248049 -0.2479474186897278
v 0.49042738080024717 1.9173900604248049 -0.18813844919204714
v 0.3923508882522583 1.9173900604248049 -0.10764911174774172
v 0.31186155080795286 1.9173900604248049 -0.00957261919975283
v 0.2520525813102722 1.9173900604248049 0.10232207775115965
v 0.2152224540710449 1.9173900604248049 0.2237348914146423
v 0.20278642177581785 1.9173900604248049 0.3499999999999998
v 0.2843145489692688 1.8295693850517274 0.35
v 0.295184051990509 1.8295693850517274 0.460359750688076
v 0.327374792098999 1.8295693850517274 0.5664784371852875
v 0.3796497642993927 1.8295693850517274 0.6642779767513275
v 0.4499999940395355 1.8295693850517274 0.7500000059604645
v 0.5357220232486725 1.8295693850517274 0.8203502357006073
v 0.6335215628147125 1.8295693850517274 0.872625207901001
v 0.739640249311924 1.8295693850517274 0.904815948009491
v 0.85 1.8295693850517274 0.9156854510307312
v 0.960359750688076 1.8295693850517274 0.904815948009491
v 1.0664784371852876 1.8295693850517274 0.872625207901001
v 1.1642779767513276 1.8295693850517274 0.8203502357006073
v 1.2500000059604646 1.8295693850517274 0.7500000059604645
v 1.3203502357006074 1.8295693850517274 0.6642779767513275
v 1.372625207901001 1.8295693850517274 0.5664784371852875
v 1.404815948009491 1.8295693850517274 0.460359750688076
v 1.4156854510307313 1.8295693850517274 0.35000000000000003
v 1.404815948009491 1.8295693850517274 0.23964024931192396
v 1.372625207901001 1.8295693850517274 0.1335215628147125
v 1.3203502357006074 1.8295693850517274 0.03572202324867246
v 1.2500000059604646 1.8295693850517274 -0.0500000059604645
v 1.1642779767513276 1.8295693850517274 -0.12035023570060732
v 1.0664784371852876 1.8295693850517274 -0.172625207901001
v 0.960359750688076 1.8295693850517274 -0.204815948009491
v 0.8500000000000001 1.8295693850517274 -0.21568545103073122
v 0.739640249311924 1.8295693850517274 -0.204815948009491
v 0.6335215628147125 1.8295693850517274 -0.172625207901001
v 0.5357220232486725 1.8295693850517274 -0.12035023570060732
v 0.4499999940395355 1.8295693850517274 -0.0500000059604645
v 0.3796497642993927 1.8295693850517274 0.03572202324867246
v 0.327374792098999 1.8295693850517274 0.1335215628147125
v 0.295184051990509 1.8295693850517274 0.23964024931192396
v 0.2843145489692688 1.8295693850517274 0.34999999999999987
v 0.3797718048095703 1.7545635080337525 0.35
v 0.38880709409713743 1.7545635080337525 0.4417369723320007
v 0.4155657947063446 1.7545635080337525 0.5299485385417938
v 0.45901954770088194 1.7545635080337525 0.6112448036670685
v 0.5174984395503998 1.7545635080337525 0.6825015604496002
v 0.5887551963329315 1.7545635080337525 0.740980452299118
v 0.6700514614582062 1.7545635080337525 0.7844342052936554
v 0.7582630276679992 1.7545635080337525 0.8111929059028625
v 0.85 1.7545635080337525 0.8202281951904297
v 0.9417369723320007 1.7545635080337525 0.8111929059028625
v 1.029948538541794 1.7545635080337525 0.7844342052936554
v 1.1112448036670686 1.7545635080337525 0.740980452299118
v 1.1825015604496003 1.7545635080337525 0.6825015604496002
v 1.2409804522991181 1.7545635080337525 0.6112448036670685
v 1.2844342052936555 1.7545635080337525 0.5299485385417938
v 1.3111929059028626 1.7545635080337525 0.4417369723320007
v 1.3202281951904298 1.7545635080337525 0.35000000000000003
v 1.3111929059028626 1.7545635080337525 0.25826302766799925
v 1.2844342052936555 1.7545635080337525 0.17005146145820615
v 1.2409804522991181 1.7545635080337525 0.0887551963329315
v 1.1825015604496003 1.7545635080337525 0.017498439550399758
v 1.1112448036670686 1.7545635080337525 -0.040980452299118064
v 1.029948538541794 1.7545635080337525 -0.08443420529365542
v 0.9417369723320007 1.7545635080337525 -0.11119290590286257
v 0.8500000000000001 1.7545635080337525 -0.12022819519042971
v 0.7582630276679992 1.7545635080337525 -0.11119290590286257
v 0.6700514614582062 1.7545635080337525 -0.08443420529365542
v 0.5887551963329315 1.7545635080337525 -0.040980452299118064
v 0.5174984395503998 1.7545635080337525 0.017498439550399758
v 0.45901954770088194 1.7545635080337525 0.0887551963329315
v 0.4155657947063446 1.7545635080337525 0.17005146145820615
v 0.38880709409713743 1.7545635080337525 0.25826302766799925
v 0.3797718048095703 1.7545635080337525 0.34999999999999987
v 0.4868075907230377 1.6942192053794862 0.35
v 0.49378625154495237 1.6942192053794862 0.42085531949996946
v 0.5144539833068847 1.6942192053794862 0.4889877200126648
v 0.5480165541172027 1.6942192053794862 0.5517788887023926
v 0.5931841790676117 1.6942192053794862 0.6068158209323883
v 0.6482211112976074 1.6942192053794862 0.6519834458827972
v 0.7110122799873352 1.6942192053794862 0.6855460166931152
v 0.7791446805000305 1.6942192053794862 0.7062137484550476
v 0.85 1.6942192053794862 0.7131924092769623
v 0.9208553194999695 1.6942192053794862 0.7062137484550476
v 0.9889877200126648 1.6942192053794862 0.6855460166931152
v 1.0517788887023927 1.6942192053794862 0.6519834458827972
v 1.1068158209323884 1.6942192053794862 0.6068158209323883
v 1.1519834458827973 1.6942192053794862 0.5517788887023926
v 1.1855460166931153 1.6942192053794862 0.4889877200126648
v 1.2062137484550477 1.6942192053794862 0.42085531949996946
v 1.2131924092769624 1.6942192053794862 0.35000000000000003
v 1.2062137484550477 1.6942192053794862 0.2791446805000305
v 1.1855460166931153 1.6942192053794862 0.21101227998733518
v 1.1519834458827973 1.6942192053794862 0.1482211112976074
v 1.1068158209323884 1.6942192053794862 0.09318417906761167
v 1.0517788887023927 1.6942192053794862 0.04801655411720274
v 0.9889877200126648 1.6942192053794862 0.014453983306884743
v 0.9208553194999695 1.6942192053794862 -0.00621374845504763
v 0.8500000000000001 1.6942192053794862 -0.013192409276962302
v 0.7791446805000305 1.6942192053794862 -0.00621374845504763
v 0.7110122799873352 1.6942192053794862 0.014453983306884743
v 0.6482211112976074 1.6942192053794862 0.04801655411720274
v 0.5931841790676117 1.6942192053794862 0.09318417906761167
v 0.5480165541172027 1.6942192053794862 0.1482211112976074
v 0.5144539833068847 1.6942192053794862 0.21101227998733518
v 0.49378625154495237 1.6942192053794862 0.2791446805000305
v 0.4868075907230377 1.6942192053794862 0.34999999999999987
v 0.6027863979339599 1.6500224304199218 0.35
v 0.6075365453958511 1.6500224304199218 0.39822897911071775
v 0.6216044187545776 1.6500224304199218 0.44460454434156416
v 0.6444494038820267 1.6500224304199218 0.4873445093631744
v 0.6751935839653015 1.6500224304199218 0.5248064160346985
v 0.7126554906368255 1.6500224304199218 0.5555505961179733
v 0.7553954556584358 1.6500224304199218 0.5783955812454223
v 0.8017710208892822 1.6500224304199218 0.5924634546041488
v 0.85 1.6500224304199218 0.59721360206604
v 0.8982289791107178 1.6500224304199218 0.5924634546041488
v 0.9446045443415642 1.6500224304199218 0.5783955812454223
v 0.9873445093631744 1.6500224304199218 0.5555505961179733
v 1.0248064160346986 1.6500224304199218 0.5248064160346985
v 1.0555505961179734 1.6500224304199218 0.4873445093631744
v 1.0783955812454225 1.6500224304199218 0.44460454434156416
v 1.092463454604149 1.6500224304199218 0.39822897911071775
v 1.0972136020660401 1.6500224304199218 0.35000000000000003
v 1.092463454604149 1.6500224304199218 0.3017710208892822
v 1.0783955812454225 1.6500224304199218 0.2553954556584358
v 1.0555505961179734 1.6500224304199218 0.21265549063682554
v 1.0248064160346986 1.6500224304199218 0.1751935839653015
v 0.9873445093631744 1.6500224304199218 0.14444940388202665
v 0.9446045443415642 1.6500224304199218 0.12160441875457761
v 0.8982289791107178 1.6500224304199218 0.10753654539585111
v 0.85 1.6500224304199218 0.10278639793395994
v 0.8017710208892822 1.6500224304199218 0.10753654539585111
v 0.7553954556584358 1.6500224304199218 0.12160441875457761
v 0.7126554906368255 1.6500224304199218 0.14444940388202665
v 0.6751935839653015 1.6500224304199218 0.1751935839653015
v 0.6444494038820267 1.6500224304199218 0.21265549063682554
v 0.6216044187545776 1.6500224304199218 0.2553954556584358
v 0.6075365453958511 1.6500224304199218 0.3017710208892822
v 0.6027863979339599 1.6500224304199218 0.3499999999999999
v 0.7248524338006973 1.623061354160309 0.35
v 0.7272571012377739 1.623061354160309 0.37441507950425146
v 0.7343787163496017 1.623061354160309 0.397891903668642
v 0.745943596959114 1.623061354160309 0.41952826678752897
v 0.7615073010325432 1.623061354160309 0.4384926989674568
v 0.780471733212471 1.623061354160309 0.4540564030408859
v 0.8021080963313579 1.623061354160309 0.46562128365039823
v 0.8255849204957485 1.623061354160309 0.4727428987622261
v 0.85 1.623061354160309 0.47514756619930265
v 0.8744150795042515 1.623061354160309 0.4727428987622261
v 0.897891903668642 1.623061354160309 0.46562128365039823
v 0.919528266787529 1.623061354160309 0.4540564030408859
v 0.9384926989674568 1.623061354160309 0.4384926989674568
v 0.9540564030408859 1.623061354160309 0.41952826678752897
v 0.9656212836503982 1.623061354160309 0.397891903668642
v 0.9727428987622261 1.623061354160309 0.37441507950425146
v 0.9751475661993027 1.623061354160309 0.35
v 0.9727428987622261 1.623061354160309 0.3255849204957485
v 0.9656212836503982 1.623061354160309 0.30210809633135793
v 0.9540564030408859 1.623061354160309 0.280471733212471
v 0.9384926989674568 1.623061354160309 0.26150730103254316
v 0.919528266787529 1.623061354160309 0.24594359695911405
v 0.897891903668642 1.623061354160309 0.23437871634960172
v 0.8744150795042515 1.623061354160309 0.22725710123777387
v 0.85 1.623061354160309 0.2248524338006973
v 0.8255849204957485 1.623061354160309 0.22725710123777387
v 0.8021080963313579 1.623061354160309 0.23437871634960172
v 0.780471733212471 1.623061354160309 0.24594359695911405
v 0.7615073010325432 1.623061354160309 0.26150730103254316
v 0.745943596959114 1.623061354160309 0.280471733212471
v 0.7343787163496017 1.623061354160309 0.30210809633135793
v 0.7272571012377739 1.623061354160309 0.3255849204957485
v 0.7248524338006973 1.623061354160309 0.3499999999999999
v 0.8499999999999999 1.6139999890327454 0.35
v 0.8499999999999999 1.6139999890327454 0.35
v 0.8499999999999999 1.6139999890327454 0.35000000000000003
v 0.8499999999999999 1.6139999890327454 0.35000000000000003
v 0.8499999999999999 1.6139999890327454 0.35000000000000003
v 0.85 1.6139999890327454 0.35000000000000003
v 0.85 1.6139999890327454 0.3500000000000001
v 0.85 1.6139999890327454 0.3500000000000001
v 0.85 1.6139999890327454 0.3500000000000001
v 0.85 1.6139999890327454 0.3500000000000001
v 0.85 1.6139999890327454 0.3500000000000001
v 0.85 1.6139999890327454 0.35000000000000003
v 0.8500000000000001 1.6139999890327454 0.35000000000000003
v 0.8500000000000001 1.6139999890327454 0.35000000000000003
v 0.8500000000000001 1.6139999890327454 0.35000000000000003
v 0.8500000000000001 1.6139999890327454 0.35
v 0.8500000000000001 1.6139999890327454 0.35
v 0.8500000000000001 1.6139999890327454 0.35
v 0.8500000000000001 1.6139999890327454 0.3499999999999999
v 0.8500000000000001 1.6139999890327454 0.3499999999999999
v 0.8500000000000001 1.6139999890327454 0.3499999999999999
v 0.85 1.6139999890327454 0.3499999999999999
v 0.85 1.6139999890327454 0.34999999999999987
v 0.85 1.6139999890327454 0.34999999999999987
v 0.85 1.6139999890327454 0.34999999999999987
v 0.85 1.6139999890327454 0.34999999999999987
v 0.85 1.6139999890327454 0.34999999999999987
v 0.85 1.6139999890327454 0.3499999999999999
v 0.8499999999999999 1.6139999890327454 0.3499999999999999
v 0.8499999999999999 1.6139999890327454 0.3499999999999999
v 0.8499999999999999 1.6139999890327454 0.3499999999999999
v 0.8499999999999999 1.6139999890327454 0.35
v 0.8499999999999999 1.6139999890327454 0.35
vt 0.015625 1
vt 0.046875 1
vt 0.078125 1
vt 0.109375 1
vt 0.140625 1
vt 0.171875 1
vt 0.203125 1
vt 0.234375 1
vt 0.265625 1
vt 0.296875 1
vt 0.328125 1
vt 0.359375 1
vt 0.390625 1
vt 0.421875 1
vt 0.453125 1
vt 0.484375 1
vt 0.515625 1
vt 0.546875 1
vt 0.578125 1
vt 0.609375 1
vt 0.640625 1
vt 0.671875 1
vt 0.703125 1
vt 0.734375 1
vt 0.765625 1
vt 0.796875 1
vt 0.828125 1
vt 0.859375 1
vt 0.890625 1
vt 0.921875 1
vt 0.953125 1
vt 0.984375 1
vt 1.015625 1
vt 0 0.949999988079071
vt 0.03125 0.949999988079071
vt 0.0625 0.949999988079071
vt 0.09375 0.949999988079071
vt 0.125 0.949999988079071
vt 0.15625 0.949999988079071
vt 0.1875 0.949999988079071
vt 0.21875 0.949999988079071
vt 0.25 0.949999988079071
vt 0.28125 0.949999988079071
vt 0.3125 0.949999988079071
vt 0.34375 0.949999988079071
vt 0.375 0.949999988079071
vt 0.40625 0.949999988079071
vt 0.4375 0.949999988079071
vt 0.46875 0.949999988079071
vt 0.5 0.949999988079071
vt 0.53125 0.949999988079071
vt 0.5625 0.949999988079071
vt 0.59375 0.949999988079071
vt 0.625 0.949999988079071
vt 0.65625 0.949999988079071
vt 0.6875 0.949999988079071
vt 0.71875 0.949999988079071
vt 0.75 0.949999988079071
vt 0.78125 0.949999988079071
vt 0.8125 0.949999988079071
vt 0.84375 0.949999988079071
vt 0.875 0.949999988079071
vt 0.90625 0.949999988079071
vt 0.9375 0.949999988079071
vt 0.96875 0.949999988079071
vt 1 0.949999988079071
vt 0 0.8999999761581421
vt 0.03125 0.8999999761581421
vt 0.0625 0.8999999761581421
vt 0.09375 0.8999999761581421
vt 0.125 0.8999999761581421
vt 0.15625 0.8999999761581421
vt 0.1875 0.8999999761581421
vt 0.21875 0.8999999761581421
vt 0.25 0.8999999761581421
vt 0.28125 0.8999999761581421
vt 0.3125 0.8999999761581421
vt 0.34375 0.8999999761581421
vt 0.375 0.8999999761581421
vt 0.40625 0.8999999761581421
vt 0.4375 0.8999999761581421
vt 0.46875 0.8999999761581421
vt 0.5 0.8999999761581421
vt 0.53125 0.8999999761581421
vt 0.5625 0.8999999761581421
vt 0.59375 0.8999999761581421
vt 0.625 0.8999999761581421
vt 0.65625 0.8999999761581421
vt 0.6875 0.8999999761581421
vt 0.71875 0.8999999761581421
vt 0.75 0.8999999761581421
vt 0.78125 0.8999999761581421
vt 0.8125 0.8999999761581421
vt 0.84375 0.8999999761581421
vt 0.875 0.8999999761581421
vt 0.90625 0.8999999761581421
vt 0.9375 0.8999999761581421
vt 0.96875 0.8999999761581421
vt 1 0.8999999761581421
vt 0 0.8500000238418579
vt 0.03125 0.8500000238418579
vt 0.0625 0.8500000238418579
vt 0.09375 0.8500000238418579
vt 0.125 0.8500000238418579
vt 0.15625 0.8500000238418579
vt 0.1875 0.8500000238418579
vt 0.21875 0.8500000238418579
vt 0.25 0.8500000238418579
vt 0.28125 0.8500000238418579
vt 0.3125 0.8500000238418579
vt 0.34375 0.8500000238418579
vt 0.375 0.8500000238418579
vt 0.40625 0.8500000238418579
vt 0.4375 0.8500000238418579
vt 0.46875 0.8500000238418579
vt 0.5 0.8500000238418579
vt 0.53125 0.8500000238418579
vt 0.5625 0.8500000238418579
vt 0.59375 0.8500000238418579
vt 0.625 0.8500000238418579
vt 0.65625 0.8500000238418579
vt 0.6875 0.8500000238418579
vt 0.71875 0.8500000238418579
vt 0.75 0.8500000238418579
vt 0.78125 0.8500000238418579
vt 0.8125 0.8500000238418579
vt 0.84375 0.8500000238418579
vt 0.875 0.8500000238418579
vt 0.90625 0.8500000238418579
vt 0.9375 0.8500000238418579
vt 0.96875 0.8500000238418579
vt 1 0.8500000238418579
vt 0 0.800000011920929
vt 0.03125 0.800000011920929
vt 0.0625 0.800000011920929
vt 0.09375 0.800000011920929
vt 0.125 0.800000011920929
vt 0.15625 0.800000011920929
vt 0.1875 0.800000011920929
vt 0.21875 0.800000011920929
vt 0.25 0.800000011920929
vt 0.28125 0.800000011920929
vt 0.3125 0.800000011920929
vt 0.34375 0.800000011920929
vt 0.375 0.800000011920929
vt 0.40625 0.800000011920929
vt 0.4375 0.800000011920929
vt 0.46875 0.800000011920929
vt 0.5 0.800000011920929
vt 0.53125 0.800000011920929
vt 0.5625 0.800000011920929
vt 0.59375 0.800000011920929
vt 0.625 0.800000011920929
vt 0.65625 0.800000011920929
vt 0.6875 0.800000011920929
vt 0.71875 0.800000011920929
vt 0.75 0.800000011920929
vt 0.78125 0.800000011920929
vt 0.8125 0.800000011920929
vt 0.84375 0.800000011920929
vt 0.875 0.800000011920929
vt 0.90625 0.800000011920929
vt 0.9375 0.800000011920929
vt 0.96875 0.800000011920929
vt 1 0.800000011920929
vt 0 0.75
vt 0.03125 0.75
vt 0.0625 0.75
vt 0.09375 0.75
vt 0.125 0.75
vt 0.15625 0.75
vt 0.1875 0.75
vt 0.21875 0.75
vt 0.25 0.75
vt 0.28125 0.75
vt 0.3125 0.75
vt 0.34375 0.75
vt 0.375 0.75
vt 0.40625 0.75
vt 0.4375 0.75
vt 0.46875 0.75
vt 0.5 0.75
vt 0.53125 0.75
vt 0.5625 0.75
vt 0.59375 0.75
vt 0.625 0.75
vt 0.65625 0.75
vt 0.6875 0.75
vt 0.71875 0.75
vt 0.75 0.75
vt 0.78125 0.75
vt 0.8125 0.75
vt 0.84375 0.75
vt 0.875 0.75
vt 0.90625 0.75
vt 0.9375 0.75
vt 0.96875 0.75
vt 1 0.75
vt 0 0.699999988079071
vt 0.03125 0.699999988079071
vt 0.0625 0.699999988079071
vt 0.09375 0.699999988079071
vt 0.125 0.699999988079071
vt 0.15625 0.699999988079071
vt 0.1875 0.699999988079071
vt 0.21875 0.699999988079071
vt 0.25 0.699999988079071
vt 0.28125 0.699999988079071
vt 0.3125 0.699999988079071
vt 0.34375 0.699999988079071
vt 0.375 0.699999988079071
vt 0.40625 0.699999988079071
vt 0.4375 0.699999988079071
vt 0.46875 0.699999988079071
vt 0.5 0.699999988079071
vt 0.53125 0.699999988079071
vt 0.5625 0.699999988079071
vt 0.59375 0.699999988079071
vt 0.625 0.699999988079071
vt 0.65625 0.699999988079071
vt 0.6875 0.699999988079071
vt 0.71875 0.699999988079071
vt 0.75 0.699999988079071
vt 0.78125 0.699999988079071
vt 0.8125 0.699999988079071
vt 0.84375 0.699999988079071
vt 0.875 0.699999988079071
vt 0.90625 0.699999988079071
vt 0.9375 0.699999988079071
vt 0.96875 0.699999988079071
vt 1 0.699999988079071
vt 0 0.6499999761581421
vt 0.03125 0.6499999761581421
vt 0.0625 0.6499999761581421
vt 0.09375 0.6499999761581421
vt 0.125 0.6499999761581421
vt 0.15625 0.6499999761581421
vt 0.1875 0.6499999761581421
vt 0.21875 0.6499999761581421
vt 0.25 0.6499999761581421
vt 0.28125 0.6499999761581421
vt 0.3125 0.6499999761581421
vt 0.34375 0.6499999761581421
vt 0.375 0.6499999761581421
vt 0.40625 0.6499999761581421
vt 0.4375 0.6499999761581421
vt 0.46875 0.6499999761581421
vt 0.5 0.6499999761581421
vt 0.53125 0.6499999761581421
vt 0.5625 0.6499999761581421
vt 0.59375 0.6499999761581421
vt 0.625 0.6499999761581421
vt 0.65625 0.6499999761581421
vt 0.6875 0.6499999761581421
vt 0.71875 0.6499999761581421
vt 0.75 0.6499999761581421
vt 0.78125 0.6499999761581421
vt 0.8125 0.6499999761581421
vt 0.84375 0.6499999761581421
vt 0.875 0.6499999761581421
vt 0.90625 0.6499999761581421
vt 0.9375 0.6499999761581421
vt 0.96875 0.6499999761581421
vt 1 0.6499999761581421
vt 0 0.6000000238418579
vt 0.03125 0.6000000238418579
vt 0.0625 0.6000000238418579
vt 0.09375 0.6000000238418579
vt 0.125 0.6000000238418579
vt 0.15625 0.6000000238418579
vt 0.1875 0.6000000238418579
vt 0.21875 0.6000000238418579
vt 0.25 0.6000000238418579
vt 0.28125 0.6000000238418579
vt 0.3125 0.6000000238418579
vt 0.34375 0.6000000238418579
vt 0.375 0.6000000238418579
vt 0.40625 0.6000000238418579
vt 0.4375 0.6000000238418579
vt 0.46875 0.6000000238418579
vt 0.5 0.6000000238418579
vt 0.53125 0.6000000238418579
vt 0.5625 0.6000000238418579
vt 0.59375 0.6000000238418579
vt 0.625 0.6000000238418579
vt 0.65625 0.6000000238418579
vt 0.6875 0.6000000238418579
vt 0.71875 0.6000000238418579
vt 0.75 0.6000000238418579
vt 0.78125 0.6000000238418579
vt 0.8125 0.6000000238418579
vt 0.84375 0.6000000238418579
vt 0.875 0.6000000238418579
vt 0.90625 0.6000000238418579
vt 0.9375 0.6000000238418579
vt 0.96875 0.6000000238418579
vt 1 0.6000000238418579
vt 0 0.550000011920929
vt 0.03125 0.550000011920929
vt 0.0625 0.550000011920929
vt 0.09375 0.550000011920929
vt 0.125 0.550000011920929
vt 0.15625 0.550000011920929
vt 0.1875 0.550000011920929
vt 0.21875 0.550000011920929
vt 0.25 0.550000011920929
vt 0.28125 0.550000011920929
vt 0.3125 0.550000011920929
vt 0.34375 0.550000011920929
vt 0.375 0.550000011920929
vt 0.40625 0.550000011920929
vt 0.4375 0.550000011920929
vt 0.46875 0.550000011920929
vt 0.5 0.550000011920929
vt 0.53125 0.550000011920929
vt 0.5625 0.550000011920929
vt 0.59375 0.550000011920929
vt 0.625 0.550000011920929
vt 0.65625 0.550000011920929
vt 0.6875 0.550000011920929
vt 0.71875 0.550000011920929
vt 0.75 0.550000011920929
vt 0.78125 0.550000011920929
vt 0.8125 0.550000011920929
vt 0.84375 0.550000011920929
vt 0.875 0.550000011920929
vt 0.90625 0.550000011920929
vt 0.9375 0.550000011920929
vt 0.96875 0.550000011920929
vt 1 0.550000011920929
vt 0 0.5
vt 0.03125 0.5
vt 0.0625 0.5
vt 0.09375 0.5
vt 0.125 0.5
vt 0.15625 0.5
vt 0.1875 0.5
vt 0.21875 0.5
vt 0.25 0.5
vt 0.28125 0.5
vt 0.3125 0.5
vt 0.34375 0.5
vt 0.375 0.5
vt 0.40625 0.5
vt 0.4375 0.5
vt 0.46875 0.5
vt 0.5 0.5
vt 0.53125 0.5
vt 0.5625 0.5
vt 0.59375 0.5
vt 0.625 0.5
vt 0.65625 0.5
vt 0.6875 0.5
vt 0.71875 0.5
vt 0.75 0.5
vt 0.78125 0.5
vt 0.8125 0.5
vt 0.84375 0.5
vt 0.875 0.5
vt 0.90625 0.5
vt 0.9375 0.5
vt 0.96875 0.5
vt 1 0.5
vt 0 0.44999998807907104
vt 0.03125 0.44999998807907104
vt 0.0625 0.44999998807907104
vt 0.09375 0.44999998807907104
vt 0.125 0.44999998807907104
vt 0.15625 0.44999998807907104
vt 0.1875 0.44999998807907104
vt 0.21875 0.44999998807907104
vt 0.25 0.44999998807907104
vt 0.28125 0.44999998807907104
vt 0.3125 0.44999998807907104
vt 0.34375 0.44999998807907104
vt 0.375 0.44999998807907104
vt 0.40625 0.44999998807907104
vt 0.4375 0.44999998807907104
vt 0.46875 0.44999998807907104
vt 0.5 0.44999998807907104
vt 0.53125 0.44999998807907104
vt 0.5625 0.44999998807907104
vt 0.59375 0.44999998807907104
vt 0.625 0.44999998807907104
vt 0.65625 0.44999998807907104
vt 0.6875 0.44999998807907104
vt 0.71875 0.44999998807907104
vt 0.75 0.44999998807907104
vt 0.78125 0.44999998807907104
vt 0.8125 0.44999998807907104
vt 0.84375 0.44999998807907104
vt 0.875 0.44999998807907104
vt 0.90625 0.44999998807907104
vt 0.9375 0.44999998807907104
vt 0.96875 0.44999998807907104
vt 1 0.44999998807907104
vt 0 0.4000000059604645
vt 0.03125 0.4000000059604645
vt 0.0625 0.4000000059604645
vt 0.09375 0.4000000059604645
vt 0.125 0.4000000059604645
vt 0.15625 0.4000000059604645
vt 0.1875 0.4000000059604645
vt 0.21875 0.4000000059604645
vt 0.25 0.4000000059604645
vt 0.28125 0.4000000059604645
vt 0.3125 0.4000000059604645
vt 0.34375 0.4000000059604645
vt 0.375 0.4000000059604645
vt 0.40625 0.4000000059604645
vt 0.4375 0.4000000059604645
vt 0.46875 0.4000000059604645
vt 0.5 0.4000000059604645
vt 0.53125 0.4000000059604645
vt 0.5625 0.4000000059604645
vt 0.59375 0.4000000059604645
vt 0.625 0.4000000059604645
vt 0.65625 0.4000000059604645
vt 0.6875 0.4000000059604645
vt 0.71875 0.4000000059604645
vt 0.75 0.4000000059604645
vt 0.78125 0.4000000059604645
vt 0.8125 0.4000000059604645
vt 0.84375 0.4000000059604645
vt 0.875 0.4000000059604645
vt 0.90625 0.4000000059604645
vt 0.9375 0.4000000059604645
vt 0.96875 0.4000000059604645
vt 1 0.4000000059604645
vt 0 0.3499999940395355
vt 0.03125 0.3499999940395355
vt 0.0625 0.3499999940395355
vt 0.09375 0.3499999940395355
vt 0.125 0.3499999940395355
vt 0.15625 0.3499999940395355
vt 0.1875 0.3499999940395355
vt 0.21875 0.3499999940395355
vt 0.25 0.3499999940395355
vt 0.28125 0.3499999940395355
vt 0.3125 0.3499999940395355
vt 0.34375 0.3499999940395355
vt 0.375 0.3499999940395355
vt 0.40625 0.3499999940395355
vt 0.4375 0.3499999940395355
vt 0.46875 0.3499999940395355
vt 0.5 0.3499999940395355
vt 0.53125 0.3499999940395355
vt 0.5625 0.3499999940395355
vt 0.59375 0.3499999940395355
vt 0.625 0.3499999940395355
vt 0.65625 0.3499999940395355
vt 0.6875 0.3499999940395355
vt 0.71875 0.3499999940395355
vt 0.75 0.3499999940395355
vt 0.78125 0.3499999940395355
vt 0.8125 0.3499999940395355
vt 0.84375 0.3499999940395355
vt 0.875 0.3499999940395355
vt 0.90625 0.3499999940395355
vt 0.9375 0.3499999940395355
vt 0.96875 0.3499999940395355
vt 1 0.3499999940395355
vt 0 0.30000001192092896
vt 0.03125 0.30000001192092896
vt 0.0625 0.30000001192092896
vt 0.09375 0.30000001192092896
vt 0.125 0.30000001192092896
vt 0.15625 0.30000001192092896
vt 0.1875 0.30000001192092896
vt 0.21875 0.30000001192092896
vt 0.25 0.30000001192092896
vt 0.28125 0.30000001192092896
vt 0.3125 0.30000001192092896
vt 0.34375 0.30000001192092896
vt 0.375 0.30000001192092896
vt 0.40625 0.30000001192092896
vt 0.4375 0.30000001192092896
vt 0.46875 0.30000001192092896
vt 0.5 0.30000001192092896
vt 0.53125 0.30000001192092896
vt 0.5625 0.30000001192092896
vt 0.59375 0.30000001192092896
vt 0.625 0.30000001192092896
vt 0.65625 0.30000001192092896
vt 0.6875 0.30000001192092896
vt 0.71875 0.30000001192092896
vt 0.75 0.30000001192092896
vt 0.78125 0.30000001192092896
vt 0.8125 0.30000001192092896
vt 0.84375 0.30000001192092896
vt 0.875 0.30000001192092896
vt 0.90625 0.30000001192092896
vt 0.9375 0.30000001192092896
vt 0.96875 0.30000001192092896
vt 1 0.30000001192092896
vt 0 0.25
vt 0.03125 0.25
vt 0.0625 0.25
vt 0.09375 0.25
vt 0.125 0.25
vt 0.15625 0.25
vt 0.1875 0.25
vt 0.21875 0.25
vt 0.25 0.25
vt 0.28125 0.25
vt 0.3125 0.25
vt 0.34375 0.25
vt 0.375 0.25
vt 0.40625 0.25
vt 0.4375 0.25
vt 0.46875 0.25
vt 0.5 0.25
vt 0.53125 0.25
vt 0.5625 0.25
vt 0.59375 0.25
vt 0.625 0.25
vt 0.65625 0.25
vt 0.6875 0.25
vt 0.71875 0.25
vt 0.75 0.25
vt 0.78125 0.25
vt 0.8125 0.25
vt 0.84375 0.25
vt 0.875 0.25
vt 0.90625 0.25
vt 0.9375 0.25
vt 0.96875 0.25
vt 1 0.25
vt 0 0.20000000298023224
vt 0.03125 0.20000000298023224
vt 0.0625 0.20000000298023224
vt 0.09375 0.20000000298023224
vt 0.125 0.20000000298023224
vt 0.15625 0.20000000298023224
vt 0.1875 0.20000000298023224
vt 0.21875 0.20000000298023224
vt 0.25 0.20000000298023224
vt 0.28125 0.20000000298023224
vt 0.3125 0.20000000298023224
vt 0.34375 0.20000000298023224
vt 0.375 0.20000000298023224
vt 0.40625 0.20000000298023224
vt 0.4375 0.20000000298023224
vt 0.46875 0.20000000298023224
vt 0.5 0.20000000298023224
vt 0.53125 0.20000000298023224
vt 0.5625 0.20000000298023224
vt 0.59375 0.20000000298023224
vt 0.625 0.20000000298023224
vt 0.65625 0.20000000298023224
vt 0.6875 0.20000000298023224
vt 0.71875 0.20000000298023224
vt 0.75 0.20000000298023224
vt 0.78125 0.20000000298023224
vt 0.8125 0.20000000298023224
vt 0.84375 0.20000000298023224
vt 0.875 0.20000000298023224
vt 0.90625 0.20000000298023224
vt 0.9375 0.20000000298023224
vt 0.96875 0.20000000298023224
vt 1 0.20000000298023224
vt 0 0.15000000596046448
vt 0.03125 0.15000000596046448
vt 0.0625 0.15000000596046448
vt 0.09375 0.15000000596046448
vt 0.125 0.15000000596046448
vt 0.15625 0.15000000596046448
vt 0.1875 0.15000000596046448
vt 0.21875 0.15000000596046448
vt 0.25 0.15000000596046448
vt 0.28125 0.15000000596046448
vt 0.3125 0.15000000596046448
vt 0.34375 0.15000000596046448
vt 0.375 0.15000000596046448
vt 0.40625 0.15000000596046448
vt 0.4375 0.15000000596046448
vt 0.46875 0.15000000596046448
vt 0.5 0.15000000596046448
vt 0.53125 0.15000000596046448
vt 0.5625 0.15000000596046448
vt 0.59375 0.15000000596046448
vt 0.625 0.15000000596046448
vt 0.65625 0.15000000596046448
vt 0.6875 0.15000000596046448
vt 0.71875 0.15000000596046448
vt 0.75 0.15000000596046448
vt 0.78125 0.15000000596046448
vt 0.8125 0.15000000596046448
vt 0.84375 0.15000000596046448
vt 0.875 0.15000000596046448
vt 0.90625 0.15000000596046448
vt 0.9375 0.15000000596046448
vt 0.96875 0.15000000596046448
vt 1 0.15000000596046448
vt 0 0.10000000149011612
vt 0.03125 0.10000000149011612
vt 0.0625 0.10000000149011612
vt 0.09375 0.10000000149011612
vt 0.125 0.10000000149011612
vt 0.15625 0.10000000149011612
vt 0.1875 0.10000000149011612
vt 0.21875 0.10000000149011612
vt 0.25 0.10000000149011612
vt 0.28125 0.10000000149011612
vt 0.3125 0.10000000149011612
vt 0.34375 0.10000000149011612
vt 0.375 0.10000000149011612
vt 0.40625 0.10000000149011612
vt 0.4375 0.10000000149011612
vt 0.46875 0.10000000149011612
vt 0.5 0.10000000149011612
vt 0.53125 0.10000000149011612
vt 0.5625 0.10000000149011612
vt 0.59375 0.10000000149011612
vt 0.625 0.10000000149011612
vt 0.65625 0.10000000149011612
vt 0.6875 0.10000000149011612
vt 0.71875 0.10000000149011612
vt 0.75 0.10000000149011612
vt 0.78125 0.10000000149011612
vt 0.8125 0.10000000149011612
vt 0.84375 0.10000000149011612
vt 0.875 0.10000000149011612
vt 0.90625 0.10000000149011612
vt 0.9375 0.10000000149011612
vt 0.96875 0.10000000149011612
vt 1 0.10000000149011612
vt 0 0.05000000074505806
vt 0.03125 0.05000000074505806
vt 0.0625 0.05000000074505806
vt 0.09375 0.05000000074505806
vt 0.125 0.05000000074505806
vt 0.15625 0.05000000074505806
vt 0.1875 0.05000000074505806
vt 0.21875 0.05000000074505806
vt 0.25 0.05000000074505806
vt 0.28125 0.05000000074505806
vt 0.3125 0.05000000074505806
vt 0.34375 0.05000000074505806
vt 0.375 0.05000000074505806
vt 0.40625 0.05000000074505806
vt 0.4375 0.05000000074505806
vt 0.46875 0.05000000074505806
vt 0.5 0.05000000074505806
vt 0.53125 0.05000000074505806
vt 0.5625 0.05000000074505806
vt 0.59375 0.05000000074505806
vt 0.625 0.05000000074505806
vt 0.65625 0.05000000074505806
vt 0.6875 0.05000000074505806
vt 0.71875 0.05000000074505806
vt 0.75 0.05000000074505806
vt 0.78125 0.05000000074505806
vt 0.8125 0.05000000074505806
vt 0.84375 0.05000000074505806
vt 0.875 0.05000000074505806
vt 0.90625 0.05000000074505806
vt 0.9375 0.05000000074505806
vt 0.96875 0.05000000074505806
vt 1 0.05000000074505806
vt -0.015625 0
vt 0.015625 0
vt 0.046875 0
vt 0.078125 0
vt 0.109375 0
vt 0.140625 0
vt 0.171875 0
vt 0.203125 0
vt 0.234375 0
vt 0.265625 0
vt 0.296875 0
vt 0.328125 0
vt 0.359375 0
vt 0.390625 0
vt 0.421875 0
vt 0.453125 0
vt 0.484375 0
vt 0.515625 0
vt 0.546875 0
vt 0.578125 0
vt 0.609375 0
vt 0.640625 0
vt 0.671875 0
vt 0.703125 0
vt 0.734375 0
vt 0.765625 0
vt 0.796875 0
vt 0.828125 0
vt 0.859375 0
vt 0.890625 0
vt 0.921875 0
vt 0.953125 0
vt 0.984375 0
vn 0 1 0
vn 0 1 0
vn 0 1 0
vn 0 1 0
vn 0 1 0
vn 0 1 0
vn 0 1 0
vn 0 1 0
vn 0 1 0
vn 0 1 0
vn 0 1 0
vn 0 1 0
vn 0 1 0
vn 0 1 0
vn 0 1 0
vn 0 1 0
vn 0 1 0
vn 0 1 0
vn 0 1 0
vn 0 1 0
vn 0 1 0
vn 0 1 0
vn 0 1 0
vn 0 1 0
vn 0 1 0
vn 0 1 0
vn 0 1 0
vn 0 1 0
vn 0 1 0
vn 0 1 0
vn 0 1 0
vn 0 1 0
vn 0 1 0
vn -0.14419095339558574 0.9895498819962902 0
vn -0.14142036192449298 0.9895498823643815 0.028130260322011044
vn -0.13321507395370283 0.9895498814459471 0.05517949077167609
vn -0.11989040202063928 0.9895498813194211 0.08010820110356429
vn -0.10195840393448646 0.9895498813775202 0.10195840393448646
vn -0.08010820110356429 0.9895498813194211 0.11989040202063928
vn -0.05517949077167609 0.9895498814459471 0.13321507395370283
vn -0.028130260322011044 0.9895498823643815 0.14142036192449298
vn -8.829149613001807e-18 0.9895498819962902 0.14419095339558574
vn 0.028130260322011044 0.9895498823643815 0.14142036192449298
vn 0.05517949077167609 0.9895498814459471 0.13321507395370283
vn 0.08010820110356429 0.9895498813194211 0.11989040202063928
vn 0.10195840393448646 0.9895498813775202 0.10195840393448646
vn 0.11989040202063928 0.9895498813194211 0.08010820110356429
vn 0.13321507395370283 0.9895498814459471 0.05517949077167609
vn 0.14142036192449298 0.9895498823643815 0.028130260322011044
vn 0.14419095339558574 0.9895498819962902 1.7658299226003614e-17
vn 0.14142036192449298 0.9895498823643815 -0.028130260322011044
vn 0.13321507395370283 0.9895498814459471 -0.05517949077167609
vn 0.11989040202063928 0.9895498813194211 -0.08010820110356429
vn 0.10195840393448646 0.9895498813775202 -0.10195840393448646
vn 0.08010820110356429 0.9895498813194211 -0.11989040202063928
vn 0.05517949077167609 0.9895498814459471 -0.13321507395370283
vn 0.028130260322011044 0.9895498823643815 -0.14142036192449298
vn 2.6487449601445873e-17 0.9895498819962902 -0.14419095339558574
vn -0.028130260322011044 0.9895498823643815 -0.14142036192449298
vn -0.05517949077167609 0.9895498814459471 -0.13321507395370283
vn -0.08010820110356429 0.9895498813194211 -0.11989040202063928
vn -0.10195840393448646 0.9895498813775202 -0.10195840393448646
vn -0.11989040202063928 0.9895498813194211 -0.08010820110356429
vn -0.13321507395370283 0.9895498814459471 -0.05517949077167609
vn -0.14142036192449298 0.9895498823643815 -0.028130260322011044
vn -0.14419095339558574 0.9895498819962902 -3.531659845200723e-17
vn -0.28640380738798477 0.9581090016870034 0
vn -0.2809006211199264 0.9581090069191992 0.05587460885541097
vn -0.26460260949568437 0.9581090038872913 0.10960198774738071
vn -0.2381360641773826 0.9581090019232021 0.15911742636125992
vn -0.20251806339843947 0.9581090063216665 0.20251806339843947
vn -0.15911742636125992 0.9581090019232021 0.2381360641773826
vn -0.10960198774738071 0.9581090038872913 0.26460260949568437
vn -0.05587460885541097 0.9581090069191992 0.2809006211199264
vn -1.753717540322794e-17 0.9581090016870034 0.28640380738798477
vn 0.05587460885541097 0.9581090069191992 0.2809006211199264
vn 0.10960198774738071 0.9581090038872913 0.26460260949568437
vn 0.15911742636125992 0.9581090019232021 0.2381360641773826
vn 0.20251806339843947 0.9581090063216665 0.20251806339843947
vn 0.2381360641773826 0.9581090019232021 0.15911742636125992
vn 0.26460260949568437 0.9581090038872913 0.10960198774738071
vn 0.2809006211199264 0.9581090069191992 0.05587460885541097
vn 0.28640380738798477 0.9581090016870034 3.507435080645588e-17
vn 0.2809006211199264 0.9581090069191992 -0.05587460885541097
vn 0.26460260949568437 0.9581090038872913 -0.10960198774738071
vn 0.2381360641773826 0.9581090019232021 -0.15911742636125992
vn 0.20251806339843947 0.9581090063216665 -0.20251806339843947
vn 0.15911742636125992 0.9581090019232021 -0.2381360641773826
vn 0.10960198774738071 0.9581090038872913 -0.26460260949568437
vn 0.05587460885541097 0.9581090069191992 -0.2809006211199264
vn 5.2611524676385174e-17 0.9581090016870034 -0.28640380738798477
vn -0.05587460885541097 0.9581090069191992 -0.2809006211199264
vn -0.10960198774738071 0.9581090038872913 -0.26460260949568437
vn -0.15911742636125992 0.9581090019232021 -0.2381360641773826
vn -0.20251806339843947 0.9581090063216665 -0.20251806339843947
vn -0.2381360641773826 0.9581090019232021 -0.15911742636125992
vn -0.26460260949568437 0.9581090038872913 -0.10960198774738071
vn -0.2809006211199264 0.9581090069191992 -0.05587460885541097
vn -0.28640380738798477 0.9581090016870034 -7.014870161291176e-17
vn -0.42444382358260335 0.9054542730710258 0
vn -0.4162882632097314 0.9054542692282512 0.0828048805938328
vn -0.3921349605538953 0.905454271546714 0.16242762957454124
vn -0.3529121560640714 0.9054542656850437 0.23580836044331946
vn -0.3001271175202181 0.9054542653596647 0.3001271175202181
vn -0.23580836044331946 0.9054542656850437 0.3529121560640714
vn -0.16242762957454124 0.905454271546714 0.3921349605538953
vn -0.0828048805938328 0.9054542692282512 0.4162882632097314
vn -2.5989688547557496e-17 0.9054542730710258 0.42444382358260335
vn 0.0828048805938328 0.9054542692282512 0.4162882632097314
vn 0.16242762957454124 0.905454271546714 0.3921349605538953
vn 0.23580836044331946 0.9054542656850437 0.3529121560640714
vn 0.3001271175202181 0.9054542653596647 0.3001271175202181
vn 0.3529121560640714 0.9054542656850437 0.23580836044331946
vn 0.3921349605538953 0.905454271546714 0.16242762957454124
vn 0.4162882632097314 0.9054542692282512 0.0828048805938328
vn 0.42444382358260335 0.9054542730710258 5.197937709511499e-17
vn 0.4162882632097314 0.9054542692282512 -0.0828048805938328
vn 0.3921349605538953 0.905454271546714 -0.16242762957454124
vn 0.3529121560640714 0.9054542656850437 -0.23580836044331946
vn 0.3001271175202181 0.9054542653596647 -0.3001271175202181
vn 0.23580836044331946 0.9054542656850437 -0.3529121560640714
vn 0.16242762957454124 0.905454271546714 -0.3921349605538953
vn 0.0828048805938328 0.9054542692282512 -0.4162882632097314
vn 7.796906564267249e-17 0.9054542730710258 -0.42444382358260335
vn -0.0828048805938328 0.9054542692282512 -0.4162882632097314
vn -0.16242762957454124 0.905454271546714 -0.3921349605538953
vn -0.23580836044331946 0.9054542656850437 -0.3529121560640714
vn -0.3001271175202181 0.9054542653596647 -0.3001271175202181
vn -0.3529121560640714 0.9054542656850437 -0.23580836044331946
vn -0.3921349605538953 0.905454271546714 -0.16242762957454124
vn -0.4162882632097314 0.9054542692282512 -0.0828048805938328
vn -0.42444382358260335 0.9054542730710258 -1.0395875419022999e-16
vn -0.5557084402009586 0.8313772485998263 0
vn -0.5450306596029089 0.8313772474386983 0.10841334112585611
vn -0.5134076690199187 0.8313772385085049 0.2126604163484735
vn -0.4620546825779252 0.8313772442354384 0.3087350774941211
vn -0.39294521375152186 0.8313772416776523 0.39294521375152186
vn -0.3087350774941211 0.8313772442354384 0.4620546825779252
vn -0.2126604163484735 0.8313772385085049 0.5134076690199187
vn -0.10841334112585614 0.8313772474386986 0.545030659602909
vn -3.402732782234396e-17 0.8313772485998263 0.5557084402009586
vn 0.10841334112585614 0.8313772474386986 0.545030659602909
vn 0.2126604163484735 0.8313772385085049 0.5134076690199187
vn 0.3087350774941211 0.8313772442354384 0.4620546825779252
vn 0.39294521375152186 0.8313772416776523 0.39294521375152186
vn 0.4620546825779252 0.8313772442354384 0.3087350774941211
vn 0.5134076690199187 0.8313772385085049 0.2126604163484735
vn 0.5450306596029089 0.8313772474386983 0.10841334112585611
vn 0.5557084402009586 0.8313772485998263 6.805465564468793e-17
vn 0.5450306596029089 0.8313772474386983 -0.10841334112585611
vn 0.5134076690199187 0.8313772385085049 -0.2126604163484735
vn 0.4620546825779252 0.8313772442354384 -0.3087350774941211
vn 0.39294521375152186 0.8313772416776523 -0.39294521375152186
vn 0.3087350774941211 0.8313772442354384 -0.4620546825779252
vn 0.2126604163484735 0.8313772385085049 -0.5134076690199187
vn 0.10841334112585614 0.8313772474386986 -0.545030659602909
vn 1.0208198659518969e-16 0.8313772485998263 -0.5557084402009586
vn -0.10841334112585614 0.8313772474386986 -0.545030659602909
vn -0.2126604163484735 0.8313772385085049 -0.5134076690199187
vn -0.3087350774941211 0.8313772442354384 -0.4620546825779252
vn -0.39294521375152186 0.8313772416776523 -0.39294521375152186
vn -0.4620546825779252 0.8313772442354384 -0.3087350774941211
vn -0.5134076690199187 0.8313772385085049 -0.2126604163484735
vn -0.5450306596029089 0.8313772474386983 -0.10841334112585611
vn -0.5557084402009586 0.8313772485998263 -1.3610931128937585e-16
vn -0.6770565308208834 0.7359310117618296 0
vn -0.6640471001237523 0.7359309931822858 0.13208717610339668
vn -0.6255186923700423 0.7359309931896508 0.2590983187104205
vn -0.5629519176439864 0.7359310176797148 0.3761524632883025
vn -0.4787512686276281 0.7359310059882471 0.4787512686276281
vn -0.3761524632883025 0.7359310176797148 0.5629519176439864
vn -0.2590983187104205 0.7359309931896508 0.6255186923700423
vn -0.13208717610339668 0.7359309931822857 0.6640471001237523
vn -4.145775657173049e-17 0.7359310117618296 0.6770565308208834
vn 0.13208717610339668 0.7359309931822857 0.6640471001237523
vn 0.2590983187104205 0.7359309931896508 0.6255186923700423
vn 0.3761524632883025 0.7359310176797148 0.5629519176439864
vn 0.4787512686276281 0.7359310059882471 0.4787512686276281
vn 0.5629519176439864 0.7359310176797148 0.3761524632883025
vn 0.6255186923700423 0.7359309931896508 0.2590983187104205
vn 0.6640471001237523 0.7359309931822858 0.13208717610339668
vn 0.6770565308208834 0.7359310117618296 8.291551314346098e-17
vn 0.6640471001237523 0.7359309931822858 -0.13208717610339668
vn 0.6255186923700423 0.7359309931896508 -0.2590983187104205
vn 0.5629519176439864 0.7359310176797148 -0.3761524632883025
vn 0.4787512686276281 0.7359310059882471 -0.4787512686276281
vn 0.3761524632883025 0.7359310176797148 -0.5629519176439864
vn 0.2590983187104205 0.7359309931896508 -0.6255186923700423
vn 0.13208717610339668 0.7359309931822857 -0.6640471001237523
vn 1.2437326337897115e-16 0.7359310117618296 -0.6770565308208834
vn -0.13208717610339668 0.7359309931822857 -0.6640471001237523
vn -0.2590983187104205 0.7359309931896508 -0.6255186923700423
vn -0.3761524632883025 0.7359310176797148 -0.5629519176439864
vn -0.4787512686276281 0.7359310059882471 -0.4787512686276281
vn -0.5629519176439864 0.7359310176797148 -0.3761524632883025
vn -0.6255186923700423 0.7359309931896508 -0.2590983187104205
vn -0.6640471001237523 0.7359309931822858 -0.13208717610339668
vn -0.6770565308208834 0.7359310117618296 -1.6583102628692196e-16
vn -0.7847886967656538 0.6197634237585068 0
vn -0.7697091882598943 0.619763440269229 0.15310468188120246
vn -0.7250502182389225 0.6197634202357462 0.3003256298909248
vn -0.652527953184858 0.6197634298692594 0.4360052308276487
vn -0.5549294133301318 0.6197634165083896 0.5549294133301318
vn -0.4360052308276487 0.6197634298692594 0.652527953184858
vn -0.3003256298909248 0.6197634202357462 0.7250502182389225
vn -0.15310468188120246 0.619763440269229 0.7697091882598943
vn -4.805444807519493e-17 0.6197634237585068 0.7847886967656538
vn 0.15310468188120246 0.619763440269229 0.7697091882598943
vn 0.3003256298909248 0.6197634202357462 0.7250502182389225
vn 0.4360052308276487 0.6197634298692594 0.652527953184858
vn 0.5549294133301318 0.6197634165083896 0.5549294133301318
vn 0.652527953184858 0.6197634298692594 0.4360052308276487
vn 0.7250502182389225 0.6197634202357462 0.3003256298909248
vn 0.7697091882598943 0.619763440269229 0.15310468188120246
vn 0.7847886967656538 0.6197634237585068 9.610889615038985e-17
vn 0.7697091882598943 0.619763440269229 -0.15310468188120246
vn 0.7250502182389225 0.6197634202357462 -0.3003256298909248
vn 0.652527953184858 0.6197634298692594 -0.4360052308276487
vn 0.5549294133301318 0.6197634165083896 -0.5549294133301318
vn 0.4360052308276487 0.6197634298692594 -0.652527953184858
vn 0.3003256298909248 0.6197634202357462 -0.7250502182389225
vn 0.15310468188120246 0.619763440269229 -0.7697091882598943
vn 1.441633410159514e-16 0.6197634237585068 -0.7847886967656538
vn -0.15310468188120246 0.619763440269229 -0.7697091882598943
vn -0.3003256298909248 0.6197634202357462 -0.7250502182389225
vn -0.4360052308276487 0.6197634298692594 -0.652527953184858
vn -0.5549294133301318 0.6197634165083896 -0.5549294133301318
vn -0.652527953184858 0.6197634298692594 -0.4360052308276487
vn -0.7250502182389225 0.6197634202357462 -0.3003256298909248
vn -0.7697091882598943 0.619763440269229 -0.15310468188120246
vn -0.7847886967656538 0.6197634237585068 -1.922177923007797e-16
vn -0.8747966059689107 0.4844903489082875 0
vn -0.8579876390970018 0.4844903406000819 0.17066435193668864
vn -0.8082066815228786 0.4844903465048257 0.3347701660623452
vn -0.7273667950707662 0.48449035413830716 0.4860109486168185
vn -0.6185746150802184 0.48449034165473237 0.6185746150802184
vn -0.4860109486168185 0.48449035413830716 0.7273667950707662
vn -0.3347701660623452 0.4844903465048257 0.8082066815228786
vn -0.1706643519366886 0.4844903406000818 0.8579876390970016
vn -5.356584299316477e-17 0.4844903489082875 0.8747966059689107
vn 0.1706643519366886 0.4844903406000818 0.8579876390970016
vn 0.3347701660623452 0.4844903465048257 0.8082066815228786
vn 0.4860109486168185 0.48449035413830716 0.7273667950707662
vn 0.6185746150802184 0.48449034165473237 0.6185746150802184
vn 0.7273667950707662 0.48449035413830716 0.4860109486168185
vn 0.8082066815228786 0.4844903465048257 0.3347701660623452
vn 0.8579876390970018 0.4844903406000819 0.17066435193668864
vn 0.8747966059689107 0.4844903489082875 1.0713168598632954e-16
vn 0.8579876390970018 0.4844903406000819 -0.17066435193668864
vn 0.8082066815228786 0.4844903465048257 -0.3347701660623452
vn 0.7273667950707662 0.48449035413830716 -0.4860109486168185
vn 0.6185746150802184 0.48449034165473237 -0.6185746150802184
vn 0.4860109486168185 0.48449035413830716 -0.7273667950707662
vn 0.3347701660623452 0.4844903465048257 -0.8082066815228786
vn 0.1706643519366886 0.4844903406000818 -0.8579876390970016
vn 1.6069753222802177e-16 0.4844903489082875 -0.8747966059689107
vn -0.1706643519366886 0.4844903406000818 -0.8579876390970016
vn -0.3347701660623452 0.4844903465048257 -0.8082066815228786
vn -0.4860109486168185 0.48449035413830716 -0.7273667950707662
vn -0.6185746150802184 0.48449034165473237 -0.6185746150802184
vn -0.7273667950707662 0.48449035413830716 -0.4860109486168185
vn -0.8082066815228786 0.4844903465048257 -0.3347701660623452
vn -0.8579876390970018 0.4844903406000819 -0.17066435193668864
vn -0.8747966059689107 0.4844903489082875 -2.1426337197265907e-16
vn -0.9429215367214262 0.3330149780218667 0
vn -0.9248035603638165 0.33301498482532665 0.18395487115104117
vn -0.871145905602108 0.3330149916948817 0.36084044460002135
vn -0.7840106090877376 0.3330149920632631 0.5238591221874248
vn -0.6667462122427745 0.3330149800231605 0.6667462122427745
vn -0.5238591221874248 0.3330149920632631 0.7840106090877376
vn -0.36084044460002135 0.3330149916948817 0.871145905602108
vn -0.18395487115104117 0.33301498482532665 0.9248035603638165
vn -5.773728906941176e-17 0.3330149780218667 0.9429215367214262
vn 0.18395487115104117 0.33301498482532665 0.9248035603638165
vn 0.36084044460002135 0.3330149916948817 0.871145905602108
vn 0.5238591221874248 0.3330149920632631 0.7840106090877376
vn 0.6667462122427745 0.3330149800231605 0.6667462122427745
vn 0.7840106090877376 0.3330149920632631 0.5238591221874248
vn 0.871145905602108 0.3330149916948817 0.36084044460002135
vn 0.9248035603638165 0.33301498482532665 0.18395487115104117
vn 0.9429215367214262 0.3330149780218667 1.1547457813882353e-16
vn 0.9248035603638165 0.33301498482532665 -0.18395487115104117
vn 0.871145905602108 0.3330149916948817 -0.36084044460002135
vn 0.7840106090877376 0.3330149920632631 -0.5238591221874248
vn 0.6667462122427745 0.3330149800231605 -0.6667462122427745
vn 0.5238591221874248 0.3330149920632631 -0.7840106090877376
vn 0.36084044460002135 0.3330149916948817 -0.871145905602108
vn 0.18395487115104117 0.33301498482532665 -0.9248035603638165
vn 1.732118737690769e-16 0.3330149780218667 -0.9429215367214262
vn -0.18395487115104117 0.33301498482532665 -0.9248035603638165
vn -0.36084044460002135 0.3330149916948817 -0.871145905602108
vn -0.5238591221874248 0.3330149920632631 -0.7840106090877376
vn -0.6667462122427745 0.3330149800231605 -0.6667462122427745
vn -0.7840106090877376 0.3330149920632631 -0.5238591221874248
vn -0.871145905602108 0.3330149916948817 -0.36084044460002135
vn -0.9248035603638165 0.33301498482532665 -0.18395487115104117
vn -0.9429215367214262 0.3330149780218667 -2.3094915627764705e-16
vn -0.985502459510844 0.16966113962271068 0
vn -0.9665663055437919 0.16966114365410792 0.19226199135920077
vn -0.9104855446393038 0.16966114429223367 0.3771354784693695
vn -0.8194153462376659 0.16966114022321238 0.5475158334225282
vn -0.696855472403843 0.1696611362735539 0.696855472403843
vn -0.5475158334225282 0.16966114022321238 0.8194153462376659
vn -0.3771354784693695 0.16966114429223367 0.9104855446393038
vn -0.19226199135920077 0.16966114365410792 0.9665663055437919
vn -6.034462210927604e-17 0.16966113962271068 0.985502459510844
vn 0.19226199135920077 0.16966114365410792 0.9665663055437919
vn 0.3771354784693695 0.16966114429223367 0.9104855446393038
vn 0.5475158334225282 0.16966114022321238 0.8194153462376659
vn 0.696855472403843 0.1696611362735539 0.696855472403843
vn 0.8194153462376659 0.16966114022321238 0.5475158334225282
vn 0.9104855446393038 0.16966114429223367 0.3771354784693695
vn 0.9665663055437919 0.16966114365410792 0.19226199135920077
vn 0.985502459510844 0.16966113962271068 1.2068924421855208e-16
vn 0.9665663055437919 0.16966114365410792 -0.19226199135920077
vn 0.9104855446393038 0.16966114429223367 -0.3771354784693695
vn 0.8194153462376659 0.16966114022321238 -0.5475158334225282
vn 0.696855472403843 0.1696611362735539 -0.696855472403843
vn 0.5475158334225282 0.16966114022321238 -0.8194153462376659
vn 0.3771354784693695 0.16966114429223367 -0.9104855446393038
vn 0.19226199135920077 0.16966114365410792 -0.9665663055437919
vn 1.810338663278281e-16 0.16966113962271068 -0.985502459510844
vn -0.19226199135920077 0.16966114365410792 -0.9665663055437919
vn -0.3771354784693695 0.16966114429223367 -0.9104855446393038
vn -0.5475158334225282 0.16966114022321238 -0.8194153462376659
vn -0.696855472403843 0.1696611362735539 -0.696855472403843
vn -0.8194153462376659 0.16966114022321238 -0.5475158334225282
vn -0.9104855446393038 0.16966114429223367 -0.3771354784693695
vn -0.9665663055437919 0.16966114365410792 -0.19226199135920077
vn -0.985502459510844 0.16966113962271068 -2.4137848843710416e-16
vn -1 6.655689416223738e-17 0
vn -0.9807852789517083 6.655689608188102e-17 0.19509032931342324
vn -0.9238795305660377 6.655689606139077e-17 0.3826834370613369
vn -0.8314696016585884 6.655689466063642e-17 0.555570248949409
vn -0.7071067811865476 6.655689530131013e-17 0.7071067811865476
vn -0.555570248949409 6.655689466063642e-17 0.8314696016585884
vn -0.3826834370613369 6.655689606139077e-17 0.9238795305660377
vn -0.19509032931342324 6.655689608188102e-17 0.9807852789517083
vn -6.123234262925839e-17 6.655689416223738e-17 1
vn 0.19509032931342324 6.655689608188102e-17 0.9807852789517083
vn 0.3826834370613369 6.655689606139077e-17 0.9238795305660377
vn 0.555570248949409 6.655689466063642e-17 0.8314696016585884
vn 0.7071067811865476 6.655689530131013e-17 0.7071067811865476
vn 0.8314696016585884 6.655689466063642e-17 0.555570248949409
vn 0.9238795305660377 6.655689606139077e-17 0.3826834370613369
vn 0.9807852789517083 6.655689608188102e-17 0.19509032931342324
vn 1 6.655689416223738e-17 1.2246468525851679e-16
vn 0.9807852789517083 6.655689608188102e-17 -0.19509032931342324
vn 0.9238795305660377 6.655689606139077e-17 -0.3826834370613369
vn 0.8314696016585884 6.655689466063642e-17 -0.555570248949409
vn 0.7071067811865476 6.655689530131013e-17 -0.7071067811865476
vn 0.555570248949409 6.655689466063642e-17 -0.8314696016585884
vn 0.3826834370613369 6.655689606139077e-17 -0.9238795305660377
vn 0.19509032931342324 6.655689608188102e-17 -0.9807852789517083
vn 1.8369701465288538e-16 6.655689416223738e-17 -1
vn -0.19509032931342324 6.655689608188102e-17 -0.9807852789517083
vn -0.3826834370613369 6.655689606139077e-17 -0.9238795305660377
vn -0.555570248949409 6.655689466063642e-17 -0.8314696016585884
vn -0.7071067811865476 6.655689530131013e-17 -0.7071067811865476
vn -0.8314696016585884 6.655689466063642e-17 -0.555570248949409
vn -0.9238795305660377 6.655689606139077e-17 -0.3826834370613369
vn -0.9807852789517083 6.655689608188102e-17 -0.19509032931342324
vn -1 6.655689416223738e-17 -2.4492937051703357e-16
vn -0.985502459510844 -0.16966113962271068 0
vn -0.9665663055437919 -0.16966114365410792 0.19226199135920077
vn -0.9104855446393038 -0.16966114429223367 0.3771354784693695
vn -0.8194153462376659 -0.16966114022321238 0.5475158334225282
vn -0.696855472403843 -0.1696611362735539 0.696855472403843
vn -0.5475158334225282 -0.16966114022321238 0.8194153462376659
vn -0.3771354784693695 -0.16966114429223367 0.9104855446393038
vn -0.19226199135920077 -0.16966114365410792 0.9665663055437919
vn -6.034462210927604e-17 -0.16966113962271068 0.985502459510844
vn 0.19226199135920077 -0.16966114365410792 0.9665663055437919
vn 0.3771354784693695 -0.16966114429223367 0.9104855446393038
vn 0.5475158334225282 -0.16966114022321238 0.8194153462376659
vn 0.696855472403843 -0.1696611362735539 0.696855472403843
vn 0.8194153462376659 -0.16966114022321238 0.5475158334225282
vn 0.9104855446393038 -0.16966114429223367 0.3771354784693695
vn 0.9665663055437919 -0.16966114365410792 0.19226199135920077
vn 0.985502459510844 -0.16966113962271068 1.2068924421855208e-16
vn 0.9665663055437919 -0.16966114365410792 -0.19226199135920077
vn 0.9104855446393038 -0.16966114429223367 -0.3771354784693695
vn 0.8194153462376659 -0.16966114022321238 -0.5475158334225282
vn 0.696855472403843 -0.1696611362735539 -0.696855472403843
vn 0.5475158334225282 -0.16966114022321238 -0.8194153462376659
vn 0.3771354784693695 -0.16966114429223367 -0.9104855446393038
vn 0.19226199135920077 -0.16966114365410792 -0.9665663055437919
vn 1.810338663278281e-16 -0.16966113962271068 -0.985502459510844
vn -0.19226199135920077 -0.16966114365410792 -0.9665663055437919
vn -0.3771354784693695 -0.16966114429223367 -0.9104855446393038
vn -0.5475158334225282 -0.16966114022321238 -0.8194153462376659
vn -0.696855472403843 -0.1696611362735539 -0.696855472403843
vn -0.8194153462376659 -0.16966114022321238 -0.5475158334225282
vn -0.9104855446393038 -0.16966114429223367 -0.3771354784693695
vn -0.9665663055437919 -0.16966114365410792 -0.19226199135920077
vn -0.985502459510844 -0.16966113962271068 -2.4137848843710416e-16
vn -0.9429215367214262 -0.3330149780218667 0
vn -0.9248035603638165 -0.33301498482532665 0.18395487115104117
vn -0.871145905602108 -0.3330149916948817 0.36084044460002135
vn -0.7840106090877376 -0.3330149920632631 0.5238591221874248
vn -0.6667462122427745 -0.3330149800231605 0.6667462122427745
vn -0.5238591221874248 -0.3330149920632631 0.7840106090877376
vn -0.36084044460002135 -0.3330149916948817 0.871145905602108
vn -0.18395487115104117 -0.33301498482532665 0.9248035603638165
vn -5.773728906941176e-17 -0.3330149780218667 0.9429215367214262
vn 0.18395487115104117 -0.33301498482532665 0.9248035603638165
vn 0.36084044460002135 -0.3330149916948817 0.871145905602108
vn 0.5238591221874248 -0.3330149920632631 0.7840106090877376
vn 0.6667462122427745 -0.3330149800231605 0.6667462122427745
vn 0.7840106090877376 -0.3330149920632631 0.5238591221874248
vn 0.871145905602108 -0.3330149916948817 0.36084044460002135
vn 0.9248035603638165 -0.33301498482532665 0.18395487115104117
vn 0.9429215367214262 -0.3330149780218667 1.1547457813882353e-16
vn 0.9248035603638165 -0.33301498482532665 -0.18395487115104117
vn 0.871145905602108 -0.3330149916948817 -0.36084044460002135
vn 0.7840106090877376 -0.3330149920632631 -0.5238591221874248
vn 0.6667462122427745 -0.3330149800231605 -0.6667462122427745
vn 0.5238591221874248 -0.3330149920632631 -0.7840106090877376
vn 0.36084044460002135 -0.3330149916948817 -0.871145905602108
vn 0.18395487115104117 -0.33301498482532665 -0.9248035603638165
vn 1.732118737690769e-16 -0.3330149780218667 -0.9429215367214262
vn -0.18395487115104117 -0.33301498482532665 -0.9248035603638165
vn -0.36084044460002135 -0.3330149916948817 -0.871145905602108
vn -0.5238591221874248 -0.3330149920632631 -0.7840106090877376
vn -0.6667462122427745 -0.3330149800231605 -0.6667462122427745
vn -0.7840106090877376 -0.3330149920632631 -0.5238591221874248
vn -0.871145905602108 -0.3330149916948817 -0.36084044460002135
vn -0.9248035603638165 -0.33301498482532665 -0.18395487115104117
vn -0.9429215367214262 -0.3330149780218667 -2.3094915627764705e-16
vn -0.8747966059689107 -0.4844903489082875 0
vn -0.8579876390970018 -0.4844903406000819 0.17066435193668864
vn -0.8082066815228786 -0.4844903465048257 0.3347701660623452
vn -0.7273667950707662 -0.48449035413830716 0.4860109486168185
vn -0.6185746150802184 -0.48449034165473237 0.6185746150802184
vn -0.4860109486168185 -0.48449035413830716 0.7273667950707662
vn -0.3347701660623452 -0.4844903465048257 0.8082066815228786
vn -0.1706643519366886 -0.4844903406000818 0.8579876390970016
vn -5.356584299316477e-17 -0.4844903489082875 0.8747966059689107
vn 0.1706643519366886 -0.4844903406000818 0.8579876390970016
vn 0.3347701660623452 -0.4844903465048257 0.8082066815228786
vn 0.4860109486168185 -0.48449035413830716 0.7273667950707662
vn 0.6185746150802184 -0.48449034165473237 0.6185746150802184
vn 0.7273667950707662 -0.48449035413830716 0.4860109486168185
vn 0.8082066815228786 -0.4844903465048257 0.3347701660623452
vn 0.8579876390970018 -0.4844903406000819 0.17066435193668864
vn 0.8747966059689107 -0.4844903489082875 1.0713168598632954e-16
vn 0.8579876390970018 -0.4844903406000819 -0.17066435193668864
vn 0.8082066815228786 -0.4844903465048257 -0.3347701660623452
vn 0.7273667950707662 -0.48449035413830716 -0.4860109486168185
vn 0.6185746150802184 -0.48449034165473237 -0.6185746150802184
vn 0.4860109486168185 -0.48449035413830716 -0.7273667950707662
vn 0.3347701660623452 -0.4844903465048257 -0.8082066815228786
vn 0.1706643519366886 -0.4844903406000818 -0.8579876390970016
vn 1.6069753222802177e-16 -0.4844903489082875 -0.8747966059689107
vn -0.1706643519366886 -0.4844903406000818 -0.8579876390970016
vn -0.3347701660623452 -0.4844903465048257 -0.8082066815228786
vn -0.4860109486168185 -0.48449035413830716 -0.7273667950707662
vn -0.6185746150802184 -0.48449034165473237 -0.6185746150802184
vn -0.7273667950707662 -0.48449035413830716 -0.4860109486168185
vn -0.8082066815228786 -0.4844903465048257 -0.3347701660623452
vn -0.8579876390970018 -0.4844903406000819 -0.17066435193668864
vn -0.8747966059689107 -0.4844903489082875 -2.1426337197265907e-16
vn -0.7847886967656538 -0.6197634237585068 0
vn -0.7697091882598943 -0.619763440269229 0.15310468188120246
vn -0.7250502182389225 -0.6197634202357462 0.3003256298909248
vn -0.652527953184858 -0.6197634298692594 0.4360052308276487
vn -0.5549294133301318 -0.6197634165083896 0.5549294133301318
vn -0.4360052308276487 -0.6197634298692594 0.652527953184858
vn -0.3003256298909248 -0.6197634202357462 0.7250502182389225
vn -0.15310468188120246 -0.619763440269229 0.7697091882598943
vn -4.805444807519493e-17 -0.6197634237585068 0.7847886967656538
vn 0.15310468188120246 -0.619763440269229 0.7697091882598943
vn 0.3003256298909248 -0.6197634202357462 0.7250502182389225
vn 0.4360052308276487 -0.6197634298692594 0.652527953184858
vn 0.5549294133301318 -0.6197634165083896 0.5549294133301318
vn 0.652527953184858 -0.6197634298692594 0.4360052308276487
vn 0.7250502182389225 -0.6197634202357462 0.3003256298909248
vn 0.7697091882598943 -0.619763440269229 0.15310468188120246
vn 0.7847886967656538 -0.6197634237585068 9.610889615038985e-17
vn 0.7697091882598943 -0.619763440269229 -0.15310468188120246
vn 0.7250502182389225 -0.6197634202357462 -0.3003256298909248
vn 0.652527953184858 -0.6197634298692594 -0.4360052308276487
vn 0.5549294133301318 -0.6197634165083896 -0.5549294133301318
vn 0.4360052308276487 -0.6197634298692594 -0.652527953184858
vn 0.3003256298909248 -0.6197634202357462 -0.7250502182389225
vn 0.15310468188120246 -0.619763440269229 -0.7697091882598943
vn 1.441633410159514e-16 -0.6197634237585068 -0.7847886967656538
vn -0.15310468188120246 -0.619763440269229 -0.7697091882598943
vn -0.3003256298909248 -0.6197634202357462 -0.7250502182389225
vn -0.4360052308276487 -0.6197634298692594 -0.652527953184858
vn -0.5549294133301318 -0.6197634165083896 -0.5549294133301318
vn -0.652527953184858 -0.6197634298692594 -0.4360052308276487
vn -0.7250502182389225 -0.6197634202357462 -0.3003256298909248
vn -0.7697091882598943 -0.619763440269229 -0.15310468188120246
vn -0.7847886967656538 -0.6197634237585068 -1.922177923007797e-16
vn -0.6770565308208834 -0.7359310117618296 0
vn -0.6640471001237523 -0.7359309931822858 0.13208717610339668
vn -0.6255186923700423 -0.7359309931896508 0.2590983187104205
vn -0.5629519176439864 -0.7359310176797148 0.3761524632883025
vn -0.4787512686276281 -0.7359310059882471 0.4787512686276281
vn -0.3761524632883025 -0.7359310176797148 0.5629519176439864
vn -0.2590983187104205 -0.7359309931896508 0.6255186923700423
vn -0.13208717610339668 -0.7359309931822857 0.6640471001237523
vn -4.145775657173049e-17 -0.7359310117618296 0.6770565308208834
vn 0.13208717610339668 -0.7359309931822857 0.6640471001237523
vn 0.2590983187104205 -0.7359309931896508 0.6255186923700423
vn 0.3761524632883025 -0.7359310176797148 0.5629519176439864
vn 0.4787512686276281 -0.7359310059882471 0.4787512686276281
vn 0.5629519176439864 -0.7359310176797148 0.3761524632883025
vn 0.6255186923700423 -0.7359309931896508 0.2590983187104205
vn 0.6640471001237523 -0.7359309931822858 0.13208717610339668
vn 0.6770565308208834 -0.7359310117618296 8.291551314346098e-17
vn 0.6640471001237523 -0.7359309931822858 -0.13208717610339668
vn 0.6255186923700423 -0.7359309931896508 -0.2590983187104205
vn 0.5629519176439864 -0.7359310176797148 -0.3761524632883025
vn 0.4787512686276281 -0.7359310059882471 -0.4787512686276281
vn 0.3761524632883025 -0.7359310176797148 -0.5629519176439864
vn 0.2590983187104205 -0.7359309931896508 -0.6255186923700423
vn 0.13208717610339668 -0.7359309931822857 -0.6640471001237523
vn 1.2437326337897115e-16 -0.7359310117618296 -0.6770565308208834
vn -0.13208717610339668 -0.7359309931822857 -0.6640471001237523
vn -0.2590983187104205 -0.7359309931896508 -0.6255186923700423
vn -0.3761524632883025 -0.7359310176797148 -0.5629519176439864
vn -0.4787512686276281 -0.7359310059882471 -0.4787512686276281
vn -0.5629519176439864 -0.7359310176797148 -0.3761524632883025
vn -0.6255186923700423 -0.7359309931896508 -0.2590983187104205
vn -0.6640471001237523 -0.7359309931822858 -0.13208717610339668
vn -0.6770565308208834 -0.7359310117618296 -1.6583102628692196e-16
vn -0.5557084402009586 -0.8313772485998263 0
vn -0.5450306596029089 -0.8313772474386983 0.10841334112585611
vn -0.5134076690199187 -0.8313772385085049 0.2126604163484735
vn -0.4620546825779252 -0.8313772442354384 0.3087350774941211
vn -0.39294521375152186 -0.8313772416776523 0.39294521375152186
vn -0.3087350774941211 -0.8313772442354384 0.4620546825779252
vn -0.2126604163484735 -0.8313772385085049 0.5134076690199187
vn -0.10841334112585614 -0.8313772474386986 0.545030659602909
vn -3.402732782234396e-17 -0.8313772485998263 0.5557084402009586
vn 0.10841334112585614 -0.8313772474386986 0.545030659602909
vn 0.2126604163484735 -0.8313772385085049 0.5134076690199187
vn 0.3087350774941211 -0.8313772442354384 0.4620546825779252
vn 0.39294521375152186 -0.8313772416776523 0.39294521375152186
vn 0.4620546825779252 -0.8313772442354384 0.3087350774941211
vn 0.5134076690199187 -0.8313772385085049 0.2126604163484735
vn 0.5450306596029089 -0.8313772474386983 0.10841334112585611
vn 0.5557084402009586 -0.8313772485998263 6.805465564468793e-17
vn 0.5450306596029089 -0.8313772474386983 -0.10841334112585611
vn 0.5134076690199187 -0.8313772385085049 -0.2126604163484735
vn 0.4620546825779252 -0.8313772442354384 -0.3087350774941211
vn 0.39294521375152186 -0.8313772416776523 -0.39294521375152186
vn 0.3087350774941211 -0.8313772442354384 -0.4620546825779252
vn 0.2126604163484735 -0.8313772385085049 -0.5134076690199187
vn 0.10841334112585614 -0.8313772474386986 -0.545030659602909
vn 1.0208198659518969e-16 -0.8313772485998263 -0.5557084402009586
vn -0.10841334112585614 -0.8313772474386986 -0.545030659602909
vn -0.2126604163484735 -0.8313772385085049 -0.5134076690199187
vn -0.3087350774941211 -0.8313772442354384 -0.4620546825779252
vn -0.39294521375152186 -0.8313772416776523 -0.39294521375152186
vn -0.4620546825779252 -0.8313772442354384 -0.3087350774941211
vn -0.5134076690199187 -0.8313772385085049 -0.2126604163484735
vn -0.5450306596029089 -0.8313772474386983 -0.10841334112585611
vn -0.5557084402009586 -0.8313772485998263 -1.3610931128937585e-16
vn -0.42444382358260335 -0.9054542730710258 0
vn -0.4162882632097314 -0.9054542692282512 0.0828048805938328
vn -0.3921349605538953 -0.905454271546714 0.16242762957454124
vn -0.3529121560640714 -0.9054542656850437 0.23580836044331946
vn -0.3001271175202181 -0.9054542653596647 0.3001271175202181
vn -0.23580836044331946 -0.9054542656850437 0.3529121560640714
vn -0.16242762957454124 -0.905454271546714 0.3921349605538953
vn -0.0828048805938328 -0.9054542692282512 0.4162882632097314
vn -2.5989688547557496e-17 -0.9054542730710258 0.42444382358260335
vn 0.0828048805938328 -0.9054542692282512 0.4162882632097314
vn 0.16242762957454124 -0.905454271546714 0.3921349605538953
vn 0.23580836044331946 -0.9054542656850437 0.3529121560640714
vn 0.3001271175202181 -0.9054542653596647 0.3001271175202181
vn 0.3529121560640714 -0.9054542656850437 0.23580836044331946
vn 0.3921349605538953 -0.905454271546714 0.16242762957454124
vn 0.4162882632097314 -0.9054542692282512 0.0828048805938328
vn 0.42444382358260335 -0.9054542730710258 5.197937709511499e-17
vn 0.4162882632097314 -0.9054542692282512 -0.0828048805938328
vn 0.3921349605538953 -0.905454271546714 -0.16242762957454124
vn 0.3529121560640714 -0.9054542656850437 -0.23580836044331946
vn 0.3001271175202181 -0.9054542653596647 -0.3001271175202181
vn 0.23580836044331946 -0.9054542656850437 -0.3529121560640714
vn 0.16242762957454124 -0.905454271546714 -0.3921349605538953
vn 0.0828048805938328 -0.9054542692282512 -0.4162882632097314
vn 7.796906564267249e-17 -0.9054542730710258 -0.42444382358260335
vn -0.0828048805938328 -0.9054542692282512 -0.4162882632097314
vn -0.16242762957454124 -0.905454271546714 -0.3921349605538953
vn -0.23580836044331946 -0.9054542656850437 -0.3529121560640714
vn -0.3001271175202181 -0.9054542653596647 -0.3001271175202181
vn -0.3529121560640714 -0.9054542656850437 -0.23580836044331946
vn -0.3921349605538953 -0.905454271546714 -0.16242762957454124
vn -0.4162882632097314 -0.9054542692282512 -0.0828048805938328
vn -0.42444382358260335 -0.9054542730710258 -1.0395875419022999e-16
vn -0.28640380738798477 -0.9581090016870034 0
vn -0.2809006211199264 -0.9581090069191992 0.05587460885541097
vn -0.26460260949568437 -0.9581090038872913 0.10960198774738071
vn -0.2381360641773826 -0.9581090019232021 0.15911742636125992
vn -0.20251806339843947 -0.9581090063216665 0.20251806339843947
vn -0.15911742636125992 -0.9581090019232021 0.2381360641773826
vn -0.10960198774738071 -0.9581090038872913 0.26460260949568437
vn -0.05587460885541097 -0.9581090069191992 0.2809006211199264
vn -1.753717540322794e-17 -0.9581090016870034 0.28640380738798477
vn 0.05587460885541097 -0.9581090069191992 0.2809006211199264
vn 0.10960198774738071 -0.9581090038872913 0.26460260949568437
vn 0.15911742636125992 -0.9581090019232021 0.2381360641773826
vn 0.20251806339843947 -0.9581090063216665 0.20251806339843947
vn 0.2381360641773826 -0.9581090019232021 0.15911742636125992
vn 0.26460260949568437 -0.9581090038872913 0.10960198774738071
vn 0.2809006211199264 -0.9581090069191992 0.05587460885541097
vn 0.28640380738798477 -0.9581090016870034 3.507435080645588e-17
vn 0.2809006211199264 -0.9581090069191992 -0.05587460885541097
vn 0.26460260949568437 -0.9581090038872913 -0.10960198774738071
vn 0.2381360641773826 -0.9581090019232021 -0.15911742636125992
vn 0.20251806339843947 -0.9581090063216665 -0.20251806339843947
vn 0.15911742636125992 -0.9581090019232021 -0.2381360641773826
vn 0.10960198774738071 -0.9581090038872913 -0.26460260949568437
vn 0.05587460885541097 -0.9581090069191992 -0.2809006211199264
vn 5.2611524676385174e-17 -0.9581090016870034 -0.28640380738798477
vn -0.05587460885541097 -0.9581090069191992 -0.2809006211199264
vn -0.10960198774738071 -0.9581090038872913 -0.26460260949568437
vn -0.15911742636125992 -0.9581090019232021 -0.2381360641773826
vn -0.20251806339843947 -0.9581090063216665 -0.20251806339843947
vn -0.2381360641773826 -0.9581090019232021 -0.15911742636125992
vn -0.26460260949568437 -0.9581090038872913 -0.10960198774738071
vn -0.2809006211199264 -0.9581090069191992 -0.05587460885541097
vn -0.28640380738798477 -0.9581090016870034 -7.014870161291176e-17
vn -0.14419095339558574 -0.9895498819962902 0
vn -0.14142036192449298 -0.9895498823643815 0.028130260322011044
vn -0.13321507395370283 -0.9895498814459471 0.05517949077167609
vn -0.11989040202063928 -0.9895498813194211 0.08010820110356429
vn -0.10195840393448646 -0.9895498813775202 0.10195840393448646
vn -0.08010820110356429 -0.9895498813194211 0.11989040202063928
vn -0.05517949077167609 -0.9895498814459471 0.13321507395370283
vn -0.028130260322011044 -0.9895498823643815 0.14142036192449298
vn -8.829149613001807e-18 -0.9895498819962902 0.14419095339558574
vn 0.028130260322011044 -0.9895498823643815 0.14142036192449298
vn 0.05517949077167609 -0.9895498814459471 0.13321507395370283
vn 0.08010820110356429 -0.9895498813194211 0.11989040202063928
vn 0.10195840393448646 -0.9895498813775202 0.10195840393448646
vn 0.11989040202063928 -0.9895498813194211 0.08010820110356429
vn 0.13321507395370283 -0.9895498814459471 0.05517949077167609
vn 0.14142036192449298 -0.9895498823643815 0.028130260322011044
vn 0.14419095339558574 -0.9895498819962902 1.7658299226003614e-17
vn 0.14142036192449298 -0.9895498823643815 -0.028130260322011044
vn 0.13321507395370283 -0.9895498814459471 -0.05517949077167609
vn 0.11989040202063928 -0.9895498813194211 -0.08010820110356429
vn 0.10195840393448646 -0.9895498813775202 -0.10195840393448646
vn 0.08010820110356429 -0.9895498813194211 -0.11989040202063928
vn 0.05517949077167609 -0.9895498814459471 -0.13321507395370283
vn 0.028130260322011044 -0.9895498823643815 -0.14142036192449298
vn 2.6487449601445873e-17 -0.9895498819962902 -0.14419095339558574
vn -0.028130260322011044 -0.9895498823643815 -0.14142036192449298
vn -0.05517949077167609 -0.9895498814459471 -0.13321507395370283
vn -0.08010820110356429 -0.9895498813194211 -0.11989040202063928
vn -0.10195840393448646 -0.9895498813775202 -0.10195840393448646
vn -0.11989040202063928 -0.9895498813194211 -0.08010820110356429
vn -0.13321507395370283 -0.9895498814459471 -0.05517949077167609
vn -0.14142036192449298 -0.9895498823643815 -0.028130260322011044
vn -0.14419095339558574 -0.9895498819962902 -3.531659845200723e-17
vn -1.1266751043783545e-16 -1 0
vn -1.1050263663206771e-16 -1 2.1980340405394423e-17
vn -1.0409120232051435e-16 -1 4.3115988321446925e-17
vn -9.367960912283385e-17 -1 6.25947112157156e-17
vn -7.966795755152431e-17 -1 7.966795755152431e-17
vn -6.25947112157156e-17 -1 9.367960912283385e-17
vn -4.3115988321446925e-17 -1 1.0409120232051435e-16
vn -2.1980340405394423e-17 -1 1.1050263663206771e-16
vn -6.898894883217494e-33 -1 1.1266751043783545e-16
vn 2.1980340405394423e-17 -1 1.1050263663206771e-16
vn 4.3115988321446925e-17 -1 1.0409120232051435e-16
vn 6.25947112157156e-17 -1 9.367960912283385e-17
vn 7.966795755152431e-17 -1 7.966795755152431e-17
vn 9.367960912283385e-17 -1 6.25947112157156e-17
vn 1.0409120232051435e-16 -1 4.3115988321446925e-17
vn 1.1050263663206771e-16 -1 2.1980340405394423e-17
vn 1.1266751043783545e-16 -1 1.3797789766434988e-32
vn 1.1050263663206771e-16 -1 -2.1980340405394423e-17
vn 1.0409120232051435e-16 -1 -4.3115988321446925e-17
vn 9.367960912283385e-17 -1 -6.25947112157156e-17
vn 7.966795755152431e-17 -1 -7.966795755152431e-17
vn 6.25947112157156e-17 -1 -9.367960912283385e-17
vn 4.3115988321446925e-17 -1 -1.0409120232051435e-16
vn 2.1980340405394423e-17 -1 -1.1050263663206771e-16
vn 2.069668464965248e-32 -1 -1.1266751043783545e-16
vn -2.1980340405394423e-17 -1 -1.1050263663206771e-16
vn -4.3115988321446925e-17 -1 -1.0409120232051435e-16
vn -6.25947112157156e-17 -1 -9.367960912283385e-17
vn -7.966795755152431e-17 -1 -7.966795755152431e-17
vn -9.367960912283385e-17 -1 -6.25947112157156e-17
vn -1.0409120232051435e-16 -1 -4.3115988321446925e-17
vn -1.1050263663206771e-16 -1 -2.1980340405394423e-17
vn -1.1266751043783545e-16 -1 -2.7595579532869977e-32
f 794/794/794 827/827/827 828/828/828
f 795/795/795 828/828/828 829/829/829
f 796/796/796 829/829/829 830/830/830
f 797/797/797 830/830/830 831/831/831
f 798/798/798 831/831/831 832/832/832
f 799/799/799 832/832/832 833/833/833
f 800/800/800 833/833/833 834/834/834
f 801/801/801 834/834/834 835/835/835
f 802/802/802 835/835/835 836/836/836
f 803/803/803 836/836/836 837/837/837
f 804/804/804 837/837/837 838/838/838
f 805/805/805 838/838/838 839/839/839
f 806/806/806 839/839/839 840/840/840
f 807/807/807 840/840/840 841/841/841
f 808/808/808 841/841/841 842/842/842
f 809/809/809 842/842/842 843/843/843
f 810/810/810 843/843/843 844/844/844
f 811/811/811 844/844/844 845/845/845
f 812/812/812 845/845/845 846/846/846
f 813/813/813 846/846/846 847/847/847
f 814/814/814 847/847/847 848/848/848
f 815/815/815 848/848/848 849/849/849
f 816/816/816 849/849/849 850/850/850
f 817/817/817 850/850/850 851/851/851
f 818/818/818 851/851/851 852/852/852
f 819/819/819 852/852/852 853/853/853
f 820/820/820 853/853/853 854/854/854
f 821/821/821 854/854/854 855/855/855
f 822/822/822 855/855/855 856/856/856
f 823/823/823 856/856/856 857/857/857
f 824/824/824 857/857/857 858/858/858
f 825/825/825 858/858/858 859/859/859
f 828/828/828 827/827/827 861/861/861
f 827/827/827 860/860/860 861/861/861
f 829/829/829 828/828/828 862/862/862
f 828/828/828 861/861/861 862/862/862
f 830/830/830 829/829/829 863/863/863
f 829/829/829 862/862/862 863/863/863
f 831/831/831 830/830/830 864/864/864
f 830/830/830 863/863/863 864/864/864
f 832/832/832 831/831/831 865/865/865
f 831/831/831 864/864/864 865/865/865
f 833/833/833 832/832/832 866/866/866
f 832/832/832 865/865/865 866/866/866
f 834/834/834 833/833/833 867/867/867
f 833/833/833 866/866/866 867/867/867
f 835/835/835 834/834/834 868/868/868
f 834/834/834 867/867/867 868/868/868
f 836/836/836 835/835/835 869/869/869
f 835/835/835 868/868/868 869/869/869
f 837/837/837 836/836/836 870/870/870
f 836/836/836 869/869/869 870/870/870
f 838/838/838 837/837/837 871/871/871
f 837/837/837 870/870/870 871/871/871
f 839/839/839 838/838/838 872/872/872
f 838/838/838 871/871/871 872/872/872
f 840/840/840 839/839/839 873/873/873
f 839/839/839 872/872/872 873/873/873
f 841/841/841 840/840/840 874/874/874
f 840/840/840 873/873/873 874/874/874
f 842/842/842 841/841/841 875/875/875
f 841/841/841 874/874/874 875/875/875
f 843/843/843 842/842/842 876/876/876
f 842/842/842 875/875/875 876/876/876
f 844/844/844 843/843/843 877/877/877
f 843/843/843 876/876/876 877/877/877
f 845/845/845 844/844/844 878/878/878
f 844/844/844 877/877/877 878/878/878
f 846/846/846 845/845/845 879/879/879
f 845/845/845 878/878/878 879/879/879
f 847/847/847 846/846/846 880/880/880
f 846/846/846 879/879/879 880/880/880
f 848/848/848 847/847/847 881/881/881
f 847/847/847 880/880/880 881/881/881
f 849/849/849 848/848/848 882/882/882
f 848/848/848 881/881/881 882/882/882
f 850/850/850 849/849/849 883/883/883
f 849/849/849 882/882/882 883/883/883
f 851/851/851 850/850/850 884/884/884
f 850/850/850 883/883/883 884/884/884
f 852/852/852 851/851/851 885/885/885
f 851/851/851 884/884/884 885/885/885
f 853/853/853 852/852/852 886/886/886
f 852/852/852 885/885/885 886/886/886
f 854/854/854 853/853/853 887/887/887
f 853/853/853 886/886/886 887/887/887
f 855/855/855 854/854/854 888/888/888
f 854/854/854 887/887/887 888/888/888
f 856/856/856 855/855/855 889/889/889
f 855/855/855 888/888/888 889/889/889
f 857/857/857 856/856/856 890/890/890
f 856/856/856 889/889/889 890/890/890
f 858/858/858 857/857/857 891/891/891
f 857/857/857 890/890/890 891/891/891
f 859/859/859 858/858/858 892/892/892
f 858/858/858 891/891/891 892/892/892
f 861/861/861 860/860/860 894/894/894
f 860/860/860 893/893/893 894/894/894
f 862/862/862 861/861/861 895/895/895
f 861/861/861 894/894/894 895/895/895
f 863/863/863 862/862/862 896/896/896
f 862/862/862 895/895/895 896/896/896
f 864/864/864 863/863/863 897/897/897
f 863/863/863 896/896/896 897/897/897
f 865/865/865 864/864/864 898/898/898
f 864/864/864 897/897/897 898/898/898
f 866/866/866 865/865/865 899/899/899
f 865/865/865 898/898/898 899/899/899
f 867/867/867 866/866/866 900/900/900
f 866/866/866 899/899/899 900/900/900
f 868/868/868 867/867/867 901/901/901
f 867/867/867 900/900/900 901/901/901
f 869/869/869 868/868/868 902/902/902
f 868/868/868 901/901/901 902/902/902
f 870/870/870 869/869/869 903/903/903
f 869/869/869 902/902/902 903/903/903
f 871/871/871 870/870/870 904/904/904
f 870/870/870 903/903/903 904/904/904
f 872/872/872 871/871/871 905/905/905
f 871/871/871 904/904/904 905/905/905
f 873/873/873 872/872/872 906/906/906
f 872/872/872 905/905/905 906/906/906
f 874/874/874 873/873/873 907/907/907
f 873/873/873 906/906/906 907/907/907
f 875/875/875 874/874/874 908/908/908
f 874/874/874 907/907/907 908/908/908
f 876/876/876 875/875/875 909/909/909
f 875/875/875 908/908/908 909/909/909
f 877/877/877 876/876/876 910/910/910
f 876/876/876 909/909/909 910/910/910
f 878/878/878 877/877/877 911/911/911
f 877/877/877 910/910/910 911/911/911
f 879/879/879 878/878/878 912/912/912
f 878/878/878 911/911/911 912/912/912
f 880/880/880 879/879/879 913/913/913
f 879/879/879 912/912/912 913/913/913
f 881/881/881 880/880/880 914/914/914
f 880/880/880 913/913/913 914/914/914
f 882/882/882 881/881/881 915/915/915
f 881/881/881 914/914/914 915/915/915
f 883/883/883 882/882/882 916/916/916
f 882/882/882 915/915/915 916/916/916
f 884/884/884 883/883/883 917/917/917
f 883/883/883 916/916/916 917/917/917
f 885/885/885 884/884/884 918/918/918
f 884/884/884 917/917/917 918/918/918
f 886/886/886 885/885/885 919/919/919
f 885/885/885 918/918/918 919/919/919
f 887/887/887 886/886/886 920/920/920
f 886/886/886 919/919/919 920/920/920
f 888/888/888 887/887/887 921/921/921
f 887/887/887 920/920/920 921/921/921
f 889/889/889 888/888/888 922/922/922
f 888/888/888 921/921/921 922/922/922
f 890/890/890 889/889/889 923/923/923
f 889/889/889 922/922/922 923/923/923
f 891/891/891 890/890/890 924/924/924
f 890/890/890 923/923/923 924/924/924
f 892/892/892 891/891/891 925/925/925
f 891/891/891 924/924/924 925/925/925
f 894/894/894 893/893/893 927/927/927
f 893/893/893 926/926/926 927/927/927
f 895/895/895 894/894/894 928/928/928
f 894/894/894 927/927/927 928/928/928
f 896/896/896 895/895/895 929/929/929
f 895/895/895 928/928/928 929/929/929
f 897/897/897 896/896/896 930/930/930
f 896/896/896 929/929/929 930/930/930
f 898/898/898 897/897/897 931/931/931
f 897/897/897 930/930/930 931/931/931
f 899/899/899 898/898/898 932/932/932
f 898/898/898 931/931/931 932/932/932
f 900/900/900 899/899/899 933/933/933
f 899/899/899 932/932/932 933/933/933
f 901/901/901 900/900/900 934/934/934
f 900/900/900 933/933/933 934/934/934
f 902/902/902 901/901/901 935/935/935
f 901/901/901 934/934/934 935/935/935
f 903/903/903 902/902/902 936/936/936
f 902/902/902 935/935/935 936/936/936
f 904/904/904 903/903/903 937/937/937
f 903/903/903 936/936/936 937/937/937
f 905/905/905 904/904/904 938/938/938
f 904/904/904 937/937/937 938/938/938
f 906/906/906 905/905/905 939/939/939
f 905/905/905 938/938/938 939/939/939
f 907/907/907 906/906/906 940/940/940
f 906/906/906 939/939/939 940/940/940
f 908/908/908 907/907/907 941/941/941
f 907/907/907 940/940/940 941/941/941
f 909/909/909 908/908/908 942/942/942
f 908/908/908 941/941/941 942/942/942
f 910/910/910 909/909/909 943/943/943
f 909/909/909 942/942/942 943/943/943
f 911/911/911 910/910/910 944/944/944
f 910/910/910 943/943/943 944/944/944
f 912/912/912 911/911/911 945/945/945
f 911/911/911 944/944/944 945/945/945
f 913/913/913 912/912/912 946/946/946
f 912/912/912 945/945/945 946/946/946
f 914/914/914 913/913/913 947/947/947
f 913/913/913 946/946/946 947/947/947
f 915/915/915 914/914/914 948/948/948
f 914/914/914 947/947/947 948/948/948
f 916/916/916 915/915/915 949/949/949
f 915/915/915 948/948/948 949/949/949
f 917/917/917 916/916/916 950/950/950
f 916/916/916 949/949/949 950/950/950
f 918/918/918 917/917/917 951/951/951
f 917/917/917 950/950/950 951/951/951
f 919/919/919 918/918/918 952/952/952
f 918/918/918 951/951/951 952/952/952
f 920/920/920 919/919/919 953/953/953
f 919/919/919 952/952/952 953/953/953
f 921/921/921 920/920/920 954/954/954
f 920/920/920 953/953/953 954/954/954
f 922/922/922 921/921/921 955/955/955
f 921/921/921 954/954/954 955/955/955
f 923/923/923 922/922/922 956/956/956
f 922/922/922 955/955/955 956/956/956
f 924/924/924 923/923/923 957/957/957
f 923/923/923 956/956/956 957/957/957
f 925/925/925 924/924/924 958/958/958
f 924/924/924 957/957/957 958/958/958
f 927/927/927 926/926/926 960/960/960
f 926/926/926 959/959/959 960/960/960
f 928/928/928 927/927/927 961/961/961
f 927/927/927 960/960/960 961/961/961
f 929/929/929 928/928/928 962/962/962
f 928/928/928 961/961/961 962/962/962
f 930/930/930 929/929/929 963/963/963
f 929/929/929 962/962/962 963/963/963
f 931/931/931 930/930/930 964/964/964
f 930/930/930 963/963/963 964/964/964
f 932/932/932 931/931/931 965/965/965
f 931/931/931 964/964/964 965/965/965
f 933/933/933 932/932/932 966/966/966
f 932/932/932 965/965/965 966/966/966
f 934/934/934 933/933/933 967/967/967
f 933/933/933 966/966/966 967/967/967
f 935/935/935 934/934/934 968/968/968
f 934/934/934 967/967/967 968/968/968
f 936/936/936 935/935/935 969/969/969
f 935/935/935 968/968/968 969/969/969
f 937/937/937 936/936/936 970/970/970
f 936/936/936 969/969/969 970/970/970
f 938/938/938 937/937/937 971/971/971
f 937/937/937 970/970/970 971/971/971
f 939/939/939 938/938/938 972/972/972
f 938/938/938 971/971/971 972/972/972
f 940/940/940 939/939/939 973/973/973
f 939/939/939 972/972/972 973/973/973
f 941/941/941 940/940/940 974/974/974
f 940/940/940 973/973/973 974/974/974
f 942/942/942 941/941/941 975/975/975
f 941/941/941 974/974/974 975/975/975
f 943/943/943 942/942/942 976/976/976
f 942/942/942 975/975/975 976/976/976
f 944/944/944 943/943/943 977/977/977
f 943/943/943 976/976/976 977/977/977
f 945/945/945 944/944/944 978/978/978
f 944/944/944 977/977/977 978/978/978
f 946/946/946 945/945/945 979/979/979
f 945/945/945 978/978/978 979/979/979
f 947/947/947 946/946/946 980/980/980
f 946/946/946 979/979/979 980/980/980
f 948/948/948 947/947/947 981/981/981
f 947/947/947 980/980/980 981/981/981
f 949/949/949 948/948/948 982/982/982
f 948/948/948 981/981/981 982/982/982
f 950/950/950 949/949/949 983/983/983
f 949/949/949 982/982/982 983/983/983
f 951/951/951 950/950/950 984/984/984
f 950/950/950 983/983/983 984/984/984
f 952/952/952 951/951/951 985/985/985
f 951/951/951 984/984/984 985/985/985
f 953/953/953 952/952/952 986/986/986
f 952/952/952 985/985/985 986/986/986
f 954/954/954 953/953/953 987/987/987
f 953/953/953 986/986/986 987/987/987
f 955/955/955 954/954/954 988/988/988
f 954/954/954 987/987/987 988/988/988
f 956/956/956 955/955/955 989/989/989
f 955/955/955 988/988/988 989/989/989
f 957/957/957 956/956/956 990/990/990
f 956/956/956 989/989/989 990/990/990
f 958/958/958 957/957/957 991/991/991
f 957/957/957 990/990/990 991/991/991
f 960/960/960 959/959/959 993/993/993
f 959/959/959 992/992/992 993/993/993
f 961/961/961 960/960/960 994/994/994
f 960/960/960 993/993/993 994/994/994
f 962/962/962 961/961/961 995/995/995
f 961/961/961 994/994/994 995/995/995
f 963/963/963 962/962/962 996/996/996
f 962/962/962 995/995/995 996/996/996
f 964/964/964 963/963/963 997/997/997
f 963/963/963 996/996/996 997/997/997
f 965/965/965 964/964/964 998/998/998
f 964/964/964 997/997/997 998/998/998
f 966/966/966 965/965/965 999/999/999
f 965/965/965 998/998/998 999/999/999
f 967/967/967 966/966/966 1000/1000/1000
f 966/966/966 999/999/999 1000/1000/1000
f 968/968/968 967/967/967 1001/1001/1001
f 967/967/967 1000/1000/1000 1001/1001/1001
f 969/969/969 968/968/968 1002/1002/1002
f 968/968/968 1001/1001/1001 1002/1002/1002
f 970/970/970 969/969/969 1003/1003/1003
f 969/969/969 1002/1002/1002 1003/1003/1003
f 971/971/971 970/970/970 1004/1004/1004
f 970/970/970 1003/1003/1003 1004/1004/1004
f 972/972/972 971/971/971 1005/1005/1005
f 971/971/971 1004/1004/1004 1005/1005/1005
f 973/973/973 972/972/972 1006/1006/1006
f 972/972/972 1005/1005/1005 1006/1006/1006
f 974/974/974 973/973/973 1007/1007/1007
f 973/973/973 1006/1006/1006 1007/1007/1007
f 975/975/975 974/974/974 1008/1008/1008
f 974/974/974 1007/1007/1007 1008/1008/1008
f 976/976/976 975/975/975 1009/1009/1009
f 975/975/975 1008/1008/1008 1009/1009/1009
f 977/977/977 976/976/976 1010/1010/1010
f 976/976/976 1009/1009/1009 1010/1010/1010
f 978/978/978 977/977/977 1011/1011/1011
f 977/977/977 1010/1010/1010 1011/1011/1011
f 979/979/979 978/978/978 1012/1012/1012
f 978/978/978 1011/1011/1011 1012/1012/1012
f 980/980/980 979/979/979 1013/1013/1013
f 979/979/979 1012/1012/1012 1013/1013/1013
f 981/981/981 980/980/980 1014/1014/1014
f 980/980/980 1013/1013/1013 1014/1014/1014
f 982/982/982 981/981/981 1015/1015/1015
f 981/981/981 1014/1014/1014 1015/1015/1015
f 983/983/983 982/982/982 1016/1016/1016
f 982/982/982 1015/1015/1015 1016/1016/1016
f 984/984/984 983/983/983 1017/1017/1017
f 983/983/983 1016/1016/1016 1017/1017/1017
f 985/985/985 984/984/984 1018/1018/1018
f 984/984/984 1017/1017/1017 1018/1018/1018
f 986/986/986 985/985/985 1019/1019/1019
f 985/985/985 1018/1018/1018 1019/1019/1019
f 987/987/987 986/986/986 1020/1020/1020
f 986/986/986 1019/1019/1019 1020/1020/1020
f 988/988/988 987/987/987 1021/1021/1021
f 987/987/987 1020/1020/1020 1021/1021/1021
f 989/989/989 988/988/988 1022/1022/1022
f 988/988/988 1021/1021/1021 1022/1022/1022
f 990/990/990 989/989/989 1023/1023/1023
f 989/989/989 1022/1022/1022 1023/1023/1023
f 991/991/991 990/990/990 1024/1024/1024
f 990/990/990 1023/1023/1023 1024/1024/1024
f 993/993/993 992/992/992 1026/1026/1026
f 992/992/992 1025/1025/1025 1026/1026/1026
f 994/994/994 993/993/993 1027/1027/1027
f 993/993/993 1026/1026/1026 1027/1027/1027
f 995/995/995 994/994/994 1028/1028/1028
f 994/994/994 1027/1027/1027 1028/1028/1028
f 996/996/996 995/995/995 1029/1029/1029
f 995/995/995 1028/1028/1028 1029/1029/1029
f 997/997/997 996/996/996 1030/1030/1030
f 996/996/996 1029/1029/1029 1030/1030/1030
f 998/998/998 997/997/997 1031/1031/1031
f 997/997/997 1030/1030/1030 1031/1031/1031
f 999/999/999 998/998/998 1032/1032/1032
f 998/998/998 1031/1031/1031 1032/1032/1032
f 1000/1000/1000 999/999/999 1033/1033/1033
f 999/999/999 1032/1032/1032 1033/1033/1033
f 1001/1001/1001 1000/1000/1000 1034/1034/1034
f 1000/1000/1000 1033/1033/1033 1034/1034/1034
f 1002/1002/1002 1001/1001/1001 1035/1035/1035
f 1001/1001/1001 1034/1034/1034 1035/1035/1035
f 1003/1003/1003 1002/1002/1002 1036/1036/1036
f 1002/1002/1002 1035/1035/1035 1036/1036/1036
f 1004/1004/1004 1003/1003/1003 1037/1037/1037
f 1003/1003/1003 1036/1036/1036 1037/1037/1037
f 1005/1005/1005 1004/1004/1004 1038/1038/1038
f 1004/1004/1004 1037/1037/1037 1038/1038/1038
f 1006/1006/1006 1005/1005/1005 1039/1039/1039
f 1005/1005/1005 1038/1038/1038 1039/1039/1039
f 1007/1007/1007 1006/1006/1006 1040/1040/1040
f 1006/1006/1006 1039/1039/1039 1040/1040/1040
f 1008/1008/1008 1007/1007/1007 1041/1041/1041
f 1007/1007/1007 1040/1040/1040 1041/1041/1041
f 1009/1009/1009 1008/1008/1008 1042/1042/1042
f 1008/1008/1008 1041/1041/1041 1042/1042/1042
f 1010/1010/1010 1009/1009/1009 1043/1043/1043
f 1009/1009/1009 1042/1042/1042 1043/1043/1043
f 1011/1011/1011 1010/1010/1010 1044/1044/1044
f 1010/1010/1010 1043/1043/1043 1044/1044/1044
f 1012/1012/1012 1011/1011/1011 1045/1045/1045
f 1011/1011/1011 1044/1044/1044 1045/1045/1045
f 1013/1013/1013 1012/1012/1012 1046/1046/1046
f 1012/1012/1012 1045/1045/1045 1046/1046/1046
f 1014/1014/1014 1013/1013/1013 1047/1047/1047
f 1013/1013/1013 1046/1046/1046 1047/1047/1047
f 1015/1015/1015 1014/1014/1014 1048/1048/1048
f 1014/1014/1014 1047/1047/1047 1048/1048/1048
f 1016/1016/1016 1015/1015/1015 1049/1049/1049
f 1015/1015/1015 1048/1048/1048 1049/1049/1049
f 1017/1017/1017 1016/1016/1016 1050/1050/1050
f 1016/1016/1016 1049/1049/1049 1050/1050/1050
f 1018/1018/1018 1017/1017/1017 1051/1051/1051
f 1017/1017/1017 1050/1050/1050 1051/1051/1051
f 1019/1019/1019 1018/1018/1018 1052/1052/1052
f 1018/1018/1018 1051/1051/1051 1052/1052/1052
f 1020/1020/1020 1019/1019/1019 1053/1053/1053
f 1019/1019/1019 1052/1052/1052 1053/1053/1053
f 1021/1021/1021 1020/1020/1020 1054/1054/1054
f 1020/1020/1020 1053/1053/1053 1054/1054/1054
f 1022/1022/1022 1021/1021/1021 1055/1055/1055
f 1021/1021/1021 1054/1054/1054 1055/1055/1055
f 1023/1023/1023 1022/1022/1022 1056/1056/1056
f 1022/1022/1022 1055/1055/1055 1056/1056/1056
f 1024/1024/1024 1023/1023/1023 1057/1057/1057
f 1023/1023/1023 1056/1056/1056 1057/1057/1057
f 1026/1026/1026 1025/1025/1025 1059/1059/1059
f 1025/1025/1025 1058/1058/1058 1059/1059/1059
f 1027/1027/1027 1026/1026/1026 1060/1060/1060
f 1026/1026/1026 1059/1059/1059 1060/1060/1060
f 1028/1028/1028 1027/1027/1027 1061/1061/1061
f 1027/1027/1027 1060/1060/1060 1061/1061/1061
f 1029/1029/1029 1028/1028/1028 1062/1062/1062
f 1028/1028/1028 1061/1061/1061 1062/1062/1062
f 1030/1030/1030 1029/1029/1029 1063/1063/1063
f 1029/1029/1029 1062/1062/1062 1063/1063/1063
f 1031/1031/1031 1030/1030/1030 1064/1064/1064
f 1030/1030/1030 1063/1063/1063 1064/1064/1064
f 1032/1032/1032 1031/1031/1031 1065/1065/1065
f 1031/1031/1031 1064/1064/1064 1065/1065/1065
f 1033/1033/1033 1032/1032/1032 1066/1066/1066
f 1032/1032/1032 1065/1065/1065 1066/1066/1066
f 1034/1034/1034 1033/1033/1033 1067/1067/1067
f 1033/1033/1033 1066/1066/1066 1067/1067/1067
f 1035/1035/1035 1034/1034/1034 1068/1068/1068
f 1034/1034/1034 1067/1067/1067 1068/1068/1068
f 1036/1036/1036 1035/1035/1035 1069/1069/1069
f 1035/1035/1035 1068/1068/1068 1069/1069/1069
f 1037/1037/1037 1036/1036/1036 1070/1070/1070
f 1036/1036/1036 1069/1069/1069 1070/1070/1070
f 1038/1038/1038 1037/1037/1037 1071/1071/1071
f 1037/1037/1037 1070/1070/1070 1071/1071/1071
f 1039/1039/1039 1038/1038/1038 1072/1072/1072
f 1038/1038/1038 1071/1071/1071 1072/1072/1072
f 1040/1040/1040 1039/1039/1039 1073/1073/1073
f 1039/1039/1039 1072/1072/1072 1073/1073/1073
f 1041/1041/1041 1040/1040/1040 1074/1074/1074
f 1040/1040/1040 1073/1073/1073 1074/1074/1074
f 1042/1042/1042 1041/1041/1041 1075/1075/1075
f 1041/1041/1041 1074/1074/1074 1075/1075/1075
f 1043/1043/1043 1042/1042/1042 1076/1076/1076
f 1042/1042/1042 1075/1075/1075 1076/1076/1076
f 1044/1044/1044 1043/1043/1043 1077/1077/1077
f 1043/1043/1043 1076/1076/1076 1077/1077/1077
f 1045/1045/1045 1044/1044/1044 1078/1078/1078
f 1044/1044/1044 1077/1077/1077 1078/1078/1078
f 1046/1046/1046 1045/1045/1045 1079/1079/1079
f 1045/1045/1045 1078/1078/1078 1079/1079/1079
f 1047/1047/1047 1046/1046/1046 1080/1080/1080
f 1046/1046/1046 1079/1079/1079 1080/1080/1080
f 1048/1048/1048 1047/1047/1047 1081/1081/1081
f 1047/1047/1047 1080/1080/1080 1081/1081/1081
f 1049/1049/1049 1048/1048/1048 1082/1082/1082
f 1048/1048/1048 1081/1081/1081 1082/1082/1082
f 1050/1050/1050 1049/1049/1049 1083/1083/1083
f 1049/1049/1049 1082/1082/1082 1083/1083/1083
f 1051/1051/1051 1050/1050/1050 1084/1084/1084
f 1050/1050/1050 1083/1083/1083 1084/1084/1084
f 1052/1052/1052 1051/1051/1051 1085/1085/1085
f 1051/1051/1051 1084/1084/1084 1085/1085/1085
f 1053/1053/1053 1052/1052/1052 1086/1086/1086
f 1052/1052/1052 1085/1085/1085 1086/1086/1086
f 1054/1054/1054 1053/1053/1053 1087/1087/1087
f 1053/1053/1053 1086/1086/1086 1087/1087/1087
f 1055/1055/1055 1054/1054/1054 1088/1088/1088
f 1054/1054/1054 1087/1087/1087 1088/1088/1088
f 1056/1056/1056 1055/1055/1055 1089/1089/1089
f 1055/1055/1055 1088/1088/1088 1089/1089/1089
f 1057/1057/1057 1056/1056/1056 1090/1090/1090
f 1056/1056/1056 1089/1089/1089 1090/1090/1090
f 1059/1059/1059 1058/1058/1058 1092/1092/1092
f 1058/1058/1058 1091/1091/1091 1092/1092/1092
f 1060/1060/1060 1059/1059/1059 1093/1093/1093
f 1059/1059/1059 1092/1092/1092 1093/1093/1093
f 1061/1061/1061 1060/1060/1060 1094/1094/1094
f 1060/1060/1060 1093/1093/1093 1094/1094/1094
f 1062/1062/1062 1061/1061/1061 1095/1095/1095
f 1061/1061/1061 1094/1094/1094 1095/1095/1095
f 1063/1063/1063 1062/1062/1062 1096/1096/1096
f 1062/1062/1062 1095/1095/1095 1096/1096/1096
f 1064/1064/1064 1063/1063/1063 1097/1097/1097
f 1063/1063/1063 1096/1096/1096 1097/1097/1097
f 1065/1065/1065 1064/1064/1064 1098/1098/1098
f 1064/1064/1064 1097/1097/1097 1098/1098/1098
f 1066/1066/1066 1065/1065/1065 1099/1099/1099
f 1065/1065/1065 1098/1098/1098 1099/1099/1099
f 1067/1067/1067 1066/1066/1066 1100/1100/1100
f 1066/1066/1066 1099/1099/1099 1100/1100/1100
f 1068/1068/1068 1067/1067/1067 1101/1101/1101
f 1067/1067/1067 1100/1100/1100 1101/1101/1101
f 1069/1069/1069 1068/1068/1068 1102/1102/1102
f 1068/1068/1068 1101/1101/1101 1102/1102/1102
f 1070/1070/1070 1069/1069/1069 1103/1103/1103
f 1069/1069/1069 1102/1102/1102 1103/1103/1103
f 1071/1071/1071 1070/1070/1070 1104/1104/1104
f 1070/1070/1070 1103/1103/1103 1104/1104/1104
f 1072/1072/1072 1071/1071/1071 1105/1105/1105
f 1071/1071/1071 1104/1104/1104 1105/1105/1105
f 1073/1073/1073 1072/1072/1072 1106/1106/1106
f 1072/1072/1072 1105/1105/1105 1106/1106/1106
f 1074/1074/1074 1073/1073/1073 1107/1107/1107
f 1073/1073/1073 1106/1106/1106 1107/1107/1107
f 1075/1075/1075 1074/1074/1074 1108/1108/1108
f 1074/1074/1074 1107/1107/1107 1108/1108/1108
f 1076/1076/1076 1075/1075/1075 1109/1109/1109
f 1075/1075/1075 1108/1108/1108 1109/1109/1109
f 1077/1077/1077 1076/1076/1076 1110/1110/1110
f 1076/1076/1076 1109/1109/1109 1110/1110/1110
f 1078/1078/1078 1077/1077/1077 1111/1111/1111
f 1077/1077/1077 1110/1110/1110 1111/1111/1111
f 1079/1079/1079 1078/1078/1078 1112/1112/1112
f 1078/1078/1078 1111/1111/1111 1112/1112/1112
f 1080/1080/1080 1079/1079/1079 1113/1113/1113
f 1079/1079/1079 1112/1112/1112 1113/1113/1113
f 1081/1081/1081 1080/1080/1080 1114/1114/1114
f 1080/1080/1080 1113/1113/1113 1114/1114/1114
f 1082/1082/1082 1081/1081/1081 1115/1115/1115
f 1081/1081/1081 1114/1114/1114 1115/1115/1115
f 1083/1083/1083 1082/1082/1082 1116/1116/1116
f 1082/1082/1082 1115/1115/1115 1116/1116/1116
f 1084/1084/1084 1083/1083/1083 1117/1117/1117
f 1083/1083/1083 1116/1116/1116 1117/1117/1117
f 1085/1085/1085 1084/1084/1084 1118/1118/1118
f 1084/1084/1084 1117/1117/1117 1118/1118/1118
f 1086/1086/1086 1085/1085/1085 1119/1119/1119
f 1085/1085/1085 1118/1118/1118 1119/1119/1119
f 1087/1087/1087 1086/1086/1086 1120/1120/1120
f 1086/1086/1086 1119/1119/1119 1120/1120/1120
f 1088/1088/1088 1087/1087/1087 1121/1121/1121
f 1087/1087/1087 1120/1120/1120 1121/1121/1121
f 1089/1089/1089 1088/1088/1088 1122/1122/1122
f 1088/1088/1088 1121/1121/1121 1122/1122/1122
f 1090/1090/1090 1089/1089/1089 1123/1123/1123
f 1089/1089/1089 1122/1122/1122 1123/1123/1123
f 1092/1092/1092 1091/1091/1091 1125/1125/1125
f 1091/1091/1091 1124/1124/1124 1125/1125/1125
f 1093/1093/1093 1092/1092/1092 1126/1126/1126
f 1092/1092/1092 1125/1125/1125 1126/1126/1126
f 1094/1094/1094 1093/1093/1093 1127/1127/1127
f 1093/1093/1093 1126/1126/1126 1127/1127/1127
f 1095/1095/1095 1094/1094/1094 1128/1128/1128
f 1094/1094/1094 1127/1127/1127 1128/1128/1128
f 1096/1096/1096 1095/1095/1095 1129/1129/1129
f 1095/1095/1095 1128/1128/1128 1129/1129/1129
f 1097/1097/1097 1096/1096/1096 1130/1130/1130
f 1096/1096/1096 1129/1129/1129 1130/1130/1130
f 1098/1098/1098 1097/1097/1097 1131/1131/1131
f 1097/1097/1097 1130/1130/1130 1131/1131/1131
f 1099/1099/1099 1098/1098/1098 1132/1132/1132
f 1098/1098/1098 1131/1131/1131 1132/1132/1132
f 1100/1100/1100 1099/1099/1099 1133/1133/1133
f 1099/1099/1099 1132/1132/1132 1133/1133/1133
f 1101/1101/1101 1100/1100/1100 1134/1134/1134
f 1100/1100/1100 1133/1133/1133 1134/1134/1134
f 1102/1102/1102 1101/1101/1101 1135/1135/1135
f 1101/1101/1101 1134/1134/1134 1135/1135/1135
f 1103/1103/1103 1102/1102/1102 1136/1136/1136
f 1102/1102/1102 1135/1135/1135 1136/1136/1136
f 1104/1104/1104 1103/1103/1103 1137/1137/1137
f 1103/1103/1103 1136/1136/1136 1137/1137/1137
f 1105/1105/1105 1104/1104/1104 1138/1138/1138
f 1104/1104/1104 1137/1137/1137 1138/1138/1138
f 1106/1106/1106 1105/1105/1105 1139/1139/1139
f 1105/1105/1105 1138/1138/1138 1139/1139/1139
f 1107/1107/1107 1106/1106/1106 1140/1140/1140
f 1106/1106/1106 1139/1139/1139 1140/1140/1140
f 1108/1108/1108 1107/1107/1107 1141/1141/1141
f 1107/1107/1107 1140/1140/1140 1141/1141/1141
f 1109/1109/1109 1108/1108/1108 1142/1142/1142
f 1108/1108/1108 1141/1141/1141 1142/1142/1142
f 1110/1110/1110 1109/1109/1109 1143/1143/1143
f 1109/1109/1109 1142/1142/1142 1143/1143/1143
f 1111/1111/1111 1110/1110/1110 1144/1144/1144
f 1110/1110/1110 1143/1143/1143 1144/1144/1144
f 1112/1112/1112 1111/1111/1111 1145/1145/1145
f 1111/1111/1111 1144/1144/1144 1145/1145/1145
f 1113/1113/1113 1112/1112/1112 1146/1146/1146
f 1112/1112/1112 1145/1145/1145 1146/1146/1146
f 1114/1114/1114 1113/1113/1113 1147/1147/1147
f 1113/1113/1113 1146/1146/1146 1147/1147/1147
f 1115/1115/1115 1114/1114/1114 1148/1148/1148
f 1114/1114/1114 1147/1147/1147 1148/1148/1148
f 1116/1116/1116 1115/1115/1115 1149/1149/1149
f 1115/1115/1115 1148/1148/1148 1149/1149/1149
f 1117/1117/1117 1116/1116/1116 1150/1150/1150
f 1116/1116/1116 1149/1149/1149 1150/1150/1150
f 1118/1118/1118 1117/1117/1117 1151/1151/1151
f 1117/1117/1117 1150/1150/1150 1151/1151/1151
f 1119/1119/1119 1118/1118/1118 1152/1152/1152
f 1118/1118/1118 1151/1151/1151 1152/1152/1152
f 1120/1120/1120 1119/1119/1119 1153/1153/1153
f 1119/1119/1119 1152/1152/1152 1153/1153/1153
f 1121/1121/1121 1120/1120/1120 1154/1154/1154
f 1120/1120/1120 1153/1153/1153 1154/1154/1154
f 1122/1122/1122 1121/1121/1121 1155/1155/1155
f 1121/1121/1121 1154/1154/1154 1155/1155/1155
f 1123/1123/1123 1122/1122/1122 1156/1156/1156
f 1122/1122/1122 1155/1155/1155 1156/1156/1156
f 1125/1125/1125 1124/1124/1124 1158/1158/1158
f 1124/1124/1124 1157/1157/1157 1158/1158/1158
f 1126/1126/1126 1125/1125/1125 1159/1159/1159
f 1125/1125/1125 1158/1158/1158 1159/1159/1159
f 1127/1127/1127 1126/1126/1126 1160/1160/1160
f 1126/1126/1126 1159/1159/1159 1160/1160/1160
f 1128/1128/1128 1127/1127/1127 1161/1161/1161
f 1127/1127/1127 1160/1160/1160 1161/1161/1161
f 1129/1129/1129 1128/1128/1128 1162/1162/1162
f 1128/1128/1128 1161/1161/1161 1162/1162/1162
f 1130/1130/1130 1129/1129/1129 1163/1163/1163
f 1129/1129/1129 1162/1162/1162 1163/1163/1163
f 1131/1131/1131 1130/1130/1130 1164/1164/1164
f 1130/1130/1130 1163/1163/1163 1164/1164/1164
f 1132/1132/1132 1131/1131/1131 1165/1165/1165
f 1131/1131/1131 1164/1164/1164 1165/1165/1165
f 1133/1133/1133 1132/1132/1132 1166/1166/1166
f 1132/1132/1132 1165/1165/1165 1166/1166/1166
f 1134/1134/1134 1133/1133/1133 1167/1167/1167
f 1133/1133/1133 1166/1166/1166 1167/1167/1167
f 1135/1135/1135 1134/1134/1134 1168/1168/1168
f 1134/1134/1134 1167/1167/1167 1168/1168/1168
f 1136/1136/1136 1135/1135/1135 1169/1169/1169
f 1135/1135/1135 1168/1168/1168 1169/1169/1169
f 1137/1137/1137 1136/1136/1136 1170/1170/1170
f 1136/1136/1136 1169/1169/1169 1170/1170/1170
f 1138/1138/1138 1137/1137/1137 1171/1171/1171
f 1137/1137/1137 1170/1170/1170 1171/1171/1171
f 1139/1139/1139 1138/1138/1138 1172/1172/1172
f 1138/1138/1138 1171/1171/1171 1172/1172/1172
f 1140/1140/1140 1139/1139/1139 1173/1173/1173
f 1139/1139/1139 1172/1172/1172 1173/1173/1173
f 1141/1141/1141 1140/1140/1140 1174/1174/1174
f 1140/1140/1140 1173/1173/1173 1174/1174/1174
f 1142/1142/1142 1141/1141/1141 1175/1175/1175
f 1141/1141/1141 1174/1174/1174 1175/1175/1175
f 1143/1143/1143 1142/1142/1142 1176/1176/1176
f 1142/1142/1142 1175/1175/1175 1176/1176/1176
f 1144/1144/1144 1143/1143/1143 1177/1177/1177
f 1143/1143/1143 1176/1176/1176 1177/1177/1177
f 1145/1145/1145 1144/1144/1144 1178/1178/1178
f 1144/1144/1144 1177/1177/1177 1178/1178/1178
f 1146/1146/1146 1145/1145/1145 1179/1179/1179
f 1145/1145/1145 1178/1178/1178 1179/1179/1179
f 1147/1147/1147 1146/1146/1146 1180/1180/1180
f 1146/1146/1146 1179/1179/1179 1180/1180/1180
f 1148/1148/1148 1147/1147/1147 1181/1181/1181
f 1147/1147/1147 1180/1180/1180 1181/1181/1181
f 1149/1149/1149 1148/1148/1148 1182/1182/1182
f 1148/1148/1148 1181/1181/1181 1182/1182/1182
f 1150/1150/1150 1149/1149/1149 1183/1183/1183
f 1149/1149/1149 1182/1182/1182 1183/1183/1183
f 1151/1151/1151 1150/1150/1150 1184/1184/1184
f 1150/1150/1150 1183/1183/1183 1184/1184/1184
f 1152/1152/1152 1151/1151/1151 1185/1185/1185
f 1151/1151/1151 1184/1184/1184 1185/1185/1185
f 1153/1153/1153 1152/1152/1152 1186/1186/1186
f 1152/1152/1152 1185/1185/1185 1186/1186/1186
f 1154/1154/1154 1153/1153/1153 1187/1187/1187
f 1153/1153/1153 1186/1186/1186 1187/1187/1187
f 1155/1155/1155 1154/1154/1154 1188/1188/1188
f 1154/1154/1154 1187/1187/1187 1188/1188/1188
f 1156/1156/1156 1155/1155/1155 1189/1189/1189
f 1155/1155/1155 1188/1188/1188 1189/1189/1189
f 1158/1158/1158 1157/1157/1157 1191/1191/1191
f 1157/1157/1157 1190/1190/1190 1191/1191/1191
f 1159/1159/1159 1158/1158/1158 1192/1192/1192
f 1158/1158/1158 1191/1191/1191 1192/1192/1192
f 1160/1160/1160 1159/1159/1159 1193/1193/1193
f 1159/1159/1159 1192/1192/1192 1193/1193/1193
f 1161/1161/1161 1160/1160/1160 1194/1194/1194
f 1160/1160/1160 1193/1193/1193 1194/1194/1194
f 1162/1162/1162 1161/1161/1161 1195/1195/1195
f 1161/1161/1161 1194/1194/1194 1195/1195/1195
f 1163/1163/1163 1162/1162/1162 1196/1196/1196
f 1162/1162/1162 1195/1195/1195 1196/1196/1196
f 1164/1164/1164 1163/1163/1163 1197/1197/1197
f 1163/1163/1163 1196/1196/1196 1197/1197/1197
f 1165/1165/1165 1164/1164/1164 1198/1198/1198
f 1164/1164/1164 1197/1197/1197 1198/1198/1198
f 1166/1166/1166 1165/1165/1165 1199/1199/1199
f 1165/1165/1165 1198/1198/1198 1199/1199/1199
f 1167/1167/1167 1166/1166/1166 1200/1200/1200
f 1166/1166/1166 1199/1199/1199 1200/1200/1200
f 1168/1168/1168 1167/1167/1167 1201/1201/1201
f 1167/1167/1167 1200/1200/1200 1201/1201/1201
f 1169/1169/1169 1168/1168/1168 1202/1202/1202
f 1168/1168/1168 1201/1201/1201 1202/1202/1202
f 1170/1170/1170 1169/1169/1169 1203/1203/1203
f 1169/1169/1169 1202/1202/1202 1203/1203/1203
f 1171/1171/1171 1170/1170/1170 1204/1204/1204
f 1170/1170/1170 1203/1203/1203 1204/1204/1204
f 1172/1172/1172 1171/1171/1171 1205/1205/1205
f 1171/1171/1171 1204/1204/1204 1205/1205/1205
f 1173/1173/1173 1172/1172/1172 1206/1206/1206
f 1172/1172/1172 1205/1205/1205 1206/1206/1206
f 1174/1174/1174 1173/1173/1173 1207/1207/1207
f 1173/1173/1173 1206/1206/1206 1207/1207/1207
f 1175/1175/1175 1174/1174/1174 1208/1208/1208
f 1174/1174/1174 1207/1207/1207 1208/1208/1208
f 1176/1176/1176 1175/1175/1175 1209/1209/1209
f 1175/1175/1175 1208/1208/1208 1209/1209/1209
f 1177/1177/1177 1176/1176/1176 1210/1210/1210
f 1176/1176/1176 1209/1209/1209 1210/1210/1210
f 1178/1178/1178 1177/1177/1177 1211/1211/1211
f 1177/1177/1177 1210/1210/1210 1211/1211/1211
f 1179/1179/1179 1178/1178/1178 1212/1212/1212
f 1178/1178/1178 1211/1211/1211 1212/1212/1212
f 1180/1180/1180 1179/1179/1179 1213/1213/1213
f 1179/1179/1179 1212/1212/1212 1213/1213/1213
f 1181/1181/1181 1180/1180/1180 1214/1214/1214
f 1180/1180/1180 1213/1213/1213 1214/1214/1214
f 1182/1182/1182 1181/1181/1181 1215/1215/1215
f 1181/1181/1181 1214/1214/1214 1215/1215/1215
f 1183/1183/1183 1182/1182/1182 1216/1216/1216
f 1182/1182/1182 1215/1215/1215 1216/1216/1216
f 1184/1184/1184 1183/1183/1183 1217/1217/1217
f 1183/1183/1183 1216/1216/1216 1217/1217/1217
f 1185/1185/1185 1184/1184/1184 1218/1218/1218
f 1184/1184/1184 1217/1217/1217 1218/1218/1218
f 1186/1186/1186 1185/1185/1185 1219/1219/1219
f 1185/1185/1185 1218/1218/1218 1219/1219/1219
f 1187/1187/1187 1186/1186/1186 1220/1220/1220
f 1186/1186/1186 1219/1219/1219 1220/1220/1220
f 1188/1188/1188 1187/1187/1187 1221/1221/1221
f 1187/1187/1187 1220/1220/1220 1221/1221/1221
f 1189/1189/1189 1188/1188/1188 1222/1222/1222
f 1188/1188/1188 1221/1221/1221 1222/1222/1222
f 1191/1191/1191 1190/1190/1190 1224/1224/1224
f 1190/1190/1190 1223/1223/1223 1224/1224/1224
f 1192/1192/1192 1191/1191/1191 1225/1225/1225
f 1191/1191/1191 1224/1224/1224 1225/1225/1225
f 1193/1193/1193 1192/1192/1192 1226/1226/1226
f 1192/1192/1192 1225/1225/1225 1226/1226/1226
f 1194/1194/1194 1193/1193/1193 1227/1227/1227
f 1193/1193/1193 1226/1226/1226 1227/1227/1227
f 1195/1195/1195 1194/1194/1194 1228/1228/1228
f 1194/1194/1194 1227/1227/1227 1228/1228/1228
f 1196/1196/1196 1195/1195/1195 1229/1229/1229
f 1195/1195/1195 1228/1228/1228 1229/1229/1229
f 1197/1197/1197 1196/1196/1196 1230/1230/1230
f 1196/1196/1196 1229/1229/1229 1230/1230/1230
f 1198/1198/1198 1197/1197/1197 1231/1231/1231
f 1197/1197/1197 1230/1230/1230 1231/1231/1231
f 1199/1199/1199 1198/1198/1198 1232/1232/1232
f 1198/1198/1198 1231/1231/1231 1232/1232/1232
f 1200/1200/1200 1199/1199/1199 1233/1233/1233
f 1199/1199/1199 1232/1232/1232 1233/1233/1233
f 1201/1201/1201 1200/1200/1200 1234/1234/1234
f 1200/1200/1200 1233/1233/1233 1234/1234/1234
f 1202/1202/1202 1201/1201/1201 1235/1235/1235
f 1201/1201/1201 1234/1234/1234 1235/1235/1235
f 1203/1203/1203 1202/1202/1202 1236/1236/1236
f 1202/1202/1202 1235/1235/1235 1236/1236/1236
f 1204/1204/1204 1203/1203/1203 1237/1237/1237
f 1203/1203/1203 1236/1236/1236 1237/1237/1237
f 1205/1205/1205 1204/1204/1204 1238/1238/1238
f 1204/1204/1204 1237/1237/1237 1238/1238/1238
f 1206/1206/1206 1205/1205/1205 1239/1239/1239
f 1205/1205/1205 1238/1238/1238 1239/1239/1239
f 1207/1207/1207 1206/1206/1206 1240/1240/1240
f 1206/1206/1206 1239/1239/1239 1240/1240/1240
f 1208/1208/1208 1207/1207/1207 1241/1241/1241
f 1207/1207/1207 1240/1240/1240 1241/1241/1241
f 1209/1209/1209 1208/1208/1208 1242/1242/1242
f 1208/1208/1208 1241/1241/1241 1242/1242/1242
f 1210/1210/1210 1209/1209/1209 1243/1243/1243
f 1209/1209/1209 1242/1242/1242 1243/1243/1243
f 1211/1211/1211 1210/1210/1210 1244/1244/1244
f 1210/1210/1210 1243/1243/1243 1244/1244/1244
f 1212/1212/1212 1211/1211/1211 1245/1245/1245
f 1211/1211/1211 1244/1244/1244 1245/1245/1245
f 1213/1213/1213 1212/1212/1212 1246/1246/1246
f 1212/1212/1212 1245/1245/1245 1246/1246/1246
f 1214/1214/1214 1213/1213/1213 1247/1247/1247
f 1213/1213/1213 1246/1246/1246 1247/1247/1247
f 1215/1215/1215 1214/1214/1214 1248/1248/1248
f 1214/1214/1214 1247/1247/1247 1248/1248/1248
f 1216/1216/1216 1215/1215/1215 1249/1249/1249
f 1215/1215/1215 1248/1248/1248 1249/1249/1249
f 1217/1217/1217 1216/1216/1216 1250/1250/1250
f 1216/1216/1216 1249/1249/1249 1250/1250/1250
f 1218/1218/1218 1217/1217/1217 1251/1251/1251
f 1217/1217/1217 1250/1250/1250 1251/1251/1251
f 1219/1219/1219 1218/1218/1218 1252/1252/1252
f 1218/1218/1218 1251/1251/1251 1252/1252/1252
f 1220/1220/1220 1219/1219/1219 1253/1253/1253
f 1219/1219/1219 1252/1252/1252 1253/1253/1253
f 1221/1221/1221 1220/1220/1220 1254/1254/1254
f 1220/1220/1220 1253/1253/1253 1254/1254/1254
f 1222/1222/1222 1221/1221/1221 1255/1255/1255
f 1221/1221/1221 1254/1254/1254 1255/1255/1255
f 1224/1224/1224 1223/1223/1223 1257/1257/1257
f 1223/1223/1223 1256/1256/1256 1257/1257/1257
f 1225/1225/1225 1224/1224/1224 1258/1258/1258
f 1224/1224/1224 1257/1257/1257 1258/1258/1258
f 1226/1226/1226 1225/1225/1225 1259/1259/1259
f 1225/1225/1225 1258/1258/1258 1259/1259/1259
f 1227/1227/1227 1226/1226/1226 1260/1260/1260
f 1226/1226/1226 1259/1259/1259 1260/1260/1260
f 1228/1228/1228 1227/1227/1227 1261/1261/1261
f 1227/1227/1227 1260/1260/1260 1261/1261/1261
f 1229/1229/1229 1228/1228/1228 1262/1262/1262
f 1228/1228/1228 1261/1261/1261 1262/1262/1262
f 1230/1230/1230 1229/1229/1229 1263/1263/1263
f 1229/1229/1229 1262/1262/1262 1263/1263/1263
f 1231/1231/1231 1230/1230/1230 1264/1264/1264
f 1230/1230/1230 1263/1263/1263 1264/1264/1264
f 1232/1232/1232 1231/1231/1231 1265/1265/1265
f 1231/1231/1231 1264/1264/1264 1265/1265/1265
f 1233/1233/1233 1232/1232/1232 1266/1266/1266
f 1232/1232/1232 1265/1265/1265 1266/1266/1266
f 1234/1234/1234 1233/1233/1233 1267/1267/1267
f 1233/1233/1233 1266/1266/1266 1267/1267/1267
f 1235/1235/1235 1234/1234/1234 1268/1268/1268
f 1234/1234/1234 1267/1267/1267 1268/1268/1268
f 1236/1236/1236 1235/1235/1235 1269/1269/1269
f 1235/1235/1235 1268/1268/1268 1269/1269/1269
f 1237/1237/1237 1236/1236/1236 1270/1270/1270
f 1236/1236/1236 1269/1269/1269 1270/1270/1270
f 1238/1238/1238 1237/1237/1237 1271/1271/1271
f 1237/1237/1237 1270/1270/1270 1271/1271/1271
f 1239/1239/1239 1238/1238/1238 1272/1272/1272
f 1238/1238/1238 1271/1271/1271 1272/1272/1272
f 1240/1240/1240 1239/1239/1239 1273/1273/1273
f 1239/1239/1239 1272/1272/1272 1273/1273/1273
f 1241/1241/1241 1240/1240/1240 1274/1274/1274
f 1240/1240/1240 1273/1273/1273 1274/1274/1274
f 1242/1242/1242 1241/1241/1241 1275/1275/1275
f 1241/1241/1241 1274/1274/1274 1275/1275/1275
f 1243/1243/1243 1242/1242/1242 1276/1276/1276
f 1242/1242/1242 1275/1275/1275 1276/1276/1276
f 1244/1244/1244 1243/1243/1243 1277/1277/1277
f 1243/1243/1243 1276/1276/1276 1277/1277/1277
f 1245/1245/1245 1244/1244/1244 1278/1278/1278
f 1244/1244/1244 1277/1277/1277 1278/1278/1278
f 1246/1246/1246 1245/1245/1245 1279/1279/1279
f 1245/1245/1245 1278/1278/1278 1279/1279/1279
f 1247/1247/1247 1246/1246/1246 1280/1280/1280
f 1246/1246/1246 1279/1279/1279 1280/1280/1280
f 1248/1248/1248 1247/1247/1247 1281/1281/1281
f 1247/1247/1247 1280/1280/1280 1281/1281/1281
f 1249/1249/1249 1248/1248/1248 1282/1282/1282
f 1248/1248/1248 1281/1281/1281 1282/1282/1282
f 1250/1250/1250 1249/1249/1249 1283/1283/1283
f 1249/1249/1249 1282/1282/1282 1283/1283/1283
f 1251/1251/1251 1250/1250/1250 1284/1284/1284
f 1250/1250/1250 1283/1283/1283 1284/1284/1284
f 1252/1252/1252 1251/1251/1251 1285/1285/1285
f 1251/1251/1251 1284/1284/1284 1285/1285/1285
f 1253/1253/1253 1252/1252/1252 1286/1286/1286
f 1252/1252/1252 1285/1285/1285 1286/1286/1286
f 1254/1254/1254 1253/1253/1253 1287/1287/1287
f 1253/1253/1253 1286/1286/1286 1287/1287/1287
f 1255/1255/1255 1254/1254/1254 1288/1288/1288
f 1254/1254/1254 1287/1287/1287 1288/1288/1288
f 1257/1257/1257 1256/1256/1256 1290/1290/1290
f 1256/1256/1256 1289/1289/1289 1290/1290/1290
f 1258/1258/1258 1257/1257/1257 1291/1291/1291
f 1257/1257/1257 1290/1290/1290 1291/1291/1291
f 1259/1259/1259 1258/1258/1258 1292/1292/1292
f 1258/1258/1258 1291/1291/1291 1292/1292/1292
f 1260/1260/1260 1259/1259/1259 1293/1293/1293
f 1259/1259/1259 1292/1292/1292 1293/1293/1293
f 1261/1261/1261 1260/1260/1260 1294/1294/1294
f 1260/1260/1260 1293/1293/1293 1294/1294/1294
f 1262/1262/1262 1261/1261/1261 1295/1295/1295
f 1261/1261/1261 1294/1294/1294 1295/1295/1295
f 1263/1263/1263 1262/1262/1262 1296/1296/1296
f 1262/1262/1262 1295/1295/1295 1296/1296/1296
f 1264/1264/1264 1263/1263/1263 1297/1297/1297
f 1263/1263/1263 1296/1296/1296 1297/1297/1297
f 1265/1265/1265 1264/1264/1264 1298/1298/1298
f 1264/1264/1264 1297/1297/1297 1298/1298/1298
f 1266/1266/1266 1265/1265/1265 1299/1299/1299
f 1265/1265/1265 1298/1298/1298 1299/1299/1299
f 1267/1267/1267 1266/1266/1266 1300/1300/1300
f 1266/1266/1266 1299/1299/1299 1300/1300/1300
f 1268/1268/1268 1267/1267/1267 1301/1301/1301
f 1267/1267/1267 1300/1300/1300 1301/1301/1301
f 1269/1269/1269 1268/1268/1268 1302/1302/1302
f 1268/1268/1268 1301/1301/1301 1302/1302/1302
f 1270/1270/1270 1269/1269/1269 1303/1303/1303
f 1269/1269/1269 1302/1302/1302 1303/1303/1303
f 1271/1271/1271 1270/1270/1270 1304/1304/1304
f 1270/1270/1270 1303/1303/1303 1304/1304/1304
f 1272/1272/1272 1271/1271/1271 1305/1305/1305
f 1271/1271/1271 1304/1304/1304 1305/1305/1305
f 1273/1273/1273 1272/1272/1272 1306/1306/1306
f 1272/1272/1272 1305/1305/1305 1306/1306/1306
f 1274/1274/1274 1273/1273/1273 1307/1307/1307
f 1273/1273/1273 1306/1306/1306 1307/1307/1307
f 1275/1275/1275 1274/1274/1274 1308/1308/1308
f 1274/1274/1274 1307/1307/1307 1308/1308/1308
f 1276/1276/1276 1275/1275/1275 1309/1309/1309
f 1275/1275/1275 1308/1308/1308 1309/1309/1309
f 1277/1277/1277 1276/1276/1276 1310/1310/1310
f 1276/1276/1276 1309/1309/1309 1310/1310/1310
f 1278/1278/1278 1277/1277/1277 1311/1311/1311
f 1277/1277/1277 1310/1310/1310 1311/1311/1311
f 1279/1279/1279 1278/1278/1278 1312/1312/1312
f 1278/1278/1278 1311/1311/1311 1312/1312/1312
f 1280/1280/1280 1279/1279/1279 1313/1313/1313
f 1279/1279/1279 1312/1312/1312 1313/1313/1313
f 1281/1281/1281 1280/1280/1280 1314/1314/1314
f 1280/1280/1280 1313/1313/1313 1314/1314/1314
f 1282/1282/1282 1281/1281/1281 1315/1315/1315
f 1281/1281/1281 1314/1314/1314 1315/1315/1315
f 1283/1283/1283 1282/1282/1282 1316/1316/1316
f 1282/1282/1282 1315/1315/1315 1316/1316/1316
f 1284/1284/1284 1283/1283/1283 1317/1317/1317
f 1283/1283/1283 1316/1316/1316 1317/1317/1317
f 1285/1285/1285 1284/1284/1284 1318/1318/1318
f 1284/1284/1284 1317/1317/1317 1318/1318/1318
f 1286/1286/1286 1285/1285/1285 1319/1319/1319
f 1285/1285/1285 1318/1318/1318 1319/1319/1319
f 1287/1287/1287 1286/1286/1286 1320/1320/1320
f 1286/1286/1286 1319/1319/1319 1320/1320/1320
f 1288/1288/1288 1287/1287/1287 1321/1321/1321
f 1287/1287/1287 1320/1320/1320 1321/1321/1321
f 1290/1290/1290 1289/1289/1289 1323/1323/1323
f 1289/1289/1289 1322/1322/1322 1323/1323/1323
f 1291/1291/1291 1290/1290/1290 1324/1324/1324
f 1290/1290/1290 1323/1323/1323 1324/1324/1324
f 1292/1292/1292 1291/1291/1291 1325/1325/1325
f 1291/1291/1291 1324/1324/1324 1325/1325/1325
f 1293/1293/1293 1292/1292/1292 1326/1326/1326
f 1292/1292/1292 1325/1325/1325 1326/1326/1326
f 1294/1294/1294 1293/1293/1293 1327/1327/1327
f 1293/1293/1293 1326/1326/1326 1327/1327/1327
f 1295/1295/1295 1294/1294/1294 1328/1328/1328
f 1294/1294/1294 1327/1327/1327 1328/1328/1328
f 1296/1296/1296 1295/1295/1295 1329/1329/1329
f 1295/1295/1295 1328/1328/1328 1329/1329/1329
f 1297/1297/1297 1296/1296/1296 1330/1330/1330
f 1296/1296/1296 1329/1329/1329 1330/1330/1330
f 1298/1298/1298 1297/1297/1297 1331/1331/1331
f 1297/1297/1297 1330/1330/1330 1331/1331/1331
f 1299/1299/1299 1298/1298/1298 1332/1332/1332
f 1298/1298/1298 1331/1331/1331 1332/1332/1332
f 1300/1300/1300 1299/1299/1299 1333/1333/1333
f 1299/1299/1299 1332/1332/1332 1333/1333/1333
f 1301/1301/1301 1300/1300/1300 1334/1334/1334
f 1300/1300/1300 1333/1333/1333 1334/1334/1334
f 1302/1302/1302 1301/1301/1301 1335/1335/1335
f 1301/1301/1301 1334/1334/1334 1335/1335/1335
f 1303/1303/1303 1302/1302/1302 1336/1336/1336
f 1302/1302/1302 1335/1335/1335 1336/1336/1336
f 1304/1304/1304 1303/1303/1303 1337/1337/1337
f 1303/1303/1303 1336/1336/1336 1337/1337/1337
f 1305/1305/1305 1304/1304/1304 1338/1338/1338
f 1304/1304/1304 1337/1337/1337 1338/1338/1338
f 1306/1306/1306 1305/1305/1305 1339/1339/1339
f 1305/1305/1305 1338/1338/1338 1339/1339/1339
f 1307/1307/1307 1306/1306/1306 1340/1340/1340
f 1306/1306/1306 1339/1339/1339 1340/1340/1340
f 1308/1308/1308 1307/1307/1307 1341/1341/1341
f 1307/1307/1307 1340/1340/1340 1341/1341/1341
f 1309/1309/1309 1308/1308/1308 1342/1342/1342
f 1308/1308/1308 1341/1341/1341 1342/1342/1342
f 1310/1310/1310 1309/1309/1309 1343/1343/1343
f 1309/1309/1309 1342/1342/1342 1343/1343/1343
f 1311/1311/1311 1310/1310/1310 1344/1344/1344
f 1310/1310/1310 1343/1343/1343 1344/1344/1344
f 1312/1312/1312 1311/1311/1311 1345/1345/1345
f 1311/1311/1311 1344/1344/1344 1345/1345/1345
f 1313/1313/1313 1312/1312/1312 1346/1346/1346
f 1312/1312/1312 1345/1345/1345 1346/1346/1346
f 1314/1314/1314 1313/1313/1313 1347/1347/1347
f 1313/1313/1313 1346/1346/1346 1347/1347/1347
f 1315/1315/1315 1314/1314/1314 1348/1348/1348
f 1314/1314/1314 1347/1347/1347 1348/1348/1348
f 1316/1316/1316 1315/1315/1315 1349/1349/1349
f 1315/1315/1315 1348/1348/1348 1349/1349/1349
f 1317/1317/1317 1316/1316/1316 1350/1350/1350
f 1316/1316/1316 1349/1349/1349 1350/1350/1350
f 1318/1318/1318 1317/1317/1317 1351/1351/1351
f 1317/1317/1317 1350/1350/1350 1351/1351/1351
f 1319/1319/1319 1318/1318/1318 1352/1352/1352
f 1318/1318/1318 1351/1351/1351 1352/1352/1352
f 1320/1320/1320 1319/1319/1319 1353/1353/1353
f 1319/1319/1319 1352/1352/1352 1353/1353/1353
f 1321/1321/1321 1320/1320/1320 1354/1354/1354
f 1320/1320/1320 1353/1353/1353 1354/1354/1354
f 1323/1323/1323 1322/1322/1322 1356/1356/1356
f 1322/1322/1322 1355/1355/1355 1356/1356/1356
f 1324/1324/1324 1323/1323/1323 1357/1357/1357
f 1323/1323/1323 1356/1356/1356 1357/1357/1357
f 1325/1325/1325 1324/1324/1324 1358/1358/1358
f 1324/1324/1324 1357/1357/1357 1358/1358/1358
f 1326/1326/1326 1325/1325/1325 1359/1359/1359
f 1325/1325/1325 1358/1358/1358 1359/1359/1359
f 1327/1327/1327 1326/1326/1326 1360/1360/1360
f 1326/1326/1326 1359/1359/1359 1360/1360/1360
f 1328/1328/1328 1327/1327/1327 1361/1361/1361
f 1327/1327/1327 1360/1360/1360 1361/1361/1361
f 1329/1329/1329 1328/1328/1328 1362/1362/1362
f 1328/1328/1328 1361/1361/1361 1362/1362/1362
f 1330/1330/1330 1329/1329/1329 1363/1363/1363
f 1329/1329/1329 1362/1362/1362 1363/1363/1363
f 1331/1331/1331 1330/1330/1330 1364/1364/1364
f 1330/1330/1330 1363/1363/1363 1364/1364/1364
f 1332/1332/1332 1331/1331/1331 1365/1365/1365
f 1331/1331/1331 1364/1364/1364 1365/1365/1365
f 1333/1333/1333 1332/1332/1332 1366/1366/1366
f 1332/1332/1332 1365/1365/1365 1366/1366/1366
f 1334/1334/1334 1333/1333/1333 1367/1367/1367
f 1333/1333/1333 1366/1366/1366 1367/1367/1367
f 1335/1335/1335 1334/1334/1334 1368/1368/1368
f 1334/1334/1334 1367/1367/1367 1368/1368/1368
f 1336/1336/1336 1335/1335/1335 1369/1369/1369
f 1335/1335/1335 1368/1368/1368 1369/1369/1369
f 1337/1337/1337 1336/1336/1336 1370/1370/1370
f 1336/1336/1336 1369/1369/1369 1370/1370/1370
f 1338/1338/1338 1337/1337/1337 1371/1371/1371
f 1337/1337/1337 1370/1370/1370 1371/1371/1371
f 1339/1339/1339 1338/1338/1338 1372/1372/1372
f 1338/1338/1338 1371/1371/1371 1372/1372/1372
f 1340/1340/1340 1339/1339/1339 1373/1373/1373
f 1339/1339/1339 1372/1372/1372 1373/1373/1373
f 1341/1341/1341 1340/1340/1340 1374/1374/1374
f 1340/1340/1340 1373/1373/1373 1374/1374/1374
f 1342/1342/1342 1341/1341/1341 1375/1375/1375
f 1341/1341/1341 1374/1374/1374 1375/1375/1375
f 1343/1343/1343 1342/1342/1342 1376/1376/1376
f 1342/1342/1342 1375/1375/1375 1376/1376/1376
f 1344/1344/1344 1343/1343/1343 1377/1377/1377
f 1343/1343/1343 1376/1376/1376 1377/1377/1377
f 1345/1345/1345 1344/1344/1344 1378/1378/1378
f 1344/1344/1344 1377/1377/1377 1378/1378/1378
f 1346/1346/1346 1345/1345/1345 1379/1379/1379
f 1345/1345/1345 1378/1378/1378 1379/1379/1379
f 1347/1347/1347 1346/1346/1346 1380/1380/1380
f 1346/1346/1346 1379/1379/1379 1380/1380/1380
f 1348/1348/1348 1347/1347/1347 1381/1381/1381
f 1347/1347/1347 1380/1380/1380 1381/1381/1381
f 1349/1349/1349 1348/1348/1348 1382/1382/1382
f 1348/1348/1348 1381/1381/1381 1382/1382/1382
f 1350/1350/1350 1349/1349/1349 1383/1383/1383
f 1349/1349/1349 1382/1382/1382 1383/1383/1383
f 1351/1351/1351 1350/1350/1350 1384/1384/1384
f 1350/1350/1350 1383/1383/1383 1384/1384/1384
f 1352/1352/1352 1351/1351/1351 1385/1385/1385
f 1351/1351/1351 1384/1384/1384 1385/1385/1385
f 1353/1353/1353 1352/1352/1352 1386/1386/1386
f 1352/1352/1352 1385/1385/1385 1386/1386/1386
f 1354/1354/1354 1353/1353/1353 1387/1387/1387
f 1353/1353/1353 1386/1386/1386 1387/1387/1387
f 1356/1356/1356 1355/1355/1355 1389/1389/1389
f 1355/1355/1355 1388/1388/1388 1389/1389/1389
f 1357/1357/1357 1356/1356/1356 1390/1390/1390
f 1356/1356/1356 1389/1389/1389 1390/1390/1390
f 1358/1358/1358 1357/1357/1357 1391/1391/1391
f 1357/1357/1357 1390/1390/1390 1391/1391/1391
f 1359/1359/1359 1358/1358/1358 1392/1392/1392
f 1358/1358/1358 1391/1391/1391 1392/1392/1392
f 1360/1360/1360 1359/1359/1359 1393/1393/1393
f 1359/1359/1359 1392/1392/1392 1393/1393/1393
f 1361/1361/1361 1360/1360/1360 1394/1394/1394
f 1360/1360/1360 1393/1393/1393 1394/1394/1394
f 1362/1362/1362 1361/1361/1361 1395/1395/1395
f 1361/1361/1361 1394/1394/1394 1395/1395/1395
f 1363/1363/1363 1362/1362/1362 1396/1396/1396
f 1362/1362/1362 1395/1395/1395 1396/1396/1396
f 1364/1364/1364 1363/1363/1363 1397/1397/1397
f 1363/1363/1363 1396/1396/1396 1397/1397/1397
f 1365/1365/1365 1364/1364/1364 1398/1398/1398
f 1364/1364/1364 1397/1397/1397 1398/1398/1398
f 1366/1366/1366 1365/1365/1365 1399/1399/1399
f 1365/1365/1365 1398/1398/1398 1399/1399/1399
f 1367/1367/1367 1366/1366/1366 1400/1400/1400
f 1366/1366/1366 1399/1399/1399 1400/1400/1400
f 1368/1368/1368 1367/1367/1367 1401/1401/1401
f 1367/1367/1367 1400/1400/1400 1401/1401/1401
f 1369/1369/1369 1368/1368/1368 1402/1402/1402
f 1368/1368/1368 1401/1401/1401 1402/1402/1402
f 1370/1370/1370 1369/1369/1369 1403/1403/1403
f 1369/1369/1369 1402/1402/1402 1403/1403/1403
f 1371/1371/1371 1370/1370/1370 1404/1404/1404
f 1370/1370/1370 1403/1403/1403 1404/1404/1404
f 1372/1372/1372 1371/1371/1371 1405/1405/1405
f 1371/1371/1371 1404/1404/1404 1405/1405/1405
f 1373/1373/1373 1372/1372/1372 1406/1406/1406
f 1372/1372/1372 1405/1405/1405 1406/1406/1406
f 1374/1374/1374 1373/1373/1373 1407/1407/1407
f 1373/1373/1373 1406/1406/1406 1407/1407/1407
f 1375/1375/1375 1374/1374/1374 1408/1408/1408
f 1374/1374/1374 1407/1407/1407 1408/1408/1408
f 1376/1376/1376 1375/1375/1375 1409/1409/1409
f 1375/1375/1375 1408/1408/1408 1409/1409/1409
f 1377/1377/1377 1376/1376/1376 1410/1410/1410
f 1376/1376/1376 1409/1409/1409 1410/1410/1410
f 1378/1378/1378 1377/1377/1377 1411/1411/1411
f 1377/1377/1377 1410/1410/1410 1411/1411/1411
f 1379/1379/1379 1378/1378/1378 1412/1412/1412
f 1378/1378/1378 1411/1411/1411 1412/1412/1412
f 1380/1380/1380 1379/1379/1379 1413/1413/1413
f 1379/1379/1379 1412/1412/1412 1413/1413/1413
f 1381/1381/1381 1380/1380/1380 1414/1414/1414
f 1380/1380/1380 1413/1413/1413 1414/1414/1414
f 1382/1382/1382 1381/1381/1381 1415/1415/1415
f 1381/1381/1381 1414/1414/1414 1415/1415/1415
f 1383/1383/1383 1382/1382/1382 1416/1416/1416
f 1382/1382/1382 1415/1415/1415 1416/1416/1416
f 1384/1384/1384 1383/1383/1383 1417/1417/1417
f 1383/1383/1383 1416/1416/1416 1417/1417/1417
f 1385/1385/1385 1384/1384/1384 1418/1418/1418
f 1384/1384/1384 1417/1417/1417 1418/1418/1418
f 1386/1386/1386 1385/1385/1385 1419/1419/1419
f 1385/1385/1385 1418/1418/1418 1419/1419/1419
f 1387/1387/1387 1386/1386/1386 1420/1420/1420
f 1386/1386/1386 1419/1419/1419 1420/1420/1420
f 1389/1389/1389 1388/1388/1388 1422/1422/1422
f 1388/1388/1388 1421/1421/1421 1422/1422/1422
f 1390/1390/1390 1389/1389/1389 1423/1423/1423
f 1389/1389/1389 1422/1422/1422 1423/1423/1423
f 1391/1391/1391 1390/1390/1390 1424/1424/1424
f 1390/1390/1390 1423/1423/1423 1424/1424/1424
f 1392/1392/1392 1391/1391/1391 1425/1425/1425
f 1391/1391/1391 1424/1424/1424 1425/1425/1425
f 1393/1393/1393 1392/1392/1392 1426/1426/1426
f 1392/1392/1392 1425/1425/1425 1426/1426/1426
f 1394/1394/1394 1393/1393/1393 1427/1427/1427
f 1393/1393/1393 1426/1426/1426 1427/1427/1427
f 1395/1395/1395 1394/1394/1394 1428/1428/1428
f 1394/1394/1394 1427/1427/1427 1428/1428/1428
f 1396/1396/1396 1395/1395/1395 1429/1429/1429
f 1395/1395/1395 1428/1428/1428 1429/1429/1429
f 1397/1397/1397 1396/1396/1396 1430/1430/1430
f 1396/1396/1396 1429/1429/1429 1430/1430/1430
f 1398/1398/1398 1397/1397/1397 1431/1431/1431
f 1397/1397/1397 1430/1430/1430 1431/1431/1431
f 1399/1399/1399 1398/1398/1398 1432/1432/1432
f 1398/1398/1398 1431/1431/1431 1432/1432/1432
f 1400/1400/1400 1399/1399/1399 1433/1433/1433
f 1399/1399/1399 1432/1432/1432 1433/1433/1433
f 1401/1401/1401 1400/1400/1400 1434/1434/1434
f 1400/1400/1400 1433/1433/1433 1434/1434/1434
f 1402/1402/1402 1401/1401/1401 1435/1435/1435
f 1401/1401/1401 1434/1434/1434 1435/1435/1435
f 1403/1403/1403 1402/1402/1402 1436/1436/1436
f 1402/1402/1402 1435/1435/1435 1436/1436/1436
f 1404/1404/1404 1403/1403/1403 1437/1437/1437
f 1403/1403/1403 1436/1436/1436 1437/1437/1437
f 1405/1405/1405 1404/1404/1404 1438/1438/1438
f 1404/1404/1404 1437/1437/1437 1438/1438/1438
f 1406/1406/1406 1405/1405/1405 1439/1439/1439
f 1405/1405/1405 1438/1438/1438 1439/1439/1439
f 1407/1407/1407 1406/1406/1406 1440/1440/1440
f 1406/1406/1406 1439/1439/1439 1440/1440/1440
f 1408/1408/1408 1407/1407/1407 1441/1441/1441
f 1407/1407/1407 1440/1440/1440 1441/1441/1441
f 1409/1409/1409 1408/1408/1408 1442/1442/1442
f 1408/1408/1408 1441/1441/1441 1442/1442/1442
f 1410/1410/1410 1409/1409/1409 1443/1443/1443
f 1409/1409/1409 1442/1442/1442 1443/1443/1443
f 1411/1411/1411 1410/1410/1410 1444/1444/1444
f 1410/1410/1410 1443/1443/1443 1444/1444/1444
f 1412/1412/1412 1411/1411/1411 1445/1445/1445
f 1411/1411/1411 1444/1444/1444 1445/1445/1445
f 1413/1413/1413 1412/1412/1412 1446/1446/1446
f 1412/1412/1412 1445/1445/1445 1446/1446/1446
f 1414/1414/1414 1413/1413/1413 1447/1447/1447
f 1413/1413/1413 1446/1446/1446 1447/1447/1447
f 1415/1415/1415 1414/1414/1414 1448/1448/1448
f 1414/1414/1414 1447/1447/1447 1448/1448/1448
f 1416/1416/1416 1415/1415/1415 1449/1449/1449
f 1415/1415/1415 1448/1448/1448 1449/1449/1449
f 1417/1417/1417 1416/1416/1416 1450/1450/1450
f 1416/1416/1416 1449/1449/1449 1450/1450/1450
f 1418/1418/1418 1417/1417/1417 1451/1451/1451
f 1417/1417/1417 1450/1450/1450 1451/1451/1451
f 1419/1419/1419 1418/1418/1418 1452/1452/1452
f 1418/1418/1418 1451/1451/1451 1452/1452/1452
f 1420/1420/1420 1419/1419/1419 1453/1453/1453
f 1419/1419/1419 1452/1452/1452 1453/1453/1453
f 1422/1422/1422 1421/1421/1421 1455/1455/1455
f 1423/1423/1423 1422/1422/1422 1456/1456/1456
f 1424/1424/1424 1423/1423/1423 1457/1457/1457
f 1425/1425/1425 1424/1424/1424 1458/1458/1458
f 1426/1426/1426 1425/1425/1425 1459/1459/1459
f 1427/1427/1427 1426/1426/1426 1460/1460/1460
f 1428/1428/1428 1427/1427/1427 1461/1461/1461
f 1429/1429/1429 1428/1428/1428 1462/1462/1462
f 1430/1430/1430 1429/1429/1429 1463/1463/1463
f 1431/1431/1431 1430/1430/1430 1464/1464/1464
f 1432/1432/1432 1431/1431/1431 1465/1465/1465
f 1433/1433/1433 1432/1432/1432 1466/1466/1466
f 1434/1434/1434 1433/1433/1433 1467/1467/1467
f 1435/1435/1435 1434/1434/1434 1468/1468/1468
f 1436/1436/1436 1435/1435/1435 1469/1469/1469
f 1437/1437/1437 1436/1436/1436 1470/1470/1470
f 1438/1438/1438 1437/1437/1437 1471/1471/1471
f 1439/1439/1439 1438/1438/1438 1472/1472/1472
f 1440/1440/1440 1439/1439/1439 1473/1473/1473
f 1441/1441/1441 1440/1440/1440 1474/1474/1474
f 1442/1442/1442 1441/1441/1441 1475/1475/1475
f 1443/1443/1443 1442/1442/1442 1476/1476/1476
f 1444/1444/1444 1443/1443/1443 1477/1477/1477
f 1445/1445/1445 1444/1444/1444 1478/1478/1478
f 1446/1446/1446 1445/1445/1445 1479/1479/1479
f 1447/1447/1447 1446/1446/1446 1480/1480/1480
f 1448/1448/1448 1447/1447/1447 1481/1481/1481
f 1449/1449/1449 1448/1448/1448 1482/1482/1482
f 1450/1450/1450 1449/1449/1449 1483/1483/1483
f 1451/1451/1451 1450/1450/1450 1484/1484/1484
f 1452/1452/1452 1451/1451/1451 1485/1485/1485
f 1453/1453/1453 1452/1452/1452 1486/1486/1486
o canopy_2
usemtl foliage
v -0.8 3.1820000219345093 -0.3
v -0.8 3.1820000219345093 -0.3
v -0.8 3.1820000219345093 -0.3
v -0.8 3.1820000219345093 -0.3
v -0.8 3.1820000219345093 -0.3
v -0.8 3.1820000219345093 -0.3
v -0.8 3.1820000219345093 -0.3
v -0.8 3.1820000219345093 -0.3
v -0.8 3.1820000219345093 -0.3
v -0.8 3.1820000219345093 -0.3
v -0.8 3.1820000219345093 -0.3
v -0.8 3.1820000219345093 -0.3
v -0.8 3.1820000219345093 -0.3
v -0.8 3.1820000219345093 -0.3
v -0.8 3.1820000219345093 -0.3
v -0.8 3.1820000219345093 -0.3
v -0.8 3.1820000219345093 -0.3
v -0.8 3.1820000219345093 -0.3
v -0.8 3.1820000219345093 -0.3
v -0.8 3.1820000219345093 -0.3
v -0.8 3.1820000219345093 -0.3
v -0.8 3.1820000219345093 -0.3
v -0.8 3.1820000219345093 -0.3
v -0.8 3.1820000219345093 -0.3
v -0.8 3.1820000219345093 -0.3
v -0.8 3.1820000219345093 -0.3
v -0.8 3.1820000219345093 -0.3
v -0.8 3.1820000219345093 -0.3
v -0.8 3.1820000219345093 -0.3
v -0.8 3.1820000219345093 -0.3
v -0.8 3.1820000219345093 -0.3
v -0.8 3.1820000219345093 -0.3
v -0.8 3.1820000219345093 -0.3
v -0.9329692900180817 3.1723723077774046 -0.3
v -0.9304143220186234 3.1723723077774046 -0.27405897825956343
v -0.9228476092219353 3.1723723077774046 -0.24911485537886618
v -0.9105599254369736 3.1723723077774046 -0.22612621933221816
v -0.8940234884619713 3.1723723077774046 -0.2059765115380287
v -0.8738737806677819 3.1723723077774046 -0.18944007456302642
v -0.8508851446211338 3.1723723077774046 -0.17715239077806472
v -0.8259410217404366 3.1723723077774046 -0.16958567798137664
v -0.8 3.1723723077774046 -0.16703070998191832
v -0.7740589782595635 3.1723723077774046 -0.16958567798137664
v -0.7491148553788662 3.1723723077774046 -0.17715239077806472
v -0.7261262193322182 3.1723723077774046 -0.18944007456302642
v -0.7059765115380288 3.1723723077774046 -0.2059765115380287
v -0.6894400745630265 3.1723723077774046 -0.22612621933221816
v -0.6771523907780648 3.1723723077774046 -0.24911485537886618
v -0.6695856779813767 3.1723723077774046 -0.27405897825956343
v -0.6670307099819184 3.1723723077774046 -0.3
v -0.6695856779813767 3.1723723077774046 -0.32594102174043654
v -0.6771523907780648 3.1723723077774046 -0.3508851446211338
v -0.6894400745630265 3.1723723077774046 -0.3738737806677818
v -0.7059765115380288 3.1723723077774046 -0.39402348846197127
v -0.7261262193322182 3.1723723077774046 -0.41055992543697356
v -0.7491148553788662 3.1723723077774046 -0.42284760922193526
v -0.7740589782595635 3.1723723077774046 -0.43041432201862334
v -0.8 3.1723723077774046 -0.43296929001808165
v -0.8259410217404366 3.1723723077774046 -0.43041432201862334
v -0.8508851446211338 3.1723723077774046 -0.42284760922193526
v -0.8738737806677819 3.1723723077774046 -0.41055992543697356
v -0.8940234884619713 3.1723723077774046 -0.39402348846197127
v -0.9105599254369736 3.1723723077774046 -0.3738737806677818
v -0.9228476092219353 3.1723723077774046 -0.3508851446211338
v -0.9304143220186234 3.1723723077774046 -0.32594102174043654
v -0.9329692900180817 3.1723723077774046 -0.30000000000000004
v -1.0626644372940064 3.143726222515106 -0.3
v -1.0576174139976502 3.143726222515106 -0.24875670969486235
v -1.0426702976226807 3.143726222515106 -0.19948266744613646
v -1.0183974981307984 3.143726222515106 -0.1540714532136917
v -0.9857318133115769 3.143726222515106 -0.11426818668842315
v -0.9459285467863083 3.143726222515106 -0.08160250186920165
v -0.9005173325538636 3.143726222515106 -0.057329702377319325
v -0.8512432903051377 3.143726222515106 -0.04238258600234984
v -0.8 3.143726222515106 -0.03733556270599364
v -0.7487567096948624 3.143726222515106 -0.04238258600234984
v -0.6994826674461365 3.143726222515106 -0.057329702377319325
v -0.6540714532136918 3.143726222515106 -0.08160250186920165
v -0.6142681866884232 3.143726222515106 -0.11426818668842315
v -0.5816025018692017 3.143726222515106 -0.1540714532136917
v -0.5573297023773194 3.143726222515106 -0.19948266744613646
v -0.5423825860023499 3.143726222515106 -0.24875670969486235
v -0.5373355627059937 3.143726222515106 -0.29999999999999993
v -0.5423825860023499 3.143726222515106 -0.3512432903051376
v -0.5573297023773194 3.143726222515106 -0.4005173325538635
v -0.5816025018692017 3.143726222515106 -0.4459285467863083
v -0.6142681866884232 3.143726222515106 -0.48573181331157683
v -0.6540714532136918 3.143726222515106 -0.5183974981307984
v -0.6994826674461365 3.143726222515106 -0.5426702976226807
v -0.7487567096948624 3.143726222515106 -0.5576174139976502
v -0.8 3.143726222515106 -0.5626644372940064
v -0.8512432903051377 3.143726222515106 -0.5576174139976502
v -0.9005173325538636 3.143726222515106 -0.5426702976226807
v -0.9459285467863083 3.143726222515106 -0.5183974981307984
v -0.9857318133115769 3.143726222515106 -0.48573181331157683
v -1.0183974981307984 3.143726222515106 -0.4459285467863083
v -1.0426702976226807 3.143726222515106 -0.4005173325538635
v -1.0576174139976502 3.143726222515106 -0.3512432903051376
v -1.0626644372940064 3.143726222515106 -0.30000000000000004
v -1.1858919143676758 3.0967671251296998 -0.3
v -1.1784771263599396 3.0967671251296998 -0.22471621930599212
v -1.156517642736435 3.0967671251296998 -0.15232555866241454
v -1.1208574056625367 3.0967671251296998 -0.08560993075370787
v -1.0728667855262757 3.0967671251296998 -0.027133214473724354
v -1.0143900692462922 3.0967671251296998 0.020857405662536632
v -0.9476744413375855 3.0967671251296998 0.05651764273643495
v -0.8752837806940079 3.0967671251296998 0.07847712635993959
v -0.8 3.0967671251296998 0.08589191436767579
v -0.7247162193059922 3.0967671251296998 0.07847712635993959
v -0.6523255586624146 3.0967671251296998 0.05651764273643495
v -0.5856099307537079 3.0967671251296998 0.020857405662536632
v -0.5271332144737244 3.0967671251296998 -0.027133214473724354
v -0.4791425943374634 3.0967671251296998 -0.08560993075370787
v -0.4434823572635651 3.0967671251296998 -0.15232555866241454
v -0.42152287364006047 3.0967671251296998 -0.22471621930599212
v -0.41410808563232426 3.0967671251296998 -0.29999999999999993
v -0.42152287364006047 3.0967671251296998 -0.37528378069400786
v -0.4434823572635651 3.0967671251296998 -0.44767444133758544
v -0.4791425943374634 3.0967671251296998 -0.5143900692462922
v -0.5271332144737244 3.0967671251296998 -0.5728667855262757
v -0.5856099307537079 3.0967671251296998 -0.6208574056625367
v -0.6523255586624146 3.0967671251296998 -0.656517642736435
v -0.7247162193059922 3.0967671251296998 -0.6784771263599396
v -0.7999999999999999 3.0967671251296998 -0.6858919143676758
v -0.8752837806940079 3.0967671251296998 -0.6784771263599396
v -0.9476744413375855 3.0967671251296998 -0.656517642736435
v -1.0143900692462922 3.0967671251296998 -0.6208574056625367
v -1.0728667855262757 3.0967671251296998 -0.5728667855262757
v -1.1208574056625367 3.0967671251296998 -0.5143900692462922
v -1.156517642736435 3.0967671251296998 -0.44767444133758544
v -1.1784771263599396 3.0967671251296998 -0.37528378069400786
v -1.1858919143676758 3.0967671251296998 -0.3000000000000001
v -1.2996174573898316 3.0326512932777403 -0.3
v -1.29001744389534 3.0326512932777403 -0.2025294706225395
v -1.261586356163025 3.0326512932777403 -0.1088046759366989
v -1.2154167473316193 3.0326512932777403 -0.022427397966384877
v -1.1532828986644745 3.0326512932777403 0.0532828986644745
v -1.0775726020336152 3.0326512932777403 0.11541674733161927
v -0.9911953240633011 3.0326512932777403 0.1615863561630249
v -0.8974705293774605 3.0326512932777403 0.19001744389533998
v -0.8 3.0326512932777403 0.19961745738983155
v -0.7025294706225396 3.0326512932777403 0.19001744389533998
v -0.608804675936699 3.0326512932777403 0.1615863561630249
v -0.5224273979663849 3.0326512932777403 0.11541674733161927
v -0.44671710133552556 3.0326512932777403 0.0532828986644745
v -0.3845832526683808 3.0326512932777403 -0.022427397966384877
v -0.33841364383697514 3.0326512932777403 -0.1088046759366989
v -0.3099825561046601 3.0326512932777403 -0.2025294706225395
v -0.3003825426101685 3.0326512932777403 -0.29999999999999993
v -0.3099825561046601 3.0326512932777403 -0.39747052937746047
v -0.33841364383697514 3.0326512932777403 -0.4911953240633011
v -0.3845832526683808 3.0326512932777403 -0.5775726020336152
v -0.44671710133552556 3.0326512932777403 -0.6532828986644745
v -0.5224273979663849 3.0326512932777403 -0.7154167473316193
v -0.608804675936699 3.0326512932777403 -0.761586356163025
v -0.7025294706225396 3.0326512932777403 -0.79001744389534
v -0.7999999999999999 3.0326512932777403 -0.7996174573898316
v -0.8974705293774605 3.0326512932777403 -0.79001744389534
v -0.9911953240633011 3.0326512932777403 -0.761586356163025
v -1.0775726020336152 3.0326512932777403 -0.7154167473316193
v -1.1532828986644745 3.0326512932777403 -0.6532828986644745
v -1.2154167473316193 3.0326512932777403 -0.5775726020336152
v -1.261586356163025 3.0326512932777403 -0.4911953240633011
v -1.29001744389534 3.0326512932777403 -0.39747052937746047
v -1.2996174573898316 3.0326512932777403 -0.3000000000000001
v -1.401040780544281 2.9529575181007384 -0.3
v -1.3894919633865357 2.9529575181007384 -0.18274276256561278
v -1.3552892684936524 2.9529575181007384 -0.0699916511774063
v -1.2997471272945404 2.9529575181007384 0.03392035961151124
v -1.225000011920929 2.9529575181007384 0.12500001192092897
v -1.1339203596115113 2.9529575181007384 0.19974712729454042
v -1.0300083488225937 2.9529575181007384 0.25528926849365235
v -0.9172572374343873 2.9529575181007384 0.28949196338653566
v -0.8 2.9529575181007384 0.301040780544281
v -0.6827427625656128 2.9529575181007384 0.28949196338653566
v -0.5699916511774064 2.9529575181007384 0.25528926849365235
v -0.4660796403884888 2.9529575181007384 0.19974712729454042
v -0.3749999880790711 2.9529575181007384 0.12500001192092897
v -0.30025287270545964 2.9529575181007384 0.03392035961151124
v -0.2447107315063477 2.9529575181007384 -0.0699916511774063
v -0.2105080366134644 2.9529575181007384 -0.18274276256561278
v -0.19895921945571904 2.9529575181007384 -0.29999999999999993
v -0.2105080366134644 2.9529575181007384 -0.4172572374343872
v -0.2447107315063477 2.9529575181007384 -0.5300083488225937
v -0.30025287270545964 2.9529575181007384 -0.6339203596115113
v -0.3749999880790711 2.9529575181007384 -0.725000011920929
v -0.4660796403884888 2.9529575181007384 -0.7997471272945404
v -0.5699916511774064 2.9529575181007384 -0.8552892684936524
v -0.6827427625656128 2.9529575181007384 -0.8894919633865357
v -0.7999999999999999 2.9529575181007384 -0.901040780544281
v -0.9172572374343873 2.9529575181007384 -0.8894919633865357
v -1.0300083488225937 2.9529575181007384 -0.8552892684936524
v -1.1339203596115113 2.9529575181007384 -0.7997471272945404
v -1.225000011920929 2.9529575181007384 -0.725000011920929
v -1.2997471272945404 2.9529575181007384 -0.6339203596115113
v -1.3552892684936524 2.9529575181007384 -0.5300083488225937
v -1.3894919633865357 2.9529575181007384 -0.4172572374343872
v -1.401040780544281 2.9529575181007384 -0.30000000000000016
v -1.4876644492149353 2.859648060798645 -0.3
v -1.4744511723518372 2.859648060798645 -0.16584332585334777
v -1.4353191137313843 2.859648060798645 -0.03684221506118773
v -1.3717720985412598 2.859648060798645 0.08204589486122132
v -1.2862521886825562 2.859648060798645 0.18625218868255616
v -1.1820458948612214 2.859648060798645 0.2717720985412598
v -1.0631577849388123 2.859648060798645 0.3353191137313843
v -0.9341566741466523 2.859648060798645 0.37445117235183717
v -0.8 2.859648060798645 0.3876644492149353
v -0.6658433258533478 2.859648060798645 0.37445117235183717
v -0.5368422150611878 2.859648060798645 0.3353191137313843
v -0.41795410513877873 2.859648060798645 0.2717720985412598
v -0.3137478113174439 2.859648060798645 0.18625218868255616
v -0.22822790145874028 2.859648060798645 0.08204589486122132
v -0.16468088626861577 2.859648060798645 -0.03684221506118773
v -0.1255488276481629 2.859648060798645 -0.16584332585334777
v -0.11233555078506474 2.859648060798645 -0.2999999999999999
v -0.1255488276481629 2.859648060798645 -0.4341566741466522
v -0.16468088626861577 2.859648060798645 -0.5631577849388123
v -0.22822790145874028 2.859648060798645 -0.6820458948612214
v -0.3137478113174439 2.859648060798645 -0.7862521886825562
v -0.41795410513877873 2.859648060798645 -0.8717720985412598
v -0.5368422150611878 2.859648060798645 -0.9353191137313843
v -0.6658433258533478 2.859648060798645 -0.9744511723518372
v -0.7999999999999999 2.859648060798645 -0.9876644492149353
v -0.9341566741466523 2.859648060798645 -0.9744511723518372
v -1.0631577849388123 2.859648060798645 -0.9353191137313843
v -1.1820458948612214 2.859648060798645 -0.8717720985412598
v -1.2862521886825562 2.859648060798645 -0.7862521886825562
v -1.3717720985412598 2.859648060798645 -0.6820458948612214
v -1.4353191137313843 2.859648060798645 -0.5631577849388123
v -1.4744511723518372 2.859648060798645 -0.4341566741466522
v -1.4876644492149353 2.859648060798645 -0.30000000000000016
v -1.557355570793152 2.7550205612182617 -0.3
v -1.542803156375885 2.7550205612182617 -0.15224726796150206
v -1.4997053027153016 2.7550205612182617 -0.010172593593597401
v -1.4297181248664856 2.7550205612182617 0.12076420783996583
v -1.335531222820282 2.7550205612182617 0.235531222820282
v -1.2207642078399659 2.7550205612182617 0.3297181248664856
v -1.0898274064064026 2.7550205612182617 0.3997053027153015
v -0.947752732038498 2.7550205612182617 0.442803156375885
v -0.8 2.7550205612182617 0.45735557079315187
v -0.6522472679615021 2.7550205612182617 0.442803156375885
v -0.5101725935935975 2.7550205612182617 0.3997053027153015
v -0.3792357921600342 2.7550205612182617 0.3297181248664856
v -0.26446877717971806 2.7550205612182617 0.235531222820282
v -0.17028187513351445 2.7550205612182617 0.12076420783996583
v -0.10029469728469853 2.7550205612182617 -0.010172593593597401
v -0.057196843624115035 2.7550205612182617 -0.15224726796150206
v -0.04264442920684819 2.7550205612182617 -0.2999999999999999
v -0.057196843624115035 2.7550205612182617 -0.4477527320384979
v -0.10029469728469853 2.7550205612182617 -0.5898274064064026
v -0.17028187513351445 2.7550205612182617 -0.7207642078399659
v -0.26446877717971806 2.7550205612182617 -0.835531222820282
v -0.3792357921600342 2.7550205612182617 -0.9297181248664856
v -0.5101725935935975 2.7550205612182617 -0.9997053027153016
v -0.6522472679615021 2.7550205612182617 -1.042803156375885
v -0.7999999999999999 2.7550205612182617 -1.057355570793152
v -0.947752732038498 2.7550205612182617 -1.042803156375885
v -1.0898274064064026 2.7550205612182617 -0.9997053027153016
v -1.2207642078399659 2.7550205612182617 -0.9297181248664856
v -1.335531222820282 2.7550205612182617 -0.835531222820282
v -1.4297181248664856 2.7550205612182617 -0.7207642078399659
v -1.4997053027153016 2.7550205612182617 -0.5898274064064026
v -1.542803156375885 2.7550205612182617 -0.4477527320384979
v -1.557355570793152 2.7550205612182617 -0.30000000000000016
v -1.6083980679512024 2.6416512823104856 -0.3
v -1.5928649187088013 2.6416512823104856 -0.14228937327861785
v -1.5468624114990235 2.6416512823104856 0.009360533952713024
v -1.472158420085907 2.6416512823104856 0.14912189245224
v -1.3716237425804139 2.6416512823104856 0.27162374258041383
v -1.24912189245224 2.6416512823104856 0.372158420085907
v -1.109360533952713 2.6416512823104856 0.44686241149902345
v -0.9577106267213822 2.6416512823104856 0.4928649187088013
v -0.8 2.6416512823104856 0.5083980679512023
v -0.6422893732786179 2.6416512823104856 0.4928649187088013
v -0.49063946604728703 2.6416512823104856 0.44686241149902345
v -0.35087810754776005 2.6416512823104856 0.372158420085907
v -0.22837625741958623 2.6416512823104856 0.27162374258041383
v -0.12784157991409306 2.6416512823104856 0.14912189245224
v -0.05313758850097661 2.6416512823104856 0.009360533952713024
v -0.007135081291198775 2.6416512823104856 -0.14228937327861785
v 0.008398067951202348 2.6416512823104856 -0.2999999999999999
v -0.007135081291198775 2.6416512823104856 -0.45771062672138213
v -0.05313758850097661 2.6416512823104856 -0.6093605339527131
v -0.12784157991409306 2.6416512823104856 -0.74912189245224
v -0.22837625741958623 2.6416512823104856 -0.8716237425804139
v -0.35087810754776005 2.6416512823104856 -0.972158420085907
v -0.49063946604728703 2.6416512823104856 -1.0468624114990235
v -0.6422893732786179 2.6416512823104856 -1.0928649187088013
v -0.7999999999999999 2.6416512823104856 -1.1083980679512024
v -0.9577106267213822 2.6416512823104856 -1.0928649187088013
v -1.109360533952713 2.6416512823104856 -1.0468624114990235
v -1.24912189245224 2.6416512823104856 -0.972158420085907
v -1.3716237425804139 2.6416512823104856 -0.8716237425804139
v -1.472158420085907 2.6416512823104856 -0.74912189245224
v -1.5468624114990235 2.6416512823104856 -0.6093605339527131
v -1.5928649187088013 2.6416512823104856 -0.45771062672138213
v -1.6083980679512024 2.6416512823104856 -0.3000000000000002
v -1.639535117149353 2.522331746816635 -0.3
v -1.6234036564826966 2.522331746816635 -0.1362148255109787
v -1.5756292819976807 2.522331746816635 0.02127615809440614
v -1.498047935962677 2.522331746816635 0.16642071008682252
v -1.3936409831047059 2.522331746816635 0.2936409831047058
v -1.2664207100868226 2.522331746816635 0.398047935962677
v -1.1212761580944062 2.522331746816635 0.4756292819976807
v -0.9637851744890213 2.522331746816635 0.5234036564826965
v -0.8 2.522331746816635 0.539535117149353
v -0.6362148255109787 2.522331746816635 0.5234036564826965
v -0.4787238419055939 2.522331746816635 0.4756292819976807
v -0.33357928991317753 2.522331746816635 0.398047935962677
v -0.20635901689529423 2.522331746816635 0.2936409831047058
v -0.10195206403732304 2.522331746816635 0.16642071008682252
v -0.02437071800231938 2.522331746816635 0.02127615809440614
v 0.02340365648269649 2.522331746816635 -0.1362148255109787
v 0.03953511714935298 2.522331746816635 -0.2999999999999999
v 0.02340365648269649 2.522331746816635 -0.4637851744890213
v -0.02437071800231938 2.522331746816635 -0.6212761580944062
v -0.10195206403732304 2.522331746816635 -0.7664207100868226
v -0.20635901689529423 2.522331746816635 -0.8936409831047059
v -0.33357928991317753 2.522331746816635 -0.998047935962677
v -0.4787238419055939 2.522331746816635 -1.0756292819976807
v -0.6362148255109787 2.522331746816635 -1.1234036564826966
v -0.7999999999999999 2.522331746816635 -1.139535117149353
v -0.9637851744890213 2.522331746816635 -1.1234036564826966
v -1.1212761580944062 2.522331746816635 -1.0756292819976807
v -1.2664207100868226 2.522331746816635 -0.998047935962677
v -1.3936409831047059 2.522331746816635 -0.8936409831047059
v -1.498047935962677 2.522331746816635 -0.7664207100868226
v -1.5756292819976807 2.522331746816635 -0.6212761580944062
v -1.6234036564826966 2.522331746816635 -0.4637851744890213
v -1.639535117149353 2.522331746816635 -0.3000000000000002
v -1.650000023841858 2.4 -0.3
v -1.633667516708374 2.4 -0.13417323231697081
v -1.5852976322174073 2.4 0.025280904769897472
v -1.5067491412162781 2.4 0.17223469614982606
v -1.401040780544281 2.4 0.301040780544281
v -1.272234696149826 2.4 0.4067491412162781
v -1.1252809047698975 2.4 0.48529763221740724
v -0.9658267676830292 2.4 0.533667516708374
v -0.8 2.4 0.5500000238418579
v -0.6341732323169709 2.4 0.533667516708374
v -0.4747190952301026 2.4 0.48529763221740724
v -0.327765303850174 2.4 0.4067491412162781
v -0.19895921945571904 2.4 0.301040780544281
v -0.09325085878372197 2.4 0.17223469614982606
v -0.014702367782592818 2.4 0.025280904769897472
v 0.03366751670837398 2.4 -0.13417323231697081
v 0.050000023841857866 2.4 -0.2999999999999999
v 0.03366751670837398 2.4 -0.46582676768302916
v -0.014702367782592818 2.4 -0.6252809047698975
v -0.09325085878372197 2.4 -0.7722346961498261
v -0.19895921945571904 2.4 -0.901040780544281
v -0.327765303850174 2.4 -1.0067491412162781
v -0.4747190952301026 2.4 -1.0852976322174073
v -0.6341732323169709 2.4 -1.133667516708374
v -0.7999999999999999 2.4 -1.150000023841858
v -0.9658267676830292 2.4 -1.133667516708374
v -1.1252809047698975 2.4 -1.0852976322174073
v -1.272234696149826 2.4 -1.0067491412162781
v -1.401040780544281 2.4 -0.901040780544281
v -1.5067491412162781 2.4 -0.7722346961498261
v -1.5852976322174073 2.4 -0.6252809047698975
v -1.633667516708374 2.4 -0.46582676768302916
v -1.650000023841858 2.4 -0.3000000000000002
v -1.639535117149353 2.2776682531833647 -0.3
v -1.6234036564826966 2.2776682531833647 -0.1362148255109787
v -1.5756292819976807 2.2776682531833647 0.02127615809440614
v -1.498047935962677 2.2776682531833647 0.16642071008682252
v -1.3936409831047059 2.2776682531833647 0.2936409831047058
v -1.2664207100868226 2.2776682531833647 0.398047935962677
v -1.1212761580944062 2.2776682531833647 0.4756292819976807
v -0.9637851744890213 2.2776682531833647 0.5234036564826965
v -0.8 2.2776682531833647 0.539535117149353
v -0.6362148255109787 2.2776682531833647 0.5234036564826965
v -0.4787238419055939 2.2776682531833647 0.4756292819976807
v -0.33357928991317753 2.2776682531833647 0.398047935962677
v -0.20635901689529423 2.2776682531833647 0.2936409831047058
v -0.10195206403732304 2.2776682531833647 0.16642071008682252
v -0.02437071800231938 2.2776682531833647 0.02127615809440614
v 0.02340365648269649 2.2776682531833647 -0.1362148255109787
v 0.03953511714935298 2.2776682531833647 -0.2999999999999999
v 0.02340365648269649 2.2776682531833647 -0.4637851744890213
v -0.02437071800231938 2.2776682531833647 -0.6212761580944062
v -0.10195206403732304 2.2776682531833647 -0.7664207100868226
v -0.20635901689529423 2.2776682531833647 -0.8936409831047059
v -0.33357928991317753 2.2776682531833647 -0.998047935962677
v -0.4787238419055939 2.2776682531833647 -1.0756292819976807
v -0.6362148255109787 2.2776682531833647 -1.1234036564826966
v -0.7999999999999999 2.2776682531833647 -1.139535117149353
v -0.9637851744890213 2.2776682531833647 -1.1234036564826966
v -1.1212761580944062 2.2776682531833647 -1.0756292819976807
v -1.2664207100868226 2.2776682531833647 -0.998047935962677
v -1.3936409831047059 2.2776682531833647 -0.8936409831047059
v -1.498047935962677 2.2776682531833647 -0.7664207100868226
v -1.5756292819976807 2.2776682531833647 -0.6212761580944062
v -1.6234036564826966 2.2776682531833647 -0.4637851744890213
v -1.639535117149353 2.2776682531833647 -0.3000000000000002
v -1.6083980679512024 2.158348717689514 -0.3
v -1.5928649187088013 2.158348717689514 -0.14228937327861785
v -1.5468624114990235 2.158348717689514 0.009360533952713024
v -1.472158420085907 2.158348717689514 0.14912189245224
v -1.3716237425804139 2.158348717689514 0.27162374258041383
v -1.24912189245224 2.158348717689514 0.372158420085907
v -1.109360533952713 2.158348717689514 0.44686241149902345
v -0.9577106267213822 2.158348717689514 0.4928649187088013
v -0.8 2.158348717689514 0.5083980679512023
v -0.6422893732786179 2.158348717689514 0.4928649187088013
v -0.49063946604728703 2.158348717689514 0.44686241149902345
v -0.35087810754776005 2.158348717689514 0.372158420085907
v -0.22837625741958623 2.158348717689514 0.27162374258041383
v -0.12784157991409306 2.158348717689514 0.14912189245224
v -0.05313758850097661 2.158348717689514 0.009360533952713024
v -0.007135081291198775 2.158348717689514 -0.14228937327861785
v 0.008398067951202348 2.158348717689514 -0.2999999999999999
v -0.007135081291198775 2.158348717689514 -0.45771062672138213
v -0.05313758850097661 2.158348717689514 -0.6093605339527131
v -0.12784157991409306 2.158348717689514 -0.74912189245224
v -0.22837625741958623 2.158348717689514 -0.8716237425804139
v -0.35087810754776005 2.158348717689514 -0.972158420085907
v -0.49063946604728703 2.158348717689514 -1.0468624114990235
v -0.6422893732786179 2.158348717689514 -1.0928649187088013
v -0.7999999999999999 2.158348717689514 -1.1083980679512024
v -0.9577106267213822 2.158348717689514 -1.0928649187088013
v -1.109360533952713 2.158348717689514 -1.0468624114990235
v -1.24912189245224 2.158348717689514 -0.972158420085907
v -1.3716237425804139 2.158348717689514 -0.8716237425804139
v -1.472158420085907 2.158348717689514 -0.74912189245224
v -1.5468624114990235 2.158348717689514 -0.6093605339527131
v -1.5928649187088013 2.158348717689514 -0.45771062672138213
v -1.6083980679512024 2.158348717689514 -0.3000000000000002
v -1.557355570793152 2.044979438781738 -0.3
v -1.542803156375885 2.044979438781738 -0.15224726796150206
v -1.4997053027153016 2.044979438781738 -0.010172593593597401
v -1.4297181248664856 2.044979438781738 0.12076420783996583
v -1.335531222820282 2.044979438781738 0.235531222820282
v -1.2207642078399659 2.044979438781738 0.3297181248664856
v -1.0898274064064026 2.044979438781738 0.3997053027153015
v -0.947752732038498 2.044979438781738 0.442803156375885
v -0.8 2.044979438781738 0.45735557079315187
v -0.6522472679615021 2.044979438781738 0.442803156375885
v -0.5101725935935975 2.044979438781738 0.3997053027153015
v -0.3792357921600342 2.044979438781738 0.3297181248664856
v -0.26446877717971806 2.044979438781738 0.235531222820282
v -0.17028187513351445 2.044979438781738 0.12076420783996583
v -0.10029469728469853 2.044979438781738 -0.010172593593597401
v -0.057196843624115035 2.044979438781738 -0.15224726796150206
v -0.04264442920684819 2.044979438781738 -0.2999999999999999
v -0.057196843624115035 2.044979438781738 -0.4477527320384979
v -0.10029469728469853 2.044979438781738 -0.5898274064064026
v -0.17028187513351445 2.044979438781738 -0.7207642078399659
v -0.26446877717971806 2.044979438781738 -0.835531222820282
v -0.3792357921600342 2.044979438781738 -0.9297181248664856
v -0.5101725935935975 2.044979438781738 -0.9997053027153016
v -0.6522472679615021 2.044979438781738 -1.042803156375885
v -0.7999999999999999 2.044979438781738 -1.057355570793152
v -0.947752732038498 2.044979438781738 -1.042803156375885
v -1.0898274064064026 2.044979438781738 -0.9997053027153016
v -1.2207642078399659 2.044979438781738 -0.9297181248664856
v -1.335531222820282 2.044979438781738 -0.835531222820282
v -1.4297181248664856 2.044979438781738 -0.7207642078399659
v -1.4997053027153016 2.044979438781738 -0.5898274064064026
v -1.542803156375885 2.044979438781738 -0.4477527320384979
v -1.557355570793152 2.044979438781738 -0.30000000000000016
v -1.4876644492149353 1.9403519392013548 -0.3
v -1.4744511723518372 1.9403519392013548 -0.16584332585334777
v -1.4353191137313843 1.9403519392013548 -0.03684221506118773
v -1.3717720985412598 1.9403519392013548 0.08204589486122132
v -1.2862521886825562 1.9403519392013548 0.18625218868255616
v -1.1820458948612214 1.9403519392013548 0.2717720985412598
v -1.0631577849388123 1.9403519392013548 0.3353191137313843
v -0.9341566741466523 1.9403519392013548 0.37445117235183717
v -0.8 1.9403519392013548 0.3876644492149353
v -0.6658433258533478 1.9403519392013548 0.37445117235183717
v -0.5368422150611878 1.9403519392013548 0.3353191137313843
v -0.41795410513877873 1.9403519392013548 0.2717720985412598
v -0.3137478113174439 1.9403519392013548 0.18625218868255616
v -0.22822790145874028 1.9403519392013548 0.08204589486122132
v -0.16468088626861577 1.9403519392013548 -0.03684221506118773
v -0.1255488276481629 1.9403519392013548 -0.16584332585334777
v -0.11233555078506474 1.9403519392013548 -0.2999999999999999
v -0.1255488276481629 1.9403519392013548 -0.4341566741466522
v -0.16468088626861577 1.9403519392013548 -0.5631577849388123
v -0.22822790145874028 1.9403519392013548 -0.6820458948612214
v -0.3137478113174439 1.9403519392013548 -0.7862521886825562
v -0.41795410513877873 1.9403519392013548 -0.8717720985412598
v -0.5368422150611878 1.9403519392013548 -0.9353191137313843
v -0.6658433258533478 1.9403519392013548 -0.9744511723518372
v -0.7999999999999999 1.9403519392013548 -0.9876644492149353
v -0.9341566741466523 1.9403519392013548 -0.9744511723518372
v -1.0631577849388123 1.9403519392013548 -0.9353191137313843
v -1.1820458948612214 1.9403519392013548 -0.8717720985412598
v -1.2862521886825562 1.9403519392013548 -0.7862521886825562
v -1.3717720985412598 1.9403519392013548 -0.6820458948612214
v -1.4353191137313843 1.9403519392013548 -0.5631577849388123
v -1.4744511723518372 1.9403519392013548 -0.4341566741466522
v -1.4876644492149353 1.9403519392013548 -0.30000000000000016
v -1.401040780544281 1.8470424818992615 -0.3
v -1.3894919633865357 1.8470424818992615 -0.18274276256561278
v -1.3552892684936524 1.8470424818992615 -0.0699916511774063
v -1.2997471272945404 1.8470424818992615 0.03392035961151124
v -1.225000011920929 1.8470424818992615 0.12500001192092897
v -1.1339203596115113 1.8470424818992615 0.19974712729454042
v -1.0300083488225937 1.8470424818992615 0.25528926849365235
v -0.9172572374343873 1.8470424818992615 0.28949196338653566
v -0.8 1.8470424818992615 0.301040780544281
v -0.6827427625656128 1.8470424818992615 0.28949196338653566
v -0.5699916511774064 1.8470424818992615 0.25528926849365235
v -0.4660796403884888 1.8470424818992615 0.19974712729454042
v -0.3749999880790711 1.8470424818992615 0.12500001192092897
v -0.30025287270545964 1.8470424818992615 0.03392035961151124
v -0.2447107315063477 1.8470424818992615 -0.0699916511774063
v -0.2105080366134644 1.8470424818992615 -0.18274276256561278
v -0.19895921945571904 1.8470424818992615 -0.29999999999999993
v -0.2105080366134644 1.8470424818992615 -0.4172572374343872
v -0.2447107315063477 1.8470424818992615 -0.5300083488225937
v -0.30025287270545964 1.8470424818992615 -0.6339203596115113
v -0.3749999880790711 1.8470424818992615 -0.725000011920929
v -0.4660796403884888 1.8470424818992615 -0.7997471272945404
v -0.5699916511774064 1.8470424818992615 -0.8552892684936524
v -0.6827427625656128 1.8470424818992615 -0.8894919633865357
v -0.7999999999999999 1.8470424818992615 -0.901040780544281
v -0.9172572374343873 1.8470424818992615 -0.8894919633865357
v -1.0300083488225937 1.8470424818992615 -0.8552892684936524
v -1.1339203596115113 1.8470424818992615 -0.7997471272945404
v -1.225000011920929 1.8470424818992615 -0.725000011920929
v -1.2997471272945404 1.8470424818992615 -0.6339203596115113
v -1.3552892684936524 1.8470424818992615 -0.5300083488225937
v -1.3894919633865357 1.8470424818992615 -0.4172572374343872
v -1.401040780544281 1.8470424818992615 -0.30000000000000016
v -1.2996174573898316 1.7673487067222595 -0.3
v -1.29001744389534 1.7673487067222595 -0.2025294706225395
v -1.261586356163025 1.7673487067222595 -0.1088046759366989
v -1.2154167473316193 1.7673487067222595 -0.022427397966384877
v -1.1532828986644745 1.7673487067222595 0.0532828986644745
v -1.0775726020336152 1.7673487067222595 0.11541674733161927
v -0.9911953240633011 1.7673487067222595 0.1615863561630249
v -0.8974705293774605 1.7673487067222595 0.19001744389533998
v -0.8 1.7673487067222595 0.19961745738983155
v -0.7025294706225396 1.7673487067222595 0.19001744389533998
v -0.608804675936699 1.7673487067222595 0.1615863561630249
v -0.5224273979663849 1.7673487067222595 0.11541674733161927
v -0.44671710133552556 1.7673487067222595 0.0532828986644745
v -0.3845832526683808 1.7673487067222595 -0.022427397966384877
v -0.33841364383697514 1.7673487067222595 -0.1088046759366989
v -0.3099825561046601 1.7673487067222595 -0.2025294706225395
v -0.3003825426101685 1.7673487067222595 -0.29999999999999993
v -0.3099825561046601 1.7673487067222595 -0.39747052937746047
v -0.33841364383697514 1.7673487067222595 -0.4911953240633011
v -0.3845832526683808 1.7673487067222595 -0.5775726020336152
v -0.44671710133552556 1.7673487067222595 -0.6532828986644745
v -0.5224273979663849 1.7673487067222595 -0.7154167473316193
v -0.608804675936699 1.7673487067222595 -0.761586356163025
v -0.7025294706225396 1.7673487067222595 -0.79001744389534
v -0.7999999999999999 1.7673487067222595 -0.7996174573898316
v -0.8974705293774605 1.7673487067222595 -0.79001744389534
v -0.9911953240633011 1.7673487067222595 -0.761586356163025
v -1.0775726020336152 1.7673487067222595 -0.7154167473316193
v -1.1532828986644745 1.7673487067222595 -0.6532828986644745
v -1.2154167473316193 1.7673487067222595 -0.5775726020336152
v -1.261586356163025 1.7673487067222595 -0.4911953240633011
v -1.29001744389534 1.7673487067222595 -0.39747052937746047
v -1.2996174573898316 1.7673487067222595 -0.3000000000000001
v -1.1858919143676758 1.7032328748703 -0.3
v -1.1784771263599396 1.7032328748703 -0.22471621930599212
v -1.156517642736435 1.7032328748703 -0.15232555866241454
v -1.1208574056625367 1.7032328748703 -0.08560993075370787
v -1.0728667855262757 1.7032328748703 -0.027133214473724354
v -1.0143900692462922 1.7032328748703 0.020857405662536632
v -0.9476744413375855 1.7032328748703 0.05651764273643495
v -0.8752837806940079 1.7032328748703 0.07847712635993959
v -0.8 1.7032328748703 0.08589191436767579
v -0.7247162193059922 1.7032328748703 0.07847712635993959
v -0.6523255586624146 1.7032328748703 0.05651764273643495
v -0.5856099307537079 1.7032328748703 0.020857405662536632
v -0.5271332144737244 1.7032328748703 -0.027133214473724354
v -0.4791425943374634 1.7032328748703 -0.08560993075370787
v -0.4434823572635651 1.7032328748703 -0.15232555866241454
v -0.42152287364006047 1.7032328748703 -0.22471621930599212
v -0.41410808563232426 1.7032328748703 -0.29999999999999993
v -0.42152287364006047 1.7032328748703 -0.37528378069400786
v -0.4434823572635651 1.7032328748703 -0.44767444133758544
v -0.4791425943374634 1.7032328748703 -0.5143900692462922
v -0.5271332144737244 1.7032328748703 -0.5728667855262757
v -0.5856099307537079 1.7032328748703 -0.6208574056625367
v -0.6523255586624146 1.7032328748703 -0.656517642736435
v -0.7247162193059922 1.7032328748703 -0.6784771263599396
v -0.7999999999999999 1.7032328748703 -0.6858919143676758
v -0.8752837806940079 1.7032328748703 -0.6784771263599396
v -0.9476744413375855 1.7032328748703 -0.656517642736435
v -1.0143900692462922 1.7032328748703 -0.6208574056625367
v -1.0728667855262757 1.7032328748703 -0.5728667855262757
v -1.1208574056625367 1.7032328748703 -0.5143900692462922
v -1.156517642736435 1.7032328748703 -0.44767444133758544
v -1.1784771263599396 1.7032328748703 -0.37528378069400786
v -1.1858919143676758 1.7032328748703 -0.3000000000000001
v -1.0626644372940064 1.6562737774848937 -0.3
v -1.0576174139976502 1.6562737774848937 -0.24875670969486235
v -1.0426702976226807 1.6562737774848937 -0.19948266744613646
v -1.0183974981307984 1.6562737774848937 -0.1540714532136917
v -0.9857318133115769 1.6562737774848937 -0.11426818668842315
v -0.9459285467863083 1.6562737774848937 -0.08160250186920165
v -0.9005173325538636 1.6562737774848937 -0.057329702377319325
v -0.8512432903051377 1.6562737774848937 -0.04238258600234984
v -0.8 1.6562737774848937 -0.03733556270599364
v -0.7487567096948624 1.6562737774848937 -0.04238258600234984
v -0.6994826674461365 1.6562737774848937 -0.057329702377319325
v -0.6540714532136918 1.6562737774848937 -0.08160250186920165
v -0.6142681866884232 1.6562737774848937 -0.11426818668842315
v -0.5816025018692017 1.6562737774848937 -0.1540714532136917
v -0.5573297023773194 1.6562737774848937 -0.19948266744613646
v -0.5423825860023499 1.6562737774848937 -0.24875670969486235
v -0.5373355627059937 1.6562737774848937 -0.29999999999999993
v -0.5423825860023499 1.6562737774848937 -0.3512432903051376
v -0.5573297023773194 1.6562737774848937 -0.4005173325538635
v -0.5816025018692017 1.6562737774848937 -0.4459285467863083
v -0.6142681866884232 1.6562737774848937 -0.48573181331157683
v -0.6540714532136918 1.6562737774848937 -0.5183974981307984
v -0.6994826674461365 1.6562737774848937 -0.5426702976226807
v -0.7487567096948624 1.6562737774848937 -0.5576174139976502
v -0.8 1.6562737774848937 -0.5626644372940064
v -0.8512432903051377 1.6562737774848937 -0.5576174139976502
v -0.9005173325538636 1.6562737774848937 -0.5426702976226807
v -0.9459285467863083 1.6562737774848937 -0.5183974981307984
v -0.9857318133115769 1.6562737774848937 -0.48573181331157683
v -1.0183974981307984 1.6562737774848937 -0.4459285467863083
v -1.0426702976226807 1.6562737774848937 -0.4005173325538635
v -1.0576174139976502 1.6562737774848937 -0.3512432903051376
v -1.0626644372940064 1.6562737774848937 -0.30000000000000004
v -0.9329692900180817 1.6276276922225952 -0.3
v -0.9304143220186234 1.6276276922225952 -0.27405897825956343
v -0.9228476092219353 1.6276276922225952 -0.24911485537886618
v -0.9105599254369736 1.6276276922225952 -0.22612621933221816
v -0.8940234884619713 1.6276276922225952 -0.2059765115380287
v -0.8738737806677819 1.6276276922225952 -0.18944007456302642
v -0.8508851446211338 1.6276276922225952 -0.17715239077806472
v -0.8259410217404366 1.6276276922225952 -0.16958567798137664
v -0.8 1.6276276922225952 -0.16703070998191832
v -0.7740589782595635 1.6276276922225952 -0.16958567798137664
v -0.7491148553788662 1.6276276922225952 -0.17715239077806472
v -0.7261262193322182 1.6276276922225952 -0.18944007456302642
v -0.7059765115380288 1.6276276922225952 -0.2059765115380287
v -0.6894400745630265 1.6276276922225952 -0.22612621933221816
v -0.6771523907780648 1.6276276922225952 -0.24911485537886618
v -0.6695856779813767 1.6276276922225952 -0.27405897825956343
v -0.6670307099819184 1.6276276922225952 -0.3
v -0.6695856779813767 1.6276276922225952 -0.32594102174043654
v -0.6771523907780648 1.6276276922225952 -0.3508851446211338
v -0.6894400745630265 1.6276276922225952 -0.3738737806677818
v -0.7059765115380288 1.6276276922225952 -0.39402348846197127
v -0.7261262193322182 1.6276276922225952 -0.41055992543697356
v -0.7491148553788662 1.6276276922225952 -0.42284760922193526
v -0.7740589782595635 1.6276276922225952 -0.43041432201862334
v -0.8 1.6276276922225952 -0.43296929001808165
v -0.8259410217404366 1.6276276922225952 -0.43041432201862334
v -0.8508851446211338 1.6276276922225952 -0.42284760922193526
v -0.8738737806677819 1.6276276922225952 -0.41055992543697356
v -0.8940234884619713 1.6276276922225952 -0.39402348846197127
v -0.9105599254369736 1.6276276922225952 -0.3738737806677818
v -0.9228476092219353 1.6276276922225952 -0.3508851446211338
v -0.9304143220186234 1.6276276922225952 -0.32594102174043654
v -0.9329692900180817 1.6276276922225952 -0.30000000000000004
v -0.8000000000000002 1.6179999780654906 -0.3
v -0.8000000000000002 1.6179999780654906 -0.3
v -0.8000000000000002 1.6179999780654906 -0.29999999999999993
v -0.8000000000000002 1.6179999780654906 -0.29999999999999993
v -0.8000000000000002 1.6179999780654906 -0.29999999999999993
v -0.8000000000000002 1.6179999780654906 -0.2999999999999999
v -0.8 1.6179999780654906 -0.2999999999999999
v -0.8 1.6179999780654906 -0.2999999999999999
v -0.8 1.6179999780654906 -0.2999999999999999
v -0.8 1.6179999780654906 -0.2999999999999999
v -0.8 1.6179999780654906 -0.2999999999999999
v -0.7999999999999999 1.6179999780654906 -0.2999999999999999
v -0.7999999999999999 1.6179999780654906 -0.29999999999999993
v -0.7999999999999999 1.6179999780654906 -0.29999999999999993
v -0.7999999999999999 1.6179999780654906 -0.29999999999999993
v -0.7999999999999999 1.6179999780654906 -0.3
v -0.7999999999999999 1.6179999780654906 -0.3
v -0.7999999999999999 1.6179999780654906 -0.3
v -0.7999999999999999 1.6179999780654906 -0.30000000000000004
v -0.7999999999999999 1.6179999780654906 -0.30000000000000004
v -0.7999999999999999 1.6179999780654906 -0.30000000000000004
v -0.7999999999999999 1.6179999780654906 -0.3000000000000001
v -0.8 1.6179999780654906 -0.3000000000000001
v -0.8 1.6179999780654906 -0.3000000000000001
v -0.8 1.6179999780654906 -0.3000000000000001
v -0.8 1.6179999780654906 -0.3000000000000001
v -0.8 1.6179999780654906 -0.3000000000000001
v -0.8000000000000002 1.6179999780654906 -0.3000000000000001
v -0.8000000000000002 1.6179999780654906 -0.30000000000000004
v -0.8000000000000002 1.6179999780654906 -0.30000000000000004
v -0.8000000000000002 1.6179999780654906 -0.30000000000000004
v -0.8000000000000002 1.6179999780654906 -0.3
v -0.8000000000000002 1.6179999780654906 -0.3
vt 0.015625 1
vt 0.046875 1
vt 0.078125 1
vt 0.109375 1
vt 0.140625 1
vt 0.171875 1
vt 0.203125 1
vt 0.234375 1
vt 0.265625 1
vt 0.296875 1
vt 0.328125 1
vt 0.359375 1
vt 0.390625 1
vt 0.421875 1
vt 0.453125 1
vt 0.484375 1
vt 0.515625 1
vt 0.546875 1
vt 0.578125 1
vt 0.609375 1
vt 0.640625 1
vt 0.671875 1
vt 0.703125 1
vt 0.734375 1
vt 0.765625 1
vt 0.796875 1
vt 0.828125 1
vt 0.859375 1
vt 0.890625 1
vt 0.921875 1
vt 0.953125 1
vt 0.984375 1
vt 1.015625 1
vt 0 0.949999988079071
vt 0.03125 0.949999988079071
vt 0.0625 0.949999988079071
vt 0.09375 0.949999988079071
vt 0.125 0.949999988079071
vt 0.15625 0.949999988079071
vt 0.1875 0.949999988079071
vt 0.21875 0.949999988079071
vt 0.25 0.949999988079071
vt 0.28125 0.949999988079071
vt 0.3125 0.949999988079071
vt 0.34375 0.949999988079071
vt 0.375 0.949999988079071
vt 0.40625 0.949999988079071
vt 0.4375 0.949999988079071
vt 0.46875 0.949999988079071
vt 0.5 0.949999988079071
vt 0.53125 0.949999988079071
vt 0.5625 0.949999988079071
vt 0.59375 0.949999988079071
vt 0.625 0.949999988079071
vt 0.65625 0.949999988079071
vt 0.6875 0.949999988079071
vt 0.71875 0.949999988079071
vt 0.75 0.949999988079071
vt 0.78125 0.949999988079071
vt 0.8125 0.949999988079071
vt 0.84375 0.949999988079071
vt 0.875 0.949999988079071
vt 0.90625 0.949999988079071
vt 0.9375 0.949999988079071
vt 0.96875 0.949999988079071
vt 1 0.949999988079071
vt 0 0.8999999761581421
vt 0.03125 0.8999999761581421
vt 0.0625 0.8999999761581421
vt 0.09375 0.8999999761581421
vt 0.125 0.8999999761581421
vt 0.15625 0.8999999761581421
vt 0.1875 0.8999999761581421
vt 0.21875 0.8999999761581421
vt 0.25 0.8999999761581421
vt 0.28125 0.8999999761581421
vt 0.3125 0.8999999761581421
vt 0.34375 0.8999999761581421
vt 0.375 0.8999999761581421
vt 0.40625 0.8999999761581421
vt 0.4375 0.8999999761581421
vt 0.46875 0.8999999761581421
vt 0.5 0.8999999761581421
vt 0.53125 0.8999999761581421
vt 0.5625 0.8999999761581421
vt 0.59375 0.8999999761581421
vt 0.625 0.8999999761581421
vt 0.65625 0.8999999761581421
vt 0.6875 0.8999999761581421
vt 0.71875 0.8999999761581421
vt 0.75 0.8999999761581421
vt 0.78125 0.8999999761581421
vt 0.8125 0.8999999761581421
vt 0.84375 0.8999999761581421
vt 0.875 0.8999999761581421
vt 0.90625 0.8999999761581421
vt 0.9375 0.8999999761581421
vt 0.96875 0.8999999761581421
vt 1 0.8999999761581421
vt 0 0.8500000238418579
vt 0.03125 0.8500000238418579
vt 0.0625 0.8500000238418579
vt 0.09375 0.8500000238418579
vt 0.125 0.8500000238418579
vt 0.15625 0.8500000238418579
vt 0.1875 0.8500000238418579
vt 0.21875 0.8500000238418579
vt 0.25 0.8500000238418579
vt 0.28125 0.8500000238418579
vt 0.3125 0.8500000238418579
vt 0.34375 0.8500000238418579
vt 0.375 0.8500000238418579
vt 0.40625 0.8500000238418579
vt 0.4375 0.8500000238418579
vt 0.46875 0.8500000238418579
vt 0.5 0.8500000238418579
vt 0.53125 0.8500000238418579
vt 0.5625 0.8500000238418579
vt 0.59375 0.8500000238418579
vt 0.625 0.8500000238418579
vt 0.65625 0.8500000238418579
vt 0.6875 0.8500000238418579
vt 0.71875 0.8500000238418579
vt 0.75 0.8500000238418579
vt 0.78125 0.8500000238418579
vt 0.8125 0.8500000238418579
vt 0.84375 0.8500000238418579
vt 0.875 0.8500000238418579
vt 0.90625 0.8500000238418579
vt 0.9375 0.8500000238418579
vt 0.96875 0.8500000238418579
vt 1 0.8500000238418579
vt 0 0.800000011920929
vt 0.03125 0.800000011920929
vt 0.0625 0.800000011920929
vt 0.09375 0.800000011920929
vt 0.125 0.800000011920929
vt 0.15625 0.800000011920929
vt 0.1875 0.800000011920929
vt 0.21875 0.800000011920929
vt 0.25 0.800000011920929
vt 0.28125 0.800000011920929
vt 0.3125 0.800000011920929
vt 0.34375 0.800000011920929
vt 0.375 0.800000011920929
vt 0.40625 0.800000011920929
vt 0.4375 0.800000011920929
vt 0.46875 0.800000011920929
vt 0.5 0.800000011920929
vt 0.53125 0.800000011920929
vt 0.5625 0.800000011920929
vt 0.59375 0.800000011920929
vt 0.625 0.800000011920929
vt 0.65625 0.800000011920929
vt 0.6875 0.800000011920929
vt 0.71875 0.800000011920929
vt 0.75 0.800000011920929
vt 0.78125 0.800000011920929
vt 0.8125 0.800000011920929
vt 0.84375 0.800000011920929
vt 0.875 0.800000011920929
vt 0.90625 0.800000011920929
vt 0.9375 0.800000011920929
vt 0.96875 0.800000011920929
vt 1 0.800000011920929
vt 0 0.75
vt 0.03125 0.75
vt 0.0625 0.75
vt 0.09375 0.75
vt 0.125 0.75
vt 0.15625 0.75
vt 0.1875 0.75
vt 0.21875 0.75
vt 0.25 0.75
vt 0.28125 0.75
vt 0.3125 0.75
vt 0.34375 0.75
vt 0.375 0.75
vt 0.40625 0.75
vt 0.4375 0.75
vt 0.46875 0.75
vt 0.5 0.75
vt 0.53125 0.75
vt 0.5625 0.75
vt 0.59375 0.75
vt 0.625 0.75
vt 0.65625 0.75
vt 0.6875 0.75
vt 0.71875 0.75
vt 0.75 0.75
vt 0.78125 0.75
vt 0.8125 0.75
vt 0.84375 0.75
vt 0.875 0.75
vt 0.90625 0.75
vt 0.9375 0.75
vt 0.96875 0.75
vt 1 0.75
vt 0 0.699999988079071
vt 0.03125 0.699999988079071
vt 0.0625 0.699999988079071
vt 0.09375 0.699999988079071
vt 0.125 0.699999988079071
vt 0.15625 0.699999988079071
vt 0.1875 0.699999988079071
vt 0.21875 0.699999988079071
vt 0.25 0.699999988079071
vt 0.28125 0.699999988079071
vt 0.3125 0.699999988079071
vt 0.34375 0.699999988079071
vt 0.375 0.699999988079071
vt 0.40625 0.699999988079071
vt 0.4375 0.699999988079071
vt 0.46875 0.699999988079071
vt 0.5 0.699999988079071
vt 0.53125 0.699999988079071
vt 0.5625 0.699999988079071
vt 0.59375 0.699999988079071
vt 0.625 0.699999988079071
vt 0.65625 0.699999988079071
vt 0.6875 0.699999988079071
vt 0.71875 0.699999988079071
vt 0.75 0.699999988079071
vt 0.78125 0.699999988079071
vt 0.8125 0.699999988079071
vt 0.84375 0.699999988079071
vt 0.875 0.699999988079071
vt 0.90625 0.699999988079071
vt 0.9375 0.699999988079071
vt 0.96875 0.699999988079071
vt 1 0.699999988079071
vt 0 0.6499999761581421
vt 0.03125 0.6499999761581421
vt 0.0625 0.6499999761581421
vt 0.09375 0.6499999761581421
vt 0.125 0.6499999761581421
vt 0.15625 0.6499999761581421
vt 0.1875 0.6499999761581421
vt 0.21875 0.6499999761581421
vt 0.25 0.6499999761581421
vt 0.28125 0.6499999761581421
vt 0.3125 0.6499999761581421
vt 0.34375 0.6499999761581421
vt 0.375 0.6499999761581421
vt 0.40625 0.6499999761581421
vt 0.4375 0.6499999761581421
vt 0.46875 0.6499999761581421
vt 0.5 0.6499999761581421
vt 0.53125 0.6499999761581421
vt 0.5625 0.6499999761581421
vt 0.59375 0.6499999761581421
vt 0.625 0.6499999761581421
vt 0.65625 0.6499999761581421
vt 0.6875 0.6499999761581421
vt 0.71875 0.6499999761581421
vt 0.75 0.6499999761581421
vt 0.78125 0.6499999761581421
vt 0.8125 0.6499999761581421
vt 0.84375 0.6499999761581421
vt 0.875 0.6499999761581421
vt 0.90625 0.6499999761581421
vt 0.9375 0.6499999761581421
vt 0.96875 0.6499999761581421
vt 1 0.6499999761581421
vt 0 0.6000000238418579
vt 0.03125 0.6000000238418579
vt 0.0625 0.6000000238418579
vt 0.09375 0.6000000238418579
vt 0.125 0.6000000238418579
vt 0.15625 0.6000000238418579
vt 0.1875 0.6000000238418579
vt 0.21875 0.6000000238418579
vt 0.25 0.6000000238418579
vt 0.28125 0.6000000238418579
vt 0.3125 0.6000000238418579
vt 0.34375 0.6000000238418579
vt 0.375 0.6000000238418579
vt 0.40625 0.6000000238418579
vt 0.4375 0.6000000238418579
vt 0.46875 0.6000000238418579
vt 0.5 0.6000000238418579
vt 0.53125 0.6000000238418579
vt 0.5625 0.6000000238418579
vt 0.59375 0.6000000238418579
vt 0.625 0.6000000238418579
vt 0.65625 0.6000000238418579
vt 0.6875 0.6000000238418579
vt 0.71875 0.6000000238418579
vt 0.75 0.6000000238418579
vt 0.78125 0.6000000238418579
vt 0.8125 0.6000000238418579
vt 0.84375 0.6000000238418579
vt 0.875 0.6000000238418579
vt 0.90625 0.6000000238418579
vt 0.9375 0.6000000238418579
vt 0.96875 0.6000000238418579
vt 1 0.6000000238418579
vt 0 0.550000011920929
vt 0.03125 0.550000011920929
vt 0.0625 0.550000011920929
vt 0.09375 0.550000011920929
vt 0.125 0.550000011920929
vt 0.15625 0.550000011920929
vt 0.1875 0.550000011920929
vt 0.21875 0.550000011920929
vt 0.25 0.550000011920929
vt 0.28125 0.550000011920929
vt 0.3125 0.550000011920929
vt 0.34375 0.550000011920929
vt 0.375 0.550000011920929
vt 0.40625 0.550000011920929
vt 0.4375 0.550000011920929
vt 0.46875 0.550000011920929
vt 0.5 0.550000011920929
vt 0.53125 0.550000011920929
vt 0.5625 0.550000011920929
vt 0.59375 0.550000011920929
vt 0.625 0.550000011920929
vt 0.65625 0.550000011920929
vt 0.6875 0.550000011920929
vt 0.71875 0.550000011920929
vt 0.75 0.550000011920929
vt 0.78125 0.550000011920929
vt 0.8125 0.550000011920929
vt 0.84375 0.550000011920929
vt 0.875 0.550000011920929
vt 0.90625 0.550000011920929
vt 0.9375 0.550000011920929
vt 0.96875 0.550000011920929
vt 1 0.550000011920929
vt 0 0.5
vt 0.03125 0.5
vt 0.0625 0.5
vt 0.09375 0.5
vt 0.125 0.5
vt 0.15625 0.5
vt 0.1875 0.5
vt 0.21875 0.5
vt 0.25 0.5
vt 0.28125 0.5
vt 0.3125 0.5
vt 0.34375 0.5
vt 0.375 0.5
vt 0.40625 0.5
vt 0.4375 0.5
vt 0.46875 0.5
vt 0.5 0.5
vt 0.53125 0.5
vt 0.5625 0.5
vt 0.59375 0.5
vt 0.625 0.5
vt 0.65625 0.5
vt 0.6875 0.5
vt 0.71875 0.5
vt 0.75 0.5
vt 0.78125 0.5
vt 0.8125 0.5
vt 0.84375 0.5
vt 0.875 0.5
vt 0.90625 0.5
vt 0.9375 0.5
vt 0.96875 0.5
vt 1 0.5
vt 0 0.44999998807907104
vt 0.03125 0.44999998807907104
vt 0.0625 0.44999998807907104
vt 0.09375 0.44999998807907104
vt 0.125 0.44999998807907104
vt 0.15625 0.44999998807907104
vt 0.1875 0.44999998807907104
vt 0.21875 0.44999998807907104
vt 0.25 0.44999998807907104
vt 0.28125 0.44999998807907104
vt 0.3125 0.44999998807907104
vt 0.34375 0.44999998807907104
vt 0.375 0.44999998807907104
vt 0.40625 0.44999998807907104
vt 0.4375 0.44999998807907104
vt 0.46875 0.44999998807907104
vt 0.5 0.44999998807907104
vt 0.53125 0.44999998807907104
vt 0.5625 0.44999998807907104
vt 0.59375 0.44999998807907104
vt 0.625 0.44999998807907104
vt 0.65625 0.44999998807907104
vt 0.6875 0.44999998807907104
vt 0.71875 0.44999998807907104
vt 0.75 0.44999998807907104
vt 0.78125 0.44999998807907104
vt 0.8125 0.44999998807907104
vt 0.84375 0.44999998807907104
vt 0.875 0.44999998807907104
vt 0.90625 0.44999998807907104
vt 0.9375 0.44999998807907104
vt 0.96875 0.44999998807907104
vt 1 0.44999998807907104
vt 0 0.4000000059604645
vt 0.03125 0.4000000059604645
vt 0.0625 0.4000000059604645
vt 0.09375 0.4000000059604645
vt 0.125 0.4000000059604645
vt 0.15625 0.4000000059604645
vt 0.1875 0.4000000059604645
vt 0.21875 0.4000000059604645
vt 0.25 0.4000000059604645
vt 0.28125 0.4000000059604645
vt 0.3125 0.4000000059604645
vt 0.34375 0.4000000059604645
vt 0.375 0.4000000059604645
vt 0.40625 0.4000000059604645
vt 0.4375 0.4000000059604645
vt 0.46875 0.4000000059604645
vt 0.5 0.4000000059604645
vt 0.53125 0.4000000059604645
vt 0.5625 0.4000000059604645
vt 0.59375 0.4000000059604645
vt 0.625 0.4000000059604645
vt 0.65625 0.4000000059604645
vt 0.6875 0.4000000059604645
vt 0.71875 0.4000000059604645
vt 0.75 0.4000000059604645
vt 0.78125 0.4000000059604645
vt 0.8125 0.4000000059604645
vt 0.84375 0.4000000059604645
vt 0.875 0.4000000059604645
vt 0.90625 0.4000000059604645
vt 0.9375 0.4000000059604645
vt 0.96875 0.4000000059604645
vt 1 0.4000000059604645
vt 0 0.3499999940395355
vt 0.03125 0.3499999940395355
vt 0.0625 0.3499999940395355
vt 0.09375 0.3499999940395355
vt 0.125 0.3499999940395355
vt 0.15625 0.3499999940395355
vt 0.1875 0.3499999940395355
vt 0.21875 0.3499999940395355
vt 0.25 0.3499999940395355
vt 0.28125 0.3499999940395355
vt 0.3125 0.3499999940395355
vt 0.34375 0.3499999940395355
vt 0.375 0.3499999940395355
vt 0.40625 0.3499999940395355
vt 0.4375 0.3499999940395355
vt 0.46875 0.3499999940395355
vt 0.5 0.3499999940395355
vt 0.53125 0.3499999940395355
vt 0.5625 0.3499999940395355
vt 0.59375 0.3499999940395355
vt 0.625 0.3499999940395355
vt 0.65625 0.3499999940395355
vt 0.6875 0.3499999940395355
vt 0.71875 0.3499999940395355
vt 0.75 0.3499999940395355
vt 0.78125 0.3499999940395355
vt 0.8125 0.3499999940395355
vt 0.84375 0.3499999940395355
vt 0.875 0.3499999940395355
vt 0.90625 0.3499999940395355
vt 0.9375 0.3499999940395355
vt 0.96875 0.3499999940395355
vt 1 0.3499999940395355
vt 0 0.30000001192092896
vt 0.03125 0.30000001192092896
vt 0.0625 0.30000001192092896
vt 0.09375 0.30000001192092896
vt 0.125 0.30000001192092896
vt 0.15625 0.30000001192092896
vt 0.1875 0.30000001192092896
vt 0.21875 0.30000001192092896
vt 0.25 0.30000001192092896
vt 0.28125 0.30000001192092896
vt 0.3125 0.30000001192092896
vt 0.34375 0.30000001192092896
vt 0.375 0.30000001192092896
vt 0.40625 0.30000001192092896
vt 0.4375 0.30000001192092896
vt 0.46875 0.30000001192092896
vt 0.5 0.30000001192092896
vt 0.53125 0.30000001192092896
vt 0.5625 0.30000001192092896
vt 0.59375 0.30000001192092896
vt 0.625 0.30000001192092896
vt 0.65625 0.30000001192092896
vt 0.6875 0.30000001192092896
vt 0.71875 0.30000001192092896
vt 0.75 0.30000001192092896
vt 0.78125 0.30000001192092896
vt 0.8125 0.30000001192092896
vt 0.84375 0.30000001192092896
vt 0.875 0.30000001192092896
vt 0.90625 0.30000001192092896
vt 0.9375 0.30000001192092896
vt 0.96875 0.30000001192092896
vt 1 0.30000001192092896
vt 0 0.25
vt 0.03125 0.25
vt 0.0625 0.25
vt 0.09375 0.25
vt 0.125 0.25
vt 0.15625 0.25
vt 0.1875 0.25
vt 0.21875 0.25
vt 0.25 0.25
vt 0.28125 0.25
vt 0.3125 0.25
vt 0.34375 0.25
vt 0.375 0.25
vt 0.40625 0.25
vt 0.4375 0.25
vt 0.46875 0.25
vt 0.5 0.25
vt 0.53125 0.25
vt 0.5625 0.25
vt 0.59375 0.25
vt 0.625 0.25
vt 0.65625 0.25
vt 0.6875 0.25
vt 0.71875 0.25
vt 0.75 0.25
vt 0.78125 0.25
vt 0.8125 0.25
vt 0.84375 0.25
vt 0.875 0.25
vt 0.90625 0.25
vt 0.9375 0.25
vt 0.96875 0.25
vt 1 0.25
vt 0 0.20000000298023224
vt 0.03125 0.20000000298023224
vt 0.0625 0.20000000298023224
vt 0.09375 0.20000000298023224
vt 0.125 0.20000000298023224
vt 0.15625 0.20000000298023224
vt 0.1875 0.20000000298023224
vt 0.21875 0.20000000298023224
vt 0.25 0.20000000298023224
vt 0.28125 0.20000000298023224
vt 0.3125 0.20000000298023224
vt 0.34375 0.20000000298023224
vt 0.375 0.20000000298023224
vt 0.40625 0.20000000298023224
vt 0.4375 0.20000000298023224
vt 0.46875 0.20000000298023224
vt 0.5 0.20000000298023224
vt 0.53125 0.20000000298023224
vt 0.5625 0.20000000298023224
vt 0.59375 0.20000000298023224
vt 0.625 0.20000000298023224
vt 0.65625 0.20000000298023224
vt 0.6875 0.20000000298023224
vt 0.71875 0.20000000298023224
vt 0.75 0.20000000298023224
vt 0.78125 0.20000000298023224
vt 0.8125 0.20000000298023224
vt 0.84375 0.20000000298023224
vt 0.875 0.20000000298023224
vt 0.90625 0.20000000298023224
vt 0.9375 0.20000000298023224
vt 0.96875 0.20000000298023224
vt 1 0.20000000298023224
vt 0 0.15000000596046448
vt 0.03125 0.15000000596046448
vt 0.0625 0.15000000596046448
vt 0.09375 0.15000000596046448
vt 0.125 0.15000000596046448
vt 0.15625 0.15000000596046448
vt 0.1875 0.15000000596046448
vt 0.21875 0.15000000596046448
vt 0.25 0.15000000596046448
vt 0.28125 0.15000000596046448
vt 0.3125 0.15000000596046448
vt 0.34375 0.15000000596046448
vt 0.375 0.15000000596046448
vt 0.40625 0.15000000596046448
vt 0.4375 0.15000000596046448
vt 0.46875 0.15000000596046448
vt 0.5 0.15000000596046448
vt 0.53125 0.15000000596046448
vt 0.5625 0.15000000596046448
vt 0.59375 0.15000000596046448
vt 0.625 0.15000000596046448
vt 0.65625 0.15000000596046448
vt 0.6875 0.15000000596046448
vt 0.71875 0.15000000596046448
vt 0.75 0.15000000596046448
vt 0.78125 0.15000000596046448
vt 0.8125 0.15000000596046448
vt 0.84375 0.15000000596046448
vt 0.875 0.15000000596046448
vt 0.90625 0.15000000596046448
vt 0.9375 0.15000000596046448
vt 0.96875 0.15000000596046448
vt 1 0.15000000596046448
vt 0 0.10000000149011612
vt 0.03125 0.10000000149011612
vt 0.0625 0.10000000149011612
vt 0.09375 0.10000000149011612
vt 0.125 0.10000000149011612
vt 0.15625 0.10000000149011612
vt 0.1875 0.10000000149011612
vt 0.21875 0.10000000149011612
vt 0.25 0.10000000149011612
vt 0.28125 0.10000000149011612
vt 0.3125 0.10000000149011612
vt 0.34375 0.10000000149011612
vt 0.375 0.10000000149011612
vt 0.40625 0.10000000149011612
vt 0.4375 0.10000000149011612
vt 0.46875 0.10000000149011612
vt 0.5 0.10000000149011612
vt 0.53125 0.10000000149011612
vt 0.5625 0.10000000149011612
vt 0.59375 0.10000000149011612
vt 0.625 0.10000000149011612
vt 0.65625 0.10000000149011612
vt 0.6875 0.10000000149011612
vt 0.71875 0.10000000149011612
vt 0.75 0.10000000149011612
vt 0.78125 0.10000000149011612
vt 0.8125 0.10000000149011612
vt 0.84375 0.10000000149011612
vt 0.875 0.10000000149011612
vt 0.90625 0.10000000149011612
vt 0.9375 0.10000000149011612
vt 0.96875 0.10000000149011612
vt 1 0.10000000149011612
vt 0 0.05000000074505806
vt 0.03125 0.05000000074505806
vt 0.0625 0.05000000074505806
vt 0.09375 0.05000000074505806
vt 0.125 0.05000000074505806
vt 0.15625 0.05000000074505806
vt 0.1875 0.05000000074505806
vt 0.21875 0.05000000074505806
vt 0.25 0.05000000074505806
vt 0.28125 0.05000000074505806
vt 0.3125 0.05000000074505806
vt 0.34375 0.05000000074505806
vt 0.375 0.05000000074505806
vt 0.40625 0.05000000074505806
vt 0.4375 0.05000000074505806
vt 0.46875 0.05000000074505806
vt 0.5 0.05000000074505806
vt 0.53125 0.05000000074505806
vt 0.5625 0.05000000074505806
vt 0.59375 0.05000000074505806
vt 0.625 0.05000000074505806
vt 0.65625 0.05000000074505806
vt 0.6875 0.05000000074505806
vt 0.71875 0.05000000074505806
vt 0.75 0.05000000074505806
vt 0.78125 0.05000000074505806
vt 0.8125 0.05000000074505806
vt 0.84375 0.05000000074505806
vt 0.875 0.05000000074505806
vt 0.90625 0.05000000074505806
vt 0.9375 0.05000000074505806
vt 0.96875 0.05000000074505806
vt 1 0.05000000074505806
vt -0.015625 0
vt 0.015625 0
vt 0.046875 0
vt 0.078125 0
vt 0.109375 0
vt 0.140625 0
vt 0.171875 0
vt 0.203125 0
vt 0.234375 0
vt 0.265625 0
vt 0.296875 0
vt 0.328125 0
vt 0.359375 0
vt 0.390625 0
vt 0.421875 0
vt 0.453125 0
vt 0.484375 0
vt 0.515625 0
vt 0.546875 0
vt 0.578125 0
vt 0.609375 0
vt 0.640625 0
vt 0.671875 0
vt 0.703125 0
vt 0.734375 0
vt 0.765625 0
vt 0.796875 0
vt 0.828125 0
vt 0.859375 0
vt 0.890625 0
vt 0.921875 0
vt 0.953125 0
vt 0.984375 0
vn 0 1 0
vn 0 1 0
vn 0 1 0
vn 0 1 0
vn 0 1 0
vn 0 1 0
vn 0 1 0
vn 0 1 0
vn 0 1 0
vn 0 1 0
vn 0 1 0
vn 0 1 0
vn 0 1 0
vn 0 1 0
vn 0 1 0
vn 0 1 0
vn 0 1 0
vn 0 1 0
vn 0 1 0
vn 0 1 0
vn 0 1 0
vn 0 1 0
vn 0 1 0
vn 0 1 0
vn 0 1 0
vn 0 1 0
vn 0 1 0
vn 0 1 0
vn 0 1 0
vn 0 1 0
vn 0 1 0
vn 0 1 0
vn 0 1 0
vn -0.14419095339558574 0.9895498819962902 0
vn -0.14142036192449298 0.9895498823643815 0.028130260322011044
vn -0.13321507395370283 0.9895498814459471 0.05517949077167609
vn -0.11989040202063928 0.9895498813194211 0.08010820110356429
vn -0.10195840393448646 0.9895498813775202 0.10195840393448646
vn -0.08010820110356429 0.9895498813194211 0.11989040202063928
vn -0.05517949077167609 0.9895498814459471 0.13321507395370283
vn -0.028130260322011044 0.9895498823643815 0.14142036192449298
vn -8.829149613001807e-18 0.9895498819962902 0.14419095339558574
vn 0.028130260322011044 0.9895498823643815 0.14142036192449298
vn 0.05517949077167609 0.9895498814459471 0.13321507395370283
vn 0.08010820110356429 0.9895498813194211 0.11989040202063928
vn 0.10195840393448646 0.9895498813775202 0.10195840393448646
vn 0.11989040202063928 0.9895498813194211 0.08010820110356429
vn 0.13321507395370283 0.9895498814459471 0.05517949077167609
vn 0.14142036192449298 0.9895498823643815 0.028130260322011044
vn 0.14419095339558574 0.9895498819962902 1.7658299226003614e-17
vn 0.14142036192449298 0.9895498823643815 -0.028130260322011044
vn 0.13321507395370283 0.9895498814459471 -0.05517949077167609
vn 0.11989040202063928 0.9895498813194211 -0.08010820110356429
vn 0.10195840393448646 0.9895498813775202 -0.10195840393448646
vn 0.08010820110356429 0.9895498813194211 -0.11989040202063928
vn 0.05517949077167609 0.9895498814459471 -0.13321507395370283
vn 0.028130260322011044 0.9895498823643815 -0.14142036192449298
vn 2.6487449601445873e-17 0.9895498819962902 -0.14419095339558574
vn -0.028130260322011044 0.9895498823643815 -0.14142036192449298
vn -0.05517949077167609 0.9895498814459471 -0.13321507395370283
vn -0.08010820110356429 0.9895498813194211 -0.11989040202063928
vn -0.10195840393448646 0.9895498813775202 -0.10195840393448646
vn -0.11989040202063928 0.9895498813194211 -0.08010820110356429
vn -0.13321507395370283 0.9895498814459471 -0.05517949077167609
vn -0.14142036192449298 0.9895498823643815 -0.028130260322011044
vn -0.14419095339558574 0.9895498819962902 -3.531659845200723e-17
vn -0.28640380738798477 0.9581090016870034 0
vn -0.2809006211199264 0.9581090069191992 0.05587460885541097
vn -0.26460260949568437 0.9581090038872913 0.10960198774738071
vn -0.2381360641773826 0.9581090019232021 0.15911742636125992
vn -0.20251806339843947 0.9581090063216665 0.20251806339843947
vn -0.15911742636125992 0.9581090019232021 0.2381360641773826
vn -0.10960198774738071 0.9581090038872913 0.26460260949568437
vn -0.05587460885541097 0.9581090069191992 0.2809006211199264
vn -1.753717540322794e-17 0.9581090016870034 0.28640380738798477
vn 0.05587460885541097 0.9581090069191992 0.2809006211199264
vn 0.10960198774738071 0.9581090038872913 0.26460260949568437
vn 0.15911742636125992 0.9581090019232021 0.2381360641773826
vn 0.20251806339843947 0.9581090063216665 0.20251806339843947
vn 0.2381360641773826 0.9581090019232021 0.15911742636125992
vn 0.26460260949568437 0.9581090038872913 0.10960198774738071
vn 0.2809006211199264 0.9581090069191992 0.05587460885541097
vn 0.28640380738798477 0.9581090016870034 3.507435080645588e-17
vn 0.2809006211199264 0.9581090069191992 -0.05587460885541097
vn 0.26460260949568437 0.9581090038872913 -0.10960198774738071
vn 0.2381360641773826 0.9581090019232021 -0.15911742636125992
vn 0.20251806339843947 0.9581090063216665 -0.20251806339843947
vn 0.15911742636125992 0.9581090019232021 -0.2381360641773826
vn 0.10960198774738071 0.9581090038872913 -0.26460260949568437
vn 0.05587460885541097 0.9581090069191992 -0.2809006211199264
vn 5.2611524676385174e-17 0.9581090016870034 -0.28640380738798477
vn -0.05587460885541097 0.9581090069191992 -0.2809006211199264
vn -0.10960198774738071 0.9581090038872913 -0.26460260949568437
vn -0.15911742636125992 0.9581090019232021 -0.2381360641773826
vn -0.20251806339843947 0.9581090063216665 -0.20251806339843947
vn -0.2381360641773826 0.9581090019232021 -0.15911742636125992
vn -0.26460260949568437 0.9581090038872913 -0.10960198774738071
vn -0.2809006211199264 0.9581090069191992 -0.05587460885541097
vn -0.28640380738798477 0.9581090016870034 -7.014870161291176e-17
vn -0.42444382358260335 0.9054542730710258 0
vn -0.4162882632097314 0.9054542692282512 0.0828048805938328
vn -0.3921349605538953 0.905454271546714 0.16242762957454124
vn -0.3529121560640714 0.9054542656850437 0.23580836044331946
vn -0.3001271175202181 0.9054542653596647 0.3001271175202181
vn -0.23580836044331946 0.9054542656850437 0.3529121560640714
vn -0.16242762957454124 0.905454271546714 0.3921349605538953
vn -0.0828048805938328 0.9054542692282512 0.4162882632097314
vn -2.5989688547557496e-17 0.9054542730710258 0.42444382358260335
vn 0.0828048805938328 0.9054542692282512 0.4162882632097314
vn 0.16242762957454124 0.905454271546714 0.3921349605538953
vn 0.23580836044331946 0.9054542656850437 0.3529121560640714
vn 0.3001271175202181 0.9054542653596647 0.3001271175202181
vn 0.3529121560640714 0.9054542656850437 0.23580836044331946
vn 0.3921349605538953 0.905454271546714 0.16242762957454124
vn 0.4162882632097314 0.9054542692282512 0.0828048805938328
vn 0.42444382358260335 0.9054542730710258 5.197937709511499e-17
vn 0.4162882632097314 0.9054542692282512 -0.0828048805938328
vn 0.3921349605538953 0.905454271546714 -0.16242762957454124
vn 0.3529121560640714 0.9054542656850437 -0.23580836044331946
vn 0.3001271175202181 0.9054542653596647 -0.3001271175202181
vn 0.23580836044331946 0.9054542656850437 -0.3529121560640714
vn 0.16242762957454124 0.905454271546714 -0.3921349605538953
vn 0.0828048805938328 0.9054542692282512 -0.4162882632097314
vn 7.796906564267249e-17 0.9054542730710258 -0.42444382358260335
vn -0.0828048805938328 0.9054542692282512 -0.4162882632097314
vn -0.16242762957454124 0.905454271546714 -0.3921349605538953
vn -0.23580836044331946 0.9054542656850437 -0.3529121560640714
vn -0.3001271175202181 0.9054542653596647 -0.3001271175202181
vn -0.3529121560640714 0.9054542656850437 -0.23580836044331946
vn -0.3921349605538953 0.905454271546714 -0.16242762957454124
vn -0.4162882632097314 0.9054542692282512 -0.0828048805938328
vn -0.42444382358260335 0.9054542730710258 -1.0395875419022999e-16
vn -0.5557084402009586 0.8313772485998263 0
vn -0.5450306596029089 0.8313772474386983 0.10841334112585611
vn -0.5134076690199187 0.8313772385085049 0.2126604163484735
vn -0.4620546825779252 0.8313772442354384 0.3087350774941211
vn -0.39294521375152186 0.8313772416776523 0.39294521375152186
vn -0.3087350774941211 0.8313772442354384 0.4620546825779252
vn -0.2126604163484735 0.8313772385085049 0.5134076690199187
vn -0.10841334112585614 0.8313772474386986 0.545030659602909
vn -3.402732782234396e-17 0.8313772485998263 0.5557084402009586
vn 0.10841334112585614 0.8313772474386986 0.545030659602909
vn 0.2126604163484735 0.8313772385085049 0.5134076690199187
vn 0.3087350774941211 0.8313772442354384 0.4620546825779252
vn 0.39294521375152186 0.8313772416776523 0.39294521375152186
vn 0.4620546825779252 0.8313772442354384 0.3087350774941211
vn 0.5134076690199187 0.8313772385085049 0.2126604163484735
vn 0.5450306596029089 0.8313772474386983 0.10841334112585611
vn 0.5557084402009586 0.8313772485998263 6.805465564468793e-17
vn 0.5450306596029089 0.8313772474386983 -0.10841334112585611
vn 0.5134076690199187 0.8313772385085049 -0.2126604163484735
vn 0.4620546825779252 0.8313772442354384 -0.3087350774941211
vn 0.39294521375152186 0.8313772416776523 -0.39294521375152186
vn 0.3087350774941211 0.8313772442354384 -0.4620546825779252
vn 0.2126604163484735 0.8313772385085049 -0.5134076690199187
vn 0.10841334112585614 0.8313772474386986 -0.545030659602909
vn 1.0208198659518969e-16 0.8313772485998263 -0.5557084402009586
vn -0.10841334112585614 0.8313772474386986 -0.545030659602909
vn -0.2126604163484735 0.8313772385085049 -0.5134076690199187
vn -0.3087350774941211 0.8313772442354384 -0.4620546825779252
vn -0.39294521375152186 0.8313772416776523 -0.39294521375152186
vn -0.4620546825779252 0.8313772442354384 -0.3087350774941211
vn -0.5134076690199187 0.8313772385085049 -0.2126604163484735
vn -0.5450306596029089 0.8313772474386983 -0.10841334112585611
vn -0.5557084402009586 0.8313772485998263 -1.3610931128937585e-16
vn -0.6770565308208834 0.7359310117618296 0
vn -0.6640471001237523 0.7359309931822858 0.13208717610339668
vn -0.6255186923700423 0.7359309931896508 0.2590983187104205
vn -0.5629519176439864 0.7359310176797148 0.3761524632883025
vn -0.4787512686276281 0.7359310059882471 0.4787512686276281
vn -0.3761524632883025 0.7359310176797148 0.5629519176439864
vn -0.2590983187104205 0.7359309931896508 0.6255186923700423
vn -0.13208717610339668 0.7359309931822857 0.6640471001237523
vn -4.145775657173049e-17 0.7359310117618296 0.6770565308208834
vn 0.13208717610339668 0.7359309931822857 0.6640471001237523
vn 0.2590983187104205 0.7359309931896508 0.6255186923700423
vn 0.3761524632883025 0.7359310176797148 0.5629519176439864
vn 0.4787512686276281 0.7359310059882471 0.4787512686276281
vn 0.5629519176439864 0.7359310176797148 0.3761524632883025
vn 0.6255186923700423 0.7359309931896508 0.2590983187104205
vn 0.6640471001237523 0.7359309931822858 0.13208717610339668
vn 0.6770565308208834 0.7359310117618296 8.291551314346098e-17
vn 0.6640471001237523 0.7359309931822858 -0.13208717610339668
vn 0.6255186923700423 0.7359309931896508 -0.2590983187104205
vn 0.5629519176439864 0.7359310176797148 -0.3761524632883025
vn 0.4787512686276281 0.7359310059882471 -0.4787512686276281
vn 0.3761524632883025 0.7359310176797148 -0.5629519176439864
vn 0.2590983187104205 0.7359309931896508 -0.6255186923700423
vn 0.13208717610339668 0.7359309931822857 -0.6640471001237523
vn 1.2437326337897115e-16 0.7359310117618296 -0.6770565308208834
vn -0.13208717610339668 0.7359309931822857 -0.6640471001237523
vn -0.2590983187104205 0.7359309931896508 -0.6255186923700423
vn -0.3761524632883025 0.7359310176797148 -0.5629519176439864
vn -0.4787512686276281 0.7359310059882471 -0.4787512686276281
vn -0.5629519176439864 0.7359310176797148 -0.3761524632883025
vn -0.6255186923700423 0.7359309931896508 -0.2590983187104205
vn -0.6640471001237523 0.7359309931822858 -0.13208717610339668
vn -0.6770565308208834 0.7359310117618296 -1.6583102628692196e-16
vn -0.7847886967656538 0.6197634237585068 0
vn -0.7697091882598943 0.619763440269229 0.15310468188120246
vn -0.7250502182389225 0.6197634202357462 0.3003256298909248
vn -0.652527953184858 0.6197634298692594 0.4360052308276487
vn -0.5549294133301318 0.6197634165083896 0.5549294133301318
vn -0.4360052308276487 0.6197634298692594 0.652527953184858
vn -0.3003256298909248 0.6197634202357462 0.7250502182389225
vn -0.15310468188120246 0.619763440269229 0.7697091882598943
vn -4.805444807519493e-17 0.6197634237585068 0.7847886967656538
vn 0.15310468188120246 0.619763440269229 0.7697091882598943
vn 0.3003256298909248 0.6197634202357462 0.7250502182389225
vn 0.4360052308276487 0.6197634298692594 0.652527953184858
vn 0.5549294133301318 0.6197634165083896 0.5549294133301318
vn 0.652527953184858 0.6197634298692594 0.4360052308276487
vn 0.7250502182389225 0.6197634202357462 0.3003256298909248
vn 0.7697091882598943 0.619763440269229 0.15310468188120246
vn 0.7847886967656538 0.6197634237585068 9.610889615038985e-17
vn 0.7697091882598943 0.619763440269229 -0.15310468188120246
vn 0.7250502182389225 0.6197634202357462 -0.3003256298909248
vn 0.652527953184858 0.6197634298692594 -0.4360052308276487
vn 0.5549294133301318 0.6197634165083896 -0.5549294133301318
vn 0.4360052308276487 0.6197634298692594 -0.652527953184858
vn 0.3003256298909248 0.6197634202357462 -0.7250502182389225
vn 0.15310468188120246 0.619763440269229 -0.7697091882598943
vn 1.441633410159514e-16 0.6197634237585068 -0.7847886967656538
vn -0.15310468188120246 0.619763440269229 -0.7697091882598943
vn -0.3003256298909248 0.6197634202357462 -0.7250502182389225
vn -0.4360052308276487 0.6197634298692594 -0.652527953184858
vn -0.5549294133301318 0.6197634165083896 -0.5549294133301318
vn -0.652527953184858 0.6197634298692594 -0.4360052308276487
vn -0.7250502182389225 0.6197634202357462 -0.3003256298909248
vn -0.7697091882598943 0.619763440269229 -0.15310468188120246
vn -0.7847886967656538 0.6197634237585068 -1.922177923007797e-16
vn -0.8747966059689107 0.4844903489082875 0
vn -0.8579876390970018 0.4844903406000819 0.17066435193668864
vn -0.8082066815228786 0.4844903465048257 0.3347701660623452
vn -0.7273667950707662 0.48449035413830716 0.4860109486168185
vn -0.6185746150802184 0.48449034165473237 0.6185746150802184
vn -0.4860109486168185 0.48449035413830716 0.7273667950707662
vn -0.3347701660623452 0.4844903465048257 0.8082066815228786
vn -0.1706643519366886 0.4844903406000818 0.8579876390970016
vn -5.356584299316477e-17 0.4844903489082875 0.8747966059689107
vn 0.1706643519366886 0.4844903406000818 0.8579876390970016
vn 0.3347701660623452 0.4844903465048257 0.8082066815228786
vn 0.4860109486168185 0.48449035413830716 0.7273667950707662
vn 0.6185746150802184 0.48449034165473237 0.6185746150802184
vn 0.7273667950707662 0.48449035413830716 0.4860109486168185
vn 0.8082066815228786 0.4844903465048257 0.3347701660623452
vn 0.8579876390970018 0.4844903406000819 0.17066435193668864
vn 0.8747966059689107 0.4844903489082875 1.0713168598632954e-16
vn 0.8579876390970018 0.4844903406000819 -0.17066435193668864
vn 0.8082066815228786 0.4844903465048257 -0.3347701660623452
vn 0.7273667950707662 0.48449035413830716 -0.4860109486168185
vn 0.6185746150802184 0.48449034165473237 -0.6185746150802184
vn 0.4860109486168185 0.48449035413830716 -0.7273667950707662
vn 0.3347701660623452 0.4844903465048257 -0.8082066815228786
vn 0.1706643519366886 0.4844903406000818 -0.8579876390970016
vn 1.6069753222802177e-16 0.4844903489082875 -0.8747966059689107
vn -0.1706643519366886 0.4844903406000818 -0.8579876390970016
vn -0.3347701660623452 0.4844903465048257 -0.8082066815228786
vn -0.4860109486168185 0.48449035413830716 -0.7273667950707662
vn -0.6185746150802184 0.48449034165473237 -0.6185746150802184
vn -0.7273667950707662 0.48449035413830716 -0.4860109486168185
vn -0.8082066815228786 0.4844903465048257 -0.3347701660623452
vn -0.8579876390970018 0.4844903406000819 -0.17066435193668864
vn -0.8747966059689107 0.4844903489082875 -2.1426337197265907e-16
vn -0.9429215367214262 0.3330149780218667 0
vn -0.9248035603638165 0.33301498482532665 0.18395487115104117
vn -0.871145905602108 0.3330149916948817 0.36084044460002135
vn -0.7840106090877376 0.3330149920632631 0.5238591221874248
vn -0.6667462122427745 0.3330149800231605 0.6667462122427745
vn -0.5238591221874248 0.3330149920632631 0.7840106090877376
vn -0.36084044460002135 0.3330149916948817 0.871145905602108
vn -0.18395487115104117 0.33301498482532665 0.9248035603638165
vn -5.773728906941176e-17 0.3330149780218667 0.9429215367214262
vn 0.18395487115104117 0.33301498482532665 0.9248035603638165
vn 0.36084044460002135 0.3330149916948817 0.871145905602108
vn 0.5238591221874248 0.3330149920632631 0.7840106090877376
vn 0.6667462122427745 0.3330149800231605 0.6667462122427745
vn 0.7840106090877376 0.3330149920632631 0.5238591221874248
vn 0.871145905602108 0.3330149916948817 0.36084044460002135
vn 0.9248035603638165 0.33301498482532665 0.18395487115104117
vn 0.9429215367214262 0.3330149780218667 1.1547457813882353e-16
vn 0.9248035603638165 0.33301498482532665 -0.18395487115104117
vn 0.871145905602108 0.3330149916948817 -0.36084044460002135
vn 0.7840106090877376 0.3330149920632631 -0.5238591221874248
vn 0.6667462122427745 0.3330149800231605 -0.6667462122427745
vn 0.5238591221874248 0.3330149920632631 -0.7840106090877376
vn 0.36084044460002135 0.3330149916948817 -0.871145905602108
vn 0.18395487115104117 0.33301498482532665 -0.9248035603638165
vn 1.732118737690769e-16 0.3330149780218667 -0.9429215367214262
vn -0.18395487115104117 0.33301498482532665 -0.9248035603638165
vn -0.36084044460002135 0.3330149916948817 -0.871145905602108
vn -0.5238591221874248 0.3330149920632631 -0.7840106090877376
vn -0.6667462122427745 0.3330149800231605 -0.6667462122427745
vn -0.7840106090877376 0.3330149920632631 -0.5238591221874248
vn -0.871145905602108 0.3330149916948817 -0.36084044460002135
vn -0.9248035603638165 0.33301498482532665 -0.18395487115104117
vn -0.9429215367214262 0.3330149780218667 -2.3094915627764705e-16
vn -0.985502459510844 0.16966113962271068 0
vn -0.9665663055437919 0.16966114365410792 0.19226199135920077
vn -0.9104855446393038 0.16966114429223367 0.3771354784693695
vn -0.8194153462376659 0.16966114022321238 0.5475158334225282
vn -0.696855472403843 0.1696611362735539 0.696855472403843
vn -0.5475158334225282 0.16966114022321238 0.8194153462376659
vn -0.3771354784693695 0.16966114429223367 0.9104855446393038
vn -0.19226199135920077 0.16966114365410792 0.9665663055437919
vn -6.034462210927604e-17 0.16966113962271068 0.985502459510844
vn 0.19226199135920077 0.16966114365410792 0.9665663055437919
vn 0.3771354784693695 0.16966114429223367 0.9104855446393038
vn 0.5475158334225282 0.16966114022321238 0.8194153462376659
vn 0.696855472403843 0.1696611362735539 0.696855472403843
vn 0.8194153462376659 0.16966114022321238 0.5475158334225282
vn 0.9104855446393038 0.16966114429223367 0.3771354784693695
vn 0.9665663055437919 0.16966114365410792 0.19226199135920077
vn 0.985502459510844 0.16966113962271068 1.2068924421855208e-16
vn 0.9665663055437919 0.16966114365410792 -0.19226199135920077
vn 0.9104855446393038 0.16966114429223367 -0.3771354784693695
vn 0.8194153462376659 0.16966114022321238 -0.5475158334225282
vn 0.696855472403843 0.1696611362735539 -0.696855472403843
vn 0.5475158334225282 0.16966114022321238 -0.8194153462376659
vn 0.3771354784693695 0.16966114429223367 -0.9104855446393038
vn 0.19226199135920077 0.16966114365410792 -0.9665663055437919
vn 1.810338663278281e-16 0.16966113962271068 -0.985502459510844
vn -0.19226199135920077 0.16966114365410792 -0.9665663055437919
vn -0.3771354784693695 0.16966114429223367 -0.9104855446393038
vn -0.5475158334225282 0.16966114022321238 -0.8194153462376659
vn -0.696855472403843 0.1696611362735539 -0.696855472403843
vn -0.8194153462376659 0.16966114022321238 -0.5475158334225282
vn -0.9104855446393038 0.16966114429223367 -0.3771354784693695
vn -0.9665663055437919 0.16966114365410792 -0.19226199135920077
vn -0.985502459510844 0.16966113962271068 -2.4137848843710416e-16
vn -1 6.655689416223738e-17 0
vn -0.9807852789517083 6.655689608188102e-17 0.19509032931342324
vn -0.9238795305660377 6.655689606139077e-17 0.3826834370613369
vn -0.8314696016585884 6.655689466063642e-17 0.555570248949409
vn -0.7071067811865476 6.655689530131013e-17 0.7071067811865476
vn -0.555570248949409 6.655689466063642e-17 0.8314696016585884
vn -0.3826834370613369 6.655689606139077e-17 0.9238795305660377
vn -0.19509032931342324 6.655689608188102e-17 0.9807852789517083
vn -6.123234262925839e-17 6.655689416223738e-17 1
vn 0.19509032931342324 6.655689608188102e-17 0.9807852789517083
vn 0.3826834370613369 6.655689606139077e-17 0.9238795305660377
vn 0.555570248949409 6.655689466063642e-17 0.8314696016585884
vn 0.7071067811865476 6.655689530131013e-17 0.7071067811865476
vn 0.8314696016585884 6.655689466063642e-17 0.555570248949409
vn 0.9238795305660377 6.655689606139077e-17 0.3826834370613369
vn 0.9807852789517083 6.655689608188102e-17 0.19509032931342324
vn 1 6.655689416223738e-17 1.2246468525851679e-16
vn 0.9807852789517083 6.655689608188102e-17 -0.19509032931342324
vn 0.9238795305660377 6.655689606139077e-17 -0.3826834370613369
vn 0.8314696016585884 6.655689466063642e-17 -0.555570248949409
vn 0.7071067811865476 6.655689530131013e-17 -0.7071067811865476
vn 0.555570248949409 6.655689466063642e-17 -0.8314696016585884
vn 0.3826834370613369 6.655689606139077e-17 -0.9238795305660377
vn 0.19509032931342324 6.655689608188102e-17 -0.9807852789517083
vn 1.8369701465288538e-16 6.655689416223738e-17 -1
vn -0.19509032931342324 6.655689608188102e-17 -0.9807852789517083
vn -0.3826834370613369 6.655689606139077e-17 -0.9238795305660377
vn -0.555570248949409 6.655689466063642e-17 -0.8314696016585884
vn -0.7071067811865476 6.655689530131013e-17 -0.7071067811865476
vn -0.8314696016585884 6.655689466063642e-17 -0.555570248949409
vn -0.9238795305660377 6.655689606139077e-17 -0.3826834370613369
vn -0.9807852789517083 6.655689608188102e-17 -0.19509032931342324
vn -1 6.655689416223738e-17 -2.4492937051703357e-16
vn -0.985502459510844 -0.16966113962271068 0
vn -0.9665663055437919 -0.16966114365410792 0.19226199135920077
vn -0.9104855446393038 -0.16966114429223367 0.3771354784693695
vn -0.8194153462376659 -0.16966114022321238 0.5475158334225282
vn -0.696855472403843 -0.1696611362735539 0.696855472403843
vn -0.5475158334225282 -0.16966114022321238 0.8194153462376659
vn -0.3771354784693695 -0.16966114429223367 0.9104855446393038
vn -0.19226199135920077 -0.16966114365410792 0.9665663055437919
vn -6.034462210927604e-17 -0.16966113962271068 0.985502459510844
vn 0.19226199135920077 -0.16966114365410792 0.9665663055437919
vn 0.3771354784693695 -0.16966114429223367 0.9104855446393038
vn 0.5475158334225282 -0.16966114022321238 0.8194153462376659
vn 0.696855472403843 -0.1696611362735539 0.696855472403843
vn 0.8194153462376659 -0.16966114022321238 0.5475158334225282
vn 0.9104855446393038 -0.16966114429223367 0.3771354784693695
vn 0.9665663055437919 -0.16966114365410792 0.19226199135920077
vn 0.985502459510844 -0.16966113962271068 1.2068924421855208e-16
vn 0.9665663055437919 -0.16966114365410792 -0.19226199135920077
vn 0.9104855446393038 -0.16966114429223367 -0.3771354784693695
vn 0.8194153462376659 -0.16966114022321238 -0.5475158334225282
vn 0.696855472403843 -0.1696611362735539 -0.696855472403843
vn 0.5475158334225282 -0.16966114022321238 -0.8194153462376659
vn 0.3771354784693695 -0.16966114429223367 -0.9104855446393038
vn 0.19226199135920077 -0.16966114365410792 -0.9665663055437919
vn 1.810338663278281e-16 -0.16966113962271068 -0.985502459510844
vn -0.19226199135920077 -0.16966114365410792 -0.9665663055437919
vn -0.3771354784693695 -0.16966114429223367 -0.9104855446393038
vn -0.5475158334225282 -0.16966114022321238 -0.8194153462376659
vn -0.696855472403843 -0.1696611362735539 -0.696855472403843
vn -0.8194153462376659 -0.16966114022321238 -0.5475158334225282
vn -0.9104855446393038 -0.16966114429223367 -0.3771354784693695
vn -0.9665663055437919 -0.16966114365410792 -0.19226199135920077
vn -0.985502459510844 -0.16966113962271068 -2.4137848843710416e-16
vn -0.9429215367214262 -0.3330149780218667 0
vn -0.9248035603638165 -0.33301498482532665 0.18395487115104117
vn -0.871145905602108 -0.3330149916948817 0.36084044460002135
vn -0.7840106090877376 -0.3330149920632631 0.5238591221874248
vn -0.6667462122427745 -0.3330149800231605 0.6667462122427745
vn -0.5238591221874248 -0.3330149920632631 0.7840106090877376
vn -0.36084044460002135 -0.3330149916948817 0.871145905602108
vn -0.18395487115104117 -0.33301498482532665 0.9248035603638165
vn -5.773728906941176e-17 -0.3330149780218667 0.9429215367214262
vn 0.18395487115104117 -0.33301498482532665 0.9248035603638165
vn 0.36084044460002135 -0.3330149916948817 0.871145905602108
vn 0.5238591221874248 -0.3330149920632631 0.7840106090877376
vn 0.6667462122427745 -0.3330149800231605 0.6667462122427745
vn 0.7840106090877376 -0.3330149920632631 0.5238591221874248
vn 0.871145905602108 -0.3330149916948817 0.36084044460002135
vn 0.9248035603638165 -0.33301498482532665 0.18395487115104117
vn 0.9429215367214262 -0.3330149780218667 1.1547457813882353e-16
vn 0.9248035603638165 -0.33301498482532665 -0.18395487115104117
vn 0.871145905602108 -0.3330149916948817 -0.36084044460002135
vn 0.7840106090877376 -0.3330149920632631 -0.5238591221874248
vn 0.6667462122427745 -0.3330149800231605 -0.6667462122427745
vn 0.5238591221874248 -0.3330149920632631 -0.7840106090877376
vn 0.36084044460002135 -0.3330149916948817 -0.871145905602108
vn 0.18395487115104117 -0.33301498482532665 -0.9248035603638165
vn 1.732118737690769e-16 -0.3330149780218667 -0.9429215367214262
vn -0.18395487115104117 -0.33301498482532665 -0.9248035603638165
vn -0.36084044460002135 -0.3330149916948817 -0.871145905602108
vn -0.5238591221874248 -0.3330149920632631 -0.7840106090877376
vn -0.6667462122427745 -0.3330149800231605 -0.6667462122427745
vn -0.7840106090877376 -0.3330149920632631 -0.5238591221874248
vn -0.871145905602108 -0.3330149916948817 -0.36084044460002135
vn -0.9248035603638165 -0.33301498482532665 -0.18395487115104117
vn -0.9429215367214262 -0.3330149780218667 -2.3094915627764705e-16
vn -0.8747966059689107 -0.4844903489082875 0
vn -0.8579876390970018 -0.4844903406000819 0.17066435193668864
vn -0.8082066815228786 -0.4844903465048257 0.3347701660623452
vn -0.7273667950707662 -0.48449035413830716 0.4860109486168185
vn -0.6185746150802184 -0.48449034165473237 0.6185746150802184
vn -0.4860109486168185 -0.48449035413830716 0.7273667950707662
vn -0.3347701660623452 -0.4844903465048257 0.8082066815228786
vn -0.1706643519366886 -0.4844903406000818 0.8579876390970016
vn -5.356584299316477e-17 -0.4844903489082875 0.8747966059689107
vn 0.1706643519366886 -0.4844903406000818 0.8579876390970016
vn 0.3347701660623452 -0.4844903465048257 0.8082066815228786
vn 0.4860109486168185 -0.48449035413830716 0.7273667950707662
vn 0.6185746150802184 -0.48449034165473237 0.6185746150802184
vn 0.7273667950707662 -0.48449035413830716 0.4860109486168185
vn 0.8082066815228786 -0.4844903465048257 0.3347701660623452
vn 0.8579876390970018 -0.4844903406000819 0.17066435193668864
vn 0.8747966059689107 -0.4844903489082875 1.0713168598632954e-16
vn 0.8579876390970018 -0.4844903406000819 -0.17066435193668864
vn 0.8082066815228786 -0.4844903465048257 -0.3347701660623452
vn 0.7273667950707662 -0.48449035413830716 -0.4860109486168185
vn 0.6185746150802184 -0.48449034165473237 -0.6185746150802184
vn 0.4860109486168185 -0.48449035413830716 -0.7273667950707662
vn 0.3347701660623452 -0.4844903465048257 -0.8082066815228786
vn 0.1706643519366886 -0.4844903406000818 -0.8579876390970016
vn 1.6069753222802177e-16 -0.4844903489082875 -0.8747966059689107
vn -0.1706643519366886 -0.4844903406000818 -0.8579876390970016
vn -0.3347701660623452 -0.4844903465048257 -0.8082066815228786
vn -0.4860109486168185 -0.48449035413830716 -0.7273667950707662
vn -0.6185746150802184 -0.48449034165473237 -0.6185746150802184
vn -0.7273667950707662 -0.48449035413830716 -0.4860109486168185
vn -0.8082066815228786 -0.4844903465048257 -0.3347701660623452
vn -0.8579876390970018 -0.4844903406000819 -0.17066435193668864
vn -0.8747966059689107 -0.4844903489082875 -2.1426337197265907e-16
vn -0.7847886967656538 -0.6197634237585068 0
vn -0.7697091882598943 -0.619763440269229 0.15310468188120246
vn -0.7250502182389225 -0.6197634202357462 0.3003256298909248
vn -0.652527953184858 -0.6197634298692594 0.4360052308276487
vn -0.5549294133301318 -0.6197634165083896 0.5549294133301318
vn -0.4360052308276487 -0.6197634298692594 0.652527953184858
vn -0.3003256298909248 -0.6197634202357462 0.7250502182389225
vn -0.15310468188120246 -0.619763440269229 0.7697091882598943
vn -4.805444807519493e-17 -0.6197634237585068 0.7847886967656538
vn 0.15310468188120246 -0.619763440269229 0.7697091882598943
vn 0.3003256298909248 -0.6197634202357462 0.7250502182389225
vn 0.4360052308276487 -0.6197634298692594 0.652527953184858
vn 0.5549294133301318 -0.6197634165083896 0.5549294133301318
vn 0.652527953184858 -0.6197634298692594 0.4360052308276487
vn 0.7250502182389225 -0.6197634202357462 0.3003256298909248
vn 0.7697091882598943 -0.619763440269229 0.15310468188120246
vn 0.7847886967656538 -0.6197634237585068 9.610889615038985e-17
vn 0.7697091882598943 -0.619763440269229 -0.15310468188120246
vn 0.7250502182389225 -0.6197634202357462 -0.3003256298909248
vn 0.652527953184858 -0.6197634298692594 -0.4360052308276487
vn 0.5549294133301318 -0.6197634165083896 -0.5549294133301318
vn 0.4360052308276487 -0.6197634298692594 -0.652527953184858
vn 0.3003256298909248 -0.6197634202357462 -0.7250502182389225
vn 0.15310468188120246 -0.619763440269229 -0.7697091882598943
vn 1.441633410159514e-16 -0.6197634237585068 -0.7847886967656538
vn -0.15310468188120246 -0.619763440269229 -0.7697091882598943
vn -0.3003256298909248 -0.6197634202357462 -0.7250502182389225
vn -0.4360052308276487 -0.6197634298692594 -0.652527953184858
vn -0.5549294133301318 -0.6197634165083896 -0.5549294133301318
vn -0.652527953184858 -0.6197634298692594 -0.4360052308276487
vn -0.7250502182389225 -0.6197634202357462 -0.3003256298909248
vn -0.7697091882598943 -0.619763440269229 -0.15310468188120246
vn -0.7847886967656538 -0.6197634237585068 -1.922177923007797e-16
vn -0.6770565308208834 -0.7359310117618296 0
vn -0.6640471001237523 -0.7359309931822858 0.13208717610339668
vn -0.6255186923700423 -0.7359309931896508 0.2590983187104205
vn -0.5629519176439864 -0.7359310176797148 0.3761524632883025
vn -0.4787512686276281 -0.7359310059882471 0.4787512686276281
vn -0.3761524632883025 -0.7359310176797148 0.5629519176439864
vn -0.2590983187104205 -0.7359309931896508 0.6255186923700423
vn -0.13208717610339668 -0.7359309931822857 0.6640471001237523
vn -4.145775657173049e-17 -0.7359310117618296 0.6770565308208834
vn 0.13208717610339668 -0.7359309931822857 0.6640471001237523
vn 0.2590983187104205 -0.7359309931896508 0.6255186923700423
vn 0.3761524632883025 -0.7359310176797148 0.5629519176439864
vn 0.4787512686276281 -0.7359310059882471 0.4787512686276281
vn 0.5629519176439864 -0.7359310176797148 0.3761524632883025
vn 0.6255186923700423 -0.7359309931896508 0.2590983187104205
vn 0.6640471001237523 -0.7359309931822858 0.13208717610339668
vn 0.6770565308208834 -0.7359310117618296 8.291551314346098e-17
vn 0.6640471001237523 -0.7359309931822858 -0.13208717610339668
vn 0.6255186923700423 -0.7359309931896508 -0.2590983187104205
vn 0.5629519176439864 -0.7359310176797148 -0.3761524632883025
vn 0.4787512686276281 -0.7359310059882471 -0.4787512686276281
vn 0.3761524632883025 -0.7359310176797148 -0.5629519176439864
vn 0.2590983187104205 -0.7359309931896508 -0.6255186923700423
vn 0.13208717610339668 -0.7359309931822857 -0.6640471001237523
vn 1.2437326337897115e-16 -0.7359310117618296 -0.6770565308208834
vn -0.13208717610339668 -0.7359309931822857 -0.6640471001237523
vn -0.2590983187104205 -0.7359309931896508 -0.6255186923700423
vn -0.3761524632883025 -0.7359310176797148 -0.5629519176439864
vn -0.4787512686276281 -0.7359310059882471 -0.4787512686276281
vn -0.5629519176439864 -0.7359310176797148 -0.3761524632883025
vn -0.6255186923700423 -0.7359309931896508 -0.2590983187104205
vn -0.6640471001237523 -0.7359309931822858 -0.13208717610339668
vn -0.6770565308208834 -0.7359310117618296 -1.6583102628692196e-16
vn -0.5557084402009586 -0.8313772485998263 0
vn -0.5450306596029089 -0.8313772474386983 0.10841334112585611
vn -0.5134076690199187 -0.8313772385085049 0.2126604163484735
vn -0.4620546825779252 -0.8313772442354384 0.3087350774941211
vn -0.39294521375152186 -0.8313772416776523 0.39294521375152186
vn -0.3087350774941211 -0.8313772442354384 0.4620546825779252
vn -0.2126604163484735 -0.8313772385085049 0.5134076690199187
vn -0.10841334112585614 -0.8313772474386986 0.545030659602909
vn -3.402732782234396e-17 -0.8313772485998263 0.5557084402009586
vn 0.10841334112585614 -0.8313772474386986 0.545030659602909
vn 0.2126604163484735 -0.8313772385085049 0.5134076690199187
vn 0.3087350774941211 -0.8313772442354384 0.4620546825779252
vn 0.39294521375152186 -0.8313772416776523 0.39294521375152186
vn 0.4620546825779252 -0.8313772442354384 0.3087350774941211
vn 0.5134076690199187 -0.8313772385085049 0.2126604163484735
vn 0.5450306596029089 -0.8313772474386983 0.10841334112585611
vn 0.5557084402009586 -0.8313772485998263 6.805465564468793e-17
vn 0.5450306596029089 -0.8313772474386983 -0.10841334112585611
vn 0.5134076690199187 -0.8313772385085049 -0.2126604163484735
vn 0.4620546825779252 -0.8313772442354384 -0.3087350774941211
vn 0.39294521375152186 -0.8313772416776523 -0.39294521375152186
vn 0.3087350774941211 -0.8313772442354384 -0.4620546825779252
vn 0.2126604163484735 -0.8313772385085049 -0.5134076690199187
vn 0.10841334112585614 -0.8313772474386986 -0.545030659602909
vn 1.0208198659518969e-16 -0.8313772485998263 -0.5557084402009586
vn -0.10841334112585614 -0.8313772474386986 -0.545030659602909
vn -0.2126604163484735 -0.8313772385085049 -0.5134076690199187
vn -0.3087350774941211 -0.8313772442354384 -0.4620546825779252
vn -0.39294521375152186 -0.8313772416776523 -0.39294521375152186
vn -0.4620546825779252 -0.8313772442354384 -0.3087350774941211
vn -0.5134076690199187 -0.8313772385085049 -0.2126604163484735
vn -0.5450306596029089 -0.8313772474386983 -0.10841334112585611
vn -0.5557084402009586 -0.8313772485998263 -1.3610931128937585e-16
vn -0.42444382358260335 -0.9054542730710258 0
vn -0.4162882632097314 -0.9054542692282512 0.0828048805938328
vn -0.3921349605538953 -0.905454271546714 0.16242762957454124
vn -0.3529121560640714 -0.9054542656850437 0.23580836044331946
vn -0.3001271175202181 -0.9054542653596647 0.3001271175202181
vn -0.23580836044331946 -0.9054542656850437 0.3529121560640714
vn -0.16242762957454124 -0.905454271546714 0.3921349605538953
vn -0.0828048805938328 -0.9054542692282512 0.4162882632097314
vn -2.5989688547557496e-17 -0.9054542730710258 0.42444382358260335
vn 0.0828048805938328 -0.9054542692282512 0.4162882632097314
vn 0.16242762957454124 -0.905454271546714 0.3921349605538953
vn 0.23580836044331946 -0.9054542656850437 0.3529121560640714
vn 0.3001271175202181 -0.9054542653596647 0.3001271175202181
vn 0.3529121560640714 -0.9054542656850437 0.23580836044331946
vn 0.3921349605538953 -0.905454271546714 0.16242762957454124
vn 0.4162882632097314 -0.9054542692282512 0.0828048805938328
vn 0.42444382358260335 -0.9054542730710258 5.197937709511499e-17
vn 0.4162882632097314 -0.9054542692282512 -0.0828048805938328
vn 0.3921349605538953 -0.905454271546714 -0.16242762957454124
vn 0.3529121560640714 -0.9054542656850437 -0.23580836044331946
vn 0.3001271175202181 -0.9054542653596647 -0.3001271175202181
vn 0.23580836044331946 -0.9054542656850437 -0.3529121560640714
vn 0.16242762957454124 -0.905454271546714 -0.3921349605538953
vn 0.0828048805938328 -0.9054542692282512 -0.4162882632097314
vn 7.796906564267249e-17 -0.9054542730710258 -0.42444382358260335
vn -0.0828048805938328 -0.9054542692282512 -0.4162882632097314
vn -0.16242762957454124 -0.905454271546714 -0.3921349605538953
vn -0.23580836044331946 -0.9054542656850437 -0.3529121560640714
vn -0.3001271175202181 -0.9054542653596647 -0.3001271175202181
vn -0.3529121560640714 -0.9054542656850437 -0.23580836044331946
vn -0.3921349605538953 -0.905454271546714 -0.16242762957454124
vn -0.4162882632097314 -0.9054542692282512 -0.0828048805938328
vn -0.42444382358260335 -0.9054542730710258 -1.0395875419022999e-16
vn -0.28640380738798477 -0.9581090016870034 0
vn -0.2809006211199264 -0.9581090069191992 0.05587460885541097
vn -0.26460260949568437 -0.9581090038872913 0.10960198774738071
vn -0.2381360641773826 -0.9581090019232021 0.15911742636125992
vn -0.20251806339843947 -0.9581090063216665 0.20251806339843947
vn -0.15911742636125992 -0.9581090019232021 0.2381360641773826
vn -0.10960198774738071 -0.9581090038872913 0.26460260949568437
vn -0.05587460885541097 -0.9581090069191992 0.2809006211199264
vn -1.753717540322794e-17 -0.9581090016870034 0.28640380738798477
vn 0.05587460885541097 -0.9581090069191992 0.2809006211199264
vn 0.10960198774738071 -0.9581090038872913 0.26460260949568437
vn 0.15911742636125992 -0.9581090019232021 0.2381360641773826
vn 0.20251806339843947 -0.9581090063216665 0.20251806339843947
vn 0.2381360641773826 -0.9581090019232021 0.15911742636125992
vn 0.26460260949568437 -0.9581090038872913 0.10960198774738071
vn 0.2809006211199264 -0.9581090069191992 0.05587460885541097
vn 0.28640380738798477 -0.9581090016870034 3.507435080645588e-17
vn 0.2809006211199264 -0.9581090069191992 -0.05587460885541097
vn 0.26460260949568437 -0.9581090038872913 -0.10960198774738071
vn 0.2381360641773826 -0.9581090019232021 -0.15911742636125992
vn 0.20251806339843947 -0.9581090063216665 -0.20251806339843947
vn 0.15911742636125992 -0.9581090019232021 -0.2381360641773826
vn 0.10960198774738071 -0.9581090038872913 -0.26460260949568437
vn 0.05587460885541097 -0.9581090069191992 -0.2809006211199264
vn 5.2611524676385174e-17 -0.9581090016870034 -0.28640380738798477
vn -0.05587460885541097 -0.9581090069191992 -0.2809006211199264
vn -0.10960198774738071 -0.9581090038872913 -0.26460260949568437
vn -0.15911742636125992 -0.9581090019232021 -0.2381360641773826
vn -0.20251806339843947 -0.9581090063216665 -0.20251806339843947
vn -0.2381360641773826 -0.9581090019232021 -0.15911742636125992
vn -0.26460260949568437 -0.9581090038872913 -0.10960198774738071
vn -0.2809006211199264 -0.9581090069191992 -0.05587460885541097
vn -0.28640380738798477 -0.9581090016870034 -7.014870161291176e-17
vn -0.14419095339558574 -0.9895498819962902 0
vn -0.14142036192449298 -0.9895498823643815 0.028130260322011044
vn -0.13321507395370283 -0.9895498814459471 0.05517949077167609
vn -0.11989040202063928 -0.9895498813194211 0.08010820110356429
vn -0.10195840393448646 -0.9895498813775202 0.10195840393448646
vn -0.08010820110356429 -0.9895498813194211 0.11989040202063928
vn -0.05517949077167609 -0.9895498814459471 0.13321507395370283
vn -0.028130260322011044 -0.9895498823643815 0.14142036192449298
vn -8.829149613001807e-18 -0.9895498819962902 0.14419095339558574
vn 0.028130260322011044 -0.9895498823643815 0.14142036192449298
vn 0.05517949077167609 -0.9895498814459471 0.13321507395370283
vn 0.08010820110356429 -0.9895498813194211 0.11989040202063928
vn 0.10195840393448646 -0.9895498813775202 0.10195840393448646
vn 0.11989040202063928 -0.9895498813194211 0.08010820110356429
vn 0.13321507395370283 -0.9895498814459471 0.05517949077167609
vn 0.14142036192449298 -0.9895498823643815 0.028130260322011044
vn 0.14419095339558574 -0.9895498819962902 1.7658299226003614e-17
vn 0.14142036192449298 -0.9895498823643815 -0.028130260322011044
vn 0.13321507395370283 -0.9895498814459471 -0.05517949077167609
vn 0.11989040202063928 -0.9895498813194211 -0.08010820110356429
vn 0.10195840393448646 -0.9895498813775202 -0.10195840393448646
vn 0.08010820110356429 -0.9895498813194211 -0.11989040202063928
vn 0.05517949077167609 -0.9895498814459471 -0.13321507395370283
vn 0.028130260322011044 -0.9895498823643815 -0.14142036192449298
vn 2.6487449601445873e-17 -0.9895498819962902 -0.14419095339558574
vn -0.028130260322011044 -0.9895498823643815 -0.14142036192449298
vn -0.05517949077167609 -0.9895498814459471 -0.13321507395370283
vn -0.08010820110356429 -0.9895498813194211 -0.11989040202063928
vn -0.10195840393448646 -0.9895498813775202 -0.10195840393448646
vn -0.11989040202063928 -0.9895498813194211 -0.08010820110356429
vn -0.13321507395370283 -0.9895498814459471 -0.05517949077167609
vn -0.14142036192449298 -0.9895498823643815 -0.028130260322011044
vn -0.14419095339558574 -0.9895498819962902 -3.531659845200723e-17
vn -1.1266751043783545e-16 -1 0
vn -1.1050263663206771e-16 -1 2.1980340405394423e-17
vn -1.0409120232051435e-16 -1 4.3115988321446925e-17
vn -9.367960912283385e-17 -1 6.25947112157156e-17
vn -7.966795755152431e-17 -1 7.966795755152431e-17
vn -6.25947112157156e-17 -1 9.367960912283385e-17
vn -4.3115988321446925e-17 -1 1.0409120232051435e-16
vn -2.1980340405394423e-17 -1 1.1050263663206771e-16
vn -6.898894883217494e-33 -1 1.1266751043783545e-16
vn 2.1980340405394423e-17 -1 1.1050263663206771e-16
vn 4.3115988321446925e-17 -1 1.0409120232051435e-16
vn 6.25947112157156e-17 -1 9.367960912283385e-17
vn 7.966795755152431e-17 -1 7.966795755152431e-17
vn 9.367960912283385e-17 -1 6.25947112157156e-17
vn 1.0409120232051435e-16 -1 4.3115988321446925e-17
vn 1.1050263663206771e-16 -1 2.1980340405394423e-17
vn 1.1266751043783545e-16 -1 1.3797789766434988e-32
vn 1.1050263663206771e-16 -1 -2.1980340405394423e-17
vn 1.0409120232051435e-16 -1 -4.3115988321446925e-17
vn 9.367960912283385e-17 -1 -6.25947112157156e-17
vn 7.966795755152431e-17 -1 -7.966795755152431e-17
vn 6.25947112157156e-17 -1 -9.367960912283385e-17
vn 4.3115988321446925e-17 -1 -1.0409120232051435e-16
vn 2.1980340405394423e-17 -1 -1.1050263663206771e-16
vn 2.069668464965248e-32 -1 -1.1266751043783545e-16
vn -2.1980340405394423e-17 -1 -1.1050263663206771e-16
vn -4.3115988321446925e-17 -1 -1.0409120232051435e-16
vn -6.25947112157156e-17 -1 -9.367960912283385e-17
vn -7.966795755152431e-17 -1 -7.966795755152431e-17
vn -9.367960912283385e-17 -1 -6.25947112157156e-17
vn -1.0409120232051435e-16 -1 -4.3115988321446925e-17
vn -1.1050263663206771e-16 -1 -2.1980340405394423e-17
vn -1.1266751043783545e-16 -1 -2.7595579532869977e-32
f 1487/1487/1487 1520/1520/1520 1521/1521/1521
f 1488/1488/1488 1521/1521/1521 1522/1522/1522
f 1489/1489/1489 1522/1522/1522 1523/1523/1523
f 1490/1490/1490 1523/1523/1523 1524/1524/1524
f 1491/1491/1491 1524/1524/1524 1525/1525/1525
f 1492/1492/1492 1525/1525/1525 1526/1526/1526
f 1493/1493/1493 1526/1526/1526 1527/1527/1527
f 1494/1494/1494 1527/1527/1527 1528/1528/1528
f 1495/1495/1495 1528/1528/1528 1529/1529/1529
f 1496/1496/1496 1529/1529/1529 1530/1530/1530
f 1497/1497/1497 1530/1530/1530 1531/1531/1531
f 1498/1498/1498 1531/1531/1531 1532/1532/1532
f 1499/1499/1499 1532/1532/1532 1533/1533/1533
f 1500/1500/1500 1533/1533/1533 1534/1534/1534
f 1501/1501/1501 1534/1534/1534 1535/1535/1535
f 1502/1502/1502 1535/1535/1535 1536/1536/1536
f 1503/1503/1503 1536/1536/1536 1537/1537/1537
f 1504/1504/1504 1537/1537/1537 1538/1538/1538
f 1505/1505/1505 1538/1538/1538 1539/1539/1539
f 1506/1506/1506 1539/1539/1539 1540/1540/1540
f 1507/1507/1507 1540/1540/1540 1541/1541/1541
f 1508/1508/1508 1541/1541/1541 1542/1542/1542
f 1509/1509/1509 1542/1542/1542 1543/1543/1543
f 1510/1510/1510 1543/1543/1543 1544/1544/1544
f 1511/1511/1511 1544/1544/1544 1545/1545/1545
f 1512/1512/1512 1545/1545/1545 1546/1546/1546
f 1513/1513/1513 1546/1546/1546 1547/1547/1547
f 1514/1514/1514 1547/1547/1547 1548/1548/1548
f 1515/1515/1515 1548/1548/1548 1549/1549/1549
f 1516/1516/1516 1549/1549/1549 1550/1550/1550
f 1517/1517/1517 1550/1550/1550 1551/1551/1551
f 1518/1518/1518 1551/1551/1551 1552/1552/1552
f 1521/1521/1521 1520/1520/1520 1554/1554/1554
f 1520/1520/1520 1553/1553/1553 1554/1554/1554
f 1522/1522/1522 1521/1521/1521 1555/1555/1555
f 1521/1521/1521 1554/1554/1554 1555/1555/1555
f 1523/1523/1523 1522/1522/1522 1556/1556/1556
f 1522/1522/1522 1555/1555/1555 1556/1556/1556
f 1524/1524/1524 1523/1523/1523 1557/1557/1557
f 1523/1523/1523 1556/1556/1556 1557/1557/1557
f 1525/1525/1525 1524/1524/1524 1558/1558/1558
f 1524/1524/1524 1557/1557/1557 1558/1558/1558
f 1526/1526/1526 1525/1525/1525 1559/1559/1559
f 1525/1525/1525 1558/1558/1558 1559/1559/1559
f 1527/1527/1527 1526/1526/1526 1560/1560/1560
f 1526/1526/1526 1559/1559/1559 1560/1560/1560
f 1528/1528/1528 1527/1527/1527 1561/1561/1561
f 1527/1527/1527 1560/1560/1560 1561/1561/1561
f 1529/1529/1529 1528/1528/1528 1562/1562/1562
f 1528/1528/1528 1561/1561/1561 1562/1562/1562
f 1530/1530/1530 1529/1529/1529 1563/1563/1563
f 1529/1529/1529 1562/1562/1562 1563/1563/1563
f 1531/1531/1531 1530/1530/1530 1564/1564/1564
f 1530/1530/1530 1563/1563/1563 1564/1564/1564
f 1532/1532/1532 1531/1531/1531 1565/1565/1565
f 1531/1531/1531 1564/1564/1564 1565/1565/1565
f 1533/1533/1533 1532/1532/1532 1566/1566/1566
f 1532/1532/1532 1565/1565/1565 1566/1566/1566
f 1534/1534/1534 1533/1533/1533 1567/1567/1567
f 1533/1533/1533 1566/1566/1566 1567/1567/1567
f 1535/1535/1535 1534/1534/1534 1568/1568/1568
f 1534/1534/1534 1567/1567/1567 1568/1568/1568
f 1536/1536/1536 1535/1535/1535 1569/1569/1569
f 1535/1535/1535 1568/1568/1568 1569/1569/1569
f 1537/1537/1537 1536/1536/1536 1570/1570/1570
f 1536/1536/1536 1569/1569/1569 1570/1570/1570
f 1538/1538/1538 1537/1537/1537 1571/1571/1571
f 1537/1537/1537 1570/1570/1570 1571/1571/1571
f 1539/1539/1539 1538/1538/1538 1572/1572/1572
f 1538/1538/1538 1571/1571/1571 1572/1572/1572
f 1540/1540/1540 1539/1539/1539 1573/1573/1573
f 1539/1539/1539 1572/1572/1572 1573/1573/1573
f 1541/1541/1541 1540/1540/1540 1574/1574/1574
f 1540/1540/1540 1573/1573/1573 1574/1574/1574
f 1542/1542/1542 1541/1541/1541 1575/1575/1575
f 1541/1541/1541 1574/1574/1574 1575/1575/1575
f 1543/1543/1543 1542/1542/1542 1576/1576/1576
f 1542/1542/1542 1575/1575/1575 1576/1576/1576
f 1544/1544/1544 1543/1543/1543 1577/1577/1577
f 1543/1543/1543 1576/1576/1576 1577/1577/1577
f 1545/1545/1545 1544/1544/1544 1578/1578/1578
f 1544/1544/1544 1577/1577/1577 1578/1578/1578
f 1546/1546/1546 1545/1545/1545 1579/1579/1579
f 1545/1545/1545 1578/1578/1578 1579/1579/1579
f 1547/1547/1547 1546/1546/1546 1580/1580/1580
f 1546/1546/1546 1579/1579/1579 1580/1580/1580
f 1548/1548/1548 1547/1547/1547 1581/1581/1581
f 1547/1547/1547 1580/1580/1580 1581/1581/1581
f 1549/1549/1549 1548/1548/1548 1582/1582/1582
f 1548/1548/1548 1581/1581/1581 1582/1582/1582
f 1550/1550/1550 1549/1549/1549 1583/1583/1583
f 1549/1549/1549 1582/1582/1582 1583/1583/1583
f 1551/1551/1551 1550/1550/1550 1584/1584/1584
f 1550/1550/1550 1583/1583/1583 1584/1584/1584
f 1552/1552/1552 1551/1551/1551 1585/1585/1585
f 1551/1551/1551 1584/1584/1584 1585/1585/1585
f 1554/1554/1554 1553/1553/1553 1587/1587/1587
f 1553/1553/1553 1586/1586/1586 1587/1587/1587
f 1555/1555/1555 1554/1554/1554 1588/1588/1588
f 1554/1554/1554 1587/1587/1587 1588/1588/1588
f 1556/1556/1556 1555/1555/1555 1589/1589/1589
f 1555/1555/1555 1588/1588/1588 1589/1589/1589
f 1557/1557/1557 1556/1556/1556 1590/1590/1590
f 1556/1556/1556 1589/1589/1589 1590/1590/1590
f 1558/1558/1558 1557/1557/1557 1591/1591/1591
f 1557/1557/1557 1590/1590/1590 1591/1591/1591
f 1559/1559/1559 1558/1558/1558 1592/1592/1592
f 1558/1558/1558 1591/1591/1591 1592/1592/1592
f 1560/1560/1560 1559/1559/1559 1593/1593/1593
f 1559/1559/1559 1592/1592/1592 1593/1593/1593
f 1561/1561/1561 1560/1560/1560 1594/1594/1594
f 1560/1560/1560 1593/1593/1593 1594/1594/1594
f 1562/1562/1562 1561/1561/1561 1595/1595/1595
f 1561/1561/1561 1594/1594/1594 1595/1595/1595
f 1563/1563/1563 1562/1562/1562 1596/1596/1596
f 1562/1562/1562 1595/1595/1595 1596/1596/1596
f 1564/1564/1564 1563/1563/1563 1597/1597/1597
f 1563/1563/1563 1596/1596/1596 1597/1597/1597
f 1565/1565/1565 1564/1564/1564 1598/1598/1598
f 1564/1564/1564 1597/1597/1597 1598/1598/1598
f 1566/1566/1566 1565/1565/1565 1599/1599/1599
f 1565/1565/1565 1598/1598/1598 1599/1599/1599
f 1567/1567/1567 1566/1566/1566 1600/1600/1600
f 1566/1566/1566 1599/1599/1599 1600/1600/1600
f 1568/1568/1568 1567/1567/1567 1601/1601/1601
f 1567/1567/1567 1600/1600/1600 1601/1601/1601
f 1569/1569/1569 1568/1568/1568 1602/1602/1602
f 1568/1568/1568 1601/1601/1601 1602/1602/1602
f 1570/1570/1570 1569/1569/1569 1603/1603/1603
f 1569/1569/1569 1602/1602/1602 1603/1603/1603
f 1571/1571/1571 1570/1570/1570 1604/1604/1604
f 1570/1570/1570 1603/1603/1603 1604/1604/1604
f 1572/1572/1572 1571/1571/1571 1605/1605/1605
f 1571/1571/1571 1604/1604/1604 1605/1605/1605
f 1573/1573/1573 1572/1572/1572 1606/1606/1606
f 1572/1572/1572 1605/1605/1605 1606/1606/1606
f 1574/1574/1574 1573/1573/1573 1607/1607/1607
f 1573/1573/1573 1606/1606/1606 1607/1607/1607
f 1575/1575/1575 1574/1574/1574 1608/1608/1608
f 1574/1574/1574 1607/1607/1607 1608/1608/1608
f 1576/1576/1576 1575/1575/1575 1609/1609/1609
f 1575/1575/1575 1608/1608/1608 1609/1609/1609
f 1577/1577/1577 1576/1576/1576 1610/1610/1610
f 1576/1576/1576 1609/1609/1609 1610/1610/1610
f 1578/1578/1578 1577/1577/1577 1611/1611/1611
f 1577/1577/1577 1610/1610/1610 1611/1611/1611
f 1579/1579/1579 1578/1578/1578 1612/1612/1612
f 1578/1578/1578 1611/1611/1611 1612/1612/1612
f 1580/1580/1580 1579/1579/1579 1613/1613/1613
f 1579/1579/1579 1612/1612/1612 1613/1613/1613
f 1581/1581/1581 1580/1580/1580 1614/1614/1614
f 1580/1580/1580 1613/1613/1613 1614/1614/1614
f 1582/1582/1582 1581/1581/1581 1615/1615/1615
f 1581/1581/1581 1614/1614/1614 1615/1615/1615
f 1583/1583/1583 1582/1582/1582 1616/1616/1616
f 1582/1582/1582 1615/1615/1615 1616/1616/1616
f 1584/1584/1584 1583/1583/1583 1617/1617/1617
f 1583/1583/1583 1616/1616/1616 1617/1617/1617
f 1585/1585/1585 1584/1584/1584 1618/1618/1618
f 1584/1584/1584 1617/1617/1617 1618/1618/1618
f 1587/1587/1587 1586/1586/1586 1620/1620/1620
f 1586/1586/1586 1619/1619/1619 1620/1620/1620
f 1588/1588/1588 1587/1587/1587 1621/1621/1621
f 1587/1587/1587 1620/1620/1620 1621/1621/1621
f 1589/1589/1589 1588/1588/1588 1622/1622/1622
f 1588/1588/1588 1621/1621/1621 1622/1622/1622
f 1590/1590/1590 1589/1589/1589 1623/1623/1623
f 1589/1589/1589 1622/1622/1622 1623/1623/1623
f 1591/1591/1591 1590/1590/1590 1624/1624/1624
f 1590/1590/1590 1623/1623/1623 1624/1624/1624
f 1592/1592/1592 1591/1591/1591 1625/1625/1625
f 1591/1591/1591 1624/1624/1624 1625/1625/1625
f 1593/1593/1593 1592/1592/1592 1626/1626/1626
f 1592/1592/1592 1625/1625/1625 1626/1626/1626
f 1594/1594/1594 1593/1593/1593 1627/1627/1627
f 1593/1593/1593 1626/1626/1626 1627/1627/1627
f 1595/1595/1595 1594/1594/1594 1628/1628/1628
f 1594/1594/1594 1627/1627/1627 1628/1628/1628
f 1596/1596/1596 1595/1595/1595 1629/1629/1629
f 1595/1595/1595 1628/1628/1628 1629/1629/1629
f 1597/1597/1597 1596/1596/1596 1630/1630/1630
f 1596/1596/1596 1629/1629/1629 1630/1630/1630
f 1598/1598/1598 1597/1597/1597 1631/1631/1631
f 1597/1597/1597 1630/1630/1630 1631/1631/1631
f 1599/1599/1599 1598/1598/1598 1632/1632/1632
f 1598/1598/1598 1631/1631/1631 1632/1632/1632
f 1600/1600/1600 1599/1599/1599 1633/1633/1633
f 1599/1599/1599 1632/1632/1632 1633/1633/1633
f 1601/1601/1601 1600/1600/1600 1634/1634/1634
f 1600/1600/1600 1633/1633/1633 1634/1634/1634
f 1602/1602/1602 1601/1601/1601 1635/1635/1635
f 1601/1601/1601 1634/1634/1634 1635/1635/1635
f 1603/1603/1603 1602/1602/1602 1636/1636/1636
f 1602/1602/1602 1635/1635/1635 1636/1636/1636
f 1604/1604/1604 1603/1603/1603 1637/1637/1637
f 1603/1603/1603 1636/1636/1636 1637/1637/1637
f 1605/1605/1605 1604/1604/1604 1638/1638/1638
f 1604/1604/1604 1637/1637/1637 1638/1638/1638
f 1606/1606/1606 1605/1605/1605 1639/1639/1639
f 1605/1605/1605 1638/1638/1638 1639/1639/1639
f 1607/1607/1607 1606/1606/1606 1640/1640/1640
f 1606/1606/1606 1639/1639/1639 1640/1640/1640
f 1608/1608/1608 1607/1607/1607 1641/1641/1641
f 1607/1607/1607 1640/1640/1640 1641/1641/1641
f 1609/1609/1609 1608/1608/1608 1642/1642/1642
f 1608/1608/1608 1641/1641/1641 1642/1642/1642
f 1610/1610/1610 1609/1609/1609 1643/1643/1643
f 1609/1609/1609 1642/1642/1642 1643/1643/1643
f 1611/1611/1611 1610/1610/1610 1644/1644/1644
f 1610/1610/1610 1643/1643/1643 1644/1644/1644
f 1612/1612/1612 1611/1611/1611 1645/1645/1645
f 1611/1611/1611 1644/1644/1644 1645/1645/1645
f 1613/1613/1613 1612/1612/1612 1646/1646/1646
f 1612/1612/1612 1645/1645/1645 1646/1646/1646
f 1614/1614/1614 1613/1613/1613 1647/1647/1647
f 1613/1613/1613 1646/1646/1646 1647/1647/1647
f 1615/1615/1615 1614/1614/1614 1648/1648/1648
f 1614/1614/1614 1647/1647/1647 1648/1648/1648
f 1616/1616/1616 1615/1615/1615 1649/1649/1649
f 1615/1615/1615 1648/1648/1648 1649/1649/1649
f 1617/1617/1617 1616/1616/1616 1650/1650/1650
f 1616/1616/1616 1649/1649/1649 1650/1650/1650
f 1618/1618/1618 1617/1617/1617 1651/1651/1651
f 1617/1617/1617 1650/1650/1650 1651/1651/1651
f 1620/1620/1620 1619/1619/1619 1653/1653/1653
f 1619/1619/1619 1652/1652/1652 1653/1653/1653
f 1621/1621/1621 1620/1620/1620 1654/1654/1654
f 1620/1620/1620 1653/1653/1653 1654/1654/1654
f 1622/1622/1622 1621/1621/1621 1655/1655/1655
f 1621/1621/1621 1654/1654/1654 1655/1655/1655
f 1623/1623/1623 1622/1622/1622 1656/1656/1656
f 1622/1622/1622 1655/1655/1655 1656/1656/1656
f 1624/1624/1624 1623/1623/1623 1657/1657/1657
f 1623/1623/1623 1656/1656/1656 1657/1657/1657
f 1625/1625/1625 1624/1624/1624 1658/1658/1658
f 1624/1624/1624 1657/1657/1657 1658/1658/1658
f 1626/1626/1626 1625/1625/1625 1659/1659/1659
f 1625/1625/1625 1658/1658/1658 1659/1659/1659
f 1627/1627/1627 1626/1626/1626 1660/1660/1660
f 1626/1626/1626 1659/1659/1659 1660/1660/1660
f 1628/1628/1628 1627/1627/1627 1661/1661/1661
f 1627/1627/1627 1660/1660/1660 1661/1661/1661
f 1629/1629/1629 1628/1628/1628 1662/1662/1662
f 1628/1628/1628 1661/1661/1661 1662/1662/1662
f 1630/1630/1630 1629/1629/1629 1663/1663/1663
f 1629/1629/1629 1662/1662/1662 1663/1663/1663
f 1631/1631/1631 1630/1630/1630 1664/1664/1664
f 1630/1630/1630 1663/1663/1663 1664/1664/1664
f 1632/1632/1632 1631/1631/1631 1665/1665/1665
f 1631/1631/1631 1664/1664/1664 1665/1665/1665
f 1633/1633/1633 1632/1632/1632 1666/1666/1666
f 1632/1632/1632 1665/1665/1665 1666/1666/1666
f 1634/1634/1634 1633/1633/1633 1667/1667/1667
f 1633/1633/1633 1666/1666/1666 1667/1667/1667
f 1635/1635/1635 1634/1634/1634 1668/1668/1668
f 1634/1634/1634 1667/1667/1667 1668/1668/1668
f 1636/1636/1636 1635/1635/1635 1669/1669/1669
f 1635/1635/1635 1668/1668/1668 1669/1669/1669
f 1637/1637/1637 1636/1636/1636 1670/1670/1670
f 1636/1636/1636 1669/1669/1669 1670/1670/1670
f 1638/1638/1638 1637/1637/1637 1671/1671/1671
f 1637/1637/1637 1670/1670/1670 1671/1671/1671
f 1639/1639/1639 1638/1638/1638 1672/1672/1672
f 1638/1638/1638 1671/1671/1671 1672/1672/1672
f 1640/1640/1640 1639/1639/1639 1673/1673/1673
f 1639/1639/1639 1672/1672/1672 1673/1673/1673
f 1641/1641/1641 1640/1640/1640 1674/1674/1674
f 1640/1640/1640 1673/1673/1673 1674/1674/1674
f 1642/1642/1642 1641/1641/1641 1675/1675/1675
f 1641/1641/1641 1674/1674/1674 1675/1675/1675
f 1643/1643/1643 1642/1642/1642 1676/1676/1676
f 1642/1642/1642 1675/1675/1675 1676/1676/1676
f 1644/1644/1644 1643/1643/1643 1677/1677/1677
f 1643/1643/1643 1676/1676/1676 1677/1677/1677
f 1645/1645/1645 1644/1644/1644 1678/1678/1678
f 1644/1644/1644 1677/1677/1677 1678/1678/1678
f 1646/1646/1646 1645/1645/1645 1679/1679/1679
f 1645/1645/1645 1678/1678/1678 1679/1679/1679
f 1647/1647/1647 1646/1646/1646 1680/1680/1680
f 1646/1646/1646 1679/1679/1679 1680/1680/1680
f 1648/1648/1648 1647/1647/1647 1681/1681/1681
f 1647/1647/1647 1680/1680/1680 1681/1681/1681
f 1649/1649/1649 1648/1648/1648 1682/1682/1682
f 1648/1648/1648 1681/1681/1681 1682/1682/1682
f 1650/1650/1650 1649/1649/1649 1683/1683/1683
f 1649/1649/1649 1682/1682/1682 1683/1683/1683
f 1651/1651/1651 1650/1650/1650 1684/1684/1684
f 1650/1650/1650 1683/1683/1683 1684/1684/1684
f 1653/1653/1653 1652/1652/1652 1686/1686/1686
f 1652/1652/1652 1685/1685/1685 1686/1686/1686
f 1654/1654/1654 1653/1653/1653 1687/1687/1687
f 1653/1653/1653 1686/1686/1686 1687/1687/1687
f 1655/1655/1655 1654/1654/1654 1688/1688/1688
f 1654/1654/1654 1687/1687/1687 1688/1688/1688
f 1656/1656/1656 1655/1655/1655 1689/1689/1689
f 1655/1655/1655 1688/1688/1688 1689/1689/1689
f 1657/1657/1657 1656/1656/1656 1690/1690/1690
f 1656/1656/1656 1689/1689/1689 1690/1690/1690
f 1658/1658/1658 1657/1657/1657 1691/1691/1691
f 1657/1657/1657 1690/1690/1690 1691/1691/1691
f 1659/1659/1659 1658/1658/1658 1692/1692/1692
f 1658/1658/1658 1691/1691/1691 1692/1692/1692
f 1660/1660/1660 1659/1659/1659 1693/1693/1693
f 1659/1659/1659 1692/1692/1692 1693/1693/1693
f 1661/1661/1661 1660/1660/1660 1694/1694/1694
f 1660/1660/1660 1693/1693/1693 1694/1694/1694
f 1662/1662/1662 1661/1661/1661 1695/1695/1695
f 1661/1661/1661 1694/1694/1694 1695/1695/1695
f 1663/1663/1663 1662/1662/1662 1696/1696/1696
f 1662/1662/1662 1695/1695/1695 1696/1696/1696
f 1664/1664/1664 1663/1663/1663 1697/1697/1697
f 1663/1663/1663 1696/1696/1696 1697/1697/1697
f 1665/1665/1665 1664/1664/1664 1698/1698/1698
f 1664/1664/1664 1697/1697/1697 1698/1698/1698
f 1666/1666/1666 1665/1665/1665 1699/1699/1699
f 1665/1665/1665 1698/1698/1698 1699/1699/1699
f 1667/1667/1667 1666/1666/1666 1700/1700/1700
f 1666/1666/1666 1699/1699/1699 1700/1700/1700
f 1668/1668/1668 1667/1667/1667 1701/1701/1701
f 1667/1667/1667 1700/1700/1700 1701/1701/1701
f 1669/1669/1669 1668/1668/1668 1702/1702/1702
f 1668/1668/1668 1701/1701/1701 1702/1702/1702
f 1670/1670/1670 1669/1669/1669 1703/1703/1703
f 1669/1669/1669 1702/1702/1702 1703/1703/1703
f 1671/1671/1671 1670/1670/1670 1704/1704/1704
f 1670/1670/1670 1703/1703/1703 1704/1704/1704
f 1672/1672/1672 1671/1671/1671 1705/1705/1705
f 1671/1671/1671 1704/1704/1704 1705/1705/1705
f 1673/1673/1673 1672/1672/1672 1706/1706/1706
f 1672/1672/1672 1705/1705/1705 1706/1706/1706
f 1674/1674/1674 1673/1673/1673 1707/1707/1707
f 1673/1673/1673 1706/1706/1706 1707/1707/1707
f 1675/1675/1675 1674/1674/1674 1708/1708/1708
f 1674/1674/1674 1707/1707/1707 1708/1708/1708
f 1676/1676/1676 1675/1675/1675 1709/1709/1709
f 1675/1675/1675 1708/1708/1708 1709/1709/1709
f 1677/1677/1677 1676/1676/1676 1710/1710/1710
f 1676/1676/1676 1709/1709/1709 1710/1710/1710
f 1678/1678/1678 1677/1677/1677 1711/1711/1711
f 1677/1677/1677 1710/1710/1710 1711/1711/1711
f 1679/1679/1679 1678/1678/1678 1712/1712/1712
f 1678/1678/1678 1711/1711/1711 1712/1712/1712
f 1680/1680/1680 1679/1679/1679 1713/1713/1713
f 1679/1679/1679 1712/1712/1712 1713/1713/1713
f 1681/1681/1681 1680/1680/1680 1714/1714/1714
f 1680/1680/1680 1713/1713/1713 1714/1714/1714
f 1682/1682/1682 1681/1681/1681 1715/1715/1715
f 1681/1681/1681 1714/1714/1714 1715/1715/1715
f 1683/1683/1683 1682/1682/1682 1716/1716/1716
f 1682/1682/1682 1715/1715/1715 1716/1716/1716
f 1684/1684/1684 1683/1683/1683 1717/1717/1717
f 1683/1683/1683 1716/1716/1716 1717/1717/1717
f 1686/1686/1686 1685/1685/1685 1719/1719/1719
f 1685/1685/1685 1718/1718/1718 1719/1719/1719
f 1687/1687/1687 1686/1686/1686 1720/1720/1720
f 1686/1686/1686 1719/1719/1719 1720/1720/1720
f 1688/1688/1688 1687/1687/1687 1721/1721/1721
f 1687/1687/1687 1720/1720/1720 1721/1721/1721
f 1689/1689/1689 1688/1688/1688 1722/1722/1722
f 1688/1688/1688 1721/1721/1721 1722/1722/1722
f 1690/1690/1690 1689/1689/1689 1723/1723/1723
f 1689/1689/1689 1722/1722/1722 1723/1723/1723
f 1691/1691/1691 1690/1690/1690 1724/1724/1724
f 1690/1690/1690 1723/1723/1723 1724/1724/1724
f 1692/1692/1692 1691/1691/1691 1725/1725/1725
f 1691/1691/1691 1724/1724/1724 1725/1725/1725
f 1693/1693/1693 1692/1692/1692 1726/1726/1726
f 1692/1692/1692 1725/1725/1725 1726/1726/1726
f 1694/1694/1694 1693/1693/1693 1727/1727/1727
f 1693/1693/1693 1726/1726/1726 1727/1727/1727
f 1695/1695/1695 1694/1694/1694 1728/1728/1728
f 1694/1694/1694 1727/1727/1727 1728/1728/1728
f 1696/1696/1696 1695/1695/1695 1729/1729/1729
f 1695/1695/1695 1728/1728/1728 1729/1729/1729
f 1697/1697/1697 1696/1696/1696 1730/1730/1730
f 1696/1696/1696 1729/1729/1729 1730/1730/1730
f 1698/1698/1698 1697/1697/1697 1731/1731/1731
f 1697/1697/1697 1730/1730/1730 1731/1731/1731
f 1699/1699/1699 1698/1698/1698 1732/1732/1732
f 1698/1698/1698 1731/1731/1731 1732/1732/1732
f 1700/1700/1700 1699/1699/1699 1733/1733/1733
f 1699/1699/1699 1732/1732/1732 1733/1733/1733
f 1701/1701/1701 1700/1700/1700 1734/1734/1734
f 1700/1700/1700 1733/1733/1733 1734/1734/1734
f 1702/1702/1702 1701/1701/1701 1735/1735/1735
f 1701/1701/1701 1734/1734/1734 1735/1735/1735
f 1703/1703/1703 1702/1702/1702 1736/1736/1736
f 1702/1702/1702 1735/1735/1735 1736/1736/1736
f 1704/1704/1704 1703/1703/1703 1737/1737/1737
f 1703/1703/1703 1736/1736/1736 1737/1737/1737
f 1705/1705/1705 1704/1704/1704 1738/1738/1738
f 1704/1704/1704 1737/1737/1737 1738/1738/1738
f 1706/1706/1706 1705/1705/1705 1739/1739/1739
f 1705/1705/1705 1738/1738/1738 1739/1739/1739
f 1707/1707/1707 1706/1706/1706 1740/1740/1740
f 1706/1706/1706 1739/1739/1739 1740/1740/1740
f 1708/1708/1708 1707/1707/1707 1741/1741/1741
f 1707/1707/1707 1740/1740/1740 1741/1741/1741
f 1709/1709/1709 1708/1708/1708 1742/1742/1742
f 1708/1708/1708 1741/1741/1741 1742/1742/1742
f 1710/1710/1710 1709/1709/1709 1743/1743/1743
f 1709/1709/1709 1742/1742/1742 1743/1743/1743
f 1711/1711/1711 1710/1710/1710 1744/1744/1744
f 1710/1710/1710 1743/1743/1743 1744/1744/1744
f 1712/1712/1712 1711/1711/1711 1745/1745/1745
f 1711/1711/1711 1744/1744/1744 1745/1745/1745
f 1713/1713/1713 1712/1712/1712 1746/1746/1746
f 1712/1712/1712 1745/1745/1745 1746/1746/1746
f 1714/1714/1714 1713/1713/1713 1747/1747/1747
f 1713/1713/1713 1746/1746/1746 1747/1747/1747
f 1715/1715/1715 1714/1714/1714 1748/1748/1748
f 1714/1714/1714 1747/1747/1747 1748/1748/1748
f 1716/1716/1716 1715/1715/1715 1749/1749/1749
f 1715/1715/1715 1748/1748/1748 1749/1749/1749
f 1717/1717/1717 1716/1716/1716 1750/1750/1750
f 1716/1716/1716 1749/1749/1749 1750/1750/1750
f 1719/1719/1719 1718/1718/1718 1752/1752/1752
f 1718/1718/1718 1751/1751/1751 1752/1752/1752
f 1720/1720/1720 1719/1719/1719 1753/1753/1753
f 1719/1719/1719 1752/1752/1752 1753/1753/1753
f 1721/1721/1721 1720/1720/1720 1754/1754/1754
f 1720/1720/1720 1753/1753/1753 1754/1754/1754
f 1722/1722/1722 1721/1721/1721 1755/1755/1755
f 1721/1721/1721 1754/1754/1754 1755/1755/1755
f 1723/1723/1723 1722/1722/1722 1756/1756/1756
f 1722/1722/1722 1755/1755/1755 1756/1756/1756
f 1724/1724/1724 1723/1723/1723 1757/1757/1757
f 1723/1723/1723 1756/1756/1756 1757/1757/1757
f 1725/1725/1725 1724/1724/1724 1758/1758/1758
f 1724/1724/1724 1757/1757/1757 1758/1758/1758
f 1726/1726/1726 1725/1725/1725 1759/1759/1759
f 1725/1725/1725 1758/1758/1758 1759/1759/1759
f 1727/1727/1727 1726/1726/1726 1760/1760/1760
f 1726/1726/1726 1759/1759/1759 1760/1760/1760
f 1728/1728/1728 1727/1727/1727 1761/1761/1761
f 1727/1727/1727 1760/1760/1760 1761/1761/1761
f 1729/1729/1729 1728/1728/1728 1762/1762/1762
f 1728/1728/1728 1761/1761/1761 1762/1762/1762
f 1730/1730/1730 1729/1729/1729 1763/1763/1763
f 1729/1729/1729 1762/1762/1762 1763/1763/1763
f 1731/1731/1731 1730/1730/1730 1764/1764/1764
f 1730/1730/1730 1763/1763/1763 1764/1764/1764
f 1732/1732/1732 1731/1731/1731 1765/1765/1765
f 1731/1731/1731 1764/1764/1764 1765/1765/1765
f 1733/1733/1733 1732/1732/1732 1766/1766/1766
f 1732/1732/1732 1765/1765/1765 1766/1766/1766
f 1734/1734/1734 1733/1733/1733 1767/1767/1767
f 1733/1733/1733 1766/1766/1766 1767/1767/1767
f 1735/1735/1735 1734/1734/1734 1768/1768/1768
f 1734/1734/1734 1767/1767/1767 1768/1768/1768
f 1736/1736/1736 1735/1735/1735 1769/1769/1769
f 1735/1735/1735 1768/1768/1768 1769/1769/1769
f 1737/1737/1737 1736/1736/1736 1770/1770/1770
f 1736/1736/1736 1769/1769/1769 1770/1770/1770
f 1738/1738/1738 1737/1737/1737 1771/1771/1771
f 1737/1737/1737 1770/1770/1770 1771/1771/1771
f 1739/1739/1739 1738/1738/1738 1772/1772/1772
f 1738/1738/1738 1771/1771/1771 1772/1772/1772
f 1740/1740/1740 1739/1739/1739 1773/1773/1773
f 1739/1739/1739 1772/1772/1772 1773/1773/1773
f 1741/1741/1741 1740/1740/1740 1774/1774/1774
f 1740/1740/1740 1773/1773/1773 1774/1774/1774
f 1742/1742/1742 1741/1741/1741 1775/1775/1775
f 1741/1741/1741 1774/1774/1774 1775/1775/1775
f 1743/1743/1743 1742/1742/1742 1776/1776/1776
f 1742/1742/1742 1775/1775/1775 1776/1776/1776
f 1744/1744/1744 1743/1743/1743 1777/1777/1777
f 1743/1743/1743 1776/1776/1776 1777/1777/1777
f 1745/1745/1745 1744/1744/1744 1778/1778/1778
f 1744/1744/1744 1777/1777/1777 1778/1778/1778
f 1746/1746/1746 1745/1745/1745 1779/1779/1779
f 1745/1745/1745 1778/1778/1778 1779/1779/1779
f 1747/1747/1747 1746/1746/1746 1780/1780/1780
f 1746/1746/1746 1779/1779/1779 1780/1780/1780
f 1748/1748/1748 1747/1747/1747 1781/1781/1781
f 1747/1747/1747 1780/1780/1780 1781/1781/1781
f 1749/1749/1749 1748/1748/1748 1782/1782/1782
f 1748/1748/1748 1781/1781/1781 1782/1782/1782
f 1750/1750/1750 1749/1749/1749 1783/1783/1783
f 1749/1749/1749 1782/1782/1782 1783/1783/1783
f 1752/1752/1752 1751/1751/1751 1785/1785/1785
f 1751/1751/1751 1784/1784/1784 1785/1785/1785
f 1753/1753/1753 1752/1752/1752 1786/1786/1786
f 1752/1752/1752 1785/1785/1785 1786/1786/1786
f 1754/1754/1754 1753/1753/1753 1787/1787/1787
f 1753/1753/1753 1786/1786/1786 1787/1787/1787
f 1755/1755/1755 1754/1754/1754 1788/1788/1788
f 1754/1754/1754 1787/1787/1787 1788/1788/1788
f 1756/1756/1756 1755/1755/1755 1789/1789/1789
f 1755/1755/1755 1788/1788/1788 1789/1789/1789
f 1757/1757/1757 1756/1756/1756 1790/1790/1790
f 1756/1756/1756 1789/1789/1789 1790/1790/1790
f 1758/1758/1758 1757/1757/1757 1791/1791/1791
f 1757/1757/1757 1790/1790/1790 1791/1791/1791
f 1759/1759/1759 1758/1758/1758 1792/1792/1792
f 1758/1758/1758 1791/1791/1791 1792/1792/1792
f 1760/1760/1760 1759/1759/1759 1793/1793/1793
f 1759/1759/1759 1792/1792/1792 1793/1793/1793
f 1761/1761/1761 1760/1760/1760 1794/1794/1794
f 1760/1760/1760 1793/1793/1793 1794/1794/1794
f 1762/1762/1762 1761/1761/1761 1795/1795/1795
f 1761/1761/1761 1794/1794/1794 1795/1795/1795
f 1763/1763/1763 1762/1762/1762 1796/1796/1796
f 1762/1762/1762 1795/1795/1795 1796/1796/1796
f 1764/1764/1764 1763/1763/1763 1797/1797/1797
f 1763/1763/1763 1796/1796/1796 1797/1797/1797
f 1765/1765/1765 1764/1764/1764 1798/1798/1798
f 1764/1764/1764 1797/1797/1797 1798/1798/1798
f 1766/1766/1766 1765/1765/1765 1799/1799/1799
f 1765/1765/1765 1798/1798/1798 1799/1799/1799
f 1767/1767/1767 1766/1766/1766 1800/1800/1800
f 1766/1766/1766 1799/1799/1799 1800/1800/1800
f 1768/1768/1768 1767/1767/1767 1801/1801/1801
f 1767/1767/1767 1800/1800/1800 1801/1801/1801
f 1769/1769/1769 1768/1768/1768 1802/1802/1802
f 1768/1768/1768 1801/1801/1801 1802/1802/1802
f 1770/1770/1770 1769/1769/1769 1803/1803/1803
f 1769/1769/1769 1802/1802/1802 1803/1803/1803
f 1771/1771/1771 1770/1770/1770 1804/1804/1804
f 1770/1770/1770 1803/1803/1803 1804/1804/1804
f 1772/1772/1772 1771/1771/1771 1805/1805/1805
f 1771/1771/1771 1804/1804/1804 1805/1805/1805
f 1773/1773/1773 1772/1772/1772 1806/1806/1806
f 1772/1772/1772 1805/1805/1805 1806/1806/1806
f 1774/1774/1774 1773/1773/1773 1807/1807/1807
f 1773/1773/1773 1806/1806/1806 1807/1807/1807
f 1775/1775/1775 1774/1774/1774 1808/1808/1808
f 1774/1774/1774 1807/1807/1807 1808/1808/1808
f 1776/1776/1776 1775/1775/1775 1809/1809/1809
f 1775/1775/1775 1808/1808/1808 1809/1809/1809
f 1777/1777/1777 1776/1776/1776 1810/1810/1810
f 1776/1776/1776 1809/1809/1809 1810/1810/1810
f 1778/1778/1778 1777/1777/1777 1811/1811/1811
f 1777/1777/1777 1810/1810/1810 1811/1811/1811
f 1779/1779/1779 1778/1778/1778 1812/1812/1812
f 1778/1778/1778 1811/1811/1811 1812/1812/1812
f 1780/1780/1780 1779/1779/1779 1813/1813/1813
f 1779/1779/1779 1812/1812/1812 1813/1813/1813
f 1781/1781/1781 1780/1780/1780 1814/1814/1814
f 1780/1780/1780 1813/1813/1813 1814/1814/1814
f 1782/1782/1782 1781/1781/1781 1815/1815/1815
f 1781/1781/1781 1814/1814/1814 1815/1815/1815
f 1783/1783/1783 1782/1782/1782 1816/1816/1816
f 1782/1782/1782 1815/1815/1815 1816/1816/1816
f 1785/1785/1785 1784/1784/1784 1818/1818/1818
f 1784/1784/1784 1817/1817/1817 1818/1818/1818
f 1786/1786/1786 1785/1785/1785 1819/1819/1819
f 1785/1785/1785 1818/1818/1818 1819/1819/1819
f 1787/1787/1787 1786/1786/1786 1820/1820/1820
f 1786/1786/1786 1819/1819/1819 1820/1820/1820
f 1788/1788/1788 1787/1787/1787 1821/1821/1821
f 1787/1787/1787 1820/1820/1820 1821/1821/1821
f 1789/1789/1789 1788/1788/1788 1822/1822/1822
f 1788/1788/1788 1821/1821/1821 1822/1822/1822
f 1790/1790/1790 1789/1789/1789 1823/1823/1823
f 1789/1789/1789 1822/1822/1822 1823/1823/1823
f 1791/1791/1791 1790/1790/1790 1824/1824/1824
f 1790/1790/1790 1823/1823/1823 1824/1824/1824
f 1792/1792/1792 1791/1791/1791 1825/1825/1825
f 1791/1791/1791 1824/1824/1824 1825/1825/1825
f 1793/1793/1793 1792/1792/1792 1826/1826/1826
f 1792/1792/1792 1825/1825/1825 1826/1826/1826
f 1794/1794/1794 1793/1793/1793 1827/1827/1827
f 1793/1793/1793 1826/1826/1826 1827/1827/1827
f 1795/1795/1795 1794/1794/1794 1828/1828/1828
f 1794/1794/1794 1827/1827/1827 1828/1828/1828
f 1796/1796/1796 1795/1795/1795 1829/1829/1829
f 1795/1795/1795 1828/1828/1828 1829/1829/1829
f 1797/1797/1797 1796/1796/1796 1830/1830/1830
f 1796/1796/1796 1829/1829/1829 1830/1830/1830
f 1798/1798/1798 1797/1797/1797 1831/1831/1831
f 1797/1797/1797 1830/1830/1830 1831/1831/1831
f 1799/1799/1799 1798/1798/1798 1832/1832/1832
f 1798/1798/1798 1831/1831/1831 1832/1832/1832
f 1800/1800/1800 1799/1799/1799 1833/1833/1833
f 1799/1799/1799 1832/1832/1832 1833/1833/1833
f 1801/1801/1801 1800/1800/1800 1834/1834/1834
f 1800/1800/1800 1833/1833/1833 1834/1834/1834
f 1802/1802/1802 1801/1801/1801 1835/1835/1835
f 1801/1801/1801 1834/1834/1834 1835/1835/1835
f 1803/1803/1803 1802/1802/1802 1836/1836/1836
f 1802/1802/1802 1835/1835/1835 1836/1836/1836
f 1804/1804/1804 1803/1803/1803 1837/1837/1837
f 1803/1803/1803 1836/1836/1836 1837/1837/1837
f 1805/1805/1805 1804/1804/1804 1838/1838/1838
f 1804/1804/1804 1837/1837/1837 1838/1838/1838
f 1806/1806/1806 1805/1805/1805 1839/1839/1839
f 1805/1805/1805 1838/1838/1838 1839/1839/1839
f 1807/1807/1807 1806/1806/1806 1840/1840/1840
f 1806/1806/1806 1839/1839/1839 1840/1840/1840
f 1808/1808/1808 1807/1807/1807 1841/1841/1841
f 1807/1807/1807 1840/1840/1840 1841/1841/1841
f 1809/1809/1809 1808/1808/1808 1842/1842/1842
f 1808/1808/1808 1841/1841/1841 1842/1842/1842
f 1810/1810/1810 1809/1809/1809 1843/1843/1843
f 1809/1809/1809 1842/1842/1842 1843/1843/1843
f 1811/1811/1811 1810/1810/1810 1844/1844/1844
f 1810/1810/1810 1843/1843/1843 1844/1844/1844
f 1812/1812/1812 1811/1811/1811 1845/1845/1845
f 1811/1811/1811 1844/1844/1844 1845/1845/1845
f 1813/1813/1813 1812/1812/1812 1846/1846/1846
f 1812/1812/1812 1845/1845/1845 1846/1846/1846
f 1814/1814/1814 1813/1813/1813 1847/1847/1847
f 1813/1813/1813 1846/1846/1846 1847/1847/1847
f 1815/1815/1815 1814/1814/1814 1848/1848/1848
f 1814/1814/1814 1847/1847/1847 1848/1848/1848
f 1816/1816/1816 1815/1815/1815 1849/1849/1849
f 1815/1815/1815 1848/1848/1848 1849/1849/1849
f 1818/1818/1818 1817/1817/1817 1851/1851/1851
f 1817/1817/1817 1850/1850/1850 1851/1851/1851
f 1819/1819/1819 1818/1818/1818 1852/1852/1852
f 1818/1818/1818 1851/1851/1851 1852/1852/1852
f 1820/1820/1820 1819/1819/1819 1853/1853/1853
f 1819/1819/1819 1852/1852/1852 1853/1853/1853
f 1821/1821/1821 1820/1820/1820 1854/1854/1854
f 1820/1820/1820 1853/1853/1853 1854/1854/1854
f 1822/1822/1822 1821/1821/1821 1855/1855/1855
f 1821/1821/1821 1854/1854/1854 1855/1855/1855
f 1823/1823/1823 1822/1822/1822 1856/1856/1856
f 1822/1822/1822 1855/1855/1855 1856/1856/1856
f 1824/1824/1824 1823/1823/1823 1857/1857/1857
f 1823/1823/1823 1856/1856/1856 1857/1857/1857
f 1825/1825/1825 1824/1824/1824 1858/1858/1858
f 1824/1824/1824 1857/1857/1857 1858/1858/1858
f 1826/1826/1826 1825/1825/1825 1859/1859/1859
f 1825/1825/1825 1858/1858/1858 1859/1859/1859
f 1827/1827/1827 1826/1826/1826 1860/1860/1860
f 1826/1826/1826 1859/1859/1859 1860/1860/1860
f 1828/1828/1828 1827/1827/1827 1861/1861/1861
f 1827/1827/1827 1860/1860/1860 1861/1861/1861
f 1829/1829/1829 1828/1828/1828 1862/1862/1862
f 1828/1828/1828 1861/1861/1861 1862/1862/1862
f 1830/1830/1830 1829/1829/1829 1863/1863/1863
f 1829/1829/1829 1862/1862/1862 1863/1863/1863
f 1831/1831/1831 1830/1830/1830 1864/1864/1864
f 1830/1830/1830 1863/1863/1863 1864/1864/1864
f 1832/1832/1832 1831/1831/1831 1865/1865/1865
f 1831/1831/1831 1864/1864/1864 1865/1865/1865
f 1833/1833/1833 1832/1832/1832 1866/1866/1866
f 1832/1832/1832 1865/1865/1865 1866/1866/1866
f 1834/1834/1834 1833/1833/1833 1867/1867/1867
f 1833/1833/1833 1866/1866/1866 1867/1867/1867
f 1835/1835/1835 1834/1834/1834 1868/1868/1868
f 1834/1834/1834 1867/1867/1867 1868/1868/1868
f 1836/1836/1836 1835/1835/1835 1869/1869/1869
f 1835/1835/1835 1868/1868/1868 1869/1869/1869
f 1837/1837/1837 1836/1836/1836 1870/1870/1870
f 1836/1836/1836 1869/1869/1869 1870/1870/1870
f 1838/1838/1838 1837/1837/1837 1871/1871/1871
f 1837/1837/1837 1870/1870/1870 1871/1871/1871
f 1839/1839/1839 1838/1838/1838 1872/1872/1872
f 1838/1838/1838 1871/1871/1871 1872/1872/1872
f 1840/1840/1840 1839/1839/1839 1873/1873/1873
f 1839/1839/1839 1872/1872/1872 1873/1873/1873
f 1841/1841/1841 1840/1840/1840 1874/1874/1874
f 1840/1840/1840 1873/1873/1873 1874/1874/1874
f 1842/1842/1842 1841/1841/1841 1875/1875/1875
f 1841/1841/1841 1874/1874/1874 1875/1875/1875
f 1843/1843/1843 1842/1842/1842 1876/1876/1876
f 1842/1842/1842 1875/1875/1875 1876/1876/1876
f 1844/1844/1844 1843/1843/1843 1877/1877/1877
f 1843/1843/1843 1876/1876/1876 1877/1877/1877
f 1845/1845/1845 1844/1844/1844 1878/1878/1878
f 1844/1844/1844 1877/1877/1877 1878/1878/1878
f 1846/1846/1846 1845/1845/1845 1879/1879/1879
f 1845/1845/1845 1878/1878/1878 1879/1879/1879
f 1847/1847/1847 1846/1846/1846 1880/1880/1880
f 1846/1846/1846 1879/1879/1879 1880/1880/1880
f 1848/1848/1848 1847/1847/1847 1881/1881/1881
f 1847/1847/1847 1880/1880/1880 1881/1881/1881
f 1849/1849/1849 1848/1848/1848 1882/1882/1882
f 1848/1848/1848 1881/1881/1881 1882/1882/1882
f 1851/1851/1851 1850/1850/1850 1884/1884/1884
f 1850/1850/1850 1883/1883/1883 1884/1884/1884
f 1852/1852/1852 1851/1851/1851 1885/1885/1885
f 1851/1851/1851 1884/1884/1884 1885/1885/1885
f 1853/1853/1853 1852/1852/1852 1886/1886/1886
f 1852/1852/1852 1885/1885/1885 1886/1886/1886
f 1854/1854/1854 1853/1853/1853 1887/1887/1887
f 1853/1853/1853 1886/1886/1886 1887/1887/1887
f 1855/1855/1855 1854/1854/1854 1888/1888/1888
f 1854/1854/1854 1887/1887/1887 1888/1888/1888
f 1856/1856/1856 1855/1855/1855 1889/1889/1889
f 1855/1855/1855 1888/1888/1888 1889/1889/1889
f 1857/1857/1857 1856/1856/1856 1890/1890/1890
f 1856/1856/1856 1889/1889/1889 1890/1890/1890
f 1858/1858/1858 1857/1857/1857 1891/1891/1891
f 1857/1857/1857 1890/1890/1890 1891/1891/1891
f 1859/1859/1859 1858/1858/1858 1892/1892/1892
f 1858/1858/1858 1891/1891/1891 1892/1892/1892
f 1860/1860/1860 1859/1859/1859 1893/1893/1893
f 1859/1859/1859 1892/1892/1892 1893/1893/1893
f 1861/1861/1861 1860/1860/1860 1894/1894/1894
f 1860/1860/1860 1893/1893/1893 1894/1894/1894
f 1862/1862/1862 1861/1861/1861 1895/1895/1895
f 1861/1861/1861 1894/1894/1894 1895/1895/1895
f 1863/1863/1863 1862/1862/1862 1896/1896/1896
f 1862/1862/1862 1895/1895/1895 1896/1896/1896
f 1864/1864/1864 1863/1863/1863 1897/1897/1897
f 1863/1863/1863 1896/1896/1896 1897/1897/1897
f 1865/1865/1865 1864/1864/1864 1898/1898/1898
f 1864/1864/1864 1897/1897/1897 1898/1898/1898
f 1866/1866/1866 1865/1865/1865 1899/1899/1899
f 1865/1865/1865 1898/1898/1898 1899/1899/1899
f 1867/1867/1867 1866/1866/1866 1900/1900/1900
f 1866/1866/1866 1899/1899/1899 1900/1900/1900
f 1868/1868/1868 1867/1867/1867 1901/1901/1901
f 1867/1867/1867 1900/1900/1900 1901/1901/1901
f 1869/1869/1869 1868/1868/1868 1902/1902/1902
f 1868/1868/1868 1901/1901/1901 1902/1902/1902
f 1870/1870/1870 1869/1869/1869 1903/1903/1903
f 1869/1869/1869 1902/1902/1902 1903/1903/1903
f 1871/1871/1871 1870/1870/1870 1904/1904/1904
f 1870/1870/1870 1903/1903/1903 1904/1904/1904
f 1872/1872/1872 1871/1871/1871 1905/1905/1905
f 1871/1871/1871 1904/1904/1904 1905/1905/1905
f 1873/1873/1873 1872/1872/1872 1906/1906/1906
f 1872/1872/1872 1905/1905/1905 1906/1906/1906
f 1874/1874/1874 1873/1873/1873 1907/1907/1907
f 1873/1873/1873 1906/1906/1906 1907/1907/1907
f 1875/1875/1875 1874/1874/1874 1908/1908/1908
f 1874/1874/1874 1907/1907/1907 1908/1908/1908
f 1876/1876/1876 1875/1875/1875 1909/1909/1909
f 1875/1875/1875 1908/1908/1908 1909/1909/1909
f 1877/1877/1877 1876/1876/1876 1910/1910/1910
f 1876/1876/1876 1909/1909/1909 1910/1910/1910
f 1878/1878/1878 1877/1877/1877 1911/1911/1911
f 1877/1877/1877 1910/1910/1910 1911/1911/1911
f 1879/1879/1879 1878/1878/1878 1912/1912/1912
f 1878/1878/1878 1911/1911/1911 1912/1912/1912
f 1880/1880/1880 1879/1879/1879 1913/1913/1913
f 1879/1879/1879 1912/1912/1912 1913/1913/1913
f 1881/1881/1881 1880/1880/1880 1914/1914/1914
f 1880/1880/1880 1913/1913/1913 1914/1914/1914
f 1882/1882/1882 1881/1881/1881 1915/1915/1915
f 1881/1881/1881 1914/1914/1914 1915/1915/1915
f 1884/1884/1884 1883/1883/1883 1917/1917/1917
f 1883/1883/1883 1916/1916/1916 1917/1917/1917
f 1885/1885/1885 1884/1884/1884 1918/1918/1918
f 1884/1884/1884 1917/1917/1917 1918/1918/1918
f 1886/1886/1886 1885/1885/1885 1919/1919/1919
f 1885/1885/1885 1918/1918/1918 1919/1919/1919
f 1887/1887/1887 1886/1886/1886 1920/1920/1920
f 1886/1886/1886 1919/1919/1919 1920/1920/1920
f 1888/1888/1888 1887/1887/1887 1921/1921/1921
f 1887/1887/1887 1920/1920/1920 1921/1921/1921
f 1889/1889/1889 1888/1888/1888 1922/1922/1922
f 1888/1888/1888 1921/1921/1921 1922/1922/1922
f 1890/1890/1890 1889/1889/1889 1923/1923/1923
f 1889/1889/1889 1922/1922/1922 1923/1923/1923
f 1891/1891/1891 1890/1890/1890 1924/1924/1924
f 1890/1890/1890 1923/1923/1923 1924/1924/1924
f 1892/1892/1892 1891/1891/1891 1925/1925/1925
f 1891/1891/1891 1924/1924/1924 1925/1925/1925
f 1893/1893/1893 1892/1892/1892 1926/1926/1926
f 1892/1892/1892 1925/1925/1925 1926/1926/1926
f 1894/1894/1894 1893/1893/1893 1927/1927/1927
f 1893/1893/1893 1926/1926/1926 1927/1927/1927
f 1895/1895/1895 1894/1894/1894 1928/1928/1928
f 1894/1894/1894 1927/1927/1927 1928/1928/1928
f 1896/1896/1896 1895/1895/1895 1929/1929/1929
f 1895/1895/1895 1928/1928/1928 1929/1929/1929
f 1897/1897/1897 1896/1896/1896 1930/1930/1930
f 1896/1896/1896 1929/1929/1929 1930/1930/1930
f 1898/1898/1898 1897/1897/1897 1931/1931/1931
f 1897/1897/1897 1930/1930/1930 1931/1931/1931
f 1899/1899/1899 1898/1898/1898 1932/1932/1932
f 1898/1898/1898 1931/1931/1931 1932/1932/1932
f 1900/1900/1900 1899/1899/1899 1933/1933/1933
f 1899/1899/1899 1932/1932/1932 1933/1933/1933
f 1901/1901/1901 1900/1900/1900 1934/1934/1934
f 1900/1900/1900 1933/1933/1933 1934/1934/1934
f 1902/1902/1902 1901/1901/1901 1935/1935/1935
f 1901/1901/1901 1934/1934/1934 1935/1935/1935
f 1903/1903/1903 1902/1902/1902 1936/1936/1936
f 1902/1902/1902 1935/1935/1935 1936/1936/1936
f 1904/1904/1904 1903/1903/1903 1937/1937/1937
f 1903/1903/1903 1936/1936/1936 1937/1937/1937
f 1905/1905/1905 1904/1904/1904 1938/1938/1938
f 1904/1904/1904 1937/1937/1937 1938/1938/1938
f 1906/1906/1906 1905/1905/1905 1939/1939/1939
f 1905/1905/1905 1938/1938/1938 1939/1939/1939
f 1907/1907/1907 1906/1906/1906 1940/1940/1940
f 1906/1906/1906 1939/1939/1939 1940/1940/1940
f 1908/1908/1908 1907/1907/1907 1941/1941/1941
f 1907/1907/1907 1940/1940/1940 1941/1941/1941
f 1909/1909/1909 1908/1908/1908 1942/1942/1942
f 1908/1908/1908 1941/1941/1941 1942/1942/1942
f 1910/1910/1910 1909/1909/1909 1943/1943/1943
f 1909/1909/1909 1942/1942/1942 1943/1943/1943
f 1911/1911/1911 1910/1910/1910 1944/1944/1944
f 1910/1910/1910 1943/1943/1943 1944/1944/1944
f 1912/1912/1912 1911/1911/1911 1945/1945/1945
f 1911/1911/1911 1944/1944/1944 1945/1945/1945
f 1913/1913/1913 1912/1912/1912 1946/1946/1946
f 1912/1912/1912 1945/1945/1945 1946/1946/1946
f 1914/1914/1914 1913/1913/1913 1947/1947/1947
f 1913/1913/1913 1946/1946/1946 1947/1947/1947
f 1915/1915/1915 1914/1914/1914 1948/1948/1948
f 1914/1914/1914 1947/1947/1947 1948/1948/1948
f 1917/1917/1917 1916/1916/1916 1950/1950/1950
f 1916/1916/1916 1949/1949/1949 1950/1950/1950
f 1918/1918/1918 1917/1917/1917 1951/1951/1951
f 1917/1917/1917 1950/1950/1950 1951/1951/1951
f 1919/1919/1919 1918/1918/1918 1952/1952/1952
f 1918/1918/1918 1951/1951/1951 1952/1952/1952
f 1920/1920/1920 1919/1919/1919 1953/1953/1953
f 1919/1919/1919 1952/1952/1952 1953/1953/1953
f 1921/1921/1921 1920/1920/1920 1954/1954/1954
f 1920/1920/1920 1953/1953/1953 1954/1954/1954
f 1922/1922/1922 1921/1921/1921 1955/1955/1955
f 1921/1921/1921 1954/1954/1954 1955/1955/1955
f 1923/1923/1923 1922/1922/1922 1956/1956/1956
f 1922/1922/1922 1955/1955/1955 1956/1956/1956
f 1924/1924/1924 1923/1923/1923 1957/1957/1957
f 1923/1923/1923 1956/1956/1956 1957/1957/1957
f 1925/1925/1925 1924/1924/1924 1958/1958/1958
f 1924/1924/1924 1957/1957/1957 1958/1958/1958
f 1926/1926/1926 1925/1925/1925 1959/1959/1959
f 1925/1925/1925 1958/1958/1958 1959/1959/1959
f 1927/1927/1927 1926/1926/1926 1960/1960/1960
f 1926/1926/1926 1959/1959/1959 1960/1960/1960
f 1928/1928/1928 1927/1927/1927 1961/1961/1961
f 1927/1927/1927 1960/1960/1960 1961/1961/1961
f 1929/1929/1929 1928/1928/1928 1962/1962/1962
f 1928/1928/1928 1961/1961/1961 1962/1962/1962
f 1930/1930/1930 1929/1929/1929 1963/1963/1963
f 1929/1929/1929 1962/1962/1962 1963/1963/1963
f 1931/1931/1931 1930/1930/1930 1964/1964/1964
f 1930/1930/1930 1963/1963/1963 1964/1964/1964
f 1932/1932/1932 1931/1931/1931 1965/1965/1965
f 1931/1931/1931 1964/1964/1964 1965/1965/1965
f 1933/1933/1933 1932/1932/1932 1966/1966/1966
f 1932/1932/1932 1965/1965/1965 1966/1966/1966
f 1934/1934/1934 1933/1933/1933 1967/1967/1967
f 1933/1933/1933 1966/1966/1966 1967/1967/1967
f 1935/1935/1935 1934/1934/1934 1968/1968/1968
f 1934/1934/1934 1967/1967/1967 1968/1968/1968
f 1936/1936/1936 1935/1935/1935 1969/1969/1969
f 1935/1935/1935 1968/1968/1968 1969/1969/1969
f 1937/1937/1937 1936/1936/1936 1970/1970/1970
f 1936/1936/1936 1969/1969/1969 1970/1970/1970
f 1938/1938/1938 1937/1937/1937 1971/1971/1971
f 1937/1937/1937 1970/1970/1970 1971/1971/1971
f 1939/1939/1939 1938/1938/1938 1972/1972/1972
f 1938/1938/1938 1971/1971/1971 1972/1972/1972
f 1940/1940/1940 1939/1939/1939 1973/1973/1973
f 1939/1939/1939 1972/1972/1972 1973/1973/1973
f 1941/1941/1941 1940/1940/1940 1974/1974/1974
f 1940/1940/1940 1973/1973/1973 1974/1974/1974
f 1942/1942/1942 1941/1941/1941 1975/1975/1975
f 1941/1941/1941 1974/1974/1974 1975/1975/1975
f 1943/1943/1943 1942/1942/1942 1976/1976/1976
f 1942/1942/1942 1975/1975/1975 1976/1976/1976
f 1944/1944/1944 1943/1943/1943 1977/1977/1977
f 1943/1943/1943 1976/1976/1976 1977/1977/1977
f 1945/1945/1945 1944/1944/1944 1978/1978/1978
f 1944/1944/1944 1977/1977/1977 1978/1978/1978
f 1946/1946/1946 1945/1945/1945 1979/1979/1979
f 1945/1945/1945 1978/1978/1978 1979/1979/1979
f 1947/1947/1947 1946/1946/1946 1980/1980/1980
f 1946/1946/1946 1979/1979/1979 1980/1980/1980
f 1948/1948/1948 1947/1947/1947 1981/1981/1981
f 1947/1947/1947 1980/1980/1980 1981/1981/1981
f 1950/1950/1950 1949/1949/1949 1983/1983/1983
f 1949/1949/1949 1982/1982/1982 1983/1983/1983
f 1951/1951/1951 1950/1950/1950 1984/1984/1984
f 1950/1950/1950 1983/1983/1983 1984/1984/1984
f 1952/1952/1952 1951/1951/1951 1985/1985/1985
f 1951/1951/1951 1984/1984/1984 1985/1985/1985
f 1953/1953/1953 1952/1952/1952 1986/1986/1986
f 1952/1952/1952 1985/1985/1985 1986/1986/1986
f 1954/1954/1954 1953/1953/1953 1987/1987/1987
f 1953/1953/1953 1986/1986/1986 1987/1987/1987
f 1955/1955/1955 1954/1954/1954 1988/1988/1988
f 1954/1954/1954 1987/1987/1987 1988/1988/1988
f 1956/1956/1956 1955/1955/1955 1989/1989/1989
f 1955/1955/1955 1988/1988/1988 1989/1989/1989
f 1957/1957/1957 1956/1956/1956 1990/1990/1990
f 1956/1956/1956 1989/1989/1989 1990/1990/1990
f 1958/1958/1958 1957/1957/1957 1991/1991/1991
f 1957/1957/1957 1990/1990/1990 1991/1991/1991
f 1959/1959/1959 1958/1958/1958 1992/1992/1992
f 1958/1958/1958 1991/1991/1991 1992/1992/1992
f 1960/1960/1960 1959/1959/1959 1993/1993/1993
f 1959/1959/1959 1992/1992/1992 1993/1993/1993
f 1961/1961/1961 1960/1960/1960 1994/1994/1994
f 1960/1960/1960 1993/1993/1993 1994/1994/1994
f 1962/1962/1962 1961/1961/1961 1995/1995/1995
f 1961/1961/1961 1994/1994/1994 1995/1995/1995
f 1963/1963/1963 1962/1962/1962 1996/1996/1996
f 1962/1962/1962 1995/1995/1995 1996/1996/1996
f 1964/1964/1964 1963/1963/1963 1997/1997/1997
f 1963/1963/1963 1996/1996/1996 1997/1997/1997
f 1965/1965/1965 1964/1964/1964 1998/1998/1998
f 1964/1964/1964 1997/1997/1997 1998/1998/1998
f 1966/1966/1966 1965/1965/1965 1999/1999/1999
f 1965/1965/1965 1998/1998/1998 1999/1999/1999
f 1967/1967/1967 1966/1966/1966 2000/2000/2000
f 1966/1966/1966 1999/1999/1999 2000/2000/2000
f 1968/1968/1968 1967/1967/1967 2001/2001/2001
f 1967/1967/1967 2000/2000/2000 2001/2001/2001
f 1969/1969/1969 1968/1968/1968 2002/2002/2002
f 1968/1968/1968 2001/2001/2001 2002/2002/2002
f 1970/1970/1970 1969/1969/1969 2003/2003/2003
f 1969/1969/1969 2002/2002/2002 2003/2003/2003
f 1971/1971/1971 1970/1970/1970 2004/2004/2004
f 1970/1970/1970 2003/2003/2003 2004/2004/2004
f 1972/1972/1972 1971/1971/1971 2005/2005/2005
f 1971/1971/1971 2004/2004/2004 2005/2005/2005
f 1973/1973/1973 1972/1972/1972 2006/2006/2006
f 1972/1972/1972 2005/2005/2005 2006/2006/2006
f 1974/1974/1974 1973/1973/1973 2007/2007/2007
f 1973/1973/1973 2006/2006/2006 2007/2007/2007
f 1975/1975/1975 1974/1974/1974 2008/2008/2008
f 1974/1974/1974 2007/2007/2007 2008/2008/2008
f 1976/1976/1976 1975/1975/1975 2009/2009/2009
f 1975/1975/1975 2008/2008/2008 2009/2009/2009
f 1977/1977/1977 1976/1976/1976 2010/2010/2010
f 1976/1976/1976 2009/2009/2009 2010/2010/2010
f 1978/1978/1978 1977/1977/1977 2011/2011/2011
f 1977/1977/1977 2010/2010/2010 2011/2011/2011
f 1979/1979/1979 1978/1978/1978 2012/2012/2012
f 1978/1978/1978 2011/2011/2011 2012/2012/2012
f 1980/1980/1980 1979/1979/1979 2013/2013/2013
f 1979/1979/1979 2012/2012/2012 2013/2013/2013
f 1981/1981/1981 1980/1980/1980 2014/2014/2014
f 1980/1980/1980 2013/2013/2013 2014/2014/2014
f 1983/1983/1983 1982/1982/1982 2016/2016/2016
f 1982/1982/1982 2015/2015/2015 2016/2016/2016
f 1984/1984/1984 1983/1983/1983 2017/2017/2017
f 1983/1983/1983 2016/2016/2016 2017/2017/2017
f 1985/1985/1985 1984/1984/1984 2018/2018/2018
f 1984/1984/1984 2017/2017/2017 2018/2018/2018
f 1986/1986/1986 1985/1985/1985 2019/2019/2019
f 1985/1985/1985 2018/2018/2018 2019/2019/2019
f 1987/1987/1987 1986/1986/1986 2020/2020/2020
f 1986/1986/1986 2019/2019/2019 2020/2020/2020
f 1988/1988/1988 1987/1987/1987 2021/2021/2021
f 1987/1987/1987 2020/2020/2020 2021/2021/2021
f 1989/1989/1989 1988/1988/1988 2022/2022/2022
f 1988/1988/1988 2021/2021/2021 2022/2022/2022
f 1990/1990/1990 1989/1989/1989 2023/2023/2023
f 1989/1989/1989 2022/2022/2022 2023/2023/2023
f 1991/1991/1991 1990/1990/1990 2024/2024/2024
f 1990/1990/1990 2023/2023/2023 2024/2024/2024
f 1992/1992/1992 1991/1991/1991 2025/2025/2025
f 1991/1991/1991 2024/2024/2024 2025/2025/2025
f 1993/1993/1993 1992/1992/1992 2026/2026/2026
f 1992/1992/1992 2025/2025/2025 2026/2026/2026
f 1994/1994/1994 1993/1993/1993 2027/2027/2027
f 1993/1993/1993 2026/2026/2026 2027/2027/2027
f 1995/1995/1995 1994/1994/1994 2028/2028/2028
f 1994/1994/1994 2027/2027/2027 2028/2028/2028
f 1996/1996/1996 1995/1995/1995 2029/2029/2029
f 1995/1995/1995 2028/2028/2028 2029/2029/2029
f 1997/1997/1997 1996/1996/1996 2030/2030/2030
f 1996/1996/1996 2029/2029/2029 2030/2030/2030
f 1998/1998/1998 1997/1997/1997 2031/2031/2031
f 1997/1997/1997 2030/2030/2030 2031/2031/2031
f 1999/1999/1999 1998/1998/1998 2032/2032/2032
f 1998/1998/1998 2031/2031/2031 2032/2032/2032
f 2000/2000/2000 1999/1999/1999 2033/2033/2033
f 1999/1999/1999 2032/2032/2032 2033/2033/2033
f 2001/2001/2001 2000/2000/2000 2034/2034/2034
f 2000/2000/2000 2033/2033/2033 2034/2034/2034
f 2002/2002/2002 2001/2001/2001 2035/2035/2035
f 2001/2001/2001 2034/2034/2034 2035/2035/2035
f 2003/2003/2003 2002/2002/2002 2036/2036/2036
f 2002/2002/2002 2035/2035/2035 2036/2036/2036
f 2004/2004/2004 2003/2003/2003 2037/2037/2037
f 2003/2003/2003 2036/2036/2036 2037/2037/2037
f 2005/2005/2005 2004/2004/2004 2038/2038/2038
f 2004/2004/2004 2037/2037/2037 2038/2038/2038
f 2006/2006/2006 2005/2005/2005 2039/2039/2039
f 2005/2005/2005 2038/2038/2038 2039/2039/2039
f 2007/2007/2007 2006/2006/2006 2040/2040/2040
f 2006/2006/2006 2039/2039/2039 2040/2040/2040
f 2008/2008/2008 2007/2007/2007 2041/2041/2041
f 2007/2007/2007 2040/2040/2040 2041/2041/2041
f 2009/2009/2009 2008/2008/2008 2042/2042/2042
f 2008/2008/2008 2041/2041/2041 2042/2042/2042
f 2010/2010/2010 2009/2009/2009 2043/2043/2043
f 2009/2009/2009 2042/2042/2042 2043/2043/2043
f 2011/2011/2011 2010/2010/2010 2044/2044/2044
f 2010/2010/2010 2043/2043/2043 2044/2044/2044
f 2012/2012/2012 2011/2011/2011 2045/2045/2045
f 2011/2011/2011 2044/2044/2044 2045/2045/2045
f 2013/2013/2013 2012/2012/2012 2046/2046/2046
f 2012/2012/2012 2045/2045/2045 2046/2046/2046
f 2014/2014/2014 2013/2013/2013 2047/2047/2047
f 2013/2013/2013 2046/2046/2046 2047/2047/2047
f 2016/2016/2016 2015/2015/2015 2049/2049/2049
f 2015/2015/2015 2048/2048/2048 2049/2049/2049
f 2017/2017/2017 2016/2016/2016 2050/2050/2050
f 2016/2016/2016 2049/2049/2049 2050/2050/2050
f 2018/2018/2018 2017/2017/2017 2051/2051/2051
f 2017/2017/2017 2050/2050/2050 2051/2051/2051
f 2019/2019/2019 2018/2018/2018 2052/2052/2052
f 2018/2018/2018 2051/2051/2051 2052/2052/2052
f 2020/2020/2020 2019/2019/2019 2053/2053/2053
f 2019/2019/2019 2052/2052/2052 2053/2053/2053
f 2021/2021/2021 2020/2020/2020 2054/2054/2054
f 2020/2020/2020 2053/2053/2053 2054/2054/2054
f 2022/2022/2022 2021/2021/2021 2055/2055/2055
f 2021/2021/2021 2054/2054/2054 2055/2055/2055
f 2023/2023/2023 2022/2022/2022 2056/2056/2056
f 2022/2022/2022 2055/2055/2055 2056/2056/2056
f 2024/2024/2024 2023/2023/2023 2057/2057/2057
f 2023/2023/2023 2056/2056/2056 2057/2057/2057
f 2025/2025/2025 2024/2024/2024 2058/2058/2058
f 2024/2024/2024 2057/2057/2057 2058/2058/2058
f 2026/2026/2026 2025/2025/2025 2059/2059/2059
f 2025/2025/2025 2058/2058/2058 2059/2059/2059
f 2027/2027/2027 2026/2026/2026 2060/2060/2060
f 2026/2026/2026 2059/2059/2059 2060/2060/2060
f 2028/2028/2028 2027/2027/2027 2061/2061/2061
f 2027/2027/2027 2060/2060/2060 2061/2061/2061
f 2029/2029/2029 2028/2028/2028 2062/2062/2062
f 2028/2028/2028 2061/2061/2061 2062/2062/2062
f 2030/2030/2030 2029/2029/2029 2063/2063/2063
f 2029/2029/2029 2062/2062/2062 2063/2063/2063
f 2031/2031/2031 2030/2030/2030 2064/2064/2064
f 2030/2030/2030 2063/2063/2063 2064/2064/2064
f 2032/2032/2032 2031/2031/2031 2065/2065/2065
f 2031/2031/2031 2064/2064/2064 2065/2065/2065
f 2033/2033/2033 2032/2032/2032 2066/2066/2066
f 2032/2032/2032 2065/2065/2065 2066/2066/2066
f 2034/2034/2034 2033/2033/2033 2067/2067/2067
f 2033/2033/2033 2066/2066/2066 2067/2067/2067
f 2035/2035/2035 2034/2034/2034 2068/2068/2068
f 2034/2034/2034 2067/2067/2067 2068/2068/2068
f 2036/2036/2036 2035/2035/2035 2069/2069/2069
f 2035/2035/2035 2068/2068/2068 2069/2069/2069
f 2037/2037/2037 2036/2036/2036 2070/2070/2070
f 2036/2036/2036 2069/2069/2069 2070/2070/2070
f 2038/2038/2038 2037/2037/2037 2071/2071/2071
f 2037/2037/2037 2070/2070/2070 2071/2071/2071
f 2039/2039/2039 2038/2038/2038 2072/2072/2072
f 2038/2038/2038 2071/2071/2071 2072/2072/2072
f 2040/2040/2040 2039/2039/2039 2073/2073/2073
f 2039/2039/2039 2072/2072/2072 2073/2073/2073
f 2041/2041/2041 2040/2040/2040 2074/2074/2074
f 2040/2040/2040 2073/2073/2073 2074/2074/2074
f 2042/2042/2042 2041/2041/2041 2075/2075/2075
f 2041/2041/2041 2074/2074/2074 2075/2075/2075
f 2043/2043/2043 2042/2042/2042 2076/2076/2076
f 2042/2042/2042 2075/2075/2075 2076/2076/2076
f 2044/2044/2044 2043/2043/2043 2077/2077/2077
f 2043/2043/2043 2076/2076/2076 2077/2077/2077
f 2045/2045/2045 2044/2044/2044 2078/2078/2078
f 2044/2044/2044 2077/2077/2077 2078/2078/2078
f 2046/2046/2046 2045/2045/2045 2079/2079/2079
f 2045/2045/2045 2078/2078/2078 2079/2079/2079
f 2047/2047/2047 2046/2046/2046 2080/2080/2080
f 2046/2046/2046 2079/2079/2079 2080/2080/2080
f 2049/2049/2049 2048/2048/2048 2082/2082/2082
f 2048/2048/2048 2081/2081/2081 2082/2082/2082
f 2050/2050/2050 2049/2049/2049 2083/2083/2083
f 2049/2049/2049 2082/2082/2082 2083/2083/2083
f 2051/2051/2051 2050/2050/2050 2084/2084/2084
f 2050/2050/2050 2083/2083/2083 2084/2084/2084
f 2052/2052/2052 2051/2051/2051 2085/2085/2085
f 2051/2051/2051 2084/2084/2084 2085/2085/2085
f 2053/2053/2053 2052/2052/2052 2086/2086/2086
f 2052/2052/2052 2085/2085/2085 2086/2086/2086
f 2054/2054/2054 2053/2053/2053 2087/2087/2087
f 2053/2053/2053 2086/2086/2086 2087/2087/2087
f 2055/2055/2055 2054/2054/2054 2088/2088/2088
f 2054/2054/2054 2087/2087/2087 2088/2088/2088
f 2056/2056/2056 2055/2055/2055 2089/2089/2089
f 2055/2055/2055 2088/2088/2088 2089/2089/2089
f 2057/2057/2057 2056/2056/2056 2090/2090/2090
f 2056/2056/2056 2089/2089/2089 2090/2090/2090
f 2058/2058/2058 2057/2057/2057 2091/2091/2091
f 2057/2057/2057 2090/2090/2090 2091/2091/2091
f 2059/2059/2059 2058/2058/2058 2092/2092/2092
f 2058/2058/2058 2091/2091/2091 2092/2092/2092
f 2060/2060/2060 2059/2059/2059 2093/2093/2093
f 2059/2059/2059 2092/2092/2092 2093/2093/2093
f 2061/2061/2061 2060/2060/2060 2094/2094/2094
f 2060/2060/2060 2093/2093/2093 2094/2094/2094
f 2062/2062/2062 2061/2061/2061 2095/2095/2095
f 2061/2061/2061 2094/2094/2094 2095/2095/2095
f 2063/2063/2063 2062/2062/2062 2096/2096/2096
f 2062/2062/2062 2095/2095/2095 2096/2096/2096
f 2064/2064/2064 2063/2063/2063 2097/2097/2097
f 2063/2063/2063 2096/2096/2096 2097/2097/2097
f 2065/2065/2065 2064/2064/2064 2098/2098/2098
f 2064/2064/2064 2097/2097/2097 2098/2098/2098
f 2066/2066/2066 2065/2065/2065 2099/2099/2099
f 2065/2065/2065 2098/2098/2098 2099/2099/2099
f 2067/2067/2067 2066/2066/2066 2100/2100/2100
f 2066/2066/2066 2099/2099/2099 2100/2100/2100
f 2068/2068/2068 2067/2067/2067 2101/2101/2101
f 2067/2067/2067 2100/2100/2100 2101/2101/2101
f 2069/2069/2069 2068/2068/2068 2102/2102/2102
f 2068/2068/2068 2101/2101/2101 2102/2102/2102
f 2070/2070/2070 2069/2069/2069 2103/2103/2103
f 2069/2069/2069 2102/2102/2102 2103/2103/2103
f 2071/2071/2071 2070/2070/2070 2104/2104/2104
f 2070/2070/2070 2103/2103/2103 2104/2104/2104
f 2072/2072/2072 2071/2071/2071 2105/2105/2105
f 2071/2071/2071 2104/2104/2104 2105/2105/2105
f 2073/2073/2073 2072/2072/2072 2106/2106/2106
f 2072/2072/2072 2105/2105/2105 2106/2106/2106
f 2074/2074/2074 2073/2073/2073 2107/2107/2107
f 2073/2073/2073 2106/2106/2106 2107/2107/2107
f 2075/2075/2075 2074/2074/2074 2108/2108/2108
f 2074/2074/2074 2107/2107/2107 2108/2108/2108
f 2076/2076/2076 2075/2075/2075 2109/2109/2109
f 2075/2075/2075 2108/2108/2108 2109/2109/2109
f 2077/2077/2077 2076/2076/2076 2110/2110/2110
f 2076/2076/2076 2109/2109/2109 2110/2110/2110
f 2078/2078/2078 2077/2077/2077 2111/2111/2111
f 2077/2077/2077 2110/2110/2110 2111/2111/2111
f 2079/2079/2079 2078/2078/2078 2112/2112/2112
f 2078/2078/2078 2111/2111/2111 2112/2112/2112
f 2080/2080/2080 2079/2079/2079 2113/2113/2113
f 2079/2079/2079 2112/2112/2112 2113/2113/2113
f 2082/2082/2082 2081/2081/2081 2115/2115/2115
f 2081/2081/2081 2114/2114/2114 2115/2115/2115
f 2083/2083/2083 2082/2082/2082 2116/2116/2116
f 2082/2082/2082 2115/2115/2115 2116/2116/2116
f 2084/2084/2084 2083/2083/2083 2117/2117/2117
f 2083/2083/2083 2116/2116/2116 2117/2117/2117
f 2085/2085/2085 2084/2084/2084 2118/2118/2118
f 2084/2084/2084 2117/2117/2117 2118/2118/2118
f 2086/2086/2086 2085/2085/2085 2119/2119/2119
f 2085/2085/2085 2118/2118/2118 2119/2119/2119
f 2087/2087/2087 2086/2086/2086 2120/2120/2120
f 2086/2086/2086 2119/2119/2119 2120/2120/2120
f 2088/2088/2088 2087/2087/2087 2121/2121/2121
f 2087/2087/2087 2120/2120/2120 2121/2121/2121
f 2089/2089/2089 2088/2088/2088 2122/2122/2122
f 2088/2088/2088 2121/2121/2121 2122/2122/2122
f 2090/2090/2090 2089/2089/2089 2123/2123/2123
f 2089/2089/2089 2122/2122/2122 2123/2123/2123
f 2091/2091/2091 2090/2090/2090 2124/2124/2124
f 2090/2090/2090 2123/2123/2123 2124/2124/2124
f 2092/2092/2092 2091/2091/2091 2125/2125/2125
f 2091/2091/2091 2124/2124/2124 2125/2125/2125
f 2093/2093/2093 2092/2092/2092 2126/2126/2126
f 2092/2092/2092 2125/2125/2125 2126/2126/2126
f 2094/2094/2094 2093/2093/2093 2127/2127/2127
f 2093/2093/2093 2126/2126/2126 2127/2127/2127
f 2095/2095/2095 2094/2094/2094 2128/2128/2128
f 2094/2094/2094 2127/2127/2127 2128/2128/2128
f 2096/2096/2096 2095/2095/2095 2129/2129/2129
f 2095/2095/2095 2128/2128/2128 2129/2129/2129
f 2097/2097/2097 2096/2096/2096 2130/2130/2130
f 2096/2096/2096 2129/2129/2129 2130/2130/2130
f 2098/2098/2098 2097/2097/2097 2131/2131/2131
f 2097/2097/2097 2130/2130/2130 2131/2131/2131
f 2099/2099/2099 2098/2098/2098 2132/2132/2132
f 2098/2098/2098 2131/2131/2131 2132/2132/2132
f 2100/2100/2100 2099/2099/2099 2133/2133/2133
f 2099/2099/2099 2132/2132/2132 2133/2133/2133
f 2101/2101/2101 2100/2100/2100 2134/2134/2134
f 2100/2100/2100 2133/2133/2133 2134/2134/2134
f 2102/2102/2102 2101/2101/2101 2135/2135/2135
f 2101/2101/2101 2134/2134/2134 2135/2135/2135
f 2103/2103/2103 2102/2102/2102 2136/2136/2136
f 2102/2102/2102 2135/2135/2135 2136/2136/2136
f 2104/2104/2104 2103/2103/2103 2137/2137/2137
f 2103/2103/2103 2136/2136/2136 2137/2137/2137
f 2105/2105/2105 2104/2104/2104 2138/2138/2138
f 2104/2104/2104 2137/2137/2137 2138/2138/2138
f 2106/2106/2106 2105/2105/2105 2139/2139/2139
f 2105/2105/2105 2138/2138/2138 2139/2139/2139
f 2107/2107/2107 2106/2106/2106 2140/2140/2140
f 2106/2106/2106 2139/2139/2139 2140/2140/2140
f 2108/2108/2108 2107/2107/2107 2141/2141/2141
f 2107/2107/2107 2140/2140/2140 2141/2141/2141
f 2109/2109/2109 2108/2108/2108 2142/2142/2142
f 2108/2108/2108 2141/2141/2141 2142/2142/2142
f 2110/2110/2110 2109/2109/2109 2143/2143/2143
f 2109/2109/2109 2142/2142/2142 2143/2143/2143
f 2111/2111/2111 2110/2110/2110 2144/2144/2144
f 2110/2110/2110 2143/2143/2143 2144/2144/2144
f 2112/2112/2112 2111/2111/2111 2145/2145/2145
f 2111/2111/2111 2144/2144/2144 2145/2145/2145
f 2113/2113/2113 2112/2112/2112 2146/2146/2146
f 2112/2112/2112 2145/2145/2145 2146/2146/2146
f 2115/2115/2115 2114/2114/2114 2148/2148/2148
f 2116/2116/2116 2115/2115/2115 2149/2149/2149
f 2117/2117/2117 2116/2116/2116 2150/2150/2150
f 2118/2118/2118 2117/2117/2117 2151/2151/2151
f 2119/2119/2119 2118/2118/2118 2152/2152/2152
f 2120/2120/2120 2119/2119/2119 2153/2153/2153
f 2121/2121/2121 2120/2120/2120 2154/2154/2154
f 2122/2122/2122 2121/2121/2121 2155/2155/2155
f 2123/2123/2123 2122/2122/2122 2156/2156/2156
f 2124/2124/2124 2123/2123/2123 2157/2157/2157
f 2125/2125/2125 2124/2124/2124 2158/2158/2158
f 2126/2126/2126 2125/2125/2125 2159/2159/2159
f 2127/2127/2127 2126/2126/2126 2160/2160/2160
f 2128/2128/2128 2127/2127/2127 2161/2161/2161
f 2129/2129/2129 2128/2128/2128 2162/2162/2162
f 2130/2130/2130 2129/2129/2129 2163/2163/2163
f 2131/2131/2131 2130/2130/2130 2164/2164/2164
f 2132/2132/2132 2131/2131/2131 2165/2165/2165
f 2133/2133/2133 2132/2132/2132 2166/2166/2166
f 2134/2134/2134 2133/2133/2133 2167/2167/2167
f 2135/2135/2135 2134/2134/2134 2168/2168/2168
f 2136/2136/2136 2135/2135/2135 2169/2169/2169
f 2137/2137/2137 2136/2136/2136 2170/2170/2170
f 2138/2138/2138 2137/2137/2137 2171/2171/2171
f 2139/2139/2139 2138/2138/2138 2172/2172/2172
f 2140/2140/2140 2139/2139/2139 2173/2173/2173
f 2141/2141/2141 2140/2140/2140 2174/2174/2174
f 2142/2142/2142 2141/2141/2141 2175/2175/2175
f 2143/2143/2143 2142/2142/2142 2176/2176/2176
f 2144/2144/2144 2143/2143/2143 2177/2177/2177
f 2145/2145/2145 2144/2144/2144 2178/2178/2178
f 2146/2146/2146 2145/2145/2145 2179/2179/2179
o canopy_3
usemtl foliageDark
v 0.25 4.04 -0.5
v 0.25 4.04 -0.5
v 0.25 4.04 -0.5
v 0.25 4.04 -0.5
v 0.25 4.04 -0.5
v 0.25 4.04 -0.5
v 0.25 4.04 -0.5
v 0.25 4.04 -0.5
v 0.25 4.04 -0.5
v 0.25 4.04 -0.5
v 0.25 4.04 -0.5
v 0.25 4.04 -0.5
v 0.25 4.04 -0.5
v 0.25 4.04 -0.5
v 0.25 4.04 -0.5
v 0.25 4.04 -0.5
v 0.25 4.04 -0.5
v 0.25 4.04 -0.5
v 0.25 4.04 -0.5
v 0.25 4.04 -0.5
v 0.25 4.04 -0.5
v 0.25 4.04 -0.5
v 0.25 4.04 -0.5
v 0.25 4.04 -0.5
v 0.25 4.04 -0.5
v 0.25 4.04 -0.5
v 0.25 4.04 -0.5
v 0.25 4.04 -0.5
v 0.25 4.04 -0.5
v 0.25 4.04 -0.5
v 0.25 4.04 -0.5
v 0.25 4.04 -0.5
v 0.25 4.04 -0.5
v 0.13267415016889572 4.031504929065704 -0.5
v 0.13492853194475174 4.031504929065704 -0.4771108627319336
v 0.14160504937171936 4.031504929065704 -0.45510134100914
v 0.15244711935520172 4.031504929065704 -0.43481725454330444
v 0.16703809797763824 4.031504929065704 -0.41703809797763824
v 0.18481725454330444 4.031504929065704 -0.4024471193552017
v 0.20510134100914001 4.031504929065704 -0.39160504937171936
v 0.2271108627319336 4.031504929065704 -0.38492853194475174
v 0.25 4.031504929065704 -0.3826741501688957
v 0.2728891372680664 4.031504929065704 -0.38492853194475174
v 0.29489865899086 4.031504929065704 -0.39160504937171936
v 0.31518274545669556 4.031504929065704 -0.4024471193552017
v 0.33296190202236176 4.031504929065704 -0.41703809797763824
v 0.3475528806447983 4.031504929065704 -0.43481725454330444
v 0.35839495062828064 4.031504929065704 -0.45510134100914
v 0.36507146805524826 4.031504929065704 -0.4771108627319336
v 0.3673258498311043 4.031504929065704 -0.5
v 0.36507146805524826 4.031504929065704 -0.5228891372680664
v 0.35839495062828064 4.031504929065704 -0.54489865899086
v 0.3475528806447983 4.031504929065704 -0.5651827454566956
v 0.33296190202236176 4.031504929065704 -0.5829619020223618
v 0.31518274545669556 4.031504929065704 -0.5975528806447983
v 0.29489865899086 4.031504929065704 -0.6083949506282806
v 0.2728891372680664 4.031504929065704 -0.6150714680552483
v 0.25 4.031504929065704 -0.6173258498311043
v 0.2271108627319336 4.031504929065704 -0.6150714680552483
v 0.20510134100914001 4.031504929065704 -0.6083949506282806
v 0.18481725454330444 4.031504929065704 -0.5975528806447983
v 0.16703809797763824 4.031504929065704 -0.5829619020223618
v 0.15244711935520172 4.031504929065704 -0.5651827454566956
v 0.14160504937171936 4.031504929065704 -0.54489865899086
v 0.13492853194475174 4.031504929065704 -0.5228891372680664
v 0.13267415016889572 4.031504929065704 -0.5
v 0.018237248063087463 4.006228971481323 -0.5
v 0.022690504789352417 4.006228971481323 -0.4547853320837021
v 0.03587915003299713 4.006228971481323 -0.41130823642015457
v 0.05729632079601288 4.006228971481323 -0.3712395131587982
v 0.08611899614334106 4.006228971481323 -0.33611899614334106
v 0.12123951315879822 4.006228971481323 -0.3072963207960129
v 0.16130823642015457 4.006228971481323 -0.28587915003299713
v 0.2047853320837021 4.006228971481323 -0.2726905047893524
v 0.24999999999999997 4.006228971481323 -0.26823724806308746
v 0.2952146679162979 4.006228971481323 -0.2726905047893524
v 0.33869176357984543 4.006228971481323 -0.28587915003299713
v 0.3787604868412018 4.006228971481323 -0.3072963207960129
v 0.41388100385665894 4.006228971481323 -0.33611899614334106
v 0.4427036792039871 4.006228971481323 -0.3712395131587982
v 0.46412084996700287 4.006228971481323 -0.41130823642015457
v 0.4773094952106476 4.006228971481323 -0.4547853320837021
v 0.48176275193691254 4.006228971481323 -0.49999999999999994
v 0.4773094952106476 4.006228971481323 -0.5452146679162979
v 0.46412084996700287 4.006228971481323 -0.5886917635798454
v 0.4427036792039871 4.006228971481323 -0.6287604868412018
v 0.41388100385665894 4.006228971481323 -0.6638810038566589
v 0.3787604868412018 4.006228971481323 -0.6927036792039871
v 0.33869176357984543 4.006228971481323 -0.7141208499670029
v 0.2952146679162979 4.006228971481323 -0.7273094952106476
v 0.25000000000000006 4.006228971481323 -0.7317627519369125
v 0.2047853320837021 4.006228971481323 -0.7273094952106476
v 0.16130823642015457 4.006228971481323 -0.7141208499670029
v 0.12123951315879822 4.006228971481323 -0.6927036792039871
v 0.08611899614334106 4.006228971481323 -0.6638810038566589
v 0.05729632079601288 4.006228971481323 -0.6287604868412018
v 0.03587915003299713 4.006228971481323 -0.5886917635798454
v 0.022690504789352417 4.006228971481323 -0.5452146679162979
v 0.018237248063087463 4.006228971481323 -0.5000000000000001
v -0.09049287438392639 3.9647945189476017 -0.5
v -0.08395040035247803 3.9647945189476017 -0.4335731342434883
v -0.06457439064979553 3.9647945189476017 -0.36969901621341705
v -0.03310948610305786 3.9647945189476017 -0.31083229184150696
v 0.009235173463821411 3.9647945189476017 -0.2592351734638214
v 0.06083229184150696 3.9647945189476017 -0.21689051389694214
v 0.11969901621341705 3.9647945189476017 -0.18542560935020447
v 0.1835731342434883 3.9647945189476017 -0.16604959964752197
v 0.24999999999999997 3.9647945189476017 -0.1595071256160736
v 0.3164268657565117 3.9647945189476017 -0.16604959964752197
v 0.38030098378658295 3.9647945189476017 -0.18542560935020447
v 0.43916770815849304 3.9647945189476017 -0.21689051389694214
v 0.4907648265361786 3.9647945189476017 -0.2592351734638214
v 0.5331094861030579 3.9647945189476017 -0.31083229184150696
v 0.5645743906497955 3.9647945189476017 -0.36969901621341705
v 0.583950400352478 3.9647945189476017 -0.4335731342434883
v 0.5904928743839264 3.9647945189476017 -0.49999999999999994
v 0.583950400352478 3.9647945189476017 -0.5664268657565117
v 0.5645743906497955 3.9647945189476017 -0.630300983786583
v 0.5331094861030579 3.9647945189476017 -0.689167708158493
v 0.4907648265361786 3.9647945189476017 -0.7407648265361786
v 0.43916770815849304 3.9647945189476017 -0.7831094861030579
v 0.38030098378658295 3.9647945189476017 -0.8145743906497955
v 0.3164268657565117 3.9647945189476017 -0.833950400352478
v 0.25000000000000006 3.9647945189476017 -0.8404928743839264
v 0.1835731342434883 3.9647945189476017 -0.833950400352478
v 0.11969901621341705 3.9647945189476017 -0.8145743906497955
v 0.06083229184150696 3.9647945189476017 -0.7831094861030579
v 0.009235173463821411 3.9647945189476017 -0.7407648265361786
v -0.03310948610305786 3.9647945189476017 -0.689167708158493
v -0.06457439064979553 3.9647945189476017 -0.630300983786583
v -0.08395040035247803 3.9647945189476017 -0.5664268657565117
v -0.09049287438392639 3.9647945189476017 -0.5000000000000001
v -0.19083893299102783 3.908221745491028 -0.5
v -0.18236833810806274 3.908221745491028 -0.4139965921640396
v -0.15728208422660828 3.908221745491028 -0.33129824697971344
v -0.11654418706893921 3.908221745491028 -0.25508300960063934
v -0.061720192432403564 3.908221745491028 -0.18827980756759644
v 0.005083009600639343 3.908221745491028 -0.1334558129310608
v 0.08129824697971344 3.908221745491028 -0.09271791577339172
v 0.1639965921640396 3.908221745491028 -0.06763166189193726
v 0.24999999999999997 3.908221745491028 -0.05916106700897217
v 0.3360034078359604 3.908221745491028 -0.06763166189193726
v 0.41870175302028656 3.908221745491028 -0.09271791577339172
v 0.49491699039936066 3.908221745491028 -0.1334558129310608
v 0.5617201924324036 3.908221745491028 -0.18827980756759644
v 0.6165441870689392 3.908221745491028 -0.25508300960063934
v 0.6572820842266083 3.908221745491028 -0.33129824697971344
v 0.6823683381080627 3.908221745491028 -0.4139965921640396
v 0.6908389329910278 3.908221745491028 -0.49999999999999994
v 0.6823683381080627 3.908221745491028 -0.5860034078359604
v 0.6572820842266083 3.908221745491028 -0.6687017530202866
v 0.6165441870689392 3.908221745491028 -0.7449169903993607
v 0.5617201924324036 3.908221745491028 -0.8117201924324036
v 0.49491699039936066 3.908221745491028 -0.8665441870689392
v 0.41870175302028656 3.908221745491028 -0.9072820842266083
v 0.3360034078359604 3.908221745491028 -0.9323683381080627
v 0.25000000000000006 3.908221745491028 -0.9408389329910278
v 0.1639965921640396 3.908221745491028 -0.9323683381080627
v 0.08129824697971344 3.908221745491028 -0.9072820842266083
v 0.005083009600639343 3.908221745491028 -0.8665441870689392
v -0.061720192432403564 3.908221745491028 -0.8117201924324036
v -0.11654418706893921 3.908221745491028 -0.7449169903993607
v -0.15728208422660828 3.908221745491028 -0.6687017530202866
v -0.18236833810806274 3.908221745491028 -0.5860034078359604
v -0.19083893299102783 3.908221745491028 -0.5000000000000001
v -0.2803300619125366 3.8379036569595337 -0.5
v -0.2701399326324463 3.8379036569595337 -0.39653773605823517
v -0.23996111750602722 3.8379036569595337 -0.29705145955085754
v -0.1909533441066742 3.8379036569595337 -0.2053643763065338
v -0.125 3.8379036569595337 -0.125
v -0.044635623693466187 3.8379036569595337 -0.059046655893325806
v 0.047051459550857544 3.8379036569595337 -0.010038882493972778
v 0.14653773605823517 3.8379036569595337 0.02013993263244629
v 0.24999999999999997 3.8379036569595337 0.03033006191253662
v 0.35346226394176483 3.8379036569595337 0.02013993263244629
v 0.45294854044914246 3.8379036569595337 -0.010038882493972778
v 0.5446356236934662 3.8379036569595337 -0.059046655893325806
v 0.625 3.8379036569595337 -0.125
v 0.6909533441066742 3.8379036569595337 -0.2053643763065338
v 0.7399611175060272 3.8379036569595337 -0.29705145955085754
v 0.7701399326324463 3.8379036569595337 -0.39653773605823517
v 0.7803300619125366 3.8379036569595337 -0.49999999999999994
v 0.7701399326324463 3.8379036569595337 -0.6034622639417648
v 0.7399611175060272 3.8379036569595337 -0.7029485404491425
v 0.6909533441066742 3.8379036569595337 -0.7946356236934662
v 0.625 3.8379036569595337 -0.875
v 0.5446356236934662 3.8379036569595337 -0.9409533441066742
v 0.45294854044914246 3.8379036569595337 -0.9899611175060272
v 0.35346226394176483 3.8379036569595337 -1.0201399326324463
v 0.2500000000000001 3.8379036569595337 -1.0303300619125366
v 0.14653773605823517 3.8379036569595337 -1.0201399326324463
v 0.047051459550857544 3.8379036569595337 -0.9899611175060272
v -0.044635623693466187 3.8379036569595337 -0.9409533441066742
v -0.125 3.8379036569595337 -0.875
v -0.1909533441066742 3.8379036569595337 -0.7946356236934662
v -0.23996111750602722 3.8379036569595337 -0.7029485404491425
v -0.2701399326324463 3.8379036569595337 -0.6034622639417648
v -0.2803300619125366 3.8379036569595337 -0.5000000000000001
v -0.35676276683807373 3.7555718183517457 -0.5
v -0.3451039791107178 3.7555718183517457 -0.3816264569759369
v -0.3105756640434265 3.7555718183517457 -0.2678019553422928
v -0.2545047998428345 3.7555718183517457 -0.16290068626403809
v -0.17904606461524963 3.7555718183517457 -0.07095393538475037
v -0.08709931373596191 3.7555718183517457 0.004504799842834473
v 0.017801955342292786 3.7555718183517457 0.060575664043426514
v 0.1316264569759369 3.7555718183517457 0.09510397911071777
v 0.24999999999999997 3.7555718183517457 0.10676276683807373
v 0.3683735430240631 3.7555718183517457 0.09510397911071777
v 0.4821980446577072 3.7555718183517457 0.060575664043426514
v 0.5870993137359619 3.7555718183517457 0.004504799842834473
v 0.6790460646152496 3.7555718183517457 -0.07095393538475037
v 0.7545047998428345 3.7555718183517457 -0.16290068626403809
v 0.8105756640434265 3.7555718183517457 -0.2678019553422928
v 0.8451039791107178 3.7555718183517457 -0.3816264569759369
v 0.8567627668380737 3.7555718183517457 -0.49999999999999994
v 0.8451039791107178 3.7555718183517457 -0.6183735430240631
v 0.8105756640434265 3.7555718183517457 -0.7321980446577072
v 0.7545047998428345 3.7555718183517457 -0.8370993137359619
v 0.6790460646152496 3.7555718183517457 -0.9290460646152496
v 0.5870993137359619 3.7555718183517457 -1.0045047998428345
v 0.4821980446577072 3.7555718183517457 -1.0605756640434265
v 0.3683735430240631 3.7555718183517457 -1.0951039791107178
v 0.2500000000000001 3.7555718183517457 -1.1067627668380737
v 0.1316264569759369 3.7555718183517457 -1.0951039791107178
v 0.017801955342292786 3.7555718183517457 -1.0605756640434265
v -0.08709931373596191 3.7555718183517457 -1.0045047998428345
v -0.17904606461524963 3.7555718183517457 -0.9290460646152496
v -0.2545047998428345 3.7555718183517457 -0.8370993137359619
v -0.3105756640434265 3.7555718183517457 -0.7321980446577072
v -0.3451039791107178 3.7555718183517457 -0.6183735430240631
v -0.35676276683807373 3.7555718183517457 -0.5000000000000001
v -0.41825491189956665 3.6632534444332125 -0.5
v -0.4054145812988281 3.6632534444332125 -0.3696299344301224
v -0.36738699674606323 3.6632534444332125 -0.2442699372768402
v -0.30563366413116455 3.6632534444332125 -0.12873747944831848
v -0.22252756357192993 3.6632534444332125 -0.02747243642807007
v -0.12126252055168152 3.6632534444332125 0.05563366413116455
v -0.00573006272315979 3.6632534444332125 0.11738699674606323
v 0.11962993443012238 3.6632534444332125 0.15541458129882812
v 0.24999999999999997 3.6632534444332125 0.16825491189956665
v 0.3803700655698776 3.6632534444332125 0.15541458129882812
v 0.5057300627231598 3.6632534444332125 0.11738699674606323
v 0.6212625205516815 3.6632534444332125 0.05563366413116455
v 0.7225275635719299 3.6632534444332125 -0.02747243642807007
v 0.8056336641311646 3.6632534444332125 -0.12873747944831848
v 0.8673869967460632 3.6632534444332125 -0.2442699372768402
v 0.9054145812988281 3.6632534444332125 -0.3696299344301224
v 0.9182549118995667 3.6632534444332125 -0.49999999999999994
v 0.9054145812988281 3.6632534444332125 -0.6303700655698776
v 0.8673869967460632 3.6632534444332125 -0.7557300627231598
v 0.8056336641311646 3.6632534444332125 -0.8712625205516815
v 0.7225275635719299 3.6632534444332125 -0.9725275635719299
v 0.6212625205516815 3.6632534444332125 -1.0556336641311646
v 0.5057300627231598 3.6632534444332125 -1.1173869967460632
v 0.3803700655698776 3.6632534444332125 -1.1554145812988281
v 0.2500000000000001 3.6632534444332125 -1.1682549118995667
v 0.11962993443012238 3.6632534444332125 -1.1554145812988281
v -0.00573006272315979 3.6632534444332125 -1.1173869967460632
v -0.12126252055168152 3.6632534444332125 -1.0556336641311646
v -0.22252756357192993 3.6632534444332125 -0.9725275635719299
v -0.30563366413116455 3.6632534444332125 -0.8712625205516815
v -0.36738699674606323 3.6632534444332125 -0.7557300627231598
v -0.4054145812988281 3.6632534444332125 -0.6303700655698776
v -0.41825491189956665 3.6632534444332125 -0.5000000000000001
v -0.46329236030578613 3.5632217317819594 -0.5
v -0.4495866894721985 3.5632217317819594 -0.36084355413913727
v -0.40899622440338135 3.5632217317819594 -0.2270348072052002
v -0.34308093786239624 3.5632217317819594 -0.10371598601341248
v -0.2543739080429077 3.5632217317819594 0.004373908042907715
v -0.14628401398658752 3.5632217317819594 0.09308093786239624
v -0.022965192794799805 3.5632217317819594 0.15899622440338135
v 0.11084355413913727 3.5632217317819594 0.1995866894721985
v 0.24999999999999994 3.5632217317819594 0.21329236030578613
v 0.38915644586086273 3.5632217317819594 0.1995866894721985
v 0.5229651927947998 3.5632217317819594 0.15899622440338135
v 0.6462840139865875 3.5632217317819594 0.09308093786239624
v 0.7543739080429077 3.5632217317819594 0.004373908042907715
v 0.8430809378623962 3.5632217317819594 -0.10371598601341248
v 0.9089962244033813 3.5632217317819594 -0.2270348072052002
v 0.9495866894721985 3.5632217317819594 -0.36084355413913727
v 0.9632923603057861 3.5632217317819594 -0.4999999999999999
v 0.9495866894721985 3.5632217317819594 -0.6391564458608627
v 0.9089962244033813 3.5632217317819594 -0.7729651927947998
v 0.8430809378623962 3.5632217317819594 -0.8962840139865875
v 0.7543739080429077 3.5632217317819594 -1.0043739080429077
v 0.6462840139865875 3.5632217317819594 -1.0930809378623962
v 0.5229651927947998 3.5632217317819594 -1.1589962244033813
v 0.38915644586086273 3.5632217317819594 -1.1995866894721985
v 0.2500000000000001 3.5632217317819594 -1.2132923603057861
v 0.11084355413913727 3.5632217317819594 -1.1995866894721985
v -0.022965192794799805 3.5632217317819594 -1.1589962244033813
v -0.14628401398658752 3.5632217317819594 -1.0930809378623962
v -0.2543739080429077 3.5632217317819594 -1.0043739080429077
v -0.34308093786239624 3.5632217317819594 -0.8962840139865875
v -0.40899622440338135 3.5632217317819594 -0.7729651927947998
v -0.4495866894721985 3.5632217317819594 -0.6391564458608627
v -0.46329236030578613 3.5632217317819594 -0.5000000000000002
v -0.4907662272453308 3.4579397818446163 -0.5
v -0.47653263807296753 3.4579397818446163 -0.35548366606235504
v -0.43437880277633667 3.4579397818446163 -0.2165210247039795
v -0.3659246563911438 3.4579397818446163 -0.0884523093700409
v -0.2738008499145508 3.4579397818446163 0.02380084991455078
v -0.1615476906299591 3.4579397818446163 0.1159246563911438
v -0.03347897529602051 3.4579397818446163 0.18437880277633667
v 0.10548366606235504 3.4579397818446163 0.22653263807296753
v 0.24999999999999994 3.4579397818446163 0.2407662272453308
v 0.39451633393764496 3.4579397818446163 0.22653263807296753
v 0.5334789752960205 3.4579397818446163 0.18437880277633667
v 0.6615476906299591 3.4579397818446163 0.1159246563911438
v 0.7738008499145508 3.4579397818446163 0.02380084991455078
v 0.8659246563911438 3.4579397818446163 -0.0884523093700409
v 0.9343788027763367 3.4579397818446163 -0.2165210247039795
v 0.9765326380729675 3.4579397818446163 -0.35548366606235504
v 0.9907662272453308 3.4579397818446163 -0.4999999999999999
v 0.9765326380729675 3.4579397818446163 -0.644516333937645
v 0.9343788027763367 3.4579397818446163 -0.7834789752960205
v 0.8659246563911438 3.4579397818446163 -0.9115476906299591
v 0.7738008499145508 3.4579397818446163 -1.0238008499145508
v 0.6615476906299591 3.4579397818446163 -1.1159246563911438
v 0.5334789752960205 3.4579397818446163 -1.1843788027763367
v 0.39451633393764496 3.4579397818446163 -1.2265326380729675
v 0.2500000000000001 3.4579397818446163 -1.2407662272453308
v 0.10548366606235504 3.4579397818446163 -1.2265326380729675
v -0.03347897529602051 3.4579397818446163 -1.1843788027763367
v -0.1615476906299591 3.4579397818446163 -1.1159246563911438
v -0.2738008499145508 3.4579397818446163 -1.0238008499145508
v -0.3659246563911438 3.4579397818446163 -0.9115476906299591
v -0.43437880277633667 3.4579397818446163 -0.7834789752960205
v -0.47653263807296753 3.4579397818446163 -0.644516333937645
v -0.4907662272453308 3.4579397818446163 -0.5000000000000002
v -0.5 3.35 -0.5
v -0.4855889678001404 3.35 -0.3536822646856308
v -0.4429096579551697 3.35 -0.21298742294311523
v -0.3736022114753723 3.35 -0.08332231640815735
v -0.2803300619125366 3.35 0.03033006191253662
v -0.16667768359184265 3.35 0.12360221147537231
v -0.037012577056884766 3.35 0.19290965795516968
v 0.1036822646856308 3.35 0.23558896780014038
v 0.24999999999999994 3.35 0.25
v 0.3963177353143692 3.35 0.23558896780014038
v 0.5370125770568848 3.35 0.19290965795516968
v 0.6666776835918427 3.35 0.12360221147537231
v 0.7803300619125366 3.35 0.03033006191253662
v 0.8736022114753723 3.35 -0.08332231640815735
v 0.9429096579551697 3.35 -0.21298742294311523
v 0.9855889678001404 3.35 -0.3536822646856308
v 1 3.35 -0.4999999999999999
v 0.9855889678001404 3.35 -0.6463177353143692
v 0.9429096579551697 3.35 -0.7870125770568848
v 0.8736022114753723 3.35 -0.9166776835918427
v 0.7803300619125366 3.35 -1.0303300619125366
v 0.6666776835918427 3.35 -1.1236022114753723
v 0.5370125770568848 3.35 -1.1929096579551697
v 0.3963177353143692 3.35 -1.2355889678001404
v 0.2500000000000001 3.35 -1.25
v 0.1036822646856308 3.35 -1.2355889678001404
v -0.037012577056884766 3.35 -1.1929096579551697
v -0.16667768359184265 3.35 -1.1236022114753723
v -0.2803300619125366 3.35 -1.0303300619125366
v -0.3736022114753723 3.35 -0.9166776835918427
v -0.4429096579551697 3.35 -0.7870125770568848
v -0.4855889678001404 3.35 -0.6463177353143692
v -0.5 3.35 -0.5000000000000002
v -0.4907662272453308 3.242060218155384 -0.5
v -0.47653263807296753 3.242060218155384 -0.35548366606235504
v -0.43437880277633667 3.242060218155384 -0.2165210247039795
v -0.3659246563911438 3.242060218155384 -0.0884523093700409
v -0.2738008499145508 3.242060218155384 0.02380084991455078
v -0.1615476906299591 3.242060218155384 0.1159246563911438
v -0.03347897529602051 3.242060218155384 0.18437880277633667
v 0.10548366606235504 3.242060218155384 0.22653263807296753
v 0.24999999999999994 3.242060218155384 0.2407662272453308
v 0.39451633393764496 3.242060218155384 0.22653263807296753
v 0.5334789752960205 3.242060218155384 0.18437880277633667
v 0.6615476906299591 3.242060218155384 0.1159246563911438
v 0.7738008499145508 3.242060218155384 0.02380084991455078
v 0.8659246563911438 3.242060218155384 -0.0884523093700409
v 0.9343788027763367 3.242060218155384 -0.2165210247039795
v 0.9765326380729675 3.242060218155384 -0.35548366606235504
v 0.9907662272453308 3.242060218155384 -0.4999999999999999
v 0.9765326380729675 3.242060218155384 -0.644516333937645
v 0.9343788027763367 3.242060218155384 -0.7834789752960205
v 0.8659246563911438 3.242060218155384 -0.9115476906299591
v 0.7738008499145508 3.242060218155384 -1.0238008499145508
v 0.6615476906299591 3.242060218155384 -1.1159246563911438
v 0.5334789752960205 3.242060218155384 -1.1843788027763367
v 0.39451633393764496 3.242060218155384 -1.2265326380729675
v 0.2500000000000001 3.242060218155384 -1.2407662272453308
v 0.10548366606235504 3.242060218155384 -1.2265326380729675
v -0.03347897529602051 3.242060218155384 -1.1843788027763367
v -0.1615476906299591 3.242060218155384 -1.1159246563911438
v -0.2738008499145508 3.242060218155384 -1.0238008499145508
v -0.3659246563911438 3.242060218155384 -0.9115476906299591
v -0.43437880277633667 3.242060218155384 -0.7834789752960205
v -0.47653263807296753 3.242060218155384 -0.644516333937645
v -0.4907662272453308 3.242060218155384 -0.5000000000000002
v -0.46329236030578613 3.1367782682180407 -0.5
v -0.4495866894721985 3.1367782682180407 -0.36084355413913727
v -0.40899622440338135 3.1367782682180407 -0.2270348072052002
v -0.34308093786239624 3.1367782682180407 -0.10371598601341248
v -0.2543739080429077 3.1367782682180407 0.004373908042907715
v -0.14628401398658752 3.1367782682180407 0.09308093786239624
v -0.022965192794799805 3.1367782682180407 0.15899622440338135
v 0.11084355413913727 3.1367782682180407 0.1995866894721985
v 0.24999999999999994 3.1367782682180407 0.21329236030578613
v 0.38915644586086273 3.1367782682180407 0.1995866894721985
v 0.5229651927947998 3.1367782682180407 0.15899622440338135
v 0.6462840139865875 3.1367782682180407 0.09308093786239624
v 0.7543739080429077 3.1367782682180407 0.004373908042907715
v 0.8430809378623962 3.1367782682180407 -0.10371598601341248
v 0.9089962244033813 3.1367782682180407 -0.2270348072052002
v 0.9495866894721985 3.1367782682180407 -0.36084355413913727
v 0.9632923603057861 3.1367782682180407 -0.4999999999999999
v 0.9495866894721985 3.1367782682180407 -0.6391564458608627
v 0.9089962244033813 3.1367782682180407 -0.7729651927947998
v 0.8430809378623962 3.1367782682180407 -0.8962840139865875
v 0.7543739080429077 3.1367782682180407 -1.0043739080429077
v 0.6462840139865875 3.1367782682180407 -1.0930809378623962
v 0.5229651927947998 3.1367782682180407 -1.1589962244033813
v 0.38915644586086273 3.1367782682180407 -1.1995866894721985
v 0.2500000000000001 3.1367782682180407 -1.2132923603057861
v 0.11084355413913727 3.1367782682180407 -1.1995866894721985
v -0.022965192794799805 3.1367782682180407 -1.1589962244033813
v -0.14628401398658752 3.1367782682180407 -1.0930809378623962
v -0.2543739080429077 3.1367782682180407 -1.0043739080429077
v -0.34308093786239624 3.1367782682180407 -0.8962840139865875
v -0.40899622440338135 3.1367782682180407 -0.7729651927947998
v -0.4495866894721985 3.1367782682180407 -0.6391564458608627
v -0.46329236030578613 3.1367782682180407 -0.5000000000000002
v -0.41825491189956665 3.0367465555667876 -0.5
v -0.4054145812988281 3.0367465555667876 -0.3696299344301224
v -0.36738699674606323 3.0367465555667876 -0.2442699372768402
v -0.30563366413116455 3.0367465555667876 -0.12873747944831848
v -0.22252756357192993 3.0367465555667876 -0.02747243642807007
v -0.12126252055168152 3.0367465555667876 0.05563366413116455
v -0.00573006272315979 3.0367465555667876 0.11738699674606323
v 0.11962993443012238 3.0367465555667876 0.15541458129882812
v 0.24999999999999997 3.0367465555667876 0.16825491189956665
v 0.3803700655698776 3.0367465555667876 0.15541458129882812
v 0.5057300627231598 3.0367465555667876 0.11738699674606323
v 0.6212625205516815 3.0367465555667876 0.05563366413116455
v 0.7225275635719299 3.0367465555667876 -0.02747243642807007
v 0.8056336641311646 3.0367465555667876 -0.12873747944831848
v 0.8673869967460632 3.0367465555667876 -0.2442699372768402
v 0.9054145812988281 3.0367465555667876 -0.3696299344301224
v 0.9182549118995667 3.0367465555667876 -0.49999999999999994
v 0.9054145812988281 3.0367465555667876 -0.6303700655698776
v 0.8673869967460632 3.0367465555667876 -0.7557300627231598
v 0.8056336641311646 3.0367465555667876 -0.8712625205516815
v 0.7225275635719299 3.0367465555667876 -0.9725275635719299
v 0.6212625205516815 3.0367465555667876 -1.0556336641311646
v 0.5057300627231598 3.0367465555667876 -1.1173869967460632
v 0.3803700655698776 3.0367465555667876 -1.1554145812988281
v 0.2500000000000001 3.0367465555667876 -1.1682549118995667
v 0.11962993443012238 3.0367465555667876 -1.1554145812988281
v -0.00573006272315979 3.0367465555667876 -1.1173869967460632
v -0.12126252055168152 3.0367465555667876 -1.0556336641311646
v -0.22252756357192993 3.0367465555667876 -0.9725275635719299
v -0.30563366413116455 3.0367465555667876 -0.8712625205516815
v -0.36738699674606323 3.0367465555667876 -0.7557300627231598
v -0.4054145812988281 3.0367465555667876 -0.6303700655698776
v -0.41825491189956665 3.0367465555667876 -0.5000000000000001
v -0.35676276683807373 2.9444281816482545 -0.5
v -0.3451039791107178 2.9444281816482545 -0.3816264569759369
v -0.3105756640434265 2.9444281816482545 -0.2678019553422928
v -0.2545047998428345 2.9444281816482545 -0.16290068626403809
v -0.17904606461524963 2.9444281816482545 -0.07095393538475037
v -0.08709931373596191 2.9444281816482545 0.004504799842834473
v 0.017801955342292786 2.9444281816482545 0.060575664043426514
v 0.1316264569759369 2.9444281816482545 0.09510397911071777
v 0.24999999999999997 2.9444281816482545 0.10676276683807373
v 0.3683735430240631 2.9444281816482545 0.09510397911071777
v 0.4821980446577072 2.9444281816482545 0.060575664043426514
v 0.5870993137359619 2.9444281816482545 0.004504799842834473
v 0.6790460646152496 2.9444281816482545 -0.07095393538475037
v 0.7545047998428345 2.9444281816482545 -0.16290068626403809
v 0.8105756640434265 2.9444281816482545 -0.2678019553422928
v 0.8451039791107178 2.9444281816482545 -0.3816264569759369
v 0.8567627668380737 2.9444281816482545 -0.49999999999999994
v 0.8451039791107178 2.9444281816482545 -0.6183735430240631
v 0.8105756640434265 2.9444281816482545 -0.7321980446577072
v 0.7545047998428345 2.9444281816482545 -0.8370993137359619
v 0.6790460646152496 2.9444281816482545 -0.9290460646152496
v 0.5870993137359619 2.9444281816482545 -1.0045047998428345
v 0.4821980446577072 2.9444281816482545 -1.0605756640434265
v 0.3683735430240631 2.9444281816482545 -1.0951039791107178
v 0.2500000000000001 2.9444281816482545 -1.1067627668380737
v 0.1316264569759369 2.9444281816482545 -1.0951039791107178
v 0.017801955342292786 2.9444281816482545 -1.0605756640434265
v -0.08709931373596191 2.9444281816482545 -1.0045047998428345
v -0.17904606461524963 2.9444281816482545 -0.9290460646152496
v -0.2545047998428345 2.9444281816482545 -0.8370993137359619
v -0.3105756640434265 2.9444281816482545 -0.7321980446577072
v -0.3451039791107178 2.9444281816482545 -0.6183735430240631
v -0.35676276683807373 2.9444281816482545 -0.5000000000000001
v -0.2803300619125366 2.8620963430404665 -0.5
v -0.2701399326324463 2.8620963430404665 -0.39653773605823517
v -0.23996111750602722 2.8620963430404665 -0.29705145955085754
v -0.1909533441066742 2.8620963430404665 -0.2053643763065338
v -0.125 2.8620963430404665 -0.125
v -0.044635623693466187 2.8620963430404665 -0.059046655893325806
v 0.047051459550857544 2.8620963430404665 -0.010038882493972778
v 0.14653773605823517 2.8620963430404665 0.02013993263244629
v 0.24999999999999997 2.8620963430404665 0.03033006191253662
v 0.35346226394176483 2.8620963430404665 0.02013993263244629
v 0.45294854044914246 2.8620963430404665 -0.010038882493972778
v 0.5446356236934662 2.8620963430404665 -0.059046655893325806
v 0.625 2.8620963430404665 -0.125
v 0.6909533441066742 2.8620963430404665 -0.2053643763065338
v 0.7399611175060272 2.8620963430404665 -0.29705145955085754
v 0.7701399326324463 2.8620963430404665 -0.39653773605823517
v 0.7803300619125366 2.8620963430404665 -0.49999999999999994
v 0.7701399326324463 2.8620963430404665 -0.6034622639417648
v 0.7399611175060272 2.8620963430404665 -0.7029485404491425
v 0.6909533441066742 2.8620963430404665 -0.7946356236934662
v 0.625 2.8620963430404665 -0.875
v 0.5446356236934662 2.8620963430404665 -0.9409533441066742
v 0.45294854044914246 2.8620963430404665 -0.9899611175060272
v 0.35346226394176483 2.8620963430404665 -1.0201399326324463
v 0.2500000000000001 2.8620963430404665 -1.0303300619125366
v 0.14653773605823517 2.8620963430404665 -1.0201399326324463
v 0.047051459550857544 2.8620963430404665 -0.9899611175060272
v -0.044635623693466187 2.8620963430404665 -0.9409533441066742
v -0.125 2.8620963430404665 -0.875
v -0.1909533441066742 2.8620963430404665 -0.7946356236934662
v -0.23996111750602722 2.8620963430404665 -0.7029485404491425
v -0.2701399326324463 2.8620963430404665 -0.6034622639417648
v -0.2803300619125366 2.8620963430404665 -0.5000000000000001
v -0.19083893299102783 2.791778254508972 -0.5
v -0.18236833810806274 2.791778254508972 -0.4139965921640396
v -0.15728208422660828 2.791778254508972 -0.33129824697971344
v -0.11654418706893921 2.791778254508972 -0.25508300960063934
v -0.061720192432403564 2.791778254508972 -0.18827980756759644
v 0.005083009600639343 2.791778254508972 -0.1334558129310608
v 0.08129824697971344 2.791778254508972 -0.09271791577339172
v 0.1639965921640396 2.791778254508972 -0.06763166189193726
v 0.24999999999999997 2.791778254508972 -0.05916106700897217
v 0.3360034078359604 2.791778254508972 -0.06763166189193726
v 0.41870175302028656 2.791778254508972 -0.09271791577339172
v 0.49491699039936066 2.791778254508972 -0.1334558129310608
v 0.5617201924324036 2.791778254508972 -0.18827980756759644
v 0.6165441870689392 2.791778254508972 -0.25508300960063934
v 0.6572820842266083 2.791778254508972 -0.33129824697971344
v 0.6823683381080627 2.791778254508972 -0.4139965921640396
v 0.6908389329910278 2.791778254508972 -0.49999999999999994
v 0.6823683381080627 2.791778254508972 -0.5860034078359604
v 0.6572820842266083 2.791778254508972 -0.6687017530202866
v 0.6165441870689392 2.791778254508972 -0.7449169903993607
v 0.5617201924324036 2.791778254508972 -0.8117201924324036
v 0.49491699039936066 2.791778254508972 -0.8665441870689392
v 0.41870175302028656 2.791778254508972 -0.9072820842266083
v 0.3360034078359604 2.791778254508972 -0.9323683381080627
v 0.25000000000000006 2.791778254508972 -0.9408389329910278
v 0.1639965921640396 2.791778254508972 -0.9323683381080627
v 0.08129824697971344 2.791778254508972 -0.9072820842266083
v 0.005083009600639343 2.791778254508972 -0.8665441870689392
v -0.061720192432403564 2.791778254508972 -0.8117201924324036
v -0.11654418706893921 2.791778254508972 -0.7449169903993607
v -0.15728208422660828 2.791778254508972 -0.6687017530202866
v -0.18236833810806274 2.791778254508972 -0.5860034078359604
v -0.19083893299102783 2.791778254508972 -0.5000000000000001
v -0.09049287438392639 2.7352054810523985 -0.5
v -0.08395040035247803 2.7352054810523985 -0.4335731342434883
v -0.06457439064979553 2.7352054810523985 -0.36969901621341705
v -0.03310948610305786 2.7352054810523985 -0.31083229184150696
v 0.009235173463821411 2.7352054810523985 -0.2592351734638214
v 0.06083229184150696 2.7352054810523985 -0.21689051389694214
v 0.11969901621341705 2.7352054810523985 -0.18542560935020447
v 0.1835731342434883 2.7352054810523985 -0.16604959964752197
v 0.24999999999999997 2.7352054810523985 -0.1595071256160736
v 0.3164268657565117 2.7352054810523985 -0.16604959964752197
v 0.38030098378658295 2.7352054810523985 -0.18542560935020447
v 0.43916770815849304 2.7352054810523985 -0.21689051389694214
v 0.4907648265361786 2.7352054810523985 -0.2592351734638214
v 0.5331094861030579 2.7352054810523985 -0.31083229184150696
v 0.5645743906497955 2.7352054810523985 -0.36969901621341705
v 0.583950400352478 2.7352054810523985 -0.4335731342434883
v 0.5904928743839264 2.7352054810523985 -0.49999999999999994
v 0.583950400352478 2.7352054810523985 -0.5664268657565117
v 0.5645743906497955 2.7352054810523985 -0.630300983786583
v 0.5331094861030579 2.7352054810523985 -0.689167708158493
v 0.4907648265361786 2.7352054810523985 -0.7407648265361786
v 0.43916770815849304 2.7352054810523985 -0.7831094861030579
v 0.38030098378658295 2.7352054810523985 -0.8145743906497955
v 0.3164268657565117 2.7352054810523985 -0.833950400352478
v 0.25000000000000006 2.7352054810523985 -0.8404928743839264
v 0.1835731342434883 2.7352054810523985 -0.833950400352478
v 0.11969901621341705 2.7352054810523985 -0.8145743906497955
v 0.06083229184150696 2.7352054810523985 -0.7831094861030579
v 0.009235173463821411 2.7352054810523985 -0.7407648265361786
v -0.03310948610305786 2.7352054810523985 -0.689167708158493
v -0.06457439064979553 2.7352054810523985 -0.630300983786583
v -0.08395040035247803 2.7352054810523985 -0.5664268657565117
v -0.09049287438392639 2.7352054810523985 -0.5000000000000001
v 0.018237248063087463 2.6937710285186767 -0.5
v 0.022690504789352417 2.6937710285186767 -0.4547853320837021
v 0.03587915003299713 2.6937710285186767 -0.41130823642015457
v 0.05729632079601288 2.6937710285186767 -0.3712395131587982
v 0.08611899614334106 2.6937710285186767 -0.33611899614334106
v 0.12123951315879822 2.6937710285186767 -0.3072963207960129
v 0.16130823642015457 2.6937710285186767 -0.28587915003299713
v 0.2047853320837021 2.6937710285186767 -0.2726905047893524
v 0.24999999999999997 2.6937710285186767 -0.26823724806308746
v 0.2952146679162979 2.6937710285186767 -0.2726905047893524
v 0.33869176357984543 2.6937710285186767 -0.28587915003299713
v 0.3787604868412018 2.6937710285186767 -0.3072963207960129
v 0.41388100385665894 2.6937710285186767 -0.33611899614334106
v 0.4427036792039871 2.6937710285186767 -0.3712395131587982
v 0.46412084996700287 2.6937710285186767 -0.41130823642015457
v 0.4773094952106476 2.6937710285186767 -0.4547853320837021
v 0.48176275193691254 2.6937710285186767 -0.49999999999999994
v 0.4773094952106476 2.6937710285186767 -0.5452146679162979
v 0.46412084996700287 2.6937710285186767 -0.5886917635798454
v 0.4427036792039871 2.6937710285186767 -0.6287604868412018
v 0.41388100385665894 2.6937710285186767 -0.6638810038566589
v 0.3787604868412018 2.6937710285186767 -0.6927036792039871
v 0.33869176357984543 2.6937710285186767 -0.7141208499670029
v 0.2952146679162979 2.6937710285186767 -0.7273094952106476
v 0.25000000000000006 2.6937710285186767 -0.7317627519369125
v 0.2047853320837021 2.6937710285186767 -0.7273094952106476
v 0.16130823642015457 2.6937710285186767 -0.7141208499670029
v 0.12123951315879822 2.6937710285186767 -0.6927036792039871
v 0.08611899614334106 2.6937710285186767 -0.6638810038566589
v 0.05729632079601288 2.6937710285186767 -0.6287604868412018
v 0.03587915003299713 2.6937710285186767 -0.5886917635798454
v 0.022690504789352417 2.6937710285186767 -0.5452146679162979
v 0.018237248063087463 2.6937710285186767 -0.5000000000000001
v 0.13267415016889572 2.668495070934296 -0.5
v 0.13492853194475174 2.668495070934296 -0.4771108627319336
v 0.14160504937171936 2.668495070934296 -0.45510134100914
v 0.15244711935520172 2.668495070934296 -0.43481725454330444
v 0.16703809797763824 2.668495070934296 -0.41703809797763824
v 0.18481725454330444 2.668495070934296 -0.4024471193552017
v 0.20510134100914001 2.668495070934296 -0.39160504937171936
v 0.2271108627319336 2.668495070934296 -0.38492853194475174
v 0.25 2.668495070934296 -0.3826741501688957
v 0.2728891372680664 2.668495070934296 -0.38492853194475174
v 0.29489865899086 2.668495070934296 -0.39160504937171936
v 0.31518274545669556 2.668495070934296 -0.4024471193552017
v 0.33296190202236176 2.668495070934296 -0.41703809797763824
v 0.3475528806447983 2.668495070934296 -0.43481725454330444
v 0.35839495062828064 2.668495070934296 -0.45510134100914
v 0.36507146805524826 2.668495070934296 -0.4771108627319336
v 0.3673258498311043 2.668495070934296 -0.5
v 0.36507146805524826 2.668495070934296 -0.5228891372680664
v 0.35839495062828064 2.668495070934296 -0.54489865899086
v 0.3475528806447983 2.668495070934296 -0.5651827454566956
v 0.33296190202236176 2.668495070934296 -0.5829619020223618
v 0.31518274545669556 2.668495070934296 -0.5975528806447983
v 0.29489865899086 2.668495070934296 -0.6083949506282806
v 0.2728891372680664 2.668495070934296 -0.6150714680552483
v 0.25 2.668495070934296 -0.6173258498311043
v 0.2271108627319336 2.668495070934296 -0.6150714680552483
v 0.20510134100914001 2.668495070934296 -0.6083949506282806
v 0.18481725454330444 2.668495070934296 -0.5975528806447983
v 0.16703809797763824 2.668495070934296 -0.5829619020223618
v 0.15244711935520172 2.668495070934296 -0.5651827454566956
v 0.14160504937171936 2.668495070934296 -0.54489865899086
v 0.13492853194475174 2.668495070934296 -0.5228891372680664
v 0.13267415016889572 2.668495070934296 -0.5
v 0.24999999999999992 2.66 -0.5
v 0.24999999999999992 2.66 -0.5
v 0.24999999999999992 2.66 -0.49999999999999994
v 0.24999999999999992 2.66 -0.49999999999999994
v 0.24999999999999994 2.66 -0.49999999999999994
v 0.24999999999999994 2.66 -0.49999999999999994
v 0.24999999999999997 2.66 -0.4999999999999999
v 0.24999999999999997 2.66 -0.4999999999999999
v 0.25 2.66 -0.4999999999999999
v 0.25 2.66 -0.4999999999999999
v 0.25000000000000006 2.66 -0.4999999999999999
v 0.25000000000000006 2.66 -0.49999999999999994
v 0.25000000000000006 2.66 -0.49999999999999994
v 0.25000000000000006 2.66 -0.49999999999999994
v 0.2500000000000001 2.66 -0.49999999999999994
v 0.2500000000000001 2.66 -0.5
v 0.2500000000000001 2.66 -0.5
v 0.2500000000000001 2.66 -0.5
v 0.2500000000000001 2.66 -0.5
v 0.25000000000000006 2.66 -0.5
v 0.25000000000000006 2.66 -0.5000000000000001
v 0.25000000000000006 2.66 -0.5000000000000001
v 0.25000000000000006 2.66 -0.5000000000000001
v 0.25 2.66 -0.5000000000000001
v 0.25 2.66 -0.5000000000000001
v 0.24999999999999997 2.66 -0.5000000000000001
v 0.24999999999999997 2.66 -0.5000000000000001
v 0.24999999999999994 2.66 -0.5000000000000001
v 0.24999999999999994 2.66 -0.5000000000000001
v 0.24999999999999992 2.66 -0.5
v 0.24999999999999992 2.66 -0.5
v 0.24999999999999992 2.66 -0.5
v 0.24999999999999992 2.66 -0.5
vt 0.015625 1
vt 0.046875 1
vt 0.078125 1
vt 0.109375 1
vt 0.140625 1
vt 0.171875 1
vt 0.203125 1
vt 0.234375 1
vt 0.265625 1
vt 0.296875 1
vt 0.328125 1
vt 0.359375 1
vt 0.390625 1
vt 0.421875 1
vt 0.453125 1
vt 0.484375 1
vt 0.515625 1
vt 0.546875 1
vt 0.578125 1
vt 0.609375 1
vt 0.640625 1
vt 0.671875 1
vt 0.703125 1
vt 0.734375 1
vt 0.765625 1
vt 0.796875 1
vt 0.828125 1
vt 0.859375 1
vt 0.890625 1
vt 0.921875 1
vt 0.953125 1
vt 0.984375 1
vt 1.015625 1
vt 0 0.949999988079071
vt 0.03125 0.949999988079071
vt 0.0625 0.949999988079071
vt 0.09375 0.949999988079071
vt 0.125 0.949999988079071
vt 0.15625 0.949999988079071
vt 0.1875 0.949999988079071
vt 0.21875 0.949999988079071
vt 0.25 0.949999988079071
vt 0.28125 0.949999988079071
vt 0.3125 0.949999988079071
vt 0.34375 0.949999988079071
vt 0.375 0.949999988079071
vt 0.40625 0.949999988079071
vt 0.4375 0.949999988079071
vt 0.46875 0.949999988079071
vt 0.5 0.949999988079071
vt 0.53125 0.949999988079071
vt 0.5625 0.949999988079071
vt 0.59375 0.949999988079071
vt 0.625 0.949999988079071
vt 0.65625 0.949999988079071
vt 0.6875 0.949999988079071
vt 0.71875 0.949999988079071
vt 0.75 0.949999988079071
vt 0.78125 0.949999988079071
vt 0.8125 0.949999988079071
vt 0.84375 0.949999988079071
vt 0.875 0.949999988079071
vt 0.90625 0.949999988079071
vt 0.9375 0.949999988079071
vt 0.96875 0.949999988079071
vt 1 0.949999988079071
vt 0 0.8999999761581421
vt 0.03125 0.8999999761581421
vt 0.0625 0.8999999761581421
vt 0.09375 0.8999999761581421
vt 0.125 0.8999999761581421
vt 0.15625 0.8999999761581421
vt 0.1875 0.8999999761581421
vt 0.21875 0.8999999761581421
vt 0.25 0.8999999761581421
vt 0.28125 0.8999999761581421
vt 0.3125 0.8999999761581421
vt 0.34375 0.8999999761581421
vt 0.375 0.8999999761581421
vt 0.40625 0.8999999761581421
vt 0.4375 0.8999999761581421
vt 0.46875 0.8999999761581421
vt 0.5 0.8999999761581421
vt 0.53125 0.8999999761581421
vt 0.5625 0.8999999761581421
vt 0.59375 0.8999999761581421
vt 0.625 0.8999999761581421
vt 0.65625 0.8999999761581421
vt 0.6875 0.8999999761581421
vt 0.71875 0.8999999761581421
vt 0.75 0.8999999761581421
vt 0.78125 0.8999999761581421
vt 0.8125 0.8999999761581421
vt 0.84375 0.8999999761581421
vt 0.875 0.8999999761581421
vt 0.90625 0.8999999761581421
vt 0.9375 0.8999999761581421
vt 0.96875 0.8999999761581421
vt 1 0.8999999761581421
vt 0 0.8500000238418579
vt 0.03125 0.8500000238418579
vt 0.0625 0.8500000238418579
vt 0.09375 0.8500000238418579
vt 0.125 0.8500000238418579
vt 0.15625 0.8500000238418579
vt 0.1875 0.8500000238418579
vt 0.21875 0.8500000238418579
vt 0.25 0.8500000238418579
vt 0.28125 0.8500000238418579
vt 0.3125 0.8500000238418579
vt 0.34375 0.8500000238418579
vt 0.375 0.8500000238418579
vt 0.40625 0.8500000238418579
vt 0.4375 0.8500000238418579
vt 0.46875 0.8500000238418579
vt 0.5 0.8500000238418579
vt 0.53125 0.8500000238418579
vt 0.5625 0.8500000238418579
vt 0.59375 0.8500000238418579
vt 0.625 0.8500000238418579
vt 0.65625 0.8500000238418579
vt 0.6875 0.8500000238418579
vt 0.71875 0.8500000238418579
vt 0.75 0.8500000238418579
vt 0.78125 0.8500000238418579
vt 0.8125 0.8500000238418579
vt 0.84375 0.8500000238418579
vt 0.875 0.8500000238418579
vt 0.90625 0.8500000238418579
vt 0.9375 0.8500000238418579
vt 0.96875 0.8500000238418579
vt 1 0.8500000238418579
vt 0 0.800000011920929
vt 0.03125 0.800000011920929
vt 0.0625 0.800000011920929
vt 0.09375 0.800000011920929
vt 0.125 0.800000011920929
vt 0.15625 0.800000011920929
vt 0.1875 0.800000011920929
vt 0.21875 0.800000011920929
vt 0.25 0.800000011920929
vt 0.28125 0.800000011920929
vt 0.3125 0.800000011920929
vt 0.34375 0.800000011920929
vt 0.375 0.800000011920929
vt 0.40625 0.800000011920929
vt 0.4375 0.800000011920929
vt 0.46875 0.800000011920929
vt 0.5 0.800000011920929
vt 0.53125 0.800000011920929
vt 0.5625 0.800000011920929
vt 0.59375 0.800000011920929
vt 0.625 0.800000011920929
vt 0.65625 0.800000011920929
vt 0.6875 0.800000011920929
vt 0.71875 0.800000011920929
vt 0.75 0.800000011920929
vt 0.78125 0.800000011920929
vt 0.8125 0.800000011920929
vt 0.84375 0.800000011920929
vt 0.875 0.800000011920929
vt 0.90625 0.800000011920929
vt 0.9375 0.800000011920929
vt 0.96875 0.800000011920929
vt 1 0.800000011920929
vt 0 0.75
vt 0.03125 0.75
vt 0.0625 0.75
vt 0.09375 0.75
vt 0.125 0.75
vt 0.15625 0.75
vt 0.1875 0.75
vt 0.21875 0.75
vt 0.25 0.75
vt 0.28125 0.75
vt 0.3125 0.75
vt 0.34375 0.75
vt 0.375 0.75
vt 0.40625 0.75
vt 0.4375 0.75
vt 0.46875 0.75
vt 0.5 0.75
vt 0.53125 0.75
vt 0.5625 0.75
vt 0.59375 0.75
vt 0.625 0.75
vt 0.65625 0.75
vt 0.6875 0.75
vt 0.71875 0.75
vt 0.75 0.75
vt 0.78125 0.75
vt 0.8125 0.75
vt 0.84375 0.75
vt 0.875 0.75
vt 0.90625 0.75
vt 0.9375 0.75
vt 0.96875 0.75
vt 1 0.75
vt 0 0.699999988079071
vt 0.03125 0.699999988079071
vt 0.0625 0.699999988079071
vt 0.09375 0.699999988079071
vt 0.125 0.699999988079071
vt 0.15625 0.699999988079071
vt 0.1875 0.699999988079071
vt 0.21875 0.699999988079071
vt 0.25 0.699999988079071
vt 0.28125 0.699999988079071
vt 0.3125 0.699999988079071
vt 0.34375 0.699999988079071
vt 0.375 0.699999988079071
vt 0.40625 0.699999988079071
vt 0.4375 0.699999988079071
vt 0.46875 0.699999988079071
vt 0.5 0.699999988079071
vt 0.53125 0.699999988079071
vt 0.5625 0.699999988079071
vt 0.59375 0.699999988079071
vt 0.625 0.699999988079071
vt 0.65625 0.699999988079071
vt 0.6875 0.699999988079071
vt 0.71875 0.699999988079071
vt 0.75 0.699999988079071
vt 0.78125 0.699999988079071
vt 0.8125 0.699999988079071
vt 0.84375 0.699999988079071
vt 0.875 0.699999988079071
vt 0.90625 0.699999988079071
vt 0.9375 0.699999988079071
vt 0.96875 0.699999988079071
vt 1 0.699999988079071
vt 0 0.6499999761581421
vt 0.03125 0.6499999761581421
vt 0.0625 0.6499999761581421
vt 0.09375 0.6499999761581421
vt 0.125 0.6499999761581421
vt 0.15625 0.6499999761581421
vt 0.1875 0.6499999761581421
vt 0.21875 0.6499999761581421
vt 0.25 0.6499999761581421
vt 0.28125 0.6499999761581421
vt 0.3125 0.6499999761581421
vt 0.34375 0.6499999761581421
vt 0.375 0.6499999761581421
vt 0.40625 0.6499999761581421
vt 0.4375 0.6499999761581421
vt 0.46875 0.6499999761581421
vt 0.5 0.6499999761581421
vt 0.53125 0.6499999761581421
vt 0.5625 0.6499999761581421
vt 0.59375 0.6499999761581421
vt 0.625 0.6499999761581421
vt 0.65625 0.6499999761581421
vt 0.6875 0.6499999761581421
vt 0.71875 0.6499999761581421
vt 0.75 0.6499999761581421
vt 0.78125 0.6499999761581421
vt 0.8125 0.6499999761581421
vt 0.84375 0.6499999761581421
vt 0.875 0.6499999761581421
vt 0.90625 0.6499999761581421
vt 0.9375 0.6499999761581421
vt 0.96875 0.6499999761581421
vt 1 0.6499999761581421
vt 0 0.6000000238418579
vt 0.03125 0.6000000238418579
vt 0.0625 0.6000000238418579
vt 0.09375 0.6000000238418579
vt 0.125 0.6000000238418579
vt 0.15625 0.6000000238418579
vt 0.1875 0.6000000238418579
vt 0.21875 0.6000000238418579
vt 0.25 0.6000000238418579
vt 0.28125 0.6000000238418579
vt 0.3125 0.6000000238418579
vt 0.34375 0.6000000238418579
vt 0.375 0.6000000238418579
vt 0.40625 0.6000000238418579
vt 0.4375 0.6000000238418579
vt 0.46875 0.6000000238418579
vt 0.5 0.6000000238418579
vt 0.53125 0.6000000238418579
vt 0.5625 0.6000000238418579
vt 0.59375 0.6000000238418579
vt 0.625 0.6000000238418579
vt 0.65625 0.6000000238418579
vt 0.6875 0.6000000238418579
vt 0.71875 0.6000000238418579
vt 0.75 0.6000000238418579
vt 0.78125 0.6000000238418579
vt 0.8125 0.6000000238418579
vt 0.84375 0.6000000238418579
vt 0.875 0.6000000238418579
vt 0.90625 0.6000000238418579
vt 0.9375 0.6000000238418579
vt 0.96875 0.6000000238418579
vt 1 0.6000000238418579
vt 0 0.550000011920929
vt 0.03125 0.550000011920929
vt 0.0625 0.550000011920929
vt 0.09375 0.550000011920929
vt 0.125 0.550000011920929
vt 0.15625 0.550000011920929
vt 0.1875 0.550000011920929
vt 0.21875 0.550000011920929
vt 0.25 0.550000011920929
vt 0.28125 0.550000011920929
vt 0.3125 0.550000011920929
vt 0.34375 0.550000011920929
vt 0.375 0.550000011920929
vt 0.40625 0.550000011920929
vt 0.4375 0.550000011920929
vt 0.46875 0.550000011920929
vt 0.5 0.550000011920929
vt 0.53125 0.550000011920929
vt 0.5625 0.550000011920929
vt 0.59375 0.550000011920929
vt 0.625 0.550000011920929
vt 0.65625 0.550000011920929
vt 0.6875 0.550000011920929
vt 0.71875 0.550000011920929
vt 0.75 0.550000011920929
vt 0.78125 0.550000011920929
vt 0.8125 0.550000011920929
vt 0.84375 0.550000011920929
vt 0.875 0.550000011920929
vt 0.90625 0.550000011920929
vt 0.9375 0.550000011920929
vt 0.96875 0.550000011920929
vt 1 0.550000011920929
vt 0 0.5
vt 0.03125 0.5
vt 0.0625 0.5
vt 0.09375 0.5
vt 0.125 0.5
vt 0.15625 0.5
vt 0.1875 0.5
vt 0.21875 0.5
vt 0.25 0.5
vt 0.28125 0.5
vt 0.3125 0.5
vt 0.34375 0.5
vt 0.375 0.5
vt 0.40625 0.5
vt 0.4375 0.5
vt 0.46875 0.5
vt 0.5 0.5
vt 0.53125 0.5
vt 0.5625 0.5
vt 0.59375 0.5
vt 0.625 0.5
vt 0.65625 0.5
vt 0.6875 0.5
vt 0.71875 0.5
vt 0.75 0.5
vt 0.78125 0.5
vt 0.8125 0.5
vt 0.84375 0.5
vt 0.875 0.5
vt 0.90625 0.5
vt 0.9375 0.5
vt 0.96875 0.5
vt 1 0.5
vt 0 0.44999998807907104
vt 0.03125 0.44999998807907104
vt 0.0625 0.44999998807907104
vt 0.09375 0.44999998807907104
vt 0.125 0.44999998807907104
vt 0.15625 0.44999998807907104
vt 0.1875 0.44999998807907104
vt 0.21875 0.44999998807907104
vt 0.25 0.44999998807907104
vt 0.28125 0.44999998807907104
vt 0.3125 0.44999998807907104
vt 0.34375 0.44999998807907104
vt 0.375 0.44999998807907104
vt 0.40625 0.44999998807907104
vt 0.4375 0.44999998807907104
vt 0.46875 0.44999998807907104
vt 0.5 0.44999998807907104
vt 0.53125 0.44999998807907104
vt 0.5625 0.44999998807907104
vt 0.59375 0.44999998807907104
vt 0.625 0.44999998807907104
vt 0.65625 0.44999998807907104
vt 0.6875 0.44999998807907104
vt 0.71875 0.44999998807907104
vt 0.75 0.44999998807907104
vt 0.78125 0.44999998807907104
vt 0.8125 0.44999998807907104
vt 0.84375 0.44999998807907104
vt 0.875 0.44999998807907104
vt 0.90625 0.44999998807907104
vt 0.9375 0.44999998807907104
vt 0.96875 0.44999998807907104
vt 1 0.44999998807907104
vt 0 0.4000000059604645
vt 0.03125 0.4000000059604645
vt 0.0625 0.4000000059604645
vt 0.09375 0.4000000059604645
vt 0.125 0.4000000059604645
vt 0.15625 0.4000000059604645
vt 0.1875 0.4000000059604645
vt 0.21875 0.4000000059604645
vt 0.25 0.4000000059604645
vt 0.28125 0.4000000059604645
vt 0.3125 0.4000000059604645
vt 0.34375 0.4000000059604645
vt 0.375 0.4000000059604645
vt 0.40625 0.4000000059604645
vt 0.4375 0.4000000059604645
vt 0.46875 0.4000000059604645
vt 0.5 0.4000000059604645
vt 0.53125 0.4000000059604645
vt 0.5625 0.4000000059604645
vt 0.59375 0.4000000059604645
vt 0.625 0.4000000059604645
vt 0.65625 0.4000000059604645
vt 0.6875 0.4000000059604645
vt 0.71875 0.4000000059604645
vt 0.75 0.4000000059604645
vt 0.78125 0.4000000059604645
vt 0.8125 0.4000000059604645
vt 0.84375 0.4000000059604645
vt 0.875 0.4000000059604645
vt 0.90625 0.4000000059604645
vt 0.9375 0.4000000059604645
vt 0.96875 0.4000000059604645
vt 1 0.4000000059604645
vt 0 0.3499999940395355
vt 0.03125 0.3499999940395355
vt 0.0625 0.3499999940395355
vt 0.09375 0.3499999940395355
vt 0.125 0.3499999940395355
vt 0.15625 0.3499999940395355
vt 0.1875 0.3499999940395355
vt 0.21875 0.3499999940395355
vt 0.25 0.3499999940395355
vt 0.28125 0.3499999940395355
vt 0.3125 0.3499999940395355
vt 0.34375 0.3499999940395355
vt 0.375 0.3499999940395355
vt 0.40625 0.3499999940395355
vt 0.4375 0.3499999940395355
vt 0.46875 0.3499999940395355
vt 0.5 0.3499999940395355
vt 0.53125 0.3499999940395355
vt 0.5625 0.3499999940395355
vt 0.59375 0.3499999940395355
vt 0.625 0.3499999940395355
vt 0.65625 0.3499999940395355
vt 0.6875 0.3499999940395355
vt 0.71875 0.3499999940395355
vt 0.75 0.3499999940395355
vt 0.78125 0.3499999940395355
vt 0.8125 0.3499999940395355
vt 0.84375 0.3499999940395355
vt 0.875 0.3499999940395355
vt 0.90625 0.3499999940395355
vt 0.9375 0.3499999940395355
vt 0.96875 0.3499999940395355
vt 1 0.3499999940395355
vt 0 0.30000001192092896
vt 0.03125 0.30000001192092896
vt 0.0625 0.30000001192092896
vt 0.09375 0.30000001192092896
vt 0.125 0.30000001192092896
vt 0.15625 0.30000001192092896
vt 0.1875 0.30000001192092896
vt 0.21875 0.30000001192092896
vt 0.25 0.30000001192092896
vt 0.28125 0.30000001192092896
vt 0.3125 0.30000001192092896
vt 0.34375 0.30000001192092896
vt 0.375 0.30000001192092896
vt 0.40625 0.30000001192092896
vt 0.4375 0.30000001192092896
vt 0.46875 0.30000001192092896
vt 0.5 0.30000001192092896
vt 0.53125 0.30000001192092896
vt 0.5625 0.30000001192092896
vt 0.59375 0.30000001192092896
vt 0.625 0.30000001192092896
vt 0.65625 0.30000001192092896
vt 0.6875 0.30000001192092896
vt 0.71875 0.30000001192092896
vt 0.75 0.30000001192092896
vt 0.78125 0.30000001192092896
vt 0.8125 0.30000001192092896
vt 0.84375 0.30000001192092896
vt 0.875 0.30000001192092896
vt 0.90625 0.30000001192092896
vt 0.9375 0.30000001192092896
vt 0.96875 0.30000001192092896
vt 1 0.30000001192092896
vt 0 0.25
vt 0.03125 0.25
vt 0.0625 0.25
vt 0.09375 0.25
vt 0.125 0.25
vt 0.15625 0.25
vt 0.1875 0.25
vt 0.21875 0.25
vt 0.25 0.25
vt 0.28125 0.25
vt 0.3125 0.25
vt 0.34375 0.25
vt 0.375 0.25
vt 0.40625 0.25
vt 0.4375 0.25
vt 0.46875 0.25
vt 0.5 0.25
vt 0.53125 0.25
vt 0.5625 0.25
vt 0.59375 0.25
vt 0.625 0.25
vt 0.65625 0.25
vt 0.6875 0.25
vt 0.71875 0.25
vt 0.75 0.25
vt 0.78125 0.25
vt 0.8125 0.25
vt 0.84375 0.25
vt 0.875 0.25
vt 0.90625 0.25
vt 0.9375 0.25
vt 0.96875 0.25
vt 1 0.25
vt 0 0.20000000298023224
vt 0.03125 0.20000000298023224
vt 0.0625 0.20000000298023224
vt 0.09375 0.20000000298023224
vt 0.125 0.20000000298023224
vt 0.15625 0.20000000298023224
vt 0.1875 0.20000000298023224
vt 0.21875 0.20000000298023224
vt 0.25 0.20000000298023224
vt 0.28125 0.20000000298023224
vt 0.3125 0.20000000298023224
vt 0.34375 0.20000000298023224
vt 0.375 0.20000000298023224
vt 0.40625 0.20000000298023224
vt 0.4375 0.20000000298023224
vt 0.46875 0.20000000298023224
vt 0.5 0.20000000298023224
vt 0.53125 0.20000000298023224
vt 0.5625 0.20000000298023224
vt 0.59375 0.20000000298023224
vt 0.625 0.20000000298023224
vt 0.65625 0.20000000298023224
vt 0.6875 0.20000000298023224
vt 0.71875 0.20000000298023224
vt 0.75 0.20000000298023224
vt 0.78125 0.20000000298023224
vt 0.8125 0.20000000298023224
vt 0.84375 0.20000000298023224
vt 0.875 0.20000000298023224
vt 0.90625 0.20000000298023224
vt 0.9375 0.20000000298023224
vt 0.96875 0.20000000298023224
vt 1 0.20000000298023224
vt 0 0.15000000596046448
vt 0.03125 0.15000000596046448
vt 0.0625 0.15000000596046448
vt 0.09375 0.15000000596046448
vt 0.125 0.15000000596046448
vt 0.15625 0.15000000596046448
vt 0.1875 0.15000000596046448
vt 0.21875 0.15000000596046448
vt 0.25 0.15000000596046448
vt 0.28125 0.15000000596046448
vt 0.3125 0.15000000596046448
vt 0.34375 0.15000000596046448
vt 0.375 0.15000000596046448
vt 0.40625 0.15000000596046448
vt 0.4375 0.15000000596046448
vt 0.46875 0.15000000596046448
vt 0.5 0.15000000596046448
vt 0.53125 0.15000000596046448
vt 0.5625 0.15000000596046448
vt 0.59375 0.15000000596046448
vt 0.625 0.15000000596046448
vt 0.65625 0.15000000596046448
vt 0.6875 0.15000000596046448
vt 0.71875 0.15000000596046448
vt 0.75 0.15000000596046448
vt 0.78125 0.15000000596046448
vt 0.8125 0.15000000596046448
vt 0.84375 0.15000000596046448
vt 0.875 0.15000000596046448
vt 0.90625 0.15000000596046448
vt 0.9375 0.15000000596046448
vt 0.96875 0.15000000596046448
vt 1 0.15000000596046448
vt 0 0.10000000149011612
vt 0.03125 0.10000000149011612
vt 0.0625 0.10000000149011612
vt 0.09375 0.10000000149011612
vt 0.125 0.10000000149011612
vt 0.15625 0.10000000149011612
vt 0.1875 0.10000000149011612
vt 0.21875 0.10000000149011612
vt 0.25 0.10000000149011612
vt 0.28125 0.10000000149011612
vt 0.3125 0.10000000149011612
vt 0.34375 0.10000000149011612
vt 0.375 0.10000000149011612
vt 0.40625 0.10000000149011612
vt 0.4375 0.10000000149011612
vt 0.46875 0.10000000149011612
vt 0.5 0.10000000149011612
vt 0.53125 0.10000000149011612
vt 0.5625 0.10000000149011612
vt 0.59375 0.10000000149011612
vt 0.625 0.10000000149011612
vt 0.65625 0.10000000149011612
vt 0.6875 0.10000000149011612
vt 0.71875 0.10000000149011612
vt 0.75 0.10000000149011612
vt 0.78125 0.10000000149011612
vt 0.8125 0.10000000149011612
vt 0.84375 0.10000000149011612
vt 0.875 0.10000000149011612
vt 0.90625 0.10000000149011612
vt 0.9375 0.10000000149011612
vt 0.96875 0.10000000149011612
vt 1 0.10000000149011612
vt 0 0.05000000074505806
vt 0.03125 0.05000000074505806
vt 0.0625 0.05000000074505806
vt 0.09375 0.05000000074505806
vt 0.125 0.05000000074505806
vt 0.15625 0.05000000074505806
vt 0.1875 0.05000000074505806
vt 0.21875 0.05000000074505806
vt 0.25 0.05000000074505806
vt 0.28125 0.05000000074505806
vt 0.3125 0.05000000074505806
vt 0.34375 0.05000000074505806
vt 0.375 0.05000000074505806
vt 0.40625 0.05000000074505806
vt 0.4375 0.05000000074505806
vt 0.46875 0.05000000074505806
vt 0.5 0.05000000074505806
vt 0.53125 0.05000000074505806
vt 0.5625 0.05000000074505806
vt 0.59375 0.05000000074505806
vt 0.625 0.05000000074505806
vt 0.65625 0.05000000074505806
vt 0.6875 0.05000000074505806
vt 0.71875 0.05000000074505806
vt 0.75 0.05000000074505806
vt 0.78125 0.05000000074505806
vt 0.8125 0.05000000074505806
vt 0.84375 0.05000000074505806
vt 0.875 0.05000000074505806
vt 0.90625 0.05000000074505806
vt 0.9375 0.05000000074505806
vt 0.96875 0.05000000074505806
vt 1 0.05000000074505806
vt -0.015625 0
vt 0.015625 0
vt 0.046875 0
vt 0.078125 0
vt 0.109375 0
vt 0.140625 0
vt 0.171875 0
vt 0.203125 0
vt 0.234375 0
vt 0.265625 0
vt 0.296875 0
vt 0.328125 0
vt 0.359375 0
vt 0.390625 0
vt 0.421875 0
vt 0.453125 0
vt 0.484375 0
vt 0.515625 0
vt 0.546875 0
vt 0.578125 0
vt 0.609375 0
vt 0.640625 0
vt 0.671875 0
vt 0.703125 0
vt 0.734375 0
vt 0.765625 0
vt 0.796875 0
vt 0.828125 0
vt 0.859375 0
vt 0.890625 0
vt 0.921875 0
vt 0.953125 0
vt 0.984375 0
vn 0 1 0
vn 0 1 0
vn 0 1 0
vn 0 1 0
vn 0 1 0
vn 0 1 0
vn 0 1 0
vn 0 1 0
vn 0 1 0
vn 0 1 0
vn 0 1 0
vn 0 1 0
vn 0 1 0
vn 0 1 0
vn 0 1 0
vn 0 1 0
vn 0 1 0
vn 0 1 0
vn 0 1 0
vn 0 1 0
vn 0 1 0
vn 0 1 0
vn 0 1 0
vn 0 1 0
vn 0 1 0
vn 0 1 0
vn 0 1 0
vn 0 1 0
vn 0 1 0
vn 0 1 0
vn 0 1 0
vn 0 1 0
vn 0 1 0
vn -0.14419095339558574 0.9895498819962902 0
vn -0.14142036192449298 0.9895498823643815 0.028130260322011044
vn -0.13321507395370283 0.9895498814459471 0.05517949077167609
vn -0.11989040202063928 0.9895498813194211 0.08010820110356429
vn -0.10195840393448646 0.9895498813775202 0.10195840393448646
vn -0.08010820110356429 0.9895498813194211 0.11989040202063928
vn -0.05517949077167609 0.9895498814459471 0.13321507395370283
vn -0.028130260322011044 0.9895498823643815 0.14142036192449298
vn -8.829149613001807e-18 0.9895498819962902 0.14419095339558574
vn 0.028130260322011044 0.9895498823643815 0.14142036192449298
vn 0.05517949077167609 0.9895498814459471 0.13321507395370283
vn 0.08010820110356429 0.9895498813194211 0.11989040202063928
vn 0.10195840393448646 0.9895498813775202 0.10195840393448646
vn 0.11989040202063928 0.9895498813194211 0.08010820110356429
vn 0.13321507395370283 0.9895498814459471 0.05517949077167609
vn 0.14142036192449298 0.9895498823643815 0.028130260322011044
vn 0.14419095339558574 0.9895498819962902 1.7658299226003614e-17
vn 0.14142036192449298 0.9895498823643815 -0.028130260322011044
vn 0.13321507395370283 0.9895498814459471 -0.05517949077167609
vn 0.11989040202063928 0.9895498813194211 -0.08010820110356429
vn 0.10195840393448646 0.9895498813775202 -0.10195840393448646
vn 0.08010820110356429 0.9895498813194211 -0.11989040202063928
vn 0.05517949077167609 0.9895498814459471 -0.13321507395370283
vn 0.028130260322011044 0.9895498823643815 -0.14142036192449298
vn 2.6487449601445873e-17 0.9895498819962902 -0.14419095339558574
vn -0.028130260322011044 0.9895498823643815 -0.14142036192449298
vn -0.05517949077167609 0.9895498814459471 -0.13321507395370283
vn -0.08010820110356429 0.9895498813194211 -0.11989040202063928
vn -0.10195840393448646 0.9895498813775202 -0.10195840393448646
vn -0.11989040202063928 0.9895498813194211 -0.08010820110356429
vn -0.13321507395370283 0.9895498814459471 -0.05517949077167609
vn -0.14142036192449298 0.9895498823643815 -0.028130260322011044
vn -0.14419095339558574 0.9895498819962902 -3.531659845200723e-17
vn -0.28640380738798477 0.9581090016870034 0
vn -0.2809006211199264 0.9581090069191992 0.05587460885541097
vn -0.26460260949568437 0.9581090038872913 0.10960198774738071
vn -0.2381360641773826 0.9581090019232021 0.15911742636125992
vn -0.20251806339843947 0.9581090063216665 0.20251806339843947
vn -0.15911742636125992 0.9581090019232021 0.2381360641773826
vn -0.10960198774738071 0.9581090038872913 0.26460260949568437
vn -0.05587460885541097 0.9581090069191992 0.2809006211199264
vn -1.753717540322794e-17 0.9581090016870034 0.28640380738798477
vn 0.05587460885541097 0.9581090069191992 0.2809006211199264
vn 0.10960198774738071 0.9581090038872913 0.26460260949568437
vn 0.15911742636125992 0.9581090019232021 0.2381360641773826
vn 0.20251806339843947 0.9581090063216665 0.20251806339843947
vn 0.2381360641773826 0.9581090019232021 0.15911742636125992
vn 0.26460260949568437 0.9581090038872913 0.10960198774738071
vn 0.2809006211199264 0.9581090069191992 0.05587460885541097
vn 0.28640380738798477 0.9581090016870034 3.507435080645588e-17
vn 0.2809006211199264 0.9581090069191992 -0.05587460885541097
vn 0.26460260949568437 0.9581090038872913 -0.10960198774738071
vn 0.2381360641773826 0.9581090019232021 -0.15911742636125992
vn 0.20251806339843947 0.9581090063216665 -0.20251806339843947
vn 0.15911742636125992 0.9581090019232021 -0.2381360641773826
vn 0.10960198774738071 0.9581090038872913 -0.26460260949568437
vn 0.05587460885541097 0.9581090069191992 -0.2809006211199264
vn 5.2611524676385174e-17 0.9581090016870034 -0.28640380738798477
vn -0.05587460885541097 0.9581090069191992 -0.2809006211199264
vn -0.10960198774738071 0.9581090038872913 -0.26460260949568437
vn -0.15911742636125992 0.9581090019232021 -0.2381360641773826
vn -0.20251806339843947 0.9581090063216665 -0.20251806339843947
vn -0.2381360641773826 0.9581090019232021 -0.15911742636125992
vn -0.26460260949568437 0.9581090038872913 -0.10960198774738071
vn -0.2809006211199264 0.9581090069191992 -0.05587460885541097
vn -0.28640380738798477 0.9581090016870034 -7.014870161291176e-17
vn -0.42444382358260335 0.9054542730710258 0
vn -0.4162882632097314 0.9054542692282512 0.0828048805938328
vn -0.3921349605538953 0.905454271546714 0.16242762957454124
vn -0.3529121560640714 0.9054542656850437 0.23580836044331946
vn -0.3001271175202181 0.9054542653596647 0.3001271175202181
vn -0.23580836044331946 0.9054542656850437 0.3529121560640714
vn -0.16242762957454124 0.905454271546714 0.3921349605538953
vn -0.0828048805938328 0.9054542692282512 0.4162882632097314
vn -2.5989688547557496e-17 0.9054542730710258 0.42444382358260335
vn 0.0828048805938328 0.9054542692282512 0.4162882632097314
vn 0.16242762957454124 0.905454271546714 0.3921349605538953
vn 0.23580836044331946 0.9054542656850437 0.3529121560640714
vn 0.3001271175202181 0.9054542653596647 0.3001271175202181
vn 0.3529121560640714 0.9054542656850437 0.23580836044331946
vn 0.3921349605538953 0.905454271546714 0.16242762957454124
vn 0.4162882632097314 0.9054542692282512 0.0828048805938328
vn 0.42444382358260335 0.9054542730710258 5.197937709511499e-17
vn 0.4162882632097314 0.9054542692282512 -0.0828048805938328
vn 0.3921349605538953 0.905454271546714 -0.16242762957454124
vn 0.3529121560640714 0.9054542656850437 -0.23580836044331946
vn 0.3001271175202181 0.9054542653596647 -0.3001271175202181
vn 0.23580836044331946 0.9054542656850437 -0.3529121560640714
vn 0.16242762957454124 0.905454271546714 -0.3921349605538953
vn 0.0828048805938328 0.9054542692282512 -0.4162882632097314
vn 7.796906564267249e-17 0.9054542730710258 -0.42444382358260335
vn -0.0828048805938328 0.9054542692282512 -0.4162882632097314
vn -0.16242762957454124 0.905454271546714 -0.3921349605538953
vn -0.23580836044331946 0.9054542656850437 -0.3529121560640714
vn -0.3001271175202181 0.9054542653596647 -0.3001271175202181
vn -0.3529121560640714 0.9054542656850437 -0.23580836044331946
vn -0.3921349605538953 0.905454271546714 -0.16242762957454124
vn -0.4162882632097314 0.9054542692282512 -0.0828048805938328
vn -0.42444382358260335 0.9054542730710258 -1.0395875419022999e-16
vn -0.5557084402009586 0.8313772485998263 0
vn -0.5450306596029089 0.8313772474386983 0.10841334112585611
vn -0.5134076690199187 0.8313772385085049 0.2126604163484735
vn -0.4620546825779252 0.8313772442354384 0.3087350774941211
vn -0.39294521375152186 0.8313772416776523 0.39294521375152186
vn -0.3087350774941211 0.8313772442354384 0.4620546825779252
vn -0.2126604163484735 0.8313772385085049 0.5134076690199187
vn -0.10841334112585614 0.8313772474386986 0.545030659602909
vn -3.402732782234396e-17 0.8313772485998263 0.5557084402009586
vn 0.10841334112585614 0.8313772474386986 0.545030659602909
vn 0.2126604163484735 0.8313772385085049 0.5134076690199187
vn 0.3087350774941211 0.8313772442354384 0.4620546825779252
vn 0.39294521375152186 0.8313772416776523 0.39294521375152186
vn 0.4620546825779252 0.8313772442354384 0.3087350774941211
vn 0.5134076690199187 0.8313772385085049 0.2126604163484735
vn 0.5450306596029089 0.8313772474386983 0.10841334112585611
vn 0.5557084402009586 0.8313772485998263 6.805465564468793e-17
vn 0.5450306596029089 0.8313772474386983 -0.10841334112585611
vn 0.5134076690199187 0.8313772385085049 -0.2126604163484735
vn 0.4620546825779252 0.8313772442354384 -0.3087350774941211
vn 0.39294521375152186 0.8313772416776523 -0.39294521375152186
vn 0.3087350774941211 0.8313772442354384 -0.4620546825779252
vn 0.2126604163484735 0.8313772385085049 -0.5134076690199187
vn 0.10841334112585614 0.8313772474386986 -0.545030659602909
vn 1.0208198659518969e-16 0.8313772485998263 -0.5557084402009586
vn -0.10841334112585614 0.8313772474386986 -0.545030659602909
vn -0.2126604163484735 0.8313772385085049 -0.5134076690199187
vn -0.3087350774941211 0.8313772442354384 -0.4620546825779252
vn -0.39294521375152186 0.8313772416776523 -0.39294521375152186
vn -0.4620546825779252 0.8313772442354384 -0.3087350774941211
vn -0.5134076690199187 0.8313772385085049 -0.2126604163484735
vn -0.5450306596029089 0.8313772474386983 -0.10841334112585611
vn -0.5557084402009586 0.8313772485998263 -1.3610931128937585e-16
vn -0.6770565308208834 0.7359310117618296 0
vn -0.6640471001237523 0.7359309931822858 0.13208717610339668
vn -0.6255186923700423 0.7359309931896508 0.2590983187104205
vn -0.5629519176439864 0.7359310176797148 0.3761524632883025
vn -0.4787512686276281 0.7359310059882471 0.4787512686276281
vn -0.3761524632883025 0.7359310176797148 0.5629519176439864
vn -0.2590983187104205 0.7359309931896508 0.6255186923700423
vn -0.13208717610339668 0.7359309931822857 0.6640471001237523
vn -4.145775657173049e-17 0.7359310117618296 0.6770565308208834
vn 0.13208717610339668 0.7359309931822857 0.6640471001237523
vn 0.2590983187104205 0.7359309931896508 0.6255186923700423
vn 0.3761524632883025 0.7359310176797148 0.5629519176439864
vn 0.4787512686276281 0.7359310059882471 0.4787512686276281
vn 0.5629519176439864 0.7359310176797148 0.3761524632883025
vn 0.6255186923700423 0.7359309931896508 0.2590983187104205
vn 0.6640471001237523 0.7359309931822858 0.13208717610339668
vn 0.6770565308208834 0.7359310117618296 8.291551314346098e-17
vn 0.6640471001237523 0.7359309931822858 -0.13208717610339668
vn 0.6255186923700423 0.7359309931896508 -0.2590983187104205
vn 0.5629519176439864 0.7359310176797148 -0.3761524632883025
vn 0.4787512686276281 0.7359310059882471 -0.4787512686276281
vn 0.3761524632883025 0.7359310176797148 -0.5629519176439864
vn 0.2590983187104205 0.7359309931896508 -0.6255186923700423
vn 0.13208717610339668 0.7359309931822857 -0.6640471001237523
vn 1.2437326337897115e-16 0.7359310117618296 -0.6770565308208834
vn -0.13208717610339668 0.7359309931822857 -0.6640471001237523
vn -0.2590983187104205 0.7359309931896508 -0.6255186923700423
vn -0.3761524632883025 0.7359310176797148 -0.5629519176439864
vn -0.4787512686276281 0.7359310059882471 -0.4787512686276281
vn -0.5629519176439864 0.7359310176797148 -0.3761524632883025
vn -0.6255186923700423 0.7359309931896508 -0.2590983187104205
vn -0.6640471001237523 0.7359309931822858 -0.13208717610339668
vn -0.6770565308208834 0.7359310117618296 -1.6583102628692196e-16
vn -0.7847886967656538 0.6197634237585068 0
vn -0.7697091882598943 0.619763440269229 0.15310468188120246
vn -0.7250502182389225 0.6197634202357462 0.3003256298909248
vn -0.652527953184858 0.6197634298692594 0.4360052308276487
vn -0.5549294133301318 0.6197634165083896 0.5549294133301318
vn -0.4360052308276487 0.6197634298692594 0.652527953184858
vn -0.3003256298909248 0.6197634202357462 0.7250502182389225
vn -0.15310468188120246 0.619763440269229 0.7697091882598943
vn -4.805444807519493e-17 0.6197634237585068 0.7847886967656538
vn 0.15310468188120246 0.619763440269229 0.7697091882598943
vn 0.3003256298909248 0.6197634202357462 0.7250502182389225
vn 0.4360052308276487 0.6197634298692594 0.652527953184858
vn 0.5549294133301318 0.6197634165083896 0.5549294133301318
vn 0.652527953184858 0.6197634298692594 0.4360052308276487
vn 0.7250502182389225 0.6197634202357462 0.3003256298909248
vn 0.7697091882598943 0.619763440269229 0.15310468188120246
vn 0.7847886967656538 0.6197634237585068 9.610889615038985e-17
vn 0.7697091882598943 0.619763440269229 -0.15310468188120246
vn 0.7250502182389225 0.6197634202357462 -0.3003256298909248
vn 0.652527953184858 0.6197634298692594 -0.4360052308276487
vn 0.5549294133301318 0.6197634165083896 -0.5549294133301318
vn 0.4360052308276487 0.6197634298692594 -0.652527953184858
vn 0.3003256298909248 0.6197634202357462 -0.7250502182389225
vn 0.15310468188120246 0.619763440269229 -0.7697091882598943
vn 1.441633410159514e-16 0.6197634237585068 -0.7847886967656538
vn -0.15310468188120246 0.619763440269229 -0.7697091882598943
vn -0.3003256298909248 0.6197634202357462 -0.7250502182389225
vn -0.4360052308276487 0.6197634298692594 -0.652527953184858
vn -0.5549294133301318 0.6197634165083896 -0.5549294133301318
vn -0.652527953184858 0.6197634298692594 -0.4360052308276487
vn -0.7250502182389225 0.6197634202357462 -0.3003256298909248
vn -0.7697091882598943 0.619763440269229 -0.15310468188120246
vn -0.7847886967656538 0.6197634237585068 -1.922177923007797e-16
vn -0.8747966059689107 0.4844903489082875 0
vn -0.8579876390970018 0.4844903406000819 0.17066435193668864
vn -0.8082066815228786 0.4844903465048257 0.3347701660623452
vn -0.7273667950707662 0.48449035413830716 0.4860109486168185
vn -0.6185746150802184 0.48449034165473237 0.6185746150802184
vn -0.4860109486168185 0.48449035413830716 0.7273667950707662
vn -0.3347701660623452 0.4844903465048257 0.8082066815228786
vn -0.1706643519366886 0.4844903406000818 0.8579876390970016
vn -5.356584299316477e-17 0.4844903489082875 0.8747966059689107
vn 0.1706643519366886 0.4844903406000818 0.8579876390970016
vn 0.3347701660623452 0.4844903465048257 0.8082066815228786
vn 0.4860109486168185 0.48449035413830716 0.7273667950707662
vn 0.6185746150802184 0.48449034165473237 0.6185746150802184
vn 0.7273667950707662 0.48449035413830716 0.4860109486168185
vn 0.8082066815228786 0.4844903465048257 0.3347701660623452
vn 0.8579876390970018 0.4844903406000819 0.17066435193668864
vn 0.8747966059689107 0.4844903489082875 1.0713168598632954e-16
vn 0.8579876390970018 0.4844903406000819 -0.17066435193668864
vn 0.8082066815228786 0.4844903465048257 -0.3347701660623452
vn 0.7273667950707662 0.48449035413830716 -0.4860109486168185
vn 0.6185746150802184 0.48449034165473237 -0.6185746150802184
vn 0.4860109486168185 0.48449035413830716 -0.7273667950707662
vn 0.3347701660623452 0.4844903465048257 -0.8082066815228786
vn 0.1706643519366886 0.4844903406000818 -0.8579876390970016
vn 1.6069753222802177e-16 0.4844903489082875 -0.8747966059689107
vn -0.1706643519366886 0.4844903406000818 -0.8579876390970016
vn -0.3347701660623452 0.4844903465048257 -0.8082066815228786
vn -0.4860109486168185 0.48449035413830716 -0.7273667950707662
vn -0.6185746150802184 0.48449034165473237 -0.6185746150802184
vn -0.7273667950707662 0.48449035413830716 -0.4860109486168185
vn -0.8082066815228786 0.4844903465048257 -0.3347701660623452
vn -0.8579876390970018 0.4844903406000819 -0.17066435193668864
vn -0.8747966059689107 0.4844903489082875 -2.1426337197265907e-16
vn -0.9429215367214262 0.3330149780218667 0
vn -0.9248035603638165 0.33301498482532665 0.18395487115104117
vn -0.871145905602108 0.3330149916948817 0.36084044460002135
vn -0.7840106090877376 0.3330149920632631 0.5238591221874248
vn -0.6667462122427745 0.3330149800231605 0.6667462122427745
vn -0.5238591221874248 0.3330149920632631 0.7840106090877376
vn -0.36084044460002135 0.3330149916948817 0.871145905602108
vn -0.18395487115104117 0.33301498482532665 0.9248035603638165
vn -5.773728906941176e-17 0.3330149780218667 0.9429215367214262
vn 0.18395487115104117 0.33301498482532665 0.9248035603638165
vn 0.36084044460002135 0.3330149916948817 0.871145905602108
vn 0.5238591221874248 0.3330149920632631 0.7840106090877376
vn 0.6667462122427745 0.3330149800231605 0.6667462122427745
vn 0.7840106090877376 0.3330149920632631 0.5238591221874248
vn 0.871145905602108 0.3330149916948817 0.36084044460002135
vn 0.9248035603638165 0.33301498482532665 0.18395487115104117
vn 0.9429215367214262 0.3330149780218667 1.1547457813882353e-16
vn 0.9248035603638165 0.33301498482532665 -0.18395487115104117
vn 0.871145905602108 0.3330149916948817 -0.36084044460002135
vn 0.7840106090877376 0.3330149920632631 -0.5238591221874248
vn 0.6667462122427745 0.3330149800231605 -0.6667462122427745
vn 0.5238591221874248 0.3330149920632631 -0.7840106090877376
vn 0.36084044460002135 0.3330149916948817 -0.871145905602108
vn 0.18395487115104117 0.33301498482532665 -0.9248035603638165
vn 1.732118737690769e-16 0.3330149780218667 -0.9429215367214262
vn -0.18395487115104117 0.33301498482532665 -0.9248035603638165
vn -0.36084044460002135 0.3330149916948817 -0.871145905602108
vn -0.5238591221874248 0.3330149920632631 -0.7840106090877376
vn -0.6667462122427745 0.3330149800231605 -0.6667462122427745
vn -0.7840106090877376 0.3330149920632631 -0.5238591221874248
vn -0.871145905602108 0.3330149916948817 -0.36084044460002135
vn -0.9248035603638165 0.33301498482532665 -0.18395487115104117
vn -0.9429215367214262 0.3330149780218667 -2.3094915627764705e-16
vn -0.985502459510844 0.16966113962271068 0
vn -0.9665663055437919 0.16966114365410792 0.19226199135920077
vn -0.9104855446393038 0.16966114429223367 0.3771354784693695
vn -0.8194153462376659 0.16966114022321238 0.5475158334225282
vn -0.696855472403843 0.1696611362735539 0.696855472403843
vn -0.5475158334225282 0.16966114022321238 0.8194153462376659
vn -0.3771354784693695 0.16966114429223367 0.9104855446393038
vn -0.19226199135920077 0.16966114365410792 0.9665663055437919
vn -6.034462210927604e-17 0.16966113962271068 0.985502459510844
vn 0.19226199135920077 0.16966114365410792 0.9665663055437919
vn 0.3771354784693695 0.16966114429223367 0.9104855446393038
vn 0.5475158334225282 0.16966114022321238 0.8194153462376659
vn 0.696855472403843 0.1696611362735539 0.696855472403843
vn 0.8194153462376659 0.16966114022321238 0.5475158334225282
vn 0.9104855446393038 0.16966114429223367 0.3771354784693695
vn 0.9665663055437919 0.16966114365410792 0.19226199135920077
vn 0.985502459510844 0.16966113962271068 1.2068924421855208e-16
vn 0.9665663055437919 0.16966114365410792 -0.19226199135920077
vn 0.9104855446393038 0.16966114429223367 -0.3771354784693695
vn 0.8194153462376659 0.16966114022321238 -0.5475158334225282
vn 0.696855472403843 0.1696611362735539 -0.696855472403843
vn 0.5475158334225282 0.16966114022321238 -0.8194153462376659
vn 0.3771354784693695 0.16966114429223367 -0.9104855446393038
vn 0.19226199135920077 0.16966114365410792 -0.9665663055437919
vn 1.810338663278281e-16 0.16966113962271068 -0.985502459510844
vn -0.19226199135920077 0.16966114365410792 -0.9665663055437919
vn -0.3771354784693695 0.16966114429223367 -0.9104855446393038
vn -0.5475158334225282 0.16966114022321238 -0.8194153462376659
vn -0.696855472403843 0.1696611362735539 -0.696855472403843
vn -0.8194153462376659 0.16966114022321238 -0.5475158334225282
vn -0.9104855446393038 0.16966114429223367 -0.3771354784693695
vn -0.9665663055437919 0.16966114365410792 -0.19226199135920077
vn -0.985502459510844 0.16966113962271068 -2.4137848843710416e-16
vn -1 6.655689416223738e-17 0
vn -0.9807852789517083 6.655689608188102e-17 0.19509032931342324
vn -0.9238795305660377 6.655689606139077e-17 0.3826834370613369
vn -0.8314696016585884 6.655689466063642e-17 0.555570248949409
vn -0.7071067811865476 6.655689530131013e-17 0.7071067811865476
vn -0.555570248949409 6.655689466063642e-17 0.8314696016585884
vn -0.3826834370613369 6.655689606139077e-17 0.9238795305660377
vn -0.19509032931342324 6.655689608188102e-17 0.9807852789517083
vn -6.123234262925839e-17 6.655689416223738e-17 1
vn 0.19509032931342324 6.655689608188102e-17 0.9807852789517083
vn 0.3826834370613369 6.655689606139077e-17 0.9238795305660377
vn 0.555570248949409 6.655689466063642e-17 0.8314696016585884
vn 0.7071067811865476 6.655689530131013e-17 0.7071067811865476
vn 0.8314696016585884 6.655689466063642e-17 0.555570248949409
vn 0.9238795305660377 6.655689606139077e-17 0.3826834370613369
vn 0.9807852789517083 6.655689608188102e-17 0.19509032931342324
vn 1 6.655689416223738e-17 1.2246468525851679e-16
vn 0.9807852789517083 6.655689608188102e-17 -0.19509032931342324
vn 0.9238795305660377 6.655689606139077e-17 -0.3826834370613369
vn 0.8314696016585884 6.655689466063642e-17 -0.555570248949409
vn 0.7071067811865476 6.655689530131013e-17 -0.7071067811865476
vn 0.555570248949409 6.655689466063642e-17 -0.8314696016585884
vn 0.3826834370613369 6.655689606139077e-17 -0.9238795305660377
vn 0.19509032931342324 6.655689608188102e-17 -0.9807852789517083
vn 1.8369701465288538e-16 6.655689416223738e-17 -1
vn -0.19509032931342324 6.655689608188102e-17 -0.9807852789517083
vn -0.3826834370613369 6.655689606139077e-17 -0.9238795305660377
vn -0.555570248949409 6.655689466063642e-17 -0.8314696016585884
vn -0.7071067811865476 6.655689530131013e-17 -0.7071067811865476
vn -0.8314696016585884 6.655689466063642e-17 -0.555570248949409
vn -0.9238795305660377 6.655689606139077e-17 -0.3826834370613369
vn -0.9807852789517083 6.655689608188102e-17 -0.19509032931342324
vn -1 6.655689416223738e-17 -2.4492937051703357e-16
vn -0.985502459510844 -0.16966113962271068 0
vn -0.9665663055437919 -0.16966114365410792 0.19226199135920077
vn -0.9104855446393038 -0.16966114429223367 0.3771354784693695
vn -0.8194153462376659 -0.16966114022321238 0.5475158334225282
vn -0.696855472403843 -0.1696611362735539 0.696855472403843
vn -0.5475158334225282 -0.16966114022321238 0.8194153462376659
vn -0.3771354784693695 -0.16966114429223367 0.9104855446393038
vn -0.19226199135920077 -0.16966114365410792 0.9665663055437919
vn -6.034462210927604e-17 -0.16966113962271068 0.985502459510844
vn 0.19226199135920077 -0.16966114365410792 0.9665663055437919
vn 0.3771354784693695 -0.16966114429223367 0.9104855446393038
vn 0.5475158334225282 -0.16966114022321238 0.8194153462376659
vn 0.696855472403843 -0.1696611362735539 0.696855472403843
vn 0.8194153462376659 -0.16966114022321238 0.5475158334225282
vn 0.9104855446393038 -0.16966114429223367 0.3771354784693695
vn 0.9665663055437919 -0.16966114365410792 0.19226199135920077
vn 0.985502459510844 -0.16966113962271068 1.2068924421855208e-16
vn 0.9665663055437919 -0.16966114365410792 -0.19226199135920077
vn 0.9104855446393038 -0.16966114429223367 -0.3771354784693695
vn 0.8194153462376659 -0.16966114022321238 -0.5475158334225282
vn 0.696855472403843 -0.1696611362735539 -0.696855472403843
vn 0.5475158334225282 -0.16966114022321238 -0.8194153462376659
vn 0.3771354784693695 -0.16966114429223367 -0.9104855446393038
vn 0.19226199135920077 -0.16966114365410792 -0.9665663055437919
vn 1.810338663278281e-16 -0.16966113962271068 -0.985502459510844
vn -0.19226199135920077 -0.16966114365410792 -0.9665663055437919
vn -0.3771354784693695 -0.16966114429223367 -0.9104855446393038
vn -0.5475158334225282 -0.16966114022321238 -0.8194153462376659
vn -0.696855472403843 -0.1696611362735539 -0.696855472403843
vn -0.8194153462376659 -0.16966114022321238 -0.5475158334225282
vn -0.9104855446393038 -0.16966114429223367 -0.3771354784693695
vn -0.9665663055437919 -0.16966114365410792 -0.19226199135920077
vn -0.985502459510844 -0.16966113962271068 -2.4137848843710416e-16
vn -0.9429215367214262 -0.3330149780218667 0
vn -0.9248035603638165 -0.33301498482532665 0.18395487115104117
vn -0.871145905602108 -0.3330149916948817 0.36084044460002135
vn -0.7840106090877376 -0.3330149920632631 0.5238591221874248
vn -0.6667462122427745 -0.3330149800231605 0.6667462122427745
vn -0.5238591221874248 -0.3330149920632631 0.7840106090877376
vn -0.36084044460002135 -0.3330149916948817 0.871145905602108
vn -0.18395487115104117 -0.33301498482532665 0.9248035603638165
vn -5.773728906941176e-17 -0.3330149780218667 0.9429215367214262
vn 0.18395487115104117 -0.33301498482532665 0.9248035603638165
vn 0.36084044460002135 -0.3330149916948817 0.871145905602108
vn 0.5238591221874248 -0.3330149920632631 0.7840106090877376
vn 0.6667462122427745 -0.3330149800231605 0.6667462122427745
vn 0.7840106090877376 -0.3330149920632631 0.5238591221874248
vn 0.871145905602108 -0.3330149916948817 0.36084044460002135
vn 0.9248035603638165 -0.33301498482532665 0.18395487115104117
vn 0.9429215367214262 -0.3330149780218667 1.1547457813882353e-16
vn 0.9248035603638165 -0.33301498482532665 -0.18395487115104117
vn 0.871145905602108 -0.3330149916948817 -0.36084044460002135
vn 0.7840106090877376 -0.3330149920632631 -0.5238591221874248
vn 0.6667462122427745 -0.3330149800231605 -0.6667462122427745
vn 0.5238591221874248 -0.3330149920632631 -0.7840106090877376
vn 0.36084044460002135 -0.3330149916948817 -0.871145905602108
vn 0.18395487115104117 -0.33301498482532665 -0.9248035603638165
vn 1.732118737690769e-16 -0.3330149780218667 -0.9429215367214262
vn -0.18395487115104117 -0.33301498482532665 -0.9248035603638165
vn -0.36084044460002135 -0.3330149916948817 -0.871145905602108
vn -0.5238591221874248 -0.3330149920632631 -0.7840106090877376
vn -0.6667462122427745 -0.3330149800231605 -0.6667462122427745
vn -0.7840106090877376 -0.3330149920632631 -0.5238591221874248
vn -0.871145905602108 -0.3330149916948817 -0.36084044460002135
vn -0.9248035603638165 -0.33301498482532665 -0.18395487115104117
vn -0.9429215367214262 -0.3330149780218667 -2.3094915627764705e-16
vn -0.8747966059689107 -0.4844903489082875 0
vn -0.8579876390970018 -0.4844903406000819 0.17066435193668864
vn -0.8082066815228786 -0.4844903465048257 0.3347701660623452
vn -0.7273667950707662 -0.48449035413830716 0.4860109486168185
vn -0.6185746150802184 -0.48449034165473237 0.6185746150802184
vn -0.4860109486168185 -0.48449035413830716 0.7273667950707662
vn -0.3347701660623452 -0.4844903465048257 0.8082066815228786
vn -0.1706643519366886 -0.4844903406000818 0.8579876390970016
vn -5.356584299316477e-17 -0.4844903489082875 0.8747966059689107
vn 0.1706643519366886 -0.4844903406000818 0.8579876390970016
vn 0.3347701660623452 -0.4844903465048257 0.8082066815228786
vn 0.4860109486168185 -0.48449035413830716 0.7273667950707662
vn 0.6185746150802184 -0.48449034165473237 0.6185746150802184
vn 0.7273667950707662 -0.48449035413830716 0.4860109486168185
vn 0.8082066815228786 -0.4844903465048257 0.3347701660623452
vn 0.8579876390970018 -0.4844903406000819 0.17066435193668864
vn 0.8747966059689107 -0.4844903489082875 1.0713168598632954e-16
vn 0.8579876390970018 -0.4844903406000819 -0.17066435193668864
vn 0.8082066815228786 -0.4844903465048257 -0.3347701660623452
vn 0.7273667950707662 -0.48449035413830716 -0.4860109486168185
vn 0.6185746150802184 -0.48449034165473237 -0.6185746150802184
vn 0.4860109486168185 -0.48449035413830716 -0.7273667950707662
vn 0.3347701660623452 -0.4844903465048257 -0.8082066815228786
vn 0.1706643519366886 -0.4844903406000818 -0.8579876390970016
vn 1.6069753222802177e-16 -0.4844903489082875 -0.8747966059689107
vn -0.1706643519366886 -0.4844903406000818 -0.8579876390970016
vn -0.3347701660623452 -0.4844903465048257 -0.8082066815228786
vn -0.4860109486168185 -0.48449035413830716 -0.7273667950707662
vn -0.6185746150802184 -0.48449034165473237 -0.6185746150802184
vn -0.7273667950707662 -0.48449035413830716 -0.4860109486168185
vn -0.8082066815228786 -0.4844903465048257 -0.3347701660623452
vn -0.8579876390970018 -0.4844903406000819 -0.17066435193668864
vn -0.8747966059689107 -0.4844903489082875 -2.1426337197265907e-16
vn -0.7847886967656538 -0.6197634237585068 0
vn -0.7697091882598943 -0.619763440269229 0.15310468188120246
vn -0.7250502182389225 -0.6197634202357462 0.3003256298909248
vn -0.652527953184858 -0.6197634298692594 0.4360052308276487
vn -0.5549294133301318 -0.6197634165083896 0.5549294133301318
vn -0.4360052308276487 -0.6197634298692594 0.652527953184858
vn -0.3003256298909248 -0.6197634202357462 0.7250502182389225
vn -0.15310468188120246 -0.619763440269229 0.7697091882598943
vn -4.805444807519493e-17 -0.6197634237585068 0.7847886967656538
vn 0.15310468188120246 -0.619763440269229 0.7697091882598943
vn 0.3003256298909248 -0.6197634202357462 0.7250502182389225
vn 0.4360052308276487 -0.6197634298692594 0.652527953184858
vn 0.5549294133301318 -0.6197634165083896 0.5549294133301318
vn 0.652527953184858 -0.6197634298692594 0.4360052308276487
vn 0.7250502182389225 -0.6197634202357462 0.3003256298909248
vn 0.7697091882598943 -0.619763440269229 0.15310468188120246
vn 0.7847886967656538 -0.6197634237585068 9.610889615038985e-17
vn 0.7697091882598943 -0.619763440269229 -0.15310468188120246
vn 0.7250502182389225 -0.6197634202357462 -0.3003256298909248
vn 0.652527953184858 -0.6197634298692594 -0.4360052308276487
vn 0.5549294133301318 -0.6197634165083896 -0.5549294133301318
vn 0.4360052308276487 -0.6197634298692594 -0.652527953184858
vn 0.3003256298909248 -0.6197634202357462 -0.7250502182389225
vn 0.15310468188120246 -0.619763440269229 -0.7697091882598943
vn 1.441633410159514e-16 -0.6197634237585068 -0.7847886967656538
vn -0.15310468188120246 -0.619763440269229 -0.7697091882598943
vn -0.3003256298909248 -0.6197634202357462 -0.7250502182389225
vn -0.4360052308276487 -0.6197634298692594 -0.652527953184858
vn -0.5549294133301318 -0.6197634165083896 -0.5549294133301318
vn -0.652527953184858 -0.6197634298692594 -0.4360052308276487
vn -0.7250502182389225 -0.6197634202357462 -0.3003256298909248
vn -0.7697091882598943 -0.619763440269229 -0.15310468188120246
vn -0.7847886967656538 -0.6197634237585068 -1.922177923007797e-16
vn -0.6770565308208834 -0.7359310117618296 0
vn -0.6640471001237523 -0.7359309931822858 0.13208717610339668
vn -0.6255186923700423 -0.7359309931896508 0.2590983187104205
vn -0.5629519176439864 -0.7359310176797148 0.3761524632883025
vn -0.4787512686276281 -0.7359310059882471 0.4787512686276281
vn -0.3761524632883025 -0.7359310176797148 0.5629519176439864
vn -0.2590983187104205 -0.7359309931896508 0.6255186923700423
vn -0.13208717610339668 -0.7359309931822857 0.6640471001237523
vn -4.145775657173049e-17 -0.7359310117618296 0.6770565308208834
vn 0.13208717610339668 -0.7359309931822857 0.6640471001237523
vn 0.2590983187104205 -0.7359309931896508 0.6255186923700423
vn 0.3761524632883025 -0.7359310176797148 0.5629519176439864
vn 0.4787512686276281 -0.7359310059882471 0.4787512686276281
vn 0.5629519176439864 -0.7359310176797148 0.3761524632883025
vn 0.6255186923700423 -0.7359309931896508 0.2590983187104205
vn 0.6640471001237523 -0.7359309931822858 0.13208717610339668
vn 0.6770565308208834 -0.7359310117618296 8.291551314346098e-17
vn 0.6640471001237523 -0.7359309931822858 -0.13208717610339668
vn 0.6255186923700423 -0.7359309931896508 -0.2590983187104205
vn 0.5629519176439864 -0.7359310176797148 -0.3761524632883025
vn 0.4787512686276281 -0.7359310059882471 -0.4787512686276281
vn 0.3761524632883025 -0.7359310176797148 -0.5629519176439864
vn 0.2590983187104205 -0.7359309931896508 -0.6255186923700423
vn 0.13208717610339668 -0.7359309931822857 -0.6640471001237523
vn 1.2437326337897115e-16 -0.7359310117618296 -0.6770565308208834
vn -0.13208717610339668 -0.7359309931822857 -0.6640471001237523
vn -0.2590983187104205 -0.7359309931896508 -0.6255186923700423
vn -0.3761524632883025 -0.7359310176797148 -0.5629519176439864
vn -0.4787512686276281 -0.7359310059882471 -0.4787512686276281
vn -0.5629519176439864 -0.7359310176797148 -0.3761524632883025
vn -0.6255186923700423 -0.7359309931896508 -0.2590983187104205
vn -0.6640471001237523 -0.7359309931822858 -0.13208717610339668
vn -0.6770565308208834 -0.7359310117618296 -1.6583102628692196e-16
vn -0.5557084402009586 -0.8313772485998263 0
vn -0.5450306596029089 -0.8313772474386983 0.10841334112585611
vn -0.5134076690199187 -0.8313772385085049 0.2126604163484735
vn -0.4620546825779252 -0.8313772442354384 0.3087350774941211
vn -0.39294521375152186 -0.8313772416776523 0.39294521375152186
vn -0.3087350774941211 -0.8313772442354384 0.4620546825779252
vn -0.2126604163484735 -0.8313772385085049 0.5134076690199187
vn -0.10841334112585614 -0.8313772474386986 0.545030659602909
vn -3.402732782234396e-17 -0.8313772485998263 0.5557084402009586
vn 0.10841334112585614 -0.8313772474386986 0.545030659602909
vn 0.2126604163484735 -0.8313772385085049 0.5134076690199187
vn 0.3087350774941211 -0.8313772442354384 0.4620546825779252
vn 0.39294521375152186 -0.8313772416776523 0.39294521375152186
vn 0.4620546825779252 -0.8313772442354384 0.3087350774941211
vn 0.5134076690199187 -0.8313772385085049 0.2126604163484735
vn 0.5450306596029089 -0.8313772474386983 0.10841334112585611
vn 0.5557084402009586 -0.8313772485998263 6.805465564468793e-17
vn 0.5450306596029089 -0.8313772474386983 -0.10841334112585611
vn 0.5134076690199187 -0.8313772385085049 -0.2126604163484735
vn 0.4620546825779252 -0.8313772442354384 -0.3087350774941211
vn 0.39294521375152186 -0.8313772416776523 -0.39294521375152186
vn 0.3087350774941211 -0.8313772442354384 -0.4620546825779252
vn 0.2126604163484735 -0.8313772385085049 -0.5134076690199187
vn 0.10841334112585614 -0.8313772474386986 -0.545030659602909
vn 1.0208198659518969e-16 -0.8313772485998263 -0.5557084402009586
vn -0.10841334112585614 -0.8313772474386986 -0.545030659602909
vn -0.2126604163484735 -0.8313772385085049 -0.5134076690199187
vn -0.3087350774941211 -0.8313772442354384 -0.4620546825779252
vn -0.39294521375152186 -0.8313772416776523 -0.39294521375152186
vn -0.4620546825779252 -0.8313772442354384 -0.3087350774941211
vn -0.5134076690199187 -0.8313772385085049 -0.2126604163484735
vn -0.5450306596029089 -0.8313772474386983 -0.10841334112585611
vn -0.5557084402009586 -0.8313772485998263 -1.3610931128937585e-16
vn -0.42444382358260335 -0.9054542730710258 0
vn -0.4162882632097314 -0.9054542692282512 0.0828048805938328
vn -0.3921349605538953 -0.905454271546714 0.16242762957454124
vn -0.3529121560640714 -0.9054542656850437 0.23580836044331946
vn -0.3001271175202181 -0.9054542653596647 0.3001271175202181
vn -0.23580836044331946 -0.9054542656850437 0.3529121560640714
vn -0.16242762957454124 -0.905454271546714 0.3921349605538953
vn -0.0828048805938328 -0.9054542692282512 0.4162882632097314
vn -2.5989688547557496e-17 -0.9054542730710258 0.42444382358260335
vn 0.0828048805938328 -0.9054542692282512 0.4162882632097314
vn 0.16242762957454124 -0.905454271546714 0.3921349605538953
vn 0.23580836044331946 -0.9054542656850437 0.3529121560640714
vn 0.3001271175202181 -0.9054542653596647 0.3001271175202181
vn 0.3529121560640714 -0.9054542656850437 0.23580836044331946
vn 0.3921349605538953 -0.905454271546714 0.16242762957454124
vn 0.4162882632097314 -0.9054542692282512 0.0828048805938328
vn 0.42444382358260335 -0.9054542730710258 5.197937709511499e-17
vn 0.4162882632097314 -0.9054542692282512 -0.0828048805938328
vn 0.3921349605538953 -0.905454271546714 -0.16242762957454124
vn 0.3529121560640714 -0.9054542656850437 -0.23580836044331946
vn 0.3001271175202181 -0.9054542653596647 -0.3001271175202181
vn 0.23580836044331946 -0.9054542656850437 -0.3529121560640714
vn 0.16242762957454124 -0.905454271546714 -0.3921349605538953
vn 0.0828048805938328 -0.9054542692282512 -0.4162882632097314
vn 7.796906564267249e-17 -0.9054542730710258 -0.42444382358260335
vn -0.0828048805938328 -0.9054542692282512 -0.4162882632097314
vn -0.16242762957454124 -0.905454271546714 -0.3921349605538953
vn -0.23580836044331946 -0.9054542656850437 -0.3529121560640714
vn -0.3001271175202181 -0.9054542653596647 -0.3001271175202181
vn -0.3529121560640714 -0.9054542656850437 -0.23580836044331946
vn -0.3921349605538953 -0.905454271546714 -0.16242762957454124
vn -0.4162882632097314 -0.9054542692282512 -0.0828048805938328
vn -0.42444382358260335 -0.9054542730710258 -1.0395875419022999e-16
vn -0.28640380738798477 -0.9581090016870034 0
vn -0.2809006211199264 -0.9581090069191992 0.05587460885541097
vn -0.26460260949568437 -0.9581090038872913 0.10960198774738071
vn -0.2381360641773826 -0.9581090019232021 0.15911742636125992
vn -0.20251806339843947 -0.9581090063216665 0.20251806339843947
vn -0.15911742636125992 -0.9581090019232021 0.2381360641773826
vn -0.10960198774738071 -0.9581090038872913 0.26460260949568437
vn -0.05587460885541097 -0.9581090069191992 0.2809006211199264
vn -1.753717540322794e-17 -0.9581090016870034 0.28640380738798477
vn 0.05587460885541097 -0.9581090069191992 0.2809006211199264
vn 0.10960198774738071 -0.9581090038872913 0.26460260949568437
vn 0.15911742636125992 -0.9581090019232021 0.2381360641773826
vn 0.20251806339843947 -0.9581090063216665 0.20251806339843947
vn 0.2381360641773826 -0.9581090019232021 0.15911742636125992
vn 0.26460260949568437 -0.9581090038872913 0.10960198774738071
vn 0.2809006211199264 -0.9581090069191992 0.05587460885541097
vn 0.28640380738798477 -0.9581090016870034 3.507435080645588e-17
vn 0.2809006211199264 -0.9581090069191992 -0.05587460885541097
vn 0.26460260949568437 -0.9581090038872913 -0.10960198774738071
vn 0.2381360641773826 -0.9581090019232021 -0.15911742636125992
vn 0.20251806339843947 -0.9581090063216665 -0.20251806339843947
vn 0.15911742636125992 -0.9581090019232021 -0.2381360641773826
vn 0.10960198774738071 -0.9581090038872913 -0.26460260949568437
vn 0.05587460885541097 -0.9581090069191992 -0.2809006211199264
vn 5.2611524676385174e-17 -0.9581090016870034 -0.28640380738798477
vn -0.05587460885541097 -0.9581090069191992 -0.2809006211199264
vn -0.10960198774738071 -0.9581090038872913 -0.26460260949568437
vn -0.15911742636125992 -0.9581090019232021 -0.2381360641773826
vn -0.20251806339843947 -0.9581090063216665 -0.20251806339843947
vn -0.2381360641773826 -0.9581090019232021 -0.15911742636125992
vn -0.26460260949568437 -0.9581090038872913 -0.10960198774738071
vn -0.2809006211199264 -0.9581090069191992 -0.05587460885541097
vn -0.28640380738798477 -0.9581090016870034 -7.014870161291176e-17
vn -0.14419095339558574 -0.9895498819962902 0
vn -0.14142036192449298 -0.9895498823643815 0.028130260322011044
vn -0.13321507395370283 -0.9895498814459471 0.05517949077167609
vn -0.11989040202063928 -0.9895498813194211 0.08010820110356429
vn -0.10195840393448646 -0.9895498813775202 0.10195840393448646
vn -0.08010820110356429 -0.9895498813194211 0.11989040202063928
vn -0.05517949077167609 -0.9895498814459471 0.13321507395370283
vn -0.028130260322011044 -0.9895498823643815 0.14142036192449298
vn -8.829149613001807e-18 -0.9895498819962902 0.14419095339558574
vn 0.028130260322011044 -0.9895498823643815 0.14142036192449298
vn 0.05517949077167609 -0.9895498814459471 0.13321507395370283
vn 0.08010820110356429 -0.9895498813194211 0.11989040202063928
vn 0.10195840393448646 -0.9895498813775202 0.10195840393448646
vn 0.11989040202063928 -0.9895498813194211 0.08010820110356429
vn 0.13321507395370283 -0.9895498814459471 0.05517949077167609
vn 0.14142036192449298 -0.9895498823643815 0.028130260322011044
vn 0.14419095339558574 -0.9895498819962902 1.7658299226003614e-17
vn 0.14142036192449298 -0.9895498823643815 -0.028130260322011044
vn 0.13321507395370283 -0.9895498814459471 -0.05517949077167609
vn 0.11989040202063928 -0.9895498813194211 -0.08010820110356429
vn 0.10195840393448646 -0.9895498813775202 -0.10195840393448646
vn 0.08010820110356429 -0.9895498813194211 -0.11989040202063928
vn 0.05517949077167609 -0.9895498814459471 -0.13321507395370283
vn 0.028130260322011044 -0.9895498823643815 -0.14142036192449298
vn 2.6487449601445873e-17 -0.9895498819962902 -0.14419095339558574
vn -0.028130260322011044 -0.9895498823643815 -0.14142036192449298
vn -0.05517949077167609 -0.9895498814459471 -0.13321507395370283
vn -0.08010820110356429 -0.9895498813194211 -0.11989040202063928
vn -0.10195840393448646 -0.9895498813775202 -0.10195840393448646
vn -0.11989040202063928 -0.9895498813194211 -0.08010820110356429
vn -0.13321507395370283 -0.9895498814459471 -0.05517949077167609
vn -0.14142036192449298 -0.9895498823643815 -0.028130260322011044
vn -0.14419095339558574 -0.9895498819962902 -3.531659845200723e-17
vn -1.1266751043783545e-16 -1 0
vn -1.1050263663206771e-16 -1 2.1980340405394423e-17
vn -1.0409120232051435e-16 -1 4.3115988321446925e-17
vn -9.367960912283385e-17 -1 6.25947112157156e-17
vn -7.966795755152431e-17 -1 7.966795755152431e-17
vn -6.25947112157156e-17 -1 9.367960912283385e-17
vn -4.3115988321446925e-17 -1 1.0409120232051435e-16
vn -2.1980340405394423e-17 -1 1.1050263663206771e-16
vn -6.898894883217494e-33 -1 1.1266751043783545e-16
vn 2.1980340405394423e-17 -1 1.1050263663206771e-16
vn 4.3115988321446925e-17 -1 1.0409120232051435e-16
vn 6.25947112157156e-17 -1 9.367960912283385e-17
vn 7.966795755152431e-17 -1 7.966795755152431e-17
vn 9.367960912283385e-17 -1 6.25947112157156e-17
vn 1.0409120232051435e-16 -1 4.3115988321446925e-17
vn 1.1050263663206771e-16 -1 2.1980340405394423e-17
vn 1.1266751043783545e-16 -1 1.3797789766434988e-32
vn 1.1050263663206771e-16 -1 -2.1980340405394423e-17
vn 1.0409120232051435e-16 -1 -4.3115988321446925e-17
vn 9.367960912283385e-17 -1 -6.25947112157156e-17
vn 7.966795755152431e-17 -1 -7.966795755152431e-17
vn 6.25947112157156e-17 -1 -9.367960912283385e-17
vn 4.3115988321446925e-17 -1 -1.0409120232051435e-16
vn 2.1980340405394423e-17 -1 -1.1050263663206771e-16
vn 2.069668464965248e-32 -1 -1.1266751043783545e-16
vn -2.1980340405394423e-17 -1 -1.1050263663206771e-16
vn -4.3115988321446925e-17 -1 -1.0409120232051435e-16
vn -6.25947112157156e-17 -1 -9.367960912283385e-17
vn -7.966795755152431e-17 -1 -7.966795755152431e-17
vn -9.367960912283385e-17 -1 -6.25947112157156e-17
vn -1.0409120232051435e-16 -1 -4.3115988321446925e-17
vn -1.1050263663206771e-16 -1 -2.1980340405394423e-17
vn -1.1266751043783545e-16 -1 -2.7595579532869977e-32
f 2180/2180/2180 2213/2213/2213 2214/2214/2214
f 2181/2181/2181 2214/2214/2214 2215/2215/2215
f 2182/2182/2182 2215/2215/2215 2216/2216/2216
f 2183/2183/2183 2216/2216/2216 2217/2217/2217
f 2184/2184/2184 2217/2217/2217 2218/2218/2218
f 2185/2185/2185 2218/2218/2218 2219/2219/2219
f 2186/2186/2186 2219/2219/2219 2220/2220/2220
f 2187/2187/2187 2220/2220/2220 2221/2221/2221
f 2188/2188/2188 2221/2221/2221 2222/2222/2222
f 2189/2189/2189 2222/2222/2222 2223/2223/2223
f 2190/2190/2190 2223/2223/2223 2224/2224/2224
f 2191/2191/2191 2224/2224/2224 2225/2225/2225
f 2192/2192/2192 2225/2225/2225 2226/2226/2226
f 2193/2193/2193 2226/2226/2226 2227/2227/2227
f 2194/2194/2194 2227/2227/2227 2228/2228/2228
f 2195/2195/2195 2228/2228/2228 2229/2229/2229
f 2196/2196/2196 2229/2229/2229 2230/2230/2230
f 2197/2197/2197 2230/2230/2230 2231/2231/2231
f 2198/2198/2198 2231/2231/2231 2232/2232/2232
f 2199/2199/2199 2232/2232/2232 2233/2233/2233
f 2200/2200/2200 2233/2233/2233 2234/2234/2234
f 2201/2201/2201 2234/2234/2234 2235/2235/2235
f 2202/2202/2202 2235/2235/2235 2236/2236/2236
f 2203/2203/2203 2236/2236/2236 2237/2237/2237
f 2204/2204/2204 2237/2237/2237 2238/2238/2238
f 2205/2205/2205 2238/2238/2238 2239/2239/2239
f 2206/2206/2206 2239/2239/2239 2240/2240/2240
f 2207/2207/2207 2240/2240/2240 2241/2241/2241
f 2208/2208/2208 2241/2241/2241 2242/2242/2242
f 2209/2209/2209 2242/2242/2242 2243/2243/2243
f 2210/2210/2210 2243/2243/2243 2244/2244/2244
f 2211/2211/2211 2244/2244/2244 2245/2245/2245
f 2214/2214/2214 2213/2213/2213 2247/2247/2247
f 2213/2213/2213 2246/2246/2246 2247/2247/2247
f 2215/2215/2215 2214/2214/2214 2248/2248/2248
f 2214/2214/2214 2247/2247/2247 2248/2248/2248
f 2216/2216/2216 2215/2215/2215 2249/2249/2249
f 2215/2215/2215 2248/2248/2248 2249/2249/2249
f 2217/2217/2217 2216/2216/2216 2250/2250/2250
f 2216/2216/2216 2249/2249/2249 2250/2250/2250
f 2218/2218/2218 2217/2217/2217 2251/2251/2251
f 2217/2217/2217 2250/2250/2250 2251/2251/2251
f 2219/2219/2219 2218/2218/2218 2252/2252/2252
f 2218/2218/2218 2251/2251/2251 2252/2252/2252
f 2220/2220/2220 2219/2219/2219 2253/2253/2253
f 2219/2219/2219 2252/2252/2252 2253/2253/2253
f 2221/2221/2221 2220/2220/2220 2254/2254/2254
f 2220/2220/2220 2253/2253/2253 2254/2254/2254
f 2222/2222/2222 2221/2221/2221 2255/2255/2255
f 2221/2221/2221 2254/2254/2254 2255/2255/2255
f 2223/2223/2223 2222/2222/2222 2256/2256/2256
f 2222/2222/2222 2255/2255/2255 2256/2256/2256
f 2224/2224/2224 2223/2223/2223 2257/2257/2257
f 2223/2223/2223 2256/2256/2256 2257/2257/2257
f 2225/2225/2225 2224/2224/2224 2258/2258/2258
f 2224/2224/2224 2257/2257/2257 2258/2258/2258
f 2226/2226/2226 2225/2225/2225 2259/2259/2259
f 2225/2225/2225 2258/2258/2258 2259/2259/2259
f 2227/2227/2227 2226/2226/2226 2260/2260/2260
f 2226/2226/2226 2259/2259/2259 2260/2260/2260
f 2228/2228/2228 2227/2227/2227 2261/2261/2261
f 2227/2227/2227 2260/2260/2260 2261/2261/2261
f 2229/2229/2229 2228/2228/2228 2262/2262/2262
f 2228/2228/2228 2261/2261/2261 2262/2262/2262
f 2230/2230/2230 2229/2229/2229 2263/2263/2263
f 2229/2229/2229 2262/2262/2262 2263/2263/2263
f 2231/2231/2231 2230/2230/2230 2264/2264/2264
f 2230/2230/2230 2263/2263/2263 2264/2264/2264
f 2232/2232/2232 2231/2231/2231 2265/2265/2265
f 2231/2231/2231 2264/2264/2264 2265/2265/2265
f 2233/2233/2233 2232/2232/2232 2266/2266/2266
f 2232/2232/2232 2265/2265/2265 2266/2266/2266
f 2234/2234/2234 2233/2233/2233 2267/2267/2267
f 2233/2233/2233 2266/2266/2266 2267/2267/2267
f 2235/2235/2235 2234/2234/2234 2268/2268/2268
f 2234/2234/2234 2267/2267/2267 2268/2268/2268
f 2236/2236/2236 2235/2235/2235 2269/2269/2269
f 2235/2235/2235 2268/2268/2268 2269/2269/2269
f 2237/2237/2237 2236/2236/2236 2270/2270/2270
f 2236/2236/2236 2269/2269/2269 2270/2270/2270
f 2238/2238/2238 2237/2237/2237 2271/2271/2271
f 2237/2237/2237 2270/2270/2270 2271/2271/2271
f 2239/2239/2239 2238/2238/2238 2272/2272/2272
f 2238/2238/2238 2271/2271/2271 2272/2272/2272
f 2240/2240/2240 2239/2239/2239 2273/2273/2273
f 2239/2239/2239 2272/2272/2272 2273/2273/2273
f 2241/2241/2241 2240/2240/2240 2274/2274/2274
f 2240/2240/2240 2273/2273/2273 2274/2274/2274
f 2242/2242/2242 2241/2241/2241 2275/2275/2275
f 2241/2241/2241 2274/2274/2274 2275/2275/2275
f 2243/2243/2243 2242/2242/2242 2276/2276/2276
f 2242/2242/2242 2275/2275/2275 2276/2276/2276
f 2244/2244/2244 2243/2243/2243 2277/2277/2277
f 2243/2243/2243 2276/2276/2276 2277/2277/2277
f 2245/2245/2245 2244/2244/2244 2278/2278/2278
f 2244/2244/2244 2277/2277/2277 2278/2278/2278
f 2247/2247/2247 2246/2246/2246 2280/2280/2280
f 2246/2246/2246 2279/2279/2279 2280/2280/2280
f 2248/2248/2248 2247/2247/2247 2281/2281/2281
f 2247/2247/2247 2280/2280/2280 2281/2281/2281
f 2249/2249/2249 2248/2248/2248 2282/2282/2282
f 2248/2248/2248 2281/2281/2281 2282/2282/2282
f 2250/2250/2250 2249/2249/2249 2283/2283/2283
f 2249/2249/2249 2282/2282/2282 2283/2283/2283
f 2251/2251/2251 2250/2250/2250 2284/2284/2284
f 2250/2250/2250 2283/2283/2283 2284/2284/2284
f 2252/2252/2252 2251/2251/2251 2285/2285/2285
f 2251/2251/2251 2284/2284/2284 2285/2285/2285
f 2253/2253/2253 2252/2252/2252 2286/2286/2286
f 2252/2252/2252 2285/2285/2285 2286/2286/2286
f 2254/2254/2254 2253/2253/2253 2287/2287/2287
f 2253/2253/2253 2286/2286/2286 2287/2287/2287
f 2255/2255/2255 2254/2254/2254 2288/2288/2288
f 2254/2254/2254 2287/2287/2287 2288/2288/2288
f 2256/2256/2256 2255/2255/2255 2289/2289/2289
f 2255/2255/2255 2288/2288/2288 2289/2289/2289
f 2257/2257/2257 2256/2256/2256 2290/2290/2290
f 2256/2256/2256 2289/2289/2289 2290/2290/2290
f 2258/2258/2258 2257/2257/2257 2291/2291/2291
f 2257/2257/2257 2290/2290/2290 2291/2291/2291
f 2259/2259/2259 2258/2258/2258 2292/2292/2292
f 2258/2258/2258 2291/2291/2291 2292/2292/2292
f 2260/2260/2260 2259/2259/2259 2293/2293/2293
f 2259/2259/2259 2292/2292/2292 2293/2293/2293
f 2261/2261/2261 2260/2260/2260 2294/2294/2294
f 2260/2260/2260 2293/2293/2293 2294/2294/2294
f 2262/2262/2262 2261/2261/2261 2295/2295/2295
f 2261/2261/2261 2294/2294/2294 2295/2295/2295
f 2263/2263/2263 2262/2262/2262 2296/2296/2296
f 2262/2262/2262 2295/2295/2295 2296/2296/2296
f 2264/2264/2264 2263/2263/2263 2297/2297/2297
f 2263/2263/2263 2296/2296/2296 2297/2297/2297
f 2265/2265/2265 2264/2264/2264 2298/2298/2298
f 2264/2264/2264 2297/2297/2297 2298/2298/2298
f 2266/2266/2266 2265/2265/2265 2299/2299/2299
f 2265/2265/2265 2298/2298/2298 2299/2299/2299
f 2267/2267/2267 2266/2266/2266 2300/2300/2300
f 2266/2266/2266 2299/2299/2299 2300/2300/2300
f 2268/2268/2268 2267/2267/2267 2301/2301/2301
f 2267/2267/2267 2300/2300/2300 2301/2301/2301
f 2269/2269/2269 2268/2268/2268 2302/2302/2302
f 2268/2268/2268 2301/2301/2301 2302/2302/2302
f 2270/2270/2270 2269/2269/2269 2303/2303/2303
f 2269/2269/2269 2302/2302/2302 2303/2303/2303
f 2271/2271/2271 2270/2270/2270 2304/2304/2304
f 2270/2270/2270 2303/2303/2303 2304/2304/2304
f 2272/2272/2272 2271/2271/2271 2305/2305/2305
f 2271/2271/2271 2304/2304/2304 2305/2305/2305
f 2273/2273/2273 2272/2272/2272 2306/2306/2306
f 2272/2272/2272 2305/2305/2305 2306/2306/2306
f 2274/2274/2274 2273/2273/2273 2307/2307/2307
f 2273/2273/2273 2306/2306/2306 2307/2307/2307
f 2275/2275/2275 2274/2274/2274 2308/2308/2308
f 2274/2274/2274 2307/2307/2307 2308/2308/2308
f 2276/2276/2276 2275/2275/2275 2309/2309/2309
f 2275/2275/2275 2308/2308/2308 2309/2309/2309
f 2277/2277/2277 2276/2276/2276 2310/2310/2310
f 2276/2276/2276 2309/2309/2309 2310/2310/2310
f 2278/2278/2278 2277/2277/2277 2311/2311/2311
f 2277/2277/2277 2310/2310/2310 2311/2311/2311
f 2280/2280/2280 2279/2279/2279 2313/2313/2313
f 2279/2279/2279 2312/2312/2312 2313/2313/2313
f 2281/2281/2281 2280/2280/2280 2314/2314/2314
f 2280/2280/2280 2313/2313/2313 2314/2314/2314
f 2282/2282/2282 2281/2281/2281 2315/2315/2315
f 2281/2281/2281 2314/2314/2314 2315/2315/2315
f 2283/2283/2283 2282/2282/2282 2316/2316/2316
f 2282/2282/2282 2315/2315/2315 2316/2316/2316
f 2284/2284/2284 2283/2283/2283 2317/2317/2317
f 2283/2283/2283 2316/2316/2316 2317/2317/2317
f 2285/2285/2285 2284/2284/2284 2318/2318/2318
f 2284/2284/2284 2317/2317/2317 2318/2318/2318
f 2286/2286/2286 2285/2285/2285 2319/2319/2319
f 2285/2285/2285 2318/2318/2318 2319/2319/2319
f 2287/2287/2287 2286/2286/2286 2320/2320/2320
f 2286/2286/2286 2319/2319/2319 2320/2320/2320
f 2288/2288/2288 2287/2287/2287 2321/2321/2321
f 2287/2287/2287 2320/2320/2320 2321/2321/2321
f 2289/2289/2289 2288/2288/2288 2322/2322/2322
f 2288/2288/2288 2321/2321/2321 2322/2322/2322
f 2290/2290/2290 2289/2289/2289 2323/2323/2323
f 2289/2289/2289 2322/2322/2322 2323/2323/2323
f 2291/2291/2291 2290/2290/2290 2324/2324/2324
f 2290/2290/2290 2323/2323/2323 2324/2324/2324
f 2292/2292/2292 2291/2291/2291 2325/2325/2325
f 2291/2291/2291 2324/2324/2324 2325/2325/2325
f 2293/2293/2293 2292/2292/2292 2326/2326/2326
f 2292/2292/2292 2325/2325/2325 2326/2326/2326
f 2294/2294/2294 2293/2293/2293 2327/2327/2327
f 2293/2293/2293 2326/2326/2326 2327/2327/2327
f 2295/2295/2295 2294/2294/2294 2328/2328/2328
f 2294/2294/2294 2327/2327/2327 2328/2328/2328
f 2296/2296/2296 2295/2295/2295 2329/2329/2329
f 2295/2295/2295 2328/2328/2328 2329/2329/2329
f 2297/2297/2297 2296/2296/2296 2330/2330/2330
f 2296/2296/2296 2329/2329/2329 2330/2330/2330
f 2298/2298/2298 2297/2297/2297 2331/2331/2331
f 2297/2297/2297 2330/2330/2330 2331/2331/2331
f 2299/2299/2299 2298/2298/2298 2332/2332/2332
f 2298/2298/2298 2331/2331/2331 2332/2332/2332
f 2300/2300/2300 2299/2299/2299 2333/2333/2333
f 2299/2299/2299 2332/2332/2332 2333/2333/2333
f 2301/2301/2301 2300/2300/2300 2334/2334/2334
f 2300/2300/2300 2333/2333/2333 2334/2334/2334
f 2302/2302/2302 2301/2301/2301 2335/2335/2335
f 2301/2301/2301 2334/2334/2334 2335/2335/2335
f 2303/2303/2303 2302/2302/2302 2336/2336/2336
f 2302/2302/2302 2335/2335/2335 2336/2336/2336
f 2304/2304/2304 2303/2303/2303 2337/2337/2337
f 2303/2303/2303 2336/2336/2336 2337/2337/2337
f 2305/2305/2305 2304/2304/2304 2338/2338/2338
f 2304/2304/2304 2337/2337/2337 2338/2338/2338
f 2306/2306/2306 2305/2305/2305 2339/2339/2339
f 2305/2305/2305 2338/2338/2338 2339/2339/2339
f 2307/2307/2307 2306/2306/2306 2340/2340/2340
f 2306/2306/2306 2339/2339/2339 2340/2340/2340
f 2308/2308/2308 2307/2307/2307 2341/2341/2341
f 2307/2307/2307 2340/2340/2340 2341/2341/2341
f 2309/2309/2309 2308/2308/2308 2342/2342/2342
f 2308/2308/2308 2341/2341/2341 2342/2342/2342
f 2310/2310/2310 2309/2309/2309 2343/2343/2343
f 2309/2309/2309 2342/2342/2342 2343/2343/2343
f 2311/2311/2311 2310/2310/2310 2344/2344/2344
f 2310/2310/2310 2343/2343/2343 2344/2344/2344
f 2313/2313/2313 2312/2312/2312 2346/2346/2346
f 2312/2312/2312 2345/2345/2345 2346/2346/2346
f 2314/2314/2314 2313/2313/2313 2347/2347/2347
f 2313/2313/2313 2346/2346/2346 2347/2347/2347
f 2315/2315/2315 2314/2314/2314 2348/2348/2348
f 2314/2314/2314 2347/2347/2347 2348/2348/2348
f 2316/2316/2316 2315/2315/2315 2349/2349/2349
f 2315/2315/2315 2348/2348/2348 2349/2349/2349
f 2317/2317/2317 2316/2316/2316 2350/2350/2350
f 2316/2316/2316 2349/2349/2349 2350/2350/2350
f 2318/2318/2318 2317/2317/2317 2351/2351/2351
f 2317/2317/2317 2350/2350/2350 2351/2351/2351
f 2319/2319/2319 2318/2318/2318 2352/2352/2352
f 2318/2318/2318 2351/2351/2351 2352/2352/2352
f 2320/2320/2320 2319/2319/2319 2353/2353/2353
f 2319/2319/2319 2352/2352/2352 2353/2353/2353
f 2321/2321/2321 2320/2320/2320 2354/2354/2354
f 2320/2320/2320 2353/2353/2353 2354/2354/2354
f 2322/2322/2322 2321/2321/2321 2355/2355/2355
f 2321/2321/2321 2354/2354/2354 2355/2355/2355
f 2323/2323/2323 2322/2322/2322 2356/2356/2356
f 2322/2322/2322 2355/2355/2355 2356/2356/2356
f 2324/2324/2324 2323/2323/2323 2357/2357/2357
f 2323/2323/2323 2356/2356/2356 2357/2357/2357
f 2325/2325/2325 2324/2324/2324 2358/2358/2358
f 2324/2324/2324 2357/2357/2357 2358/2358/2358
f 2326/2326/2326 2325/2325/2325 2359/2359/2359
f 2325/2325/2325 2358/2358/2358 2359/2359/2359
f 2327/2327/2327 2326/2326/2326 2360/2360/2360
f 2326/2326/2326 2359/2359/2359 2360/2360/2360
f 2328/2328/2328 2327/2327/2327 2361/2361/2361
f 2327/2327/2327 2360/2360/2360 2361/2361/2361
f 2329/2329/2329 2328/2328/2328 2362/2362/2362
f 2328/2328/2328 2361/2361/2361 2362/2362/2362
f 2330/2330/2330 2329/2329/2329 2363/2363/2363
f 2329/2329/2329 2362/2362/2362 2363/2363/2363
f 2331/2331/2331 2330/2330/2330 2364/2364/2364
f 2330/2330/2330 2363/2363/2363 2364/2364/2364
f 2332/2332/2332 2331/2331/2331 2365/2365/2365
f 2331/2331/2331 2364/2364/2364 2365/2365/2365
f 2333/2333/2333 2332/2332/2332 2366/2366/2366
f 2332/2332/2332 2365/2365/2365 2366/2366/2366
f 2334/2334/2334 2333/2333/2333 2367/2367/2367
f 2333/2333/2333 2366/2366/2366 2367/2367/2367
f 2335/2335/2335 2334/2334/2334 2368/2368/2368
f 2334/2334/2334 2367/2367/2367 2368/2368/2368
f 2336/2336/2336 2335/2335/2335 2369/2369/2369
f 2335/2335/2335 2368/2368/2368 2369/2369/2369
f 2337/2337/2337 2336/2336/2336 2370/2370/2370
f 2336/2336/2336 2369/2369/2369 2370/2370/2370
f 2338/2338/2338 2337/2337/2337 2371/2371/2371
f 2337/2337/2337 2370/2370/2370 2371/2371/2371
f 2339/2339/2339 2338/2338/2338 2372/2372/2372
f 2338/2338/2338 2371/2371/2371 2372/2372/2372
f 2340/2340/2340 2339/2339/2339 2373/2373/2373
f 2339/2339/2339 2372/2372/2372 2373/2373/2373
f 2341/2341/2341 2340/2340/2340 2374/2374/2374
f 2340/2340/2340 2373/2373/2373 2374/2374/2374
f 2342/2342/2342 2341/2341/2341 2375/2375/2375
f 2341/2341/2341 2374/2374/2374 2375/2375/2375
f 2343/2343/2343 2342/2342/2342 2376/2376/2376
f 2342/2342/2342 2375/2375/2375 2376/2376/2376
f 2344/2344/2344 2343/2343/2343 2377/2377/2377
f 2343/2343/2343 2376/2376/2376 2377/2377/2377
f 2346/2346/2346 2345/2345/2345 2379/2379/2379
f 2345/2345/2345 2378/2378/2378 2379/2379/2379
f 2347/2347/2347 2346/2346/2346 2380/2380/2380
f 2346/2346/2346 2379/2379/2379 2380/2380/2380
f 2348/2348/2348 2347/2347/2347 2381/2381/2381
f 2347/2347/2347 2380/2380/2380 2381/2381/2381
f 2349/2349/2349 2348/2348/2348 2382/2382/2382
f 2348/2348/2348 2381/2381/2381 2382/2382/2382
f 2350/2350/2350 2349/2349/2349 2383/2383/2383
f 2349/2349/2349 2382/2382/2382 2383/2383/2383
f 2351/2351/2351 2350/2350/2350 2384/2384/2384
f 2350/2350/2350 2383/2383/2383 2384/2384/2384
f 2352/2352/2352 2351/2351/2351 2385/2385/2385
f 2351/2351/2351 2384/2384/2384 2385/2385/2385
f 2353/2353/2353 2352/2352/2352 2386/2386/2386
f 2352/2352/2352 2385/2385/2385 2386/2386/2386
f 2354/2354/2354 2353/2353/2353 2387/2387/2387
f 2353/2353/2353 2386/2386/2386 2387/2387/2387
f 2355/2355/2355 2354/2354/2354 2388/2388/2388
f 2354/2354/2354 2387/2387/2387 2388/2388/2388
f 2356/2356/2356 2355/2355/2355 2389/2389/2389
f 2355/2355/2355 2388/2388/2388 2389/2389/2389
f 2357/2357/2357 2356/2356/2356 2390/2390/2390
f 2356/2356/2356 2389/2389/2389 2390/2390/2390
f 2358/2358/2358 2357/2357/2357 2391/2391/2391
f 2357/2357/2357 2390/2390/2390 2391/2391/2391
f 2359/2359/2359 2358/2358/2358 2392/2392/2392
f 2358/2358/2358 2391/2391/2391 2392/2392/2392
f 2360/2360/2360 2359/2359/2359 2393/2393/2393
f 2359/2359/2359 2392/2392/2392 2393/2393/2393
f 2361/2361/2361 2360/2360/2360 2394/2394/2394
f 2360/2360/2360 2393/2393/2393 2394/2394/2394
f 2362/2362/2362 2361/2361/2361 2395/2395/2395
f 2361/2361/2361 2394/2394/2394 2395/2395/2395
f 2363/2363/2363 2362/2362/2362 2396/2396/2396
f 2362/2362/2362 2395/2395/2395 2396/2396/2396
f 2364/2364/2364 2363/2363/2363 2397/2397/2397
f 2363/2363/2363 2396/2396/2396 2397/2397/2397
f 2365/2365/2365 2364/2364/2364 2398/2398/2398
f 2364/2364/2364 2397/2397/2397 2398/2398/2398
f 2366/2366/2366 2365/2365/2365 2399/2399/2399
f 2365/2365/2365 2398/2398/2398 2399/2399/2399
f 2367/2367/2367 2366/2366/2366 2400/2400/2400
f 2366/2366/2366 2399/2399/2399 2400/2400/2400
f 2368/2368/2368 2367/2367/2367 2401/2401/2401
f 2367/2367/2367 2400/2400/2400 2401/2401/2401
f 2369/2369/2369 2368/2368/2368 2402/2402/2402
f 2368/2368/2368 2401/2401/2401 2402/2402/2402
f 2370/2370/2370 2369/2369/2369 2403/2403/2403
f 2369/2369/2369 2402/2402/2402 2403/2403/2403
f 2371/2371/2371 2370/2370/2370 2404/2404/2404
f 2370/2370/2370 2403/2403/2403 2404/2404/2404
f 2372/2372/2372 2371/2371/2371 2405/2405/2405
f 2371/2371/2371 2404/2404/2404 2405/2405/2405
f 2373/2373/2373 2372/2372/2372 2406/2406/2406
f 2372/2372/2372 2405/2405/2405 2406/2406/2406
f 2374/2374/2374 2373/2373/2373 2407/2407/2407
f 2373/2373/2373 2406/2406/2406 2407/2407/2407
f 2375/2375/2375 2374/2374/2374 2408/2408/2408
f 2374/2374/2374 2407/2407/2407 2408/2408/2408
f 2376/2376/2376 2375/2375/2375 2409/2409/2409
f 2375/2375/2375 2408/2408/2408 2409/2409/2409
f 2377/2377/2377 2376/2376/2376 2410/2410/2410
f 2376/2376/2376 2409/2409/2409 2410/2410/2410
f 2379/2379/2379 2378/2378/2378 2412/2412/2412
f 2378/2378/2378 2411/2411/2411 2412/2412/2412
f 2380/2380/2380 2379/2379/2379 2413/2413/2413
f 2379/2379/2379 2412/2412/2412 2413/2413/2413
f 2381/2381/2381 2380/2380/2380 2414/2414/2414
f 2380/2380/2380 2413/2413/2413 2414/2414/2414
f 2382/2382/2382 2381/2381/2381 2415/2415/2415
f 2381/2381/2381 2414/2414/2414 2415/2415/2415
f 2383/2383/2383 2382/2382/2382 2416/2416/2416
f 2382/2382/2382 2415/2415/2415 2416/2416/2416
f 2384/2384/2384 2383/2383/2383 2417/2417/2417
f 2383/2383/2383 2416/2416/2416 2417/2417/2417
f 2385/2385/2385 2384/2384/2384 2418/2418/2418
f 2384/2384/2384 2417/2417/2417 2418/2418/2418
f 2386/2386/2386 2385/2385/2385 2419/2419/2419
f 2385/2385/2385 2418/2418/2418 2419/2419/2419
f 2387/2387/2387 2386/2386/2386 2420/2420/2420
f 2386/2386/2386 2419/2419/2419 2420/2420/2420
f 2388/2388/2388 2387/2387/2387 2421/2421/2421
f 2387/2387/2387 2420/2420/2420 2421/2421/2421
f 2389/2389/2389 2388/2388/2388 2422/2422/2422
f 2388/2388/2388 2421/2421/2421 2422/2422/2422
f 2390/2390/2390 2389/2389/2389 2423/2423/2423
f 2389/2389/2389 2422/2422/2422 2423/2423/2423
f 2391/2391/2391 2390/2390/2390 2424/2424/2424
f 2390/2390/2390 2423/2423/2423 2424/2424/2424
f 2392/2392/2392 2391/2391/2391 2425/2425/2425
f 2391/2391/2391 2424/2424/2424 2425/2425/2425
f 2393/2393/2393 2392/2392/2392 2426/2426/2426
f 2392/2392/2392 2425/2425/2425 2426/2426/2426
f 2394/2394/2394 2393/2393/2393 2427/2427/2427
f 2393/2393/2393 2426/2426/2426 2427/2427/2427
f 2395/2395/2395 2394/2394/2394 2428/2428/2428
f 2394/2394/2394 2427/2427/2427 2428/2428/2428
f 2396/2396/2396 2395/2395/2395 2429/2429/2429
f 2395/2395/2395 2428/2428/2428 2429/2429/2429
f 2397/2397/2397 2396/2396/2396 2430/2430/2430
f 2396/2396/2396 2429/2429/2429 2430/2430/2430
f 2398/2398/2398 2397/2397/2397 2431/2431/2431
f 2397/2397/2397 2430/2430/2430 2431/2431/2431
f 2399/2399/2399 2398/2398/2398 2432/2432/2432
f 2398/2398/2398 2431/2431/2431 2432/2432/2432
f 2400/2400/2400 2399/2399/2399 2433/2433/2433
f 2399/2399/2399 2432/2432/2432 2433/2433/2433
f 2401/2401/2401 2400/2400/2400 2434/2434/2434
f 2400/2400/2400 2433/2433/2433 2434/2434/2434
f 2402/2402/2402 2401/2401/2401 2435/2435/2435
f 2401/2401/2401 2434/2434/2434 2435/2435/2435
f 2403/2403/2403 2402/2402/2402 2436/2436/2436
f 2402/2402/2402 2435/2435/2435 2436/2436/2436
f 2404/2404/2404 2403/2403/2403 2437/2437/2437
f 2403/2403/2403 2436/2436/2436 2437/2437/2437
f 2405/2405/2405 2404/2404/2404 2438/2438/2438
f 2404/2404/2404 2437/2437/2437 2438/2438/2438
f 2406/2406/2406 2405/2405/2405 2439/2439/2439
f 2405/2405/2405 2438/2438/2438 2439/2439/2439
f 2407/2407/2407 2406/2406/2406 2440/2440/2440
f 2406/2406/2406 2439/2439/2439 2440/2440/2440
f 2408/2408/2408 2407/2407/2407 2441/2441/2441
f 2407/2407/2407 2440/2440/2440 2441/2441/2441
f 2409/2409/2409 2408/2408/2408 2442/2442/2442
f 2408/2408/2408 2441/2441/2441 2442/2442/2442
f 2410/2410/2410 2409/2409/2409 2443/2443/2443
f 2409/2409/2409 2442/2442/2442 2443/2443/2443
f 2412/2412/2412 2411/2411/2411 2445/2445/2445
f 2411/2411/2411 2444/2444/2444 2445/2445/2445
f 2413/2413/2413 2412/2412/2412 2446/2446/2446
f 2412/2412/2412 2445/2445/2445 2446/2446/2446
f 2414/2414/2414 2413/2413/2413 2447/2447/2447
f 2413/2413/2413 2446/2446/2446 2447/2447/2447
f 2415/2415/2415 2414/2414/2414 2448/2448/2448
f 2414/2414/2414 2447/2447/2447 2448/2448/2448
f 2416/2416/2416 2415/2415/2415 2449/2449/2449
f 2415/2415/2415 2448/2448/2448 2449/2449/2449
f 2417/2417/2417 2416/2416/2416 2450/2450/2450
f 2416/2416/2416 2449/2449/2449 2450/2450/2450
f 2418/2418/2418 2417/2417/2417 2451/2451/2451
f 2417/2417/2417 2450/2450/2450 2451/2451/2451
f 2419/2419/2419 2418/2418/2418 2452/2452/2452
f 2418/2418/2418 2451/2451/2451 2452/2452/2452
f 2420/2420/2420 2419/2419/2419 2453/2453/2453
f 2419/2419/2419 2452/2452/2452 2453/2453/2453
f 2421/2421/2421 2420/2420/2420 2454/2454/2454
f 2420/2420/2420 2453/2453/2453 2454/2454/2454
f 2422/2422/2422 2421/2421/2421 2455/2455/2455
f 2421/2421/2421 2454/2454/2454 2455/2455/2455
f 2423/2423/2423 2422/2422/2422 2456/2456/2456
f 2422/2422/2422 2455/2455/2455 2456/2456/2456
f 2424/2424/2424 2423/2423/2423 2457/2457/2457
f 2423/2423/2423 2456/2456/2456 2457/2457/2457
f 2425/2425/2425 2424/2424/2424 2458/2458/2458
f 2424/2424/2424 2457/2457/2457 2458/2458/2458
f 2426/2426/2426 2425/2425/2425 2459/2459/2459
f 2425/2425/2425 2458/2458/2458 2459/2459/2459
f 2427/2427/2427 2426/2426/2426 2460/2460/2460
f 2426/2426/2426 2459/2459/2459 2460/2460/2460
f 2428/2428/2428 2427/2427/2427 2461/2461/2461
f 2427/2427/2427 2460/2460/2460 2461/2461/2461
f 2429/2429/2429 2428/2428/2428 2462/2462/2462
f 2428/2428/2428 2461/2461/2461 2462/2462/2462
f 2430/2430/2430 2429/2429/2429 2463/2463/2463
f 2429/2429/2429 2462/2462/2462 2463/2463/2463
f 2431/2431/2431 2430/2430/2430 2464/2464/2464
f 2430/2430/2430 2463/2463/2463 2464/2464/2464
f 2432/2432/2432 2431/2431/2431 2465/2465/2465
f 2431/2431/2431 2464/2464/2464 2465/2465/2465
f 2433/2433/2433 2432/2432/2432 2466/2466/2466
f 2432/2432/2432 2465/2465/2465 2466/2466/2466
f 2434/2434/2434 2433/2433/2433 2467/2467/2467
f 2433/2433/2433 2466/2466/2466 2467/2467/2467
f 2435/2435/2435 2434/2434/2434 2468/2468/2468
f 2434/2434/2434 2467/2467/2467 2468/2468/2468
f 2436/2436/2436 2435/2435/2435 2469/2469/2469
f 2435/2435/2435 2468/2468/2468 2469/2469/2469
f 2437/2437/2437 2436/2436/2436 2470/2470/2470
f 2436/2436/2436 2469/2469/2469 2470/2470/2470
f 2438/2438/2438 2437/2437/2437 2471/2471/2471
f 2437/2437/2437 2470/2470/2470 2471/2471/2471
f 2439/2439/2439 2438/2438/2438 2472/2472/2472
f 2438/2438/2438 2471/2471/2471 2472/2472/2472
f 2440/2440/2440 2439/2439/2439 2473/2473/2473
f 2439/2439/2439 2472/2472/2472 2473/2473/2473
f 2441/2441/2441 2440/2440/2440 2474/2474/2474
f 2440/2440/2440 2473/2473/2473 2474/2474/2474
f 2442/2442/2442 2441/2441/2441 2475/2475/2475
f 2441/2441/2441 2474/2474/2474 2475/2475/2475
f 2443/2443/2443 2442/2442/2442 2476/2476/2476
f 2442/2442/2442 2475/2475/2475 2476/2476/2476
f 2445/2445/2445 2444/2444/2444 2478/2478/2478
f 2444/2444/2444 2477/2477/2477 2478/2478/2478
f 2446/2446/2446 2445/2445/2445 2479/2479/2479
f 2445/2445/2445 2478/2478/2478 2479/2479/2479
f 2447/2447/2447 2446/2446/2446 2480/2480/2480
f 2446/2446/2446 2479/2479/2479 2480/2480/2480
f 2448/2448/2448 2447/2447/2447 2481/2481/2481
f 2447/2447/2447 2480/2480/2480 2481/2481/2481
f 2449/2449/2449 2448/2448/2448 2482/2482/2482
f 2448/2448/2448 2481/2481/2481 2482/2482/2482
f 2450/2450/2450 2449/2449/2449 2483/2483/2483
f 2449/2449/2449 2482/2482/2482 2483/2483/2483
f 2451/2451/2451 2450/2450/2450 2484/2484/2484
f 2450/2450/2450 2483/2483/2483 2484/2484/2484
f 2452/2452/2452 2451/2451/2451 2485/2485/2485
f 2451/2451/2451 2484/2484/2484 2485/2485/2485
f 2453/2453/2453 2452/2452/2452 2486/2486/2486
f 2452/2452/2452 2485/2485/2485 2486/2486/2486
f 2454/2454/2454 2453/2453/2453 2487/2487/2487
f 2453/2453/2453 2486/2486/2486 2487/2487/2487
f 2455/2455/2455 2454/2454/2454 2488/2488/2488
f 2454/2454/2454 2487/2487/2487 2488/2488/2488
f 2456/2456/2456 2455/2455/2455 2489/2489/2489
f 2455/2455/2455 2488/2488/2488 2489/2489/2489
f 2457/2457/2457 2456/2456/2456 2490/2490/2490
f 2456/2456/2456 2489/2489/2489 2490/2490/2490
f 2458/2458/2458 2457/2457/2457 2491/2491/2491
f 2457/2457/2457 2490/2490/2490 2491/2491/2491
f 2459/2459/2459 2458/2458/2458 2492/2492/2492
f 2458/2458/2458 2491/2491/2491 2492/2492/2492
f 2460/2460/2460 2459/2459/2459 2493/2493/2493
f 2459/2459/2459 2492/2492/2492 2493/2493/2493
f 2461/2461/2461 2460/2460/2460 2494/2494/2494
f 2460/2460/2460 2493/2493/2493 2494/2494/2494
f 2462/2462/2462 2461/2461/2461 2495/2495/2495
f 2461/2461/2461 2494/2494/2494 2495/2495/2495
f 2463/2463/2463 2462/2462/2462 2496/2496/2496
f 2462/2462/2462 2495/2495/2495 2496/2496/2496
f 2464/2464/2464 2463/2463/2463 2497/2497/2497
f 2463/2463/2463 2496/2496/2496 2497/2497/2497
f 2465/2465/2465 2464/2464/2464 2498/2498/2498
f 2464/2464/2464 2497/2497/2497 2498/2498/2498
f 2466/2466/2466 2465/2465/2465 2499/2499/2499
f 2465/2465/2465 2498/2498/2498 2499/2499/2499
f 2467/2467/2467 2466/2466/2466 2500/2500/2500
f 2466/2466/2466 2499/2499/2499 2500/2500/2500
f 2468/2468/2468 2467/2467/2467 2501/2501/2501
f 2467/2467/2467 2500/2500/2500 2501/2501/2501
f 2469/2469/2469 2468/2468/2468 2502/2502/2502
f 2468/2468/2468 2501/2501/2501 2502/2502/2502
f 2470/2470/2470 2469/2469/2469 2503/2503/2503
f 2469/2469/2469 2502/2502/2502 2503/2503/2503
f 2471/2471/2471 2470/2470/2470 2504/2504/2504
f 2470/2470/2470 2503/2503/2503 2504/2504/2504
f 2472/2472/2472 2471/2471/2471 2505/2505/2505
f 2471/2471/2471 2504/2504/2504 2505/2505/2505
f 2473/2473/2473 2472/2472/2472 2506/2506/2506
f 2472/2472/2472 2505/2505/2505 2506/2506/2506
f 2474/2474/2474 2473/2473/2473 2507/2507/2507
f 2473/2473/2473 2506/2506/2506 2507/2507/2507
f 2475/2475/2475 2474/2474/2474 2508/2508/2508
f 2474/2474/2474 2507/2507/2507 2508/2508/2508
f 2476/2476/2476 2475/2475/2475 2509/2509/2509
f 2475/2475/2475 2508/2508/2508 2509/2509/2509
f 2478/2478/2478 2477/2477/2477 2511/2511/2511
f 2477/2477/2477 2510/2510/2510 2511/2511/2511
f 2479/2479/2479 2478/2478/2478 2512/2512/2512
f 2478/2478/2478 2511/2511/2511 2512/2512/2512
f 2480/2480/2480 2479/2479/2479 2513/2513/2513
f 2479/2479/2479 2512/2512/2512 2513/2513/2513
f 2481/2481/2481 2480/2480/2480 2514/2514/2514
f 2480/2480/2480 2513/2513/2513 2514/2514/2514
f 2482/2482/2482 2481/2481/2481 2515/2515/2515
f 2481/2481/2481 2514/2514/2514 2515/2515/2515
f 2483/2483/2483 2482/2482/2482 2516/2516/2516
f 2482/2482/2482 2515/2515/2515 2516/2516/2516
f 2484/2484/2484 2483/2483/2483 2517/2517/2517
f 2483/2483/2483 2516/2516/2516 2517/2517/2517
f 2485/2485/2485 2484/2484/2484 2518/2518/2518
f 2484/2484/2484 2517/2517/2517 2518/2518/2518
f 2486/2486/2486 2485/2485/2485 2519/2519/2519
f 2485/2485/2485 2518/2518/2518 2519/2519/2519
f 2487/2487/2487 2486/2486/2486 2520/2520/2520
f 2486/2486/2486 2519/2519/2519 2520/2520/2520
f 2488/2488/2488 2487/2487/2487 2521/2521/2521
f 2487/2487/2487 2520/2520/2520 2521/2521/2521
f 2489/2489/2489 2488/2488/2488 2522/2522/2522
f 2488/2488/2488 2521/2521/2521 2522/2522/2522
f 2490/2490/2490 2489/2489/2489 2523/2523/2523
f 2489/2489/2489 2522/2522/2522 2523/2523/2523
f 2491/2491/2491 2490/2490/2490 2524/2524/2524
f 2490/2490/2490 2523/2523/2523 2524/2524/2524
f 2492/2492/2492 2491/2491/2491 2525/2525/2525
f 2491/2491/2491 2524/2524/2524 2525/2525/2525
f 2493/2493/2493 2492/2492/2492 2526/2526/2526
f 2492/2492/2492 2525/2525/2525 2526/2526/2526
f 2494/2494/2494 2493/2493/2493 2527/2527/2527
f 2493/2493/2493 2526/2526/2526 2527/2527/2527
f 2495/2495/2495 2494/2494/2494 2528/2528/2528
f 2494/2494/2494 2527/2527/2527 2528/2528/2528
f 2496/2496/2496 2495/2495/2495 2529/2529/2529
f 2495/2495/2495 2528/2528/2528 2529/2529/2529
f 2497/2497/2497 2496/2496/2496 2530/2530/2530
f 2496/2496/2496 2529/2529/2529 2530/2530/2530
f 2498/2498/2498 2497/2497/2497 2531/2531/2531
f 2497/2497/2497 2530/2530/2530 2531/2531/2531
f 2499/2499/2499 2498/2498/2498 2532/2532/2532
f 2498/2498/2498 2531/2531/2531 2532/2532/2532
f 2500/2500/2500 2499/2499/2499 2533/2533/2533
f 2499/2499/2499 2532/2532/2532 2533/2533/2533
f 2501/2501/2501 2500/2500/2500 2534/2534/2534
f 2500/2500/2500 2533/2533/2533 2534/2534/2534
f 2502/2502/2502 2501/2501/2501 2535/2535/2535
f 2501/2501/2501 2534/2534/2534 2535/2535/2535
f 2503/2503/2503 2502/2502/2502 2536/2536/2536
f 2502/2502/2502 2535/2535/2535 2536/2536/2536
f 2504/2504/2504 2503/2503/2503 2537/2537/2537
f 2503/2503/2503 2536/2536/2536 2537/2537/2537
f 2505/2505/2505 2504/2504/2504 2538/2538/2538
f 2504/2504/2504 2537/2537/2537 2538/2538/2538
f 2506/2506/2506 2505/2505/2505 2539/2539/2539
f 2505/2505/2505 2538/2538/2538 2539/2539/2539
f 2507/2507/2507 2506/2506/2506 2540/2540/2540
f 2506/2506/2506 2539/2539/2539 2540/2540/2540
f 2508/2508/2508 2507/2507/2507 2541/2541/2541
f 2507/2507/2507 2540/2540/2540 2541/2541/2541
f 2509/2509/2509 2508/2508/2508 2542/2542/2542
f 2508/2508/2508 2541/2541/2541 2542/2542/2542
f 2511/2511/2511 2510/2510/2510 2544/2544/2544
f 2510/2510/2510 2543/2543/2543 2544/2544/2544
f 2512/2512/2512 2511/2511/2511 2545/2545/2545
f 2511/2511/2511 2544/2544/2544 2545/2545/2545
f 2513/2513/2513 2512/2512/2512 2546/2546/2546
f 2512/2512/2512 2545/2545/2545 2546/2546/2546
f 2514/2514/2514 2513/2513/2513 2547/2547/2547
f 2513/2513/2513 2546/2546/2546 2547/2547/2547
f 2515/2515/2515 2514/2514/2514 2548/2548/2548
f 2514/2514/2514 2547/2547/2547 2548/2548/2548
f 2516/2516/2516 2515/2515/2515 2549/2549/2549
f 2515/2515/2515 2548/2548/2548 2549/2549/2549
f 2517/2517/2517 2516/2516/2516 2550/2550/2550
f 2516/2516/2516 2549/2549/2549 2550/2550/2550
f 2518/2518/2518 2517/2517/2517 2551/2551/2551
f 2517/2517/2517 2550/2550/2550 2551/2551/2551
f 2519/2519/2519 2518/2518/2518 2552/2552/2552
f 2518/2518/2518 2551/2551/2551 2552/2552/2552
f 2520/2520/2520 2519/2519/2519 2553/2553/2553
f 2519/2519/2519 2552/2552/2552 2553/2553/2553
f 2521/2521/2521 2520/2520/2520 2554/2554/2554
f 2520/2520/2520 2553/2553/2553 2554/2554/2554
f 2522/2522/2522 2521/2521/2521 2555/2555/2555
f 2521/2521/2521 2554/2554/2554 2555/2555/2555
f 2523/2523/2523 2522/2522/2522 2556/2556/2556
f 2522/2522/2522 2555/2555/2555 2556/2556/2556
f 2524/2524/2524 2523/2523/2523 2557/2557/2557
f 2523/2523/2523 2556/2556/2556 2557/2557/2557
f 2525/2525/2525 2524/2524/2524 2558/2558/2558
f 2524/2524/2524 2557/2557/2557 2558/2558/2558
f 2526/2526/2526 2525/2525/2525 2559/2559/2559
f 2525/2525/2525 2558/2558/2558 2559/2559/2559
f 2527/2527/2527 2526/2526/2526 2560/2560/2560
f 2526/2526/2526 2559/2559/2559 2560/2560/2560
f 2528/2528/2528 2527/2527/2527 2561/2561/2561
f 2527/2527/2527 2560/2560/2560 2561/2561/2561
f 2529/2529/2529 2528/2528/2528 2562/2562/2562
f 2528/2528/2528 2561/2561/2561 2562/2562/2562
f 2530/2530/2530 2529/2529/2529 2563/2563/2563
f 2529/2529/2529 2562/2562/2562 2563/2563/2563
f 2531/2531/2531 2530/2530/2530 2564/2564/2564
f 2530/2530/2530 2563/2563/2563 2564/2564/2564
f 2532/2532/2532 2531/2531/2531 2565/2565/2565
f 2531/2531/2531 2564/2564/2564 2565/2565/2565
f 2533/2533/2533 2532/2532/2532 2566/2566/2566
f 2532/2532/2532 2565/2565/2565 2566/2566/2566
f 2534/2534/2534 2533/2533/2533 2567/2567/2567
f 2533/2533/2533 2566/2566/2566 2567/2567/2567
f 2535/2535/2535 2534/2534/2534 2568/2568/2568
f 2534/2534/2534 2567/2567/2567 2568/2568/2568
f 2536/2536/2536 2535/2535/2535 2569/2569/2569
f 2535/2535/2535 2568/2568/2568 2569/2569/2569
f 2537/2537/2537 2536/2536/2536 2570/2570/2570
f 2536/2536/2536 2569/2569/2569 2570/2570/2570
f 2538/2538/2538 2537/2537/2537 2571/2571/2571
f 2537/2537/2537 2570/2570/2570 2571/2571/2571
f 2539/2539/2539 2538/2538/2538 2572/2572/2572
f 2538/2538/2538 2571/2571/2571 2572/2572/2572
f 2540/2540/2540 2539/2539/2539 2573/2573/2573
f 2539/2539/2539 2572/2572/2572 2573/2573/2573
f 2541/2541/2541 2540/2540/2540 2574/2574/2574
f 2540/2540/2540 2573/2573/2573 2574/2574/2574
f 2542/2542/2542 2541/2541/2541 2575/2575/2575
f 2541/2541/2541 2574/2574/2574 2575/2575/2575
f 2544/2544/2544 2543/2543/2543 2577/2577/2577
f 2543/2543/2543 2576/2576/2576 2577/2577/2577
f 2545/2545/2545 2544/2544/2544 2578/2578/2578
f 2544/2544/2544 2577/2577/2577 2578/2578/2578
f 2546/2546/2546 2545/2545/2545 2579/2579/2579
f 2545/2545/2545 2578/2578/2578 2579/2579/2579
f 2547/2547/2547 2546/2546/2546 2580/2580/2580
f 2546/2546/2546 2579/2579/2579 2580/2580/2580
f 2548/2548/2548 2547/2547/2547 2581/2581/2581
f 2547/2547/2547 2580/2580/2580 2581/2581/2581
f 2549/2549/2549 2548/2548/2548 2582/2582/2582
f 2548/2548/2548 2581/2581/2581 2582/2582/2582
f 2550/2550/2550 2549/2549/2549 2583/2583/2583
f 2549/2549/2549 2582/2582/2582 2583/2583/2583
f 2551/2551/2551 2550/2550/2550 2584/2584/2584
f 2550/2550/2550 2583/2583/2583 2584/2584/2584
f 2552/2552/2552 2551/2551/2551 2585/2585/2585
f 2551/2551/2551 2584/2584/2584 2585/2585/2585
f 2553/2553/2553 2552/2552/2552 2586/2586/2586
f 2552/2552/2552 2585/2585/2585 2586/2586/2586
f 2554/2554/2554 2553/2553/2553 2587/2587/2587
f 2553/2553/2553 2586/2586/2586 2587/2587/2587
f 2555/2555/2555 2554/2554/2554 2588/2588/2588
f 2554/2554/2554 2587/2587/2587 2588/2588/2588
f 2556/2556/2556 2555/2555/2555 2589/2589/2589
f 2555/2555/2555 2588/2588/2588 2589/2589/2589
f 2557/2557/2557 2556/2556/2556 2590/2590/2590
f 2556/2556/2556 2589/2589/2589 2590/2590/2590
f 2558/2558/2558 2557/2557/2557 2591/2591/2591
f 2557/2557/2557 2590/2590/2590 2591/2591/2591
f 2559/2559/2559 2558/2558/2558 2592/2592/2592
f 2558/2558/2558 2591/2591/2591 2592/2592/2592
f 2560/2560/2560 2559/2559/2559 2593/2593/2593
f 2559/2559/2559 2592/2592/2592 2593/2593/2593
f 2561/2561/2561 2560/2560/2560 2594/2594/2594
f 2560/2560/2560 2593/2593/2593 2594/2594/2594
f 2562/2562/2562 2561/2561/2561 2595/2595/2595
f 2561/2561/2561 2594/2594/2594 2595/2595/2595
f 2563/2563/2563 2562/2562/2562 2596/2596/2596
f 2562/2562/2562 2595/2595/2595 2596/2596/2596
f 2564/2564/2564 2563/2563/2563 2597/2597/2597
f 2563/2563/2563 2596/2596/2596 2597/2597/2597
f 2565/2565/2565 2564/2564/2564 2598/2598/2598
f 2564/2564/2564 2597/2597/2597 2598/2598/2598
f 2566/2566/2566 2565/2565/2565 2599/2599/2599
f 2565/2565/2565 2598/2598/2598 2599/2599/2599
f 2567/2567/2567 2566/2566/2566 2600/2600/2600
f 2566/2566/2566 2599/2599/2599 2600/2600/2600
f 2568/2568/2568 2567/2567/2567 2601/2601/2601
f 2567/2567/2567 2600/2600/2600 2601/2601/2601
f 2569/2569/2569 2568/2568/2568 2602/2602/2602
f 2568/2568/2568 2601/2601/2601 2602/2602/2602
f 2570/2570/2570 2569/2569/2569 2603/2603/2603
f 2569/2569/2569 2602/2602/2602 2603/2603/2603
f 2571/2571/2571 2570/2570/2570 2604/2604/2604
f 2570/2570/2570 2603/2603/2603 2604/2604/2604
f 2572/2572/2572 2571/2571/2571 2605/2605/2605
f 2571/2571/2571 2604/2604/2604 2605/2605/2605
f 2573/2573/2573 2572/2572/2572 2606/2606/2606
f 2572/2572/2572 2605/2605/2605 2606/2606/2606
f 2574/2574/2574 2573/2573/2573 2607/2607/2607
f 2573/2573/2573 2606/2606/2606 2607/2607/2607
f 2575/2575/2575 2574/2574/2574 2608/2608/2608
f 2574/2574/2574 2607/2607/2607 2608/2608/2608
f 2577/2577/2577 2576/2576/2576 2610/2610/2610
f 2576/2576/2576 2609/2609/2609 2610/2610/2610
f 2578/2578/2578 2577/2577/2577 2611/2611/2611
f 2577/2577/2577 2610/2610/2610 2611/2611/2611
f 2579/2579/2579 2578/2578/2578 2612/2612/2612
f 2578/2578/2578 2611/2611/2611 2612/2612/2612
f 2580/2580/2580 2579/2579/2579 2613/2613/2613
f 2579/2579/2579 2612/2612/2612 2613/2613/2613
f 2581/2581/2581 2580/2580/2580 2614/2614/2614
f 2580/2580/2580 2613/2613/2613 2614/2614/2614
f 2582/2582/2582 2581/2581/2581 2615/2615/2615
f 2581/2581/2581 2614/2614/2614 2615/2615/2615
f 2583/2583/2583 2582/2582/2582 2616/2616/2616
f 2582/2582/2582 2615/2615/2615 2616/2616/2616
f 2584/2584/2584 2583/2583/2583 2617/2617/2617
f 2583/2583/2583 2616/2616/2616 2617/2617/2617
f 2585/2585/2585 2584/2584/2584 2618/2618/2618
f 2584/2584/2584 2617/2617/2617 2618/2618/2618
f 2586/2586/2586 2585/2585/2585 2619/2619/2619
f 2585/2585/2585 2618/2618/2618 2619/2619/2619
f 2587/2587/2587 2586/2586/2586 2620/2620/2620
f 2586/2586/2586 2619/2619/2619 2620/2620/2620
f 2588/2588/2588 2587/2587/2587 2621/2621/2621
f 2587/2587/2587 2620/2620/2620 2621/2621/2621
f 2589/2589/2589 2588/2588/2588 2622/2622/2622
f 2588/2588/2588 2621/2621/2621 2622/2622/2622
f 2590/2590/2590 2589/2589/2589 2623/2623/2623
f 2589/2589/2589 2622/2622/2622 2623/2623/2623
f 2591/2591/2591 2590/2590/2590 2624/2624/2624
f 2590/2590/2590 2623/2623/2623 2624/2624/2624
f 2592/2592/2592 2591/2591/2591 2625/2625/2625
f 2591/2591/2591 2624/2624/2624 2625/2625/2625
f 2593/2593/2593 2592/2592/2592 2626/2626/2626
f 2592/2592/2592 2625/2625/2625 2626/2626/2626
f 2594/2594/2594 2593/2593/2593 2627/2627/2627
f 2593/2593/2593 2626/2626/2626 2627/2627/2627
f 2595/2595/2595 2594/2594/2594 2628/2628/2628
f 2594/2594/2594 2627/2627/2627 2628/2628/2628
f 2596/2596/2596 2595/2595/2595 2629/2629/2629
f 2595/2595/2595 2628/2628/2628 2629/2629/2629
f 2597/2597/2597 2596/2596/2596 2630/2630/2630
f 2596/2596/2596 2629/2629/2629 2630/2630/2630
f 2598/2598/2598 2597/2597/2597 2631/2631/2631
f 2597/2597/2597 2630/2630/2630 2631/2631/2631
f 2599/2599/2599 2598/2598/2598 2632/2632/2632
f 2598/2598/2598 2631/2631/2631 2632/2632/2632
f 2600/2600/2600 2599/2599/2599 2633/2633/2633
f 2599/2599/2599 2632/2632/2632 2633/2633/2633
f 2601/2601/2601 2600/2600/2600 2634/2634/2634
f 2600/2600/2600 2633/2633/2633 2634/2634/2634
f 2602/2602/2602 2601/2601/2601 2635/2635/2635
f 2601/2601/2601 2634/2634/2634 2635/2635/2635
f 2603/2603/2603 2602/2602/2602 2636/2636/2636
f 2602/2602/2602 2635/2635/2635 2636/2636/2636
f 2604/2604/2604 2603/2603/2603 2637/2637/2637
f 2603/2603/2603 2636/2636/2636 2637/2637/2637
f 2605/2605/2605 2604/2604/2604 2638/2638/2638
f 2604/2604/2604 2637/2637/2637 2638/2638/2638
f 2606/2606/2606 2605/2605/2605 2639/2639/2639
f 2605/2605/2605 2638/2638/2638 2639/2639/2639
f 2607/2607/2607 2606/2606/2606 2640/2640/2640
f 2606/2606/2606 2639/2639/2639 2640/2640/2640
f 2608/2608/2608 2607/2607/2607 2641/2641/2641
f 2607/2607/2607 2640/2640/2640 2641/2641/2641
f 2610/2610/2610 2609/2609/2609 2643/2643/2643
f 2609/2609/2609 2642/2642/2642 2643/2643/2643
f 2611/2611/2611 2610/2610/2610 2644/2644/2644
f 2610/2610/2610 2643/2643/2643 2644/2644/2644
f 2612/2612/2612 2611/2611/2611 2645/2645/2645
f 2611/2611/2611 2644/2644/2644 2645/2645/2645
f 2613/2613/2613 2612/2612/2612 2646/2646/2646
f 2612/2612/2612 2645/2645/2645 2646/2646/2646
f 2614/2614/2614 2613/2613/2613 2647/2647/2647
f 2613/2613/2613 2646/2646/2646 2647/2647/2647
f 2615/2615/2615 2614/2614/2614 2648/2648/2648
f 2614/2614/2614 2647/2647/2647 2648/2648/2648
f 2616/2616/2616 2615/2615/2615 2649/2649/2649
f 2615/2615/2615 2648/2648/2648 2649/2649/2649
f 2617/2617/2617 2616/2616/2616 2650/2650/2650
f 2616/2616/2616 2649/2649/2649 2650/2650/2650
f 2618/2618/2618 2617/2617/2617 2651/2651/2651
f 2617/2617/2617 2650/2650/2650 2651/2651/2651
f 2619/2619/2619 2618/2618/2618 2652/2652/2652
f 2618/2618/2618 2651/2651/2651 2652/2652/2652
f 2620/2620/2620 2619/2619/2619 2653/2653/2653
f 2619/2619/2619 2652/2652/2652 2653/2653/2653
f 2621/2621/2621 2620/2620/2620 2654/2654/2654
f 2620/2620/2620 2653/2653/2653 2654/2654/2654
f 2622/2622/2622 2621/2621/2621 2655/2655/2655
f 2621/2621/2621 2654/2654/2654 2655/2655/2655
f 2623/2623/2623 2622/2622/2622 2656/2656/2656
f 2622/2622/2622 2655/2655/2655 2656/2656/2656
f 2624/2624/2624 2623/2623/2623 2657/2657/2657
f 2623/2623/2623 2656/2656/2656 2657/2657/2657
f 2625/2625/2625 2624/2624/2624 2658/2658/2658
f 2624/2624/2624 2657/2657/2657 2658/2658/2658
f 2626/2626/2626 2625/2625/2625 2659/2659/2659
f 2625/2625/2625 2658/2658/2658 2659/2659/2659
f 2627/2627/2627 2626/2626/2626 2660/2660/2660
f 2626/2626/2626 2659/2659/2659 2660/2660/2660
f 2628/2628/2628 2627/2627/2627 2661/2661/2661
f 2627/2627/2627 2660/2660/2660 2661/2661/2661
f 2629/2629/2629 2628/2628/2628 2662/2662/2662
f 2628/2628/2628 2661/2661/2661 2662/2662/2662
f 2630/2630/2630 2629/2629/2629 2663/2663/2663
f 2629/2629/2629 2662/2662/2662 2663/2663/2663
f 2631/2631/2631 2630/2630/2630 2664/2664/2664
f 2630/2630/2630 2663/2663/2663 2664/2664/2664
f 2632/2632/2632 2631/2631/2631 2665/2665/2665
f 2631/2631/2631 2664/2664/2664 2665/2665/2665
f 2633/2633/2633 2632/2632/2632 2666/2666/2666
f 2632/2632/2632 2665/2665/2665 2666/2666/2666
f 2634/2634/2634 2633/2633/2633 2667/2667/2667
f 2633/2633/2633 2666/2666/2666 2667/2667/2667
f 2635/2635/2635 2634/2634/2634 2668/2668/2668
f 2634/2634/2634 2667/2667/2667 2668/2668/2668
f 2636/2636/2636 2635/2635/2635 2669/2669/2669
f 2635/2635/2635 2668/2668/2668 2669/2669/2669
f 2637/2637/2637 2636/2636/2636 2670/2670/2670
f 2636/2636/2636 2669/2669/2669 2670/2670/2670
f 2638/2638/2638 2637/2637/2637 2671/2671/2671
f 2637/2637/2637 2670/2670/2670 2671/2671/2671
f 2639/2639/2639 2638/2638/2638 2672/2672/2672
f 2638/2638/2638 2671/2671/2671 2672/2672/2672
f 2640/2640/2640 2639/2639/2639 2673/2673/2673
f 2639/2639/2639 2672/2672/2672 2673/2673/2673
f 2641/2641/2641 2640/2640/2640 2674/2674/2674
f 2640/2640/2640 2673/2673/2673 2674/2674/2674
f 2643/2643/2643 2642/2642/2642 2676/2676/2676
f 2642/2642/2642 2675/2675/2675 2676/2676/2676
f 2644/2644/2644 2643/2643/2643 2677/2677/2677
f 2643/2643/2643 2676/2676/2676 2677/2677/2677
f 2645/2645/2645 2644/2644/2644 2678/2678/2678
f 2644/2644/2644 2677/2677/2677 2678/2678/2678
f 2646/2646/2646 2645/2645/2645 2679/2679/2679
f 2645/2645/2645 2678/2678/2678 2679/2679/2679
f 2647/2647/2647 2646/2646/2646 2680/2680/2680
f 2646/2646/2646 2679/2679/2679 2680/2680/2680
f 2648/2648/2648 2647/2647/2647 2681/2681/2681
f 2647/2647/2647 2680/2680/2680 2681/2681/2681
f 2649/2649/2649 2648/2648/2648 2682/2682/2682
f 2648/2648/2648 2681/2681/2681 2682/2682/2682
f 2650/2650/2650 2649/2649/2649 2683/2683/2683
f 2649/2649/2649 2682/2682/2682 2683/2683/2683
f 2651/2651/2651 2650/2650/2650 2684/2684/2684
f 2650/2650/2650 2683/2683/2683 2684/2684/2684
f 2652/2652/2652 2651/2651/2651 2685/2685/2685
f 2651/2651/2651 2684/2684/2684 2685/2685/2685
f 2653/2653/2653 2652/2652/2652 2686/2686/2686
f 2652/2652/2652 2685/2685/2685 2686/2686/2686
f 2654/2654/2654 2653/2653/2653 2687/2687/2687
f 2653/2653/2653 2686/2686/2686 2687/2687/2687
f 2655/2655/2655 2654/2654/2654 2688/2688/2688
f 2654/2654/2654 2687/2687/2687 2688/2688/2688
f 2656/2656/2656 2655/2655/2655 2689/2689/2689
f 2655/2655/2655 2688/2688/2688 2689/2689/2689
f 2657/2657/2657 2656/2656/2656 2690/2690/2690
f 2656/2656/2656 2689/2689/2689 2690/2690/2690
f 2658/2658/2658 2657/2657/2657 2691/2691/2691
f 2657/2657/2657 2690/2690/2690 2691/2691/2691
f 2659/2659/2659 2658/2658/2658 2692/2692/2692
f 2658/2658/2658 2691/2691/2691 2692/2692/2692
f 2660/2660/2660 2659/2659/2659 2693/2693/2693
f 2659/2659/2659 2692/2692/2692 2693/2693/2693
f 2661/2661/2661 2660/2660/2660 2694/2694/2694
f 2660/2660/2660 2693/2693/2693 2694/2694/2694
f 2662/2662/2662 2661/2661/2661 2695/2695/2695
f 2661/2661/2661 2694/2694/2694 2695/2695/2695
f 2663/2663/2663 2662/2662/2662 2696/2696/2696
f 2662/2662/2662 2695/2695/2695 2696/2696/2696
f 2664/2664/2664 2663/2663/2663 2697/2697/2697
f 2663/2663/2663 2696/2696/2696 2697/2697/2697
f 2665/2665/2665 2664/2664/2664 2698/2698/2698
f 2664/2664/2664 2697/2697/2697 2698/2698/2698
f 2666/2666/2666 2665/2665/2665 2699/2699/2699
f 2665/2665/2665 2698/2698/2698 2699/2699/2699
f 2667/2667/2667 2666/2666/2666 2700/2700/2700
f 2666/2666/2666 2699/2699/2699 2700/2700/2700
f 2668/2668/2668 2667/2667/2667 2701/2701/2701
f 2667/2667/2667 2700/2700/2700 2701/2701/2701
f 2669/2669/2669 2668/2668/2668 2702/2702/2702
f 2668/2668/2668 2701/2701/2701 2702/2702/2702
f 2670/2670/2670 2669/2669/2669 2703/2703/2703
f 2669/2669/2669 2702/2702/2702 2703/2703/2703
f 2671/2671/2671 2670/2670/2670 2704/2704/2704
f 2670/2670/2670 2703/2703/2703 2704/2704/2704
f 2672/2672/2672 2671/2671/2671 2705/2705/2705
f 2671/2671/2671 2704/2704/2704 2705/2705/2705
f 2673/2673/2673 2672/2672/2672 2706/2706/2706
f 2672/2672/2672 2705/2705/2705 2706/2706/2706
f 2674/2674/2674 2673/2673/2673 2707/2707/2707
f 2673/2673/2673 2706/2706/2706 2707/2707/2707
f 2676/2676/2676 2675/2675/2675 2709/2709/2709
f 2675/2675/2675 2708/2708/2708 2709/2709/2709
f 2677/2677/2677 2676/2676/2676 2710/2710/2710
f 2676/2676/2676 2709/2709/2709 2710/2710/2710
f 2678/2678/2678 2677/2677/2677 2711/2711/2711
f 2677/2677/2677 2710/2710/2710 2711/2711/2711
f 2679/2679/2679 2678/2678/2678 2712/2712/2712
f 2678/2678/2678 2711/2711/2711 2712/2712/2712
f 2680/2680/2680 2679/2679/2679 2713/2713/2713
f 2679/2679/2679 2712/2712/2712 2713/2713/2713
f 2681/2681/2681 2680/2680/2680 2714/2714/2714
f 2680/2680/2680 2713/2713/2713 2714/2714/2714
f 2682/2682/2682 2681/2681/2681 2715/2715/2715
f 2681/2681/2681 2714/2714/2714 2715/2715/2715
f 2683/2683/2683 2682/2682/2682 2716/2716/2716
f 2682/2682/2682 2715/2715/2715 2716/2716/2716
f 2684/2684/2684 2683/2683/2683 2717/2717/2717
f 2683/2683/2683 2716/2716/2716 2717/2717/2717
f 2685/2685/2685 2684/2684/2684 2718/2718/2718
f 2684/2684/2684 2717/2717/2717 2718/2718/2718
f 2686/2686/2686 2685/2685/2685 2719/2719/2719
f 2685/2685/2685 2718/2718/2718 2719/2719/2719
f 2687/2687/2687 2686/2686/2686 2720/2720/2720
f 2686/2686/2686 2719/2719/2719 2720/2720/2720
f 2688/2688/2688 2687/2687/2687 2721/2721/2721
f 2687/2687/2687 2720/2720/2720 2721/2721/2721
f 2689/2689/2689 2688/2688/2688 2722/2722/2722
f 2688/2688/2688 2721/2721/2721 2722/2722/2722
f 2690/2690/2690 2689/2689/2689 2723/2723/2723
f 2689/2689/2689 2722/2722/2722 2723/2723/2723
f 2691/2691/2691 2690/2690/2690 2724/2724/2724
f 2690/2690/2690 2723/2723/2723 2724/2724/2724
f 2692/2692/2692 2691/2691/2691 2725/2725/2725
f 2691/2691/2691 2724/2724/2724 2725/2725/2725
f 2693/2693/2693 2692/2692/2692 2726/2726/2726
f 2692/2692/2692 2725/2725/2725 2726/2726/2726
f 2694/2694/2694 2693/2693/2693 2727/2727/2727
f 2693/2693/2693 2726/2726/2726 2727/2727/2727
f 2695/2695/2695 2694/2694/2694 2728/2728/2728
f 2694/2694/2694 2727/2727/2727 2728/2728/2728
f 2696/2696/2696 2695/2695/2695 2729/2729/2729
f 2695/2695/2695 2728/2728/2728 2729/2729/2729
f 2697/2697/2697 2696/2696/2696 2730/2730/2730
f 2696/2696/2696 2729/2729/2729 2730/2730/2730
f 2698/2698/2698 2697/2697/2697 2731/2731/2731
f 2697/2697/2697 2730/2730/2730 2731/2731/2731
f 2699/2699/2699 2698/2698/2698 2732/2732/2732
f 2698/2698/2698 2731/2731/2731 2732/2732/2732
f 2700/2700/2700 2699/2699/2699 2733/2733/2733
f 2699/2699/2699 2732/2732/2732 2733/2733/2733
f 2701/2701/2701 2700/2700/2700 2734/2734/2734
f 2700/2700/2700 2733/2733/2733 2734/2734/2734
f 2702/2702/2702 2701/2701/2701 2735/2735/2735
f 2701/2701/2701 2734/2734/2734 2735/2735/2735
f 2703/2703/2703 2702/2702/2702 2736/2736/2736
f 2702/2702/2702 2735/2735/2735 2736/2736/2736
f 2704/2704/2704 2703/2703/2703 2737/2737/2737
f 2703/2703/2703 2736/2736/2736 2737/2737/2737
f 2705/2705/2705 2704/2704/2704 2738/2738/2738
f 2704/2704/2704 2737/2737/2737 2738/2738/2738
f 2706/2706/2706 2705/2705/2705 2739/2739/2739
f 2705/2705/2705 2738/2738/2738 2739/2739/2739
f 2707/2707/2707 2706/2706/2706 2740/2740/2740
f 2706/2706/2706 2739/2739/2739 2740/2740/2740
f 2709/2709/2709 2708/2708/2708 2742/2742/2742
f 2708/2708/2708 2741/2741/2741 2742/2742/2742
f 2710/2710/2710 2709/2709/2709 2743/2743/2743
f 2709/2709/2709 2742/2742/2742 2743/2743/2743
f 2711/2711/2711 2710/2710/2710 2744/2744/2744
f 2710/2710/2710 2743/2743/2743 2744/2744/2744
f 2712/2712/2712 2711/2711/2711 2745/2745/2745
f 2711/2711/2711 2744/2744/2744 2745/2745/2745
f 2713/2713/2713 2712/2712/2712 2746/2746/2746
f 2712/2712/2712 2745/2745/2745 2746/2746/2746
f 2714/2714/2714 2713/2713/2713 2747/2747/2747
f 2713/2713/2713 2746/2746/2746 2747/2747/2747
f 2715/2715/2715 2714/2714/2714 2748/2748/2748
f 2714/2714/2714 2747/2747/2747 2748/2748/2748
f 2716/2716/2716 2715/2715/2715 2749/2749/2749
f 2715/2715/2715 2748/2748/2748 2749/2749/2749
f 2717/2717/2717 2716/2716/2716 2750/2750/2750
f 2716/2716/2716 2749/2749/2749 2750/2750/2750
f 2718/2718/2718 2717/2717/2717 2751/2751/2751
f 2717/2717/2717 2750/2750/2750 2751/2751/2751
f 2719/2719/2719 2718/2718/2718 2752/2752/2752
f 2718/2718/2718 2751/2751/2751 2752/2752/2752
f 2720/2720/2720 2719/2719/2719 2753/2753/2753
f 2719/2719/2719 2752/2752/2752 2753/2753/2753
f 2721/2721/2721 2720/2720/2720 2754/2754/2754
f 2720/2720/2720 2753/2753/2753 2754/2754/2754
f 2722/2722/2722 2721/2721/2721 2755/2755/2755
f 2721/2721/2721 2754/2754/2754 2755/2755/2755
f 2723/2723/2723 2722/2722/2722 2756/2756/2756
f 2722/2722/2722 2755/2755/2755 2756/2756/2756
f 2724/2724/2724 2723/2723/2723 2757/2757/2757
f 2723/2723/2723 2756/2756/2756 2757/2757/2757
f 2725/2725/2725 2724/2724/2724 2758/2758/2758
f 2724/2724/2724 2757/2757/2757 2758/2758/2758
f 2726/2726/2726 2725/2725/2725 2759/2759/2759
f 2725/2725/2725 2758/2758/2758 2759/2759/2759
f 2727/2727/2727 2726/2726/2726 2760/2760/2760
f 2726/2726/2726 2759/2759/2759 2760/2760/2760
f 2728/2728/2728 2727/2727/2727 2761/2761/2761
f 2727/2727/2727 2760/2760/2760 2761/2761/2761
f 2729/2729/2729 2728/2728/2728 2762/2762/2762
f 2728/2728/2728 2761/2761/2761 2762/2762/2762
f 2730/2730/2730 2729/2729/2729 2763/2763/2763
f 2729/2729/2729 2762/2762/2762 2763/2763/2763
f 2731/2731/2731 2730/2730/2730 2764/2764/2764
f 2730/2730/2730 2763/2763/2763 2764/2764/2764
f 2732/2732/2732 2731/2731/2731 2765/2765/2765
f 2731/2731/2731 2764/2764/2764 2765/2765/2765
f 2733/2733/2733 2732/2732/2732 2766/2766/2766
f 2732/2732/2732 2765/2765/2765 2766/2766/2766
f 2734/2734/2734 2733/2733/2733 2767/2767/2767
f 2733/2733/2733 2766/2766/2766 2767/2767/2767
f 2735/2735/2735 2734/2734/2734 2768/2768/2768
f 2734/2734/2734 2767/2767/2767 2768/2768/2768
f 2736/2736/2736 2735/2735/2735 2769/2769/2769
f 2735/2735/2735 2768/2768/2768 2769/2769/2769
f 2737/2737/2737 2736/2736/2736 2770/2770/2770
f 2736/2736/2736 2769/2769/2769 2770/2770/2770
f 2738/2738/2738 2737/2737/2737 2771/2771/2771
f 2737/2737/2737 2770/2770/2770 2771/2771/2771
f 2739/2739/2739 2738/2738/2738 2772/2772/2772
f 2738/2738/2738 2771/2771/2771 2772/2772/2772
f 2740/2740/2740 2739/2739/2739 2773/2773/2773
f 2739/2739/2739 2772/2772/2772 2773/2773/2773
f 2742/2742/2742 2741/2741/2741 2775/2775/2775
f 2741/2741/2741 2774/2774/2774 2775/2775/2775
f 2743/2743/2743 2742/2742/2742 2776/2776/2776
f 2742/2742/2742 2775/2775/2775 2776/2776/2776
f 2744/2744/2744 2743/2743/2743 2777/2777/2777
f 2743/2743/2743 2776/2776/2776 2777/2777/2777
f 2745/2745/2745 2744/2744/2744 2778/2778/2778
f 2744/2744/2744 2777/2777/2777 2778/2778/2778
f 2746/2746/2746 2745/2745/2745 2779/2779/2779
f 2745/2745/2745 2778/2778/2778 2779/2779/2779
f 2747/2747/2747 2746/2746/2746 2780/2780/2780
f 2746/2746/2746 2779/2779/2779 2780/2780/2780
f 2748/2748/2748 2747/2747/2747 2781/2781/2781
f 2747/2747/2747 2780/2780/2780 2781/2781/2781
f 2749/2749/2749 2748/2748/2748 2782/2782/2782
f 2748/2748/2748 2781/2781/2781 2782/2782/2782
f 2750/2750/2750 2749/2749/2749 2783/2783/2783
f 2749/2749/2749 2782/2782/2782 2783/2783/2783
f 2751/2751/2751 2750/2750/2750 2784/2784/2784
f 2750/2750/2750 2783/2783/2783 2784/2784/2784
f 2752/2752/2752 2751/2751/2751 2785/2785/2785
f 2751/2751/2751 2784/2784/2784 2785/2785/2785
f 2753/2753/2753 2752/2752/2752 2786/2786/2786
f 2752/2752/2752 2785/2785/2785 2786/2786/2786
f 2754/2754/2754 2753/2753/2753 2787/2787/2787
f 2753/2753/2753 2786/2786/2786 2787/2787/2787
f 2755/2755/2755 2754/2754/2754 2788/2788/2788
f 2754/2754/2754 2787/2787/2787 2788/2788/2788
f 2756/2756/2756 2755/2755/2755 2789/2789/2789
f 2755/2755/2755 2788/2788/2788 2789/2789/2789
f 2757/2757/2757 2756/2756/2756 2790/2790/2790
f 2756/2756/2756 2789/2789/2789 2790/2790/2790
f 2758/2758/2758 2757/2757/2757 2791/2791/2791
f 2757/2757/2757 2790/2790/2790 2791/2791/2791
f 2759/2759/2759 2758/2758/2758 2792/2792/2792
f 2758/2758/2758 2791/2791/2791 2792/2792/2792
f 2760/2760/2760 2759/2759/2759 2793/2793/2793
f 2759/2759/2759 2792/2792/2792 2793/2793/2793
f 2761/2761/2761 2760/2760/2760 2794/2794/2794
f 2760/2760/2760 2793/2793/2793 2794/2794/2794
f 2762/2762/2762 2761/2761/2761 2795/2795/2795
f 2761/2761/2761 2794/2794/2794 2795/2795/2795
f 2763/2763/2763 2762/2762/2762 2796/2796/2796
f 2762/2762/2762 2795/2795/2795 2796/2796/2796
f 2764/2764/2764 2763/2763/2763 2797/2797/2797
f 2763/2763/2763 2796/2796/2796 2797/2797/2797
f 2765/2765/2765 2764/2764/2764 2798/2798/2798
f 2764/2764/2764 2797/2797/2797 2798/2798/2798
f 2766/2766/2766 2765/2765/2765 2799/2799/2799
f 2765/2765/2765 2798/2798/2798 2799/2799/2799
f 2767/2767/2767 2766/2766/2766 2800/2800/2800
f 2766/2766/2766 2799/2799/2799 2800/2800/2800
f 2768/2768/2768 2767/2767/2767 2801/2801/2801
f 2767/2767/2767 2800/2800/2800 2801/2801/2801
f 2769/2769/2769 2768/2768/2768 2802/2802/2802
f 2768/2768/2768 2801/2801/2801 2802/2802/2802
f 2770/2770/2770 2769/2769/2769 2803/2803/2803
f 2769/2769/2769 2802/2802/2802 2803/2803/2803
f 2771/2771/2771 2770/2770/2770 2804/2804/2804
f 2770/2770/2770 2803/2803/2803 2804/2804/2804
f 2772/2772/2772 2771/2771/2771 2805/2805/2805
f 2771/2771/2771 2804/2804/2804 2805/2805/2805
f 2773/2773/2773 2772/2772/2772 2806/2806/2806
f 2772/2772/2772 2805/2805/2805 2806/2806/2806
f 2775/2775/2775 2774/2774/2774 2808/2808/2808
f 2774/2774/2774 2807/2807/2807 2808/2808/2808
f 2776/2776/2776 2775/2775/2775 2809/2809/2809
f 2775/2775/2775 2808/2808/2808 2809/2809/2809
f 2777/2777/2777 2776/2776/2776 2810/2810/2810
f 2776/2776/2776 2809/2809/2809 2810/2810/2810
f 2778/2778/2778 2777/2777/2777 2811/2811/2811
f 2777/2777/2777 2810/2810/2810 2811/2811/2811
f 2779/2779/2779 2778/2778/2778 2812/2812/2812
f 2778/2778/2778 2811/2811/2811 2812/2812/2812
f 2780/2780/2780 2779/2779/2779 2813/2813/2813
f 2779/2779/2779 2812/2812/2812 2813/2813/2813
f 2781/2781/2781 2780/2780/2780 2814/2814/2814
f 2780/2780/2780 2813/2813/2813 2814/2814/2814
f 2782/2782/2782 2781/2781/2781 2815/2815/2815
f 2781/2781/2781 2814/2814/2814 2815/2815/2815
f 2783/2783/2783 2782/2782/2782 2816/2816/2816
f 2782/2782/2782 2815/2815/2815 2816/2816/2816
f 2784/2784/2784 2783/2783/2783 2817/2817/2817
f 2783/2783/2783 2816/2816/2816 2817/2817/2817
f 2785/2785/2785 2784/2784/2784 2818/2818/2818
f 2784/2784/2784 2817/2817/2817 2818/2818/2818
f 2786/2786/2786 2785/2785/2785 2819/2819/2819
f 2785/2785/2785 2818/2818/2818 2819/2819/2819
f 2787/2787/2787 2786/2786/2786 2820/2820/2820
f 2786/2786/2786 2819/2819/2819 2820/2820/2820
f 2788/2788/2788 2787/2787/2787 2821/2821/2821
f 2787/2787/2787 2820/2820/2820 2821/2821/2821
f 2789/2789/2789 2788/2788/2788 2822/2822/2822
f 2788/2788/2788 2821/2821/2821 2822/2822/2822
f 2790/2790/2790 2789/2789/2789 2823/2823/2823
f 2789/2789/2789 2822/2822/2822 2823/2823/2823
f 2791/2791/2791 2790/2790/2790 2824/2824/2824
f 2790/2790/2790 2823/2823/2823 2824/2824/2824
f 2792/2792/2792 2791/2791/2791 2825/2825/2825
f 2791/2791/2791 2824/2824/2824 2825/2825/2825
f 2793/2793/2793 2792/2792/2792 2826/2826/2826
f 2792/2792/2792 2825/2825/2825 2826/2826/2826
f 2794/2794/2794 2793/2793/2793 2827/2827/2827
f 2793/2793/2793 2826/2826/2826 2827/2827/2827
f 2795/2795/2795 2794/2794/2794 2828/2828/2828
f 2794/2794/2794 2827/2827/2827 2828/2828/2828
f 2796/2796/2796 2795/2795/2795 2829/2829/2829
f 2795/2795/2795 2828/2828/2828 2829/2829/2829
f 2797/2797/2797 2796/2796/2796 2830/2830/2830
f 2796/2796/2796 2829/2829/2829 2830/2830/2830
f 2798/2798/2798 2797/2797/2797 2831/2831/2831
f 2797/2797/2797 2830/2830/2830 2831/2831/2831
f 2799/2799/2799 2798/2798/2798 2832/2832/2832
f 2798/2798/2798 2831/2831/2831 2832/2832/2832
f 2800/2800/2800 2799/2799/2799 2833/2833/2833
f 2799/2799/2799 2832/2832/2832 2833/2833/2833
f 2801/2801/2801 2800/2800/2800 2834/2834/2834
f 2800/2800/2800 2833/2833/2833 2834/2834/2834
f 2802/2802/2802 2801/2801/2801 2835/2835/2835
f 2801/2801/2801 2834/2834/2834 2835/2835/2835
f 2803/2803/2803 2802/2802/2802 2836/2836/2836
f 2802/2802/2802 2835/2835/2835 2836/2836/2836
f 2804/2804/2804 2803/2803/2803 2837/2837/2837
f 2803/2803/2803 2836/2836/2836 2837/2837/2837
f 2805/2805/2805 2804/2804/2804 2838/2838/2838
f 2804/2804/2804 2837/2837/2837 2838/2838/2838
f 2806/2806/2806 2805/2805/2805 2839/2839/2839
f 2805/2805/2805 2838/2838/2838 2839/2839/2839
f 2808/2808/2808 2807/2807/2807 2841/2841/2841
f 2809/2809/2809 2808/2808/2808 2842/2842/2842
f 2810/2810/2810 2809/2809/2809 2843/2843/2843
f 2811/2811/2811 2810/2810/2810 2844/2844/2844
f 2812/2812/2812 2811/2811/2811 2845/2845/2845
f 2813/2813/2813 2812/2812/2812 2846/2846/2846
f 2814/2814/2814 2813/2813/2813 2847/2847/2847
f 2815/2815/2815 2814/2814/2814 2848/2848/2848
f 2816/2816/2816 2815/2815/2815 2849/2849/2849
f 2817/2817/2817 2816/2816/2816 2850/2850/2850
f 2818/2818/2818 2817/2817/2817 2851/2851/2851
f 2819/2819/2819 2818/2818/2818 2852/2852/2852
f 2820/2820/2820 2819/2819/2819 2853/2853/2853
f 2821/2821/2821 2820/2820/2820 2854/2854/2854
f 2822/2822/2822 2821/2821/2821 2855/2855/2855
f 2823/2823/2823 2822/2822/2822 2856/2856/2856
f 2824/2824/2824 2823/2823/2823 2857/2857/2857
f 2825/2825/2825 2824/2824/2824 2858/2858/2858
f 2826/2826/2826 2825/2825/2825 2859/2859/2859
f 2827/2827/2827 2826/2826/2826 2860/2860/2860
f 2828/2828/2828 2827/2827/2827 2861/2861/2861
f 2829/2829/2829 2828/2828/2828 2862/2862/2862
f 2830/2830/2830 2829/2829/2829 2863/2863/2863
f 2831/2831/2831 2830/2830/2830 2864/2864/2864
f 2832/2832/2832 2831/2831/2831 2865/2865/2865
f 2833/2833/2833 2832/2832/2832 2866/2866/2866
f 2834/2834/2834 2833/2833/2833 2867/2867/2867
f 2835/2835/2835 2834/2834/2834 2868/2868/2868
f 2836/2836/2836 2835/2835/2835 2869/2869/2869
f 2837/2837/2837 2836/2836/2836 2870/2870/2870
f 2838/2838/2838 2837/2837/2837 2871/2871/2871
f 2839/2839/2839 2838/2838/2838 2872/2872/2872
o canopy_4
usemtl foliage
v -0.35 3.7439999890327456 0.65
v -0.35 3.7439999890327456 0.65
v -0.35 3.7439999890327456 0.65
v -0.35 3.7439999890327456 0.65
v -0.35 3.7439999890327456 0.65
v -0.35 3.7439999890327456 0.65
v -0.35 3.7439999890327456 0.65
v -0.35 3.7439999890327456 0.65
v -0.35 3.7439999890327456 0.65
v -0.35 3.7439999890327456 0.65
v -0.35 3.7439999890327456 0.65
v -0.35 3.7439999890327456 0.65
v -0.35 3.7439999890327456 0.65
v -0.35 3.7439999890327456 0.65
v -0.35 3.7439999890327456 0.65
v -0.35 3.7439999890327456 0.65
v -0.35 3.7439999890327456 0.65
v -0.35 3.7439999890327456 0.65
v -0.35 3.7439999890327456 0.65
v -0.35 3.7439999890327456 0.65
v -0.35 3.7439999890327456 0.65
v -0.35 3.7439999890327456 0.65
v -0.35 3.7439999890327456 0.65
v -0.35 3.7439999890327456 0.65
v -0.35 3.7439999890327456 0.65
v -0.35 3.7439999890327456 0.65
v -0.35 3.7439999890327456 0.65
v -0.35 3.7439999890327456 0.65
v -0.35 3.7439999890327456 0.65
v -0.35 3.7439999890327456 0.65
v -0.35 3.7439999890327456 0.65
v -0.35 3.7439999890327456 0.65
v -0.35 3.7439999890327456 0.65
v -0.45950412601232526 3.7360712671279908 0.65
v -0.4574000373482704 3.7360712671279908 0.6713631950318814
v -0.451168617606163 3.7360712671279908 0.691905414313078
v -0.44104935079813 3.7360712671279908 0.7108372315764427
v -0.42743111252784727 3.7360712671279908 0.7274311125278473
v -0.4108372315764427 3.7360712671279908 0.7410493507981301
v -0.3919054143130779 3.7360712671279908 0.751168617606163
v -0.3713631950318813 3.7360712671279908 0.7574000373482704
v -0.35 3.7360712671279908 0.7595041260123253
v -0.32863680496811865 3.7360712671279908 0.7574000373482704
v -0.30809458568692205 3.7360712671279908 0.751168617606163
v -0.28916276842355726 3.7360712671279908 0.7410493507981301
v -0.2725688874721527 3.7360712671279908 0.7274311125278473
v -0.25895064920186994 3.7360712671279908 0.7108372315764427
v -0.24883138239383695 3.7360712671279908 0.691905414313078
v -0.24259996265172956 3.7360712671279908 0.6713631950318814
v -0.2404958739876747 3.7360712671279908 0.65
v -0.24259996265172956 3.7360712671279908 0.6286368049681187
v -0.24883138239383695 3.7360712671279908 0.6080945856869221
v -0.25895064920186994 3.7360712671279908 0.5891627684235573
v -0.2725688874721527 3.7360712671279908 0.5725688874721527
v -0.28916276842355726 3.7360712671279908 0.55895064920187
v -0.30809458568692205 3.7360712671279908 0.548831382393837
v -0.32863680496811865 3.7360712671279908 0.5425999626517296
v -0.35 3.7360712671279908 0.5404958739876747
v -0.3713631950318813 3.7360712671279908 0.5425999626517296
v -0.3919054143130779 3.7360712671279908 0.548831382393837
v -0.4108372315764427 3.7360712671279908 0.55895064920187
v -0.42743111252784727 3.7360712671279908 0.5725688874721527
v -0.44104935079813 3.7360712671279908 0.5891627684235573
v -0.451168617606163 3.7360712671279908 0.6080945856869221
v -0.4574000373482704 3.7360712671279908 0.6286368049681187
v -0.45950412601232526 3.7360712671279908 0.65
v -0.566311901807785 3.7124803733825686 0.65
v -0.5621555209159851 3.7124803733825686 0.6922003567218781
v -0.5498461335897445 3.7124803733825686 0.7327789753675461
v -0.5298567622900009 3.7124803733825686 0.770176449418068
v -0.5029556065797806 3.7124803733825686 0.8029556065797806
v -0.4701764494180679 3.7124803733825686 0.8298567622900009
v -0.43277897536754606 3.7124803733825686 0.8498461335897446
v -0.39220035672187803 3.7124803733825686 0.8621555209159851
v -0.35 3.7124803733825686 0.8663119018077851
v -0.3077996432781219 3.7124803733825686 0.8621555209159851
v -0.2672210246324539 3.7124803733825686 0.8498461335897446
v -0.22982355058193205 3.7124803733825686 0.8298567622900009
v -0.1970443934202194 3.7124803733825686 0.8029556065797806
v -0.17014323770999906 3.7124803733825686 0.770176449418068
v -0.1501538664102554 3.7124803733825686 0.7327789753675461
v -0.13784447908401487 3.7124803733825686 0.6922003567218781
v -0.13368809819221494 3.7124803733825686 0.65
v -0.13784447908401487 3.7124803733825686 0.607799643278122
v -0.1501538664102554 3.7124803733825686 0.5672210246324539
v -0.17014323770999906 3.7124803733825686 0.5298235505819321
v -0.1970443934202194 3.7124803733825686 0.49704439342021944
v -0.22982355058193205 3.7124803733825686 0.4701432377099991
v -0.2672210246324539 3.7124803733825686 0.45015386641025545
v -0.3077996432781219 3.7124803733825686 0.4378444790840149
v -0.3499999999999999 3.7124803733825686 0.433688098192215
v -0.39220035672187803 3.7124803733825686 0.4378444790840149
v -0.43277897536754606 3.7124803733825686 0.45015386641025545
v -0.4701764494180679 3.7124803733825686 0.4701432377099991
v -0.5029556065797806 3.7124803733825686 0.49704439342021944
v -0.5298567622900009 3.7124803733825686 0.5298235505819321
v -0.5498461335897445 3.7124803733825686 0.5672210246324539
v -0.5621555209159851 3.7124803733825686 0.607799643278122
v -0.566311901807785 3.7124803733825686 0.65
v -0.6677933394908905 3.6738081884384157 0.65
v -0.6616870522499084 3.6738081884384157 0.7119984082877636
v -0.6436027646064758 3.6738081884384157 0.7716142475605011
v -0.6142355263233185 3.6738081884384157 0.8265565276145935
v -0.5747138321399688 3.6738081884384157 0.8747138321399689
v -0.5265565276145935 3.6738081884384157 0.9142355263233185
v -0.4716142475605011 3.6738081884384157 0.9436027646064759
v -0.4119984082877636 3.6738081884384157 0.9616870522499085
v -0.35 3.6738081884384157 0.9677933394908905
v -0.2880015917122364 3.6738081884384157 0.9616870522499085
v -0.22838575243949888 3.6738081884384157 0.9436027646064759
v -0.17344347238540647 3.6738081884384157 0.9142355263233185
v -0.1252861678600311 3.6738081884384157 0.8747138321399689
v -0.0857644736766815 3.6738081884384157 0.8265565276145935
v -0.05639723539352415 3.6738081884384157 0.7716142475605011
v -0.03831294775009153 3.6738081884384157 0.7119984082877636
v -0.032206660509109475 3.6738081884384157 0.65
v -0.03831294775009153 3.6738081884384157 0.5880015917122364
v -0.05639723539352415 3.6738081884384157 0.5283857524394989
v -0.0857644736766815 3.6738081884384157 0.4734434723854065
v -0.1252861678600311 3.6738081884384157 0.42528616786003115
v -0.17344347238540647 3.6738081884384157 0.38576447367668154
v -0.22838575243949888 3.6738081884384157 0.3563972353935242
v -0.2880015917122364 3.6738081884384157 0.3383129477500916
v -0.3499999999999999 3.6738081884384157 0.3322066605091095
v -0.4119984082877636 3.6738081884384157 0.3383129477500916
v -0.4716142475605011 3.6738081884384157 0.3563972353935242
v -0.5265565276145935 3.6738081884384157 0.38576447367668154
v -0.5747138321399688 3.6738081884384157 0.42528616786003115
v -0.6142355263233185 3.6738081884384157 0.4734434723854065
v -0.6436027646064758 3.6738081884384157 0.5283857524394989
v -0.6616870522499084 3.6738081884384157 0.5880015917122364
v -0.6677933394908905 3.6738081884384157 0.6499999999999999
v -0.761449670791626 3.621006944179535 0.65
v -0.7535438001155853 3.621006944179535 0.7302698507905007
v -0.7301299333572387 3.621006944179535 0.8074549674987793
v -0.692107892036438 3.621006944179535 0.878589192032814
v -0.6409388542175293 3.621006944179535 0.9409388542175293
v -0.578589192032814 3.621006944179535 0.992107892036438
v -0.5074549674987793 3.621006944179535 1.0301299333572387
v -0.4302698507905006 3.621006944179535 1.0535438001155852
v -0.35 3.621006944179535 1.0614496707916259
v -0.26973014920949934 3.621006944179535 1.0535438001155852
v -0.19254503250122068 3.621006944179535 1.0301299333572387
v -0.12141080796718595 3.621006944179535 0.992107892036438
v -0.05906114578247068 3.621006944179535 0.9409388542175293
v -0.00789210796356199 3.621006944179535 0.878589192032814
v 0.030129933357238792 3.621006944179535 0.8074549674987793
v 0.05354380011558535 3.621006944179535 0.7302698507905007
v 0.061449670791626 3.621006944179535 0.65
v 0.05354380011558535 3.621006944179535 0.5697301492094994
v 0.030129933357238792 3.621006944179535 0.4925450325012207
v -0.00789210796356199 3.621006944179535 0.421410807967186
v -0.05906114578247068 3.621006944179535 0.3590611457824707
v -0.12141080796718595 3.621006944179535 0.30789210796356203
v -0.19254503250122068 3.621006944179535 0.26987006664276125
v -0.26973014920949934 3.621006944179535 0.2464561998844147
v -0.3499999999999999 3.621006944179535 0.23855032920837405
v -0.4302698507905006 3.621006944179535 0.2464561998844147
v -0.5074549674987793 3.621006944179535 0.26987006664276125
v -0.578589192032814 3.621006944179535 0.30789210796356203
v -0.6409388542175293 3.621006944179535 0.3590611457824707
v -0.692107892036438 3.621006944179535 0.421410807967186
v -0.7301299333572387 3.621006944179535 0.4925450325012207
v -0.7535438001155853 3.621006944179535 0.5697301492094994
v -0.761449670791626 3.621006944179535 0.6499999999999999
v -0.8449747323989868 3.555376753807068 0.65
v -0.835463947057724 3.555376753807068 0.7465647846460343
v -0.8072970271110534 3.555376753807068 0.8394186288118363
v -0.7615564525127411 3.555376753807068 0.9249932408332825
v -0.6999999940395355 3.555376753807068 0.9999999940395355
v -0.6249932408332824 3.555376753807068 1.061556452512741
v -0.5394186288118362 3.555376753807068 1.1072970271110534
v -0.4465647846460342 3.555376753807068 1.135463947057724
v -0.35000000000000003 3.555376753807068 1.1449747323989867
v -0.25343521535396574 3.555376753807068 1.135463947057724
v -0.16058137118816374 3.555376753807068 1.1072970271110534
v -0.07500675916671751 3.555376753807068 1.061556452512741
v -5.960464455334602e-9 3.555376753807068 0.9999999940395355
v 0.06155645251274111 3.555376753807068 0.9249932408332825
v 0.10729702711105349 3.555376753807068 0.8394186288118363
v 0.13546394705772402 3.555376753807068 0.7465647846460343
v 0.14497473239898684 3.555376753807068 0.6500000000000001
v 0.13546394705772402 3.555376753807068 0.5534352153539658
v 0.10729702711105349 3.555376753807068 0.4605813711881638
v 0.06155645251274111 3.555376753807068 0.37500675916671755
v -5.960464455334602e-9 3.555376753807068 0.3000000059604645
v -0.07500675916671751 3.555376753807068 0.23844354748725893
v -0.16058137118816374 3.555376753807068 0.19270297288894656
v -0.25343521535396574 3.555376753807068 0.16453605294227602
v -0.34999999999999987 3.555376753807068 0.1550252676010132
v -0.4465647846460342 3.555376753807068 0.16453605294227602
v -0.5394186288118362 3.555376753807068 0.19270297288894656
v -0.6249932408332824 3.555376753807068 0.23844354748725893
v -0.6999999940395355 3.555376753807068 0.3000000059604645
v -0.7615564525127411 3.555376753807068 0.37500675916671755
v -0.8072970271110534 3.555376753807068 0.4605813711881638
v -0.835463947057724 3.555376753807068 0.5534352153539658
v -0.8449747323989868 3.555376753807068 0.6499999999999999
v -0.9163118958473205 3.478533697128296 0.65
v -0.9054303526878357 3.478533697128296 0.760481970012188
v -0.87320396900177 3.478533697128296 0.8667181819677353
v -0.8208711206912994 3.478533697128296 0.9646260380744934
v -0.7504429876804352 3.478533697128296 1.050442987680435
v -0.6646260380744934 3.478533697128296 1.1208711206912993
v -0.5667181819677353 3.478533697128296 1.17320396900177
v -0.46048197001218794 3.478533697128296 1.2054303526878356
v -0.35000000000000003 3.478533697128296 1.2163118958473205
v -0.23951802998781202 3.478533697128296 1.2054303526878356
v -0.1332818180322647 3.478533697128296 1.17320396900177
v -0.03537396192550657 3.478533697128296 1.1208711206912993
v 0.0504429876804352 3.478533697128296 1.050442987680435
v 0.12087112069129946 3.478533697128296 0.9646260380744934
v 0.17320396900177004 3.478533697128296 0.8667181819677353
v 0.20543035268783572 3.478533697128296 0.760481970012188
v 0.21631189584732058 3.478533697128296 0.6500000000000001
v 0.20543035268783572 3.478533697128296 0.5395180299878121
v 0.17320396900177004 3.478533697128296 0.43328181803226473
v 0.12087112069129946 3.478533697128296 0.3353739619255066
v 0.0504429876804352 3.478533697128296 0.24955701231956484
v -0.03537396192550657 3.478533697128296 0.17912887930870058
v -0.1332818180322647 3.478533697128296 0.12679603099823
v -0.23951802998781202 3.478533697128296 0.09456964731216433
v -0.34999999999999987 3.478533697128296 0.08368810415267947
v -0.46048197001218794 3.478533697128296 0.09456964731216433
v -0.5667181819677353 3.478533697128296 0.12679603099823
v -0.6646260380744934 3.478533697128296 0.17912887930870058
v -0.7504429876804352 3.478533697128296 0.24955701231956484
v -0.8208711206912994 3.478533697128296 0.3353739619255066
v -0.87320396900177 3.478533697128296 0.43328181803226473
v -0.9054303526878357 3.478533697128296 0.5395180299878121
v -0.9163118958473205 3.478533697128296 0.6499999999999999
v -0.9737045526504516 3.3923698723316194 0.65
v -0.9617202639579773 3.3923698723316194 0.7716787248849869
v -0.9262279033660888 3.3923698723316194 0.8886814057826996
v -0.8685914039611816 3.3923698723316194 0.9965116918087006
v -0.7910257339477539 3.3923698723316194 1.0910257339477538
v -0.6965116918087005 3.3923698723316194 1.1685914039611816
v -0.5886814057826996 3.3923698723316194 1.2262279033660888
v -0.47167872488498686 3.3923698723316194 1.2617202639579772
v -0.35000000000000003 3.3923698723316194 1.2737045526504516
v -0.2283212751150131 3.3923698723316194 1.2617202639579772
v -0.11131859421730039 3.3923698723316194 1.2262279033660888
v -0.0034883081912994163 3.3923698723316194 1.1685914039611816
v 0.09102573394775393 3.3923698723316194 1.0910257339477538
v 0.16859140396118166 3.3923698723316194 0.9965116918087006
v 0.2262279033660889 3.3923698723316194 0.8886814057826996
v 0.2617202639579773 3.3923698723316194 0.7716787248849869
v 0.2737045526504517 3.3923698723316194 0.6500000000000001
v 0.2617202639579773 3.3923698723316194 0.5283212751150131
v 0.2262279033660889 3.3923698723316194 0.41131859421730044
v 0.16859140396118166 3.3923698723316194 0.30348830819129946
v 0.09102573394775393 3.3923698723316194 0.20897426605224612
v -0.0034883081912994163 3.3923698723316194 0.13140859603881838
v -0.11131859421730039 3.3923698723316194 0.07377209663391116
v -0.2283212751150131 3.3923698723316194 0.03827973604202273
v -0.34999999999999987 3.3923698723316194 0.026295447349548362
v -0.47167872488498686 3.3923698723316194 0.03827973604202273
v -0.5886814057826996 3.3923698723316194 0.07377209663391116
v -0.6965116918087005 3.3923698723316194 0.13140859603881838
v -0.7910257339477539 3.3923698723316194 0.20897426605224612
v -0.8685914039611816 3.3923698723316194 0.30348830819129946
v -0.9262279033660888 3.3923698723316194 0.41131859421730044
v -0.9617202639579773 3.3923698723316194 0.5283212751150131
v -0.9737045526504516 3.3923698723316194 0.6499999999999999
v -1.0157395362854005 3.299006949663162 0.65
v -1.0029475450515748 3.299006949663162 0.7798793405294419
v -0.9650631308555603 3.299006949663162 0.904767507314682
v -0.9035421967506408 3.299006949663162 1.0198650896549224
v -0.8207489609718323 3.299006949663162 1.1207489609718322
v -0.7198650896549225 3.299006949663162 1.2035421967506408
v -0.604767507314682 3.299006949663162 1.2650631308555602
v -0.4798793405294418 3.299006949663162 1.3029475450515746
v -0.35000000000000003 3.299006949663162 1.3157395362854003
v -0.22012065947055814 3.299006949663162 1.3029475450515746
v -0.09523249268531797 3.299006949663162 1.2650631308555602
v 0.019865089654922508 3.299006949663162 1.2035421967506408
v 0.1207489609718323 3.299006949663162 1.1207489609718322
v 0.2035421967506409 3.299006949663162 1.0198650896549224
v 0.2650631308555603 3.299006949663162 0.904767507314682
v 0.30294754505157473 3.299006949663162 0.7798793405294419
v 0.3157395362854004 3.299006949663162 0.6500000000000001
v 0.30294754505157473 3.299006949663162 0.5201206594705582
v 0.2650631308555603 3.299006949663162 0.395232492685318
v 0.2035421967506409 3.299006949663162 0.28013491034507754
v 0.1207489609718323 3.299006949663162 0.17925103902816775
v 0.019865089654922508 3.299006949663162 0.09645780324935915
v -0.09523249268531797 3.299006949663162 0.03493686914443972
v -0.22012065947055814 3.299006949663162 -0.002947545051574685
v -0.34999999999999987 3.299006949663162 -0.01573953628540037
v -0.4798793405294418 3.299006949663162 -0.002947545051574685
v -0.604767507314682 3.299006949663162 0.03493686914443972
v -0.7198650896549225 3.299006949663162 0.09645780324935915
v -0.8207489609718323 3.299006949663162 0.17925103902816775
v -0.9035421967506408 3.299006949663162 0.28013491034507754
v -0.9650631308555603 3.299006949663162 0.395232492685318
v -1.0029475450515748 3.299006949663162 0.5201206594705582
v -1.0157395362854005 3.299006949663162 0.6499999999999999
v -1.0413818120956422 3.200743795931339 0.65
v -1.0280971288681031 3.200743795931339 0.7848818987607956
v -0.9887535333633423 3.200743795931339 0.9145803689956665
v -0.9248630166053772 3.200743795931339 1.0341111660003661
v -0.8388807833194732 3.200743795931339 1.1388807833194732
v -0.7341111660003662 3.200743795931339 1.224863016605377
v -0.6145803689956665 3.200743795931339 1.2887535333633422
v -0.48488189876079557 3.200743795931339 1.328097128868103
v -0.35000000000000003 3.200743795931339 1.341381812095642
v -0.21511810123920438 3.200743795931339 1.328097128868103
v -0.08541963100433347 3.200743795931339 1.2887535333633422
v 0.03411116600036623 3.200743795931339 1.224863016605377
v 0.1388807833194733 3.200743795931339 1.1388807833194732
v 0.22486301660537722 3.200743795931339 1.0341111660003661
v 0.2887535333633423 3.200743795931339 0.9145803689956665
v 0.32809712886810305 3.200743795931339 0.7848818987607956
v 0.3413818120956421 3.200743795931339 0.6500000000000001
v 0.32809712886810305 3.200743795931339 0.5151181012392044
v 0.2887535333633423 3.200743795931339 0.3854196310043335
v 0.22486301660537722 3.200743795931339 0.2658888339996338
v 0.1388807833194733 3.200743795931339 0.16111921668052676
v 0.03411116600036623 3.200743795931339 0.07513698339462282
v -0.08541963100433347 3.200743795931339 0.011246466636657737
v -0.21511810123920438 3.200743795931339 -0.028097128868103005
v -0.34999999999999987 3.200743795931339 -0.04138181209564207
v -0.48488189876079557 3.200743795931339 -0.028097128868103005
v -0.6145803689956665 3.200743795931339 0.011246466636657737
v -0.7341111660003662 3.200743795931339 0.07513698339462282
v -0.8388807833194732 3.200743795931339 0.16111921668052676
v -0.9248630166053772 3.200743795931339 0.2658888339996338
v -0.9887535333633423 3.200743795931339 0.3854196310043335
v -1.0280971288681031 3.200743795931339 0.5151181012392044
v -1.0413818120956422 3.200743795931339 0.6499999999999998
v -1.0499999880790711 3.1 0.65
v -1.036549723148346 3.1 0.7865632265806198
v -0.9967157006263733 3.1 0.9178784132003784
v -0.9320287466049194 3.1 1.0388991773128509
v -0.8449747323989868 3.1 1.1449747323989867
v -0.7388991773128509 3.1 1.2320287466049193
v -0.6178784132003784 3.1 1.2967157006263732
v -0.4865632265806198 3.1 1.3365497231483459
v -0.35000000000000003 3.1 1.349999988079071
v -0.21343677341938017 3.1 1.3365497231483459
v -0.08212158679962156 3.1 1.2967157006263732
v 0.038899177312850974 3.1 1.2320287466049193
v 0.14497473239898684 3.1 1.1449747323989867
v 0.23202874660491946 3.1 1.0388991773128509
v 0.2967157006263733 3.1 0.9178784132003784
v 0.33654972314834597 3.1 0.7865632265806198
v 0.34999998807907107 3.1 0.6500000000000001
v 0.33654972314834597 3.1 0.5134367734193802
v 0.2967157006263733 3.1 0.3821215867996216
v 0.23202874660491946 3.1 0.26110082268714907
v 0.14497473239898684 3.1 0.1550252676010132
v 0.038899177312850974 3.1 0.06797125339508059
v -0.08212158679962156 3.1 0.003284299373626731
v -0.21343677341938017 3.1 -0.036549723148345925
v -0.34999999999999987 3.1 -0.04999998807907102
v -0.4865632265806198 3.1 -0.036549723148345925
v -0.6178784132003784 3.1 0.003284299373626731
v -0.7388991773128509 3.1 0.06797125339508059
v -0.8449747323989868 3.1 0.1550252676010132
v -0.9320287466049194 3.1 0.26110082268714907
v -0.9967157006263733 3.1 0.3821215867996216
v -1.036549723148346 3.1 0.5134367734193802
v -1.0499999880790711 3.1 0.6499999999999998
v -1.0413818120956422 2.999256204068661 0.65
v -1.0280971288681031 2.999256204068661 0.7848818987607956
v -0.9887535333633423 2.999256204068661 0.9145803689956665
v -0.9248630166053772 2.999256204068661 1.0341111660003661
v -0.8388807833194732 2.999256204068661 1.1388807833194732
v -0.7341111660003662 2.999256204068661 1.224863016605377
v -0.6145803689956665 2.999256204068661 1.2887535333633422
v -0.48488189876079557 2.999256204068661 1.328097128868103
v -0.35000000000000003 2.999256204068661 1.341381812095642
v -0.21511810123920438 2.999256204068661 1.328097128868103
v -0.08541963100433347 2.999256204068661 1.2887535333633422
v 0.03411116600036623 2.999256204068661 1.224863016605377
v 0.1388807833194733 2.999256204068661 1.1388807833194732
v 0.22486301660537722 2.999256204068661 1.0341111660003661
v 0.2887535333633423 2.999256204068661 0.9145803689956665
v 0.32809712886810305 2.999256204068661 0.7848818987607956
v 0.3413818120956421 2.999256204068661 0.6500000000000001
v 0.32809712886810305 2.999256204068661 0.5151181012392044
v 0.2887535333633423 2.999256204068661 0.3854196310043335
v 0.22486301660537722 2.999256204068661 0.2658888339996338
v 0.1388807833194733 2.999256204068661 0.16111921668052676
v 0.03411116600036623 2.999256204068661 0.07513698339462282
v -0.08541963100433347 2.999256204068661 0.011246466636657737
v -0.21511810123920438 2.999256204068661 -0.028097128868103005
v -0.34999999999999987 2.999256204068661 -0.04138181209564207
v -0.48488189876079557 2.999256204068661 -0.028097128868103005
v -0.6145803689956665 2.999256204068661 0.011246466636657737
v -0.7341111660003662 2.999256204068661 0.07513698339462282
v -0.8388807833194732 2.999256204068661 0.16111921668052676
v -0.9248630166053772 2.999256204068661 0.2658888339996338
v -0.9887535333633423 2.999256204068661 0.3854196310043335
v -1.0280971288681031 2.999256204068661 0.5151181012392044
v -1.0413818120956422 2.999256204068661 0.6499999999999998
v -1.0157395362854005 2.900993050336838 0.65
v -1.0029475450515748 2.900993050336838 0.7798793405294419
v -0.9650631308555603 2.900993050336838 0.904767507314682
v -0.9035421967506408 2.900993050336838 1.0198650896549224
v -0.8207489609718323 2.900993050336838 1.1207489609718322
v -0.7198650896549225 2.900993050336838 1.2035421967506408
v -0.604767507314682 2.900993050336838 1.2650631308555602
v -0.4798793405294418 2.900993050336838 1.3029475450515746
v -0.35000000000000003 2.900993050336838 1.3157395362854003
v -0.22012065947055814 2.900993050336838 1.3029475450515746
v -0.09523249268531797 2.900993050336838 1.2650631308555602
v 0.019865089654922508 2.900993050336838 1.2035421967506408
v 0.1207489609718323 2.900993050336838 1.1207489609718322
v 0.2035421967506409 2.900993050336838 1.0198650896549224
v 0.2650631308555603 2.900993050336838 0.904767507314682
v 0.30294754505157473 2.900993050336838 0.7798793405294419
v 0.3157395362854004 2.900993050336838 0.6500000000000001
v 0.30294754505157473 2.900993050336838 0.5201206594705582
v 0.2650631308555603 2.900993050336838 0.395232492685318
v 0.2035421967506409 2.900993050336838 0.28013491034507754
v 0.1207489609718323 2.900993050336838 0.17925103902816775
v 0.019865089654922508 2.900993050336838 0.09645780324935915
v -0.09523249268531797 2.900993050336838 0.03493686914443972
v -0.22012065947055814 2.900993050336838 -0.002947545051574685
v -0.34999999999999987 2.900993050336838 -0.01573953628540037
v -0.4798793405294418 2.900993050336838 -0.002947545051574685
v -0.604767507314682 2.900993050336838 0.03493686914443972
v -0.7198650896549225 2.900993050336838 0.09645780324935915
v -0.8207489609718323 2.900993050336838 0.17925103902816775
v -0.9035421967506408 2.900993050336838 0.28013491034507754
v -0.9650631308555603 2.900993050336838 0.395232492685318
v -1.0029475450515748 2.900993050336838 0.5201206594705582
v -1.0157395362854005 2.900993050336838 0.6499999999999999
v -0.9737045526504516 2.807630127668381 0.65
v -0.9617202639579773 2.807630127668381 0.7716787248849869
v -0.9262279033660888 2.807630127668381 0.8886814057826996
v -0.8685914039611816 2.807630127668381 0.9965116918087006
v -0.7910257339477539 2.807630127668381 1.0910257339477538
v -0.6965116918087005 2.807630127668381 1.1685914039611816
v -0.5886814057826996 2.807630127668381 1.2262279033660888
v -0.47167872488498686 2.807630127668381 1.2617202639579772
v -0.35000000000000003 2.807630127668381 1.2737045526504516
v -0.2283212751150131 2.807630127668381 1.2617202639579772
v -0.11131859421730039 2.807630127668381 1.2262279033660888
v -0.0034883081912994163 2.807630127668381 1.1685914039611816
v 0.09102573394775393 2.807630127668381 1.0910257339477538
v 0.16859140396118166 2.807630127668381 0.9965116918087006
v 0.2262279033660889 2.807630127668381 0.8886814057826996
v 0.2617202639579773 2.807630127668381 0.7716787248849869
v 0.2737045526504517 2.807630127668381 0.6500000000000001
v 0.2617202639579773 2.807630127668381 0.5283212751150131
v 0.2262279033660889 2.807630127668381 0.41131859421730044
v 0.16859140396118166 2.807630127668381 0.30348830819129946
v 0.09102573394775393 2.807630127668381 0.20897426605224612
v -0.0034883081912994163 2.807630127668381 0.13140859603881838
v -0.11131859421730039 2.807630127668381 0.07377209663391116
v -0.2283212751150131 2.807630127668381 0.03827973604202273
v -0.34999999999999987 2.807630127668381 0.026295447349548362
v -0.47167872488498686 2.807630127668381 0.03827973604202273
v -0.5886814057826996 2.807630127668381 0.07377209663391116
v -0.6965116918087005 2.807630127668381 0.13140859603881838
v -0.7910257339477539 2.807630127668381 0.20897426605224612
v -0.8685914039611816 2.807630127668381 0.30348830819129946
v -0.9262279033660888 2.807630127668381 0.41131859421730044
v -0.9617202639579773 2.807630127668381 0.5283212751150131
v -0.9737045526504516 2.807630127668381 0.6499999999999999
v -0.9163118958473205 2.721466302871704 0.65
v -0.9054303526878357 2.721466302871704 0.760481970012188
v -0.87320396900177 2.721466302871704 0.8667181819677353
v -0.8208711206912994 2.721466302871704 0.9646260380744934
v -0.7504429876804352 2.721466302871704 1.050442987680435
v -0.6646260380744934 2.721466302871704 1.1208711206912993
v -0.5667181819677353 2.721466302871704 1.17320396900177
v -0.46048197001218794 2.721466302871704 1.2054303526878356
v -0.35000000000000003 2.721466302871704 1.2163118958473205
v -0.23951802998781202 2.721466302871704 1.2054303526878356
v -0.1332818180322647 2.721466302871704 1.17320396900177
v -0.03537396192550657 2.721466302871704 1.1208711206912993
v 0.0504429876804352 2.721466302871704 1.050442987680435
v 0.12087112069129946 2.721466302871704 0.9646260380744934
v 0.17320396900177004 2.721466302871704 0.8667181819677353
v 0.20543035268783572 2.721466302871704 0.760481970012188
v 0.21631189584732058 2.721466302871704 0.6500000000000001
v 0.20543035268783572 2.721466302871704 0.5395180299878121
v 0.17320396900177004 2.721466302871704 0.43328181803226473
v 0.12087112069129946 2.721466302871704 0.3353739619255066
v 0.0504429876804352 2.721466302871704 0.24955701231956484
v -0.03537396192550657 2.721466302871704 0.17912887930870058
v -0.1332818180322647 2.721466302871704 0.12679603099823
v -0.23951802998781202 2.721466302871704 0.09456964731216433
v -0.34999999999999987 2.721466302871704 0.08368810415267947
v -0.46048197001218794 2.721466302871704 0.09456964731216433
v -0.5667181819677353 2.721466302871704 0.12679603099823
v -0.6646260380744934 2.721466302871704 0.17912887930870058
v -0.7504429876804352 2.721466302871704 0.24955701231956484
v -0.8208711206912994 2.721466302871704 0.3353739619255066
v -0.87320396900177 2.721466302871704 0.43328181803226473
v -0.9054303526878357 2.721466302871704 0.5395180299878121
v -0.9163118958473205 2.721466302871704 0.6499999999999999
v -0.8449747323989868 2.644623246192932 0.65
v -0.835463947057724 2.644623246192932 0.7465647846460343
v -0.8072970271110534 2.644623246192932 0.8394186288118363
v -0.7615564525127411 2.644623246192932 0.9249932408332825
v -0.6999999940395355 2.644623246192932 0.9999999940395355
v -0.6249932408332824 2.644623246192932 1.061556452512741
v -0.5394186288118362 2.644623246192932 1.1072970271110534
v -0.4465647846460342 2.644623246192932 1.135463947057724
v -0.35000000000000003 2.644623246192932 1.1449747323989867
v -0.25343521535396574 2.644623246192932 1.135463947057724
v -0.16058137118816374 2.644623246192932 1.1072970271110534
v -0.07500675916671751 2.644623246192932 1.061556452512741
v -5.960464455334602e-9 2.644623246192932 0.9999999940395355
v 0.06155645251274111 2.644623246192932 0.9249932408332825
v 0.10729702711105349 2.644623246192932 0.8394186288118363
v 0.13546394705772402 2.644623246192932 0.7465647846460343
v 0.14497473239898684 2.644623246192932 0.6500000000000001
v 0.13546394705772402 2.644623246192932 0.5534352153539658
v 0.10729702711105349 2.644623246192932 0.4605813711881638
v 0.06155645251274111 2.644623246192932 0.37500675916671755
v -5.960464455334602e-9 2.644623246192932 0.3000000059604645
v -0.07500675916671751 2.644623246192932 0.23844354748725893
v -0.16058137118816374 2.644623246192932 0.19270297288894656
v -0.25343521535396574 2.644623246192932 0.16453605294227602
v -0.34999999999999987 2.644623246192932 0.1550252676010132
v -0.4465647846460342 2.644623246192932 0.16453605294227602
v -0.5394186288118362 2.644623246192932 0.19270297288894656
v -0.6249932408332824 2.644623246192932 0.23844354748725893
v -0.6999999940395355 2.644623246192932 0.3000000059604645
v -0.7615564525127411 2.644623246192932 0.37500675916671755
v -0.8072970271110534 2.644623246192932 0.4605813711881638
v -0.835463947057724 2.644623246192932 0.5534352153539658
v -0.8449747323989868 2.644623246192932 0.6499999999999999
v -0.761449670791626 2.5789930558204652 0.65
v -0.7535438001155853 2.5789930558204652 0.7302698507905007
v -0.7301299333572387 2.5789930558204652 0.8074549674987793
v -0.692107892036438 2.5789930558204652 0.878589192032814
v -0.6409388542175293 2.5789930558204652 0.9409388542175293
v -0.578589192032814 2.5789930558204652 0.992107892036438
v -0.5074549674987793 2.5789930558204652 1.0301299333572387
v -0.4302698507905006 2.5789930558204652 1.0535438001155852
v -0.35 2.5789930558204652 1.0614496707916259
v -0.26973014920949934 2.5789930558204652 1.0535438001155852
v -0.19254503250122068 2.5789930558204652 1.0301299333572387
v -0.12141080796718595 2.5789930558204652 0.992107892036438
v -0.05906114578247068 2.5789930558204652 0.9409388542175293
v -0.00789210796356199 2.5789930558204652 0.878589192032814
v 0.030129933357238792 2.5789930558204652 0.8074549674987793
v 0.05354380011558535 2.5789930558204652 0.7302698507905007
v 0.061449670791626 2.5789930558204652 0.65
v 0.05354380011558535 2.5789930558204652 0.5697301492094994
v 0.030129933357238792 2.5789930558204652 0.4925450325012207
v -0.00789210796356199 2.5789930558204652 0.421410807967186
v -0.05906114578247068 2.5789930558204652 0.3590611457824707
v -0.12141080796718595 2.5789930558204652 0.30789210796356203
v -0.19254503250122068 2.5789930558204652 0.26987006664276125
v -0.26973014920949934 2.5789930558204652 0.2464561998844147
v -0.3499999999999999 2.5789930558204652 0.23855032920837405
v -0.4302698507905006 2.5789930558204652 0.2464561998844147
v -0.5074549674987793 2.5789930558204652 0.26987006664276125
v -0.578589192032814 2.5789930558204652 0.30789210796356203
v -0.6409388542175293 2.5789930558204652 0.3590611457824707
v -0.692107892036438 2.5789930558204652 0.421410807967186
v -0.7301299333572387 2.5789930558204652 0.4925450325012207
v -0.7535438001155853 2.5789930558204652 0.5697301492094994
v -0.761449670791626 2.5789930558204652 0.6499999999999999
v -0.6677933394908905 2.5261918115615845 0.65
v -0.6616870522499084 2.5261918115615845 0.7119984082877636
v -0.6436027646064758 2.5261918115615845 0.7716142475605011
v -0.6142355263233185 2.5261918115615845 0.8265565276145935
v -0.5747138321399688 2.5261918115615845 0.8747138321399689
v -0.5265565276145935 2.5261918115615845 0.9142355263233185
v -0.4716142475605011 2.5261918115615845 0.9436027646064759
v -0.4119984082877636 2.5261918115615845 0.9616870522499085
v -0.35 2.5261918115615845 0.9677933394908905
v -0.2880015917122364 2.5261918115615845 0.9616870522499085
v -0.22838575243949888 2.5261918115615845 0.9436027646064759
v -0.17344347238540647 2.5261918115615845 0.9142355263233185
v -0.1252861678600311 2.5261918115615845 0.8747138321399689
v -0.0857644736766815 2.5261918115615845 0.8265565276145935
v -0.05639723539352415 2.5261918115615845 0.7716142475605011
v -0.03831294775009153 2.5261918115615845 0.7119984082877636
v -0.032206660509109475 2.5261918115615845 0.65
v -0.03831294775009153 2.5261918115615845 0.5880015917122364
v -0.05639723539352415 2.5261918115615845 0.5283857524394989
v -0.0857644736766815 2.5261918115615845 0.4734434723854065
v -0.1252861678600311 2.5261918115615845 0.42528616786003115
v -0.17344347238540647 2.5261918115615845 0.38576447367668154
v -0.22838575243949888 2.5261918115615845 0.3563972353935242
v -0.2880015917122364 2.5261918115615845 0.3383129477500916
v -0.3499999999999999 2.5261918115615845 0.3322066605091095
v -0.4119984082877636 2.5261918115615845 0.3383129477500916
v -0.4716142475605011 2.5261918115615845 0.3563972353935242
v -0.5265565276145935 2.5261918115615845 0.38576447367668154
v -0.5747138321399688 2.5261918115615845 0.42528616786003115
v -0.6142355263233185 2.5261918115615845 0.4734434723854065
v -0.6436027646064758 2.5261918115615845 0.5283857524394989
v -0.6616870522499084 2.5261918115615845 0.5880015917122364
v -0.6677933394908905 2.5261918115615845 0.6499999999999999
v -0.566311901807785 2.4875196266174315 0.65
v -0.5621555209159851 2.4875196266174315 0.6922003567218781
v -0.5498461335897445 2.4875196266174315 0.7327789753675461
v -0.5298567622900009 2.4875196266174315 0.770176449418068
v -0.5029556065797806 2.4875196266174315 0.8029556065797806
v -0.4701764494180679 2.4875196266174315 0.8298567622900009
v -0.43277897536754606 2.4875196266174315 0.8498461335897446
v -0.39220035672187803 2.4875196266174315 0.8621555209159851
v -0.35 2.4875196266174315 0.8663119018077851
v -0.3077996432781219 2.4875196266174315 0.8621555209159851
v -0.2672210246324539 2.4875196266174315 0.8498461335897446
v -0.22982355058193205 2.4875196266174315 0.8298567622900009
v -0.1970443934202194 2.4875196266174315 0.8029556065797806
v -0.17014323770999906 2.4875196266174315 0.770176449418068
v -0.1501538664102554 2.4875196266174315 0.7327789753675461
v -0.13784447908401487 2.4875196266174315 0.6922003567218781
v -0.13368809819221494 2.4875196266174315 0.65
v -0.13784447908401487 2.4875196266174315 0.607799643278122
v -0.1501538664102554 2.4875196266174315 0.5672210246324539
v -0.17014323770999906 2.4875196266174315 0.5298235505819321
v -0.1970443934202194 2.4875196266174315 0.49704439342021944
v -0.22982355058193205 2.4875196266174315 0.4701432377099991
v -0.2672210246324539 2.4875196266174315 0.45015386641025545
v -0.3077996432781219 2.4875196266174315 0.4378444790840149
v -0.3499999999999999 2.4875196266174315 0.433688098192215
v -0.39220035672187803 2.4875196266174315 0.4378444790840149
v -0.43277897536754606 2.4875196266174315 0.45015386641025545
v -0.4701764494180679 2.4875196266174315 0.4701432377099991
v -0.5029556065797806 2.4875196266174315 0.49704439342021944
v -0.5298567622900009 2.4875196266174315 0.5298235505819321
v -0.5498461335897445 2.4875196266174315 0.5672210246324539
v -0.5621555209159851 2.4875196266174315 0.607799643278122
v -0.566311901807785 2.4875196266174315 0.65
v -0.45950412601232526 2.4639287328720094 0.65
v -0.4574000373482704 2.4639287328720094 0.6713631950318814
v -0.451168617606163 2.4639287328720094 0.691905414313078
v -0.44104935079813 2.4639287328720094 0.7108372315764427
v -0.42743111252784727 2.4639287328720094 0.7274311125278473
v -0.4108372315764427 2.4639287328720094 0.7410493507981301
v -0.3919054143130779 2.4639287328720094 0.751168617606163
v -0.3713631950318813 2.4639287328720094 0.7574000373482704
v -0.35 2.4639287328720094 0.7595041260123253
v -0.32863680496811865 2.4639287328720094 0.7574000373482704
v -0.30809458568692205 2.4639287328720094 0.751168617606163
v -0.28916276842355726 2.4639287328720094 0.7410493507981301
v -0.2725688874721527 2.4639287328720094 0.7274311125278473
v -0.25895064920186994 2.4639287328720094 0.7108372315764427
v -0.24883138239383695 2.4639287328720094 0.691905414313078
v -0.24259996265172956 2.4639287328720094 0.6713631950318814
v -0.2404958739876747 2.4639287328720094 0.65
v -0.24259996265172956 2.4639287328720094 0.6286368049681187
v -0.24883138239383695 2.4639287328720094 0.6080945856869221
v -0.25895064920186994 2.4639287328720094 0.5891627684235573
v -0.2725688874721527 2.4639287328720094 0.5725688874721527
v -0.28916276842355726 2.4639287328720094 0.55895064920187
v -0.30809458568692205 2.4639287328720094 0.548831382393837
v -0.32863680496811865 2.4639287328720094 0.5425999626517296
v -0.35 2.4639287328720094 0.5404958739876747
v -0.3713631950318813 2.4639287328720094 0.5425999626517296
v -0.3919054143130779 2.4639287328720094 0.548831382393837
v -0.4108372315764427 2.4639287328720094 0.55895064920187
v -0.42743111252784727 2.4639287328720094 0.5725688874721527
v -0.44104935079813 2.4639287328720094 0.5891627684235573
v -0.451168617606163 2.4639287328720094 0.6080945856869221
v -0.4574000373482704 2.4639287328720094 0.6286368049681187
v -0.45950412601232526 2.4639287328720094 0.65
v -0.3500000000000001 2.4560000109672546 0.65
v -0.3500000000000001 2.4560000109672546 0.65
v -0.35000000000000003 2.4560000109672546 0.65
v -0.35000000000000003 2.4560000109672546 0.65
v -0.35000000000000003 2.4560000109672546 0.6500000000000001
v -0.35000000000000003 2.4560000109672546 0.6500000000000001
v -0.35000000000000003 2.4560000109672546 0.6500000000000001
v -0.35 2.4560000109672546 0.6500000000000001
v -0.35 2.4560000109672546 0.6500000000000001
v -0.35 2.4560000109672546 0.6500000000000001
v -0.3499999999999999 2.4560000109672546 0.6500000000000001
v -0.3499999999999999 2.4560000109672546 0.6500000000000001
v -0.3499999999999999 2.4560000109672546 0.6500000000000001
v -0.3499999999999999 2.4560000109672546 0.65
v -0.3499999999999999 2.4560000109672546 0.65
v -0.34999999999999987 2.4560000109672546 0.65
v -0.34999999999999987 2.4560000109672546 0.65
v -0.34999999999999987 2.4560000109672546 0.65
v -0.3499999999999999 2.4560000109672546 0.65
v -0.3499999999999999 2.4560000109672546 0.65
v -0.3499999999999999 2.4560000109672546 0.6499999999999999
v -0.3499999999999999 2.4560000109672546 0.6499999999999999
v -0.3499999999999999 2.4560000109672546 0.6499999999999999
v -0.35 2.4560000109672546 0.6499999999999999
v -0.35 2.4560000109672546 0.6499999999999999
v -0.35 2.4560000109672546 0.6499999999999999
v -0.35000000000000003 2.4560000109672546 0.6499999999999999
v -0.35000000000000003 2.4560000109672546 0.6499999999999999
v -0.35000000000000003 2.4560000109672546 0.6499999999999999
v -0.35000000000000003 2.4560000109672546 0.65
v -0.35000000000000003 2.4560000109672546 0.65
v -0.3500000000000001 2.4560000109672546 0.65
v -0.3500000000000001 2.4560000109672546 0.65
vt 0.015625 1
vt 0.046875 1
vt 0.078125 1
vt 0.109375 1
vt 0.140625 1
vt 0.171875 1
vt 0.203125 1
vt 0.234375 1
vt 0.265625 1
vt 0.296875 1
vt 0.328125 1
vt 0.359375 1
vt 0.390625 1
vt 0.421875 1
vt 0.453125 1
vt 0.484375 1
vt 0.515625 1
vt 0.546875 1
vt 0.578125 1
vt 0.609375 1
vt 0.640625 1
vt 0.671875 1
vt 0.703125 1
vt 0.734375 1
vt 0.765625 1
vt 0.796875 1
vt 0.828125 1
vt 0.859375 1
vt 0.890625 1
vt 0.921875 1
vt 0.953125 1
vt 0.984375 1
vt 1.015625 1
vt 0 0.949999988079071
vt 0.03125 0.949999988079071
vt 0.0625 0.949999988079071
vt 0.09375 0.949999988079071
vt 0.125 0.949999988079071
vt 0.15625 0.949999988079071
vt 0.1875 0.949999988079071
vt 0.21875 0.949999988079071
vt 0.25 0.949999988079071
vt 0.28125 0.949999988079071
vt 0.3125 0.949999988079071
vt 0.34375 0.949999988079071
vt 0.375 0.949999988079071
vt 0.40625 0.949999988079071
vt 0.4375 0.949999988079071
vt 0.46875 0.949999988079071
vt 0.5 0.949999988079071
vt 0.53125 0.949999988079071
vt 0.5625 0.949999988079071
vt 0.59375 0.949999988079071
vt 0.625 0.949999988079071
vt 0.65625 0.949999988079071
vt 0.6875 0.949999988079071
vt 0.71875 0.949999988079071
vt 0.75 0.949999988079071
vt 0.78125 0.949999988079071
vt 0.8125 0.949999988079071
vt 0.84375 0.949999988079071
vt 0.875 0.949999988079071
vt 0.90625 0.949999988079071
vt 0.9375 0.949999988079071
vt 0.96875 0.949999988079071
vt 1 0.949999988079071
vt 0 0.8999999761581421
vt 0.03125 0.8999999761581421
vt 0.0625 0.8999999761581421
vt 0.09375 0.8999999761581421
vt 0.125 0.8999999761581421
vt 0.15625 0.8999999761581421
vt 0.1875 0.8999999761581421
vt 0.21875 0.8999999761581421
vt 0.25 0.8999999761581421
vt 0.28125 0.8999999761581421
vt 0.3125 0.8999999761581421
vt 0.34375 0.8999999761581421
vt 0.375 0.8999999761581421
vt 0.40625 0.8999999761581421
vt 0.4375 0.8999999761581421
vt 0.46875 0.8999999761581421
vt 0.5 0.8999999761581421
vt 0.53125 0.8999999761581421
vt 0.5625 0.8999999761581421
vt 0.59375 0.8999999761581421
vt 0.625 0.8999999761581421
vt 0.65625 0.8999999761581421
vt 0.6875 0.8999999761581421
vt 0.71875 0.8999999761581421
vt 0.75 0.8999999761581421
vt 0.78125 0.8999999761581421
vt 0.8125 0.8999999761581421
vt 0.84375 0.8999999761581421
vt 0.875 0.8999999761581421
vt 0.90625 0.8999999761581421
vt 0.9375 0.8999999761581421
vt 0.96875 0.8999999761581421
vt 1 0.8999999761581421
vt 0 0.8500000238418579
vt 0.03125 0.8500000238418579
vt 0.0625 0.8500000238418579
vt 0.09375 0.8500000238418579
vt 0.125 0.8500000238418579
vt 0.15625 0.8500000238418579
vt 0.1875 0.8500000238418579
vt 0.21875 0.8500000238418579
vt 0.25 0.8500000238418579
vt 0.28125 0.8500000238418579
vt 0.3125 0.8500000238418579
vt 0.34375 0.8500000238418579
vt 0.375 0.8500000238418579
vt 0.40625 0.8500000238418579
vt 0.4375 0.8500000238418579
vt 0.46875 0.8500000238418579
vt 0.5 0.8500000238418579
vt 0.53125 0.8500000238418579
vt 0.5625 0.8500000238418579
vt 0.59375 0.8500000238418579
vt 0.625 0.8500000238418579
vt 0.65625 0.8500000238418579
vt 0.6875 0.8500000238418579
vt 0.71875 0.8500000238418579
vt 0.75 0.8500000238418579
vt 0.78125 0.8500000238418579
vt 0.8125 0.8500000238418579
vt 0.84375 0.8500000238418579
vt 0.875 0.8500000238418579
vt 0.90625 0.8500000238418579
vt 0.9375 0.8500000238418579
vt 0.96875 0.8500000238418579
vt 1 0.8500000238418579
vt 0 0.800000011920929
vt 0.03125 0.800000011920929
vt 0.0625 0.800000011920929
vt 0.09375 0.800000011920929
vt 0.125 0.800000011920929
vt 0.15625 0.800000011920929
vt 0.1875 0.800000011920929
vt 0.21875 0.800000011920929
vt 0.25 0.800000011920929
vt 0.28125 0.800000011920929
vt 0.3125 0.800000011920929
vt 0.34375 0.800000011920929
vt 0.375 0.800000011920929
vt 0.40625 0.800000011920929
vt 0.4375 0.800000011920929
vt 0.46875 0.800000011920929
vt 0.5 0.800000011920929
vt 0.53125 0.800000011920929
vt 0.5625 0.800000011920929
vt 0.59375 0.800000011920929
vt 0.625 0.800000011920929
vt 0.65625 0.800000011920929
vt 0.6875 0.800000011920929
vt 0.71875 0.800000011920929
vt 0.75 0.800000011920929
vt 0.78125 0.800000011920929
vt 0.8125 0.800000011920929
vt 0.84375 0.800000011920929
vt 0.875 0.800000011920929
vt 0.90625 0.800000011920929
vt 0.9375 0.800000011920929
vt 0.96875 0.800000011920929
vt 1 0.800000011920929
vt 0 0.75
vt 0.03125 0.75
vt 0.0625 0.75
vt 0.09375 0.75
vt 0.125 0.75
vt 0.15625 0.75
vt 0.1875 0.75
vt 0.21875 0.75
vt 0.25 0.75
vt 0.28125 0.75
vt 0.3125 0.75
vt 0.34375 0.75
vt 0.375 0.75
vt 0.40625 0.75
vt 0.4375 0.75
vt 0.46875 0.75
vt 0.5 0.75
vt 0.53125 0.75
vt 0.5625 0.75
vt 0.59375 0.75
vt 0.625 0.75
vt 0.65625 0.75
vt 0.6875 0.75
vt 0.71875 0.75
vt 0.75 0.75
vt 0.78125 0.75
vt 0.8125 0.75
vt 0.84375 0.75
vt 0.875 0.75
vt 0.90625 0.75
vt 0.9375 0.75
vt 0.96875 0.75
vt 1 0.75
vt 0 0.699999988079071
vt 0.03125 0.699999988079071
vt 0.0625 0.699999988079071
vt 0.09375 0.699999988079071
vt 0.125 0.699999988079071
vt 0.15625 0.699999988079071
vt 0.1875 0.699999988079071
vt 0.21875 0.699999988079071
vt 0.25 0.699999988079071
vt 0.28125 0.699999988079071
vt 0.3125 0.699999988079071
vt 0.34375 0.699999988079071
vt 0.375 0.699999988079071
vt 0.40625 0.699999988079071
vt 0.4375 0.699999988079071
vt 0.46875 0.699999988079071
vt 0.5 0.699999988079071
vt 0.53125 0.699999988079071
vt 0.5625 0.699999988079071
vt 0.59375 0.699999988079071
vt 0.625 0.699999988079071
vt 0.65625 0.699999988079071
vt 0.6875 0.699999988079071
vt 0.71875 0.699999988079071
vt 0.75 0.699999988079071
vt 0.78125 0.699999988079071
vt 0.8125 0.699999988079071
vt 0.84375 0.699999988079071
vt 0.875 0.699999988079071
vt 0.90625 0.699999988079071
vt 0.9375 0.699999988079071
vt 0.96875 0.699999988079071
vt 1 0.699999988079071
vt 0 0.6499999761581421
vt 0.03125 0.6499999761581421
vt 0.0625 0.6499999761581421
vt 0.09375 0.6499999761581421
vt 0.125 0.6499999761581421
vt 0.15625 0.6499999761581421
vt 0.1875 0.6499999761581421
vt 0.21875 0.6499999761581421
vt 0.25 0.6499999761581421
vt 0.28125 0.6499999761581421
vt 0.3125 0.6499999761581421
vt 0.34375 0.6499999761581421
vt 0.375 0.6499999761581421
vt 0.40625 0.6499999761581421
vt 0.4375 0.6499999761581421
vt 0.46875 0.6499999761581421
vt 0.5 0.6499999761581421
vt 0.53125 0.6499999761581421
vt 0.5625 0.6499999761581421
vt 0.59375 0.6499999761581421
vt 0.625 0.6499999761581421
vt 0.65625 0.6499999761581421
vt 0.6875 0.6499999761581421
vt 0.71875 0.6499999761581421
vt 0.75 0.6499999761581421
vt 0.78125 0.6499999761581421
vt 0.8125 0.6499999761581421
vt 0.84375 0.6499999761581421
vt 0.875 0.6499999761581421
vt 0.90625 0.6499999761581421
vt 0.9375 0.6499999761581421
vt 0.96875 0.6499999761581421
vt 1 0.6499999761581421
vt 0 0.6000000238418579
vt 0.03125 0.6000000238418579
vt 0.0625 0.6000000238418579
vt 0.09375 0.6000000238418579
vt 0.125 0.6000000238418579
vt 0.15625 0.6000000238418579
vt 0.1875 0.6000000238418579
vt 0.21875 0.6000000238418579
vt 0.25 0.6000000238418579
vt 0.28125 0.6000000238418579
vt 0.3125 0.6000000238418579
vt 0.34375 0.6000000238418579
vt 0.375 0.6000000238418579
vt 0.40625 0.6000000238418579
vt 0.4375 0.6000000238418579
vt 0.46875 0.6000000238418579
vt 0.5 0.6000000238418579
vt 0.53125 0.6000000238418579
vt 0.5625 0.6000000238418579
vt 0.59375 0.6000000238418579
vt 0.625 0.6000000238418579
vt 0.65625 0.6000000238418579
vt 0.6875 0.6000000238418579
vt 0.71875 0.6000000238418579
vt 0.75 0.6000000238418579
vt 0.78125 0.6000000238418579
vt 0.8125 0.6000000238418579
vt 0.84375 0.6000000238418579
vt 0.875 0.6000000238418579
vt 0.90625 0.6000000238418579
vt 0.9375 0.6000000238418579
vt 0.96875 0.6000000238418579
vt 1 0.6000000238418579
vt 0 0.550000011920929
vt 0.03125 0.550000011920929
vt 0.0625 0.550000011920929
vt 0.09375 0.550000011920929
vt 0.125 0.550000011920929
vt 0.15625 0.550000011920929
vt 0.1875 0.550000011920929
vt 0.21875 0.550000011920929
vt 0.25 0.550000011920929
vt 0.28125 0.550000011920929
vt 0.3125 0.550000011920929
vt 0.34375 0.550000011920929
vt 0.375 0.550000011920929
vt 0.40625 0.550000011920929
vt 0.4375 0.550000011920929
vt 0.46875 0.550000011920929
vt 0.5 0.550000011920929
vt 0.53125 0.550000011920929
vt 0.5625 0.550000011920929
vt 0.59375 0.550000011920929
vt 0.625 0.550000011920929
vt 0.65625 0.550000011920929
vt 0.6875 0.550000011920929
vt 0.71875 0.550000011920929
vt 0.75 0.550000011920929
vt 0.78125 0.550000011920929
vt 0.8125 0.550000011920929
vt 0.84375 0.550000011920929
vt 0.875 0.550000011920929
vt 0.90625 0.550000011920929
vt 0.9375 0.550000011920929
vt 0.96875 0.550000011920929
vt 1 0.550000011920929
vt 0 0.5
vt 0.03125 0.5
vt 0.0625 0.5
vt 0.09375 0.5
vt 0.125 0.5
vt 0.15625 0.5
vt 0.1875 0.5
vt 0.21875 0.5
vt 0.25 0.5
vt 0.28125 0.5
vt 0.3125 0.5
vt 0.34375 0.5
vt 0.375 0.5
vt 0.40625 0.5
vt 0.4375 0.5
vt 0.46875 0.5
vt 0.5 0.5
vt 0.53125 0.5
vt 0.5625 0.5
vt 0.59375 0.5
vt 0.625 0.5
vt 0.65625 0.5
vt 0.6875 0.5
vt 0.71875 0.5
vt 0.75 0.5
vt 0.78125 0.5
vt 0.8125 0.5
vt 0.84375 0.5
vt 0.875 0.5
vt 0.90625 0.5
vt 0.9375 0.5
vt 0.96875 0.5
vt 1 0.5
vt 0 0.44999998807907104
vt 0.03125 0.44999998807907104
vt 0.0625 0.44999998807907104
vt 0.09375 0.44999998807907104
vt 0.125 0.44999998807907104
vt 0.15625 0.44999998807907104
vt 0.1875 0.44999998807907104
vt 0.21875 0.44999998807907104
vt 0.25 0.44999998807907104
vt 0.28125 0.44999998807907104
vt 0.3125 0.44999998807907104
vt 0.34375 0.44999998807907104
vt 0.375 0.44999998807907104
vt 0.40625 0.44999998807907104
vt 0.4375 0.44999998807907104
vt 0.46875 0.44999998807907104
vt 0.5 0.44999998807907104
vt 0.53125 0.44999998807907104
vt 0.5625 0.44999998807907104
vt 0.59375 0.44999998807907104
vt 0.625 0.44999998807907104
vt 0.65625 0.44999998807907104
vt 0.6875 0.44999998807907104
vt 0.71875 0.44999998807907104
vt 0.75 0.44999998807907104
vt 0.78125 0.44999998807907104
vt 0.8125 0.44999998807907104
vt 0.84375 0.44999998807907104
vt 0.875 0.44999998807907104
vt 0.90625 0.44999998807907104
vt 0.9375 0.44999998807907104
vt 0.96875 0.44999998807907104
vt 1 0.44999998807907104
vt 0 0.4000000059604645
vt 0.03125 0.4000000059604645
vt 0.0625 0.4000000059604645
vt 0.09375 0.4000000059604645
vt 0.125 0.4000000059604645
vt 0.15625 0.4000000059604645
vt 0.1875 0.4000000059604645
vt 0.21875 0.4000000059604645
vt 0.25 0.4000000059604645
vt 0.28125 0.4000000059604645
vt 0.3125 0.4000000059604645
vt 0.34375 0.4000000059604645
vt 0.375 0.4000000059604645
vt 0.40625 0.4000000059604645
vt 0.4375 0.4000000059604645
vt 0.46875 0.4000000059604645
vt 0.5 0.4000000059604645
vt 0.53125 0.4000000059604645
vt 0.5625 0.4000000059604645
vt 0.59375 0.4000000059604645
vt 0.625 0.4000000059604645
vt 0.65625 0.4000000059604645
vt 0.6875 0.4000000059604645
vt 0.71875 0.4000000059604645
vt 0.75 0.4000000059604645
vt 0.78125 0.4000000059604645
vt 0.8125 0.4000000059604645
vt 0.84375 0.4000000059604645
vt 0.875 0.4000000059604645
vt 0.90625 0.4000000059604645
vt 0.9375 0.4000000059604645
vt 0.96875 0.4000000059604645
vt 1 0.4000000059604645
vt 0 0.3499999940395355
vt 0.03125 0.3499999940395355
vt 0.0625 0.3499999940395355
vt 0.09375 0.3499999940395355
vt 0.125 0.3499999940395355
vt 0.15625 0.3499999940395355
vt 0.1875 0.3499999940395355
vt 0.21875 0.3499999940395355
vt 0.25 0.3499999940395355
vt 0.28125 0.3499999940395355
vt 0.3125 0.3499999940395355
vt 0.34375 0.3499999940395355
vt 0.375 0.3499999940395355
vt 0.40625 0.3499999940395355
vt 0.4375 0.3499999940395355
vt 0.46875 0.3499999940395355
vt 0.5 0.3499999940395355
vt 0.53125 0.3499999940395355
vt 0.5625 0.3499999940395355
vt 0.59375 0.3499999940395355
vt 0.625 0.3499999940395355
vt 0.65625 0.3499999940395355
vt 0.6875 0.3499999940395355
vt 0.71875 0.3499999940395355
vt 0.75 0.3499999940395355
vt 0.78125 0.3499999940395355
vt 0.8125 0.3499999940395355
vt 0.84375 0.3499999940395355
vt 0.875 0.3499999940395355
vt 0.90625 0.3499999940395355
vt 0.9375 0.3499999940395355
vt 0.96875 0.3499999940395355
vt 1 0.3499999940395355
vt 0 0.30000001192092896
vt 0.03125 0.30000001192092896
vt 0.0625 0.30000001192092896
vt 0.09375 0.30000001192092896
vt 0.125 0.30000001192092896
vt 0.15625 0.30000001192092896
vt 0.1875 0.30000001192092896
vt 0.21875 0.30000001192092896
vt 0.25 0.30000001192092896
vt 0.28125 0.30000001192092896
vt 0.3125 0.30000001192092896
vt 0.34375 0.30000001192092896
vt 0.375 0.30000001192092896
vt 0.40625 0.30000001192092896
vt 0.4375 0.30000001192092896
vt 0.46875 0.30000001192092896
vt 0.5 0.30000001192092896
vt 0.53125 0.30000001192092896
vt 0.5625 0.30000001192092896
vt 0.59375 0.30000001192092896
vt 0.625 0.30000001192092896
vt 0.65625 0.30000001192092896
vt 0.6875 0.30000001192092896
vt 0.71875 0.30000001192092896
vt 0.75 0.30000001192092896
vt 0.78125 0.30000001192092896
vt 0.8125 0.30000001192092896
vt 0.84375 0.30000001192092896
vt 0.875 0.30000001192092896
vt 0.90625 0.30000001192092896
vt 0.9375 0.30000001192092896
vt 0.96875 0.30000001192092896
vt 1 0.30000001192092896
vt 0 0.25
vt 0.03125 0.25
vt 0.0625 0.25
vt 0.09375 0.25
vt 0.125 0.25
vt 0.15625 0.25
vt 0.1875 0.25
vt 0.21875 0.25
vt 0.25 0.25
vt 0.28125 0.25
vt 0.3125 0.25
vt 0.34375 0.25
vt 0.375 0.25
vt 0.40625 0.25
vt 0.4375 0.25
vt 0.46875 0.25
vt 0.5 0.25
vt 0.53125 0.25
vt 0.5625 0.25
vt 0.59375 0.25
vt 0.625 0.25
vt 0.65625 0.25
vt 0.6875 0.25
vt 0.71875 0.25
vt 0.75 0.25
vt 0.78125 0.25
vt 0.8125 0.25
vt 0.84375 0.25
vt 0.875 0.25
vt 0.90625 0.25
vt 0.9375 0.25
vt 0.96875 0.25
vt 1 0.25
vt 0 0.20000000298023224
vt 0.03125 0.20000000298023224
vt 0.0625 0.20000000298023224
vt 0.09375 0.20000000298023224
vt 0.125 0.20000000298023224
vt 0.15625 0.20000000298023224
vt 0.1875 0.20000000298023224
vt 0.21875 0.20000000298023224
vt 0.25 0.20000000298023224
vt 0.28125 0.20000000298023224
vt 0.3125 0.20000000298023224
vt 0.34375 0.20000000298023224
vt 0.375 0.20000000298023224
vt 0.40625 0.20000000298023224
vt 0.4375 0.20000000298023224
vt 0.46875 0.20000000298023224
vt 0.5 0.20000000298023224
vt 0.53125 0.20000000298023224
vt 0.5625 0.20000000298023224
vt 0.59375 0.20000000298023224
vt 0.625 0.20000000298023224
vt 0.65625 0.20000000298023224
vt 0.6875 0.20000000298023224
vt 0.71875 0.20000000298023224
vt 0.75 0.20000000298023224
vt 0.78125 0.20000000298023224
vt 0.8125 0.20000000298023224
vt 0.84375 0.20000000298023224
vt 0.875 0.20000000298023224
vt 0.90625 0.20000000298023224
vt 0.9375 0.20000000298023224
vt 0.96875 0.20000000298023224
vt 1 0.20000000298023224
vt 0 0.15000000596046448
vt 0.03125 0.15000000596046448
vt 0.0625 0.15000000596046448
vt 0.09375 0.15000000596046448
vt 0.125 0.15000000596046448
vt 0.15625 0.15000000596046448
vt 0.1875 0.15000000596046448
vt 0.21875 0.15000000596046448
vt 0.25 0.15000000596046448
vt 0.28125 0.15000000596046448
vt 0.3125 0.15000000596046448
vt 0.34375 0.15000000596046448
vt 0.375 0.15000000596046448
vt 0.40625 0.15000000596046448
vt 0.4375 0.15000000596046448
vt 0.46875 0.15000000596046448
vt 0.5 0.15000000596046448
vt 0.53125 0.15000000596046448
vt 0.5625 0.15000000596046448
vt 0.59375 0.15000000596046448
vt 0.625 0.15000000596046448
vt 0.65625 0.15000000596046448
vt 0.6875 0.15000000596046448
vt 0.71875 0.15000000596046448
vt 0.75 0.15000000596046448
vt 0.78125 0.15000000596046448
vt 0.8125 0.15000000596046448
vt 0.84375 0.15000000596046448
vt 0.875 0.15000000596046448
vt 0.90625 0.15000000596046448
vt 0.9375 0.15000000596046448
vt 0.96875 0.15000000596046448
vt 1 0.15000000596046448
vt 0 0.10000000149011612
vt 0.03125 0.10000000149011612
vt 0.0625 0.10000000149011612
vt 0.09375 0.10000000149011612
vt 0.125 0.10000000149011612
vt 0.15625 0.10000000149011612
vt 0.1875 0.10000000149011612
vt 0.21875 0.10000000149011612
vt 0.25 0.10000000149011612
vt 0.28125 0.10000000149011612
vt 0.3125 0.10000000149011612
vt 0.34375 0.10000000149011612
vt 0.375 0.10000000149011612
vt 0.40625 0.10000000149011612
vt 0.4375 0.10000000149011612
vt 0.46875 0.10000000149011612
vt 0.5 0.10000000149011612
vt 0.53125 0.10000000149011612
vt 0.5625 0.10000000149011612
vt 0.59375 0.10000000149011612
vt 0.625 0.10000000149011612
vt 0.65625 0.10000000149011612
vt 0.6875 0.10000000149011612
vt 0.71875 0.10000000149011612
vt 0.75 0.10000000149011612
vt 0.78125 0.10000000149011612
vt 0.8125 0.10000000149011612
vt 0.84375 0.10000000149011612
vt 0.875 0.10000000149011612
vt 0.90625 0.10000000149011612
vt 0.9375 0.10000000149011612
vt 0.96875 0.10000000149011612
vt 1 0.10000000149011612
vt 0 0.05000000074505806
vt 0.03125 0.05000000074505806
vt 0.0625 0.05000000074505806
vt 0.09375 0.05000000074505806
vt 0.125 0.05000000074505806
vt 0.15625 0.05000000074505806
vt 0.1875 0.05000000074505806
vt 0.21875 0.05000000074505806
vt 0.25 0.05000000074505806
vt 0.28125 0.05000000074505806
vt 0.3125 0.05000000074505806
vt 0.34375 0.05000000074505806
vt 0.375 0.05000000074505806
vt 0.40625 0.05000000074505806
vt 0.4375 0.05000000074505806
vt 0.46875 0.05000000074505806
vt 0.5 0.05000000074505806
vt 0.53125 0.05000000074505806
vt 0.5625 0.05000000074505806
vt 0.59375 0.05000000074505806
vt 0.625 0.05000000074505806
vt 0.65625 0.05000000074505806
vt 0.6875 0.05000000074505806
vt 0.71875 0.05000000074505806
vt 0.75 0.05000000074505806
vt 0.78125 0.05000000074505806
vt 0.8125 0.05000000074505806
vt 0.84375 0.05000000074505806
vt 0.875 0.05000000074505806
vt 0.90625 0.05000000074505806
vt 0.9375 0.05000000074505806
vt 0.96875 0.05000000074505806
vt 1 0.05000000074505806
vt -0.015625 0
vt 0.015625 0
vt 0.046875 0
vt 0.078125 0
vt 0.109375 0
vt 0.140625 0
vt 0.171875 0
vt 0.203125 0
vt 0.234375 0
vt 0.265625 0
vt 0.296875 0
vt 0.328125 0
vt 0.359375 0
vt 0.390625 0
vt 0.421875 0
vt 0.453125 0
vt 0.484375 0
vt 0.515625 0
vt 0.546875 0
vt 0.578125 0
vt 0.609375 0
vt 0.640625 0
vt 0.671875 0
vt 0.703125 0
vt 0.734375 0
vt 0.765625 0
vt 0.796875 0
vt 0.828125 0
vt 0.859375 0
vt 0.890625 0
vt 0.921875 0
vt 0.953125 0
vt 0.984375 0
vn 0 1 0
vn 0 1 0
vn 0 1 0
vn 0 1 0
vn 0 1 0
vn 0 1 0
vn 0 1 0
vn 0 1 0
vn 0 1 0
vn 0 1 0
vn 0 1 0
vn 0 1 0
vn 0 1 0
vn 0 1 0
vn 0 1 0
vn 0 1 0
vn 0 1 0
vn 0 1 0
vn 0 1 0
vn 0 1 0
vn 0 1 0
vn 0 1 0
vn 0 1 0
vn 0 1 0
vn 0 1 0
vn 0 1 0
vn 0 1 0
vn 0 1 0
vn 0 1 0
vn 0 1 0
vn 0 1 0
vn 0 1 0
vn 0 1 0
vn -0.14419095339558574 0.9895498819962902 0
vn -0.14142036192449298 0.9895498823643815 0.028130260322011044
vn -0.13321507395370283 0.9895498814459471 0.05517949077167609
vn -0.11989040202063928 0.9895498813194211 0.08010820110356429
vn -0.10195840393448646 0.9895498813775202 0.10195840393448646
vn -0.08010820110356429 0.9895498813194211 0.11989040202063928
vn -0.05517949077167609 0.9895498814459471 0.13321507395370283
vn -0.028130260322011044 0.9895498823643815 0.14142036192449298
vn -8.829149613001807e-18 0.9895498819962902 0.14419095339558574
vn 0.028130260322011044 0.9895498823643815 0.14142036192449298
vn 0.05517949077167609 0.9895498814459471 0.13321507395370283
vn 0.08010820110356429 0.9895498813194211 0.11989040202063928
vn 0.10195840393448646 0.9895498813775202 0.10195840393448646
vn 0.11989040202063928 0.9895498813194211 0.08010820110356429
vn 0.13321507395370283 0.9895498814459471 0.05517949077167609
vn 0.14142036192449298 0.9895498823643815 0.028130260322011044
vn 0.14419095339558574 0.9895498819962902 1.7658299226003614e-17
vn 0.14142036192449298 0.9895498823643815 -0.028130260322011044
vn 0.13321507395370283 0.9895498814459471 -0.05517949077167609
vn 0.11989040202063928 0.9895498813194211 -0.08010820110356429
vn 0.10195840393448646 0.9895498813775202 -0.10195840393448646
vn 0.08010820110356429 0.9895498813194211 -0.11989040202063928
vn 0.05517949077167609 0.9895498814459471 -0.13321507395370283
vn 0.028130260322011044 0.9895498823643815 -0.14142036192449298
vn 2.6487449601445873e-17 0.9895498819962902 -0.14419095339558574
vn -0.028130260322011044 0.9895498823643815 -0.14142036192449298
vn -0.05517949077167609 0.9895498814459471 -0.13321507395370283
vn -0.08010820110356429 0.9895498813194211 -0.11989040202063928
vn -0.10195840393448646 0.9895498813775202 -0.10195840393448646
vn -0.11989040202063928 0.9895498813194211 -0.08010820110356429
vn -0.13321507395370283 0.9895498814459471 -0.05517949077167609
vn -0.14142036192449298 0.9895498823643815 -0.028130260322011044
vn -0.14419095339558574 0.9895498819962902 -3.531659845200723e-17
vn -0.28640380738798477 0.9581090016870034 0
vn -0.2809006211199264 0.9581090069191992 0.05587460885541097
vn -0.26460260949568437 0.9581090038872913 0.10960198774738071
vn -0.2381360641773826 0.9581090019232021 0.15911742636125992
vn -0.20251806339843947 0.9581090063216665 0.20251806339843947
vn -0.15911742636125992 0.9581090019232021 0.2381360641773826
vn -0.10960198774738071 0.9581090038872913 0.26460260949568437
vn -0.05587460885541097 0.9581090069191992 0.2809006211199264
vn -1.753717540322794e-17 0.9581090016870034 0.28640380738798477
vn 0.05587460885541097 0.9581090069191992 0.2809006211199264
vn 0.10960198774738071 0.9581090038872913 0.26460260949568437
vn 0.15911742636125992 0.9581090019232021 0.2381360641773826
vn 0.20251806339843947 0.9581090063216665 0.20251806339843947
vn 0.2381360641773826 0.9581090019232021 0.15911742636125992
vn 0.26460260949568437 0.9581090038872913 0.10960198774738071
vn 0.2809006211199264 0.9581090069191992 0.05587460885541097
vn 0.28640380738798477 0.9581090016870034 3.507435080645588e-17
vn 0.2809006211199264 0.9581090069191992 -0.05587460885541097
vn 0.26460260949568437 0.9581090038872913 -0.10960198774738071
vn 0.2381360641773826 0.9581090019232021 -0.15911742636125992
vn 0.20251806339843947 0.9581090063216665 -0.20251806339843947
vn 0.15911742636125992 0.9581090019232021 -0.2381360641773826
vn 0.10960198774738071 0.9581090038872913 -0.26460260949568437
vn 0.05587460885541097 0.9581090069191992 -0.2809006211199264
vn 5.2611524676385174e-17 0.9581090016870034 -0.28640380738798477
vn -0.05587460885541097 0.9581090069191992 -0.2809006211199264
vn -0.10960198774738071 0.9581090038872913 -0.26460260949568437
vn -0.15911742636125992 0.9581090019232021 -0.2381360641773826
vn -0.20251806339843947 0.9581090063216665 -0.20251806339843947
vn -0.2381360641773826 0.9581090019232021 -0.15911742636125992
vn -0.26460260949568437 0.9581090038872913 -0.10960198774738071
vn -0.2809006211199264 0.9581090069191992 -0.05587460885541097
vn -0.28640380738798477 0.9581090016870034 -7.014870161291176e-17
vn -0.42444382358260335 0.9054542730710258 0
vn -0.4162882632097314 0.9054542692282512 0.0828048805938328
vn -0.3921349605538953 0.905454271546714 0.16242762957454124
vn -0.3529121560640714 0.9054542656850437 0.23580836044331946
vn -0.3001271175202181 0.9054542653596647 0.3001271175202181
vn -0.23580836044331946 0.9054542656850437 0.3529121560640714
vn -0.16242762957454124 0.905454271546714 0.3921349605538953
vn -0.0828048805938328 0.9054542692282512 0.4162882632097314
vn -2.5989688547557496e-17 0.9054542730710258 0.42444382358260335
vn 0.0828048805938328 0.9054542692282512 0.4162882632097314
vn 0.16242762957454124 0.905454271546714 0.3921349605538953
vn 0.23580836044331946 0.9054542656850437 0.3529121560640714
vn 0.3001271175202181 0.9054542653596647 0.3001271175202181
vn 0.3529121560640714 0.9054542656850437 0.23580836044331946
vn 0.3921349605538953 0.905454271546714 0.16242762957454124
vn 0.4162882632097314 0.9054542692282512 0.0828048805938328
vn 0.42444382358260335 0.9054542730710258 5.197937709511499e-17
vn 0.4162882632097314 0.9054542692282512 -0.0828048805938328
vn 0.3921349605538953 0.905454271546714 -0.16242762957454124
vn 0.3529121560640714 0.9054542656850437 -0.23580836044331946
vn 0.3001271175202181 0.9054542653596647 -0.3001271175202181
vn 0.23580836044331946 0.9054542656850437 -0.3529121560640714
vn 0.16242762957454124 0.905454271546714 -0.3921349605538953
vn 0.0828048805938328 0.9054542692282512 -0.4162882632097314
vn 7.796906564267249e-17 0.9054542730710258 -0.42444382358260335
vn -0.0828048805938328 0.9054542692282512 -0.4162882632097314
vn -0.16242762957454124 0.905454271546714 -0.3921349605538953
vn -0.23580836044331946 0.9054542656850437 -0.3529121560640714
vn -0.3001271175202181 0.9054542653596647 -0.3001271175202181
vn -0.3529121560640714 0.9054542656850437 -0.23580836044331946
vn -0.3921349605538953 0.905454271546714 -0.16242762957454124
vn -0.4162882632097314 0.9054542692282512 -0.0828048805938328
vn -0.42444382358260335 0.9054542730710258 -1.0395875419022999e-16
vn -0.5557084402009586 0.8313772485998263 0
vn -0.5450306596029089 0.8313772474386983 0.10841334112585611
vn -0.5134076690199187 0.8313772385085049 0.2126604163484735
vn -0.4620546825779252 0.8313772442354384 0.3087350774941211
vn -0.39294521375152186 0.8313772416776523 0.39294521375152186
vn -0.3087350774941211 0.8313772442354384 0.4620546825779252
vn -0.2126604163484735 0.8313772385085049 0.5134076690199187
vn -0.10841334112585614 0.8313772474386986 0.545030659602909
vn -3.402732782234396e-17 0.8313772485998263 0.5557084402009586
vn 0.10841334112585614 0.8313772474386986 0.545030659602909
vn 0.2126604163484735 0.8313772385085049 0.5134076690199187
vn 0.3087350774941211 0.8313772442354384 0.4620546825779252
vn 0.39294521375152186 0.8313772416776523 0.39294521375152186
vn 0.4620546825779252 0.8313772442354384 0.3087350774941211
vn 0.5134076690199187 0.8313772385085049 0.2126604163484735
vn 0.5450306596029089 0.8313772474386983 0.10841334112585611
vn 0.5557084402009586 0.8313772485998263 6.805465564468793e-17
vn 0.5450306596029089 0.8313772474386983 -0.10841334112585611
vn 0.5134076690199187 0.8313772385085049 -0.2126604163484735
vn 0.4620546825779252 0.8313772442354384 -0.3087350774941211
vn 0.39294521375152186 0.8313772416776523 -0.39294521375152186
vn 0.3087350774941211 0.8313772442354384 -0.4620546825779252
vn 0.2126604163484735 0.8313772385085049 -0.5134076690199187
vn 0.10841334112585614 0.8313772474386986 -0.545030659602909
vn 1.0208198659518969e-16 0.8313772485998263 -0.5557084402009586
vn -0.10841334112585614 0.8313772474386986 -0.545030659602909
vn -0.2126604163484735 0.8313772385085049 -0.5134076690199187
vn -0.3087350774941211 0.8313772442354384 -0.4620546825779252
vn -0.39294521375152186 0.8313772416776523 -0.39294521375152186
vn -0.4620546825779252 0.8313772442354384 -0.3087350774941211
vn -0.5134076690199187 0.8313772385085049 -0.2126604163484735
vn -0.5450306596029089 0.8313772474386983 -0.10841334112585611
vn -0.5557084402009586 0.8313772485998263 -1.3610931128937585e-16
vn -0.6770565308208834 0.7359310117618296 0
vn -0.6640471001237523 0.7359309931822858 0.13208717610339668
vn -0.6255186923700423 0.7359309931896508 0.2590983187104205
vn -0.5629519176439864 0.7359310176797148 0.3761524632883025
vn -0.4787512686276281 0.7359310059882471 0.4787512686276281
vn -0.3761524632883025 0.7359310176797148 0.5629519176439864
vn -0.2590983187104205 0.7359309931896508 0.6255186923700423
vn -0.13208717610339668 0.7359309931822857 0.6640471001237523
vn -4.145775657173049e-17 0.7359310117618296 0.6770565308208834
vn 0.13208717610339668 0.7359309931822857 0.6640471001237523
vn 0.2590983187104205 0.7359309931896508 0.6255186923700423
vn 0.3761524632883025 0.7359310176797148 0.5629519176439864
vn 0.4787512686276281 0.7359310059882471 0.4787512686276281
vn 0.5629519176439864 0.7359310176797148 0.3761524632883025
vn 0.6255186923700423 0.7359309931896508 0.2590983187104205
vn 0.6640471001237523 0.7359309931822858 0.13208717610339668
vn 0.6770565308208834 0.7359310117618296 8.291551314346098e-17
vn 0.6640471001237523 0.7359309931822858 -0.13208717610339668
vn 0.6255186923700423 0.7359309931896508 -0.2590983187104205
vn 0.5629519176439864 0.7359310176797148 -0.3761524632883025
vn 0.4787512686276281 0.7359310059882471 -0.4787512686276281
vn 0.3761524632883025 0.7359310176797148 -0.5629519176439864
vn 0.2590983187104205 0.7359309931896508 -0.6255186923700423
vn 0.13208717610339668 0.7359309931822857 -0.6640471001237523
vn 1.2437326337897115e-16 0.7359310117618296 -0.6770565308208834
vn -0.13208717610339668 0.7359309931822857 -0.6640471001237523
vn -0.2590983187104205 0.7359309931896508 -0.6255186923700423
vn -0.3761524632883025 0.7359310176797148 -0.5629519176439864
vn -0.4787512686276281 0.7359310059882471 -0.4787512686276281
vn -0.5629519176439864 0.7359310176797148 -0.3761524632883025
vn -0.6255186923700423 0.7359309931896508 -0.2590983187104205
vn -0.6640471001237523 0.7359309931822858 -0.13208717610339668
vn -0.6770565308208834 0.7359310117618296 -1.6583102628692196e-16
vn -0.7847886967656538 0.6197634237585068 0
vn -0.7697091882598943 0.619763440269229 0.15310468188120246
vn -0.7250502182389225 0.6197634202357462 0.3003256298909248
vn -0.652527953184858 0.6197634298692594 0.4360052308276487
vn -0.5549294133301318 0.6197634165083896 0.5549294133301318
vn -0.4360052308276487 0.6197634298692594 0.652527953184858
vn -0.3003256298909248 0.6197634202357462 0.7250502182389225
vn -0.15310468188120246 0.619763440269229 0.7697091882598943
vn -4.805444807519493e-17 0.6197634237585068 0.7847886967656538
vn 0.15310468188120246 0.619763440269229 0.7697091882598943
vn 0.3003256298909248 0.6197634202357462 0.7250502182389225
vn 0.4360052308276487 0.6197634298692594 0.652527953184858
vn 0.5549294133301318 0.6197634165083896 0.5549294133301318
vn 0.652527953184858 0.6197634298692594 0.4360052308276487
vn 0.7250502182389225 0.6197634202357462 0.3003256298909248
vn 0.7697091882598943 0.619763440269229 0.15310468188120246
vn 0.7847886967656538 0.6197634237585068 9.610889615038985e-17
vn 0.7697091882598943 0.619763440269229 -0.15310468188120246
vn 0.7250502182389225 0.6197634202357462 -0.3003256298909248
vn 0.652527953184858 0.6197634298692594 -0.4360052308276487
vn 0.5549294133301318 0.6197634165083896 -0.5549294133301318
vn 0.4360052308276487 0.6197634298692594 -0.652527953184858
vn 0.3003256298909248 0.6197634202357462 -0.7250502182389225
vn 0.15310468188120246 0.619763440269229 -0.7697091882598943
vn 1.441633410159514e-16 0.6197634237585068 -0.7847886967656538
vn -0.15310468188120246 0.619763440269229 -0.7697091882598943
vn -0.3003256298909248 0.6197634202357462 -0.7250502182389225
vn -0.4360052308276487 0.6197634298692594 -0.652527953184858
vn -0.5549294133301318 0.6197634165083896 -0.5549294133301318
vn -0.652527953184858 0.6197634298692594 -0.4360052308276487
vn -0.7250502182389225 0.6197634202357462 -0.3003256298909248
vn -0.7697091882598943 0.619763440269229 -0.15310468188120246
vn -0.7847886967656538 0.6197634237585068 -1.922177923007797e-16
vn -0.8747966059689107 0.4844903489082875 0
vn -0.8579876390970018 0.4844903406000819 0.17066435193668864
vn -0.8082066815228786 0.4844903465048257 0.3347701660623452
vn -0.7273667950707662 0.48449035413830716 0.4860109486168185
vn -0.6185746150802184 0.48449034165473237 0.6185746150802184
vn -0.4860109486168185 0.48449035413830716 0.7273667950707662
vn -0.3347701660623452 0.4844903465048257 0.8082066815228786
vn -0.1706643519366886 0.4844903406000818 0.8579876390970016
vn -5.356584299316477e-17 0.4844903489082875 0.8747966059689107
vn 0.1706643519366886 0.4844903406000818 0.8579876390970016
vn 0.3347701660623452 0.4844903465048257 0.8082066815228786
vn 0.4860109486168185 0.48449035413830716 0.7273667950707662
vn 0.6185746150802184 0.48449034165473237 0.6185746150802184
vn 0.7273667950707662 0.48449035413830716 0.4860109486168185
vn 0.8082066815228786 0.4844903465048257 0.3347701660623452
vn 0.8579876390970018 0.4844903406000819 0.17066435193668864
vn 0.8747966059689107 0.4844903489082875 1.0713168598632954e-16
vn 0.8579876390970018 0.4844903406000819 -0.17066435193668864
vn 0.8082066815228786 0.4844903465048257 -0.3347701660623452
vn 0.7273667950707662 0.48449035413830716 -0.4860109486168185
vn 0.6185746150802184 0.48449034165473237 -0.6185746150802184
vn 0.4860109486168185 0.48449035413830716 -0.7273667950707662
vn 0.3347701660623452 0.4844903465048257 -0.8082066815228786
vn 0.1706643519366886 0.4844903406000818 -0.8579876390970016
vn 1.6069753222802177e-16 0.4844903489082875 -0.8747966059689107
vn -0.1706643519366886 0.4844903406000818 -0.8579876390970016
vn -0.3347701660623452 0.4844903465048257 -0.8082066815228786
vn -0.4860109486168185 0.48449035413830716 -0.7273667950707662
vn -0.6185746150802184 0.48449034165473237 -0.6185746150802184
vn -0.7273667950707662 0.48449035413830716 -0.4860109486168185
vn -0.8082066815228786 0.4844903465048257 -0.3347701660623452
vn -0.8579876390970018 0.4844903406000819 -0.17066435193668864
vn -0.8747966059689107 0.4844903489082875 -2.1426337197265907e-16
vn -0.9429215367214262 0.3330149780218667 0
vn -0.9248035603638165 0.33301498482532665 0.18395487115104117
vn -0.871145905602108 0.3330149916948817 0.36084044460002135
vn -0.7840106090877376 0.3330149920632631 0.5238591221874248
vn -0.6667462122427745 0.3330149800231605 0.6667462122427745
vn -0.5238591221874248 0.3330149920632631 0.7840106090877376
vn -0.36084044460002135 0.3330149916948817 0.871145905602108
vn -0.18395487115104117 0.33301498482532665 0.9248035603638165
vn -5.773728906941176e-17 0.3330149780218667 0.9429215367214262
vn 0.18395487115104117 0.33301498482532665 0.9248035603638165
vn 0.36084044460002135 0.3330149916948817 0.871145905602108
vn 0.5238591221874248 0.3330149920632631 0.7840106090877376
vn 0.6667462122427745 0.3330149800231605 0.6667462122427745
vn 0.7840106090877376 0.3330149920632631 0.5238591221874248
vn 0.871145905602108 0.3330149916948817 0.36084044460002135
vn 0.9248035603638165 0.33301498482532665 0.18395487115104117
vn 0.9429215367214262 0.3330149780218667 1.1547457813882353e-16
vn 0.9248035603638165 0.33301498482532665 -0.18395487115104117
vn 0.871145905602108 0.3330149916948817 -0.36084044460002135
vn 0.7840106090877376 0.3330149920632631 -0.5238591221874248
vn 0.6667462122427745 0.3330149800231605 -0.6667462122427745
vn 0.5238591221874248 0.3330149920632631 -0.7840106090877376
vn 0.36084044460002135 0.3330149916948817 -0.871145905602108
vn 0.18395487115104117 0.33301498482532665 -0.9248035603638165
vn 1.732118737690769e-16 0.3330149780218667 -0.9429215367214262
vn -0.18395487115104117 0.33301498482532665 -0.9248035603638165
vn -0.36084044460002135 0.3330149916948817 -0.871145905602108
vn -0.5238591221874248 0.3330149920632631 -0.7840106090877376
vn -0.6667462122427745 0.3330149800231605 -0.6667462122427745
vn -0.7840106090877376 0.3330149920632631 -0.5238591221874248
vn -0.871145905602108 0.3330149916948817 -0.36084044460002135
vn -0.9248035603638165 0.33301498482532665 -0.18395487115104117
vn -0.9429215367214262 0.3330149780218667 -2.3094915627764705e-16
vn -0.985502459510844 0.16966113962271068 0
vn -0.9665663055437919 0.16966114365410792 0.19226199135920077
vn -0.9104855446393038 0.16966114429223367 0.3771354784693695
vn -0.8194153462376659 0.16966114022321238 0.5475158334225282
vn -0.696855472403843 0.1696611362735539 0.696855472403843
vn -0.5475158334225282 0.16966114022321238 0.8194153462376659
vn -0.3771354784693695 0.16966114429223367 0.9104855446393038
vn -0.19226199135920077 0.16966114365410792 0.9665663055437919
vn -6.034462210927604e-17 0.16966113962271068 0.985502459510844
vn 0.19226199135920077 0.16966114365410792 0.9665663055437919
vn 0.3771354784693695 0.16966114429223367 0.9104855446393038
vn 0.5475158334225282 0.16966114022321238 0.8194153462376659
vn 0.696855472403843 0.1696611362735539 0.696855472403843
vn 0.8194153462376659 0.16966114022321238 0.5475158334225282
vn 0.9104855446393038 0.16966114429223367 0.3771354784693695
vn 0.9665663055437919 0.16966114365410792 0.19226199135920077
vn 0.985502459510844 0.16966113962271068 1.2068924421855208e-16
vn 0.9665663055437919 0.16966114365410792 -0.19226199135920077
vn 0.9104855446393038 0.16966114429223367 -0.3771354784693695
vn 0.8194153462376659 0.16966114022321238 -0.5475158334225282
vn 0.696855472403843 0.1696611362735539 -0.696855472403843
vn 0.5475158334225282 0.16966114022321238 -0.8194153462376659
vn 0.3771354784693695 0.16966114429223367 -0.9104855446393038
vn 0.19226199135920077 0.16966114365410792 -0.9665663055437919
vn 1.810338663278281e-16 0.16966113962271068 -0.985502459510844
vn -0.19226199135920077 0.16966114365410792 -0.9665663055437919
vn -0.3771354784693695 0.16966114429223367 -0.9104855446393038
vn -0.5475158334225282 0.16966114022321238 -0.8194153462376659
vn -0.696855472403843 0.1696611362735539 -0.696855472403843
vn -0.8194153462376659 0.16966114022321238 -0.5475158334225282
vn -0.9104855446393038 0.16966114429223367 -0.3771354784693695
vn -0.9665663055437919 0.16966114365410792 -0.19226199135920077
vn -0.985502459510844 0.16966113962271068 -2.4137848843710416e-16
vn -1 6.655689416223738e-17 0
vn -0.9807852789517083 6.655689608188102e-17 0.19509032931342324
vn -0.9238795305660377 6.655689606139077e-17 0.3826834370613369
vn -0.8314696016585884 6.655689466063642e-17 0.555570248949409
vn -0.7071067811865476 6.655689530131013e-17 0.7071067811865476
vn -0.555570248949409 6.655689466063642e-17 0.8314696016585884
vn -0.3826834370613369 6.655689606139077e-17 0.9238795305660377
vn -0.19509032931342324 6.655689608188102e-17 0.9807852789517083
vn -6.123234262925839e-17 6.655689416223738e-17 1
vn 0.19509032931342324 6.655689608188102e-17 0.9807852789517083
vn 0.3826834370613369 6.655689606139077e-17 0.9238795305660377
vn 0.555570248949409 6.655689466063642e-17 0.8314696016585884
vn 0.7071067811865476 6.655689530131013e-17 0.7071067811865476
vn 0.8314696016585884 6.655689466063642e-17 0.555570248949409
vn 0.9238795305660377 6.655689606139077e-17 0.3826834370613369
vn 0.9807852789517083 6.655689608188102e-17 0.19509032931342324
vn 1 6.655689416223738e-17 1.2246468525851679e-16
vn 0.9807852789517083 6.655689608188102e-17 -0.19509032931342324
vn 0.9238795305660377 6.655689606139077e-17 -0.3826834370613369
vn 0.8314696016585884 6.655689466063642e-17 -0.555570248949409
vn 0.7071067811865476 6.655689530131013e-17 -0.7071067811865476
vn 0.555570248949409 6.655689466063642e-17 -0.8314696016585884
vn 0.3826834370613369 6.655689606139077e-17 -0.9238795305660377
vn 0.19509032931342324 6.655689608188102e-17 -0.9807852789517083
vn 1.8369701465288538e-16 6.655689416223738e-17 -1
vn -0.19509032931342324 6.655689608188102e-17 -0.9807852789517083
vn -0.3826834370613369 6.655689606139077e-17 -0.9238795305660377
vn -0.555570248949409 6.655689466063642e-17 -0.8314696016585884
vn -0.7071067811865476 6.655689530131013e-17 -0.7071067811865476
vn -0.8314696016585884 6.655689466063642e-17 -0.555570248949409
vn -0.9238795305660377 6.655689606139077e-17 -0.3826834370613369
vn -0.9807852789517083 6.655689608188102e-17 -0.19509032931342324
vn -1 6.655689416223738e-17 -2.4492937051703357e-16
vn -0.985502459510844 -0.16966113962271068 0
vn -0.9665663055437919 -0.16966114365410792 0.19226199135920077
vn -0.9104855446393038 -0.16966114429223367 0.3771354784693695
vn -0.8194153462376659 -0.16966114022321238 0.5475158334225282
vn -0.696855472403843 -0.1696611362735539 0.696855472403843
vn -0.5475158334225282 -0.16966114022321238 0.8194153462376659
vn -0.3771354784693695 -0.16966114429223367 0.9104855446393038
vn -0.19226199135920077 -0.16966114365410792 0.9665663055437919
vn -6.034462210927604e-17 -0.16966113962271068 0.985502459510844
vn 0.19226199135920077 -0.16966114365410792 0.9665663055437919
vn 0.3771354784693695 -0.16966114429223367 0.9104855446393038
vn 0.5475158334225282 -0.16966114022321238 0.8194153462376659
vn 0.696855472403843 -0.1696611362735539 0.696855472403843
vn 0.8194153462376659 -0.16966114022321238 0.5475158334225282
vn 0.9104855446393038 -0.16966114429223367 0.3771354784693695
vn 0.9665663055437919 -0.16966114365410792 0.19226199135920077
vn 0.985502459510844 -0.16966113962271068 1.2068924421855208e-16
vn 0.9665663055437919 -0.16966114365410792 -0.19226199135920077
vn 0.9104855446393038 -0.16966114429223367 -0.3771354784693695
vn 0.8194153462376659 -0.16966114022321238 -0.5475158334225282
vn 0.696855472403843 -0.1696611362735539 -0.696855472403843
vn 0.5475158334225282 -0.16966114022321238 -0.8194153462376659
vn 0.3771354784693695 -0.16966114429223367 -0.9104855446393038
vn 0.19226199135920077 -0.16966114365410792 -0.9665663055437919
vn 1.810338663278281e-16 -0.16966113962271068 -0.985502459510844
vn -0.19226199135920077 -0.16966114365410792 -0.9665663055437919
vn -0.3771354784693695 -0.16966114429223367 -0.9104855446393038
vn -0.5475158334225282 -0.16966114022321238 -0.8194153462376659
vn -0.696855472403843 -0.1696611362735539 -0.696855472403843
vn -0.8194153462376659 -0.16966114022321238 -0.5475158334225282
vn -0.9104855446393038 -0.16966114429223367 -0.3771354784693695
vn -0.9665663055437919 -0.16966114365410792 -0.19226199135920077
vn -0.985502459510844 -0.16966113962271068 -2.4137848843710416e-16
vn -0.9429215367214262 -0.3330149780218667 0
vn -0.9248035603638165 -0.33301498482532665 0.18395487115104117
vn -0.871145905602108 -0.3330149916948817 0.36084044460002135
vn -0.7840106090877376 -0.3330149920632631 0.5238591221874248
vn -0.6667462122427745 -0.3330149800231605 0.6667462122427745
vn -0.5238591221874248 -0.3330149920632631 0.7840106090877376
vn -0.36084044460002135 -0.3330149916948817 0.871145905602108
vn -0.18395487115104117 -0.33301498482532665 0.9248035603638165
vn -5.773728906941176e-17 -0.3330149780218667 0.9429215367214262
vn 0.18395487115104117 -0.33301498482532665 0.9248035603638165
vn 0.36084044460002135 -0.3330149916948817 0.871145905602108
vn 0.5238591221874248 -0.3330149920632631 0.7840106090877376
vn 0.6667462122427745 -0.3330149800231605 0.6667462122427745
vn 0.7840106090877376 -0.3330149920632631 0.5238591221874248
vn 0.871145905602108 -0.3330149916948817 0.36084044460002135
vn 0.9248035603638165 -0.33301498482532665 0.18395487115104117
vn 0.9429215367214262 -0.3330149780218667 1.1547457813882353e-16
vn 0.9248035603638165 -0.33301498482532665 -0.18395487115104117
vn 0.871145905602108 -0.3330149916948817 -0.36084044460002135
vn 0.7840106090877376 -0.3330149920632631 -0.5238591221874248
vn 0.6667462122427745 -0.3330149800231605 -0.6667462122427745
vn 0.5238591221874248 -0.3330149920632631 -0.7840106090877376
vn 0.36084044460002135 -0.3330149916948817 -0.871145905602108
vn 0.18395487115104117 -0.33301498482532665 -0.9248035603638165
vn 1.732118737690769e-16 -0.3330149780218667 -0.9429215367214262
vn -0.18395487115104117 -0.33301498482532665 -0.9248035603638165
vn -0.36084044460002135 -0.3330149916948817 -0.871145905602108
vn -0.5238591221874248 -0.3330149920632631 -0.7840106090877376
vn -0.6667462122427745 -0.3330149800231605 -0.6667462122427745
vn -0.7840106090877376 -0.3330149920632631 -0.5238591221874248
vn -0.871145905602108 -0.3330149916948817 -0.36084044460002135
vn -0.9248035603638165 -0.33301498482532665 -0.18395487115104117
vn -0.9429215367214262 -0.3330149780218667 -2.3094915627764705e-16
vn -0.8747966059689107 -0.4844903489082875 0
vn -0.8579876390970018 -0.4844903406000819 0.17066435193668864
vn -0.8082066815228786 -0.4844903465048257 0.3347701660623452
vn -0.7273667950707662 -0.48449035413830716 0.4860109486168185
vn -0.6185746150802184 -0.48449034165473237 0.6185746150802184
vn -0.4860109486168185 -0.48449035413830716 0.7273667950707662
vn -0.3347701660623452 -0.4844903465048257 0.8082066815228786
vn -0.1706643519366886 -0.4844903406000818 0.8579876390970016
vn -5.356584299316477e-17 -0.4844903489082875 0.8747966059689107
vn 0.1706643519366886 -0.4844903406000818 0.8579876390970016
vn 0.3347701660623452 -0.4844903465048257 0.8082066815228786
vn 0.4860109486168185 -0.48449035413830716 0.7273667950707662
vn 0.6185746150802184 -0.48449034165473237 0.6185746150802184
vn 0.7273667950707662 -0.48449035413830716 0.4860109486168185
vn 0.8082066815228786 -0.4844903465048257 0.3347701660623452
vn 0.8579876390970018 -0.4844903406000819 0.17066435193668864
vn 0.8747966059689107 -0.4844903489082875 1.0713168598632954e-16
vn 0.8579876390970018 -0.4844903406000819 -0.17066435193668864
vn 0.8082066815228786 -0.4844903465048257 -0.3347701660623452
vn 0.7273667950707662 -0.48449035413830716 -0.4860109486168185
vn 0.6185746150802184 -0.48449034165473237 -0.6185746150802184
vn 0.4860109486168185 -0.48449035413830716 -0.7273667950707662
vn 0.3347701660623452 -0.4844903465048257 -0.8082066815228786
vn 0.1706643519366886 -0.4844903406000818 -0.8579876390970016
vn 1.6069753222802177e-16 -0.4844903489082875 -0.8747966059689107
vn -0.1706643519366886 -0.4844903406000818 -0.8579876390970016
vn -0.3347701660623452 -0.4844903465048257 -0.8082066815228786
vn -0.4860109486168185 -0.48449035413830716 -0.7273667950707662
vn -0.6185746150802184 -0.48449034165473237 -0.6185746150802184
vn -0.7273667950707662 -0.48449035413830716 -0.4860109486168185
vn -0.8082066815228786 -0.4844903465048257 -0.3347701660623452
vn -0.8579876390970018 -0.4844903406000819 -0.17066435193668864
vn -0.8747966059689107 -0.4844903489082875 -2.1426337197265907e-16
vn -0.7847886967656538 -0.6197634237585068 0
vn -0.7697091882598943 -0.619763440269229 0.15310468188120246
vn -0.7250502182389225 -0.6197634202357462 0.3003256298909248
vn -0.652527953184858 -0.6197634298692594 0.4360052308276487
vn -0.5549294133301318 -0.6197634165083896 0.5549294133301318
vn -0.4360052308276487 -0.6197634298692594 0.652527953184858
vn -0.3003256298909248 -0.6197634202357462 0.7250502182389225
vn -0.15310468188120246 -0.619763440269229 0.7697091882598943
vn -4.805444807519493e-17 -0.6197634237585068 0.7847886967656538
vn 0.15310468188120246 -0.619763440269229 0.7697091882598943
vn 0.3003256298909248 -0.6197634202357462 0.7250502182389225
vn 0.4360052308276487 -0.6197634298692594 0.652527953184858
vn 0.5549294133301318 -0.6197634165083896 0.5549294133301318
vn 0.652527953184858 -0.6197634298692594 0.4360052308276487
vn 0.7250502182389225 -0.6197634202357462 0.3003256298909248
vn 0.7697091882598943 -0.619763440269229 0.15310468188120246
vn 0.7847886967656538 -0.6197634237585068 9.610889615038985e-17
vn 0.7697091882598943 -0.619763440269229 -0.15310468188120246
vn 0.7250502182389225 -0.6197634202357462 -0.3003256298909248
vn 0.652527953184858 -0.6197634298692594 -0.4360052308276487
vn 0.5549294133301318 -0.6197634165083896 -0.5549294133301318
vn 0.4360052308276487 -0.6197634298692594 -0.652527953184858
vn 0.3003256298909248 -0.6197634202357462 -0.7250502182389225
vn 0.15310468188120246 -0.619763440269229 -0.7697091882598943
vn 1.441633410159514e-16 -0.6197634237585068 -0.7847886967656538
vn -0.15310468188120246 -0.619763440269229 -0.7697091882598943
vn -0.3003256298909248 -0.6197634202357462 -0.7250502182389225
vn -0.4360052308276487 -0.6197634298692594 -0.652527953184858
vn -0.5549294133301318 -0.6197634165083896 -0.5549294133301318
vn -0.652527953184858 -0.6197634298692594 -0.4360052308276487
vn -0.7250502182389225 -0.6197634202357462 -0.3003256298909248
vn -0.7697091882598943 -0.619763440269229 -0.15310468188120246
vn -0.7847886967656538 -0.6197634237585068 -1.922177923007797e-16
vn -0.6770565308208834 -0.7359310117618296 0
vn -0.6640471001237523 -0.7359309931822858 0.13208717610339668
vn -0.6255186923700423 -0.7359309931896508 0.2590983187104205
vn -0.5629519176439864 -0.7359310176797148 0.3761524632883025
vn -0.4787512686276281 -0.7359310059882471 0.4787512686276281
vn -0.3761524632883025 -0.7359310176797148 0.5629519176439864
vn -0.2590983187104205 -0.7359309931896508 0.6255186923700423
vn -0.13208717610339668 -0.7359309931822857 0.6640471001237523
vn -4.145775657173049e-17 -0.7359310117618296 0.6770565308208834
vn 0.13208717610339668 -0.7359309931822857 0.6640471001237523
vn 0.2590983187104205 -0.7359309931896508 0.6255186923700423
vn 0.3761524632883025 -0.7359310176797148 0.5629519176439864
vn 0.4787512686276281 -0.7359310059882471 0.4787512686276281
vn 0.5629519176439864 -0.7359310176797148 0.3761524632883025
vn 0.6255186923700423 -0.7359309931896508 0.2590983187104205
vn 0.6640471001237523 -0.7359309931822858 0.13208717610339668
vn 0.6770565308208834 -0.7359310117618296 8.291551314346098e-17
vn 0.6640471001237523 -0.7359309931822858 -0.13208717610339668
vn 0.6255186923700423 -0.7359309931896508 -0.2590983187104205
vn 0.5629519176439864 -0.7359310176797148 -0.3761524632883025
vn 0.4787512686276281 -0.7359310059882471 -0.4787512686276281
vn 0.3761524632883025 -0.7359310176797148 -0.5629519176439864
vn 0.2590983187104205 -0.7359309931896508 -0.6255186923700423
vn 0.13208717610339668 -0.7359309931822857 -0.6640471001237523
vn 1.2437326337897115e-16 -0.7359310117618296 -0.6770565308208834
vn -0.13208717610339668 -0.7359309931822857 -0.6640471001237523
vn -0.2590983187104205 -0.7359309931896508 -0.6255186923700423
vn -0.3761524632883025 -0.7359310176797148 -0.5629519176439864
vn -0.4787512686276281 -0.7359310059882471 -0.4787512686276281
vn -0.5629519176439864 -0.7359310176797148 -0.3761524632883025
vn -0.6255186923700423 -0.7359309931896508 -0.2590983187104205
vn -0.6640471001237523 -0.7359309931822858 -0.13208717610339668
vn -0.6770565308208834 -0.7359310117618296 -1.6583102628692196e-16
vn -0.5557084402009586 -0.8313772485998263 0
vn -0.5450306596029089 -0.8313772474386983 0.10841334112585611
vn -0.5134076690199187 -0.8313772385085049 0.2126604163484735
vn -0.4620546825779252 -0.8313772442354384 0.3087350774941211
vn -0.39294521375152186 -0.8313772416776523 0.39294521375152186
vn -0.3087350774941211 -0.8313772442354384 0.4620546825779252
vn -0.2126604163484735 -0.8313772385085049 0.5134076690199187
vn -0.10841334112585614 -0.8313772474386986 0.545030659602909
vn -3.402732782234396e-17 -0.8313772485998263 0.5557084402009586
vn 0.10841334112585614 -0.8313772474386986 0.545030659602909
vn 0.2126604163484735 -0.8313772385085049 0.5134076690199187
vn 0.3087350774941211 -0.8313772442354384 0.4620546825779252
vn 0.39294521375152186 -0.8313772416776523 0.39294521375152186
vn 0.4620546825779252 -0.8313772442354384 0.3087350774941211
vn 0.5134076690199187 -0.8313772385085049 0.2126604163484735
vn 0.5450306596029089 -0.8313772474386983 0.10841334112585611
vn 0.5557084402009586 -0.8313772485998263 6.805465564468793e-17
vn 0.5450306596029089 -0.8313772474386983 -0.10841334112585611
vn 0.5134076690199187 -0.8313772385085049 -0.2126604163484735
vn 0.4620546825779252 -0.8313772442354384 -0.3087350774941211
vn 0.39294521375152186 -0.8313772416776523 -0.39294521375152186
vn 0.3087350774941211 -0.8313772442354384 -0.4620546825779252
vn 0.2126604163484735 -0.8313772385085049 -0.5134076690199187
vn 0.10841334112585614 -0.8313772474386986 -0.545030659602909
vn 1.0208198659518969e-16 -0.8313772485998263 -0.5557084402009586
vn -0.10841334112585614 -0.8313772474386986 -0.545030659602909
vn -0.2126604163484735 -0.8313772385085049 -0.5134076690199187
vn -0.3087350774941211 -0.8313772442354384 -0.4620546825779252
vn -0.39294521375152186 -0.8313772416776523 -0.39294521375152186
vn -0.4620546825779252 -0.8313772442354384 -0.3087350774941211
vn -0.5134076690199187 -0.8313772385085049 -0.2126604163484735
vn -0.5450306596029089 -0.8313772474386983 -0.10841334112585611
vn -0.5557084402009586 -0.8313772485998263 -1.3610931128937585e-16
vn -0.42444382358260335 -0.9054542730710258 0
vn -0.4162882632097314 -0.9054542692282512 0.0828048805938328
vn -0.3921349605538953 -0.905454271546714 0.16242762957454124
vn -0.3529121560640714 -0.9054542656850437 0.23580836044331946
vn -0.3001271175202181 -0.9054542653596647 0.3001271175202181
vn -0.23580836044331946 -0.9054542656850437 0.3529121560640714
vn -0.16242762957454124 -0.905454271546714 0.3921349605538953
vn -0.0828048805938328 -0.9054542692282512 0.4162882632097314
vn -2.5989688547557496e-17 -0.9054542730710258 0.42444382358260335
vn 0.0828048805938328 -0.9054542692282512 0.4162882632097314
vn 0.16242762957454124 -0.905454271546714 0.3921349605538953
vn 0.23580836044331946 -0.9054542656850437 0.3529121560640714
vn 0.3001271175202181 -0.9054542653596647 0.3001271175202181
vn 0.3529121560640714 -0.9054542656850437 0.23580836044331946
vn 0.3921349605538953 -0.905454271546714 0.16242762957454124
vn 0.4162882632097314 -0.9054542692282512 0.0828048805938328
vn 0.42444382358260335 -0.9054542730710258 5.197937709511499e-17
vn 0.4162882632097314 -0.9054542692282512 -0.0828048805938328
vn 0.3921349605538953 -0.905454271546714 -0.16242762957454124
vn 0.3529121560640714 -0.9054542656850437 -0.23580836044331946
vn 0.3001271175202181 -0.9054542653596647 -0.3001271175202181
vn 0.23580836044331946 -0.9054542656850437 -0.3529121560640714
vn 0.16242762957454124 -0.905454271546714 -0.3921349605538953
vn 0.0828048805938328 -0.9054542692282512 -0.4162882632097314
vn 7.796906564267249e-17 -0.9054542730710258 -0.42444382358260335
vn -0.0828048805938328 -0.9054542692282512 -0.4162882632097314
vn -0.16242762957454124 -0.905454271546714 -0.3921349605538953
vn -0.23580836044331946 -0.9054542656850437 -0.3529121560640714
vn -0.3001271175202181 -0.9054542653596647 -0.3001271175202181
vn -0.3529121560640714 -0.9054542656850437 -0.23580836044331946
vn -0.3921349605538953 -0.905454271546714 -0.16242762957454124
vn -0.4162882632097314 -0.9054542692282512 -0.0828048805938328
vn -0.42444382358260335 -0.9054542730710258 -1.0395875419022999e-16
vn -0.28640380738798477 -0.9581090016870034 0
vn -0.2809006211199264 -0.9581090069191992 0.05587460885541097
vn -0.26460260949568437 -0.9581090038872913 0.10960198774738071
vn -0.2381360641773826 -0.9581090019232021 0.15911742636125992
vn -0.20251806339843947 -0.9581090063216665 0.20251806339843947
vn -0.15911742636125992 -0.9581090019232021 0.2381360641773826
vn -0.10960198774738071 -0.9581090038872913 0.26460260949568437
vn -0.05587460885541097 -0.9581090069191992 0.2809006211199264
vn -1.753717540322794e-17 -0.9581090016870034 0.28640380738798477
vn 0.05587460885541097 -0.9581090069191992 0.2809006211199264
vn 0.10960198774738071 -0.9581090038872913 0.26460260949568437
vn 0.15911742636125992 -0.9581090019232021 0.2381360641773826
vn 0.20251806339843947 -0.9581090063216665 0.20251806339843947
vn 0.2381360641773826 -0.9581090019232021 0.15911742636125992
vn 0.26460260949568437 -0.9581090038872913 0.10960198774738071
vn 0.2809006211199264 -0.9581090069191992 0.05587460885541097
vn 0.28640380738798477 -0.9581090016870034 3.507435080645588e-17
vn 0.2809006211199264 -0.9581090069191992 -0.05587460885541097
vn 0.26460260949568437 -0.9581090038872913 -0.10960198774738071
vn 0.2381360641773826 -0.9581090019232021 -0.15911742636125992
vn 0.20251806339843947 -0.9581090063216665 -0.20251806339843947
vn 0.15911742636125992 -0.9581090019232021 -0.2381360641773826
vn 0.10960198774738071 -0.9581090038872913 -0.26460260949568437
vn 0.05587460885541097 -0.9581090069191992 -0.2809006211199264
vn 5.2611524676385174e-17 -0.9581090016870034 -0.28640380738798477
vn -0.05587460885541097 -0.9581090069191992 -0.2809006211199264
vn -0.10960198774738071 -0.9581090038872913 -0.26460260949568437
vn -0.15911742636125992 -0.9581090019232021 -0.2381360641773826
vn -0.20251806339843947 -0.9581090063216665 -0.20251806339843947
vn -0.2381360641773826 -0.9581090019232021 -0.15911742636125992
vn -0.26460260949568437 -0.9581090038872913 -0.10960198774738071
vn -0.2809006211199264 -0.9581090069191992 -0.05587460885541097
vn -0.28640380738798477 -0.9581090016870034 -7.014870161291176e-17
vn -0.14419095339558574 -0.9895498819962902 0
vn -0.14142036192449298 -0.9895498823643815 0.028130260322011044
vn -0.13321507395370283 -0.9895498814459471 0.05517949077167609
vn -0.11989040202063928 -0.9895498813194211 0.08010820110356429
vn -0.10195840393448646 -0.9895498813775202 0.10195840393448646
vn -0.08010820110356429 -0.9895498813194211 0.11989040202063928
vn -0.05517949077167609 -0.9895498814459471 0.13321507395370283
vn -0.028130260322011044 -0.9895498823643815 0.14142036192449298
vn -8.829149613001807e-18 -0.9895498819962902 0.14419095339558574
vn 0.028130260322011044 -0.9895498823643815 0.14142036192449298
vn 0.05517949077167609 -0.9895498814459471 0.13321507395370283
vn 0.08010820110356429 -0.9895498813194211 0.11989040202063928
vn 0.10195840393448646 -0.9895498813775202 0.10195840393448646
vn 0.11989040202063928 -0.9895498813194211 0.08010820110356429
vn 0.13321507395370283 -0.9895498814459471 0.05517949077167609
vn 0.14142036192449298 -0.9895498823643815 0.028130260322011044
vn 0.14419095339558574 -0.9895498819962902 1.7658299226003614e-17
vn 0.14142036192449298 -0.9895498823643815 -0.028130260322011044
vn 0.13321507395370283 -0.9895498814459471 -0.05517949077167609
vn 0.11989040202063928 -0.9895498813194211 -0.08010820110356429
vn 0.10195840393448646 -0.9895498813775202 -0.10195840393448646
vn 0.08010820110356429 -0.9895498813194211 -0.11989040202063928
vn 0.05517949077167609 -0.9895498814459471 -0.13321507395370283
vn 0.028130260322011044 -0.9895498823643815 -0.14142036192449298
vn 2.6487449601445873e-17 -0.9895498819962902 -0.14419095339558574
vn -0.028130260322011044 -0.9895498823643815 -0.14142036192449298
vn -0.05517949077167609 -0.9895498814459471 -0.13321507395370283
vn -0.08010820110356429 -0.9895498813194211 -0.11989040202063928
vn -0.10195840393448646 -0.9895498813775202 -0.10195840393448646
vn -0.11989040202063928 -0.9895498813194211 -0.08010820110356429
vn -0.13321507395370283 -0.9895498814459471 -0.05517949077167609
vn -0.14142036192449298 -0.9895498823643815 -0.028130260322011044
vn -0.14419095339558574 -0.9895498819962902 -3.531659845200723e-17
vn -1.1266751043783545e-16 -1 0
vn -1.1050263663206771e-16 -1 2.1980340405394423e-17
vn -1.0409120232051435e-16 -1 4.3115988321446925e-17
vn -9.367960912283385e-17 -1 6.25947112157156e-17
vn -7.966795755152431e-17 -1 7.966795755152431e-17
vn -6.25947112157156e-17 -1 9.367960912283385e-17
vn -4.3115988321446925e-17 -1 1.0409120232051435e-16
vn -2.1980340405394423e-17 -1 1.1050263663206771e-16
vn -6.898894883217494e-33 -1 1.1266751043783545e-16
vn 2.1980340405394423e-17 -1 1.1050263663206771e-16
vn 4.3115988321446925e-17 -1 1.0409120232051435e-16
vn 6.25947112157156e-17 -1 9.367960912283385e-17
vn 7.966795755152431e-17 -1 7.966795755152431e-17
vn 9.367960912283385e-17 -1 6.25947112157156e-17
vn 1.0409120232051435e-16 -1 4.3115988321446925e-17
vn 1.1050263663206771e-16 -1 2.1980340405394423e-17
vn 1.1266751043783545e-16 -1 1.3797789766434988e-32
vn 1.1050263663206771e-16 -1 -2.1980340405394423e-17
vn 1.0409120232051435e-16 -1 -4.3115988321446925e-17
vn 9.367960912283385e-17 -1 -6.25947112157156e-17
vn 7.966795755152431e-17 -1 -7.966795755152431e-17
vn 6.25947112157156e-17 -1 -9.367960912283385e-17
vn 4.3115988321446925e-17 -1 -1.0409120232051435e-16
vn 2.1980340405394423e-17 -1 -1.1050263663206771e-16
vn 2.069668464965248e-32 -1 -1.1266751043783545e-16
vn -2.1980340405394423e-17 -1 -1.1050263663206771e-16
vn -4.3115988321446925e-17 -1 -1.0409120232051435e-16
vn -6.25947112157156e-17 -1 -9.367960912283385e-17
vn -7.966795755152431e-17 -1 -7.966795755152431e-17
vn -9.367960912283385e-17 -1 -6.25947112157156e-17
vn -1.0409120232051435e-16 -1 -4.3115988321446925e-17
vn -1.1050263663206771e-16 -1 -2.1980340405394423e-17
vn -1.1266751043783545e-16 -1 -2.7595579532869977e-32
f 2873/2873/2873 2906/2906/2906 2907/2907/2907
f 2874/2874/2874 2907/2907/2907 2908/2908/2908
f 2875/2875/2875 2908/2908/2908 2909/2909/2909
f 2876/2876/2876 2909/2909/2909 2910/2910/2910
f 2877/2877/2877 2910/2910/2910 2911/2911/2911
f 2878/2878/2878 2911/2911/2911 2912/2912/2912
f 2879/2879/2879 2912/2912/2912 2913/2913/2913
f 2880/2880/2880 2913/2913/2913 2914/2914/2914
f 2881/2881/2881 2914/2914/2914 2915/2915/2915
f 2882/2882/2882 2915/2915/2915 2916/2916/2916
f 2883/2883/2883 2916/2916/2916 2917/2917/2917
f 2884/2884/2884 2917/2917/2917 2918/2918/2918
f 2885/2885/2885 2918/2918/2918 2919/2919/2919
f 2886/2886/2886 2919/2919/2919 2920/2920/2920
f 2887/2887/2887 2920/2920/2920 2921/2921/2921
f 2888/2888/2888 2921/2921/2921 2922/2922/2922
f 2889/2889/2889 2922/2922/2922 2923/2923/2923
f 2890/2890/2890 2923/2923/2923 2924/2924/2924
f 2891/2891/2891 2924/2924/2924 2925/2925/2925
f 2892/2892/2892 2925/2925/2925 2926/2926/2926
f 2893/2893/2893 2926/2926/2926 2927/2927/2927
f 2894/2894/2894 2927/2927/2927 2928/2928/2928
f 2895/2895/2895 2928/2928/2928 2929/2929/2929
f 2896/2896/2896 2929/2929/2929 2930/2930/2930
f 2897/2897/2897 2930/2930/2930 2931/2931/2931
f 2898/2898/2898 2931/2931/2931 2932/2932/2932
f 2899/2899/2899 2932/2932/2932 2933/2933/2933
f 2900/2900/2900 2933/2933/2933 2934/2934/2934
f 2901/2901/2901 2934/2934/2934 2935/2935/2935
f 2902/2902/2902 2935/2935/2935 2936/2936/2936
f 2903/2903/2903 2936/2936/2936 2937/2937/2937
f 2904/2904/2904 2937/2937/2937 2938/2938/2938
f 2907/2907/2907 2906/2906/2906 2940/2940/2940
f 2906/2906/2906 2939/2939/2939 2940/2940/2940
f 2908/2908/2908 2907/2907/2907 2941/2941/2941
f 2907/2907/2907 2940/2940/2940 2941/2941/2941
f 2909/2909/2909 2908/2908/2908 2942/2942/2942
f 2908/2908/2908 2941/2941/2941 2942/2942/2942
f 2910/2910/2910 2909/2909/2909 2943/2943/2943
f 2909/2909/2909 2942/2942/2942 2943/2943/2943
f 2911/2911/2911 2910/2910/2910 2944/2944/2944
f 2910/2910/2910 2943/2943/2943 2944/2944/2944
f 2912/2912/2912 2911/2911/2911 2945/2945/2945
f 2911/2911/2911 2944/2944/2944 2945/2945/2945
f 2913/2913/2913 2912/2912/2912 2946/2946/2946
f 2912/2912/2912 2945/2945/2945 2946/2946/2946
f 2914/2914/2914 2913/2913/2913 2947/2947/2947
f 2913/2913/2913 2946/2946/2946 2947/2947/2947
f 2915/2915/2915 2914/2914/2914 2948/2948/2948
f 2914/2914/2914 2947/2947/2947 2948/2948/2948
f 2916/2916/2916 2915/2915/2915 2949/2949/2949
f 2915/2915/2915 2948/2948/2948 2949/2949/2949
f 2917/2917/2917 2916/2916/2916 2950/2950/2950
f 2916/2916/2916 2949/2949/2949 2950/2950/2950
f 2918/2918/2918 2917/2917/2917 2951/2951/2951
f 2917/2917/2917 2950/2950/2950 2951/2951/2951
f 2919/2919/2919 2918/2918/2918 2952/2952/2952
f 2918/2918/2918 2951/2951/2951 2952/2952/2952
f 2920/2920/2920 2919/2919/2919 2953/2953/2953
f 2919/2919/2919 2952/2952/2952 2953/2953/2953
f 2921/2921/2921 2920/2920/2920 2954/2954/2954
f 2920/2920/2920 2953/2953/2953 2954/2954/2954
f 2922/2922/2922 2921/2921/2921 2955/2955/2955
f 2921/2921/2921 2954/2954/2954 2955/2955/2955
f 2923/2923/2923 2922/2922/2922 2956/2956/2956
f 2922/2922/2922 2955/2955/2955 2956/2956/2956
f 2924/2924/2924 2923/2923/2923 2957/2957/2957
f 2923/2923/2923 2956/2956/2956 2957/2957/2957
f 2925/2925/2925 2924/2924/2924 2958/2958/2958
f 2924/2924/2924 2957/2957/2957 2958/2958/2958
f 2926/2926/2926 2925/2925/2925 2959/2959/2959
f 2925/2925/2925 2958/2958/2958 2959/2959/2959
f 2927/2927/2927 2926/2926/2926 2960/2960/2960
f 2926/2926/2926 2959/2959/2959 2960/2960/2960
f 2928/2928/2928 2927/2927/2927 2961/2961/2961
f 2927/2927/2927 2960/2960/2960 2961/2961/2961
f 2929/2929/2929 2928/2928/2928 2962/2962/2962
f 2928/2928/2928 2961/2961/2961 2962/2962/2962
f 2930/2930/2930 2929/2929/2929 2963/2963/2963
f 2929/2929/2929 2962/2962/2962 2963/2963/2963
f 2931/2931/2931 2930/2930/2930 2964/2964/2964
f 2930/2930/2930 2963/2963/2963 2964/2964/2964
f 2932/2932/2932 2931/2931/2931 2965/2965/2965
f 2931/2931/2931 2964/2964/2964 2965/2965/2965
f 2933/2933/2933 2932/2932/2932 2966/2966/2966
f 2932/2932/2932 2965/2965/2965 2966/2966/2966
f 2934/2934/2934 2933/2933/2933 2967/2967/2967
f 2933/2933/2933 2966/2966/2966 2967/2967/2967
f 2935/2935/2935 2934/2934/2934 2968/2968/2968
f 2934/2934/2934 2967/2967/2967 2968/2968/2968
f 2936/2936/2936 2935/2935/2935 2969/2969/2969
f 2935/2935/2935 2968/2968/2968 2969/2969/2969
f 2937/2937/2937 2936/2936/2936 2970/2970/2970
f 2936/2936/2936 2969/2969/2969 2970/2970/2970
f 2938/2938/2938 2937/2937/2937 2971/2971/2971
f 2937/2937/2937 2970/2970/2970 2971/2971/2971
f 2940/2940/2940 2939/2939/2939 2973/2973/2973
f 2939/2939/2939 2972/2972/2972 2973/2973/2973
f 2941/2941/2941 2940/2940/2940 2974/2974/2974
f 2940/2940/2940 2973/2973/2973 2974/2974/2974
f 2942/2942/2942 2941/2941/2941 2975/2975/2975
f 2941/2941/2941 2974/2974/2974 2975/2975/2975
f 2943/2943/2943 2942/2942/2942 2976/2976/2976
f 2942/2942/2942 2975/2975/2975 2976/2976/2976
f 2944/2944/2944 2943/2943/2943 2977/2977/2977
f 2943/2943/2943 2976/2976/2976 2977/2977/2977
f 2945/2945/2945 2944/2944/2944 2978/2978/2978
f 2944/2944/2944 2977/2977/2977 2978/2978/2978
f 2946/2946/2946 2945/2945/2945 2979/2979/2979
f 2945/2945/2945 2978/2978/2978 2979/2979/2979
f 2947/2947/2947 2946/2946/2946 2980/2980/2980
f 2946/2946/2946 2979/2979/2979 2980/2980/2980
f 2948/2948/2948 2947/2947/2947 2981/2981/2981
f 2947/2947/2947 2980/2980/2980 2981/2981/2981
f 2949/2949/2949 2948/2948/2948 2982/2982/2982
f 2948/2948/2948 2981/2981/2981 2982/2982/2982
f 2950/2950/2950 2949/2949/2949 2983/2983/2983
f 2949/2949/2949 2982/2982/2982 2983/2983/2983
f 2951/2951/2951 2950/2950/2950 2984/2984/2984
f 2950/2950/2950 2983/2983/2983 2984/2984/2984
f 2952/2952/2952 2951/2951/2951 2985/2985/2985
f 2951/2951/2951 2984/2984/2984 2985/2985/2985
f 2953/2953/2953 2952/2952/2952 2986/2986/2986
f 2952/2952/2952 2985/2985/2985 2986/2986/2986
f 2954/2954/2954 2953/2953/2953 2987/2987/2987
f 2953/2953/2953 2986/2986/2986 2987/2987/2987
f 2955/2955/2955 2954/2954/2954 2988/2988/2988
f 2954/2954/2954 2987/2987/2987 2988/2988/2988
f 2956/2956/2956 2955/2955/2955 2989/2989/2989
f 2955/2955/2955 2988/2988/2988 2989/2989/2989
f 2957/2957/2957 2956/2956/2956 2990/2990/2990
f 2956/2956/2956 2989/2989/2989 2990/2990/2990
f 2958/2958/2958 2957/2957/2957 2991/2991/2991
f 2957/2957/2957 2990/2990/2990 2991/2991/2991
f 2959/2959/2959 2958/2958/2958 2992/2992/2992
f 2958/2958/2958 2991/2991/2991 2992/2992/2992
f 2960/2960/2960 2959/2959/2959 2993/2993/2993
f 2959/2959/2959 2992/2992/2992 2993/2993/2993
f 2961/2961/2961 2960/2960/2960 2994/2994/2994
f 2960/2960/2960 2993/2993/2993 2994/2994/2994
f 2962/2962/2962 2961/2961/2961 2995/2995/2995
f 2961/2961/2961 2994/2994/2994 2995/2995/2995
f 2963/2963/2963 2962/2962/2962 2996/2996/2996
f 2962/2962/2962 2995/2995/2995 2996/2996/2996
f 2964/2964/2964 2963/2963/2963 2997/2997/2997
f 2963/2963/2963 2996/2996/2996 2997/2997/2997
f 2965/2965/2965 2964/2964/2964 2998/2998/2998
f 2964/2964/2964 2997/2997/2997 2998/2998/2998
f 2966/2966/2966 2965/2965/2965 2999/2999/2999
f 2965/2965/2965 2998/2998/2998 2999/2999/2999
f 2967/2967/2967 2966/2966/2966 3000/3000/3000
f 2966/2966/2966 2999/2999/2999 3000/3000/3000
f 2968/2968/2968 2967/2967/2967 3001/3001/3001
f 2967/2967/2967 3000/3000/3000 3001/3001/3001
f 2969/2969/2969 2968/2968/2968 3002/3002/3002
f 2968/2968/2968 3001/3001/3001 3002/3002/3002
f 2970/2970/2970 2969/2969/2969 3003/3003/3003
f 2969/2969/2969 3002/3002/3002 3003/3003/3003
f 2971/2971/2971 2970/2970/2970 3004/3004/3004
f 2970/2970/2970 3003/3003/3003 3004/3004/3004
f 2973/2973/2973 2972/2972/2972 3006/3006/3006
f 2972/2972/2972 3005/3005/3005 3006/3006/3006
f 2974/2974/2974 2973/2973/2973 3007/3007/3007
f 2973/2973/2973 3006/3006/3006 3007/3007/3007
f 2975/2975/2975 2974/2974/2974 3008/3008/3008
f 2974/2974/2974 3007/3007/3007 3008/3008/3008
f 2976/2976/2976 2975/2975/2975 3009/3009/3009
f 2975/2975/2975 3008/3008/3008 3009/3009/3009
f 2977/2977/2977 2976/2976/2976 3010/3010/3010
f 2976/2976/2976 3009/3009/3009 3010/3010/3010
f 2978/2978/2978 2977/2977/2977 3011/3011/3011
f 2977/2977/2977 3010/3010/3010 3011/3011/3011
f 2979/2979/2979 2978/2978/2978 3012/3012/3012
f 2978/2978/2978 3011/3011/3011 3012/3012/3012
f 2980/2980/2980 2979/2979/2979 3013/3013/3013
f 2979/2979/2979 3012/3012/3012 3013/3013/3013
f 2981/2981/2981 2980/2980/2980 3014/3014/3014
f 2980/2980/2980 3013/3013/3013 3014/3014/3014
f 2982/2982/2982 2981/2981/2981 3015/3015/3015
f 2981/2981/2981 3014/3014/3014 3015/3015/3015
f 2983/2983/2983 2982/2982/2982 3016/3016/3016
f 2982/2982/2982 3015/3015/3015 3016/3016/3016
f 2984/2984/2984 2983/2983/2983 3017/3017/3017
f 2983/2983/2983 3016/3016/3016 3017/3017/3017
f 2985/2985/2985 2984/2984/2984 3018/3018/3018
f 2984/2984/2984 3017/3017/3017 3018/3018/3018
f 2986/2986/2986 2985/2985/2985 3019/3019/3019
f 2985/2985/2985 3018/3018/3018 3019/3019/3019
f 2987/2987/2987 2986/2986/2986 3020/3020/3020
f 2986/2986/2986 3019/3019/3019 3020/3020/3020
f 2988/2988/2988 2987/2987/2987 3021/3021/3021
f 2987/2987/2987 3020/3020/3020 3021/3021/3021
f 2989/2989/2989 2988/2988/2988 3022/3022/3022
f 2988/2988/2988 3021/3021/3021 3022/3022/3022
f 2990/2990/2990 2989/2989/2989 3023/3023/3023
f 2989/2989/2989 3022/3022/3022 3023/3023/3023
f 2991/2991/2991 2990/2990/2990 3024/3024/3024
f 2990/2990/2990 3023/3023/3023 3024/3024/3024
f 2992/2992/2992 2991/2991/2991 3025/3025/3025
f 2991/2991/2991 3024/3024/3024 3025/3025/3025
f 2993/2993/2993 2992/2992/2992 3026/3026/3026
f 2992/2992/2992 3025/3025/3025 3026/3026/3026
f 2994/2994/2994 2993/2993/2993 3027/3027/3027
f 2993/2993/2993 3026/3026/3026 3027/3027/3027
f 2995/2995/2995 2994/2994/2994 3028/3028/3028
f 2994/2994/2994 3027/3027/3027 3028/3028/3028
f 2996/2996/2996 2995/2995/2995 3029/3029/3029
f 2995/2995/2995 3028/3028/3028 3029/3029/3029
f 2997/2997/2997 2996/2996/2996 3030/3030/3030
f 2996/2996/2996 3029/3029/3029 3030/3030/3030
f 2998/2998/2998 2997/2997/2997 3031/3031/3031
f 2997/2997/2997 3030/3030/3030 3031/3031/3031
f 2999/2999/2999 2998/2998/2998 3032/3032/3032
f 2998/2998/2998 3031/3031/3031 3032/3032/3032
f 3000/3000/3000 2999/2999/2999 3033/3033/3033
f 2999/2999/2999 3032/3032/3032 3033/3033/3033
f 3001/3001/3001 3000/3000/3000 3034/3034/3034
f 3000/3000/3000 3033/3033/3033 3034/3034/3034
f 3002/3002/3002 3001/3001/3001 3035/3035/3035
f 3001/3001/3001 3034/3034/3034 3035/3035/3035
f 3003/3003/3003 3002/3002/3002 3036/3036/3036
f 3002/3002/3002 3035/3035/3035 3036/3036/3036
f 3004/3004/3004 3003/3003/3003 3037/3037/3037
f 3003/3003/3003 3036/3036/3036 3037/3037/3037
f 3006/3006/3006 3005/3005/3005 3039/3039/3039
f 3005/3005/3005 3038/3038/3038 3039/3039/3039
f 3007/3007/3007 3006/3006/3006 3040/3040/3040
f 3006/3006/3006 3039/3039/3039 3040/3040/3040
f 3008/3008/3008 3007/3007/3007 3041/3041/3041
f 3007/3007/3007 3040/3040/3040 3041/3041/3041
f 3009/3009/3009 3008/3008/3008 3042/3042/3042
f 3008/3008/3008 3041/3041/3041 3042/3042/3042
f 3010/3010/3010 3009/3009/3009 3043/3043/3043
f 3009/3009/3009 3042/3042/3042 3043/3043/3043
f 3011/3011/3011 3010/3010/3010 3044/3044/3044
f 3010/3010/3010 3043/3043/3043 3044/3044/3044
f 3012/3012/3012 3011/3011/3011 3045/3045/3045
f 3011/3011/3011 3044/3044/3044 3045/3045/3045
f 3013/3013/3013 3012/3012/3012 3046/3046/3046
f 3012/3012/3012 3045/3045/3045 3046/3046/3046
f 3014/3014/3014 3013/3013/3013 3047/3047/3047
f 3013/3013/3013 3046/3046/3046 3047/3047/3047
f 3015/3015/3015 3014/3014/3014 3048/3048/3048
f 3014/3014/3014 3047/3047/3047 3048/3048/3048
f 3016/3016/3016 3015/3015/3015 3049/3049/3049
f 3015/3015/3015 3048/3048/3048 3049/3049/3049
f 3017/3017/3017 3016/3016/3016 3050/3050/3050
f 3016/3016/3016 3049/3049/3049 3050/3050/3050
f 3018/3018/3018 3017/3017/3017 3051/3051/3051
f 3017/3017/3017 3050/3050/3050 3051/3051/3051
f 3019/3019/3019 3018/3018/3018 3052/3052/3052
f 3018/3018/3018 3051/3051/3051 3052/3052/3052
f 3020/3020/3020 3019/3019/3019 3053/3053/3053
f 3019/3019/3019 3052/3052/3052 3053/3053/3053
f 3021/3021/3021 3020/3020/3020 3054/3054/3054
f 3020/3020/3020 3053/3053/3053 3054/3054/3054
f 3022/3022/3022 3021/3021/3021 3055/3055/3055
f 3021/3021/3021 3054/3054/3054 3055/3055/3055
f 3023/3023/3023 3022/3022/3022 3056/3056/3056
f 3022/3022/3022 3055/3055/3055 3056/3056/3056
f 3024/3024/3024 3023/3023/3023 3057/3057/3057
f 3023/3023/3023 3056/3056/3056 3057/3057/3057
f 3025/3025/3025 3024/3024/3024 3058/3058/3058
f 3024/3024/3024 3057/3057/3057 3058/3058/3058
f 3026/3026/3026 3025/3025/3025 3059/3059/3059
f 3025/3025/3025 3058/3058/3058 3059/3059/3059
f 3027/3027/3027 3026/3026/3026 3060/3060/3060
f 3026/3026/3026 3059/3059/3059 3060/3060/3060
f 3028/3028/3028 3027/3027/3027 3061/3061/3061
f 3027/3027/3027 3060/3060/3060 3061/3061/3061
f 3029/3029/3029 3028/3028/3028 3062/3062/3062
f 3028/3028/3028 3061/3061/3061 3062/3062/3062
f 3030/3030/3030 3029/3029/3029 3063/3063/3063
f 3029/3029/3029 3062/3062/3062 3063/3063/3063
f 3031/3031/3031 3030/3030/3030 3064/3064/3064
f 3030/3030/3030 3063/3063/3063 3064/3064/3064
f 3032/3032/3032 3031/3031/3031 3065/3065/3065
f 3031/3031/3031 3064/3064/3064 3065/3065/3065
f 3033/3033/3033 3032/3032/3032 3066/3066/3066
f 3032/3032/3032 3065/3065/3065 3066/3066/3066
f 3034/3034/3034 3033/3033/3033 3067/3067/3067
f 3033/3033/3033 3066/3066/3066 3067/3067/3067
f 3035/3035/3035 3034/3034/3034 3068/3068/3068
f 3034/3034/3034 3067/3067/3067 3068/3068/3068
f 3036/3036/3036 3035/3035/3035 3069/3069/3069
f 3035/3035/3035 3068/3068/3068 3069/3069/3069
f 3037/3037/3037 3036/3036/3036 3070/3070/3070
f 3036/3036/3036 3069/3069/3069 3070/3070/3070
f 3039/3039/3039 3038/3038/3038 3072/3072/3072
f 3038/3038/3038 3071/3071/3071 3072/3072/3072
f 3040/3040/3040 3039/3039/3039 3073/3073/3073
f 3039/3039/3039 3072/3072/3072 3073/3073/3073
f 3041/3041/3041 3040/3040/3040 3074/3074/3074
f 3040/3040/3040 3073/3073/3073 3074/3074/3074
f 3042/3042/3042 3041/3041/3041 3075/3075/3075
f 3041/3041/3041 3074/3074/3074 3075/3075/3075
f 3043/3043/3043 3042/3042/3042 3076/3076/3076
f 3042/3042/3042 3075/3075/3075 3076/3076/3076
f 3044/3044/3044 3043/3043/3043 3077/3077/3077
f 3043/3043/3043 3076/3076/3076 3077/3077/3077
f 3045/3045/3045 3044/3044/3044 3078/3078/3078
f 3044/3044/3044 3077/3077/3077 3078/3078/3078
f 3046/3046/3046 3045/3045/3045 3079/3079/3079
f 3045/3045/3045 3078/3078/3078 3079/3079/3079
f 3047/3047/3047 3046/3046/3046 3080/3080/3080
f 3046/3046/3046 3079/3079/3079 3080/3080/3080
f 3048/3048/3048 3047/3047/3047 3081/3081/3081
f 3047/3047/3047 3080/3080/3080 3081/3081/3081
f 3049/3049/3049 3048/3048/3048 3082/3082/3082
f 3048/3048/3048 3081/3081/3081 3082/3082/3082
f 3050/3050/3050 3049/3049/3049 3083/3083/3083
f 3049/3049/3049 3082/3082/3082 3083/3083/3083
f 3051/3051/3051 3050/3050/3050 3084/3084/3084
f 3050/3050/3050 3083/3083/3083 3084/3084/3084
f 3052/3052/3052 3051/3051/3051 3085/3085/3085
f 3051/3051/3051 3084/3084/3084 3085/3085/3085
f 3053/3053/3053 3052/3052/3052 3086/3086/3086
f 3052/3052/3052 3085/3085/3085 3086/3086/3086
f 3054/3054/3054 3053/3053/3053 3087/3087/3087
f 3053/3053/3053 3086/3086/3086 3087/3087/3087
f 3055/3055/3055 3054/3054/3054 3088/3088/3088
f 3054/3054/3054 3087/3087/3087 3088/3088/3088
f 3056/3056/3056 3055/3055/3055 3089/3089/3089
f 3055/3055/3055 3088/3088/3088 3089/3089/3089
f 3057/3057/3057 3056/3056/3056 3090/3090/3090
f 3056/3056/3056 3089/3089/3089 3090/3090/3090
f 3058/3058/3058 3057/3057/3057 3091/3091/3091
f 3057/3057/3057 3090/3090/3090 3091/3091/3091
f 3059/3059/3059 3058/3058/3058 3092/3092/3092
f 3058/3058/3058 3091/3091/3091 3092/3092/3092
f 3060/3060/3060 3059/3059/3059 3093/3093/3093
f 3059/3059/3059 3092/3092/3092 3093/3093/3093
f 3061/3061/3061 3060/3060/3060 3094/3094/3094
f 3060/3060/3060 3093/3093/3093 3094/3094/3094
f 3062/3062/3062 3061/3061/3061 3095/3095/3095
f 3061/3061/3061 3094/3094/3094 3095/3095/3095
f 3063/3063/3063 3062/3062/3062 3096/3096/3096
f 3062/3062/3062 3095/3095/3095 3096/3096/3096
f 3064/3064/3064 3063/3063/3063 3097/3097/3097
f 3063/3063/3063 3096/3096/3096 3097/3097/3097
f 3065/3065/3065 3064/3064/3064 3098/3098/3098
f 3064/3064/3064 3097/3097/3097 3098/3098/3098
f 3066/3066/3066 3065/3065/3065 3099/3099/3099
f 3065/3065/3065 3098/3098/3098 3099/3099/3099
f 3067/3067/3067 3066/3066/3066 3100/3100/3100
f 3066/3066/3066 3099/3099/3099 3100/3100/3100
f 3068/3068/3068 3067/3067/3067 3101/3101/3101
f 3067/3067/3067 3100/3100/3100 3101/3101/3101
f 3069/3069/3069 3068/3068/3068 3102/3102/3102
f 3068/3068/3068 3101/3101/3101 3102/3102/3102
f 3070/3070/3070 3069/3069/3069 3103/3103/3103
f 3069/3069/3069 3102/3102/3102 3103/3103/3103
f 3072/3072/3072 3071/3071/3071 3105/3105/3105
f 3071/3071/3071 3104/3104/3104 3105/3105/3105
f 3073/3073/3073 3072/3072/3072 3106/3106/3106
f 3072/3072/3072 3105/3105/3105 3106/3106/3106
f 3074/3074/3074 3073/3073/3073 3107/3107/3107
f 3073/3073/3073 3106/3106/3106 3107/3107/3107
f 3075/3075/3075 3074/3074/3074 3108/3108/3108
f 3074/3074/3074 3107/3107/3107 3108/3108/3108
f 3076/3076/3076 3075/3075/3075 3109/3109/3109
f 3075/3075/3075 3108/3108/3108 3109/3109/3109
f 3077/3077/3077 3076/3076/3076 3110/3110/3110
f 3076/3076/3076 3109/3109/3109 3110/3110/3110
f 3078/3078/3078 3077/3077/3077 3111/3111/3111
f 3077/3077/3077 3110/3110/3110 3111/3111/3111
f 3079/3079/3079 3078/3078/3078 3112/3112/3112
f 3078/3078/3078 3111/3111/3111 3112/3112/3112
f 3080/3080/3080 3079/3079/3079 3113/3113/3113
f 3079/3079/3079 3112/3112/3112 3113/3113/3113
f 3081/3081/3081 3080/3080/3080 3114/3114/3114
f 3080/3080/3080 3113/3113/3113 3114/3114/3114
f 3082/3082/3082 3081/3081/3081 3115/3115/3115
f 3081/3081/3081 3114/3114/3114 3115/3115/3115
f 3083/3083/3083 3082/3082/3082 3116/3116/3116
f 3082/3082/3082 3115/3115/3115 3116/3116/3116
f 3084/3084/3084 3083/3083/3083 3117/3117/3117
f 3083/3083/3083 3116/3116/3116 3117/3117/3117
f 3085/3085/3085 3084/3084/3084 3118/3118/3118
f 3084/3084/3084 3117/3117/3117 3118/3118/3118
f 3086/3086/3086 3085/3085/3085 3119/3119/3119
f 3085/3085/3085 3118/3118/3118 3119/3119/3119
f 3087/3087/3087 3086/3086/3086 3120/3120/3120
f 3086/3086/3086 3119/3119/3119 3120/3120/3120
f 3088/3088/3088 3087/3087/3087 3121/3121/3121
f 3087/3087/3087 3120/3120/3120 3121/3121/3121
f 3089/3089/3089 3088/3088/3088 3122/3122/3122
f 3088/3088/3088 3121/3121/3121 3122/3122/3122
f 3090/3090/3090 3089/3089/3089 3123/3123/3123
f 3089/3089/3089 3122/3122/3122 3123/3123/3123
f 3091/3091/3091 3090/3090/3090 3124/3124/3124
f 3090/3090/3090 3123/3123/3123 3124/3124/3124
f 3092/3092/3092 3091/3091/3091 3125/3125/3125
f 3091/3091/3091 3124/3124/3124 3125/3125/3125
f 3093/3093/3093 3092/3092/3092 3126/3126/3126
f 3092/3092/3092 3125/3125/3125 3126/3126/3126
f 3094/3094/3094 3093/3093/3093 3127/3127/3127
f 3093/3093/3093 3126/3126/3126 3127/3127/3127
f 3095/3095/3095 3094/3094/3094 3128/3128/3128
f 3094/3094/3094 3127/3127/3127 3128/3128/3128
f 3096/3096/3096 3095/3095/3095 3129/3129/3129
f 3095/3095/3095 3128/3128/3128 3129/3129/3129
f 3097/3097/3097 3096/3096/3096 3130/3130/3130
f 3096/3096/3096 3129/3129/3129 3130/3130/3130
f 3098/3098/3098 3097/3097/3097 3131/3131/3131
f 3097/3097/3097 3130/3130/3130 3131/3131/3131
f 3099/3099/3099 3098/3098/3098 3132/3132/3132
f 3098/3098/3098 3131/3131/3131 3132/3132/3132
f 3100/3100/3100 3099/3099/3099 3133/3133/3133
f 3099/3099/3099 3132/3132/3132 3133/3133/3133
f 3101/3101/3101 3100/3100/3100 3134/3134/3134
f 3100/3100/3100 3133/3133/3133 3134/3134/3134
f 3102/3102/3102 3101/3101/3101 3135/3135/3135
f 3101/3101/3101 3134/3134/3134 3135/3135/3135
f 3103/3103/3103 3102/3102/3102 3136/3136/3136
f 3102/3102/3102 3135/3135/3135 3136/3136/3136
f 3105/3105/3105 3104/3104/3104 3138/3138/3138
f 3104/3104/3104 3137/3137/3137 3138/3138/3138
f 3106/3106/3106 3105/3105/3105 3139/3139/3139
f 3105/3105/3105 3138/3138/3138 3139/3139/3139
f 3107/3107/3107 3106/3106/3106 3140/3140/3140
f 3106/3106/3106 3139/3139/3139 3140/3140/3140
f 3108/3108/3108 3107/3107/3107 3141/3141/3141
f 3107/3107/3107 3140/3140/3140 3141/3141/3141
f 3109/3109/3109 3108/3108/3108 3142/3142/3142
f 3108/3108/3108 3141/3141/3141 3142/3142/3142
f 3110/3110/3110 3109/3109/3109 3143/3143/3143
f 3109/3109/3109 3142/3142/3142 3143/3143/3143
f 3111/3111/3111 3110/3110/3110 3144/3144/3144
f 3110/3110/3110 3143/3143/3143 3144/3144/3144
f 3112/3112/3112 3111/3111/3111 3145/3145/3145
f 3111/3111/3111 3144/3144/3144 3145/3145/3145
f 3113/3113/3113 3112/3112/3112 3146/3146/3146
f 3112/3112/3112 3145/3145/3145 3146/3146/3146
f 3114/3114/3114 3113/3113/3113 3147/3147/3147
f 3113/3113/3113 3146/3146/3146 3147/3147/3147
f 3115/3115/3115 3114/3114/3114 3148/3148/3148
f 3114/3114/3114 3147/3147/3147 3148/3148/3148
f 3116/3116/3116 3115/3115/3115 3149/3149/3149
f 3115/3115/3115 3148/3148/3148 3149/3149/3149
f 3117/3117/3117 3116/3116/3116 3150/3150/3150
f 3116/3116/3116 3149/3149/3149 3150/3150/3150
f 3118/3118/3118 3117/3117/3117 3151/3151/3151
f 3117/3117/3117 3150/3150/3150 3151/3151/3151
f 3119/3119/3119 3118/3118/3118 3152/3152/3152
f 3118/3118/3118 3151/3151/3151 3152/3152/3152
f 3120/3120/3120 3119/3119/3119 3153/3153/3153
f 3119/3119/3119 3152/3152/3152 3153/3153/3153
f 3121/3121/3121 3120/3120/3120 3154/3154/3154
f 3120/3120/3120 3153/3153/3153 3154/3154/3154
f 3122/3122/3122 3121/3121/3121 3155/3155/3155
f 3121/3121/3121 3154/3154/3154 3155/3155/3155
f 3123/3123/3123 3122/3122/3122 3156/3156/3156
f 3122/3122/3122 3155/3155/3155 3156/3156/3156
f 3124/3124/3124 3123/3123/3123 3157/3157/3157
f 3123/3123/3123 3156/3156/3156 3157/3157/3157
f 3125/3125/3125 3124/3124/3124 3158/3158/3158
f 3124/3124/3124 3157/3157/3157 3158/3158/3158
f 3126/3126/3126 3125/3125/3125 3159/3159/3159
f 3125/3125/3125 3158/3158/3158 3159/3159/3159
f 3127/3127/3127 3126/3126/3126 3160/3160/3160
f 3126/3126/3126 3159/3159/3159 3160/3160/3160
f 3128/3128/3128 3127/3127/3127 3161/3161/3161
f 3127/3127/3127 3160/3160/3160 3161/3161/3161
f 3129/3129/3129 3128/3128/3128 3162/3162/3162
f 3128/3128/3128 3161/3161/3161 3162/3162/3162
f 3130/3130/3130 3129/3129/3129 3163/3163/3163
f 3129/3129/3129 3162/3162/3162 3163/3163/3163
f 3131/3131/3131 3130/3130/3130 3164/3164/3164
f 3130/3130/3130 3163/3163/3163 3164/3164/3164
f 3132/3132/3132 3131/3131/3131 3165/3165/3165
f 3131/3131/3131 3164/3164/3164 3165/3165/3165
f 3133/3133/3133 3132/3132/3132 3166/3166/3166
f 3132/3132/3132 3165/3165/3165 3166/3166/3166
f 3134/3134/3134 3133/3133/3133 3167/3167/3167
f 3133/3133/3133 3166/3166/3166 3167/3167/3167
f 3135/3135/3135 3134/3134/3134 3168/3168/3168
f 3134/3134/3134 3167/3167/3167 3168/3168/3168
f 3136/3136/3136 3135/3135/3135 3169/3169/3169
f 3135/3135/3135 3168/3168/3168 3169/3169/3169
f 3138/3138/3138 3137/3137/3137 3171/3171/3171
f 3137/3137/3137 3170/3170/3170 3171/3171/3171
f 3139/3139/3139 3138/3138/3138 3172/3172/3172
f 3138/3138/3138 3171/3171/3171 3172/3172/3172
f 3140/3140/3140 3139/3139/3139 3173/3173/3173
f 3139/3139/3139 3172/3172/3172 3173/3173/3173
f 3141/3141/3141 3140/3140/3140 3174/3174/3174
f 3140/3140/3140 3173/3173/3173 3174/3174/3174
f 3142/3142/3142 3141/3141/3141 3175/3175/3175
f 3141/3141/3141 3174/3174/3174 3175/3175/3175
f 3143/3143/3143 3142/3142/3142 3176/3176/3176
f 3142/3142/3142 3175/3175/3175 3176/3176/3176
f 3144/3144/3144 3143/3143/3143 3177/3177/3177
f 3143/3143/3143 3176/3176/3176 3177/3177/3177
f 3145/3145/3145 3144/3144/3144 3178/3178/3178
f 3144/3144/3144 3177/3177/3177 3178/3178/3178
f 3146/3146/3146 3145/3145/3145 3179/3179/3179
f 3145/3145/3145 3178/3178/3178 3179/3179/3179
f 3147/3147/3147 3146/3146/3146 3180/3180/3180
f 3146/3146/3146 3179/3179/3179 3180/3180/3180
f 3148/3148/3148 3147/3147/3147 3181/3181/3181
f 3147/3147/3147 3180/3180/3180 3181/3181/3181
f 3149/3149/3149 3148/3148/3148 3182/3182/3182
f 3148/3148/3148 3181/3181/3181 3182/3182/3182
f 3150/3150/3150 3149/3149/3149 3183/3183/3183
f 3149/3149/3149 3182/3182/3182 3183/3183/3183
f 3151/3151/3151 3150/3150/3150 3184/3184/3184
f 3150/3150/3150 3183/3183/3183 3184/3184/3184
f 3152/3152/3152 3151/3151/3151 3185/3185/3185
f 3151/3151/3151 3184/3184/3184 3185/3185/3185
f 3153/3153/3153 3152/3152/3152 3186/3186/3186
f 3152/3152/3152 3185/3185/3185 3186/3186/3186
f 3154/3154/3154 3153/3153/3153 3187/3187/3187
f 3153/3153/3153 3186/3186/3186 3187/3187/3187
f 3155/3155/3155 3154/3154/3154 3188/3188/3188
f 3154/3154/3154 3187/3187/3187 3188/3188/3188
f 3156/3156/3156 3155/3155/3155 3189/3189/3189
f 3155/3155/3155 3188/3188/3188 3189/3189/3189
f 3157/3157/3157 3156/3156/3156 3190/3190/3190
f 3156/3156/3156 3189/3189/3189 3190/3190/3190
f 3158/3158/3158 3157/3157/3157 3191/3191/3191
f 3157/3157/3157 3190/3190/3190 3191/3191/3191
f 3159/3159/3159 3158/3158/3158 3192/3192/3192
f 3158/3158/3158 3191/3191/3191 3192/3192/3192
f 3160/3160/3160 3159/3159/3159 3193/3193/3193
f 3159/3159/3159 3192/3192/3192 3193/3193/3193
f 3161/3161/3161 3160/3160/3160 3194/3194/3194
f 3160/3160/3160 3193/3193/3193 3194/3194/3194
f 3162/3162/3162 3161/3161/3161 3195/3195/3195
f 3161/3161/3161 3194/3194/3194 3195/3195/3195
f 3163/3163/3163 3162/3162/3162 3196/3196/3196
f 3162/3162/3162 3195/3195/3195 3196/3196/3196
f 3164/3164/3164 3163/3163/3163 3197/3197/3197
f 3163/3163/3163 3196/3196/3196 3197/3197/3197
f 3165/3165/3165 3164/3164/3164 3198/3198/3198
f 3164/3164/3164 3197/3197/3197 3198/3198/3198
f 3166/3166/3166 3165/3165/3165 3199/3199/3199
f 3165/3165/3165 3198/3198/3198 3199/3199/3199
f 3167/3167/3167 3166/3166/3166 3200/3200/3200
f 3166/3166/3166 3199/3199/3199 3200/3200/3200
f 3168/3168/3168 3167/3167/3167 3201/3201/3201
f 3167/3167/3167 3200/3200/3200 3201/3201/3201
f 3169/3169/3169 3168/3168/3168 3202/3202/3202
f 3168/3168/3168 3201/3201/3201 3202/3202/3202
f 3171/3171/3171 3170/3170/3170 3204/3204/3204
f 3170/3170/3170 3203/3203/3203 3204/3204/3204
f 3172/3172/3172 3171/3171/3171 3205/3205/3205
f 3171/3171/3171 3204/3204/3204 3205/3205/3205
f 3173/3173/3173 3172/3172/3172 3206/3206/3206
f 3172/3172/3172 3205/3205/3205 3206/3206/3206
f 3174/3174/3174 3173/3173/3173 3207/3207/3207
f 3173/3173/3173 3206/3206/3206 3207/3207/3207
f 3175/3175/3175 3174/3174/3174 3208/3208/3208
f 3174/3174/3174 3207/3207/3207 3208/3208/3208
f 3176/3176/3176 3175/3175/3175 3209/3209/3209
f 3175/3175/3175 3208/3208/3208 3209/3209/3209
f 3177/3177/3177 3176/3176/3176 3210/3210/3210
f 3176/3176/3176 3209/3209/3209 3210/3210/3210
f 3178/3178/3178 3177/3177/3177 3211/3211/3211
f 3177/3177/3177 3210/3210/3210 3211/3211/3211
f 3179/3179/3179 3178/3178/3178 3212/3212/3212
f 3178/3178/3178 3211/3211/3211 3212/3212/3212
f 3180/3180/3180 3179/3179/3179 3213/3213/3213
f 3179/3179/3179 3212/3212/3212 3213/3213/3213
f 3181/3181/3181 3180/3180/3180 3214/3214/3214
f 3180/3180/3180 3213/3213/3213 3214/3214/3214
f 3182/3182/3182 3181/3181/3181 3215/3215/3215
f 3181/3181/3181 3214/3214/3214 3215/3215/3215
f 3183/3183/3183 3182/3182/3182 3216/3216/3216
f 3182/3182/3182 3215/3215/3215 3216/3216/3216
f 3184/3184/3184 3183/3183/3183 3217/3217/3217
f 3183/3183/3183 3216/3216/3216 3217/3217/3217
f 3185/3185/3185 3184/3184/3184 3218/3218/3218
f 3184/3184/3184 3217/3217/3217 3218/3218/3218
f 3186/3186/3186 3185/3185/3185 3219/3219/3219
f 3185/3185/3185 3218/3218/3218 3219/3219/3219
f 3187/3187/3187 3186/3186/3186 3220/3220/3220
f 3186/3186/3186 3219/3219/3219 3220/3220/3220
f 3188/3188/3188 3187/3187/3187 3221/3221/3221
f 3187/3187/3187 3220/3220/3220 3221/3221/3221
f 3189/3189/3189 3188/3188/3188 3222/3222/3222
f 3188/3188/3188 3221/3221/3221 3222/3222/3222
f 3190/3190/3190 3189/3189/3189 3223/3223/3223
f 3189/3189/3189 3222/3222/3222 3223/3223/3223
f 3191/3191/3191 3190/3190/3190 3224/3224/3224
f 3190/3190/3190 3223/3223/3223 3224/3224/3224
f 3192/3192/3192 3191/3191/3191 3225/3225/3225
f 3191/3191/3191 3224/3224/3224 3225/3225/3225
f 3193/3193/3193 3192/3192/3192 3226/3226/3226
f 3192/3192/3192 3225/3225/3225 3226/3226/3226
f 3194/3194/3194 3193/3193/3193 3227/3227/3227
f 3193/3193/3193 3226/3226/3226 3227/3227/3227
f 3195/3195/3195 3194/3194/3194 3228/3228/3228
f 3194/3194/3194 3227/3227/3227 3228/3228/3228
f 3196/3196/3196 3195/3195/3195 3229/3229/3229
f 3195/3195/3195 3228/3228/3228 3229/3229/3229
f 3197/3197/3197 3196/3196/3196 3230/3230/3230
f 3196/3196/3196 3229/3229/3229 3230/3230/3230
f 3198/3198/3198 3197/3197/3197 3231/3231/3231
f 3197/3197/3197 3230/3230/3230 3231/3231/3231
f 3199/3199/3199 3198/3198/3198 3232/3232/3232
f 3198/3198/3198 3231/3231/3231 3232/3232/3232
f 3200/3200/3200 3199/3199/3199 3233/3233/3233
f 3199/3199/3199 3232/3232/3232 3233/3233/3233
f 3201/3201/3201 3200/3200/3200 3234/3234/3234
f 3200/3200/3200 3233/3233/3233 3234/3234/3234
f 3202/3202/3202 3201/3201/3201 3235/3235/3235
f 3201/3201/3201 3234/3234/3234 3235/3235/3235
f 3204/3204/3204 3203/3203/3203 3237/3237/3237
f 3203/3203/3203 3236/3236/3236 3237/3237/3237
f 3205/3205/3205 3204/3204/3204 3238/3238/3238
f 3204/3204/3204 3237/3237/3237 3238/3238/3238
f 3206/3206/3206 3205/3205/3205 3239/3239/3239
f 3205/3205/3205 3238/3238/3238 3239/3239/3239
f 3207/3207/3207 3206/3206/3206 3240/3240/3240
f 3206/3206/3206 3239/3239/3239 3240/3240/3240
f 3208/3208/3208 3207/3207/3207 3241/3241/3241
f 3207/3207/3207 3240/3240/3240 3241/3241/3241
f 3209/3209/3209 3208/3208/3208 3242/3242/3242
f 3208/3208/3208 3241/3241/3241 3242/3242/3242
f 3210/3210/3210 3209/3209/3209 3243/3243/3243
f 3209/3209/3209 3242/3242/3242 3243/3243/3243
f 3211/3211/3211 3210/3210/3210 3244/3244/3244
f 3210/3210/3210 3243/3243/3243 3244/3244/3244
f 3212/3212/3212 3211/3211/3211 3245/3245/3245
f 3211/3211/3211 3244/3244/3244 3245/3245/3245
f 3213/3213/3213 3212/3212/3212 3246/3246/3246
f 3212/3212/3212 3245/3245/3245 3246/3246/3246
f 3214/3214/3214 3213/3213/3213 3247/3247/3247
f 3213/3213/3213 3246/3246/3246 3247/3247/3247
f 3215/3215/3215 3214/3214/3214 3248/3248/3248
f 3214/3214/3214 3247/3247/3247 3248/3248/3248
f 3216/3216/3216 3215/3215/3215 3249/3249/3249
f 3215/3215/3215 3248/3248/3248 3249/3249/3249
f 3217/3217/3217 3216/3216/3216 3250/3250/3250
f 3216/3216/3216 3249/3249/3249 3250/3250/3250
f 3218/3218/3218 3217/3217/3217 3251/3251/3251
f 3217/3217/3217 3250/3250/3250 3251/3251/3251
f 3219/3219/3219 3218/3218/3218 3252/3252/3252
f 3218/3218/3218 3251/3251/3251 3252/3252/3252
f 3220/3220/3220 3219/3219/3219 3253/3253/3253
f 3219/3219/3219 3252/3252/3252 3253/3253/3253
f 3221/3221/3221 3220/3220/3220 3254/3254/3254
f 3220/3220/3220 3253/3253/3253 3254/3254/3254
f 3222/3222/3222 3221/3221/3221 3255/3255/3255
f 3221/3221/3221 3254/3254/3254 3255/3255/3255
f 3223/3223/3223 3222/3222/3222 3256/3256/3256
f 3222/3222/3222 3255/3255/3255 3256/3256/3256
f 3224/3224/3224 3223/3223/3223 3257/3257/3257
f 3223/3223/3223 3256/3256/3256 3257/3257/3257
f 3225/3225/3225 3224/3224/3224 3258/3258/3258
f 3224/3224/3224 3257/3257/3257 3258/3258/3258
f 3226/3226/3226 3225/3225/3225 3259/3259/3259
f 3225/3225/3225 3258/3258/3258 3259/3259/3259
f 3227/3227/3227 3226/3226/3226 3260/3260/3260
f 3226/3226/3226 3259/3259/3259 3260/3260/3260
f 3228/3228/3228 3227/3227/3227 3261/3261/3261
f 3227/3227/3227 3260/3260/3260 3261/3261/3261
f 3229/3229/3229 3228/3228/3228 3262/3262/3262
f 3228/3228/3228 3261/3261/3261 3262/3262/3262
f 3230/3230/3230 3229/3229/3229 3263/3263/3263
f 3229/3229/3229 3262/3262/3262 3263/3263/3263
f 3231/3231/3231 3230/3230/3230 3264/3264/3264
f 3230/3230/3230 3263/3263/3263 3264/3264/3264
f 3232/3232/3232 3231/3231/3231 3265/3265/3265
f 3231/3231/3231 3264/3264/3264 3265/3265/3265
f 3233/3233/3233 3232/3232/3232 3266/3266/3266
f 3232/3232/3232 3265/3265/3265 3266/3266/3266
f 3234/3234/3234 3233/3233/3233 3267/3267/3267
f 3233/3233/3233 3266/3266/3266 3267/3267/3267
f 3235/3235/3235 3234/3234/3234 3268/3268/3268
f 3234/3234/3234 3267/3267/3267 3268/3268/3268
f 3237/3237/3237 3236/3236/3236 3270/3270/3270
f 3236/3236/3236 3269/3269/3269 3270/3270/3270
f 3238/3238/3238 3237/3237/3237 3271/3271/3271
f 3237/3237/3237 3270/3270/3270 3271/3271/3271
f 3239/3239/3239 3238/3238/3238 3272/3272/3272
f 3238/3238/3238 3271/3271/3271 3272/3272/3272
f 3240/3240/3240 3239/3239/3239 3273/3273/3273
f 3239/3239/3239 3272/3272/3272 3273/3273/3273
f 3241/3241/3241 3240/3240/3240 3274/3274/3274
f 3240/3240/3240 3273/3273/3273 3274/3274/3274
f 3242/3242/3242 3241/3241/3241 3275/3275/3275
f 3241/3241/3241 3274/3274/3274 3275/3275/3275
f 3243/3243/3243 3242/3242/3242 3276/3276/3276
f 3242/3242/3242 3275/3275/3275 3276/3276/3276
f 3244/3244/3244 3243/3243/3243 3277/3277/3277
f 3243/3243/3243 3276/3276/3276 3277/3277/3277
f 3245/3245/3245 3244/3244/3244 3278/3278/3278
f 3244/3244/3244 3277/3277/3277 3278/3278/3278
f 3246/3246/3246 3245/3245/3245 3279/3279/3279
f 3245/3245/3245 3278/3278/3278 3279/3279/3279
f 3247/3247/3247 3246/3246/3246 3280/3280/3280
f 3246/3246/3246 3279/3279/3279 3280/3280/3280
f 3248/3248/3248 3247/3247/3247 3281/3281/3281
f 3247/3247/3247 3280/3280/3280 3281/3281/3281
f 3249/3249/3249 3248/3248/3248 3282/3282/3282
f 3248/3248/3248 3281/3281/3281 3282/3282/3282
f 3250/3250/3250 3249/3249/3249 3283/3283/3283
f 3249/3249/3249 3282/3282/3282 3283/3283/3283
f 3251/3251/3251 3250/3250/3250 3284/3284/3284
f 3250/3250/3250 3283/3283/3283 3284/3284/3284
f 3252/3252/3252 3251/3251/3251 3285/3285/3285
f 3251/3251/3251 3284/3284/3284 3285/3285/3285
f 3253/3253/3253 3252/3252/3252 3286/3286/3286
f 3252/3252/3252 3285/3285/3285 3286/3286/3286
f 3254/3254/3254 3253/3253/3253 3287/3287/3287
f 3253/3253/3253 3286/3286/3286 3287/3287/3287
f 3255/3255/3255 3254/3254/3254 3288/3288/3288
f 3254/3254/3254 3287/3287/3287 3288/3288/3288
f 3256/3256/3256 3255/3255/3255 3289/3289/3289
f 3255/3255/3255 3288/3288/3288 3289/3289/3289
f 3257/3257/3257 3256/3256/3256 3290/3290/3290
f 3256/3256/3256 3289/3289/3289 3290/3290/3290
f 3258/3258/3258 3257/3257/3257 3291/3291/3291
f 3257/3257/3257 3290/3290/3290 3291/3291/3291
f 3259/3259/3259 3258/3258/3258 3292/3292/3292
f 3258/3258/3258 3291/3291/3291 3292/3292/3292
f 3260/3260/3260 3259/3259/3259 3293/3293/3293
f 3259/3259/3259 3292/3292/3292 3293/3293/3293
f 3261/3261/3261 3260/3260/3260 3294/3294/3294
f 3260/3260/3260 3293/3293/3293 3294/3294/3294
f 3262/3262/3262 3261/3261/3261 3295/3295/3295
f 3261/3261/3261 3294/3294/3294 3295/3295/3295
f 3263/3263/3263 3262/3262/3262 3296/3296/3296
f 3262/3262/3262 3295/3295/3295 3296/3296/3296
f 3264/3264/3264 3263/3263/3263 3297/3297/3297
f 3263/3263/3263 3296/3296/3296 3297/3297/3297
f 3265/3265/3265 3264/3264/3264 3298/3298/3298
f 3264/3264/3264 3297/3297/3297 3298/3298/3298
f 3266/3266/3266 3265/3265/3265 3299/3299/3299
f 3265/3265/3265 3298/3298/3298 3299/3299/3299
f 3267/3267/3267 3266/3266/3266 3300/3300/3300
f 3266/3266/3266 3299/3299/3299 3300/3300/3300
f 3268/3268/3268 3267/3267/3267 3301/3301/3301
f 3267/3267/3267 3300/3300/3300 3301/3301/3301
f 3270/3270/3270 3269/3269/3269 3303/3303/3303
f 3269/3269/3269 3302/3302/3302 3303/3303/3303
f 3271/3271/3271 3270/3270/3270 3304/3304/3304
f 3270/3270/3270 3303/3303/3303 3304/3304/3304
f 3272/3272/3272 3271/3271/3271 3305/3305/3305
f 3271/3271/3271 3304/3304/3304 3305/3305/3305
f 3273/3273/3273 3272/3272/3272 3306/3306/3306
f 3272/3272/3272 3305/3305/3305 3306/3306/3306
f 3274/3274/3274 3273/3273/3273 3307/3307/3307
f 3273/3273/3273 3306/3306/3306 3307/3307/3307
f 3275/3275/3275 3274/3274/3274 3308/3308/3308
f 3274/3274/3274 3307/3307/3307 3308/3308/3308
f 3276/3276/3276 3275/3275/3275 3309/3309/3309
f 3275/3275/3275 3308/3308/3308 3309/3309/3309
f 3277/3277/3277 3276/3276/3276 3310/3310/3310
f 3276/3276/3276 3309/3309/3309 3310/3310/3310
f 3278/3278/3278 3277/3277/3277 3311/3311/3311
f 3277/3277/3277 3310/3310/3310 3311/3311/3311
f 3279/3279/3279 3278/3278/3278 3312/3312/3312
f 3278/3278/3278 3311/3311/3311 3312/3312/3312
f 3280/3280/3280 3279/3279/3279 3313/3313/3313
f 3279/3279/3279 3312/3312/3312 3313/3313/3313
f 3281/3281/3281 3280/3280/3280 3314/3314/3314
f 3280/3280/3280 3313/3313/3313 3314/3314/3314
f 3282/3282/3282 3281/3281/3281 3315/3315/3315
f 3281/3281/3281 3314/3314/3314 3315/3315/3315
f 3283/3283/3283 3282/3282/3282 3316/3316/3316
f 3282/3282/3282 3315/3315/3315 3316/3316/3316
f 3284/3284/3284 3283/3283/3283 3317/3317/3317
f 3283/3283/3283 3316/3316/3316 3317/3317/3317
f 3285/3285/3285 3284/3284/3284 3318/3318/3318
f 3284/3284/3284 3317/3317/3317 3318/3318/3318
f 3286/3286/3286 3285/3285/3285 3319/3319/3319
f 3285/3285/3285 3318/3318/3318 3319/3319/3319
f 3287/3287/3287 3286/3286/3286 3320/3320/3320
f 3286/3286/3286 3319/3319/3319 3320/3320/3320
f 3288/3288/3288 3287/3287/3287 3321/3321/3321
f 3287/3287/3287 3320/3320/3320 3321/3321/3321
f 3289/3289/3289 3288/3288/3288 3322/3322/3322
f 3288/3288/3288 3321/3321/3321 3322/3322/3322
f 3290/3290/3290 3289/3289/3289 3323/3323/3323
f 3289/3289/3289 3322/3322/3322 3323/3323/3323
f 3291/3291/3291 3290/3290/3290 3324/3324/3324
f 3290/3290/3290 3323/3323/3323 3324/3324/3324
f 3292/3292/3292 3291/3291/3291 3325/3325/3325
f 3291/3291/3291 3324/3324/3324 3325/3325/3325
f 3293/3293/3293 3292/3292/3292 3326/3326/3326
f 3292/3292/3292 3325/3325/3325 3326/3326/3326
f 3294/3294/3294 3293/3293/3293 3327/3327/3327
f 3293/3293/3293 3326/3326/3326 3327/3327/3327
f 3295/3295/3295 3294/3294/3294 3328/3328/3328
f 3294/3294/3294 3327/3327/3327 3328/3328/3328
f 3296/3296/3296 3295/3295/3295 3329/3329/3329
f 3295/3295/3295 3328/3328/3328 3329/3329/3329
f 3297/3297/3297 3296/3296/3296 3330/3330/3330
f 3296/3296/3296 3329/3329/3329 3330/3330/3330
f 3298/3298/3298 3297/3297/3297 3331/3331/3331
f 3297/3297/3297 3330/3330/3330 3331/3331/3331
f 3299/3299/3299 3298/3298/3298 3332/3332/3332
f 3298/3298/3298 3331/3331/3331 3332/3332/3332
f 3300/3300/3300 3299/3299/3299 3333/3333/3333
f 3299/3299/3299 3332/3332/3332 3333/3333/3333
f 3301/3301/3301 3300/3300/3300 3334/3334/3334
f 3300/3300/3300 3333/3333/3333 3334/3334/3334
f 3303/3303/3303 3302/3302/3302 3336/3336/3336
f 3302/3302/3302 3335/3335/3335 3336/3336/3336
f 3304/3304/3304 3303/3303/3303 3337/3337/3337
f 3303/3303/3303 3336/3336/3336 3337/3337/3337
f 3305/3305/3305 3304/3304/3304 3338/3338/3338
f 3304/3304/3304 3337/3337/3337 3338/3338/3338
f 3306/3306/3306 3305/3305/3305 3339/3339/3339
f 3305/3305/3305 3338/3338/3338 3339/3339/3339
f 3307/3307/3307 3306/3306/3306 3340/3340/3340
f 3306/3306/3306 3339/3339/3339 3340/3340/3340
f 3308/3308/3308 3307/3307/3307 3341/3341/3341
f 3307/3307/3307 3340/3340/3340 3341/3341/3341
f 3309/3309/3309 3308/3308/3308 3342/3342/3342
f 3308/3308/3308 3341/3341/3341 3342/3342/3342
f 3310/3310/3310 3309/3309/3309 3343/3343/3343
f 3309/3309/3309 3342/3342/3342 3343/3343/3343
f 3311/3311/3311 3310/3310/3310 3344/3344/3344
f 3310/3310/3310 3343/3343/3343 3344/3344/3344
f 3312/3312/3312 3311/3311/3311 3345/3345/3345
f 3311/3311/3311 3344/3344/3344 3345/3345/3345
f 3313/3313/3313 3312/3312/3312 3346/3346/3346
f 3312/3312/3312 3345/3345/3345 3346/3346/3346
f 3314/3314/3314 3313/3313/3313 3347/3347/3347
f 3313/3313/3313 3346/3346/3346 3347/3347/3347
f 3315/3315/3315 3314/3314/3314 3348/3348/3348
f 3314/3314/3314 3347/3347/3347 3348/3348/3348
f 3316/3316/3316 3315/3315/3315 3349/3349/3349
f 3315/3315/3315 3348/3348/3348 3349/3349/3349
f 3317/3317/3317 3316/3316/3316 3350/3350/3350
f 3316/3316/3316 3349/3349/3349 3350/3350/3350
f 3318/3318/3318 3317/3317/3317 3351/3351/3351
f 3317/3317/3317 3350/3350/3350 3351/3351/3351
f 3319/3319/3319 3318/3318/3318 3352/3352/3352
f 3318/3318/3318 3351/3351/3351 3352/3352/3352
f 3320/3320/3320 3319/3319/3319 3353/3353/3353
f 3319/3319/3319 3352/3352/3352 3353/3353/3353
f 3321/3321/3321 3320/3320/3320 3354/3354/3354
f 3320/3320/3320 3353/3353/3353 3354/3354/3354
f 3322/3322/3322 3321/3321/3321 3355/3355/3355
f 3321/3321/3321 3354/3354/3354 3355/3355/3355
f 3323/3323/3323 3322/3322/3322 3356/3356/3356
f 3322/3322/3322 3355/3355/3355 3356/3356/3356
f 3324/3324/3324 3323/3323/3323 3357/3357/3357
f 3323/3323/3323 3356/3356/3356 3357/3357/3357
f 3325/3325/3325 3324/3324/3324 3358/3358/3358
f 3324/3324/3324 3357/3357/3357 3358/3358/3358
f 3326/3326/3326 3325/3325/3325 3359/3359/3359
f 3325/3325/3325 3358/3358/3358 3359/3359/3359
f 3327/3327/3327 3326/3326/3326 3360/3360/3360
f 3326/3326/3326 3359/3359/3359 3360/3360/3360
f 3328/3328/3328 3327/3327/3327 3361/3361/3361
f 3327/3327/3327 3360/3360/3360 3361/3361/3361
f 3329/3329/3329 3328/3328/3328 3362/3362/3362
f 3328/3328/3328 3361/3361/3361 3362/3362/3362
f 3330/3330/3330 3329/3329/3329 3363/3363/3363
f 3329/3329/3329 3362/3362/3362 3363/3363/3363
f 3331/3331/3331 3330/3330/3330 3364/3364/3364
f 3330/3330/3330 3363/3363/3363 3364/3364/3364
f 3332/3332/3332 3331/3331/3331 3365/3365/3365
f 3331/3331/3331 3364/3364/3364 3365/3365/3365
f 3333/3333/3333 3332/3332/3332 3366/3366/3366
f 3332/3332/3332 3365/3365/3365 3366/3366/3366
f 3334/3334/3334 3333/3333/3333 3367/3367/3367
f 3333/3333/3333 3366/3366/3366 3367/3367/3367
f 3336/3336/3336 3335/3335/3335 3369/3369/3369
f 3335/3335/3335 3368/3368/3368 3369/3369/3369
f 3337/3337/3337 3336/3336/3336 3370/3370/3370
f 3336/3336/3336 3369/3369/3369 3370/3370/3370
f 3338/3338/3338 3337/3337/3337 3371/3371/3371
f 3337/3337/3337 3370/3370/3370 3371/3371/3371
f 3339/3339/3339 3338/3338/3338 3372/3372/3372
f 3338/3338/3338 3371/3371/3371 3372/3372/3372
f 3340/3340/3340 3339/3339/3339 3373/3373/3373
f 3339/3339/3339 3372/3372/3372 3373/3373/3373
f 3341/3341/3341 3340/3340/3340 3374/3374/3374
f 3340/3340/3340 3373/3373/3373 3374/3374/3374
f 3342/3342/3342 3341/3341/3341 3375/3375/3375
f 3341/3341/3341 3374/3374/3374 3375/3375/3375
f 3343/3343/3343 3342/3342/3342 3376/3376/3376
f 3342/3342/3342 3375/3375/3375 3376/3376/3376
f 3344/3344/3344 3343/3343/3343 3377/3377/3377
f 3343/3343/3343 3376/3376/3376 3377/3377/3377
f 3345/3345/3345 3344/3344/3344 3378/3378/3378
f 3344/3344/3344 3377/3377/3377 3378/3378/3378
f 3346/3346/3346 3345/3345/3345 3379/3379/3379
f 3345/3345/3345 3378/3378/3378 3379/3379/3379
f 3347/3347/3347 3346/3346/3346 3380/3380/3380
f 3346/3346/3346 3379/3379/3379 3380/3380/3380
f 3348/3348/3348 3347/3347/3347 3381/3381/3381
f 3347/3347/3347 3380/3380/3380 3381/3381/3381
f 3349/3349/3349 3348/3348/3348 3382/3382/3382
f 3348/3348/3348 3381/3381/3381 3382/3382/3382
f 3350/3350/3350 3349/3349/3349 3383/3383/3383
f 3349/3349/3349 3382/3382/3382 3383/3383/3383
f 3351/3351/3351 3350/3350/3350 3384/3384/3384
f 3350/3350/3350 3383/3383/3383 3384/3384/3384
f 3352/3352/3352 3351/3351/3351 3385/3385/3385
f 3351/3351/3351 3384/3384/3384 3385/3385/3385
f 3353/3353/3353 3352/3352/3352 3386/3386/3386
f 3352/3352/3352 3385/3385/3385 3386/3386/3386
f 3354/3354/3354 3353/3353/3353 3387/3387/3387
f 3353/3353/3353 3386/3386/3386 3387/3387/3387
f 3355/3355/3355 3354/3354/3354 3388/3388/3388
f 3354/3354/3354 3387/3387/3387 3388/3388/3388
f 3356/3356/3356 3355/3355/3355 3389/3389/3389
f 3355/3355/3355 3388/3388/3388 3389/3389/3389
f 3357/3357/3357 3356/3356/3356 3390/3390/3390
f 3356/3356/3356 3389/3389/3389 3390/3390/3390
f 3358/3358/3358 3357/3357/3357 3391/3391/3391
f 3357/3357/3357 3390/3390/3390 3391/3391/3391
f 3359/3359/3359 3358/3358/3358 3392/3392/3392
f 3358/3358/3358 3391/3391/3391 3392/3392/3392
f 3360/3360/3360 3359/3359/3359 3393/3393/3393
f 3359/3359/3359 3392/3392/3392 3393/3393/3393
f 3361/3361/3361 3360/3360/3360 3394/3394/3394
f 3360/3360/3360 3393/3393/3393 3394/3394/3394
f 3362/3362/3362 3361/3361/3361 3395/3395/3395
f 3361/3361/3361 3394/3394/3394 3395/3395/3395
f 3363/3363/3363 3362/3362/3362 3396/3396/3396
f 3362/3362/3362 3395/3395/3395 3396/3396/3396
f 3364/3364/3364 3363/3363/3363 3397/3397/3397
f 3363/3363/3363 3396/3396/3396 3397/3397/3397
f 3365/3365/3365 3364/3364/3364 3398/3398/3398
f 3364/3364/3364 3397/3397/3397 3398/3398/3398
f 3366/3366/3366 3365/3365/3365 3399/3399/3399
f 3365/3365/3365 3398/3398/3398 3399/3399/3399
f 3367/3367/3367 3366/3366/3366 3400/3400/3400
f 3366/3366/3366 3399/3399/3399 3400/3400/3400
f 3369/3369/3369 3368/3368/3368 3402/3402/3402
f 3368/3368/3368 3401/3401/3401 3402/3402/3402
f 3370/3370/3370 3369/3369/3369 3403/3403/3403
f 3369/3369/3369 3402/3402/3402 3403/3403/3403
f 3371/3371/3371 3370/3370/3370 3404/3404/3404
f 3370/3370/3370 3403/3403/3403 3404/3404/3404
f 3372/3372/3372 3371/3371/3371 3405/3405/3405
f 3371/3371/3371 3404/3404/3404 3405/3405/3405
f 3373/3373/3373 3372/3372/3372 3406/3406/3406
f 3372/3372/3372 3405/3405/3405 3406/3406/3406
f 3374/3374/3374 3373/3373/3373 3407/3407/3407
f 3373/3373/3373 3406/3406/3406 3407/3407/3407
f 3375/3375/3375 3374/3374/3374 3408/3408/3408
f 3374/3374/3374 3407/3407/3407 3408/3408/3408
f 3376/3376/3376 3375/3375/3375 3409/3409/3409
f 3375/3375/3375 3408/3408/3408 3409/3409/3409
f 3377/3377/3377 3376/3376/3376 3410/3410/3410
f 3376/3376/3376 3409/3409/3409 3410/3410/3410
f 3378/3378/3378 3377/3377/3377 3411/3411/3411
f 3377/3377/3377 3410/3410/3410 3411/3411/3411
f 3379/3379/3379 3378/3378/3378 3412/3412/3412
f 3378/3378/3378 3411/3411/3411 3412/3412/3412
f 3380/3380/3380 3379/3379/3379 3413/3413/3413
f 3379/3379/3379 3412/3412/3412 3413/3413/3413
f 3381/3381/3381 3380/3380/3380 3414/3414/3414
f 3380/3380/3380 3413/3413/3413 3414/3414/3414
f 3382/3382/3382 3381/3381/3381 3415/3415/3415
f 3381/3381/3381 3414/3414/3414 3415/3415/3415
f 3383/3383/3383 3382/3382/3382 3416/3416/3416
f 3382/3382/3382 3415/3415/3415 3416/3416/3416
f 3384/3384/3384 3383/3383/3383 3417/3417/3417
f 3383/3383/3383 3416/3416/3416 3417/3417/3417
f 3385/3385/3385 3384/3384/3384 3418/3418/3418
f 3384/3384/3384 3417/3417/3417 3418/3418/3418
f 3386/3386/3386 3385/3385/3385 3419/3419/3419
f 3385/3385/3385 3418/3418/3418 3419/3419/3419
f 3387/3387/3387 3386/3386/3386 3420/3420/3420
f 3386/3386/3386 3419/3419/3419 3420/3420/3420
f 3388/3388/3388 3387/3387/3387 3421/3421/3421
f 3387/3387/3387 3420/3420/3420 3421/3421/3421
f 3389/3389/3389 3388/3388/3388 3422/3422/3422
f 3388/3388/3388 3421/3421/3421 3422/3422/3422
f 3390/3390/3390 3389/3389/3389 3423/3423/3423
f 3389/3389/3389 3422/3422/3422 3423/3423/3423
f 3391/3391/3391 3390/3390/3390 3424/3424/3424
f 3390/3390/3390 3423/3423/3423 3424/3424/3424
f 3392/3392/3392 3391/3391/3391 3425/3425/3425
f 3391/3391/3391 3424/3424/3424 3425/3425/3425
f 3393/3393/3393 3392/3392/3392 3426/3426/3426
f 3392/3392/3392 3425/3425/3425 3426/3426/3426
f 3394/3394/3394 3393/3393/3393 3427/3427/3427
f 3393/3393/3393 3426/3426/3426 3427/3427/3427
f 3395/3395/3395 3394/3394/3394 3428/3428/3428
f 3394/3394/3394 3427/3427/3427 3428/3428/3428
f 3396/3396/3396 3395/3395/3395 3429/3429/3429
f 3395/3395/3395 3428/3428/3428 3429/3429/3429
f 3397/3397/3397 3396/3396/3396 3430/3430/3430
f 3396/3396/3396 3429/3429/3429 3430/3430/3430
f 3398/3398/3398 3397/3397/3397 3431/3431/3431
f 3397/3397/3397 3430/3430/3430 3431/3431/3431
f 3399/3399/3399 3398/3398/3398 3432/3432/3432
f 3398/3398/3398 3431/3431/3431 3432/3432/3432
f 3400/3400/3400 3399/3399/3399 3433/3433/3433
f 3399/3399/3399 3432/3432/3432 3433/3433/3433
f 3402/3402/3402 3401/3401/3401 3435/3435/3435
f 3401/3401/3401 3434/3434/3434 3435/3435/3435
f 3403/3403/3403 3402/3402/3402 3436/3436/3436
f 3402/3402/3402 3435/3435/3435 3436/3436/3436
f 3404/3404/3404 3403/3403/3403 3437/3437/3437
f 3403/3403/3403 3436/3436/3436 3437/3437/3437
f 3405/3405/3405 3404/3404/3404 3438/3438/3438
f 3404/3404/3404 3437/3437/3437 3438/3438/3438
f 3406/3406/3406 3405/3405/3405 3439/3439/3439
f 3405/3405/3405 3438/3438/3438 3439/3439/3439
f 3407/3407/3407 3406/3406/3406 3440/3440/3440
f 3406/3406/3406 3439/3439/3439 3440/3440/3440
f 3408/3408/3408 3407/3407/3407 3441/3441/3441
f 3407/3407/3407 3440/3440/3440 3441/3441/3441
f 3409/3409/3409 3408/3408/3408 3442/3442/3442
f 3408/3408/3408 3441/3441/3441 3442/3442/3442
f 3410/3410/3410 3409/3409/3409 3443/3443/3443
f 3409/3409/3409 3442/3442/3442 3443/3443/3443
f 3411/3411/3411 3410/3410/3410 3444/3444/3444
f 3410/3410/3410 3443/3443/3443 3444/3444/3444
f 3412/3412/3412 3411/3411/3411 3445/3445/3445
f 3411/3411/3411 3444/3444/3444 3445/3445/3445
f 3413/3413/3413 3412/3412/3412 3446/3446/3446
f 3412/3412/3412 3445/3445/3445 3446/3446/3446
f 3414/3414/3414 3413/3413/3413 3447/3447/3447
f 3413/3413/3413 3446/3446/3446 3447/3447/3447
f 3415/3415/3415 3414/3414/3414 3448/3448/3448
f 3414/3414/3414 3447/3447/3447 3448/3448/3448
f 3416/3416/3416 3415/3415/3415 3449/3449/3449
f 3415/3415/3415 3448/3448/3448 3449/3449/3449
f 3417/3417/3417 3416/3416/3416 3450/3450/3450
f 3416/3416/3416 3449/3449/3449 3450/3450/3450
f 3418/3418/3418 3417/3417/3417 3451/3451/3451
f 3417/3417/3417 3450/3450/3450 3451/3451/3451
f 3419/3419/3419 3418/3418/3418 3452/3452/3452
f 3418/3418/3418 3451/3451/3451 3452/3452/3452
f 3420/3420/3420 3419/3419/3419 3453/3453/3453
f 3419/3419/3419 3452/3452/3452 3453/3453/3453
f 3421/3421/3421 3420/3420/3420 3454/3454/3454
f 3420/3420/3420 3453/3453/3453 3454/3454/3454
f 3422/3422/3422 3421/3421/3421 3455/3455/3455
f 3421/3421/3421 3454/3454/3454 3455/3455/3455
f 3423/3423/3423 3422/3422/3422 3456/3456/3456
f 3422/3422/3422 3455/3455/3455 3456/3456/3456
f 3424/3424/3424 3423/3423/3423 3457/3457/3457
f 3423/3423/3423 3456/3456/3456 3457/3457/3457
f 3425/3425/3425 3424/3424/3424 3458/3458/3458
f 3424/3424/3424 3457/3457/3457 3458/3458/3458
f 3426/3426/3426 3425/3425/3425 3459/3459/3459
f 3425/3425/3425 3458/3458/3458 3459/3459/3459
f 3427/3427/3427 3426/3426/3426 3460/3460/3460
f 3426/3426/3426 3459/3459/3459 3460/3460/3460
f 3428/3428/3428 3427/3427/3427 3461/3461/3461
f 3427/3427/3427 3460/3460/3460 3461/3461/3461
f 3429/3429/3429 3428/3428/3428 3462/3462/3462
f 3428/3428/3428 3461/3461/3461 3462/3462/3462
f 3430/3430/3430 3429/3429/3429 3463/3463/3463
f 3429/3429/3429 3462/3462/3462 3463/3463/3463
f 3431/3431/3431 3430/3430/3430 3464/3464/3464
f 3430/3430/3430 3463/3463/3463 3464/3464/3464
f 3432/3432/3432 3431/3431/3431 3465/3465/3465
f 3431/3431/3431 3464/3464/3464 3465/3465/3465
f 3433/3433/3433 3432/3432/3432 3466/3466/3466
f 3432/3432/3432 3465/3465/3465 3466/3466/3466
f 3435/3435/3435 3434/3434/3434 3468/3468/3468
f 3434/3434/3434 3467/3467/3467 3468/3468/3468
f 3436/3436/3436 3435/3435/3435 3469/3469/3469
f 3435/3435/3435 3468/3468/3468 3469/3469/3469
f 3437/3437/3437 3436/3436/3436 3470/3470/3470
f 3436/3436/3436 3469/3469/3469 3470/3470/3470
f 3438/3438/3438 3437/3437/3437 3471/3471/3471
f 3437/3437/3437 3470/3470/3470 3471/3471/3471
f 3439/3439/3439 3438/3438/3438 3472/3472/3472
f 3438/3438/3438 3471/3471/3471 3472/3472/3472
f 3440/3440/3440 3439/3439/3439 3473/3473/3473
f 3439/3439/3439 3472/3472/3472 3473/3473/3473
f 3441/3441/3441 3440/3440/3440 3474/3474/3474
f 3440/3440/3440 3473/3473/3473 3474/3474/3474
f 3442/3442/3442 3441/3441/3441 3475/3475/3475
f 3441/3441/3441 3474/3474/3474 3475/3475/3475
f 3443/3443/3443 3442/3442/3442 3476/3476/3476
f 3442/3442/3442 3475/3475/3475 3476/3476/3476
f 3444/3444/3444 3443/3443/3443 3477/3477/3477
f 3443/3443/3443 3476/3476/3476 3477/3477/3477
f 3445/3445/3445 3444/3444/3444 3478/3478/3478
f 3444/3444/3444 3477/3477/3477 3478/3478/3478
f 3446/3446/3446 3445/3445/3445 3479/3479/3479
f 3445/3445/3445 3478/3478/3478 3479/3479/3479
f 3447/3447/3447 3446/3446/3446 3480/3480/3480
f 3446/3446/3446 3479/3479/3479 3480/3480/3480
f 3448/3448/3448 3447/3447/3447 3481/3481/3481
f 3447/3447/3447 3480/3480/3480 3481/3481/3481
f 3449/3449/3449 3448/3448/3448 3482/3482/3482
f 3448/3448/3448 3481/3481/3481 3482/3482/3482
f 3450/3450/3450 3449/3449/3449 3483/3483/3483
f 3449/3449/3449 3482/3482/3482 3483/3483/3483
f 3451/3451/3451 3450/3450/3450 3484/3484/3484
f 3450/3450/3450 3483/3483/3483 3484/3484/3484
f 3452/3452/3452 3451/3451/3451 3485/3485/3485
f 3451/3451/3451 3484/3484/3484 3485/3485/3485
f 3453/3453/3453 3452/3452/3452 3486/3486/3486
f 3452/3452/3452 3485/3485/3485 3486/3486/3486
f 3454/3454/3454 3453/3453/3453 3487/3487/3487
f 3453/3453/3453 3486/3486/3486 3487/3487/3487
f 3455/3455/3455 3454/3454/3454 3488/3488/3488
f 3454/3454/3454 3487/3487/3487 3488/3488/3488
f 3456/3456/3456 3455/3455/3455 3489/3489/3489
f 3455/3455/3455 3488/3488/3488 3489/3489/3489
f 3457/3457/3457 3456/3456/3456 3490/3490/3490
f 3456/3456/3456 3489/3489/3489 3490/3490/3490
f 3458/3458/3458 3457/3457/3457 3491/3491/3491
f 3457/3457/3457 3490/3490/3490 3491/3491/3491
f 3459/3459/3459 3458/3458/3458 3492/3492/3492
f 3458/3458/3458 3491/3491/3491 3492/3492/3492
f 3460/3460/3460 3459/3459/3459 3493/3493/3493
f 3459/3459/3459 3492/3492/3492 3493/3493/3493
f 3461/3461/3461 3460/3460/3460 3494/3494/3494
f 3460/3460/3460 3493/3493/3493 3494/3494/3494
f 3462/3462/3462 3461/3461/3461 3495/3495/3495
f 3461/3461/3461 3494/3494/3494 3495/3495/3495
f 3463/3463/3463 3462/3462/3462 3496/3496/3496
f 3462/3462/3462 3495/3495/3495 3496/3496/3496
f 3464/3464/3464 3463/3463/3463 3497/3497/3497
f 3463/3463/3463 3496/3496/3496 3497/3497/3497
f 3465/3465/3465 3464/3464/3464 3498/3498/3498
f 3464/3464/3464 3497/3497/3497 3498/3498/3498
f 3466/3466/3466 3465/3465/3465 3499/3499/3499
f 3465/3465/3465 3498/3498/3498 3499/3499/3499
f 3468/3468/3468 3467/3467/3467 3501/3501/3501
f 3467/3467/3467 3500/3500/3500 3501/3501/3501
f 3469/3469/3469 3468/3468/3468 3502/3502/3502
f 3468/3468/3468 3501/3501/3501 3502/3502/3502
f 3470/3470/3470 3469/3469/3469 3503/3503/3503
f 3469/3469/3469 3502/3502/3502 3503/3503/3503
f 3471/3471/3471 3470/3470/3470 3504/3504/3504
f 3470/3470/3470 3503/3503/3503 3504/3504/3504
f 3472/3472/3472 3471/3471/3471 3505/3505/3505
f 3471/3471/3471 3504/3504/3504 3505/3505/3505
f 3473/3473/3473 3472/3472/3472 3506/3506/3506
f 3472/3472/3472 3505/3505/3505 3506/3506/3506
f 3474/3474/3474 3473/3473/3473 3507/3507/3507
f 3473/3473/3473 3506/3506/3506 3507/3507/3507
f 3475/3475/3475 3474/3474/3474 3508/3508/3508
f 3474/3474/3474 3507/3507/3507 3508/3508/3508
f 3476/3476/3476 3475/3475/3475 3509/3509/3509
f 3475/3475/3475 3508/3508/3508 3509/3509/3509
f 3477/3477/3477 3476/3476/3476 3510/3510/3510
f 3476/3476/3476 3509/3509/3509 3510/3510/3510
f 3478/3478/3478 3477/3477/3477 3511/3511/3511
f 3477/3477/3477 3510/3510/3510 3511/3511/3511
f 3479/3479/3479 3478/3478/3478 3512/3512/3512
f 3478/3478/3478 3511/3511/3511 3512/3512/3512
f 3480/3480/3480 3479/3479/3479 3513/3513/3513
f 3479/3479/3479 3512/3512/3512 3513/3513/3513
f 3481/3481/3481 3480/3480/3480 3514/3514/3514
f 3480/3480/3480 3513/3513/3513 3514/3514/3514
f 3482/3482/3482 3481/3481/3481 3515/3515/3515
f 3481/3481/3481 3514/3514/3514 3515/3515/3515
f 3483/3483/3483 3482/3482/3482 3516/3516/3516
f 3482/3482/3482 3515/3515/3515 3516/3516/3516
f 3484/3484/3484 3483/3483/3483 3517/3517/3517
f 3483/3483/3483 3516/3516/3516 3517/3517/3517
f 3485/3485/3485 3484/3484/3484 3518/3518/3518
f 3484/3484/3484 3517/3517/3517 3518/3518/3518
f 3486/3486/3486 3485/3485/3485 3519/3519/3519
f 3485/3485/3485 3518/3518/3518 3519/3519/3519
f 3487/3487/3487 3486/3486/3486 3520/3520/3520
f 3486/3486/3486 3519/3519/3519 3520/3520/3520
f 3488/3488/3488 3487/3487/3487 3521/3521/3521
f 3487/3487/3487 3520/3520/3520 3521/3521/3521
f 3489/3489/3489 3488/3488/3488 3522/3522/3522
f 3488/3488/3488 3521/3521/3521 3522/3522/3522
f 3490/3490/3490 3489/3489/3489 3523/3523/3523
f 3489/3489/3489 3522/3522/3522 3523/3523/3523
f 3491/3491/3491 3490/3490/3490 3524/3524/3524
f 3490/3490/3490 3523/3523/3523 3524/3524/3524
f 3492/3492/3492 3491/3491/3491 3525/3525/3525
f 3491/3491/3491 3524/3524/3524 3525/3525/3525
f 3493/3493/3493 3492/3492/3492 3526/3526/3526
f 3492/3492/3492 3525/3525/3525 3526/3526/3526
f 3494/3494/3494 3493/3493/3493 3527/3527/3527
f 3493/3493/3493 3526/3526/3526 3527/3527/3527
f 3495/3495/3495 3494/3494/3494 3528/3528/3528
f 3494/3494/3494 3527/3527/3527 3528/3528/3528
f 3496/3496/3496 3495/3495/3495 3529/3529/3529
f 3495/3495/3495 3528/3528/3528 3529/3529/3529
f 3497/3497/3497 3496/3496/3496 3530/3530/3530
f 3496/3496/3496 3529/3529/3529 3530/3530/3530
f 3498/3498/3498 3497/3497/3497 3531/3531/3531
f 3497/3497/3497 3530/3530/3530 3531/3531/3531
f 3499/3499/3499 3498/3498/3498 3532/3532/3532
f 3498/3498/3498 3531/3531/3531 3532/3532/3532
f 3501/3501/3501 3500/3500/3500 3534/3534/3534
f 3502/3502/3502 3501/3501/3501 3535/3535/3535
f 3503/3503/3503 3502/3502/3502 3536/3536/3536
f 3504/3504/3504 3503/3503/3503 3537/3537/3537
f 3505/3505/3505 3504/3504/3504 3538/3538/3538
f 3506/3506/3506 3505/3505/3505 3539/3539/3539
f 3507/3507/3507 3506/3506/3506 3540/3540/3540
f 3508/3508/3508 3507/3507/3507 3541/3541/3541
f 3509/3509/3509 3508/3508/3508 3542/3542/3542
f 3510/3510/3510 3509/3509/3509 3543/3543/3543
f 3511/3511/3511 3510/3510/3510 3544/3544/3544
f 3512/3512/3512 3511/3511/3511 3545/3545/3545
f 3513/3513/3513 3512/3512/3512 3546/3546/3546
f 3514/3514/3514 3513/3513/3513 3547/3547/3547
f 3515/3515/3515 3514/3514/3514 3548/3548/3548
f 3516/3516/3516 3515/3515/3515 3549/3549/3549
f 3517/3517/3517 3516/3516/3516 3550/3550/3550
f 3518/3518/3518 3517/3517/3517 3551/3551/3551
f 3519/3519/3519 3518/3518/3518 3552/3552/3552
f 3520/3520/3520 3519/3519/3519 3553/3553/3553
f 3521/3521/3521 3520/3520/3520 3554/3554/3554
f 3522/3522/3522 3521/3521/3521 3555/3555/3555
f 3523/3523/3523 3522/3522/3522 3556/3556/3556
f 3524/3524/3524 3523/3523/3523 3557/3557/3557
f 3525/3525/3525 3524/3524/3524 3558/3558/3558
f 3526/3526/3526 3525/3525/3525 3559/3559/3559
f 3527/3527/3527 3526/3526/3526 3560/3560/3560
f 3528/3528/3528 3527/3527/3527 3561/3561/3561
f 3529/3529/3529 3528/3528/3528 3562/3562/3562
f 3530/3530/3530 3529/3529/3529 3563/3563/3563
f 3531/3531/3531 3530/3530/3530 3564/3564/3564
f 3532/3532/3532 3531/3531/3531 3565/3565/3565
